timestamp,TJ-00CB-0000048A-0000,TJ-00CB-0000047F-0000,TJ-00CB-0000047B-0000,TJ-00CB-00000480-0000,TJ-00CB-00000482-0000,TJ-00CB-00000477-0000,TJ-00CB-00000486-0000,TJ-00CB-00000488-0000,TJ-00CB-0000047D-0000,TJ-00CB-00000483-0000,TJ-00CB-00000481-0000
1763545166867,-100,-100,-100,-100,-100,-100,-100,-100,-100,-100,-100
1763545166892,-100,-100,-100,-100,-100,-100,-100,-100,-100,-100,-100
1763545166917,-100,-100,-100,-100,-100,-100,-100,-100,-100,-100,-100
1763545166942,-100,-100,-100,-100,-100,-100,-100,-100,-100,-100,-100
1763545166967,-100,-100,-100,-100,-100,-100,-100,-100,-100,-100,-100
1763545166992,-100,-100,-100,-100,-100,-100,-100,-100,-100,-100,-100
1763545167017,-100,-100,-100,-100,-100,-100,-100,-100,-100,-100,-100
1763545167042,-100,-100,-100,-100,-100,-100,-100,-100,-100,-100,-100
1763545167067,-100,-100,-100,-100,-100,-100,-100,-100,-100,-100,-100
1763545167092,-100,-100,-100,-100,-100,-100,-100,-100,-100,-100,-100
1763545167118,-100,-100,-100,-100,-100,-100,-100,-100,-100,-100,-100
1763545167143,-100,-100,-100,-100,-100,-100,-100,-100,-100,-100,-100
1763545167168,-100,-100,-100,-100,-100,-100,-100,-100,-100,-100,-100
1763545167193,-100,-100,-100,-100,-100,-100,-100,-100,-100,-100,-100
1763545167219,-100,-100,-100,-100,-100,-100,-100,-100,-100,-100,-100
1763545167244,-100,-100,-100,-100,-100,-100,-100,-100,-100,-100,-100
1763545167269,-100,-100,-100,-100,-100,-100,-100,-100,-100,-100,-100
1763545167294,-100,-100,-100,-100,-100,-100,-100,-100,-100,-100,-100
1763545167319,-100,-100,-100,-100,-100,-100,-100,-100,-100,-100,-100
1763545167344,-100,-79,-69,-79,-100,-78,-77,-100,-100,-74,-100
1763545167370,-100,-79,-69,-79,-100,-78,-77,-100,-100,-74,-100
1763545167395,-100,-79,-69,-79,-100,-78,-77,-100,-100,-74,-100
1763545167420,-100,-79,-69,-79,-100,-78,-77,-100,-100,-74,-100
1763545167445,-100,-79,-69,-79,-100,-78,-77,-100,-100,-74,-100
1763545167471,-100,-79,-69,-79,-100,-78,-77,-100,-100,-74,-100
1763545167495,-100,-79,-69,-79,-100,-78,-77,-100,-100,-74,-100
1763545167520,-100,-79,-69,-79,-100,-78,-77,-100,-100,-74,-100
1763545167546,-100,-79,-69,-79,-100,-78,-77,-100,-100,-74,-100
1763545167570,-100,-79,-69,-79,-100,-78,-77,-100,-100,-74,-100
1763545167596,-100,-79,-69,-79,-100,-78,-77,-100,-100,-74,-100
1763545167622,-100,-79,-69,-79,-100,-78,-77,-100,-100,-74,-100
1763545167647,-100,-79,-69,-79,-100,-78,-77,-100,-100,-74,-100
1763545167672,-100,-79,-69,-79,-100,-78,-77,-100,-100,-74,-100
1763545167697,-100,-79,-69,-79,-100,-78,-77,-100,-100,-74,-100
1763545167723,-100,-79,-69,-79,-100,-78,-77,-100,-100,-74,-100
1763545167749,-100,-79,-69,-79,-100,-78,-77,-100,-100,-74,-100
1763545167774,-100,-79,-69,-79,-100,-78,-77,-100,-100,-74,-100
1763545167800,-100,-79,-69,-79,-100,-78,-77,-100,-100,-74,-100
1763545167824,-100,-79,-69,-79,-100,-78,-77,-100,-100,-74,-100
1763545167849,-100,-79,-70,-80,-100,-76,-75,-100,-100,-74,-100
1763545167874,-100,-79,-70,-80,-100,-76,-75,-100,-100,-74,-100
1763545167900,-100,-79,-70,-80,-100,-76,-75,-100,-100,-74,-100
1763545167925,-100,-79,-70,-80,-100,-76,-75,-100,-100,-74,-100
1763545167951,-100,-79,-70,-80,-100,-76,-75,-100,-100,-74,-100
1763545167978,-100,-79,-70,-80,-100,-76,-75,-100,-100,-74,-100
1763545168004,-100,-79,-70,-80,-100,-76,-75,-100,-100,-74,-100
1763545168029,-100,-79,-70,-80,-100,-76,-75,-100,-100,-74,-100
1763545168054,-100,-79,-70,-80,-100,-76,-75,-100,-100,-74,-100
1763545168079,-100,-79,-70,-80,-100,-76,-75,-100,-100,-74,-100
1763545168104,-100,-79,-70,-80,-100,-76,-75,-100,-100,-74,-100
1763545168130,-100,-79,-70,-80,-100,-76,-75,-100,-100,-74,-100
1763545168155,-100,-79,-70,-80,-100,-76,-75,-100,-100,-74,-100
1763545168180,-100,-79,-70,-80,-100,-76,-75,-100,-100,-74,-100
1763545168205,-100,-79,-70,-80,-100,-76,-75,-100,-100,-74,-100
1763545168234,-100,-79,-70,-80,-100,-76,-75,-100,-100,-74,-100
1763545168259,-100,-79,-70,-80,-100,-76,-75,-100,-100,-74,-100
1763545168285,-100,-79,-70,-80,-100,-76,-75,-100,-100,-74,-100
1763545168310,-100,-79,-70,-80,-100,-76,-75,-100,-100,-74,-100
1763545168335,-100,-79,-70,-80,-100,-76,-75,-100,-100,-74,-100
1763545168360,-83,-86,-70,-79,-100,-71,-73,-100,-86,-71,-100
1763545168385,-83,-86,-70,-79,-100,-71,-73,-100,-86,-71,-100
1763545168410,-83,-86,-70,-79,-100,-71,-73,-100,-86,-71,-100
1763545168435,-83,-86,-70,-79,-100,-71,-73,-100,-86,-71,-100
1763545168460,-83,-86,-70,-79,-100,-71,-73,-100,-86,-71,-100
1763545168485,-83,-86,-70,-79,-100,-71,-73,-100,-86,-71,-100
1763545168510,-83,-86,-70,-79,-100,-71,-73,-100,-86,-71,-100
1763545168535,-83,-86,-70,-79,-100,-71,-73,-100,-86,-71,-100
1763545168561,-83,-86,-70,-79,-100,-71,-73,-100,-86,-71,-100
1763545168586,-83,-86,-70,-79,-100,-71,-73,-100,-86,-71,-100
1763545168611,-83,-86,-70,-79,-100,-71,-73,-100,-86,-71,-100
1763545168637,-83,-86,-70,-79,-100,-71,-73,-100,-86,-71,-100
1763545168662,-83,-86,-70,-79,-100,-71,-73,-100,-86,-71,-100
1763545168687,-83,-86,-70,-79,-100,-71,-73,-100,-86,-71,-100
1763545168712,-83,-86,-70,-79,-100,-71,-73,-100,-86,-71,-100
1763545168737,-83,-86,-70,-79,-100,-71,-73,-100,-86,-71,-100
1763545168762,-83,-86,-70,-79,-100,-71,-73,-100,-86,-71,-100
1763545168788,-83,-86,-70,-79,-100,-71,-73,-100,-86,-71,-100
1763545168813,-83,-86,-70,-79,-100,-71,-73,-100,-86,-71,-100
1763545168838,-83,-86,-70,-79,-100,-71,-73,-100,-86,-71,-100
1763545168863,-79,-79,-70,-77,-100,-67,-72,-100,-84,-70,-100
1763545168888,-79,-79,-70,-77,-100,-67,-72,-100,-84,-70,-100
1763545168913,-79,-79,-70,-77,-100,-67,-72,-100,-84,-70,-100
1763545168939,-79,-79,-70,-77,-100,-67,-72,-100,-84,-70,-100
1763545168964,-79,-79,-70,-77,-100,-67,-72,-100,-84,-70,-100
1763545168989,-79,-79,-70,-77,-100,-67,-72,-100,-84,-70,-100
1763545169014,-79,-79,-70,-77,-100,-67,-72,-100,-84,-70,-100
1763545169039,-79,-79,-70,-77,-100,-67,-72,-100,-84,-70,-100
1763545169065,-79,-79,-70,-77,-100,-67,-72,-100,-84,-70,-100
1763545169090,-79,-79,-70,-77,-100,-67,-72,-100,-84,-70,-100
1763545169115,-79,-79,-70,-77,-100,-67,-72,-100,-84,-70,-100
1763545169140,-79,-79,-70,-77,-100,-67,-72,-100,-84,-70,-100
1763545169165,-79,-79,-70,-77,-100,-67,-72,-100,-84,-70,-100
1763545169190,-79,-79,-70,-77,-100,-67,-72,-100,-84,-70,-100
1763545169215,-79,-79,-70,-77,-100,-67,-72,-100,-84,-70,-100
1763545169240,-79,-79,-70,-77,-100,-67,-72,-100,-84,-70,-100
1763545169265,-79,-79,-70,-77,-100,-67,-72,-100,-84,-70,-100
1763545169290,-79,-79,-70,-77,-100,-67,-72,-100,-84,-70,-100
1763545169315,-79,-79,-70,-77,-100,-67,-72,-100,-84,-70,-100
1763545169340,-79,-79,-70,-77,-100,-67,-72,-100,-84,-70,-100
1763545169365,-77,-77,-69,-76,-100,-66,-73,-82,-82,-71,-100
1763545169392,-77,-77,-69,-76,-100,-66,-73,-82,-82,-71,-100
1763545169417,-77,-77,-69,-76,-100,-66,-73,-82,-82,-71,-100
1763545169442,-77,-77,-69,-76,-100,-66,-73,-82,-82,-71,-100
1763545169471,-77,-77,-69,-76,-100,-66,-73,-82,-82,-71,-100
1763545169496,-77,-77,-69,-76,-100,-66,-73,-82,-82,-71,-100
1763545169521,-77,-77,-69,-76,-100,-66,-73,-82,-82,-71,-100
1763545169546,-77,-77,-69,-76,-100,-66,-73,-82,-82,-71,-100
1763545169571,-77,-77,-69,-76,-100,-66,-73,-82,-82,-71,-100
1763545169596,-77,-77,-69,-76,-100,-66,-73,-82,-82,-71,-100
1763545169621,-77,-77,-69,-76,-100,-66,-73,-82,-82,-71,-100
1763545169646,-77,-77,-69,-76,-100,-66,-73,-82,-82,-71,-100
1763545169671,-77,-77,-69,-76,-100,-66,-73,-82,-82,-71,-100
1763545169697,-77,-77,-69,-76,-100,-66,-73,-82,-82,-71,-100
1763545169723,-77,-77,-69,-76,-100,-66,-73,-82,-82,-71,-100
1763545169748,-77,-77,-69,-76,-100,-66,-73,-82,-82,-71,-100
1763545169773,-77,-77,-69,-76,-100,-66,-73,-82,-82,-71,-100
1763545169798,-77,-77,-69,-76,-100,-66,-73,-82,-82,-71,-100
1763545169823,-77,-77,-69,-76,-100,-66,-73,-82,-82,-71,-100
1763545169848,-76,-76,-70,-76,-100,-67,-76,-82,-80,-75,-100
1763545169873,-76,-76,-70,-76,-100,-67,-76,-82,-80,-75,-100
1763545169898,-76,-76,-70,-76,-100,-67,-76,-82,-80,-75,-100
1763545169923,-76,-76,-70,-76,-100,-67,-76,-82,-80,-75,-100
1763545169948,-76,-76,-70,-76,-100,-67,-76,-82,-80,-75,-100
1763545169973,-76,-76,-70,-76,-100,-67,-76,-82,-80,-75,-100
1763545169998,-76,-76,-70,-76,-100,-67,-76,-82,-80,-75,-100
1763545170023,-76,-76,-70,-76,-100,-67,-76,-82,-80,-75,-100
1763545170048,-76,-76,-70,-76,-100,-67,-76,-82,-80,-75,-100
1763545170074,-76,-76,-70,-76,-100,-67,-76,-82,-80,-75,-100
1763545170098,-76,-76,-70,-76,-100,-67,-76,-82,-80,-75,-100
1763545170123,-76,-76,-70,-76,-100,-67,-76,-82,-80,-75,-100
1763545170148,-76,-76,-70,-76,-100,-67,-76,-82,-80,-75,-100
1763545170174,-76,-76,-70,-76,-100,-67,-76,-82,-80,-75,-100
1763545170199,-76,-76,-70,-76,-100,-67,-76,-82,-80,-75,-100
1763545170224,-76,-76,-70,-76,-100,-67,-76,-82,-80,-75,-100
1763545170250,-76,-76,-70,-76,-100,-67,-76,-82,-80,-75,-100
1763545170275,-76,-76,-70,-76,-100,-67,-76,-82,-80,-75,-100
1763545170301,-76,-76,-70,-76,-100,-67,-76,-82,-80,-75,-100
1763545170326,-76,-76,-70,-76,-100,-67,-76,-82,-80,-75,-100
1763545170351,-83,-79,-70,-78,-100,-68,-75,-83,-79,-76,-87
1763545170376,-83,-79,-70,-78,-100,-68,-75,-83,-79,-76,-87
1763545170401,-83,-79,-70,-78,-100,-68,-75,-83,-79,-76,-87
1763545170426,-83,-79,-70,-78,-100,-68,-75,-83,-79,-76,-87
1763545170452,-83,-79,-70,-78,-100,-68,-75,-83,-79,-76,-87
1763545170476,-83,-79,-70,-78,-100,-68,-75,-83,-79,-76,-87
1763545170501,-83,-79,-70,-78,-100,-68,-75,-83,-79,-76,-87
1763545170526,-83,-79,-70,-78,-100,-68,-75,-83,-79,-76,-87
1763545170551,-83,-79,-70,-78,-100,-68,-75,-83,-79,-76,-87
1763545170577,-83,-79,-70,-78,-100,-68,-75,-83,-79,-76,-87
1763545170602,-83,-79,-70,-78,-100,-68,-75,-83,-79,-76,-87
1763545170628,-83,-79,-70,-78,-100,-68,-75,-83,-79,-76,-87
1763545170653,-83,-79,-70,-78,-100,-68,-75,-83,-79,-76,-87
1763545170678,-83,-79,-70,-78,-100,-68,-75,-83,-79,-76,-87
1763545170703,-83,-79,-70,-78,-100,-68,-75,-83,-79,-76,-87
1763545170728,-83,-79,-70,-78,-100,-68,-75,-83,-79,-76,-87
1763545170753,-83,-79,-70,-78,-100,-68,-75,-83,-79,-76,-87
1763545170778,-83,-79,-70,-78,-100,-68,-75,-83,-79,-76,-87
1763545170803,-83,-79,-70,-78,-100,-68,-75,-83,-79,-76,-87
1763545170828,-83,-79,-70,-78,-100,-68,-75,-83,-79,-76,-87
1763545170853,-82,-80,-70,-78,-100,-67,-73,-78,-79,-74,-87
1763545170879,-82,-80,-70,-78,-100,-67,-73,-78,-79,-74,-87
1763545170904,-82,-80,-70,-78,-100,-67,-73,-78,-79,-74,-87
1763545170930,-82,-80,-70,-78,-100,-67,-73,-78,-79,-74,-87
1763545170955,-82,-80,-70,-78,-100,-67,-73,-78,-79,-74,-87
1763545170981,-82,-80,-70,-78,-100,-67,-73,-78,-79,-74,-87
1763545171006,-82,-80,-70,-78,-100,-67,-73,-78,-79,-74,-87
1763545171031,-82,-80,-70,-78,-100,-67,-73,-78,-79,-74,-87
1763545171056,-82,-80,-70,-78,-100,-67,-73,-78,-79,-74,-87
1763545171081,-82,-80,-70,-78,-100,-67,-73,-78,-79,-74,-87
1763545171106,-82,-80,-70,-78,-100,-67,-73,-78,-79,-74,-87
1763545171131,-82,-80,-70,-78,-100,-67,-73,-78,-79,-74,-87
1763545171157,-82,-80,-70,-78,-100,-67,-73,-78,-79,-74,-87
1763545171181,-82,-80,-70,-78,-100,-67,-73,-78,-79,-74,-87
1763545171206,-82,-80,-70,-78,-100,-67,-73,-78,-79,-74,-87
1763545171231,-82,-80,-70,-78,-100,-67,-73,-78,-79,-74,-87
1763545171256,-82,-80,-70,-78,-100,-67,-73,-78,-79,-74,-87
1763545171281,-82,-80,-70,-78,-100,-67,-73,-78,-79,-74,-87
1763545171306,-82,-80,-70,-78,-100,-67,-73,-78,-79,-74,-87
1763545171331,-82,-80,-70,-78,-100,-67,-73,-78,-79,-74,-87
1763545171356,-83,-80,-69,-77,-100,-67,-70,-77,-81,-72,-100
1763545171382,-83,-80,-69,-77,-100,-67,-70,-77,-81,-72,-100
1763545171407,-83,-80,-69,-77,-100,-67,-70,-77,-81,-72,-100
1763545171432,-83,-80,-69,-77,-100,-67,-70,-77,-81,-72,-100
1763545171457,-83,-80,-69,-77,-100,-67,-70,-77,-81,-72,-100
1763545171482,-83,-80,-69,-77,-100,-67,-70,-77,-81,-72,-100
1763545171507,-83,-80,-69,-77,-100,-67,-70,-77,-81,-72,-100
1763545171532,-83,-80,-69,-77,-100,-67,-70,-77,-81,-72,-100
1763545171557,-83,-80,-69,-77,-100,-67,-70,-77,-81,-72,-100
1763545171582,-83,-80,-69,-77,-100,-67,-70,-77,-81,-72,-100
1763545171607,-83,-80,-69,-77,-100,-67,-70,-77,-81,-72,-100
1763545171632,-83,-80,-69,-77,-100,-67,-70,-77,-81,-72,-100
1763545171657,-83,-80,-69,-77,-100,-67,-70,-77,-81,-72,-100
1763545171683,-83,-80,-69,-77,-100,-67,-70,-77,-81,-72,-100
1763545171707,-83,-80,-69,-77,-100,-67,-70,-77,-81,-72,-100
1763545171732,-83,-80,-69,-77,-100,-67,-70,-77,-81,-72,-100
1763545171757,-83,-80,-69,-77,-100,-67,-70,-77,-81,-72,-100
1763545171782,-83,-80,-69,-77,-100,-67,-70,-77,-81,-72,-100
1763545171807,-83,-80,-69,-77,-100,-67,-70,-77,-81,-72,-100
1763545171832,-83,-80,-69,-77,-100,-67,-70,-77,-81,-72,-100
1763545171858,-82,-80,-71,-77,-90,-66,-70,-77,-80,-73,-100
1763545171884,-82,-80,-71,-77,-90,-66,-70,-77,-80,-73,-100
1763545171908,-82,-80,-71,-77,-90,-66,-70,-77,-80,-73,-100
1763545171933,-82,-80,-71,-77,-90,-66,-70,-77,-80,-73,-100
1763545171958,-82,-80,-71,-77,-90,-66,-70,-77,-80,-73,-100
1763545171984,-82,-80,-71,-77,-90,-66,-70,-77,-80,-73,-100
1763545172009,-82,-80,-71,-77,-90,-66,-70,-77,-80,-73,-100
1763545172035,-82,-80,-71,-77,-90,-66,-70,-77,-80,-73,-100
1763545172059,-82,-80,-71,-77,-90,-66,-70,-77,-80,-73,-100
1763545172084,-82,-80,-71,-77,-90,-66,-70,-77,-80,-73,-100
1763545172109,-82,-80,-71,-77,-90,-66,-70,-77,-80,-73,-100
1763545172134,-82,-80,-71,-77,-90,-66,-70,-77,-80,-73,-100
1763545172160,-82,-80,-71,-77,-90,-66,-70,-77,-80,-73,-100
1763545172184,-82,-80,-71,-77,-90,-66,-70,-77,-80,-73,-100
1763545172210,-82,-80,-71,-77,-90,-66,-70,-77,-80,-73,-100
1763545172235,-82,-80,-71,-77,-90,-66,-70,-77,-80,-73,-100
1763545172260,-82,-80,-71,-77,-90,-66,-70,-77,-80,-73,-100
1763545172285,-82,-80,-71,-77,-90,-66,-70,-77,-80,-73,-100
1763545172311,-82,-80,-71,-77,-90,-66,-70,-77,-80,-73,-100
1763545172336,-82,-80,-71,-77,-90,-66,-70,-77,-80,-73,-100
1763545172361,-77,-74,-70,-76,-90,-68,-69,-78,-78,-72,-100
1763545172386,-77,-74,-70,-76,-90,-68,-69,-78,-78,-72,-100
1763545172411,-77,-74,-70,-76,-90,-68,-69,-78,-78,-72,-100
1763545172437,-77,-74,-70,-76,-90,-68,-69,-78,-78,-72,-100
1763545172462,-77,-74,-70,-76,-90,-68,-69,-78,-78,-72,-100
1763545172487,-77,-74,-70,-76,-90,-68,-69,-78,-78,-72,-100
1763545172513,-77,-74,-70,-76,-90,-68,-69,-78,-78,-72,-100
1763545172538,-77,-74,-70,-76,-90,-68,-69,-78,-78,-72,-100
1763545172563,-77,-74,-70,-76,-90,-68,-69,-78,-78,-72,-100
1763545172588,-77,-74,-70,-76,-90,-68,-69,-78,-78,-72,-100
1763545172614,-77,-74,-70,-76,-90,-68,-69,-78,-78,-72,-100
1763545172639,-77,-74,-70,-76,-90,-68,-69,-78,-78,-72,-100
1763545172665,-77,-74,-70,-76,-90,-68,-69,-78,-78,-72,-100
1763545172690,-77,-74,-70,-76,-90,-68,-69,-78,-78,-72,-100
1763545172716,-77,-74,-70,-76,-90,-68,-69,-78,-78,-72,-100
1763545172742,-77,-74,-70,-76,-90,-68,-69,-78,-78,-72,-100
1763545172767,-77,-74,-70,-76,-90,-68,-69,-78,-78,-72,-100
1763545172792,-77,-74,-70,-76,-90,-68,-69,-78,-78,-72,-100
1763545172817,-77,-74,-70,-76,-90,-68,-69,-78,-78,-72,-100
1763545172842,-77,-74,-70,-76,-90,-68,-69,-78,-78,-72,-100
1763545172867,-75,-75,-69,-74,-84,-66,-67,-100,-79,-72,-95
1763545172892,-75,-75,-69,-74,-84,-66,-67,-100,-79,-72,-95
1763545172918,-75,-75,-69,-74,-84,-66,-67,-100,-79,-72,-95
1763545172943,-75,-75,-69,-74,-84,-66,-67,-100,-79,-72,-95
1763545172968,-75,-75,-69,-74,-84,-66,-67,-100,-79,-72,-95
1763545172994,-75,-75,-69,-74,-84,-66,-67,-100,-79,-72,-95
1763545173019,-75,-75,-69,-74,-84,-66,-67,-100,-79,-72,-95
1763545173045,-75,-75,-69,-74,-84,-66,-67,-100,-79,-72,-95
1763545173070,-75,-75,-69,-74,-84,-66,-67,-100,-79,-72,-95
1763545173095,-75,-75,-69,-74,-84,-66,-67,-100,-79,-72,-95
1763545173120,-75,-75,-69,-74,-84,-66,-67,-100,-79,-72,-95
1763545173145,-75,-75,-69,-74,-84,-66,-67,-100,-79,-72,-95
1763545173171,-75,-75,-69,-74,-84,-66,-67,-100,-79,-72,-95
1763545173196,-75,-75,-69,-74,-84,-66,-67,-100,-79,-72,-95
1763545173221,-75,-75,-69,-74,-84,-66,-67,-100,-79,-72,-95
1763545173246,-75,-75,-69,-74,-84,-66,-67,-100,-79,-72,-95
1763545173271,-75,-75,-69,-74,-84,-66,-67,-100,-79,-72,-95
1763545173297,-75,-75,-69,-74,-84,-66,-67,-100,-79,-72,-95
1763545173321,-75,-75,-69,-74,-84,-66,-67,-100,-79,-72,-95
1763545173350,-75,-76,-71,-72,-83,-63,-71,-83,-79,-71,-95
1763545173376,-75,-76,-71,-72,-83,-63,-71,-83,-79,-71,-95
1763545173400,-75,-76,-71,-72,-83,-63,-71,-83,-79,-71,-95
1763545173425,-75,-76,-71,-72,-83,-63,-71,-83,-79,-71,-95
1763545173450,-75,-76,-71,-72,-83,-63,-71,-83,-79,-71,-95
1763545173475,-75,-76,-71,-72,-83,-63,-71,-83,-79,-71,-95
1763545173500,-75,-76,-71,-72,-83,-63,-71,-83,-79,-71,-95
1763545173525,-75,-76,-71,-72,-83,-63,-71,-83,-79,-71,-95
1763545173551,-75,-76,-71,-72,-83,-63,-71,-83,-79,-71,-95
1763545173578,-75,-76,-71,-72,-83,-63,-71,-83,-79,-71,-95
1763545173605,-75,-76,-71,-72,-83,-63,-71,-83,-79,-71,-95
1763545173630,-75,-76,-71,-72,-83,-63,-71,-83,-79,-71,-95
1763545173654,-75,-76,-71,-72,-83,-63,-71,-83,-79,-71,-95
1763545173679,-75,-76,-71,-72,-83,-63,-71,-83,-79,-71,-95
1763545173704,-75,-76,-71,-72,-83,-63,-71,-83,-79,-71,-95
1763545173730,-75,-76,-71,-72,-83,-63,-71,-83,-79,-71,-95
1763545173755,-75,-76,-71,-72,-83,-63,-71,-83,-79,-71,-95
1763545173781,-75,-76,-71,-72,-83,-63,-71,-83,-79,-71,-95
1763545173806,-75,-76,-71,-72,-83,-63,-71,-83,-79,-71,-95
1763545173832,-75,-76,-71,-72,-83,-63,-71,-83,-79,-71,-95
1763545173856,-75,-76,-72,-73,-79,-62,-73,-83,-81,-69,-95
1763545173881,-75,-76,-72,-73,-79,-62,-73,-83,-81,-69,-95
1763545173906,-75,-76,-72,-73,-79,-62,-73,-83,-81,-69,-95
1763545173931,-75,-76,-72,-73,-79,-62,-73,-83,-81,-69,-95
1763545173957,-75,-76,-72,-73,-79,-62,-73,-83,-81,-69,-95
1763545173982,-75,-76,-72,-73,-79,-62,-73,-83,-81,-69,-95
1763545174007,-75,-76,-72,-73,-79,-62,-73,-83,-81,-69,-95
1763545174032,-75,-76,-72,-73,-79,-62,-73,-83,-81,-69,-95
1763545174057,-75,-76,-72,-73,-79,-62,-73,-83,-81,-69,-95
1763545174082,-75,-76,-72,-73,-79,-62,-73,-83,-81,-69,-95
1763545174107,-75,-76,-72,-73,-79,-62,-73,-83,-81,-69,-95
1763545174132,-75,-76,-72,-73,-79,-62,-73,-83,-81,-69,-95
1763545174157,-75,-76,-72,-73,-79,-62,-73,-83,-81,-69,-95
1763545174182,-75,-76,-72,-73,-79,-62,-73,-83,-81,-69,-95
1763545174207,-75,-76,-72,-73,-79,-62,-73,-83,-81,-69,-95
1763545174232,-75,-76,-72,-73,-79,-62,-73,-83,-81,-69,-95
1763545174257,-75,-76,-72,-73,-79,-62,-73,-83,-81,-69,-95
1763545174282,-75,-76,-72,-73,-79,-62,-73,-83,-81,-69,-95
1763545174307,-75,-76,-72,-73,-79,-62,-73,-83,-81,-69,-95
1763545174332,-75,-76,-72,-73,-79,-62,-73,-83,-81,-69,-95
1763545174357,-75,-80,-70,-74,-80,-65,-68,-100,-82,-65,-100
1763545174382,-75,-80,-70,-74,-80,-65,-68,-100,-82,-65,-100
1763545174407,-75,-80,-70,-74,-80,-65,-68,-100,-82,-65,-100
1763545174432,-75,-80,-70,-74,-80,-65,-68,-100,-82,-65,-100
1763545174457,-75,-80,-70,-74,-80,-65,-68,-100,-82,-65,-100
1763545174482,-75,-80,-70,-74,-80,-65,-68,-100,-82,-65,-100
1763545174507,-75,-80,-70,-74,-80,-65,-68,-100,-82,-65,-100
1763545174532,-75,-80,-70,-74,-80,-65,-68,-100,-82,-65,-100
1763545174558,-75,-80,-70,-74,-80,-65,-68,-100,-82,-65,-100
1763545174583,-75,-80,-70,-74,-80,-65,-68,-100,-82,-65,-100
1763545174608,-75,-80,-70,-74,-80,-65,-68,-100,-82,-65,-100
1763545174633,-75,-80,-70,-74,-80,-65,-68,-100,-82,-65,-100
1763545174658,-75,-80,-70,-74,-80,-65,-68,-100,-82,-65,-100
1763545174683,-75,-80,-70,-74,-80,-65,-68,-100,-82,-65,-100
1763545174709,-75,-80,-70,-74,-80,-65,-68,-100,-82,-65,-100
1763545174734,-75,-80,-70,-74,-80,-65,-68,-100,-82,-65,-100
1763545174759,-75,-80,-70,-74,-80,-65,-68,-100,-82,-65,-100
1763545174784,-75,-80,-70,-74,-80,-65,-68,-100,-82,-65,-100
1763545174809,-75,-80,-70,-74,-80,-65,-68,-100,-82,-65,-100
1763545174834,-75,-80,-70,-74,-80,-65,-68,-100,-82,-65,-100
1763545174859,-75,-79,-70,-73,-79,-64,-71,-100,-79,-66,-89
1763545174885,-75,-79,-70,-73,-79,-64,-71,-100,-79,-66,-89
1763545174910,-75,-79,-70,-73,-79,-64,-71,-100,-79,-66,-89
1763545174935,-75,-79,-70,-73,-79,-64,-71,-100,-79,-66,-89
1763545174960,-75,-79,-70,-73,-79,-64,-71,-100,-79,-66,-89
1763545174985,-75,-79,-70,-73,-79,-64,-71,-100,-79,-66,-89
1763545175010,-75,-79,-70,-73,-79,-64,-71,-100,-79,-66,-89
1763545175036,-75,-79,-70,-73,-79,-64,-71,-100,-79,-66,-89
1763545175061,-75,-79,-70,-73,-79,-64,-71,-100,-79,-66,-89
1763545175086,-75,-79,-70,-73,-79,-64,-71,-100,-79,-66,-89
1763545175111,-75,-79,-70,-73,-79,-64,-71,-100,-79,-66,-89
1763545175136,-75,-79,-70,-73,-79,-64,-71,-100,-79,-66,-89
1763545175161,-75,-79,-70,-73,-79,-64,-71,-100,-79,-66,-89
1763545175186,-75,-79,-70,-73,-79,-64,-71,-100,-79,-66,-89
1763545175211,-75,-79,-70,-73,-79,-64,-71,-100,-79,-66,-89
1763545175236,-75,-79,-70,-73,-79,-64,-71,-100,-79,-66,-89
1763545175261,-75,-79,-70,-73,-79,-64,-71,-100,-79,-66,-89
1763545175287,-75,-79,-70,-73,-79,-64,-71,-100,-79,-66,-89
1763545175312,-75,-79,-70,-73,-79,-64,-71,-100,-79,-66,-89
1763545175338,-75,-79,-70,-73,-79,-64,-71,-100,-79,-66,-89
1763545175363,-76,-79,-71,-72,-79,-62,-69,-90,-78,-66,-89
1763545175388,-76,-79,-71,-72,-79,-62,-69,-90,-78,-66,-89
1763545175413,-76,-79,-71,-72,-79,-62,-69,-90,-78,-66,-89
1763545175438,-76,-79,-71,-72,-79,-62,-69,-90,-78,-66,-89
1763545175463,-76,-79,-71,-72,-79,-62,-69,-90,-78,-66,-89
1763545175489,-76,-79,-71,-72,-79,-62,-69,-90,-78,-66,-89
1763545175514,-76,-79,-71,-72,-79,-62,-69,-90,-78,-66,-89
1763545175539,-76,-79,-71,-72,-79,-62,-69,-90,-78,-66,-89
1763545175565,-76,-79,-71,-72,-79,-62,-69,-90,-78,-66,-89
1763545175590,-76,-79,-71,-72,-79,-62,-69,-90,-78,-66,-89
1763545175616,-76,-79,-71,-72,-79,-62,-69,-90,-78,-66,-89
1763545175641,-76,-79,-71,-72,-79,-62,-69,-90,-78,-66,-89
1763545175667,-76,-79,-71,-72,-79,-62,-69,-90,-78,-66,-89
1763545175692,-76,-79,-71,-72,-79,-62,-69,-90,-78,-66,-89
1763545175718,-76,-79,-71,-72,-79,-62,-69,-90,-78,-66,-89
1763545175743,-76,-79,-71,-72,-79,-62,-69,-90,-78,-66,-89
1763545175768,-76,-79,-71,-72,-79,-62,-69,-90,-78,-66,-89
1763545175794,-76,-79,-71,-72,-79,-62,-69,-90,-78,-66,-89
1763545175819,-76,-79,-71,-72,-79,-62,-69,-90,-78,-66,-89
1763545175844,-76,-79,-71,-72,-79,-62,-69,-90,-78,-66,-89
1763545175869,-76,-80,-77,-73,-83,-62,-67,-86,-78,-65,-100
1763545175895,-76,-80,-77,-73,-83,-62,-67,-86,-78,-65,-100
1763545175920,-76,-80,-77,-73,-83,-62,-67,-86,-78,-65,-100
1763545175945,-76,-80,-77,-73,-83,-62,-67,-86,-78,-65,-100
1763545175970,-76,-80,-77,-73,-83,-62,-67,-86,-78,-65,-100
1763545175995,-76,-80,-77,-73,-83,-62,-67,-86,-78,-65,-100
1763545176020,-76,-80,-77,-73,-83,-62,-67,-86,-78,-65,-100
1763545176045,-76,-80,-77,-73,-83,-62,-67,-86,-78,-65,-100
1763545176070,-76,-80,-77,-73,-83,-62,-67,-86,-78,-65,-100
1763545176095,-76,-80,-77,-73,-83,-62,-67,-86,-78,-65,-100
1763545176120,-76,-80,-77,-73,-83,-62,-67,-86,-78,-65,-100
1763545176145,-76,-80,-77,-73,-83,-62,-67,-86,-78,-65,-100
1763545176170,-76,-80,-77,-73,-83,-62,-67,-86,-78,-65,-100
1763545176195,-76,-80,-77,-73,-83,-62,-67,-86,-78,-65,-100
1763545176221,-76,-80,-77,-73,-83,-62,-67,-86,-78,-65,-100
1763545176246,-76,-80,-77,-73,-83,-62,-67,-86,-78,-65,-100
1763545176271,-76,-80,-77,-73,-83,-62,-67,-86,-78,-65,-100
1763545176297,-76,-80,-77,-73,-83,-62,-67,-86,-78,-65,-100
1763545176322,-76,-80,-77,-73,-83,-62,-67,-86,-78,-65,-100
1763545176347,-76,-80,-77,-73,-83,-62,-67,-86,-78,-65,-100
1763545176373,-77,-75,-79,-74,-83,-60,-69,-84,-77,-66,-100
1763545176399,-77,-75,-79,-74,-83,-60,-69,-84,-77,-66,-100
1763545176425,-77,-75,-79,-74,-83,-60,-69,-84,-77,-66,-100
1763545176450,-77,-75,-79,-74,-83,-60,-69,-84,-77,-66,-100
1763545176475,-77,-75,-79,-74,-83,-60,-69,-84,-77,-66,-100
1763545176500,-77,-75,-79,-74,-83,-60,-69,-84,-77,-66,-100
1763545176525,-77,-75,-79,-74,-83,-60,-69,-84,-77,-66,-100
1763545176550,-77,-75,-79,-74,-83,-60,-69,-84,-77,-66,-100
1763545176575,-77,-75,-79,-74,-83,-60,-69,-84,-77,-66,-100
1763545176600,-77,-75,-79,-74,-83,-60,-69,-84,-77,-66,-100
1763545176625,-77,-75,-79,-74,-83,-60,-69,-84,-77,-66,-100
1763545176650,-77,-75,-79,-74,-83,-60,-69,-84,-77,-66,-100
1763545176675,-77,-75,-79,-74,-83,-60,-69,-84,-77,-66,-100
1763545176701,-77,-75,-79,-74,-83,-60,-69,-84,-77,-66,-100
1763545176726,-77,-75,-79,-74,-83,-60,-69,-84,-77,-66,-100
1763545176751,-77,-75,-79,-74,-83,-60,-69,-84,-77,-66,-100
1763545176776,-77,-75,-79,-74,-83,-60,-69,-84,-77,-66,-100
1763545176801,-77,-75,-79,-74,-83,-60,-69,-84,-77,-66,-100
1763545176827,-77,-75,-79,-74,-83,-60,-69,-84,-77,-66,-100
1763545176854,-77,-75,-79,-74,-83,-60,-69,-84,-77,-66,-100
1763545176878,-78,-72,-81,-78,-100,-59,-71,-83,-75,-70,-100
1763545176903,-78,-72,-81,-78,-100,-59,-71,-83,-75,-70,-100
1763545176928,-78,-72,-81,-78,-100,-59,-71,-83,-75,-70,-100
1763545176953,-78,-72,-81,-78,-100,-59,-71,-83,-75,-70,-100
1763545176978,-78,-72,-81,-78,-100,-59,-71,-83,-75,-70,-100
1763545177003,-78,-72,-81,-78,-100,-59,-71,-83,-75,-70,-100
1763545177029,-78,-72,-81,-78,-100,-59,-71,-83,-75,-70,-100
1763545177054,-78,-72,-81,-78,-100,-59,-71,-83,-75,-70,-100
1763545177079,-78,-72,-81,-78,-100,-59,-71,-83,-75,-70,-100
1763545177104,-78,-72,-81,-78,-100,-59,-71,-83,-75,-70,-100
1763545177129,-78,-72,-81,-78,-100,-59,-71,-83,-75,-70,-100
1763545177154,-78,-72,-81,-78,-100,-59,-71,-83,-75,-70,-100
1763545177179,-78,-72,-81,-78,-100,-59,-71,-83,-75,-70,-100
1763545177204,-78,-72,-81,-78,-100,-59,-71,-83,-75,-70,-100
1763545177230,-78,-72,-81,-78,-100,-59,-71,-83,-75,-70,-100
1763545177255,-78,-72,-81,-78,-100,-59,-71,-83,-75,-70,-100
1763545177280,-78,-72,-81,-78,-100,-59,-71,-83,-75,-70,-100
1763545177305,-78,-72,-81,-78,-100,-59,-71,-83,-75,-70,-100
1763545177330,-78,-72,-81,-78,-100,-59,-71,-83,-75,-70,-100
1763545177356,-79,-71,-81,-81,-100,-58,-75,-79,-74,-71,-100
1763545177381,-79,-71,-81,-81,-100,-58,-75,-79,-74,-71,-100
1763545177406,-79,-71,-81,-81,-100,-58,-75,-79,-74,-71,-100
1763545177431,-79,-71,-81,-81,-100,-58,-75,-79,-74,-71,-100
1763545177456,-79,-71,-81,-81,-100,-58,-75,-79,-74,-71,-100
1763545177481,-79,-71,-81,-81,-100,-58,-75,-79,-74,-71,-100
1763545177507,-79,-71,-81,-81,-100,-58,-75,-79,-74,-71,-100
1763545177531,-79,-71,-81,-81,-100,-58,-75,-79,-74,-71,-100
1763545177556,-79,-71,-81,-81,-100,-58,-75,-79,-74,-71,-100
1763545177581,-79,-71,-81,-81,-100,-58,-75,-79,-74,-71,-100
1763545177606,-79,-71,-81,-81,-100,-58,-75,-79,-74,-71,-100
1763545177633,-79,-71,-81,-81,-100,-58,-75,-79,-74,-71,-100
1763545177658,-79,-71,-81,-81,-100,-58,-75,-79,-74,-71,-100
1763545177684,-79,-71,-81,-81,-100,-58,-75,-79,-74,-71,-100
1763545177710,-79,-71,-81,-81,-100,-58,-75,-79,-74,-71,-100
1763545177735,-79,-71,-81,-81,-100,-58,-75,-79,-74,-71,-100
1763545177760,-79,-71,-81,-81,-100,-58,-75,-79,-74,-71,-100
1763545177785,-79,-71,-81,-81,-100,-58,-75,-79,-74,-71,-100
1763545177811,-79,-71,-81,-81,-100,-58,-75,-79,-74,-71,-100
1763545177835,-79,-71,-81,-81,-100,-58,-75,-79,-74,-71,-100
1763545177860,-100,-76,-82,-85,-100,-57,-79,-76,-75,-73,-91
1763545177885,-100,-76,-82,-85,-100,-57,-79,-76,-75,-73,-91
1763545177910,-100,-76,-82,-85,-100,-57,-79,-76,-75,-73,-91
1763545177935,-100,-76,-82,-85,-100,-57,-79,-76,-75,-73,-91
1763545177961,-100,-76,-82,-85,-100,-57,-79,-76,-75,-73,-91
1763545177986,-100,-76,-82,-85,-100,-57,-79,-76,-75,-73,-91
1763545178012,-100,-76,-82,-85,-100,-57,-79,-76,-75,-73,-91
1763545178037,-100,-76,-82,-85,-100,-57,-79,-76,-75,-73,-91
1763545178062,-100,-76,-82,-85,-100,-57,-79,-76,-75,-73,-91
1763545178088,-100,-76,-82,-85,-100,-57,-79,-76,-75,-73,-91
1763545178113,-100,-76,-82,-85,-100,-57,-79,-76,-75,-73,-91
1763545178138,-100,-76,-82,-85,-100,-57,-79,-76,-75,-73,-91
1763545178163,-100,-76,-82,-85,-100,-57,-79,-76,-75,-73,-91
1763545178188,-100,-76,-82,-85,-100,-57,-79,-76,-75,-73,-91
1763545178213,-100,-76,-82,-85,-100,-57,-79,-76,-75,-73,-91
1763545178238,-100,-76,-82,-85,-100,-57,-79,-76,-75,-73,-91
1763545178263,-100,-76,-82,-85,-100,-57,-79,-76,-75,-73,-91
1763545178288,-100,-76,-82,-85,-100,-57,-79,-76,-75,-73,-91
1763545178313,-100,-76,-82,-85,-100,-57,-79,-76,-75,-73,-91
1763545178338,-100,-76,-82,-85,-100,-57,-79,-76,-75,-73,-91
1763545178363,-85,-74,-82,-85,-100,-60,-82,-82,-77,-77,-91
1763545178388,-85,-74,-82,-85,-100,-60,-82,-82,-77,-77,-91
1763545178413,-85,-74,-82,-85,-100,-60,-82,-82,-77,-77,-91
1763545178438,-85,-74,-82,-85,-100,-60,-82,-82,-77,-77,-91
1763545178464,-85,-74,-82,-85,-100,-60,-82,-82,-77,-77,-91
1763545178489,-85,-74,-82,-85,-100,-60,-82,-82,-77,-77,-91
1763545178515,-85,-74,-82,-85,-100,-60,-82,-82,-77,-77,-91
1763545178539,-85,-74,-82,-85,-100,-60,-82,-82,-77,-77,-91
1763545178564,-85,-74,-82,-85,-100,-60,-82,-82,-77,-77,-91
1763545178589,-85,-74,-82,-85,-100,-60,-82,-82,-77,-77,-91
1763545178614,-85,-74,-82,-85,-100,-60,-82,-82,-77,-77,-91
1763545178639,-85,-74,-82,-85,-100,-60,-82,-82,-77,-77,-91
1763545178664,-85,-74,-82,-85,-100,-60,-82,-82,-77,-77,-91
1763545178689,-85,-74,-82,-85,-100,-60,-82,-82,-77,-77,-91
1763545178714,-85,-74,-82,-85,-100,-60,-82,-82,-77,-77,-91
1763545178739,-85,-74,-82,-85,-100,-60,-82,-82,-77,-77,-91
1763545178765,-85,-74,-82,-85,-100,-60,-82,-82,-77,-77,-91
1763545178791,-85,-74,-82,-85,-100,-60,-82,-82,-77,-77,-91
1763545178816,-85,-74,-82,-85,-100,-60,-82,-82,-77,-77,-91
1763545178842,-85,-74,-82,-85,-100,-60,-82,-82,-77,-77,-91
1763545178867,-84,-73,-82,-87,-100,-63,-81,-82,-77,-77,-100
1763545178892,-84,-73,-82,-87,-100,-63,-81,-82,-77,-77,-100
1763545178917,-84,-73,-82,-87,-100,-63,-81,-82,-77,-77,-100
1763545178942,-84,-73,-82,-87,-100,-63,-81,-82,-77,-77,-100
1763545178967,-84,-73,-82,-87,-100,-63,-81,-82,-77,-77,-100
1763545178993,-84,-73,-82,-87,-100,-63,-81,-82,-77,-77,-100
1763545179018,-84,-73,-82,-87,-100,-63,-81,-82,-77,-77,-100
1763545179043,-84,-73,-82,-87,-100,-63,-81,-82,-77,-77,-100
1763545179068,-84,-73,-82,-87,-100,-63,-81,-82,-77,-77,-100
1763545179093,-84,-73,-82,-87,-100,-63,-81,-82,-77,-77,-100
1763545179118,-84,-73,-82,-87,-100,-63,-81,-82,-77,-77,-100
1763545179144,-84,-73,-82,-87,-100,-63,-81,-82,-77,-77,-100
1763545179170,-84,-73,-82,-87,-100,-63,-81,-82,-77,-77,-100
1763545179196,-84,-73,-82,-87,-100,-63,-81,-82,-77,-77,-100
1763545179221,-84,-73,-82,-87,-100,-63,-81,-82,-77,-77,-100
1763545179246,-84,-73,-82,-87,-100,-63,-81,-82,-77,-77,-100
1763545179271,-84,-73,-82,-87,-100,-63,-81,-82,-77,-77,-100
1763545179298,-84,-73,-82,-87,-100,-63,-81,-82,-77,-77,-100
1763545179323,-84,-73,-82,-87,-100,-63,-81,-82,-77,-77,-100
1763545179348,-84,-73,-82,-87,-100,-63,-81,-82,-77,-77,-100
1763545179373,-86,-71,-85,-87,-100,-62,-82,-82,-77,-77,-81
1763545179398,-86,-71,-85,-87,-100,-62,-82,-82,-77,-77,-81
1763545179424,-86,-71,-85,-87,-100,-62,-82,-82,-77,-77,-81
1763545179449,-86,-71,-85,-87,-100,-62,-82,-82,-77,-77,-81
1763545179475,-86,-71,-85,-87,-100,-62,-82,-82,-77,-77,-81
1763545179500,-86,-71,-85,-87,-100,-62,-82,-82,-77,-77,-81
1763545179525,-86,-71,-85,-87,-100,-62,-82,-82,-77,-77,-81
1763545179550,-86,-71,-85,-87,-100,-62,-82,-82,-77,-77,-81
1763545179576,-86,-71,-85,-87,-100,-62,-82,-82,-77,-77,-81
1763545179601,-86,-71,-85,-87,-100,-62,-82,-82,-77,-77,-81
1763545179626,-86,-71,-85,-87,-100,-62,-82,-82,-77,-77,-81
1763545179651,-86,-71,-85,-87,-100,-62,-82,-82,-77,-77,-81
1763545179676,-86,-71,-85,-87,-100,-62,-82,-82,-77,-77,-81
1763545179701,-86,-71,-85,-87,-100,-62,-82,-82,-77,-77,-81
1763545179728,-86,-71,-85,-87,-100,-62,-82,-82,-77,-77,-81
1763545179753,-86,-71,-85,-87,-100,-62,-82,-82,-77,-77,-81
1763545179779,-86,-71,-85,-87,-100,-62,-82,-82,-77,-77,-81
1763545179804,-86,-71,-85,-87,-100,-62,-82,-82,-77,-77,-81
1763545179829,-86,-71,-85,-87,-100,-62,-82,-82,-77,-77,-81
1763545179855,-86,-71,-85,-87,-100,-62,-82,-82,-77,-77,-81
1763545179881,-87,-65,-85,-87,-100,-61,-84,-84,-77,-78,-83
1763545179906,-87,-65,-85,-87,-100,-61,-84,-84,-77,-78,-83
1763545179931,-87,-65,-85,-87,-100,-61,-84,-84,-77,-78,-83
1763545179956,-87,-65,-85,-87,-100,-61,-84,-84,-77,-78,-83
1763545179982,-87,-65,-85,-87,-100,-61,-84,-84,-77,-78,-83
1763545180007,-87,-65,-85,-87,-100,-61,-84,-84,-77,-78,-83
1763545180033,-87,-65,-85,-87,-100,-61,-84,-84,-77,-78,-83
1763545180058,-87,-65,-85,-87,-100,-61,-84,-84,-77,-78,-83
1763545180083,-87,-65,-85,-87,-100,-61,-84,-84,-77,-78,-83
1763545180108,-87,-65,-85,-87,-100,-61,-84,-84,-77,-78,-83
1763545180133,-87,-65,-85,-87,-100,-61,-84,-84,-77,-78,-83
1763545180159,-87,-65,-85,-87,-100,-61,-84,-84,-77,-78,-83
1763545180185,-87,-65,-85,-87,-100,-61,-84,-84,-77,-78,-83
1763545180210,-87,-65,-85,-87,-100,-61,-84,-84,-77,-78,-83
1763545180236,-87,-65,-85,-87,-100,-61,-84,-84,-77,-78,-83
1763545180261,-87,-65,-85,-87,-100,-61,-84,-84,-77,-78,-83
1763545180286,-87,-65,-85,-87,-100,-61,-84,-84,-77,-78,-83
1763545180312,-87,-65,-85,-87,-100,-61,-84,-84,-77,-78,-83
1763545180337,-87,-65,-85,-87,-100,-61,-84,-84,-77,-78,-83
1763545180362,-87,-65,-84,-100,-100,-62,-84,-85,-76,-78,-84
1763545180387,-87,-65,-84,-100,-100,-62,-84,-85,-76,-78,-84
1763545180412,-87,-65,-84,-100,-100,-62,-84,-85,-76,-78,-84
1763545180437,-87,-65,-84,-100,-100,-62,-84,-85,-76,-78,-84
1763545180462,-87,-65,-84,-100,-100,-62,-84,-85,-76,-78,-84
1763545180487,-87,-65,-84,-100,-100,-62,-84,-85,-76,-78,-84
1763545180512,-87,-65,-84,-100,-100,-62,-84,-85,-76,-78,-84
1763545180537,-87,-65,-84,-100,-100,-62,-84,-85,-76,-78,-84
1763545180562,-87,-65,-84,-100,-100,-62,-84,-85,-76,-78,-84
1763545180588,-87,-65,-84,-100,-100,-62,-84,-85,-76,-78,-84
1763545180613,-87,-65,-84,-100,-100,-62,-84,-85,-76,-78,-84
1763545180638,-87,-65,-84,-100,-100,-62,-84,-85,-76,-78,-84
1763545180663,-87,-65,-84,-100,-100,-62,-84,-85,-76,-78,-84
1763545180689,-87,-65,-84,-100,-100,-62,-84,-85,-76,-78,-84
1763545180714,-87,-65,-84,-100,-100,-62,-84,-85,-76,-78,-84
1763545180740,-87,-65,-84,-100,-100,-62,-84,-85,-76,-78,-84
1763545180765,-87,-65,-84,-100,-100,-62,-84,-85,-76,-78,-84
1763545180790,-87,-65,-84,-100,-100,-62,-84,-85,-76,-78,-84
1763545180815,-87,-65,-84,-100,-100,-62,-84,-85,-76,-78,-84
1763545180840,-87,-65,-84,-100,-100,-62,-84,-85,-76,-78,-84
1763545180865,-89,-67,-85,-100,-100,-65,-84,-82,-74,-80,-83
1763545180890,-89,-67,-85,-100,-100,-65,-84,-82,-74,-80,-83
1763545180916,-89,-67,-85,-100,-100,-65,-84,-82,-74,-80,-83
1763545180941,-89,-67,-85,-100,-100,-65,-84,-82,-74,-80,-83
1763545180967,-89,-67,-85,-100,-100,-65,-84,-82,-74,-80,-83
1763545180993,-89,-67,-85,-100,-100,-65,-84,-82,-74,-80,-83
1763545181019,-89,-67,-85,-100,-100,-65,-84,-82,-74,-80,-83
1763545181044,-89,-67,-85,-100,-100,-65,-84,-82,-74,-80,-83
1763545181069,-89,-67,-85,-100,-100,-65,-84,-82,-74,-80,-83
1763545181094,-89,-67,-85,-100,-100,-65,-84,-82,-74,-80,-83
1763545181119,-89,-67,-85,-100,-100,-65,-84,-82,-74,-80,-83
1763545181144,-89,-67,-85,-100,-100,-65,-84,-82,-74,-80,-83
1763545181169,-89,-67,-85,-100,-100,-65,-84,-82,-74,-80,-83
1763545181194,-89,-67,-85,-100,-100,-65,-84,-82,-74,-80,-83
1763545181219,-89,-67,-85,-100,-100,-65,-84,-82,-74,-80,-83
1763545181244,-89,-67,-85,-100,-100,-65,-84,-82,-74,-80,-83
1763545181270,-89,-67,-85,-100,-100,-65,-84,-82,-74,-80,-83
1763545181297,-89,-67,-85,-100,-100,-65,-84,-82,-74,-80,-83
1763545181322,-89,-67,-85,-100,-100,-65,-84,-82,-74,-80,-83
1763545181347,-89,-67,-85,-100,-100,-65,-84,-82,-74,-80,-83
1763545181372,-100,-70,-100,-100,-100,-67,-86,-81,-71,-80,-82
1763545181397,-100,-70,-100,-100,-100,-67,-86,-81,-71,-80,-82
1763545181422,-100,-70,-100,-100,-100,-67,-86,-81,-71,-80,-82
1763545181447,-100,-70,-100,-100,-100,-67,-86,-81,-71,-80,-82
1763545181472,-100,-70,-100,-100,-100,-67,-86,-81,-71,-80,-82
1763545181497,-100,-70,-100,-100,-100,-67,-86,-81,-71,-80,-82
1763545181523,-100,-70,-100,-100,-100,-67,-86,-81,-71,-80,-82
1763545181549,-100,-70,-100,-100,-100,-67,-86,-81,-71,-80,-82
1763545181574,-100,-70,-100,-100,-100,-67,-86,-81,-71,-80,-82
1763545181599,-100,-70,-100,-100,-100,-67,-86,-81,-71,-80,-82
1763545181624,-100,-70,-100,-100,-100,-67,-86,-81,-71,-80,-82
1763545181650,-100,-70,-100,-100,-100,-67,-86,-81,-71,-80,-82
1763545181675,-100,-70,-100,-100,-100,-67,-86,-81,-71,-80,-82
1763545181701,-100,-70,-100,-100,-100,-67,-86,-81,-71,-80,-82
1763545181726,-100,-70,-100,-100,-100,-67,-86,-81,-71,-80,-82
1763545181752,-100,-70,-100,-100,-100,-67,-86,-81,-71,-80,-82
1763545181777,-100,-70,-100,-100,-100,-67,-86,-81,-71,-80,-82
1763545181802,-100,-70,-100,-100,-100,-67,-86,-81,-71,-80,-82
1763545181827,-100,-70,-100,-100,-100,-67,-86,-81,-71,-80,-82
1763545181852,-100,-70,-100,-100,-100,-67,-86,-81,-71,-80,-82
1763545181878,-100,-70,-100,-100,-100,-71,-87,-79,-68,-81,-80
1763545181903,-100,-70,-100,-100,-100,-71,-87,-79,-68,-81,-80
1763545181930,-100,-70,-100,-100,-100,-71,-87,-79,-68,-81,-80
1763545181955,-100,-70,-100,-100,-100,-71,-87,-79,-68,-81,-80
1763545181980,-100,-70,-100,-100,-100,-71,-87,-79,-68,-81,-80
1763545182005,-100,-70,-100,-100,-100,-71,-87,-79,-68,-81,-80
1763545182030,-100,-70,-100,-100,-100,-71,-87,-79,-68,-81,-80
1763545182055,-100,-70,-100,-100,-100,-71,-87,-79,-68,-81,-80
1763545182080,-100,-70,-100,-100,-100,-71,-87,-79,-68,-81,-80
1763545182105,-100,-70,-100,-100,-100,-71,-87,-79,-68,-81,-80
1763545182130,-100,-70,-100,-100,-100,-71,-87,-79,-68,-81,-80
1763545182155,-100,-70,-100,-100,-100,-71,-87,-79,-68,-81,-80
1763545182181,-100,-70,-100,-100,-100,-71,-87,-79,-68,-81,-80
1763545182206,-100,-70,-100,-100,-100,-71,-87,-79,-68,-81,-80
1763545182232,-100,-70,-100,-100,-100,-71,-87,-79,-68,-81,-80
1763545182257,-100,-70,-100,-100,-100,-71,-87,-79,-68,-81,-80
1763545182283,-100,-70,-100,-100,-100,-71,-87,-79,-68,-81,-80
1763545182308,-100,-70,-100,-100,-100,-71,-87,-79,-68,-81,-80
1763545182334,-100,-70,-100,-100,-100,-71,-87,-79,-68,-81,-80
1763545182359,-100,-70,-100,-100,-100,-71,-87,-79,-68,-81,-80
1763545182385,-100,-70,-100,-100,-100,-73,-87,-77,-64,-80,-79
1763545182410,-100,-70,-100,-100,-100,-73,-87,-77,-64,-80,-79
1763545182435,-100,-70,-100,-100,-100,-73,-87,-77,-64,-80,-79
1763545182460,-100,-70,-100,-100,-100,-73,-87,-77,-64,-80,-79
1763545182485,-100,-70,-100,-100,-100,-73,-87,-77,-64,-80,-79
1763545182510,-100,-70,-100,-100,-100,-73,-87,-77,-64,-80,-79
1763545182535,-100,-70,-100,-100,-100,-73,-87,-77,-64,-80,-79
1763545182560,-100,-70,-100,-100,-100,-73,-87,-77,-64,-80,-79
1763545182585,-100,-70,-100,-100,-100,-73,-87,-77,-64,-80,-79
1763545182610,-100,-70,-100,-100,-100,-73,-87,-77,-64,-80,-79
1763545182636,-100,-70,-100,-100,-100,-73,-87,-77,-64,-80,-79
1763545182660,-100,-70,-100,-100,-100,-73,-87,-77,-64,-80,-79
1763545182685,-100,-70,-100,-100,-100,-73,-87,-77,-64,-80,-79
1763545182711,-100,-70,-100,-100,-100,-73,-87,-77,-64,-80,-79
1763545182737,-100,-70,-100,-100,-100,-73,-87,-77,-64,-80,-79
1763545182761,-100,-70,-100,-100,-100,-73,-87,-77,-64,-80,-79
1763545182788,-100,-70,-100,-100,-100,-73,-87,-77,-64,-80,-79
1763545182814,-100,-70,-100,-100,-100,-73,-87,-77,-64,-80,-79
1763545182838,-100,-70,-100,-100,-100,-73,-87,-77,-64,-80,-79
1763545182864,-100,-67,-100,-85,-100,-74,-100,-77,-63,-78,-80
1763545182889,-100,-67,-100,-85,-100,-74,-100,-77,-63,-78,-80
1763545182915,-100,-67,-100,-85,-100,-74,-100,-77,-63,-78,-80
1763545182941,-100,-67,-100,-85,-100,-74,-100,-77,-63,-78,-80
1763545182966,-100,-67,-100,-85,-100,-74,-100,-77,-63,-78,-80
1763545182991,-100,-67,-100,-85,-100,-74,-100,-77,-63,-78,-80
1763545183017,-100,-67,-100,-85,-100,-74,-100,-77,-63,-78,-80
1763545183042,-100,-67,-100,-85,-100,-74,-100,-77,-63,-78,-80
1763545183067,-100,-67,-100,-85,-100,-74,-100,-77,-63,-78,-80
1763545183092,-100,-67,-100,-85,-100,-74,-100,-77,-63,-78,-80
1763545183117,-100,-67,-100,-85,-100,-74,-100,-77,-63,-78,-80
1763545183142,-100,-67,-100,-85,-100,-74,-100,-77,-63,-78,-80
1763545183167,-100,-67,-100,-85,-100,-74,-100,-77,-63,-78,-80
1763545183192,-100,-67,-100,-85,-100,-74,-100,-77,-63,-78,-80
1763545183217,-100,-67,-100,-85,-100,-74,-100,-77,-63,-78,-80
1763545183242,-100,-67,-100,-85,-100,-74,-100,-77,-63,-78,-80
1763545183267,-100,-67,-100,-85,-100,-74,-100,-77,-63,-78,-80
1763545183293,-100,-67,-100,-85,-100,-74,-100,-77,-63,-78,-80
1763545183319,-100,-67,-100,-85,-100,-74,-100,-77,-63,-78,-80
1763545183344,-100,-67,-100,-85,-100,-74,-100,-77,-63,-78,-80
1763545183369,-100,-63,-100,-85,-100,-76,-92,-75,-63,-79,-80
1763545183395,-100,-63,-100,-85,-100,-76,-92,-75,-63,-79,-80
1763545183420,-100,-63,-100,-85,-100,-76,-92,-75,-63,-79,-80
1763545183450,-100,-63,-100,-85,-100,-76,-92,-75,-63,-79,-80
1763545183475,-100,-63,-100,-85,-100,-76,-92,-75,-63,-79,-80
1763545183500,-100,-63,-100,-85,-100,-76,-92,-75,-63,-79,-80
1763545183525,-100,-63,-100,-85,-100,-76,-92,-75,-63,-79,-80
1763545183550,-100,-63,-100,-85,-100,-76,-92,-75,-63,-79,-80
1763545183575,-100,-63,-100,-85,-100,-76,-92,-75,-63,-79,-80
1763545183600,-100,-63,-100,-85,-100,-76,-92,-75,-63,-79,-80
1763545183625,-100,-63,-100,-85,-100,-76,-92,-75,-63,-79,-80
1763545183650,-100,-63,-100,-85,-100,-76,-92,-75,-63,-79,-80
1763545183676,-100,-63,-100,-85,-100,-76,-92,-75,-63,-79,-80
1763545183701,-100,-63,-100,-85,-100,-76,-92,-75,-63,-79,-80
1763545183726,-100,-63,-100,-85,-100,-76,-92,-75,-63,-79,-80
1763545183751,-100,-63,-100,-85,-100,-76,-92,-75,-63,-79,-80
1763545183776,-100,-63,-100,-85,-100,-76,-92,-75,-63,-79,-80
1763545183801,-100,-63,-100,-85,-100,-76,-92,-75,-63,-79,-80
1763545183826,-100,-63,-100,-85,-100,-76,-92,-75,-63,-79,-80
1763545183852,-100,-63,-100,-85,-100,-76,-92,-75,-63,-79,-80
1763545183877,-100,-63,-100,-85,-100,-75,-92,-75,-65,-80,-79
1763545183902,-100,-63,-100,-85,-100,-75,-92,-75,-65,-80,-79
1763545183927,-100,-63,-100,-85,-100,-75,-92,-75,-65,-80,-79
1763545183952,-100,-63,-100,-85,-100,-75,-92,-75,-65,-80,-79
1763545183977,-100,-63,-100,-85,-100,-75,-92,-75,-65,-80,-79
1763545184002,-100,-63,-100,-85,-100,-75,-92,-75,-65,-80,-79
1763545184027,-100,-63,-100,-85,-100,-75,-92,-75,-65,-80,-79
1763545184052,-100,-63,-100,-85,-100,-75,-92,-75,-65,-80,-79
1763545184077,-100,-63,-100,-85,-100,-75,-92,-75,-65,-80,-79
1763545184102,-100,-63,-100,-85,-100,-75,-92,-75,-65,-80,-79
1763545184127,-100,-63,-100,-85,-100,-75,-92,-75,-65,-80,-79
1763545184152,-100,-63,-100,-85,-100,-75,-92,-75,-65,-80,-79
1763545184177,-100,-63,-100,-85,-100,-75,-92,-75,-65,-80,-79
1763545184202,-100,-63,-100,-85,-100,-75,-92,-75,-65,-80,-79
1763545184228,-100,-63,-100,-85,-100,-75,-92,-75,-65,-80,-79
1763545184254,-100,-63,-100,-85,-100,-75,-92,-75,-65,-80,-79
1763545184279,-100,-63,-100,-85,-100,-75,-92,-75,-65,-80,-79
1763545184304,-100,-63,-100,-85,-100,-75,-92,-75,-65,-80,-79
1763545184329,-100,-63,-100,-85,-100,-75,-92,-75,-65,-80,-79
1763545184354,-100,-63,-100,-85,-100,-75,-92,-75,-65,-80,-79
1763545184379,-100,-62,-100,-100,-100,-80,-100,-100,-100,-71,-77
1763545184404,-100,-62,-100,-100,-100,-80,-100,-100,-100,-71,-77
1763545184429,-100,-62,-100,-100,-100,-80,-100,-100,-100,-71,-77
1763545184454,-100,-62,-100,-100,-100,-80,-100,-100,-100,-71,-77
1763545184480,-100,-62,-100,-100,-100,-80,-100,-100,-100,-71,-77
1763545184505,-100,-62,-100,-100,-100,-80,-100,-100,-100,-71,-77
1763545184531,-100,-62,-100,-100,-100,-80,-100,-100,-100,-71,-77
1763545184556,-100,-62,-100,-100,-100,-80,-100,-100,-100,-71,-77
1763545184582,-100,-62,-100,-100,-100,-80,-100,-100,-100,-71,-77
1763545184607,-100,-62,-100,-100,-100,-80,-100,-100,-100,-71,-77
1763545184633,-100,-62,-100,-100,-100,-80,-100,-100,-100,-71,-77
1763545184659,-100,-62,-100,-100,-100,-80,-100,-100,-100,-71,-77
1763545184683,-100,-62,-100,-100,-100,-80,-100,-100,-100,-71,-77
1763545184708,-100,-62,-100,-100,-100,-80,-100,-100,-100,-71,-77
1763545184733,-100,-62,-100,-100,-100,-80,-100,-100,-100,-71,-77
1763545184758,-100,-62,-100,-100,-100,-80,-100,-100,-100,-71,-77
1763545184783,-100,-62,-100,-100,-100,-80,-100,-100,-100,-71,-77
1763545184808,-100,-62,-100,-100,-100,-80,-100,-100,-100,-71,-77
1763545184833,-100,-62,-100,-100,-100,-80,-100,-100,-100,-71,-77
1763545184858,-100,-62,-100,-100,-100,-80,-100,-100,-100,-71,-77
1763545184883,-82,-67,-100,-100,-100,-65,-100,-72,-54,-71,-100
1763545184909,-82,-67,-100,-100,-100,-65,-100,-72,-54,-71,-100
1763545184934,-82,-67,-100,-100,-100,-65,-100,-72,-54,-71,-100
1763545184959,-82,-67,-100,-100,-100,-65,-100,-72,-54,-71,-100
1763545184984,-82,-67,-100,-100,-100,-65,-100,-72,-54,-71,-100
1763545185009,-82,-67,-100,-100,-100,-65,-100,-72,-54,-71,-100
1763545185035,-82,-67,-100,-100,-100,-65,-100,-72,-54,-71,-100
1763545185060,-82,-67,-100,-100,-100,-65,-100,-72,-54,-71,-100
1763545185085,-82,-67,-100,-100,-100,-65,-100,-72,-54,-71,-100
1763545185111,-82,-67,-100,-100,-100,-65,-100,-72,-54,-71,-100
1763545185137,-82,-67,-100,-100,-100,-65,-100,-72,-54,-71,-100
1763545185163,-82,-67,-100,-100,-100,-65,-100,-72,-54,-71,-100
1763545185188,-82,-67,-100,-100,-100,-65,-100,-72,-54,-71,-100
1763545185213,-82,-67,-100,-100,-100,-65,-100,-72,-54,-71,-100
1763545185239,-82,-67,-100,-100,-100,-65,-100,-72,-54,-71,-100
1763545185264,-82,-67,-100,-100,-100,-65,-100,-72,-54,-71,-100
1763545185289,-82,-67,-100,-100,-100,-65,-100,-72,-54,-71,-100
1763545185315,-82,-67,-100,-100,-100,-65,-100,-72,-54,-71,-100
1763545185340,-82,-67,-100,-100,-100,-65,-100,-72,-54,-71,-100
1763545185366,-80,-65,-82,-100,-100,-68,-100,-75,-55,-72,-78
1763545185390,-80,-65,-82,-100,-100,-68,-100,-75,-55,-72,-78
1763545185416,-80,-65,-82,-100,-100,-68,-100,-75,-55,-72,-78
1763545185441,-80,-65,-82,-100,-100,-68,-100,-75,-55,-72,-78
1763545185466,-80,-65,-82,-100,-100,-68,-100,-75,-55,-72,-78
1763545185491,-80,-65,-82,-100,-100,-68,-100,-75,-55,-72,-78
1763545185521,-80,-65,-82,-100,-100,-68,-100,-75,-55,-72,-78
1763545185546,-80,-65,-82,-100,-100,-68,-100,-75,-55,-72,-78
1763545185568,-80,-65,-82,-100,-100,-68,-100,-75,-55,-72,-78
1763545185593,-80,-65,-82,-100,-100,-68,-100,-75,-55,-72,-78
1763545185618,-80,-65,-82,-100,-100,-68,-100,-75,-55,-72,-78
1763545185643,-80,-65,-82,-100,-100,-68,-100,-75,-55,-72,-78
1763545185668,-80,-65,-82,-100,-100,-68,-100,-75,-55,-72,-78
1763545185693,-80,-65,-82,-100,-100,-68,-100,-75,-55,-72,-78
1763545185718,-80,-65,-82,-100,-100,-68,-100,-75,-55,-72,-78
1763545185743,-80,-65,-82,-100,-100,-68,-100,-75,-55,-72,-78
1763545185768,-80,-65,-82,-100,-100,-68,-100,-75,-55,-72,-78
1763545185793,-80,-65,-82,-100,-100,-68,-100,-75,-55,-72,-78
1763545185818,-80,-65,-82,-100,-100,-68,-100,-75,-55,-72,-78
1763545185843,-80,-65,-82,-100,-100,-68,-100,-75,-55,-72,-78
1763545185868,-80,-61,-82,-100,-100,-70,-100,-78,-59,-74,-78
1763545185893,-80,-61,-82,-100,-100,-70,-100,-78,-59,-74,-78
1763545185918,-80,-61,-82,-100,-100,-70,-100,-78,-59,-74,-78
1763545185943,-80,-61,-82,-100,-100,-70,-100,-78,-59,-74,-78
1763545185968,-80,-61,-82,-100,-100,-70,-100,-78,-59,-74,-78
1763545185994,-80,-61,-82,-100,-100,-70,-100,-78,-59,-74,-78
1763545186019,-80,-61,-82,-100,-100,-70,-100,-78,-59,-74,-78
1763545186045,-80,-61,-82,-100,-100,-70,-100,-78,-59,-74,-78
1763545186070,-80,-61,-82,-100,-100,-70,-100,-78,-59,-74,-78
1763545186095,-80,-61,-82,-100,-100,-70,-100,-78,-59,-74,-78
1763545186120,-80,-61,-82,-100,-100,-70,-100,-78,-59,-74,-78
1763545186146,-80,-61,-82,-100,-100,-70,-100,-78,-59,-74,-78
1763545186173,-80,-61,-82,-100,-100,-70,-100,-78,-59,-74,-78
1763545186198,-80,-61,-82,-100,-100,-70,-100,-78,-59,-74,-78
1763545186223,-80,-61,-82,-100,-100,-70,-100,-78,-59,-74,-78
1763545186248,-80,-61,-82,-100,-100,-70,-100,-78,-59,-74,-78
1763545186274,-80,-61,-82,-100,-100,-70,-100,-78,-59,-74,-78
1763545186300,-80,-61,-82,-100,-100,-70,-100,-78,-59,-74,-78
1763545186325,-80,-61,-82,-100,-100,-70,-100,-78,-59,-74,-78
1763545186350,-80,-61,-82,-100,-100,-70,-100,-78,-59,-74,-78
1763545186376,-100,-61,-86,-100,-100,-72,-100,-75,-60,-73,-78
1763545186401,-100,-61,-86,-100,-100,-72,-100,-75,-60,-73,-78
1763545186426,-100,-61,-86,-100,-100,-72,-100,-75,-60,-73,-78
1763545186452,-100,-61,-86,-100,-100,-72,-100,-75,-60,-73,-78
1763545186478,-100,-61,-86,-100,-100,-72,-100,-75,-60,-73,-78
1763545186503,-100,-61,-86,-100,-100,-72,-100,-75,-60,-73,-78
1763545186528,-100,-61,-86,-100,-100,-72,-100,-75,-60,-73,-78
1763545186553,-100,-61,-86,-100,-100,-72,-100,-75,-60,-73,-78
1763545186578,-100,-61,-86,-100,-100,-72,-100,-75,-60,-73,-78
1763545186603,-100,-61,-86,-100,-100,-72,-100,-75,-60,-73,-78
1763545186628,-100,-61,-86,-100,-100,-72,-100,-75,-60,-73,-78
1763545186653,-100,-61,-86,-100,-100,-72,-100,-75,-60,-73,-78
1763545186678,-100,-61,-86,-100,-100,-72,-100,-75,-60,-73,-78
1763545186704,-100,-61,-86,-100,-100,-72,-100,-75,-60,-73,-78
1763545186729,-100,-61,-86,-100,-100,-72,-100,-75,-60,-73,-78
1763545186755,-100,-61,-86,-100,-100,-72,-100,-75,-60,-73,-78
1763545186780,-100,-61,-86,-100,-100,-72,-100,-75,-60,-73,-78
1763545186805,-100,-61,-86,-100,-100,-72,-100,-75,-60,-73,-78
1763545186830,-100,-61,-86,-100,-100,-72,-100,-75,-60,-73,-78
1763545186855,-100,-61,-86,-100,-100,-72,-100,-75,-60,-73,-78
1763545186880,-88,-62,-86,-81,-100,-71,-100,-72,-59,-74,-77
1763545186905,-88,-62,-86,-81,-100,-71,-100,-72,-59,-74,-77
1763545186930,-88,-62,-86,-81,-100,-71,-100,-72,-59,-74,-77
1763545186956,-88,-62,-86,-81,-100,-71,-100,-72,-59,-74,-77
1763545186980,-88,-62,-86,-81,-100,-71,-100,-72,-59,-74,-77
1763545187005,-88,-62,-86,-81,-100,-71,-100,-72,-59,-74,-77
1763545187030,-88,-62,-86,-81,-100,-71,-100,-72,-59,-74,-77
1763545187055,-88,-62,-86,-81,-100,-71,-100,-72,-59,-74,-77
1763545187081,-88,-62,-86,-81,-100,-71,-100,-72,-59,-74,-77
1763545187106,-88,-62,-86,-81,-100,-71,-100,-72,-59,-74,-77
1763545187132,-88,-62,-86,-81,-100,-71,-100,-72,-59,-74,-77
1763545187157,-88,-62,-86,-81,-100,-71,-100,-72,-59,-74,-77
1763545187182,-88,-62,-86,-81,-100,-71,-100,-72,-59,-74,-77
1763545187207,-88,-62,-86,-81,-100,-71,-100,-72,-59,-74,-77
1763545187232,-88,-62,-86,-81,-100,-71,-100,-72,-59,-74,-77
1763545187257,-88,-62,-86,-81,-100,-71,-100,-72,-59,-74,-77
1763545187282,-88,-62,-86,-81,-100,-71,-100,-72,-59,-74,-77
1763545187307,-88,-62,-86,-81,-100,-71,-100,-72,-59,-74,-77
1763545187332,-88,-62,-86,-81,-100,-71,-100,-72,-59,-74,-77
1763545187357,-88,-62,-86,-81,-100,-71,-100,-72,-59,-74,-77
1763545187383,-88,-61,-83,-81,-100,-71,-100,-72,-57,-76,-76
1763545187409,-88,-61,-83,-81,-100,-71,-100,-72,-57,-76,-76
1763545187434,-88,-61,-83,-81,-100,-71,-100,-72,-57,-76,-76
1763545187460,-88,-61,-83,-81,-100,-71,-100,-72,-57,-76,-76
1763545187485,-88,-61,-83,-81,-100,-71,-100,-72,-57,-76,-76
1763545187510,-88,-61,-83,-81,-100,-71,-100,-72,-57,-76,-76
1763545187536,-88,-61,-83,-81,-100,-71,-100,-72,-57,-76,-76
1763545187562,-88,-61,-83,-81,-100,-71,-100,-72,-57,-76,-76
1763545187587,-88,-61,-83,-81,-100,-71,-100,-72,-57,-76,-76
1763545187612,-88,-61,-83,-81,-100,-71,-100,-72,-57,-76,-76
1763545187637,-88,-61,-83,-81,-100,-71,-100,-72,-57,-76,-76
1763545187662,-88,-61,-83,-81,-100,-71,-100,-72,-57,-76,-76
1763545187687,-88,-61,-83,-81,-100,-71,-100,-72,-57,-76,-76
1763545187713,-88,-61,-83,-81,-100,-71,-100,-72,-57,-76,-76
1763545187738,-88,-61,-83,-81,-100,-71,-100,-72,-57,-76,-76
1763545187763,-88,-61,-83,-81,-100,-71,-100,-72,-57,-76,-76
1763545187788,-88,-61,-83,-81,-100,-71,-100,-72,-57,-76,-76
1763545187814,-88,-61,-83,-81,-100,-71,-100,-72,-57,-76,-76
1763545187840,-88,-61,-83,-81,-100,-71,-100,-72,-57,-76,-76
1763545187868,-100,-58,-100,-100,-100,-73,-100,-72,-52,-76,-75
1763545187893,-100,-58,-100,-100,-100,-73,-100,-72,-52,-76,-75
1763545187919,-100,-58,-100,-100,-100,-73,-100,-72,-52,-76,-75
1763545187944,-100,-58,-100,-100,-100,-73,-100,-72,-52,-76,-75
1763545187969,-100,-58,-100,-100,-100,-73,-100,-72,-52,-76,-75
1763545187994,-100,-58,-100,-100,-100,-73,-100,-72,-52,-76,-75
1763545188019,-100,-58,-100,-100,-100,-73,-100,-72,-52,-76,-75
1763545188044,-100,-58,-100,-100,-100,-73,-100,-72,-52,-76,-75
1763545188069,-100,-58,-100,-100,-100,-73,-100,-72,-52,-76,-75
1763545188094,-100,-58,-100,-100,-100,-73,-100,-72,-52,-76,-75
1763545188119,-100,-58,-100,-100,-100,-73,-100,-72,-52,-76,-75
1763545188145,-100,-58,-100,-100,-100,-73,-100,-72,-52,-76,-75
1763545188171,-100,-58,-100,-100,-100,-73,-100,-72,-52,-76,-75
1763545188197,-100,-58,-100,-100,-100,-73,-100,-72,-52,-76,-75
1763545188222,-100,-58,-100,-100,-100,-73,-100,-72,-52,-76,-75
1763545188248,-100,-58,-100,-100,-100,-73,-100,-72,-52,-76,-75
1763545188274,-100,-58,-100,-100,-100,-73,-100,-72,-52,-76,-75
1763545188299,-100,-58,-100,-100,-100,-73,-100,-72,-52,-76,-75
1763545188325,-100,-58,-100,-100,-100,-73,-100,-72,-52,-76,-75
1763545188351,-100,-58,-100,-100,-100,-73,-100,-72,-52,-76,-75
1763545188377,-100,-56,-100,-84,-100,-74,-100,-72,-48,-77,-76
1763545188402,-100,-56,-100,-84,-100,-74,-100,-72,-48,-77,-76
1763545188427,-100,-56,-100,-84,-100,-74,-100,-72,-48,-77,-76
1763545188452,-100,-56,-100,-84,-100,-74,-100,-72,-48,-77,-76
1763545188477,-100,-56,-100,-84,-100,-74,-100,-72,-48,-77,-76
1763545188502,-100,-56,-100,-84,-100,-74,-100,-72,-48,-77,-76
1763545188528,-100,-56,-100,-84,-100,-74,-100,-72,-48,-77,-76
1763545188553,-100,-56,-100,-84,-100,-74,-100,-72,-48,-77,-76
1763545188579,-100,-56,-100,-84,-100,-74,-100,-72,-48,-77,-76
1763545188605,-100,-56,-100,-84,-100,-74,-100,-72,-48,-77,-76
1763545188630,-100,-56,-100,-84,-100,-74,-100,-72,-48,-77,-76
1763545188655,-100,-56,-100,-84,-100,-74,-100,-72,-48,-77,-76
1763545188681,-100,-56,-100,-84,-100,-74,-100,-72,-48,-77,-76
1763545188706,-100,-56,-100,-84,-100,-74,-100,-72,-48,-77,-76
1763545188731,-100,-56,-100,-84,-100,-74,-100,-72,-48,-77,-76
1763545188757,-100,-56,-100,-84,-100,-74,-100,-72,-48,-77,-76
1763545188782,-100,-56,-100,-84,-100,-74,-100,-72,-48,-77,-76
1763545188807,-100,-56,-100,-84,-100,-74,-100,-72,-48,-77,-76
1763545188834,-100,-56,-100,-84,-100,-74,-100,-72,-48,-77,-76
1763545188859,-100,-56,-100,-84,-100,-74,-100,-72,-48,-77,-76
1763545188885,-100,-54,-100,-84,-100,-74,-100,-73,-53,-77,-76
1763545188910,-100,-54,-100,-84,-100,-74,-100,-73,-53,-77,-76
1763545188936,-100,-54,-100,-84,-100,-74,-100,-73,-53,-77,-76
1763545188961,-100,-54,-100,-84,-100,-74,-100,-73,-53,-77,-76
1763545188986,-100,-54,-100,-84,-100,-74,-100,-73,-53,-77,-76
1763545189012,-100,-54,-100,-84,-100,-74,-100,-73,-53,-77,-76
1763545189037,-100,-54,-100,-84,-100,-74,-100,-73,-53,-77,-76
1763545189065,-100,-54,-100,-84,-100,-74,-100,-73,-53,-77,-76
1763545189090,-100,-54,-100,-84,-100,-74,-100,-73,-53,-77,-76
1763545189115,-100,-54,-100,-84,-100,-74,-100,-73,-53,-77,-76
1763545189140,-100,-54,-100,-84,-100,-74,-100,-73,-53,-77,-76
1763545189165,-100,-54,-100,-84,-100,-74,-100,-73,-53,-77,-76
1763545189191,-100,-54,-100,-84,-100,-74,-100,-73,-53,-77,-76
1763545189217,-100,-54,-100,-84,-100,-74,-100,-73,-53,-77,-76
1763545189242,-100,-54,-100,-84,-100,-74,-100,-73,-53,-77,-76
1763545189267,-100,-54,-100,-84,-100,-74,-100,-73,-53,-77,-76
1763545189292,-100,-54,-100,-84,-100,-74,-100,-73,-53,-77,-76
1763545189317,-100,-54,-100,-84,-100,-74,-100,-73,-53,-77,-76
1763545189342,-100,-54,-100,-84,-100,-74,-100,-73,-53,-77,-76
1763545189370,-100,-56,-100,-84,-100,-74,-100,-71,-57,-76,-75
1763545189396,-100,-56,-100,-84,-100,-74,-100,-71,-57,-76,-75
1763545189421,-100,-56,-100,-84,-100,-74,-100,-71,-57,-76,-75
1763545189447,-100,-56,-100,-84,-100,-74,-100,-71,-57,-76,-75
1763545189472,-100,-56,-100,-84,-100,-74,-100,-71,-57,-76,-75
1763545189497,-100,-56,-100,-84,-100,-74,-100,-71,-57,-76,-75
1763545189522,-100,-56,-100,-84,-100,-74,-100,-71,-57,-76,-75
1763545189547,-100,-56,-100,-84,-100,-74,-100,-71,-57,-76,-75
1763545189572,-100,-56,-100,-84,-100,-74,-100,-71,-57,-76,-75
1763545189598,-100,-56,-100,-84,-100,-74,-100,-71,-57,-76,-75
1763545189623,-100,-56,-100,-84,-100,-74,-100,-71,-57,-76,-75
1763545189648,-100,-56,-100,-84,-100,-74,-100,-71,-57,-76,-75
1763545189673,-100,-56,-100,-84,-100,-74,-100,-71,-57,-76,-75
1763545189698,-100,-56,-100,-84,-100,-74,-100,-71,-57,-76,-75
1763545189723,-100,-56,-100,-84,-100,-74,-100,-71,-57,-76,-75
1763545189748,-100,-56,-100,-84,-100,-74,-100,-71,-57,-76,-75
1763545189774,-100,-56,-100,-84,-100,-74,-100,-71,-57,-76,-75
1763545189799,-100,-56,-100,-84,-100,-74,-100,-71,-57,-76,-75
1763545189824,-100,-56,-100,-84,-100,-74,-100,-71,-57,-76,-75
1763545189849,-100,-56,-100,-84,-100,-74,-100,-71,-57,-76,-75
1763545189874,-100,-59,-100,-84,-100,-74,-100,-69,-57,-75,-74
1763545189899,-100,-59,-100,-84,-100,-74,-100,-69,-57,-75,-74
1763545189924,-100,-59,-100,-84,-100,-74,-100,-69,-57,-75,-74
1763545189950,-100,-59,-100,-84,-100,-74,-100,-69,-57,-75,-74
1763545189975,-100,-59,-100,-84,-100,-74,-100,-69,-57,-75,-74
1763545190000,-100,-59,-100,-84,-100,-74,-100,-69,-57,-75,-74
1763545190025,-100,-59,-100,-84,-100,-74,-100,-69,-57,-75,-74
1763545190050,-100,-59,-100,-84,-100,-74,-100,-69,-57,-75,-74
1763545190075,-100,-59,-100,-84,-100,-74,-100,-69,-57,-75,-74
1763545190100,-100,-59,-100,-84,-100,-74,-100,-69,-57,-75,-74
1763545190125,-100,-59,-100,-84,-100,-74,-100,-69,-57,-75,-74
1763545190150,-100,-59,-100,-84,-100,-74,-100,-69,-57,-75,-74
1763545190176,-100,-59,-100,-84,-100,-74,-100,-69,-57,-75,-74
1763545190201,-100,-59,-100,-84,-100,-74,-100,-69,-57,-75,-74
1763545190228,-100,-59,-100,-84,-100,-74,-100,-69,-57,-75,-74
1763545190253,-100,-59,-100,-84,-100,-74,-100,-69,-57,-75,-74
1763545190278,-100,-59,-100,-84,-100,-74,-100,-69,-57,-75,-74
1763545190303,-100,-59,-100,-84,-100,-74,-100,-69,-57,-75,-74
1763545190330,-100,-59,-100,-84,-100,-74,-100,-69,-57,-75,-74
1763545190355,-100,-59,-100,-84,-100,-74,-100,-69,-57,-75,-74
1763545190381,-100,-58,-100,-100,-100,-77,-100,-69,-59,-74,-74
1763545190406,-100,-58,-100,-100,-100,-77,-100,-69,-59,-74,-74
1763545190431,-100,-58,-100,-100,-100,-77,-100,-69,-59,-74,-74
1763545190456,-100,-58,-100,-100,-100,-77,-100,-69,-59,-74,-74
1763545190481,-100,-58,-100,-100,-100,-77,-100,-69,-59,-74,-74
1763545190507,-100,-58,-100,-100,-100,-77,-100,-69,-59,-74,-74
1763545190533,-100,-58,-100,-100,-100,-77,-100,-69,-59,-74,-74
1763545190558,-100,-58,-100,-100,-100,-77,-100,-69,-59,-74,-74
1763545190583,-100,-58,-100,-100,-100,-77,-100,-69,-59,-74,-74
1763545190609,-100,-58,-100,-100,-100,-77,-100,-69,-59,-74,-74
1763545190634,-100,-58,-100,-100,-100,-77,-100,-69,-59,-74,-74
1763545190659,-100,-58,-100,-100,-100,-77,-100,-69,-59,-74,-74
1763545190684,-100,-58,-100,-100,-100,-77,-100,-69,-59,-74,-74
1763545190710,-100,-58,-100,-100,-100,-77,-100,-69,-59,-74,-74
1763545190735,-100,-58,-100,-100,-100,-77,-100,-69,-59,-74,-74
1763545190760,-100,-58,-100,-100,-100,-77,-100,-69,-59,-74,-74
1763545190785,-100,-58,-100,-100,-100,-77,-100,-69,-59,-74,-74
1763545190810,-100,-58,-100,-100,-100,-77,-100,-69,-59,-74,-74
1763545190836,-100,-58,-100,-100,-100,-77,-100,-69,-59,-74,-74
1763545190860,-100,-58,-100,-100,-100,-77,-100,-69,-59,-74,-74
1763545190886,-100,-57,-100,-100,-100,-75,-100,-68,-60,-74,-75
1763545190911,-100,-57,-100,-100,-100,-75,-100,-68,-60,-74,-75
1763545190936,-100,-57,-100,-100,-100,-75,-100,-68,-60,-74,-75
1763545190961,-100,-57,-100,-100,-100,-75,-100,-68,-60,-74,-75
1763545190986,-100,-57,-100,-100,-100,-75,-100,-68,-60,-74,-75
1763545191012,-100,-57,-100,-100,-100,-75,-100,-68,-60,-74,-75
1763545191037,-100,-57,-100,-100,-100,-75,-100,-68,-60,-74,-75
1763545191062,-100,-57,-100,-100,-100,-75,-100,-68,-60,-74,-75
1763545191087,-100,-57,-100,-100,-100,-75,-100,-68,-60,-74,-75
1763545191113,-100,-57,-100,-100,-100,-75,-100,-68,-60,-74,-75
1763545191138,-100,-57,-100,-100,-100,-75,-100,-68,-60,-74,-75
1763545191163,-100,-57,-100,-100,-100,-75,-100,-68,-60,-74,-75
1763545191188,-100,-57,-100,-100,-100,-75,-100,-68,-60,-74,-75
1763545191214,-100,-57,-100,-100,-100,-75,-100,-68,-60,-74,-75
1763545191239,-100,-57,-100,-100,-100,-75,-100,-68,-60,-74,-75
1763545191264,-100,-57,-100,-100,-100,-75,-100,-68,-60,-74,-75
1763545191289,-100,-57,-100,-100,-100,-75,-100,-68,-60,-74,-75
1763545191314,-100,-57,-100,-100,-100,-75,-100,-68,-60,-74,-75
1763545191339,-100,-57,-100,-100,-100,-75,-100,-68,-60,-74,-75
1763545191364,-100,-57,-100,-100,-100,-75,-100,-68,-60,-74,-75
1763545191389,-100,-57,-100,-100,-100,-74,-100,-69,-61,-75,-77
1763545191414,-100,-57,-100,-100,-100,-74,-100,-69,-61,-75,-77
1763545191439,-100,-57,-100,-100,-100,-74,-100,-69,-61,-75,-77
1763545191465,-100,-57,-100,-100,-100,-74,-100,-69,-61,-75,-77
1763545191490,-100,-57,-100,-100,-100,-74,-100,-69,-61,-75,-77
1763545191515,-100,-57,-100,-100,-100,-74,-100,-69,-61,-75,-77
1763545191541,-100,-57,-100,-100,-100,-74,-100,-69,-61,-75,-77
1763545191567,-100,-57,-100,-100,-100,-74,-100,-69,-61,-75,-77
1763545191592,-100,-57,-100,-100,-100,-74,-100,-69,-61,-75,-77
1763545191618,-100,-57,-100,-100,-100,-74,-100,-69,-61,-75,-77
1763545191644,-100,-57,-100,-100,-100,-74,-100,-69,-61,-75,-77
1763545191670,-100,-57,-100,-100,-100,-74,-100,-69,-61,-75,-77
1763545191695,-100,-57,-100,-100,-100,-74,-100,-69,-61,-75,-77
1763545191720,-100,-57,-100,-100,-100,-74,-100,-69,-61,-75,-77
1763545191745,-100,-57,-100,-100,-100,-74,-100,-69,-61,-75,-77
1763545191770,-100,-57,-100,-100,-100,-74,-100,-69,-61,-75,-77
1763545191795,-100,-57,-100,-100,-100,-74,-100,-69,-61,-75,-77
1763545191820,-100,-57,-100,-100,-100,-74,-100,-69,-61,-75,-77
1763545191846,-100,-57,-100,-100,-100,-74,-100,-69,-61,-75,-77
1763545191872,-100,-58,-100,-100,-100,-74,-100,-72,-60,-77,-77
1763545191898,-100,-58,-100,-100,-100,-74,-100,-72,-60,-77,-77
1763545191925,-100,-58,-100,-100,-100,-74,-100,-72,-60,-77,-77
1763545191951,-100,-58,-100,-100,-100,-74,-100,-72,-60,-77,-77
1763545191976,-100,-58,-100,-100,-100,-74,-100,-72,-60,-77,-77
1763545192001,-100,-58,-100,-100,-100,-74,-100,-72,-60,-77,-77
1763545192026,-100,-58,-100,-100,-100,-74,-100,-72,-60,-77,-77
1763545192052,-100,-58,-100,-100,-100,-74,-100,-72,-60,-77,-77
1763545192077,-100,-58,-100,-100,-100,-74,-100,-72,-60,-77,-77
1763545192102,-100,-58,-100,-100,-100,-74,-100,-72,-60,-77,-77
1763545192127,-100,-58,-100,-100,-100,-74,-100,-72,-60,-77,-77
1763545192152,-100,-58,-100,-100,-100,-74,-100,-72,-60,-77,-77
1763545192179,-100,-58,-100,-100,-100,-74,-100,-72,-60,-77,-77
1763545192204,-100,-58,-100,-100,-100,-74,-100,-72,-60,-77,-77
1763545192229,-100,-58,-100,-100,-100,-74,-100,-72,-60,-77,-77
1763545192255,-100,-58,-100,-100,-100,-74,-100,-72,-60,-77,-77
1763545192280,-100,-58,-100,-100,-100,-74,-100,-72,-60,-77,-77
1763545192305,-100,-58,-100,-100,-100,-74,-100,-72,-60,-77,-77
1763545192331,-100,-58,-100,-100,-100,-74,-100,-72,-60,-77,-77
1763545192357,-100,-58,-100,-100,-100,-74,-100,-72,-60,-77,-77
1763545192382,-100,-58,-100,-100,-100,-77,-100,-71,-63,-76,-76
1763545192408,-100,-58,-100,-100,-100,-77,-100,-71,-63,-76,-76
1763545192434,-100,-58,-100,-100,-100,-77,-100,-71,-63,-76,-76
1763545192460,-100,-58,-100,-100,-100,-77,-100,-71,-63,-76,-76
1763545192485,-100,-58,-100,-100,-100,-77,-100,-71,-63,-76,-76
1763545192511,-100,-58,-100,-100,-100,-77,-100,-71,-63,-76,-76
1763545192536,-100,-58,-100,-100,-100,-77,-100,-71,-63,-76,-76
1763545192561,-100,-58,-100,-100,-100,-77,-100,-71,-63,-76,-76
1763545192586,-100,-58,-100,-100,-100,-77,-100,-71,-63,-76,-76
1763545192612,-100,-58,-100,-100,-100,-77,-100,-71,-63,-76,-76
1763545192637,-100,-58,-100,-100,-100,-77,-100,-71,-63,-76,-76
1763545192662,-100,-58,-100,-100,-100,-77,-100,-71,-63,-76,-76
1763545192688,-100,-58,-100,-100,-100,-77,-100,-71,-63,-76,-76
1763545192713,-100,-58,-100,-100,-100,-77,-100,-71,-63,-76,-76
1763545192739,-100,-58,-100,-100,-100,-77,-100,-71,-63,-76,-76
1763545192765,-100,-58,-100,-100,-100,-77,-100,-71,-63,-76,-76
1763545192790,-100,-58,-100,-100,-100,-77,-100,-71,-63,-76,-76
1763545192816,-100,-58,-100,-100,-100,-77,-100,-71,-63,-76,-76
1763545192841,-100,-58,-100,-100,-100,-77,-100,-71,-63,-76,-76
1763545192866,-100,-58,-100,-100,-100,-77,-100,-71,-63,-76,-76
1763545192891,-100,-57,-100,-100,-100,-78,-100,-69,-63,-78,-77
1763545192918,-100,-57,-100,-100,-100,-78,-100,-69,-63,-78,-77
1763545192943,-100,-57,-100,-100,-100,-78,-100,-69,-63,-78,-77
1763545192968,-100,-57,-100,-100,-100,-78,-100,-69,-63,-78,-77
1763545192993,-100,-57,-100,-100,-100,-78,-100,-69,-63,-78,-77
1763545193019,-100,-57,-100,-100,-100,-78,-100,-69,-63,-78,-77
1763545193044,-100,-57,-100,-100,-100,-78,-100,-69,-63,-78,-77
1763545193069,-100,-57,-100,-100,-100,-78,-100,-69,-63,-78,-77
1763545193094,-100,-57,-100,-100,-100,-78,-100,-69,-63,-78,-77
1763545193119,-100,-57,-100,-100,-100,-78,-100,-69,-63,-78,-77
1763545193145,-100,-57,-100,-100,-100,-78,-100,-69,-63,-78,-77
1763545193170,-100,-57,-100,-100,-100,-78,-100,-69,-63,-78,-77
1763545193196,-100,-57,-100,-100,-100,-78,-100,-69,-63,-78,-77
1763545193221,-100,-57,-100,-100,-100,-78,-100,-69,-63,-78,-77
1763545193246,-100,-57,-100,-100,-100,-78,-100,-69,-63,-78,-77
1763545193271,-100,-57,-100,-100,-100,-78,-100,-69,-63,-78,-77
1763545193296,-100,-57,-100,-100,-100,-78,-100,-69,-63,-78,-77
1763545193321,-100,-57,-100,-100,-100,-78,-100,-69,-63,-78,-77
1763545193346,-100,-57,-100,-100,-100,-78,-100,-69,-63,-78,-77
1763545193371,-100,-59,-100,-100,-100,-79,-100,-66,-65,-79,-79
1763545193396,-100,-59,-100,-100,-100,-79,-100,-66,-65,-79,-79
1763545193421,-100,-59,-100,-100,-100,-79,-100,-66,-65,-79,-79
1763545193446,-100,-59,-100,-100,-100,-79,-100,-66,-65,-79,-79
1763545193471,-100,-59,-100,-100,-100,-79,-100,-66,-65,-79,-79
1763545193496,-100,-59,-100,-100,-100,-79,-100,-66,-65,-79,-79
1763545193521,-100,-59,-100,-100,-100,-79,-100,-66,-65,-79,-79
1763545193546,-100,-59,-100,-100,-100,-79,-100,-66,-65,-79,-79
1763545193572,-100,-59,-100,-100,-100,-79,-100,-66,-65,-79,-79
1763545193597,-100,-59,-100,-100,-100,-79,-100,-66,-65,-79,-79
1763545193623,-100,-59,-100,-100,-100,-79,-100,-66,-65,-79,-79
1763545193648,-100,-59,-100,-100,-100,-79,-100,-66,-65,-79,-79
1763545193673,-100,-59,-100,-100,-100,-79,-100,-66,-65,-79,-79
1763545193699,-100,-59,-100,-100,-100,-79,-100,-66,-65,-79,-79
1763545193724,-100,-59,-100,-100,-100,-79,-100,-66,-65,-79,-79
1763545193749,-100,-59,-100,-100,-100,-79,-100,-66,-65,-79,-79
1763545193774,-100,-59,-100,-100,-100,-79,-100,-66,-65,-79,-79
1763545193800,-100,-59,-100,-100,-100,-79,-100,-66,-65,-79,-79
1763545193824,-100,-59,-100,-100,-100,-79,-100,-66,-65,-79,-79
1763545193849,-100,-59,-100,-100,-100,-79,-100,-66,-65,-79,-79
1763545193874,-100,-59,-100,-100,-100,-79,-100,-68,-67,-80,-78
1763545193899,-100,-59,-100,-100,-100,-79,-100,-68,-67,-80,-78
1763545193924,-100,-59,-100,-100,-100,-79,-100,-68,-67,-80,-78
1763545193950,-100,-59,-100,-100,-100,-79,-100,-68,-67,-80,-78
1763545193975,-100,-59,-100,-100,-100,-79,-100,-68,-67,-80,-78
1763545194001,-100,-59,-100,-100,-100,-79,-100,-68,-67,-80,-78
1763545194026,-100,-59,-100,-100,-100,-79,-100,-68,-67,-80,-78
1763545194051,-100,-59,-100,-100,-100,-79,-100,-68,-67,-80,-78
1763545194077,-100,-59,-100,-100,-100,-79,-100,-68,-67,-80,-78
1763545194102,-100,-59,-100,-100,-100,-79,-100,-68,-67,-80,-78
1763545194129,-100,-59,-100,-100,-100,-79,-100,-68,-67,-80,-78
1763545194154,-100,-59,-100,-100,-100,-79,-100,-68,-67,-80,-78
1763545194179,-100,-59,-100,-100,-100,-79,-100,-68,-67,-80,-78
1763545194205,-100,-59,-100,-100,-100,-79,-100,-68,-67,-80,-78
1763545194231,-100,-59,-100,-100,-100,-79,-100,-68,-67,-80,-78
1763545194256,-100,-59,-100,-100,-100,-79,-100,-68,-67,-80,-78
1763545194282,-100,-59,-100,-100,-100,-79,-100,-68,-67,-80,-78
1763545194307,-100,-59,-100,-100,-100,-79,-100,-68,-67,-80,-78
1763545194333,-100,-59,-100,-100,-100,-79,-100,-68,-67,-80,-78
1763545194358,-100,-59,-100,-100,-100,-79,-100,-68,-67,-80,-78
1763545194383,-100,-56,-100,-100,-100,-77,-100,-70,-69,-80,-77
1763545194408,-100,-56,-100,-100,-100,-77,-100,-70,-69,-80,-77
1763545194433,-100,-56,-100,-100,-100,-77,-100,-70,-69,-80,-77
1763545194458,-100,-56,-100,-100,-100,-77,-100,-70,-69,-80,-77
1763545194484,-100,-56,-100,-100,-100,-77,-100,-70,-69,-80,-77
1763545194510,-100,-56,-100,-100,-100,-77,-100,-70,-69,-80,-77
1763545194536,-100,-56,-100,-100,-100,-77,-100,-70,-69,-80,-77
1763545194562,-100,-56,-100,-100,-100,-77,-100,-70,-69,-80,-77
1763545194587,-100,-56,-100,-100,-100,-77,-100,-70,-69,-80,-77
1763545194613,-100,-56,-100,-100,-100,-77,-100,-70,-69,-80,-77
1763545194638,-100,-56,-100,-100,-100,-77,-100,-70,-69,-80,-77
1763545194663,-100,-56,-100,-100,-100,-77,-100,-70,-69,-80,-77
1763545194688,-100,-56,-100,-100,-100,-77,-100,-70,-69,-80,-77
1763545194713,-100,-56,-100,-100,-100,-77,-100,-70,-69,-80,-77
1763545194738,-100,-56,-100,-100,-100,-77,-100,-70,-69,-80,-77
1763545194763,-100,-56,-100,-100,-100,-77,-100,-70,-69,-80,-77
1763545194788,-100,-56,-100,-100,-100,-77,-100,-70,-69,-80,-77
1763545194814,-100,-56,-100,-100,-100,-77,-100,-70,-69,-80,-77
1763545194839,-100,-56,-100,-100,-100,-77,-100,-70,-69,-80,-77
1763545194865,-100,-56,-100,-100,-100,-77,-100,-70,-69,-80,-77
1763545194890,-100,-54,-100,-100,-100,-77,-100,-71,-68,-80,-76
1763545194915,-100,-54,-100,-100,-100,-77,-100,-71,-68,-80,-76
1763545194941,-100,-54,-100,-100,-100,-77,-100,-71,-68,-80,-76
1763545194966,-100,-54,-100,-100,-100,-77,-100,-71,-68,-80,-76
1763545194991,-100,-54,-100,-100,-100,-77,-100,-71,-68,-80,-76
1763545195017,-100,-54,-100,-100,-100,-77,-100,-71,-68,-80,-76
1763545195042,-100,-54,-100,-100,-100,-77,-100,-71,-68,-80,-76
1763545195067,-100,-54,-100,-100,-100,-77,-100,-71,-68,-80,-76
1763545195092,-100,-54,-100,-100,-100,-77,-100,-71,-68,-80,-76
1763545195117,-100,-54,-100,-100,-100,-77,-100,-71,-68,-80,-76
1763545195142,-100,-54,-100,-100,-100,-77,-100,-71,-68,-80,-76
1763545195167,-100,-54,-100,-100,-100,-77,-100,-71,-68,-80,-76
1763545195192,-100,-54,-100,-100,-100,-77,-100,-71,-68,-80,-76
1763545195217,-100,-54,-100,-100,-100,-77,-100,-71,-68,-80,-76
1763545195242,-100,-54,-100,-100,-100,-77,-100,-71,-68,-80,-76
1763545195268,-100,-54,-100,-100,-100,-77,-100,-71,-68,-80,-76
1763545195293,-100,-54,-100,-100,-100,-77,-100,-71,-68,-80,-76
1763545195319,-100,-54,-100,-100,-100,-77,-100,-71,-68,-80,-76
1763545195344,-100,-54,-100,-100,-100,-77,-100,-71,-68,-80,-76
1763545195370,-100,-54,-100,-100,-100,-77,-100,-71,-68,-80,-76
1763545195395,-100,-52,-100,-100,-100,-79,-100,-67,-67,-81,-77
1763545195420,-100,-52,-100,-100,-100,-79,-100,-67,-67,-81,-77
1763545195445,-100,-52,-100,-100,-100,-79,-100,-67,-67,-81,-77
1763545195470,-100,-52,-100,-100,-100,-79,-100,-67,-67,-81,-77
1763545195495,-100,-52,-100,-100,-100,-79,-100,-67,-67,-81,-77
1763545195520,-100,-52,-100,-100,-100,-79,-100,-67,-67,-81,-77
1763545195547,-100,-52,-100,-100,-100,-79,-100,-67,-67,-81,-77
1763545195572,-100,-52,-100,-100,-100,-79,-100,-67,-67,-81,-77
1763545195598,-100,-52,-100,-100,-100,-79,-100,-67,-67,-81,-77
1763545195623,-100,-52,-100,-100,-100,-79,-100,-67,-67,-81,-77
1763545195648,-100,-52,-100,-100,-100,-79,-100,-67,-67,-81,-77
1763545195673,-100,-52,-100,-100,-100,-79,-100,-67,-67,-81,-77
1763545195699,-100,-52,-100,-100,-100,-79,-100,-67,-67,-81,-77
1763545195724,-100,-52,-100,-100,-100,-79,-100,-67,-67,-81,-77
1763545195749,-100,-52,-100,-100,-100,-79,-100,-67,-67,-81,-77
1763545195774,-100,-52,-100,-100,-100,-79,-100,-67,-67,-81,-77
1763545195800,-100,-52,-100,-100,-100,-79,-100,-67,-67,-81,-77
1763545195825,-100,-52,-100,-100,-100,-79,-100,-67,-67,-81,-77
1763545195850,-100,-52,-100,-100,-100,-79,-100,-67,-67,-81,-77
1763545195875,-100,-54,-100,-100,-100,-80,-100,-65,-68,-80,-76
1763545195900,-100,-54,-100,-100,-100,-80,-100,-65,-68,-80,-76
1763545195925,-100,-54,-100,-100,-100,-80,-100,-65,-68,-80,-76
1763545195950,-100,-54,-100,-100,-100,-80,-100,-65,-68,-80,-76
1763545195976,-100,-54,-100,-100,-100,-80,-100,-65,-68,-80,-76
1763545196001,-100,-54,-100,-100,-100,-80,-100,-65,-68,-80,-76
1763545196026,-100,-54,-100,-100,-100,-80,-100,-65,-68,-80,-76
1763545196052,-100,-54,-100,-100,-100,-80,-100,-65,-68,-80,-76
1763545196077,-100,-54,-100,-100,-100,-80,-100,-65,-68,-80,-76
1763545196102,-100,-54,-100,-100,-100,-80,-100,-65,-68,-80,-76
1763545196127,-100,-54,-100,-100,-100,-80,-100,-65,-68,-80,-76
1763545196152,-100,-54,-100,-100,-100,-80,-100,-65,-68,-80,-76
1763545196177,-100,-54,-100,-100,-100,-80,-100,-65,-68,-80,-76
1763545196202,-100,-54,-100,-100,-100,-80,-100,-65,-68,-80,-76
1763545196227,-100,-54,-100,-100,-100,-80,-100,-65,-68,-80,-76
1763545196252,-100,-54,-100,-100,-100,-80,-100,-65,-68,-80,-76
1763545196278,-100,-54,-100,-100,-100,-80,-100,-65,-68,-80,-76
1763545196303,-100,-54,-100,-100,-100,-80,-100,-65,-68,-80,-76
1763545196330,-100,-54,-100,-100,-100,-80,-100,-65,-68,-80,-76
1763545196355,-100,-54,-100,-100,-100,-80,-100,-65,-68,-80,-76
1763545196380,-100,-56,-100,-100,-100,-80,-100,-67,-70,-80,-74
1763545196405,-100,-56,-100,-100,-100,-80,-100,-67,-70,-80,-74
1763545196430,-100,-56,-100,-100,-100,-80,-100,-67,-70,-80,-74
1763545196455,-100,-56,-100,-100,-100,-80,-100,-67,-70,-80,-74
1763545196480,-100,-56,-100,-100,-100,-80,-100,-67,-70,-80,-74
1763545196506,-100,-56,-100,-100,-100,-80,-100,-67,-70,-80,-74
1763545196532,-100,-56,-100,-100,-100,-80,-100,-67,-70,-80,-74
1763545196557,-100,-56,-100,-100,-100,-80,-100,-67,-70,-80,-74
1763545196583,-100,-56,-100,-100,-100,-80,-100,-67,-70,-80,-74
1763545196608,-100,-56,-100,-100,-100,-80,-100,-67,-70,-80,-74
1763545196633,-100,-56,-100,-100,-100,-80,-100,-67,-70,-80,-74
1763545196658,-100,-56,-100,-100,-100,-80,-100,-67,-70,-80,-74
1763545196684,-100,-56,-100,-100,-100,-80,-100,-67,-70,-80,-74
1763545196709,-100,-56,-100,-100,-100,-80,-100,-67,-70,-80,-74
1763545196734,-100,-56,-100,-100,-100,-80,-100,-67,-70,-80,-74
1763545196759,-100,-56,-100,-100,-100,-80,-100,-67,-70,-80,-74
1763545196784,-100,-56,-100,-100,-100,-80,-100,-67,-70,-80,-74
1763545196810,-100,-56,-100,-100,-100,-80,-100,-67,-70,-80,-74
1763545196835,-100,-56,-100,-100,-100,-80,-100,-67,-70,-80,-74
1763545196861,-100,-56,-100,-100,-100,-80,-100,-67,-70,-80,-74
1763545196886,-100,-57,-100,-100,-100,-79,-100,-71,-72,-80,-74
1763545196911,-100,-57,-100,-100,-100,-79,-100,-71,-72,-80,-74
1763545196936,-100,-57,-100,-100,-100,-79,-100,-71,-72,-80,-74
1763545196962,-100,-57,-100,-100,-100,-79,-100,-71,-72,-80,-74
1763545196988,-100,-57,-100,-100,-100,-79,-100,-71,-72,-80,-74
1763545197014,-100,-57,-100,-100,-100,-79,-100,-71,-72,-80,-74
1763545197040,-100,-57,-100,-100,-100,-79,-100,-71,-72,-80,-74
1763545197066,-100,-57,-100,-100,-100,-79,-100,-71,-72,-80,-74
1763545197091,-100,-57,-100,-100,-100,-79,-100,-71,-72,-80,-74
1763545197117,-100,-57,-100,-100,-100,-79,-100,-71,-72,-80,-74
1763545197142,-100,-57,-100,-100,-100,-79,-100,-71,-72,-80,-74
1763545197167,-100,-57,-100,-100,-100,-79,-100,-71,-72,-80,-74
1763545197192,-100,-57,-100,-100,-100,-79,-100,-71,-72,-80,-74
1763545197218,-100,-57,-100,-100,-100,-79,-100,-71,-72,-80,-74
1763545197243,-100,-57,-100,-100,-100,-79,-100,-71,-72,-80,-74
1763545197268,-100,-57,-100,-100,-100,-79,-100,-71,-72,-80,-74
1763545197293,-100,-57,-100,-100,-100,-79,-100,-71,-72,-80,-74
1763545197318,-100,-57,-100,-100,-100,-79,-100,-71,-72,-80,-74
1763545197343,-100,-57,-100,-100,-100,-79,-100,-71,-72,-80,-74
1763545197368,-100,-57,-100,-100,-100,-79,-100,-71,-72,-80,-74
1763545197393,-100,-60,-100,-100,-100,-100,-100,-73,-73,-100,-76
1763545197418,-100,-60,-100,-100,-100,-100,-100,-73,-73,-100,-76
1763545197443,-100,-60,-100,-100,-100,-100,-100,-73,-73,-100,-76
1763545197468,-100,-60,-100,-100,-100,-100,-100,-73,-73,-100,-76
1763545197494,-100,-60,-100,-100,-100,-100,-100,-73,-73,-100,-76
1763545197519,-100,-60,-100,-100,-100,-100,-100,-73,-73,-100,-76
1763545197545,-100,-60,-100,-100,-100,-100,-100,-73,-73,-100,-76
1763545197570,-100,-60,-100,-100,-100,-100,-100,-73,-73,-100,-76
1763545197595,-100,-60,-100,-100,-100,-100,-100,-73,-73,-100,-76
1763545197620,-100,-60,-100,-100,-100,-100,-100,-73,-73,-100,-76
1763545197645,-100,-60,-100,-100,-100,-100,-100,-73,-73,-100,-76
1763545197671,-100,-60,-100,-100,-100,-100,-100,-73,-73,-100,-76
1763545197696,-100,-60,-100,-100,-100,-100,-100,-73,-73,-100,-76
1763545197721,-100,-60,-100,-100,-100,-100,-100,-73,-73,-100,-76
1763545197746,-100,-60,-100,-100,-100,-100,-100,-73,-73,-100,-76
1763545197771,-100,-60,-100,-100,-100,-100,-100,-73,-73,-100,-76
1763545197796,-100,-60,-100,-100,-100,-100,-100,-73,-73,-100,-76
1763545197821,-100,-60,-100,-100,-100,-100,-100,-73,-73,-100,-76
1763545197846,-100,-60,-100,-100,-100,-100,-100,-73,-73,-100,-76
1763545197872,-100,-60,-100,-100,-100,-100,-100,-73,-73,-100,-76
1763545197897,-100,-62,-100,-100,-100,-100,-100,-70,-73,-100,-73
1763545197922,-100,-62,-100,-100,-100,-100,-100,-70,-73,-100,-73
1763545197948,-100,-62,-100,-100,-100,-100,-100,-70,-73,-100,-73
1763545197973,-100,-62,-100,-100,-100,-100,-100,-70,-73,-100,-73
1763545197999,-100,-62,-100,-100,-100,-100,-100,-70,-73,-100,-73
1763545198024,-100,-62,-100,-100,-100,-100,-100,-70,-73,-100,-73
1763545198049,-100,-62,-100,-100,-100,-100,-100,-70,-73,-100,-73
1763545198074,-100,-62,-100,-100,-100,-100,-100,-70,-73,-100,-73
1763545198099,-100,-62,-100,-100,-100,-100,-100,-70,-73,-100,-73
1763545198124,-100,-62,-100,-100,-100,-100,-100,-70,-73,-100,-73
1763545198150,-100,-62,-100,-100,-100,-100,-100,-70,-73,-100,-73
1763545198175,-100,-62,-100,-100,-100,-100,-100,-70,-73,-100,-73
1763545198200,-100,-62,-100,-100,-100,-100,-100,-70,-73,-100,-73
1763545198226,-100,-62,-100,-100,-100,-100,-100,-70,-73,-100,-73
1763545198251,-100,-62,-100,-100,-100,-100,-100,-70,-73,-100,-73
1763545198278,-100,-62,-100,-100,-100,-100,-100,-70,-73,-100,-73
1763545198303,-100,-62,-100,-100,-100,-100,-100,-70,-73,-100,-73
1763545198328,-100,-62,-100,-100,-100,-100,-100,-70,-73,-100,-73
1763545198354,-100,-62,-100,-100,-100,-100,-100,-70,-73,-100,-73
1763545198378,-100,-62,-100,-100,-100,-100,-100,-70,-77,-100,-72
1763545198403,-100,-62,-100,-100,-100,-100,-100,-70,-77,-100,-72
1763545198429,-100,-62,-100,-100,-100,-100,-100,-70,-77,-100,-72
1763545198454,-100,-62,-100,-100,-100,-100,-100,-70,-77,-100,-72
1763545198480,-100,-62,-100,-100,-100,-100,-100,-70,-77,-100,-72
1763545198505,-100,-62,-100,-100,-100,-100,-100,-70,-77,-100,-72
1763545198530,-100,-62,-100,-100,-100,-100,-100,-70,-77,-100,-72
1763545198555,-100,-62,-100,-100,-100,-100,-100,-70,-77,-100,-72
1763545198581,-100,-62,-100,-100,-100,-100,-100,-70,-77,-100,-72
1763545198606,-100,-62,-100,-100,-100,-100,-100,-70,-77,-100,-72
1763545198631,-100,-62,-100,-100,-100,-100,-100,-70,-77,-100,-72
1763545198656,-100,-62,-100,-100,-100,-100,-100,-70,-77,-100,-72
1763545198681,-100,-62,-100,-100,-100,-100,-100,-70,-77,-100,-72
1763545198707,-100,-62,-100,-100,-100,-100,-100,-70,-77,-100,-72
1763545198731,-100,-62,-100,-100,-100,-100,-100,-70,-77,-100,-72
1763545198756,-100,-62,-100,-100,-100,-100,-100,-70,-77,-100,-72
1763545198781,-100,-62,-100,-100,-100,-100,-100,-70,-77,-100,-72
1763545198806,-100,-62,-100,-100,-100,-100,-100,-70,-77,-100,-72
1763545198831,-100,-62,-100,-100,-100,-100,-100,-70,-77,-100,-72
1763545198856,-100,-62,-100,-100,-100,-100,-100,-70,-77,-100,-72
1763545198882,-100,-65,-100,-100,-100,-100,-100,-67,-77,-100,-73
1763545198908,-100,-65,-100,-100,-100,-100,-100,-67,-77,-100,-73
1763545198932,-100,-65,-100,-100,-100,-100,-100,-67,-77,-100,-73
1763545198957,-100,-65,-100,-100,-100,-100,-100,-67,-77,-100,-73
1763545198983,-100,-65,-100,-100,-100,-100,-100,-67,-77,-100,-73
1763545199008,-100,-65,-100,-100,-100,-100,-100,-67,-77,-100,-73
1763545199034,-100,-65,-100,-100,-100,-100,-100,-67,-77,-100,-73
1763545199059,-100,-65,-100,-100,-100,-100,-100,-67,-77,-100,-73
1763545199084,-100,-65,-100,-100,-100,-100,-100,-67,-77,-100,-73
1763545199109,-100,-65,-100,-100,-100,-100,-100,-67,-77,-100,-73
1763545199134,-100,-65,-100,-100,-100,-100,-100,-67,-77,-100,-73
1763545199159,-100,-65,-100,-100,-100,-100,-100,-67,-77,-100,-73
1763545199185,-100,-65,-100,-100,-100,-100,-100,-67,-77,-100,-73
1763545199209,-100,-65,-100,-100,-100,-100,-100,-67,-77,-100,-73
1763545199234,-100,-65,-100,-100,-100,-100,-100,-67,-77,-100,-73
1763545199259,-100,-65,-100,-100,-100,-100,-100,-67,-77,-100,-73
1763545199284,-100,-65,-100,-100,-100,-100,-100,-67,-77,-100,-73
1763545199310,-100,-65,-100,-100,-100,-100,-100,-67,-77,-100,-73
1763545199335,-100,-65,-100,-100,-100,-100,-100,-67,-77,-100,-73
1763545199361,-100,-65,-100,-100,-100,-100,-100,-67,-77,-100,-73
1763545199386,-100,-68,-100,-100,-100,-100,-100,-64,-78,-100,-73
1763545199411,-100,-68,-100,-100,-100,-100,-100,-64,-78,-100,-73
1763545199437,-100,-68,-100,-100,-100,-100,-100,-64,-78,-100,-73
1763545199462,-100,-68,-100,-100,-100,-100,-100,-64,-78,-100,-73
1763545199487,-100,-68,-100,-100,-100,-100,-100,-64,-78,-100,-73
1763545199512,-100,-68,-100,-100,-100,-100,-100,-64,-78,-100,-73
1763545199537,-100,-68,-100,-100,-100,-100,-100,-64,-78,-100,-73
1763545199562,-100,-68,-100,-100,-100,-100,-100,-64,-78,-100,-73
1763545199587,-100,-68,-100,-100,-100,-100,-100,-64,-78,-100,-73
1763545199612,-100,-68,-100,-100,-100,-100,-100,-64,-78,-100,-73
1763545199637,-100,-68,-100,-100,-100,-100,-100,-64,-78,-100,-73
1763545199662,-100,-68,-100,-100,-100,-100,-100,-64,-78,-100,-73
1763545199688,-100,-68,-100,-100,-100,-100,-100,-64,-78,-100,-73
1763545199713,-100,-68,-100,-100,-100,-100,-100,-64,-78,-100,-73
1763545199738,-100,-68,-100,-100,-100,-100,-100,-64,-78,-100,-73
1763545199763,-100,-68,-100,-100,-100,-100,-100,-64,-78,-100,-73
1763545199788,-100,-68,-100,-100,-100,-100,-100,-64,-78,-100,-73
1763545199813,-100,-68,-100,-100,-100,-100,-100,-64,-78,-100,-73
1763545199838,-100,-68,-100,-100,-100,-100,-100,-64,-78,-100,-73
1763545199863,-100,-68,-100,-100,-100,-100,-100,-64,-78,-100,-73
1763545199888,-100,-69,-100,-100,-100,-100,-100,-62,-78,-100,-74
1763545199914,-100,-69,-100,-100,-100,-100,-100,-62,-78,-100,-74
1763545199940,-100,-69,-100,-100,-100,-100,-100,-62,-78,-100,-74
1763545199965,-100,-69,-100,-100,-100,-100,-100,-62,-78,-100,-74
1763545199990,-100,-69,-100,-100,-100,-100,-100,-62,-78,-100,-74
1763545200016,-100,-69,-100,-100,-100,-100,-100,-62,-78,-100,-74
1763545200041,-100,-69,-100,-100,-100,-100,-100,-62,-78,-100,-74
1763545200066,-100,-69,-100,-100,-100,-100,-100,-62,-78,-100,-74
1763545200091,-100,-69,-100,-100,-100,-100,-100,-62,-78,-100,-74
1763545200116,-100,-69,-100,-100,-100,-100,-100,-62,-78,-100,-74
1763545200141,-100,-69,-100,-100,-100,-100,-100,-62,-78,-100,-74
1763545200166,-100,-69,-100,-100,-100,-100,-100,-62,-78,-100,-74
1763545200192,-100,-69,-100,-100,-100,-100,-100,-62,-78,-100,-74
1763545200218,-100,-69,-100,-100,-100,-100,-100,-62,-78,-100,-74
1763545200243,-100,-69,-100,-100,-100,-100,-100,-62,-78,-100,-74
1763545200268,-100,-69,-100,-100,-100,-100,-100,-62,-78,-100,-74
1763545200293,-100,-69,-100,-100,-100,-100,-100,-62,-78,-100,-74
1763545200318,-100,-69,-100,-100,-100,-100,-100,-62,-78,-100,-74
1763545200343,-100,-69,-100,-100,-100,-100,-100,-62,-78,-100,-74
1763545200368,-100,-69,-100,-100,-100,-100,-100,-62,-78,-100,-74
1763545200393,-100,-71,-100,-100,-100,-100,-100,-63,-78,-100,-73
1763545200419,-100,-71,-100,-100,-100,-100,-100,-63,-78,-100,-73
1763545200445,-100,-71,-100,-100,-100,-100,-100,-63,-78,-100,-73
1763545200472,-100,-71,-100,-100,-100,-100,-100,-63,-78,-100,-73
1763545200496,-100,-71,-100,-100,-100,-100,-100,-63,-78,-100,-73
1763545200521,-100,-71,-100,-100,-100,-100,-100,-63,-78,-100,-73
1763545200546,-100,-71,-100,-100,-100,-100,-100,-63,-78,-100,-73
1763545200571,-100,-71,-100,-100,-100,-100,-100,-63,-78,-100,-73
1763545200597,-100,-71,-100,-100,-100,-100,-100,-63,-78,-100,-73
1763545200623,-100,-71,-100,-100,-100,-100,-100,-63,-78,-100,-73
1763545200648,-100,-71,-100,-100,-100,-100,-100,-63,-78,-100,-73
1763545200673,-100,-71,-100,-100,-100,-100,-100,-63,-78,-100,-73
1763545200699,-100,-71,-100,-100,-100,-100,-100,-63,-78,-100,-73
1763545200724,-100,-71,-100,-100,-100,-100,-100,-63,-78,-100,-73
1763545200749,-100,-71,-100,-100,-100,-100,-100,-63,-78,-100,-73
1763545200774,-100,-71,-100,-100,-100,-100,-100,-63,-78,-100,-73
1763545200799,-100,-71,-100,-100,-100,-100,-100,-63,-78,-100,-73
1763545200825,-100,-71,-100,-100,-100,-100,-100,-63,-78,-100,-73
1763545200849,-100,-71,-100,-100,-100,-100,-100,-63,-78,-100,-73
1763545200874,-100,-71,-100,-100,-100,-100,-100,-63,-78,-100,-73
1763545200900,-100,-71,-100,-100,-100,-100,-100,-59,-79,-100,-71
1763545200924,-100,-71,-100,-100,-100,-100,-100,-59,-79,-100,-71
1763545200949,-100,-71,-100,-100,-100,-100,-100,-59,-79,-100,-71
1763545200974,-100,-71,-100,-100,-100,-100,-100,-59,-79,-100,-71
1763545200999,-100,-71,-100,-100,-100,-100,-100,-59,-79,-100,-71
1763545201024,-100,-71,-100,-100,-100,-100,-100,-59,-79,-100,-71
1763545201049,-100,-71,-100,-100,-100,-100,-100,-59,-79,-100,-71
1763545201074,-100,-71,-100,-100,-100,-100,-100,-59,-79,-100,-71
1763545201099,-100,-71,-100,-100,-100,-100,-100,-59,-79,-100,-71
1763545201124,-100,-71,-100,-100,-100,-100,-100,-59,-79,-100,-71
1763545201149,-100,-71,-100,-100,-100,-100,-100,-59,-79,-100,-71
1763545201175,-100,-71,-100,-100,-100,-100,-100,-59,-79,-100,-71
1763545201201,-100,-71,-100,-100,-100,-100,-100,-59,-79,-100,-71
1763545201226,-100,-71,-100,-100,-100,-100,-100,-59,-79,-100,-71
1763545201251,-100,-71,-100,-100,-100,-100,-100,-59,-79,-100,-71
1763545201276,-100,-71,-100,-100,-100,-100,-100,-59,-79,-100,-71
1763545201301,-100,-71,-100,-100,-100,-100,-100,-59,-79,-100,-71
1763545201326,-100,-71,-100,-100,-100,-100,-100,-59,-79,-100,-71
1763545201351,-100,-71,-100,-100,-100,-100,-100,-59,-79,-100,-71
1763545201376,-100,-71,-100,-100,-100,-100,-100,-59,-79,-100,-71
1763545201401,-100,-69,-100,-100,-100,-100,-100,-55,-80,-100,-70
1763545201426,-100,-69,-100,-100,-100,-100,-100,-55,-80,-100,-70
1763545201451,-100,-69,-100,-100,-100,-100,-100,-55,-80,-100,-70
1763545201476,-100,-69,-100,-100,-100,-100,-100,-55,-80,-100,-70
1763545201503,-100,-69,-100,-100,-100,-100,-100,-55,-80,-100,-70
1763545201528,-100,-69,-100,-100,-100,-100,-100,-55,-80,-100,-70
1763545201553,-100,-69,-100,-100,-100,-100,-100,-55,-80,-100,-70
1763545201579,-100,-69,-100,-100,-100,-100,-100,-55,-80,-100,-70
1763545201604,-100,-69,-100,-100,-100,-100,-100,-55,-80,-100,-70
1763545201630,-100,-69,-100,-100,-100,-100,-100,-55,-80,-100,-70
1763545201655,-100,-69,-100,-100,-100,-100,-100,-55,-80,-100,-70
1763545201680,-100,-69,-100,-100,-100,-100,-100,-55,-80,-100,-70
1763545201705,-100,-69,-100,-100,-100,-100,-100,-55,-80,-100,-70
1763545201731,-100,-69,-100,-100,-100,-100,-100,-55,-80,-100,-70
1763545201756,-100,-69,-100,-100,-100,-100,-100,-55,-80,-100,-70
1763545201781,-100,-69,-100,-100,-100,-100,-100,-55,-80,-100,-70
1763545201807,-100,-69,-100,-100,-100,-100,-100,-55,-80,-100,-70
1763545201832,-100,-69,-100,-100,-100,-100,-100,-55,-80,-100,-70
1763545201857,-100,-69,-100,-100,-100,-100,-100,-55,-80,-100,-70
1763545201883,-100,-67,-100,-100,-100,-79,-100,-53,-77,-100,-67
1763545201908,-100,-67,-100,-100,-100,-79,-100,-53,-77,-100,-67
1763545201933,-100,-67,-100,-100,-100,-79,-100,-53,-77,-100,-67
1763545201958,-100,-67,-100,-100,-100,-79,-100,-53,-77,-100,-67
1763545201983,-100,-67,-100,-100,-100,-79,-100,-53,-77,-100,-67
1763545202008,-100,-67,-100,-100,-100,-79,-100,-53,-77,-100,-67
1763545202034,-100,-67,-100,-100,-100,-79,-100,-53,-77,-100,-67
1763545202059,-100,-67,-100,-100,-100,-79,-100,-53,-77,-100,-67
1763545202084,-100,-67,-100,-100,-100,-79,-100,-53,-77,-100,-67
1763545202109,-100,-67,-100,-100,-100,-79,-100,-53,-77,-100,-67
1763545202134,-100,-67,-100,-100,-100,-79,-100,-53,-77,-100,-67
1763545202159,-100,-67,-100,-100,-100,-79,-100,-53,-77,-100,-67
1763545202184,-100,-67,-100,-100,-100,-79,-100,-53,-77,-100,-67
1763545202209,-100,-67,-100,-100,-100,-79,-100,-53,-77,-100,-67
1763545202235,-100,-67,-100,-100,-100,-79,-100,-53,-77,-100,-67
1763545202260,-100,-67,-100,-100,-100,-79,-100,-53,-77,-100,-67
1763545202285,-100,-67,-100,-100,-100,-79,-100,-53,-77,-100,-67
1763545202310,-100,-67,-100,-100,-100,-79,-100,-53,-77,-100,-67
1763545202337,-100,-67,-100,-100,-100,-79,-100,-53,-77,-100,-67
1763545202363,-100,-67,-100,-100,-100,-79,-100,-53,-77,-100,-67
1763545202388,-100,-67,-100,-100,-100,-79,-100,-56,-76,-100,-64
1763545202413,-100,-67,-100,-100,-100,-79,-100,-56,-76,-100,-64
1763545202438,-100,-67,-100,-100,-100,-79,-100,-56,-76,-100,-64
1763545202463,-100,-67,-100,-100,-100,-79,-100,-56,-76,-100,-64
1763545202488,-100,-67,-100,-100,-100,-79,-100,-56,-76,-100,-64
1763545202513,-100,-67,-100,-100,-100,-79,-100,-56,-76,-100,-64
1763545202538,-100,-67,-100,-100,-100,-79,-100,-56,-76,-100,-64
1763545202564,-100,-67,-100,-100,-100,-79,-100,-56,-76,-100,-64
1763545202588,-100,-67,-100,-100,-100,-79,-100,-56,-76,-100,-64
1763545202613,-100,-67,-100,-100,-100,-79,-100,-56,-76,-100,-64
1763545202638,-100,-67,-100,-100,-100,-79,-100,-56,-76,-100,-64
1763545202663,-100,-67,-100,-100,-100,-79,-100,-56,-76,-100,-64
1763545202688,-100,-67,-100,-100,-100,-79,-100,-56,-76,-100,-64
1763545202713,-100,-67,-100,-100,-100,-79,-100,-56,-76,-100,-64
1763545202738,-100,-67,-100,-100,-100,-79,-100,-56,-76,-100,-64
1763545202763,-100,-67,-100,-100,-100,-79,-100,-56,-76,-100,-64
1763545202789,-100,-67,-100,-100,-100,-79,-100,-56,-76,-100,-64
1763545202814,-100,-67,-100,-100,-100,-79,-100,-56,-76,-100,-64
1763545202839,-100,-67,-100,-100,-100,-79,-100,-56,-76,-100,-64
1763545202865,-100,-67,-100,-100,-100,-79,-100,-56,-76,-100,-64
1763545202890,-100,-68,-100,-100,-100,-79,-100,-57,-76,-81,-64
1763545202916,-100,-68,-100,-100,-100,-79,-100,-57,-76,-81,-64
1763545202942,-100,-68,-100,-100,-100,-79,-100,-57,-76,-81,-64
1763545202968,-100,-68,-100,-100,-100,-79,-100,-57,-76,-81,-64
1763545202994,-100,-68,-100,-100,-100,-79,-100,-57,-76,-81,-64
1763545203019,-100,-68,-100,-100,-100,-79,-100,-57,-76,-81,-64
1763545203044,-100,-68,-100,-100,-100,-79,-100,-57,-76,-81,-64
1763545203070,-100,-68,-100,-100,-100,-79,-100,-57,-76,-81,-64
1763545203095,-100,-68,-100,-100,-100,-79,-100,-57,-76,-81,-64
1763545203120,-100,-68,-100,-100,-100,-79,-100,-57,-76,-81,-64
1763545203145,-100,-68,-100,-100,-100,-79,-100,-57,-76,-81,-64
1763545203170,-100,-68,-100,-100,-100,-79,-100,-57,-76,-81,-64
1763545203196,-100,-68,-100,-100,-100,-79,-100,-57,-76,-81,-64
1763545203222,-100,-68,-100,-100,-100,-79,-100,-57,-76,-81,-64
1763545203248,-100,-68,-100,-100,-100,-79,-100,-57,-76,-81,-64
1763545203273,-100,-68,-100,-100,-100,-79,-100,-57,-76,-81,-64
1763545203299,-100,-68,-100,-100,-100,-79,-100,-57,-76,-81,-64
1763545203324,-100,-68,-100,-100,-100,-79,-100,-57,-76,-81,-64
1763545203349,-100,-68,-100,-100,-100,-79,-100,-57,-76,-81,-64
1763545203374,-100,-68,-100,-100,-100,-79,-100,-57,-76,-81,-64
1763545203399,-100,-69,-100,-100,-100,-81,-100,-57,-76,-81,-65
1763545203424,-100,-69,-100,-100,-100,-81,-100,-57,-76,-81,-65
1763545203449,-100,-69,-100,-100,-100,-81,-100,-57,-76,-81,-65
1763545203475,-100,-69,-100,-100,-100,-81,-100,-57,-76,-81,-65
1763545203501,-100,-69,-100,-100,-100,-81,-100,-57,-76,-81,-65
1763545203526,-100,-69,-100,-100,-100,-81,-100,-57,-76,-81,-65
1763545203551,-100,-69,-100,-100,-100,-81,-100,-57,-76,-81,-65
1763545203576,-100,-69,-100,-100,-100,-81,-100,-57,-76,-81,-65
1763545203601,-100,-69,-100,-100,-100,-81,-100,-57,-76,-81,-65
1763545203626,-100,-69,-100,-100,-100,-81,-100,-57,-76,-81,-65
1763545203651,-100,-69,-100,-100,-100,-81,-100,-57,-76,-81,-65
1763545203676,-100,-69,-100,-100,-100,-81,-100,-57,-76,-81,-65
1763545203701,-100,-69,-100,-100,-100,-81,-100,-57,-76,-81,-65
1763545203727,-100,-69,-100,-100,-100,-81,-100,-57,-76,-81,-65
1763545203751,-100,-69,-100,-100,-100,-81,-100,-57,-76,-81,-65
1763545203776,-100,-69,-100,-100,-100,-81,-100,-57,-76,-81,-65
1763545203801,-100,-69,-100,-100,-100,-81,-100,-57,-76,-81,-65
1763545203826,-100,-69,-100,-100,-100,-81,-100,-57,-76,-81,-65
1763545203852,-100,-69,-100,-100,-100,-81,-100,-57,-76,-81,-65
1763545203877,-100,-69,-100,-100,-100,-81,-100,-57,-76,-81,-65
1763545203902,-100,-70,-100,-100,-100,-81,-100,-57,-75,-100,-65
1763545203928,-100,-70,-100,-100,-100,-81,-100,-57,-75,-100,-65
1763545203953,-100,-70,-100,-100,-100,-81,-100,-57,-75,-100,-65
1763545203978,-100,-70,-100,-100,-100,-81,-100,-57,-75,-100,-65
1763545204003,-100,-70,-100,-100,-100,-81,-100,-57,-75,-100,-65
1763545204028,-100,-70,-100,-100,-100,-81,-100,-57,-75,-100,-65
1763545204053,-100,-70,-100,-100,-100,-81,-100,-57,-75,-100,-65
1763545204078,-100,-70,-100,-100,-100,-81,-100,-57,-75,-100,-65
1763545204103,-100,-70,-100,-100,-100,-81,-100,-57,-75,-100,-65
1763545204128,-100,-70,-100,-100,-100,-81,-100,-57,-75,-100,-65
1763545204153,-100,-70,-100,-100,-100,-81,-100,-57,-75,-100,-65
1763545204178,-100,-70,-100,-100,-100,-81,-100,-57,-75,-100,-65
1763545204203,-100,-70,-100,-100,-100,-81,-100,-57,-75,-100,-65
1763545204229,-100,-70,-100,-100,-100,-81,-100,-57,-75,-100,-65
1763545204254,-100,-70,-100,-100,-100,-81,-100,-57,-75,-100,-65
1763545204279,-100,-70,-100,-100,-100,-81,-100,-57,-75,-100,-65
1763545204304,-100,-70,-100,-100,-100,-81,-100,-57,-75,-100,-65
1763545204329,-100,-70,-100,-100,-100,-81,-100,-57,-75,-100,-65
1763545204354,-100,-70,-100,-100,-100,-81,-100,-57,-75,-100,-65
1763545204379,-100,-70,-100,-100,-100,-81,-100,-57,-75,-100,-65
1763545204404,-100,-70,-100,-100,-100,-82,-100,-55,-76,-100,-62
1763545204429,-100,-70,-100,-100,-100,-82,-100,-55,-76,-100,-62
1763545204455,-100,-70,-100,-100,-100,-82,-100,-55,-76,-100,-62
1763545204480,-100,-70,-100,-100,-100,-82,-100,-55,-76,-100,-62
1763545204505,-100,-70,-100,-100,-100,-82,-100,-55,-76,-100,-62
1763545204531,-100,-70,-100,-100,-100,-82,-100,-55,-76,-100,-62
1763545204555,-100,-70,-100,-100,-100,-82,-100,-55,-76,-100,-62
1763545204581,-100,-70,-100,-100,-100,-82,-100,-55,-76,-100,-62
1763545204607,-100,-70,-100,-100,-100,-82,-100,-55,-76,-100,-62
1763545204633,-100,-70,-100,-100,-100,-82,-100,-55,-76,-100,-62
1763545204658,-100,-70,-100,-100,-100,-82,-100,-55,-76,-100,-62
1763545204684,-100,-70,-100,-100,-100,-82,-100,-55,-76,-100,-62
1763545204709,-100,-70,-100,-100,-100,-82,-100,-55,-76,-100,-62
1763545204734,-100,-70,-100,-100,-100,-82,-100,-55,-76,-100,-62
1763545204759,-100,-70,-100,-100,-100,-82,-100,-55,-76,-100,-62
1763545204784,-100,-70,-100,-100,-100,-82,-100,-55,-76,-100,-62
1763545204809,-100,-70,-100,-100,-100,-82,-100,-55,-76,-100,-62
1763545204834,-100,-70,-100,-100,-100,-82,-100,-55,-76,-100,-62
1763545204859,-100,-70,-100,-100,-100,-82,-100,-55,-76,-100,-62
1763545204884,-100,-71,-100,-100,-100,-83,-100,-51,-76,-100,-63
1763545204909,-100,-71,-100,-100,-100,-83,-100,-51,-76,-100,-63
1763545204934,-100,-71,-100,-100,-100,-83,-100,-51,-76,-100,-63
1763545204959,-100,-71,-100,-100,-100,-83,-100,-51,-76,-100,-63
1763545204984,-100,-71,-100,-100,-100,-83,-100,-51,-76,-100,-63
1763545205009,-100,-71,-100,-100,-100,-83,-100,-51,-76,-100,-63
1763545205034,-100,-71,-100,-100,-100,-83,-100,-51,-76,-100,-63
1763545205059,-100,-71,-100,-100,-100,-83,-100,-51,-76,-100,-63
1763545205084,-100,-71,-100,-100,-100,-83,-100,-51,-76,-100,-63
1763545205109,-100,-71,-100,-100,-100,-83,-100,-51,-76,-100,-63
1763545205134,-100,-71,-100,-100,-100,-83,-100,-51,-76,-100,-63
1763545205159,-100,-71,-100,-100,-100,-83,-100,-51,-76,-100,-63
1763545205184,-100,-71,-100,-100,-100,-83,-100,-51,-76,-100,-63
1763545205209,-100,-71,-100,-100,-100,-83,-100,-51,-76,-100,-63
1763545205235,-100,-71,-100,-100,-100,-83,-100,-51,-76,-100,-63
1763545205260,-100,-71,-100,-100,-100,-83,-100,-51,-76,-100,-63
1763545205285,-100,-71,-100,-100,-100,-83,-100,-51,-76,-100,-63
1763545205310,-100,-71,-100,-100,-100,-83,-100,-51,-76,-100,-63
1763545205335,-100,-71,-100,-100,-100,-83,-100,-51,-76,-100,-63
1763545205361,-100,-71,-100,-100,-100,-83,-100,-51,-76,-100,-63
1763545205386,-100,-71,-100,-100,-100,-83,-100,-50,-76,-100,-63
1763545205411,-100,-71,-100,-100,-100,-83,-100,-50,-76,-100,-63
1763545205436,-100,-71,-100,-100,-100,-83,-100,-50,-76,-100,-63
1763545205461,-100,-71,-100,-100,-100,-83,-100,-50,-76,-100,-63
1763545205486,-100,-71,-100,-100,-100,-83,-100,-50,-76,-100,-63
1763545205511,-100,-71,-100,-100,-100,-83,-100,-50,-76,-100,-63
1763545205536,-100,-71,-100,-100,-100,-83,-100,-50,-76,-100,-63
1763545205561,-100,-71,-100,-100,-100,-83,-100,-50,-76,-100,-63
1763545205587,-100,-71,-100,-100,-100,-83,-100,-50,-76,-100,-63
1763545205612,-100,-71,-100,-100,-100,-83,-100,-50,-76,-100,-63
1763545205637,-100,-71,-100,-100,-100,-83,-100,-50,-76,-100,-63
1763545205663,-100,-71,-100,-100,-100,-83,-100,-50,-76,-100,-63
1763545205689,-100,-71,-100,-100,-100,-83,-100,-50,-76,-100,-63
1763545205714,-100,-71,-100,-100,-100,-83,-100,-50,-76,-100,-63
1763545205739,-100,-71,-100,-100,-100,-83,-100,-50,-76,-100,-63
1763545205764,-100,-71,-100,-100,-100,-83,-100,-50,-76,-100,-63
1763545205789,-100,-71,-100,-100,-100,-83,-100,-50,-76,-100,-63
1763545205814,-100,-71,-100,-100,-100,-83,-100,-50,-76,-100,-63
1763545205839,-100,-71,-100,-100,-100,-83,-100,-50,-76,-100,-63
1763545205865,-100,-71,-100,-100,-100,-83,-100,-50,-76,-100,-63
1763545205890,-100,-73,-100,-100,-100,-81,-100,-50,-80,-100,-61
1763545205915,-100,-73,-100,-100,-100,-81,-100,-50,-80,-100,-61
1763545205941,-100,-73,-100,-100,-100,-81,-100,-50,-80,-100,-61
1763545205967,-100,-73,-100,-100,-100,-81,-100,-50,-80,-100,-61
1763545205993,-100,-73,-100,-100,-100,-81,-100,-50,-80,-100,-61
1763545206017,-100,-73,-100,-100,-100,-81,-100,-50,-80,-100,-61
1763545206042,-100,-73,-100,-100,-100,-81,-100,-50,-80,-100,-61
1763545206067,-100,-73,-100,-100,-100,-81,-100,-50,-80,-100,-61
1763545206092,-100,-73,-100,-100,-100,-81,-100,-50,-80,-100,-61
1763545206117,-100,-73,-100,-100,-100,-81,-100,-50,-80,-100,-61
1763545206142,-100,-73,-100,-100,-100,-81,-100,-50,-80,-100,-61
1763545206167,-100,-73,-100,-100,-100,-81,-100,-50,-80,-100,-61
1763545206192,-100,-73,-100,-100,-100,-81,-100,-50,-80,-100,-61
1763545206217,-100,-73,-100,-100,-100,-81,-100,-50,-80,-100,-61
1763545206242,-100,-73,-100,-100,-100,-81,-100,-50,-80,-100,-61
1763545206267,-100,-73,-100,-100,-100,-81,-100,-50,-80,-100,-61
1763545206292,-100,-73,-100,-100,-100,-81,-100,-50,-80,-100,-61
1763545206317,-100,-73,-100,-100,-100,-81,-100,-50,-80,-100,-61
1763545206342,-100,-73,-100,-100,-100,-81,-100,-50,-80,-100,-61
1763545206367,-100,-73,-100,-100,-100,-81,-100,-50,-80,-100,-61
1763545206392,-100,-73,-100,-100,-100,-81,-100,-49,-79,-100,-61
1763545206417,-100,-73,-100,-100,-100,-81,-100,-49,-79,-100,-61
1763545206443,-100,-73,-100,-100,-100,-81,-100,-49,-79,-100,-61
1763545206469,-100,-73,-100,-100,-100,-81,-100,-49,-79,-100,-61
1763545206494,-100,-73,-100,-100,-100,-81,-100,-49,-79,-100,-61
1763545206519,-100,-73,-100,-100,-100,-81,-100,-49,-79,-100,-61
1763545206544,-100,-73,-100,-100,-100,-81,-100,-49,-79,-100,-61
1763545206569,-100,-73,-100,-100,-100,-81,-100,-49,-79,-100,-61
1763545206594,-100,-73,-100,-100,-100,-81,-100,-49,-79,-100,-61
1763545206619,-100,-73,-100,-100,-100,-81,-100,-49,-79,-100,-61
1763545206645,-100,-73,-100,-100,-100,-81,-100,-49,-79,-100,-61
1763545206670,-100,-73,-100,-100,-100,-81,-100,-49,-79,-100,-61
1763545206695,-100,-73,-100,-100,-100,-81,-100,-49,-79,-100,-61
1763545206720,-100,-73,-100,-100,-100,-81,-100,-49,-79,-100,-61
1763545206745,-100,-73,-100,-100,-100,-81,-100,-49,-79,-100,-61
1763545206770,-100,-73,-100,-100,-100,-81,-100,-49,-79,-100,-61
1763545206796,-100,-73,-100,-100,-100,-81,-100,-49,-79,-100,-61
1763545206821,-100,-73,-100,-100,-100,-81,-100,-49,-79,-100,-61
1763545206846,-100,-73,-100,-100,-100,-81,-100,-49,-79,-100,-61
1763545206871,-100,-73,-100,-100,-100,-81,-100,-49,-79,-100,-61
1763545206896,-100,-74,-100,-100,-100,-81,-100,-46,-79,-100,-61
1763545206921,-100,-74,-100,-100,-100,-81,-100,-46,-79,-100,-61
1763545206946,-100,-74,-100,-100,-100,-81,-100,-46,-79,-100,-61
1763545206971,-100,-74,-100,-100,-100,-81,-100,-46,-79,-100,-61
1763545206997,-100,-74,-100,-100,-100,-81,-100,-46,-79,-100,-61
1763545207022,-100,-74,-100,-100,-100,-81,-100,-46,-79,-100,-61
1763545207047,-100,-74,-100,-100,-100,-81,-100,-46,-79,-100,-61
1763545207072,-100,-74,-100,-100,-100,-81,-100,-46,-79,-100,-61
1763545207097,-100,-74,-100,-100,-100,-81,-100,-46,-79,-100,-61
1763545207122,-100,-74,-100,-100,-100,-81,-100,-46,-79,-100,-61
1763545207148,-100,-74,-100,-100,-100,-81,-100,-46,-79,-100,-61
1763545207173,-100,-74,-100,-100,-100,-81,-100,-46,-79,-100,-61
1763545207198,-100,-74,-100,-100,-100,-81,-100,-46,-79,-100,-61
1763545207224,-100,-74,-100,-100,-100,-81,-100,-46,-79,-100,-61
1763545207249,-100,-74,-100,-100,-100,-81,-100,-46,-79,-100,-61
1763545207275,-100,-74,-100,-100,-100,-81,-100,-46,-79,-100,-61
1763545207301,-100,-74,-100,-100,-100,-81,-100,-46,-79,-100,-61
1763545207326,-100,-74,-100,-100,-100,-81,-100,-46,-79,-100,-61
1763545207351,-100,-74,-100,-100,-100,-81,-100,-46,-79,-100,-61
1763545207376,-100,-74,-100,-100,-100,-81,-100,-46,-79,-100,-61
1763545207401,-100,-73,-100,-100,-100,-100,-100,-43,-77,-100,-59
1763545207426,-100,-73,-100,-100,-100,-100,-100,-43,-77,-100,-59
1763545207452,-100,-73,-100,-100,-100,-100,-100,-43,-77,-100,-59
1763545207476,-100,-73,-100,-100,-100,-100,-100,-43,-77,-100,-59
1763545207502,-100,-73,-100,-100,-100,-100,-100,-43,-77,-100,-59
1763545207528,-100,-73,-100,-100,-100,-100,-100,-43,-77,-100,-59
1763545207553,-100,-73,-100,-100,-100,-100,-100,-43,-77,-100,-59
1763545207578,-100,-73,-100,-100,-100,-100,-100,-43,-77,-100,-59
1763545207603,-100,-73,-100,-100,-100,-100,-100,-43,-77,-100,-59
1763545207629,-100,-73,-100,-100,-100,-100,-100,-43,-77,-100,-59
1763545207654,-100,-73,-100,-100,-100,-100,-100,-43,-77,-100,-59
1763545207680,-100,-73,-100,-100,-100,-100,-100,-43,-77,-100,-59
1763545207705,-100,-73,-100,-100,-100,-100,-100,-43,-77,-100,-59
1763545207731,-100,-73,-100,-100,-100,-100,-100,-43,-77,-100,-59
1763545207757,-100,-73,-100,-100,-100,-100,-100,-43,-77,-100,-59
1763545207782,-100,-73,-100,-100,-100,-100,-100,-43,-77,-100,-59
1763545207807,-100,-73,-100,-100,-100,-100,-100,-43,-77,-100,-59
1763545207833,-100,-73,-100,-100,-100,-100,-100,-43,-77,-100,-59
1763545207858,-100,-73,-100,-100,-100,-100,-100,-43,-77,-100,-59
1763545207883,-100,-75,-100,-100,-100,-100,-100,-42,-77,-100,-60
1763545207908,-100,-75,-100,-100,-100,-100,-100,-42,-77,-100,-60
1763545207933,-100,-75,-100,-100,-100,-100,-100,-42,-77,-100,-60
1763545207958,-100,-75,-100,-100,-100,-100,-100,-42,-77,-100,-60
1763545207983,-100,-75,-100,-100,-100,-100,-100,-42,-77,-100,-60
1763545208008,-100,-75,-100,-100,-100,-100,-100,-42,-77,-100,-60
1763545208034,-100,-75,-100,-100,-100,-100,-100,-42,-77,-100,-60
1763545208058,-100,-75,-100,-100,-100,-100,-100,-42,-77,-100,-60
1763545208085,-100,-75,-100,-100,-100,-100,-100,-42,-77,-100,-60
1763545208110,-100,-75,-100,-100,-100,-100,-100,-42,-77,-100,-60
1763545208135,-100,-75,-100,-100,-100,-100,-100,-42,-77,-100,-60
1763545208160,-100,-75,-100,-100,-100,-100,-100,-42,-77,-100,-60
1763545208185,-100,-75,-100,-100,-100,-100,-100,-42,-77,-100,-60
1763545208210,-100,-75,-100,-100,-100,-100,-100,-42,-77,-100,-60
1763545208235,-100,-75,-100,-100,-100,-100,-100,-42,-77,-100,-60
1763545208260,-100,-75,-100,-100,-100,-100,-100,-42,-77,-100,-60
1763545208285,-100,-75,-100,-100,-100,-100,-100,-42,-77,-100,-60
1763545208310,-100,-75,-100,-100,-100,-100,-100,-42,-77,-100,-60
1763545208335,-100,-75,-100,-100,-100,-100,-100,-42,-77,-100,-60
1763545208360,-100,-75,-100,-100,-100,-100,-100,-42,-77,-100,-60
1763545208386,-100,-76,-100,-100,-100,-81,-100,-42,-75,-100,-60
1763545208411,-100,-76,-100,-100,-100,-81,-100,-42,-75,-100,-60
1763545208436,-100,-76,-100,-100,-100,-81,-100,-42,-75,-100,-60
1763545208462,-100,-76,-100,-100,-100,-81,-100,-42,-75,-100,-60
1763545208488,-100,-76,-100,-100,-100,-81,-100,-42,-75,-100,-60
1763545208513,-100,-76,-100,-100,-100,-81,-100,-42,-75,-100,-60
1763545208538,-100,-76,-100,-100,-100,-81,-100,-42,-75,-100,-60
1763545208563,-100,-76,-100,-100,-100,-81,-100,-42,-75,-100,-60
1763545208589,-100,-76,-100,-100,-100,-81,-100,-42,-75,-100,-60
1763545208614,-100,-76,-100,-100,-100,-81,-100,-42,-75,-100,-60
1763545208638,-100,-76,-100,-100,-100,-81,-100,-42,-75,-100,-60
1763545208663,-100,-76,-100,-100,-100,-81,-100,-42,-75,-100,-60
1763545208688,-100,-76,-100,-100,-100,-81,-100,-42,-75,-100,-60
1763545208713,-100,-76,-100,-100,-100,-81,-100,-42,-75,-100,-60
1763545208738,-100,-76,-100,-100,-100,-81,-100,-42,-75,-100,-60
1763545208763,-100,-76,-100,-100,-100,-81,-100,-42,-75,-100,-60
1763545208789,-100,-76,-100,-100,-100,-81,-100,-42,-75,-100,-60
1763545208814,-100,-76,-100,-100,-100,-81,-100,-42,-75,-100,-60
1763545208840,-100,-76,-100,-100,-100,-81,-100,-42,-75,-100,-60
1763545208865,-100,-76,-100,-100,-100,-81,-100,-42,-75,-100,-60
1763545208890,-100,-77,-100,-100,-100,-81,-100,-48,-81,-100,-60
1763545208915,-100,-77,-100,-100,-100,-81,-100,-48,-81,-100,-60
1763545208941,-100,-77,-100,-100,-100,-81,-100,-48,-81,-100,-60
1763545208965,-100,-77,-100,-100,-100,-81,-100,-48,-81,-100,-60
1763545208990,-100,-77,-100,-100,-100,-81,-100,-48,-81,-100,-60
1763545209016,-100,-77,-100,-100,-100,-81,-100,-48,-81,-100,-60
1763545209041,-100,-77,-100,-100,-100,-81,-100,-48,-81,-100,-60
1763545209066,-100,-77,-100,-100,-100,-81,-100,-48,-81,-100,-60
1763545209092,-100,-77,-100,-100,-100,-81,-100,-48,-81,-100,-60
1763545209117,-100,-77,-100,-100,-100,-81,-100,-48,-81,-100,-60
1763545209142,-100,-77,-100,-100,-100,-81,-100,-48,-81,-100,-60
1763545209167,-100,-77,-100,-100,-100,-81,-100,-48,-81,-100,-60
1763545209193,-100,-77,-100,-100,-100,-81,-100,-48,-81,-100,-60
1763545209218,-100,-77,-100,-100,-100,-81,-100,-48,-81,-100,-60
1763545209244,-100,-77,-100,-100,-100,-81,-100,-48,-81,-100,-60
1763545209269,-100,-77,-100,-100,-100,-81,-100,-48,-81,-100,-60
1763545209294,-100,-77,-100,-100,-100,-81,-100,-48,-81,-100,-60
1763545209319,-100,-77,-100,-100,-100,-81,-100,-48,-81,-100,-60
1763545209345,-100,-77,-100,-100,-100,-81,-100,-48,-81,-100,-60
1763545209370,-100,-77,-100,-100,-100,-81,-100,-48,-81,-100,-60
1763545209395,-100,-78,-100,-100,-100,-100,-100,-52,-79,-100,-58
1763545209421,-100,-78,-100,-100,-100,-100,-100,-52,-79,-100,-58
1763545209447,-100,-78,-100,-100,-100,-100,-100,-52,-79,-100,-58
1763545209472,-100,-78,-100,-100,-100,-100,-100,-52,-79,-100,-58
1763545209498,-100,-78,-100,-100,-100,-100,-100,-52,-79,-100,-58
1763545209523,-100,-78,-100,-100,-100,-100,-100,-52,-79,-100,-58
1763545209548,-100,-78,-100,-100,-100,-100,-100,-52,-79,-100,-58
1763545209574,-100,-78,-100,-100,-100,-100,-100,-52,-79,-100,-58
1763545209599,-100,-78,-100,-100,-100,-100,-100,-52,-79,-100,-58
1763545209625,-100,-78,-100,-100,-100,-100,-100,-52,-79,-100,-58
1763545209650,-100,-78,-100,-100,-100,-100,-100,-52,-79,-100,-58
1763545209675,-100,-78,-100,-100,-100,-100,-100,-52,-79,-100,-58
1763545209700,-100,-78,-100,-100,-100,-100,-100,-52,-79,-100,-58
1763545209725,-100,-78,-100,-100,-100,-100,-100,-52,-79,-100,-58
1763545209750,-100,-78,-100,-100,-100,-100,-100,-52,-79,-100,-58
1763545209776,-100,-78,-100,-100,-100,-100,-100,-52,-79,-100,-58
1763545209801,-100,-78,-100,-100,-100,-100,-100,-52,-79,-100,-58
1763545209828,-100,-78,-100,-100,-100,-100,-100,-52,-79,-100,-58
1763545209854,-100,-78,-100,-100,-100,-100,-100,-52,-79,-100,-58
1763545209878,-100,-78,-100,-100,-100,-100,-100,-52,-79,-100,-58
1763545209903,-100,-79,-100,-100,-100,-100,-100,-56,-79,-100,-58
1763545209928,-100,-79,-100,-100,-100,-100,-100,-56,-79,-100,-58
1763545209953,-100,-79,-100,-100,-100,-100,-100,-56,-79,-100,-58
1763545209979,-100,-79,-100,-100,-100,-100,-100,-56,-79,-100,-58
1763545210004,-100,-79,-100,-100,-100,-100,-100,-56,-79,-100,-58
1763545210029,-100,-79,-100,-100,-100,-100,-100,-56,-79,-100,-58
1763545210055,-100,-79,-100,-100,-100,-100,-100,-56,-79,-100,-58
1763545210081,-100,-79,-100,-100,-100,-100,-100,-56,-79,-100,-58
1763545210106,-100,-79,-100,-100,-100,-100,-100,-56,-79,-100,-58
1763545210131,-100,-79,-100,-100,-100,-100,-100,-56,-79,-100,-58
1763545210157,-100,-79,-100,-100,-100,-100,-100,-56,-79,-100,-58
1763545210182,-100,-79,-100,-100,-100,-100,-100,-56,-79,-100,-58
1763545210208,-100,-79,-100,-100,-100,-100,-100,-56,-79,-100,-58
1763545210232,-100,-79,-100,-100,-100,-100,-100,-56,-79,-100,-58
1763545210257,-100,-79,-100,-100,-100,-100,-100,-56,-79,-100,-58
1763545210282,-100,-79,-100,-100,-100,-100,-100,-56,-79,-100,-58
1763545210307,-100,-79,-100,-100,-100,-100,-100,-56,-79,-100,-58
1763545210333,-100,-79,-100,-100,-100,-100,-100,-56,-79,-100,-58
1763545210358,-100,-79,-100,-100,-100,-100,-100,-56,-79,-100,-58
1763545210383,-100,-79,-100,-100,-100,-100,-100,-56,-79,-100,-58
1763545210409,-100,-78,-100,-100,-100,-100,-100,-58,-100,-100,-58
1763545210433,-100,-78,-100,-100,-100,-100,-100,-58,-100,-100,-58
1763545210458,-100,-78,-100,-100,-100,-100,-100,-58,-100,-100,-58
1763545210484,-100,-78,-100,-100,-100,-100,-100,-58,-100,-100,-58
1763545210509,-100,-78,-100,-100,-100,-100,-100,-58,-100,-100,-58
1763545210534,-100,-78,-100,-100,-100,-100,-100,-58,-100,-100,-58
1763545210559,-100,-78,-100,-100,-100,-100,-100,-58,-100,-100,-58
1763545210584,-100,-78,-100,-100,-100,-100,-100,-58,-100,-100,-58
1763545210610,-100,-78,-100,-100,-100,-100,-100,-58,-100,-100,-58
1763545210636,-100,-78,-100,-100,-100,-100,-100,-58,-100,-100,-58
1763545210661,-100,-78,-100,-100,-100,-100,-100,-58,-100,-100,-58
1763545210686,-100,-78,-100,-100,-100,-100,-100,-58,-100,-100,-58
1763545210711,-100,-78,-100,-100,-100,-100,-100,-58,-100,-100,-58
1763545210737,-100,-78,-100,-100,-100,-100,-100,-58,-100,-100,-58
1763545210763,-100,-78,-100,-100,-100,-100,-100,-58,-100,-100,-58
1763545210789,-100,-78,-100,-100,-100,-100,-100,-58,-100,-100,-58
1763545210814,-100,-78,-100,-100,-100,-100,-100,-58,-100,-100,-58
1763545210840,-100,-78,-100,-100,-100,-100,-100,-58,-100,-100,-58
1763545210865,-100,-78,-100,-100,-100,-100,-100,-58,-100,-100,-58
1763545210891,-100,-76,-100,-100,-100,-100,-100,-61,-100,-100,-57
1763545210916,-100,-76,-100,-100,-100,-100,-100,-61,-100,-100,-57
1763545210941,-100,-76,-100,-100,-100,-100,-100,-61,-100,-100,-57
1763545210966,-100,-76,-100,-100,-100,-100,-100,-61,-100,-100,-57
1763545210991,-100,-76,-100,-100,-100,-100,-100,-61,-100,-100,-57
1763545211016,-100,-76,-100,-100,-100,-100,-100,-61,-100,-100,-57
1763545211041,-100,-76,-100,-100,-100,-100,-100,-61,-100,-100,-57
1763545211066,-100,-76,-100,-100,-100,-100,-100,-61,-100,-100,-57
1763545211091,-100,-76,-100,-100,-100,-100,-100,-61,-100,-100,-57
1763545211117,-100,-76,-100,-100,-100,-100,-100,-61,-100,-100,-57
1763545211142,-100,-76,-100,-100,-100,-100,-100,-61,-100,-100,-57
1763545211168,-100,-76,-100,-100,-100,-100,-100,-61,-100,-100,-57
1763545211193,-100,-76,-100,-100,-100,-100,-100,-61,-100,-100,-57
1763545211218,-100,-76,-100,-100,-100,-100,-100,-61,-100,-100,-57
1763545211243,-100,-76,-100,-100,-100,-100,-100,-61,-100,-100,-57
1763545211268,-100,-76,-100,-100,-100,-100,-100,-61,-100,-100,-57
1763545211294,-100,-76,-100,-100,-100,-100,-100,-61,-100,-100,-57
1763545211319,-100,-76,-100,-100,-100,-100,-100,-61,-100,-100,-57
1763545211344,-100,-76,-100,-100,-100,-100,-100,-61,-100,-100,-57
1763545211370,-100,-76,-100,-100,-100,-100,-100,-61,-100,-100,-57
1763545211394,-100,-80,-100,-100,-100,-100,-100,-61,-100,-100,-52
1763545211419,-100,-80,-100,-100,-100,-100,-100,-61,-100,-100,-52
1763545211444,-100,-80,-100,-100,-100,-100,-100,-61,-100,-100,-52
1763545211469,-100,-80,-100,-100,-100,-100,-100,-61,-100,-100,-52
1763545211494,-100,-80,-100,-100,-100,-100,-100,-61,-100,-100,-52
1763545211519,-100,-80,-100,-100,-100,-100,-100,-61,-100,-100,-52
1763545211545,-100,-80,-100,-100,-100,-100,-100,-61,-100,-100,-52
1763545211571,-100,-80,-100,-100,-100,-100,-100,-61,-100,-100,-52
1763545211596,-100,-80,-100,-100,-100,-100,-100,-61,-100,-100,-52
1763545211622,-100,-80,-100,-100,-100,-100,-100,-61,-100,-100,-52
1763545211647,-100,-80,-100,-100,-100,-100,-100,-61,-100,-100,-52
1763545211672,-100,-80,-100,-100,-100,-100,-100,-61,-100,-100,-52
1763545211697,-100,-80,-100,-100,-100,-100,-100,-61,-100,-100,-52
1763545211723,-100,-80,-100,-100,-100,-100,-100,-61,-100,-100,-52
1763545211748,-100,-80,-100,-100,-100,-100,-100,-61,-100,-100,-52
1763545211773,-100,-80,-100,-100,-100,-100,-100,-61,-100,-100,-52
1763545211798,-100,-80,-100,-100,-100,-100,-100,-61,-100,-100,-52
1763545211823,-100,-80,-100,-100,-100,-100,-100,-61,-100,-100,-52
1763545211848,-100,-80,-100,-100,-100,-100,-100,-61,-100,-100,-52
1763545211874,-100,-80,-100,-100,-100,-100,-100,-61,-100,-100,-52
1763545211898,-100,-78,-100,-100,-100,-100,-100,-60,-80,-100,-50
1763545211923,-100,-78,-100,-100,-100,-100,-100,-60,-80,-100,-50
1763545211948,-100,-78,-100,-100,-100,-100,-100,-60,-80,-100,-50
1763545211973,-100,-78,-100,-100,-100,-100,-100,-60,-80,-100,-50
1763545211998,-100,-78,-100,-100,-100,-100,-100,-60,-80,-100,-50
1763545212023,-100,-78,-100,-100,-100,-100,-100,-60,-80,-100,-50
1763545212048,-100,-78,-100,-100,-100,-100,-100,-60,-80,-100,-50
1763545212074,-100,-78,-100,-100,-100,-100,-100,-60,-80,-100,-50
1763545212099,-100,-78,-100,-100,-100,-100,-100,-60,-80,-100,-50
1763545212124,-100,-78,-100,-100,-100,-100,-100,-60,-80,-100,-50
1763545212150,-100,-78,-100,-100,-100,-100,-100,-60,-80,-100,-50
1763545212176,-100,-78,-100,-100,-100,-100,-100,-60,-80,-100,-50
1763545212201,-100,-78,-100,-100,-100,-100,-100,-60,-80,-100,-50
1763545212226,-100,-78,-100,-100,-100,-100,-100,-60,-80,-100,-50
1763545212251,-100,-78,-100,-100,-100,-100,-100,-60,-80,-100,-50
1763545212276,-100,-78,-100,-100,-100,-100,-100,-60,-80,-100,-50
1763545212301,-100,-78,-100,-100,-100,-100,-100,-60,-80,-100,-50
1763545212326,-100,-78,-100,-100,-100,-100,-100,-60,-80,-100,-50
1763545212352,-100,-78,-100,-100,-100,-100,-100,-60,-80,-100,-50
1763545212377,-100,-78,-100,-100,-100,-100,-100,-60,-80,-100,-50
1763545212402,-100,-77,-100,-100,-100,-100,-100,-59,-81,-100,-49
1763545212427,-100,-77,-100,-100,-100,-100,-100,-59,-81,-100,-49
1763545212453,-100,-77,-100,-100,-100,-100,-100,-59,-81,-100,-49
1763545212478,-100,-77,-100,-100,-100,-100,-100,-59,-81,-100,-49
1763545212503,-100,-77,-100,-100,-100,-100,-100,-59,-81,-100,-49
1763545212528,-100,-77,-100,-100,-100,-100,-100,-59,-81,-100,-49
1763545212554,-100,-77,-100,-100,-100,-100,-100,-59,-81,-100,-49
1763545212579,-100,-77,-100,-100,-100,-100,-100,-59,-81,-100,-49
1763545212605,-100,-77,-100,-100,-100,-100,-100,-59,-81,-100,-49
1763545212631,-100,-77,-100,-100,-100,-100,-100,-59,-81,-100,-49
1763545212656,-100,-77,-100,-100,-100,-100,-100,-59,-81,-100,-49
1763545212682,-100,-77,-100,-100,-100,-100,-100,-59,-81,-100,-49
1763545212709,-100,-77,-100,-100,-100,-100,-100,-59,-81,-100,-49
1763545212734,-100,-77,-100,-100,-100,-100,-100,-59,-81,-100,-49
1763545212760,-100,-77,-100,-100,-100,-100,-100,-59,-81,-100,-49
1763545212786,-100,-77,-100,-100,-100,-100,-100,-59,-81,-100,-49
1763545212811,-100,-77,-100,-100,-100,-100,-100,-59,-81,-100,-49
1763545212836,-100,-77,-100,-100,-100,-100,-100,-59,-81,-100,-49
1763545212861,-100,-77,-100,-100,-100,-100,-100,-59,-81,-100,-49
1763545212887,-100,-78,-100,-100,-100,-100,-100,-60,-81,-93,-45
1763545212912,-100,-78,-100,-100,-100,-100,-100,-60,-81,-93,-45
1763545212938,-100,-78,-100,-100,-100,-100,-100,-60,-81,-93,-45
1763545212962,-100,-78,-100,-100,-100,-100,-100,-60,-81,-93,-45
1763545212987,-100,-78,-100,-100,-100,-100,-100,-60,-81,-93,-45
1763545213013,-100,-78,-100,-100,-100,-100,-100,-60,-81,-93,-45
1763545213038,-100,-78,-100,-100,-100,-100,-100,-60,-81,-93,-45
1763545213064,-100,-78,-100,-100,-100,-100,-100,-60,-81,-93,-45
1763545213089,-100,-78,-100,-100,-100,-100,-100,-60,-81,-93,-45
1763545213114,-100,-78,-100,-100,-100,-100,-100,-60,-81,-93,-45
1763545213139,-100,-78,-100,-100,-100,-100,-100,-60,-81,-93,-45
1763545213164,-100,-78,-100,-100,-100,-100,-100,-60,-81,-93,-45
1763545213190,-100,-78,-100,-100,-100,-100,-100,-60,-81,-93,-45
1763545213215,-100,-78,-100,-100,-100,-100,-100,-60,-81,-93,-45
1763545213240,-100,-78,-100,-100,-100,-100,-100,-60,-81,-93,-45
1763545213266,-100,-78,-100,-100,-100,-100,-100,-60,-81,-93,-45
1763545213291,-100,-78,-100,-100,-100,-100,-100,-60,-81,-93,-45
1763545213318,-100,-78,-100,-100,-100,-100,-100,-60,-81,-93,-45
1763545213343,-100,-78,-100,-100,-100,-100,-100,-60,-81,-93,-45
1763545213368,-100,-78,-100,-100,-100,-100,-100,-60,-81,-93,-45
1763545213394,-100,-80,-100,-100,-100,-86,-100,-61,-82,-93,-44
1763545213419,-100,-80,-100,-100,-100,-86,-100,-61,-82,-93,-44
1763545213444,-100,-80,-100,-100,-100,-86,-100,-61,-82,-93,-44
1763545213469,-100,-80,-100,-100,-100,-86,-100,-61,-82,-93,-44
1763545213495,-100,-80,-100,-100,-100,-86,-100,-61,-82,-93,-44
1763545213520,-100,-80,-100,-100,-100,-86,-100,-61,-82,-93,-44
1763545213546,-100,-80,-100,-100,-100,-86,-100,-61,-82,-93,-44
1763545213571,-100,-80,-100,-100,-100,-86,-100,-61,-82,-93,-44
1763545213596,-100,-80,-100,-100,-100,-86,-100,-61,-82,-93,-44
1763545213621,-100,-80,-100,-100,-100,-86,-100,-61,-82,-93,-44
1763545213646,-100,-80,-100,-100,-100,-86,-100,-61,-82,-93,-44
1763545213671,-100,-80,-100,-100,-100,-86,-100,-61,-82,-93,-44
1763545213696,-100,-80,-100,-100,-100,-86,-100,-61,-82,-93,-44
1763545213721,-100,-80,-100,-100,-100,-86,-100,-61,-82,-93,-44
1763545213746,-100,-80,-100,-100,-100,-86,-100,-61,-82,-93,-44
1763545213771,-100,-80,-100,-100,-100,-86,-100,-61,-82,-93,-44
1763545213797,-100,-80,-100,-100,-100,-86,-100,-61,-82,-93,-44
1763545213822,-100,-80,-100,-100,-100,-86,-100,-61,-82,-93,-44
1763545213847,-100,-80,-100,-100,-100,-86,-100,-61,-82,-93,-44
1763545213873,-100,-80,-100,-100,-100,-86,-100,-61,-82,-93,-44
1763545213898,-100,-80,-100,-100,-100,-85,-100,-64,-81,-100,-48
1763545213923,-100,-80,-100,-100,-100,-85,-100,-64,-81,-100,-48
1763545213948,-100,-80,-100,-100,-100,-85,-100,-64,-81,-100,-48
1763545213974,-100,-80,-100,-100,-100,-85,-100,-64,-81,-100,-48
1763545213999,-100,-80,-100,-100,-100,-85,-100,-64,-81,-100,-48
1763545214024,-100,-80,-100,-100,-100,-85,-100,-64,-81,-100,-48
1763545214049,-100,-80,-100,-100,-100,-85,-100,-64,-81,-100,-48
1763545214074,-100,-80,-100,-100,-100,-85,-100,-64,-81,-100,-48
1763545214099,-100,-80,-100,-100,-100,-85,-100,-64,-81,-100,-48
1763545214124,-100,-80,-100,-100,-100,-85,-100,-64,-81,-100,-48
1763545214150,-100,-80,-100,-100,-100,-85,-100,-64,-81,-100,-48
1763545214175,-100,-80,-100,-100,-100,-85,-100,-64,-81,-100,-48
1763545214201,-100,-80,-100,-100,-100,-85,-100,-64,-81,-100,-48
1763545214226,-100,-80,-100,-100,-100,-85,-100,-64,-81,-100,-48
1763545214252,-100,-80,-100,-100,-100,-85,-100,-64,-81,-100,-48
1763545214277,-100,-80,-100,-100,-100,-85,-100,-64,-81,-100,-48
1763545214303,-100,-80,-100,-100,-100,-85,-100,-64,-81,-100,-48
1763545214329,-100,-80,-100,-100,-100,-85,-100,-64,-81,-100,-48
1763545214354,-100,-80,-100,-100,-100,-85,-100,-64,-81,-100,-48
1763545214379,-100,-80,-100,-100,-100,-85,-100,-64,-81,-100,-48
1763545214405,-100,-79,-100,-100,-100,-84,-100,-66,-82,-100,-49
1763545214429,-100,-79,-100,-100,-100,-84,-100,-66,-82,-100,-49
1763545214454,-100,-79,-100,-100,-100,-84,-100,-66,-82,-100,-49
1763545214479,-100,-79,-100,-100,-100,-84,-100,-66,-82,-100,-49
1763545214504,-100,-79,-100,-100,-100,-84,-100,-66,-82,-100,-49
1763545214529,-100,-79,-100,-100,-100,-84,-100,-66,-82,-100,-49
1763545214554,-100,-79,-100,-100,-100,-84,-100,-66,-82,-100,-49
1763545214579,-100,-79,-100,-100,-100,-84,-100,-66,-82,-100,-49
1763545214604,-100,-79,-100,-100,-100,-84,-100,-66,-82,-100,-49
1763545214630,-100,-79,-100,-100,-100,-84,-100,-66,-82,-100,-49
1763545214655,-100,-79,-100,-100,-100,-84,-100,-66,-82,-100,-49
1763545214680,-100,-79,-100,-100,-100,-84,-100,-66,-82,-100,-49
1763545214705,-100,-79,-100,-100,-100,-84,-100,-66,-82,-100,-49
1763545214731,-100,-79,-100,-100,-100,-84,-100,-66,-82,-100,-49
1763545214756,-100,-79,-100,-100,-100,-84,-100,-66,-82,-100,-49
1763545214781,-100,-79,-100,-100,-100,-84,-100,-66,-82,-100,-49
1763545214806,-100,-79,-100,-100,-100,-84,-100,-66,-82,-100,-49
1763545214831,-100,-79,-100,-100,-100,-84,-100,-66,-82,-100,-49
1763545214856,-100,-79,-100,-100,-100,-84,-100,-66,-82,-100,-49
1763545214881,-100,-79,-100,-100,-100,-84,-100,-66,-82,-100,-49
1763545214907,-100,-80,-100,-100,-100,-100,-100,-64,-82,-87,-53
1763545214932,-100,-80,-100,-100,-100,-100,-100,-64,-82,-87,-53
1763545214958,-100,-80,-100,-100,-100,-100,-100,-64,-82,-87,-53
1763545214983,-100,-80,-100,-100,-100,-100,-100,-64,-82,-87,-53
1763545215008,-100,-80,-100,-100,-100,-100,-100,-64,-82,-87,-53
1763545215034,-100,-80,-100,-100,-100,-100,-100,-64,-82,-87,-53
1763545215059,-100,-80,-100,-100,-100,-100,-100,-64,-82,-87,-53
1763545215084,-100,-80,-100,-100,-100,-100,-100,-64,-82,-87,-53
1763545215110,-100,-80,-100,-100,-100,-100,-100,-64,-82,-87,-53
1763545215136,-100,-80,-100,-100,-100,-100,-100,-64,-82,-87,-53
1763545215161,-100,-80,-100,-100,-100,-100,-100,-64,-82,-87,-53
1763545215186,-100,-80,-100,-100,-100,-100,-100,-64,-82,-87,-53
1763545215211,-100,-80,-100,-100,-100,-100,-100,-64,-82,-87,-53
1763545215236,-100,-80,-100,-100,-100,-100,-100,-64,-82,-87,-53
1763545215261,-100,-80,-100,-100,-100,-100,-100,-64,-82,-87,-53
1763545215287,-100,-80,-100,-100,-100,-100,-100,-64,-82,-87,-53
1763545215311,-100,-80,-100,-100,-100,-100,-100,-64,-82,-87,-53
1763545215336,-100,-80,-100,-100,-100,-100,-100,-64,-82,-87,-53
1763545215361,-100,-80,-100,-100,-100,-100,-100,-64,-82,-87,-53
1763545215389,-100,-81,-100,-100,-100,-86,-100,-66,-82,-87,-55
1763545215413,-100,-81,-100,-100,-100,-86,-100,-66,-82,-87,-55
1763545215438,-100,-81,-100,-100,-100,-86,-100,-66,-82,-87,-55
1763545215463,-100,-81,-100,-100,-100,-86,-100,-66,-82,-87,-55
1763545215488,-100,-81,-100,-100,-100,-86,-100,-66,-82,-87,-55
1763545215514,-100,-81,-100,-100,-100,-86,-100,-66,-82,-87,-55
1763545215539,-100,-81,-100,-100,-100,-86,-100,-66,-82,-87,-55
1763545215564,-100,-81,-100,-100,-100,-86,-100,-66,-82,-87,-55
1763545215589,-100,-81,-100,-100,-100,-86,-100,-66,-82,-87,-55
1763545215614,-100,-81,-100,-100,-100,-86,-100,-66,-82,-87,-55
1763545215639,-100,-81,-100,-100,-100,-86,-100,-66,-82,-87,-55
1763545215665,-100,-81,-100,-100,-100,-86,-100,-66,-82,-87,-55
1763545215690,-100,-81,-100,-100,-100,-86,-100,-66,-82,-87,-55
1763545215715,-100,-81,-100,-100,-100,-86,-100,-66,-82,-87,-55
1763545215740,-100,-81,-100,-100,-100,-86,-100,-66,-82,-87,-55
1763545215766,-100,-81,-100,-100,-100,-86,-100,-66,-82,-87,-55
1763545215791,-100,-81,-100,-100,-100,-86,-100,-66,-82,-87,-55
1763545215817,-100,-81,-100,-100,-100,-86,-100,-66,-82,-87,-55
1763545215842,-100,-81,-100,-100,-100,-86,-100,-66,-82,-87,-55
1763545215869,-100,-81,-100,-100,-100,-86,-100,-66,-82,-87,-55
1763545215894,-100,-80,-100,-100,-100,-86,-100,-67,-81,-92,-57
1763545215919,-100,-80,-100,-100,-100,-86,-100,-67,-81,-92,-57
1763545215945,-100,-80,-100,-100,-100,-86,-100,-67,-81,-92,-57
1763545215970,-100,-80,-100,-100,-100,-86,-100,-67,-81,-92,-57
1763545215995,-100,-80,-100,-100,-100,-86,-100,-67,-81,-92,-57
1763545216020,-100,-80,-100,-100,-100,-86,-100,-67,-81,-92,-57
1763545216046,-100,-80,-100,-100,-100,-86,-100,-67,-81,-92,-57
1763545216071,-100,-80,-100,-100,-100,-86,-100,-67,-81,-92,-57
1763545216096,-100,-80,-100,-100,-100,-86,-100,-67,-81,-92,-57
1763545216121,-100,-80,-100,-100,-100,-86,-100,-67,-81,-92,-57
1763545216146,-100,-80,-100,-100,-100,-86,-100,-67,-81,-92,-57
1763545216171,-100,-80,-100,-100,-100,-86,-100,-67,-81,-92,-57
1763545216197,-100,-80,-100,-100,-100,-86,-100,-67,-81,-92,-57
1763545216223,-100,-80,-100,-100,-100,-86,-100,-67,-81,-92,-57
1763545216248,-100,-80,-100,-100,-100,-86,-100,-67,-81,-92,-57
1763545216274,-100,-80,-100,-100,-100,-86,-100,-67,-81,-92,-57
1763545216299,-100,-80,-100,-100,-100,-86,-100,-67,-81,-92,-57
1763545216324,-100,-80,-100,-100,-100,-86,-100,-67,-81,-92,-57
1763545216350,-100,-80,-100,-100,-100,-86,-100,-67,-81,-92,-57
1763545216376,-100,-80,-100,-100,-100,-86,-100,-67,-81,-92,-57
1763545216400,-100,-77,-100,-100,-100,-86,-100,-68,-79,-89,-57
1763545216425,-100,-77,-100,-100,-100,-86,-100,-68,-79,-89,-57
1763545216451,-100,-77,-100,-100,-100,-86,-100,-68,-79,-89,-57
1763545216476,-100,-77,-100,-100,-100,-86,-100,-68,-79,-89,-57
1763545216502,-100,-77,-100,-100,-100,-86,-100,-68,-79,-89,-57
1763545216526,-100,-77,-100,-100,-100,-86,-100,-68,-79,-89,-57
1763545216551,-100,-77,-100,-100,-100,-86,-100,-68,-79,-89,-57
1763545216577,-100,-77,-100,-100,-100,-86,-100,-68,-79,-89,-57
1763545216601,-100,-77,-100,-100,-100,-86,-100,-68,-79,-89,-57
1763545216626,-100,-77,-100,-100,-100,-86,-100,-68,-79,-89,-57
1763545216652,-100,-77,-100,-100,-100,-86,-100,-68,-79,-89,-57
1763545216677,-100,-77,-100,-100,-100,-86,-100,-68,-79,-89,-57
1763545216702,-100,-77,-100,-100,-100,-86,-100,-68,-79,-89,-57
1763545216727,-100,-77,-100,-100,-100,-86,-100,-68,-79,-89,-57
1763545216752,-100,-77,-100,-100,-100,-86,-100,-68,-79,-89,-57
1763545216777,-100,-77,-100,-100,-100,-86,-100,-68,-79,-89,-57
1763545216802,-100,-77,-100,-100,-100,-86,-100,-68,-79,-89,-57
1763545216827,-100,-77,-100,-100,-100,-86,-100,-68,-79,-89,-57
1763545216852,-100,-77,-100,-100,-100,-86,-100,-68,-79,-89,-57
1763545216877,-100,-77,-100,-100,-100,-86,-100,-68,-79,-89,-57
1763545216902,-100,-76,-100,-100,-100,-83,-100,-67,-80,-87,-56
1763545216927,-100,-76,-100,-100,-100,-83,-100,-67,-80,-87,-56
1763545216952,-100,-76,-100,-100,-100,-83,-100,-67,-80,-87,-56
1763545216978,-100,-76,-100,-100,-100,-83,-100,-67,-80,-87,-56
1763545217003,-100,-76,-100,-100,-100,-83,-100,-67,-80,-87,-56
1763545217028,-100,-76,-100,-100,-100,-83,-100,-67,-80,-87,-56
1763545217053,-100,-76,-100,-100,-100,-83,-100,-67,-80,-87,-56
1763545217078,-100,-76,-100,-100,-100,-83,-100,-67,-80,-87,-56
1763545217105,-100,-76,-100,-100,-100,-83,-100,-67,-80,-87,-56
1763545217131,-100,-76,-100,-100,-100,-83,-100,-67,-80,-87,-56
1763545217156,-100,-76,-100,-100,-100,-83,-100,-67,-80,-87,-56
1763545217182,-100,-76,-100,-100,-100,-83,-100,-67,-80,-87,-56
1763545217207,-100,-76,-100,-100,-100,-83,-100,-67,-80,-87,-56
1763545217232,-100,-76,-100,-100,-100,-83,-100,-67,-80,-87,-56
1763545217257,-100,-76,-100,-100,-100,-83,-100,-67,-80,-87,-56
1763545217283,-100,-76,-100,-100,-100,-83,-100,-67,-80,-87,-56
1763545217308,-100,-76,-100,-100,-100,-83,-100,-67,-80,-87,-56
1763545217333,-100,-76,-100,-100,-100,-83,-100,-67,-80,-87,-56
1763545217358,-100,-76,-100,-100,-100,-83,-100,-67,-80,-87,-56
1763545217383,-100,-76,-100,-100,-100,-83,-100,-67,-80,-87,-56
1763545217409,-100,-78,-100,-100,-100,-83,-100,-66,-82,-87,-61
1763545217434,-100,-78,-100,-100,-100,-83,-100,-66,-82,-87,-61
1763545217459,-100,-78,-100,-100,-100,-83,-100,-66,-82,-87,-61
1763545217484,-100,-78,-100,-100,-100,-83,-100,-66,-82,-87,-61
1763545217509,-100,-78,-100,-100,-100,-83,-100,-66,-82,-87,-61
1763545217534,-100,-78,-100,-100,-100,-83,-100,-66,-82,-87,-61
1763545217559,-100,-78,-100,-100,-100,-83,-100,-66,-82,-87,-61
1763545217584,-100,-78,-100,-100,-100,-83,-100,-66,-82,-87,-61
1763545217610,-100,-78,-100,-100,-100,-83,-100,-66,-82,-87,-61
1763545217635,-100,-78,-100,-100,-100,-83,-100,-66,-82,-87,-61
1763545217661,-100,-78,-100,-100,-100,-83,-100,-66,-82,-87,-61
1763545217685,-100,-78,-100,-100,-100,-83,-100,-66,-82,-87,-61
1763545217711,-100,-78,-100,-100,-100,-83,-100,-66,-82,-87,-61
1763545217737,-100,-78,-100,-100,-100,-83,-100,-66,-82,-87,-61
1763545217761,-100,-78,-100,-100,-100,-83,-100,-66,-82,-87,-61
1763545217787,-100,-78,-100,-100,-100,-83,-100,-66,-82,-87,-61
1763545217812,-100,-78,-100,-100,-100,-83,-100,-66,-82,-87,-61
1763545217838,-100,-78,-100,-100,-100,-83,-100,-66,-82,-87,-61
1763545217863,-100,-78,-100,-100,-100,-83,-100,-66,-82,-87,-61
1763545217888,-100,-78,-100,-100,-100,-83,-100,-66,-82,-87,-61
1763545217913,-100,-81,-100,-100,-100,-84,-100,-67,-86,-100,-62
1763545217939,-100,-81,-100,-100,-100,-84,-100,-67,-86,-100,-62
1763545217964,-100,-81,-100,-100,-100,-84,-100,-67,-86,-100,-62
1763545217989,-100,-81,-100,-100,-100,-84,-100,-67,-86,-100,-62
1763545218014,-100,-81,-100,-100,-100,-84,-100,-67,-86,-100,-62
1763545218039,-100,-81,-100,-100,-100,-84,-100,-67,-86,-100,-62
1763545218064,-100,-81,-100,-100,-100,-84,-100,-67,-86,-100,-62
1763545218089,-100,-81,-100,-100,-100,-84,-100,-67,-86,-100,-62
1763545218115,-100,-81,-100,-100,-100,-84,-100,-67,-86,-100,-62
1763545218140,-100,-81,-100,-100,-100,-84,-100,-67,-86,-100,-62
1763545218165,-100,-81,-100,-100,-100,-84,-100,-67,-86,-100,-62
1763545218191,-100,-81,-100,-100,-100,-84,-100,-67,-86,-100,-62
1763545218216,-100,-81,-100,-100,-100,-84,-100,-67,-86,-100,-62
1763545218241,-100,-81,-100,-100,-100,-84,-100,-67,-86,-100,-62
1763545218267,-100,-81,-100,-100,-100,-84,-100,-67,-86,-100,-62
1763545218292,-100,-81,-100,-100,-100,-84,-100,-67,-86,-100,-62
1763545218317,-100,-81,-100,-100,-100,-84,-100,-67,-86,-100,-62
1763545218342,-100,-81,-100,-100,-100,-84,-100,-67,-86,-100,-62
1763545218367,-100,-81,-100,-100,-100,-84,-100,-67,-86,-100,-62
1763545218392,-100,-82,-100,-100,-100,-82,-100,-69,-88,-100,-57
1763545218417,-100,-82,-100,-100,-100,-82,-100,-69,-88,-100,-57
1763545218442,-100,-82,-100,-100,-100,-82,-100,-69,-88,-100,-57
1763545218467,-100,-82,-100,-100,-100,-82,-100,-69,-88,-100,-57
1763545218492,-100,-82,-100,-100,-100,-82,-100,-69,-88,-100,-57
1763545218517,-100,-82,-100,-100,-100,-82,-100,-69,-88,-100,-57
1763545218542,-100,-82,-100,-100,-100,-82,-100,-69,-88,-100,-57
1763545218568,-100,-82,-100,-100,-100,-82,-100,-69,-88,-100,-57
1763545218594,-100,-82,-100,-100,-100,-82,-100,-69,-88,-100,-57
1763545218619,-100,-82,-100,-100,-100,-82,-100,-69,-88,-100,-57
1763545218644,-100,-82,-100,-100,-100,-82,-100,-69,-88,-100,-57
1763545218669,-100,-82,-100,-100,-100,-82,-100,-69,-88,-100,-57
