timestamp,TJ-00CB-0000047B-0000,TJ-00CB-00000481-0000,TJ-00CB-00000480-0000,TJ-00CB-00000486-0000,TJ-00CB-00000477-0000,TJ-00CB-0000047D-0000,TJ-00CB-0000048A-0000,TJ-00CB-0000047F-0000,TJ-00CB-00000488-0000,TJ-00CB-00000483-0000,TJ-00CB-00000482-0000
1763544937753,-100,-100,-100,-100,-100,-100,-100,-100,-100,-100,-100
1763544937778,-100,-100,-100,-100,-100,-100,-100,-100,-100,-100,-100
1763544937803,-100,-100,-100,-100,-100,-100,-100,-100,-100,-100,-100
1763544937828,-100,-100,-100,-100,-100,-100,-100,-100,-100,-100,-100
1763544937853,-100,-100,-100,-100,-100,-100,-100,-100,-100,-100,-100
1763544937878,-100,-100,-100,-100,-100,-100,-100,-100,-100,-100,-100
1763544937904,-100,-100,-100,-100,-100,-100,-100,-100,-100,-100,-100
1763544937929,-100,-100,-100,-100,-100,-100,-100,-100,-100,-100,-100
1763544937954,-100,-100,-100,-100,-100,-100,-100,-100,-100,-100,-100
1763544937979,-100,-100,-100,-100,-100,-100,-100,-100,-100,-100,-100
1763544938004,-100,-100,-100,-100,-100,-100,-100,-100,-100,-100,-100
1763544938029,-100,-100,-100,-100,-100,-100,-100,-100,-100,-100,-100
1763544938054,-100,-100,-100,-100,-100,-100,-100,-100,-100,-100,-100
1763544938079,-100,-100,-100,-100,-100,-100,-100,-100,-100,-100,-100
1763544938105,-100,-100,-100,-100,-100,-100,-100,-100,-100,-100,-100
1763544938130,-100,-100,-100,-100,-100,-100,-100,-100,-100,-100,-100
1763544938156,-100,-100,-100,-100,-100,-100,-100,-100,-100,-100,-100
1763544938181,-100,-100,-100,-100,-100,-100,-100,-100,-100,-100,-100
1763544938206,-100,-100,-100,-100,-100,-100,-100,-100,-100,-100,-100
1763544938231,-100,-64,-100,-100,-100,-77,-100,-77,-61,-100,-100
1763544938256,-100,-64,-100,-100,-100,-77,-100,-77,-61,-100,-100
1763544938281,-100,-64,-100,-100,-100,-77,-100,-77,-61,-100,-100
1763544938306,-100,-64,-100,-100,-100,-77,-100,-77,-61,-100,-100
1763544938331,-100,-64,-100,-100,-100,-77,-100,-77,-61,-100,-100
1763544938356,-100,-64,-100,-100,-100,-77,-100,-77,-61,-100,-100
1763544938381,-100,-64,-100,-100,-100,-77,-100,-77,-61,-100,-100
1763544938407,-100,-64,-100,-100,-100,-77,-100,-77,-61,-100,-100
1763544938432,-100,-64,-100,-100,-100,-77,-100,-77,-61,-100,-100
1763544938458,-100,-64,-100,-100,-100,-77,-100,-77,-61,-100,-100
1763544938483,-100,-64,-100,-100,-100,-77,-100,-77,-61,-100,-100
1763544938508,-100,-64,-100,-100,-100,-77,-100,-77,-61,-100,-100
1763544938534,-100,-64,-100,-100,-100,-77,-100,-77,-61,-100,-100
1763544938558,-100,-64,-100,-100,-100,-77,-100,-77,-61,-100,-100
1763544938584,-100,-64,-100,-100,-100,-77,-100,-77,-61,-100,-100
1763544938609,-100,-64,-100,-100,-100,-77,-100,-77,-61,-100,-100
1763544938634,-100,-64,-100,-100,-100,-77,-100,-77,-61,-100,-100
1763544938659,-100,-64,-100,-100,-100,-77,-100,-77,-61,-100,-100
1763544938684,-100,-64,-100,-100,-100,-77,-100,-77,-61,-100,-100
1763544938709,-100,-64,-100,-100,-100,-77,-100,-77,-61,-100,-100
1763544938734,-100,-65,-100,-100,-100,-78,-100,-76,-61,-100,-100
1763544938759,-100,-65,-100,-100,-100,-78,-100,-76,-61,-100,-100
1763544938784,-100,-65,-100,-100,-100,-78,-100,-76,-61,-100,-100
1763544938809,-100,-65,-100,-100,-100,-78,-100,-76,-61,-100,-100
1763544938834,-100,-65,-100,-100,-100,-78,-100,-76,-61,-100,-100
1763544938860,-100,-65,-100,-100,-100,-78,-100,-76,-61,-100,-100
1763544938884,-100,-65,-100,-100,-100,-78,-100,-76,-61,-100,-100
1763544938909,-100,-65,-100,-100,-100,-78,-100,-76,-61,-100,-100
1763544938934,-100,-65,-100,-100,-100,-78,-100,-76,-61,-100,-100
1763544938959,-100,-65,-100,-100,-100,-78,-100,-76,-61,-100,-100
1763544938985,-100,-65,-100,-100,-100,-78,-100,-76,-61,-100,-100
1763544939010,-100,-65,-100,-100,-100,-78,-100,-76,-61,-100,-100
1763544939035,-100,-65,-100,-100,-100,-78,-100,-76,-61,-100,-100
1763544939060,-100,-65,-100,-100,-100,-78,-100,-76,-61,-100,-100
1763544939085,-100,-65,-100,-100,-100,-78,-100,-76,-61,-100,-100
1763544939113,-100,-65,-100,-100,-100,-78,-100,-76,-61,-100,-100
1763544939137,-100,-65,-100,-100,-100,-78,-100,-76,-61,-100,-100
1763544939162,-100,-65,-100,-100,-100,-78,-100,-76,-61,-100,-100
1763544939187,-100,-65,-100,-100,-100,-78,-100,-76,-61,-100,-100
1763544939213,-100,-65,-100,-100,-100,-78,-100,-76,-61,-100,-100
1763544939239,-100,-64,-100,-100,-100,-78,-100,-74,-61,-89,-100
1763544939264,-100,-64,-100,-100,-100,-78,-100,-74,-61,-89,-100
1763544939289,-100,-64,-100,-100,-100,-78,-100,-74,-61,-89,-100
1763544939315,-100,-64,-100,-100,-100,-78,-100,-74,-61,-89,-100
1763544939340,-100,-64,-100,-100,-100,-78,-100,-74,-61,-89,-100
1763544939365,-100,-64,-100,-100,-100,-78,-100,-74,-61,-89,-100
1763544939390,-100,-64,-100,-100,-100,-78,-100,-74,-61,-89,-100
1763544939415,-100,-64,-100,-100,-100,-78,-100,-74,-61,-89,-100
1763544939440,-100,-64,-100,-100,-100,-78,-100,-74,-61,-89,-100
1763544939465,-100,-64,-100,-100,-100,-78,-100,-74,-61,-89,-100
1763544939491,-100,-64,-100,-100,-100,-78,-100,-74,-61,-89,-100
1763544939516,-100,-64,-100,-100,-100,-78,-100,-74,-61,-89,-100
1763544939541,-100,-64,-100,-100,-100,-78,-100,-74,-61,-89,-100
1763544939566,-100,-64,-100,-100,-100,-78,-100,-74,-61,-89,-100
1763544939591,-100,-64,-100,-100,-100,-78,-100,-74,-61,-89,-100
1763544939617,-100,-64,-100,-100,-100,-78,-100,-74,-61,-89,-100
1763544939642,-100,-64,-100,-100,-100,-78,-100,-74,-61,-89,-100
1763544939667,-100,-64,-100,-100,-100,-78,-100,-74,-61,-89,-100
1763544939693,-100,-64,-100,-100,-100,-78,-100,-74,-61,-89,-100
1763544939718,-100,-64,-100,-100,-100,-78,-100,-74,-61,-89,-100
1763544939743,-100,-61,-100,-100,-100,-79,-100,-75,-63,-89,-100
1763544939768,-100,-61,-100,-100,-100,-79,-100,-75,-63,-89,-100
1763544939793,-100,-61,-100,-100,-100,-79,-100,-75,-63,-89,-100
1763544939818,-100,-61,-100,-100,-100,-79,-100,-75,-63,-89,-100
1763544939843,-100,-61,-100,-100,-100,-79,-100,-75,-63,-89,-100
1763544939868,-100,-61,-100,-100,-100,-79,-100,-75,-63,-89,-100
1763544939893,-100,-61,-100,-100,-100,-79,-100,-75,-63,-89,-100
1763544939918,-100,-61,-100,-100,-100,-79,-100,-75,-63,-89,-100
1763544939943,-100,-61,-100,-100,-100,-79,-100,-75,-63,-89,-100
1763544939968,-100,-61,-100,-100,-100,-79,-100,-75,-63,-89,-100
1763544939994,-100,-61,-100,-100,-100,-79,-100,-75,-63,-89,-100
1763544940019,-100,-61,-100,-100,-100,-79,-100,-75,-63,-89,-100
1763544940044,-100,-61,-100,-100,-100,-79,-100,-75,-63,-89,-100
1763544940069,-100,-61,-100,-100,-100,-79,-100,-75,-63,-89,-100
1763544940095,-100,-61,-100,-100,-100,-79,-100,-75,-63,-89,-100
1763544940119,-100,-61,-100,-100,-100,-79,-100,-75,-63,-89,-100
1763544940144,-100,-61,-100,-100,-100,-79,-100,-75,-63,-89,-100
1763544940169,-100,-61,-100,-100,-100,-79,-100,-75,-63,-89,-100
1763544940195,-100,-61,-100,-100,-100,-79,-100,-75,-63,-89,-100
1763544940220,-100,-61,-100,-100,-100,-79,-100,-75,-63,-89,-100
1763544940246,-100,-58,-100,-100,-81,-78,-100,-77,-63,-100,-100
1763544940271,-100,-58,-100,-100,-81,-78,-100,-77,-63,-100,-100
1763544940296,-100,-58,-100,-100,-81,-78,-100,-77,-63,-100,-100
1763544940322,-100,-58,-100,-100,-81,-78,-100,-77,-63,-100,-100
1763544940346,-100,-58,-100,-100,-81,-78,-100,-77,-63,-100,-100
1763544940371,-100,-58,-100,-100,-81,-78,-100,-77,-63,-100,-100
1763544940396,-100,-58,-100,-100,-81,-78,-100,-77,-63,-100,-100
1763544940422,-100,-58,-100,-100,-81,-78,-100,-77,-63,-100,-100
1763544940446,-100,-58,-100,-100,-81,-78,-100,-77,-63,-100,-100
1763544940471,-100,-58,-100,-100,-81,-78,-100,-77,-63,-100,-100
1763544940496,-100,-58,-100,-100,-81,-78,-100,-77,-63,-100,-100
1763544940521,-100,-58,-100,-100,-81,-78,-100,-77,-63,-100,-100
1763544940547,-100,-58,-100,-100,-81,-78,-100,-77,-63,-100,-100
1763544940571,-100,-58,-100,-100,-81,-78,-100,-77,-63,-100,-100
1763544940596,-100,-58,-100,-100,-81,-78,-100,-77,-63,-100,-100
1763544940623,-100,-58,-100,-100,-81,-78,-100,-77,-63,-100,-100
1763544940648,-100,-58,-100,-100,-81,-78,-100,-77,-63,-100,-100
1763544940673,-100,-58,-100,-100,-81,-78,-100,-77,-63,-100,-100
1763544940699,-100,-58,-100,-100,-81,-78,-100,-77,-63,-100,-100
1763544940724,-100,-58,-100,-100,-81,-78,-100,-77,-63,-100,-100
1763544940749,-100,-57,-100,-100,-82,-78,-100,-78,-63,-100,-100
1763544940775,-100,-57,-100,-100,-82,-78,-100,-78,-63,-100,-100
1763544940800,-100,-57,-100,-100,-82,-78,-100,-78,-63,-100,-100
1763544940825,-100,-57,-100,-100,-82,-78,-100,-78,-63,-100,-100
1763544940850,-100,-57,-100,-100,-82,-78,-100,-78,-63,-100,-100
1763544940875,-100,-57,-100,-100,-82,-78,-100,-78,-63,-100,-100
1763544940900,-100,-57,-100,-100,-82,-78,-100,-78,-63,-100,-100
1763544940925,-100,-57,-100,-100,-82,-78,-100,-78,-63,-100,-100
1763544940950,-100,-57,-100,-100,-82,-78,-100,-78,-63,-100,-100
1763544940976,-100,-57,-100,-100,-82,-78,-100,-78,-63,-100,-100
1763544941001,-100,-57,-100,-100,-82,-78,-100,-78,-63,-100,-100
1763544941026,-100,-57,-100,-100,-82,-78,-100,-78,-63,-100,-100
1763544941052,-100,-57,-100,-100,-82,-78,-100,-78,-63,-100,-100
1763544941077,-100,-57,-100,-100,-82,-78,-100,-78,-63,-100,-100
1763544941103,-100,-57,-100,-100,-82,-78,-100,-78,-63,-100,-100
1763544941128,-100,-57,-100,-100,-82,-78,-100,-78,-63,-100,-100
1763544941153,-100,-57,-100,-100,-82,-78,-100,-78,-63,-100,-100
1763544941178,-100,-57,-100,-100,-82,-78,-100,-78,-63,-100,-100
1763544941204,-100,-57,-100,-100,-82,-78,-100,-78,-63,-100,-100
1763544941229,-100,-57,-100,-100,-82,-78,-100,-78,-63,-100,-100
1763544941254,-100,-56,-100,-100,-83,-83,-100,-79,-65,-85,-100
1763544941279,-100,-56,-100,-100,-83,-83,-100,-79,-65,-85,-100
1763544941304,-100,-56,-100,-100,-83,-83,-100,-79,-65,-85,-100
1763544941330,-100,-56,-100,-100,-83,-83,-100,-79,-65,-85,-100
1763544941356,-100,-56,-100,-100,-83,-83,-100,-79,-65,-85,-100
1763544941381,-100,-56,-100,-100,-83,-83,-100,-79,-65,-85,-100
1763544941407,-100,-56,-100,-100,-83,-83,-100,-79,-65,-85,-100
1763544941431,-100,-56,-100,-100,-83,-83,-100,-79,-65,-85,-100
1763544941456,-100,-56,-100,-100,-83,-83,-100,-79,-65,-85,-100
1763544941481,-100,-56,-100,-100,-83,-83,-100,-79,-65,-85,-100
1763544941506,-100,-56,-100,-100,-83,-83,-100,-79,-65,-85,-100
1763544941531,-100,-56,-100,-100,-83,-83,-100,-79,-65,-85,-100
1763544941556,-100,-56,-100,-100,-83,-83,-100,-79,-65,-85,-100
1763544941581,-100,-56,-100,-100,-83,-83,-100,-79,-65,-85,-100
1763544941606,-100,-56,-100,-100,-83,-83,-100,-79,-65,-85,-100
1763544941631,-100,-56,-100,-100,-83,-83,-100,-79,-65,-85,-100
1763544941657,-100,-56,-100,-100,-83,-83,-100,-79,-65,-85,-100
1763544941681,-100,-56,-100,-100,-83,-83,-100,-79,-65,-85,-100
1763544941706,-100,-56,-100,-100,-83,-83,-100,-79,-65,-85,-100
1763544941731,-100,-56,-100,-100,-83,-81,-100,-79,-66,-85,-100
1763544941756,-100,-56,-100,-100,-83,-81,-100,-79,-66,-85,-100
1763544941781,-100,-56,-100,-100,-83,-81,-100,-79,-66,-85,-100
1763544941807,-100,-56,-100,-100,-83,-81,-100,-79,-66,-85,-100
1763544941832,-100,-56,-100,-100,-83,-81,-100,-79,-66,-85,-100
1763544941857,-100,-56,-100,-100,-83,-81,-100,-79,-66,-85,-100
1763544941882,-100,-56,-100,-100,-83,-81,-100,-79,-66,-85,-100
1763544941907,-100,-56,-100,-100,-83,-81,-100,-79,-66,-85,-100
1763544941932,-100,-56,-100,-100,-83,-81,-100,-79,-66,-85,-100
1763544941958,-100,-56,-100,-100,-83,-81,-100,-79,-66,-85,-100
1763544941983,-100,-56,-100,-100,-83,-81,-100,-79,-66,-85,-100
1763544942009,-100,-56,-100,-100,-83,-81,-100,-79,-66,-85,-100
1763544942034,-100,-56,-100,-100,-83,-81,-100,-79,-66,-85,-100
1763544942060,-100,-56,-100,-100,-83,-81,-100,-79,-66,-85,-100
1763544942085,-100,-56,-100,-100,-83,-81,-100,-79,-66,-85,-100
1763544942110,-100,-56,-100,-100,-83,-81,-100,-79,-66,-85,-100
1763544942135,-100,-56,-100,-100,-83,-81,-100,-79,-66,-85,-100
1763544942161,-100,-56,-100,-100,-83,-81,-100,-79,-66,-85,-100
1763544942185,-100,-56,-100,-100,-83,-81,-100,-79,-66,-85,-100
1763544942210,-100,-56,-100,-100,-83,-81,-100,-79,-66,-85,-100
1763544942236,-100,-55,-100,-100,-82,-79,-100,-77,-65,-88,-100
1763544942260,-100,-55,-100,-100,-82,-79,-100,-77,-65,-88,-100
1763544942285,-100,-55,-100,-100,-82,-79,-100,-77,-65,-88,-100
1763544942311,-100,-55,-100,-100,-82,-79,-100,-77,-65,-88,-100
1763544942336,-100,-55,-100,-100,-82,-79,-100,-77,-65,-88,-100
1763544942361,-100,-55,-100,-100,-82,-79,-100,-77,-65,-88,-100
1763544942386,-100,-55,-100,-100,-82,-79,-100,-77,-65,-88,-100
1763544942411,-100,-55,-100,-100,-82,-79,-100,-77,-65,-88,-100
1763544942436,-100,-55,-100,-100,-82,-79,-100,-77,-65,-88,-100
1763544942461,-100,-55,-100,-100,-82,-79,-100,-77,-65,-88,-100
1763544942486,-100,-55,-100,-100,-82,-79,-100,-77,-65,-88,-100
1763544942511,-100,-55,-100,-100,-82,-79,-100,-77,-65,-88,-100
1763544942536,-100,-55,-100,-100,-82,-79,-100,-77,-65,-88,-100
1763544942561,-100,-55,-100,-100,-82,-79,-100,-77,-65,-88,-100
1763544942586,-100,-55,-100,-100,-82,-79,-100,-77,-65,-88,-100
1763544942611,-100,-55,-100,-100,-82,-79,-100,-77,-65,-88,-100
1763544942636,-100,-55,-100,-100,-82,-79,-100,-77,-65,-88,-100
1763544942662,-100,-55,-100,-100,-82,-79,-100,-77,-65,-88,-100
1763544942687,-100,-55,-100,-100,-82,-79,-100,-77,-65,-88,-100
1763544942712,-100,-55,-100,-100,-82,-79,-100,-77,-65,-88,-100
1763544942737,-100,-53,-100,-100,-81,-79,-100,-77,-64,-88,-100
1763544942762,-100,-53,-100,-100,-81,-79,-100,-77,-64,-88,-100
1763544942787,-100,-53,-100,-100,-81,-79,-100,-77,-64,-88,-100
1763544942812,-100,-53,-100,-100,-81,-79,-100,-77,-64,-88,-100
1763544942837,-100,-53,-100,-100,-81,-79,-100,-77,-64,-88,-100
1763544942863,-100,-53,-100,-100,-81,-79,-100,-77,-64,-88,-100
1763544942888,-100,-53,-100,-100,-81,-79,-100,-77,-64,-88,-100
1763544942913,-100,-53,-100,-100,-81,-79,-100,-77,-64,-88,-100
1763544942938,-100,-53,-100,-100,-81,-79,-100,-77,-64,-88,-100
1763544942964,-100,-53,-100,-100,-81,-79,-100,-77,-64,-88,-100
1763544942989,-100,-53,-100,-100,-81,-79,-100,-77,-64,-88,-100
1763544943015,-100,-53,-100,-100,-81,-79,-100,-77,-64,-88,-100
1763544943039,-100,-53,-100,-100,-81,-79,-100,-77,-64,-88,-100
1763544943065,-100,-53,-100,-100,-81,-79,-100,-77,-64,-88,-100
1763544943090,-100,-53,-100,-100,-81,-79,-100,-77,-64,-88,-100
1763544943116,-100,-53,-100,-100,-81,-79,-100,-77,-64,-88,-100
1763544943141,-100,-53,-100,-100,-81,-79,-100,-77,-64,-88,-100
1763544943167,-100,-53,-100,-100,-81,-79,-100,-77,-64,-88,-100
1763544943191,-100,-53,-100,-100,-81,-79,-100,-77,-64,-88,-100
1763544943216,-100,-53,-100,-100,-81,-79,-100,-77,-64,-88,-100
1763544943242,-100,-52,-100,-100,-81,-78,-100,-77,-64,-100,-100
1763544943268,-100,-52,-100,-100,-81,-78,-100,-77,-64,-100,-100
1763544943293,-100,-52,-100,-100,-81,-78,-100,-77,-64,-100,-100
1763544943319,-100,-52,-100,-100,-81,-78,-100,-77,-64,-100,-100
1763544943344,-100,-52,-100,-100,-81,-78,-100,-77,-64,-100,-100
1763544943369,-100,-52,-100,-100,-81,-78,-100,-77,-64,-100,-100
1763544943396,-100,-52,-100,-100,-81,-78,-100,-77,-64,-100,-100
1763544943420,-100,-52,-100,-100,-81,-78,-100,-77,-64,-100,-100
1763544943445,-100,-52,-100,-100,-81,-78,-100,-77,-64,-100,-100
1763544943471,-100,-52,-100,-100,-81,-78,-100,-77,-64,-100,-100
1763544943496,-100,-52,-100,-100,-81,-78,-100,-77,-64,-100,-100
1763544943522,-100,-52,-100,-100,-81,-78,-100,-77,-64,-100,-100
1763544943547,-100,-52,-100,-100,-81,-78,-100,-77,-64,-100,-100
1763544943573,-100,-52,-100,-100,-81,-78,-100,-77,-64,-100,-100
1763544943598,-100,-52,-100,-100,-81,-78,-100,-77,-64,-100,-100
1763544943623,-100,-52,-100,-100,-81,-78,-100,-77,-64,-100,-100
1763544943648,-100,-52,-100,-100,-81,-78,-100,-77,-64,-100,-100
1763544943673,-100,-52,-100,-100,-81,-78,-100,-77,-64,-100,-100
1763544943698,-100,-52,-100,-100,-81,-78,-100,-77,-64,-100,-100
1763544943723,-100,-52,-100,-100,-81,-78,-100,-77,-64,-100,-100
1763544943749,-100,-51,-100,-100,-81,-77,-100,-78,-64,-100,-100
1763544943775,-100,-51,-100,-100,-81,-77,-100,-78,-64,-100,-100
1763544943800,-100,-51,-100,-100,-81,-77,-100,-78,-64,-100,-100
1763544943826,-100,-51,-100,-100,-81,-77,-100,-78,-64,-100,-100
1763544943853,-100,-51,-100,-100,-81,-77,-100,-78,-64,-100,-100
1763544943878,-100,-51,-100,-100,-81,-77,-100,-78,-64,-100,-100
1763544943903,-100,-51,-100,-100,-81,-77,-100,-78,-64,-100,-100
1763544943928,-100,-51,-100,-100,-81,-77,-100,-78,-64,-100,-100
1763544943953,-100,-51,-100,-100,-81,-77,-100,-78,-64,-100,-100
1763544943978,-100,-51,-100,-100,-81,-77,-100,-78,-64,-100,-100
1763544944003,-100,-51,-100,-100,-81,-77,-100,-78,-64,-100,-100
1763544944029,-100,-51,-100,-100,-81,-77,-100,-78,-64,-100,-100
1763544944054,-100,-51,-100,-100,-81,-77,-100,-78,-64,-100,-100
1763544944079,-100,-51,-100,-100,-81,-77,-100,-78,-64,-100,-100
1763544944104,-100,-51,-100,-100,-81,-77,-100,-78,-64,-100,-100
1763544944129,-100,-51,-100,-100,-81,-77,-100,-78,-64,-100,-100
1763544944154,-100,-51,-100,-100,-81,-77,-100,-78,-64,-100,-100
1763544944179,-100,-51,-100,-100,-81,-77,-100,-78,-64,-100,-100
1763544944204,-100,-51,-100,-100,-81,-77,-100,-78,-64,-100,-100
1763544944230,-100,-51,-100,-100,-81,-77,-100,-78,-64,-100,-100
1763544944256,-100,-48,-100,-100,-90,-77,-100,-75,-62,-100,-100
1763544944281,-100,-48,-100,-100,-90,-77,-100,-75,-62,-100,-100
1763544944306,-100,-48,-100,-100,-90,-77,-100,-75,-62,-100,-100
1763544944331,-100,-48,-100,-100,-90,-77,-100,-75,-62,-100,-100
1763544944357,-100,-48,-100,-100,-90,-77,-100,-75,-62,-100,-100
1763544944382,-100,-48,-100,-100,-90,-77,-100,-75,-62,-100,-100
1763544944409,-100,-48,-100,-100,-90,-77,-100,-75,-62,-100,-100
1763544944434,-100,-48,-100,-100,-90,-77,-100,-75,-62,-100,-100
1763544944459,-100,-48,-100,-100,-90,-77,-100,-75,-62,-100,-100
1763544944484,-100,-48,-100,-100,-90,-77,-100,-75,-62,-100,-100
1763544944509,-100,-48,-100,-100,-90,-77,-100,-75,-62,-100,-100
1763544944534,-100,-48,-100,-100,-90,-77,-100,-75,-62,-100,-100
1763544944560,-100,-48,-100,-100,-90,-77,-100,-75,-62,-100,-100
1763544944585,-100,-48,-100,-100,-90,-77,-100,-75,-62,-100,-100
1763544944610,-100,-48,-100,-100,-90,-77,-100,-75,-62,-100,-100
1763544944636,-100,-48,-100,-100,-90,-77,-100,-75,-62,-100,-100
1763544944661,-100,-48,-100,-100,-90,-77,-100,-75,-62,-100,-100
1763544944686,-100,-48,-100,-100,-90,-77,-100,-75,-62,-100,-100
1763544944711,-100,-48,-100,-100,-90,-77,-100,-75,-62,-100,-100
1763544944737,-100,-45,-100,-100,-85,-76,-100,-75,-60,-100,-100
1763544944761,-100,-45,-100,-100,-85,-76,-100,-75,-60,-100,-100
1763544944786,-100,-45,-100,-100,-85,-76,-100,-75,-60,-100,-100
1763544944812,-100,-45,-100,-100,-85,-76,-100,-75,-60,-100,-100
1763544944836,-100,-45,-100,-100,-85,-76,-100,-75,-60,-100,-100
1763544944861,-100,-45,-100,-100,-85,-76,-100,-75,-60,-100,-100
1763544944886,-100,-45,-100,-100,-85,-76,-100,-75,-60,-100,-100
1763544944911,-100,-45,-100,-100,-85,-76,-100,-75,-60,-100,-100
1763544944936,-100,-45,-100,-100,-85,-76,-100,-75,-60,-100,-100
1763544944961,-100,-45,-100,-100,-85,-76,-100,-75,-60,-100,-100
1763544944986,-100,-45,-100,-100,-85,-76,-100,-75,-60,-100,-100
1763544945012,-100,-45,-100,-100,-85,-76,-100,-75,-60,-100,-100
1763544945037,-100,-45,-100,-100,-85,-76,-100,-75,-60,-100,-100
1763544945063,-100,-45,-100,-100,-85,-76,-100,-75,-60,-100,-100
1763544945088,-100,-45,-100,-100,-85,-76,-100,-75,-60,-100,-100
1763544945113,-100,-45,-100,-100,-85,-76,-100,-75,-60,-100,-100
1763544945138,-100,-45,-100,-100,-85,-76,-100,-75,-60,-100,-100
1763544945164,-100,-45,-100,-100,-85,-76,-100,-75,-60,-100,-100
1763544945189,-100,-45,-100,-100,-85,-76,-100,-75,-60,-100,-100
1763544945214,-100,-45,-100,-100,-85,-76,-100,-75,-60,-100,-100
1763544945239,-100,-48,-100,-100,-81,-75,-100,-74,-60,-100,-100
1763544945264,-100,-48,-100,-100,-81,-75,-100,-74,-60,-100,-100
1763544945289,-100,-48,-100,-100,-81,-75,-100,-74,-60,-100,-100
1763544945315,-100,-48,-100,-100,-81,-75,-100,-74,-60,-100,-100
1763544945340,-100,-48,-100,-100,-81,-75,-100,-74,-60,-100,-100
1763544945365,-100,-48,-100,-100,-81,-75,-100,-74,-60,-100,-100
1763544945390,-100,-48,-100,-100,-81,-75,-100,-74,-60,-100,-100
1763544945415,-100,-48,-100,-100,-81,-75,-100,-74,-60,-100,-100
1763544945441,-100,-48,-100,-100,-81,-75,-100,-74,-60,-100,-100
1763544945467,-100,-48,-100,-100,-81,-75,-100,-74,-60,-100,-100
1763544945492,-100,-48,-100,-100,-81,-75,-100,-74,-60,-100,-100
1763544945518,-100,-48,-100,-100,-81,-75,-100,-74,-60,-100,-100
1763544945543,-100,-48,-100,-100,-81,-75,-100,-74,-60,-100,-100
1763544945568,-100,-48,-100,-100,-81,-75,-100,-74,-60,-100,-100
1763544945593,-100,-48,-100,-100,-81,-75,-100,-74,-60,-100,-100
1763544945618,-100,-48,-100,-100,-81,-75,-100,-74,-60,-100,-100
1763544945643,-100,-48,-100,-100,-81,-75,-100,-74,-60,-100,-100
1763544945668,-100,-48,-100,-100,-81,-75,-100,-74,-60,-100,-100
1763544945693,-100,-48,-100,-100,-81,-75,-100,-74,-60,-100,-100
1763544945718,-100,-48,-100,-100,-81,-75,-100,-74,-60,-100,-100
1763544945743,-100,-51,-100,-100,-100,-76,-100,-74,-60,-100,-100
1763544945768,-100,-51,-100,-100,-100,-76,-100,-74,-60,-100,-100
1763544945793,-100,-51,-100,-100,-100,-76,-100,-74,-60,-100,-100
1763544945818,-100,-51,-100,-100,-100,-76,-100,-74,-60,-100,-100
1763544945844,-100,-51,-100,-100,-100,-76,-100,-74,-60,-100,-100
1763544945869,-100,-51,-100,-100,-100,-76,-100,-74,-60,-100,-100
1763544945895,-100,-51,-100,-100,-100,-76,-100,-74,-60,-100,-100
1763544945921,-100,-51,-100,-100,-100,-76,-100,-74,-60,-100,-100
1763544945947,-100,-51,-100,-100,-100,-76,-100,-74,-60,-100,-100
1763544945972,-100,-51,-100,-100,-100,-76,-100,-74,-60,-100,-100
1763544945997,-100,-51,-100,-100,-100,-76,-100,-74,-60,-100,-100
1763544946022,-100,-51,-100,-100,-100,-76,-100,-74,-60,-100,-100
1763544946047,-100,-51,-100,-100,-100,-76,-100,-74,-60,-100,-100
1763544946073,-100,-51,-100,-100,-100,-76,-100,-74,-60,-100,-100
1763544946098,-100,-51,-100,-100,-100,-76,-100,-74,-60,-100,-100
1763544946123,-100,-51,-100,-100,-100,-76,-100,-74,-60,-100,-100
1763544946148,-100,-51,-100,-100,-100,-76,-100,-74,-60,-100,-100
1763544946173,-100,-51,-100,-100,-100,-76,-100,-74,-60,-100,-100
1763544946198,-100,-51,-100,-100,-100,-76,-100,-74,-60,-100,-100
1763544946223,-100,-51,-100,-100,-100,-76,-100,-74,-60,-100,-100
1763544946249,-100,-54,-100,-100,-100,-77,-100,-74,-58,-100,-100
1763544946275,-100,-54,-100,-100,-100,-77,-100,-74,-58,-100,-100
1763544946301,-100,-54,-100,-100,-100,-77,-100,-74,-58,-100,-100
1763544946328,-100,-54,-100,-100,-100,-77,-100,-74,-58,-100,-100
1763544946353,-100,-54,-100,-100,-100,-77,-100,-74,-58,-100,-100
1763544946379,-100,-54,-100,-100,-100,-77,-100,-74,-58,-100,-100
1763544946404,-100,-54,-100,-100,-100,-77,-100,-74,-58,-100,-100
1763544946430,-100,-54,-100,-100,-100,-77,-100,-74,-58,-100,-100
1763544946455,-100,-54,-100,-100,-100,-77,-100,-74,-58,-100,-100
1763544946480,-100,-54,-100,-100,-100,-77,-100,-74,-58,-100,-100
1763544946505,-100,-54,-100,-100,-100,-77,-100,-74,-58,-100,-100
1763544946530,-100,-54,-100,-100,-100,-77,-100,-74,-58,-100,-100
1763544946555,-100,-54,-100,-100,-100,-77,-100,-74,-58,-100,-100
1763544946581,-100,-54,-100,-100,-100,-77,-100,-74,-58,-100,-100
1763544946606,-100,-54,-100,-100,-100,-77,-100,-74,-58,-100,-100
1763544946632,-100,-54,-100,-100,-100,-77,-100,-74,-58,-100,-100
1763544946656,-100,-54,-100,-100,-100,-77,-100,-74,-58,-100,-100
1763544946682,-100,-54,-100,-100,-100,-77,-100,-74,-58,-100,-100
1763544946708,-100,-54,-100,-100,-100,-77,-100,-74,-58,-100,-100
1763544946733,-100,-56,-100,-100,-80,-77,-100,-74,-58,-100,-100
1763544946758,-100,-56,-100,-100,-80,-77,-100,-74,-58,-100,-100
1763544946784,-100,-56,-100,-100,-80,-77,-100,-74,-58,-100,-100
1763544946809,-100,-56,-100,-100,-80,-77,-100,-74,-58,-100,-100
1763544946835,-100,-56,-100,-100,-80,-77,-100,-74,-58,-100,-100
1763544946860,-100,-56,-100,-100,-80,-77,-100,-74,-58,-100,-100
1763544946886,-100,-56,-100,-100,-80,-77,-100,-74,-58,-100,-100
1763544946910,-100,-56,-100,-100,-80,-77,-100,-74,-58,-100,-100
1763544946936,-100,-56,-100,-100,-80,-77,-100,-74,-58,-100,-100
1763544946961,-100,-56,-100,-100,-80,-77,-100,-74,-58,-100,-100
1763544946986,-100,-56,-100,-100,-80,-77,-100,-74,-58,-100,-100
1763544947012,-100,-56,-100,-100,-80,-77,-100,-74,-58,-100,-100
1763544947038,-100,-56,-100,-100,-80,-77,-100,-74,-58,-100,-100
1763544947064,-100,-56,-100,-100,-80,-77,-100,-74,-58,-100,-100
1763544947089,-100,-56,-100,-100,-80,-77,-100,-74,-58,-100,-100
1763544947114,-100,-56,-100,-100,-80,-77,-100,-74,-58,-100,-100
1763544947140,-100,-56,-100,-100,-80,-77,-100,-74,-58,-100,-100
1763544947165,-100,-56,-100,-100,-80,-77,-100,-74,-58,-100,-100
1763544947190,-100,-56,-100,-100,-80,-77,-100,-74,-58,-100,-100
1763544947215,-100,-56,-100,-100,-80,-77,-100,-74,-58,-100,-100
1763544947240,-100,-58,-100,-100,-81,-81,-100,-79,-57,-100,-100
1763544947266,-100,-58,-100,-100,-81,-81,-100,-79,-57,-100,-100
1763544947290,-100,-58,-100,-100,-81,-81,-100,-79,-57,-100,-100
1763544947316,-100,-58,-100,-100,-81,-81,-100,-79,-57,-100,-100
1763544947341,-100,-58,-100,-100,-81,-81,-100,-79,-57,-100,-100
1763544947366,-100,-58,-100,-100,-81,-81,-100,-79,-57,-100,-100
1763544947391,-100,-58,-100,-100,-81,-81,-100,-79,-57,-100,-100
1763544947417,-100,-58,-100,-100,-81,-81,-100,-79,-57,-100,-100
1763544947443,-100,-58,-100,-100,-81,-81,-100,-79,-57,-100,-100
1763544947469,-100,-58,-100,-100,-81,-81,-100,-79,-57,-100,-100
1763544947494,-100,-58,-100,-100,-81,-81,-100,-79,-57,-100,-100
1763544947520,-100,-58,-100,-100,-81,-81,-100,-79,-57,-100,-100
1763544947545,-100,-58,-100,-100,-81,-81,-100,-79,-57,-100,-100
1763544947570,-100,-58,-100,-100,-81,-81,-100,-79,-57,-100,-100
1763544947595,-100,-58,-100,-100,-81,-81,-100,-79,-57,-100,-100
1763544947621,-100,-58,-100,-100,-81,-81,-100,-79,-57,-100,-100
1763544947647,-100,-58,-100,-100,-81,-81,-100,-79,-57,-100,-100
1763544947672,-100,-58,-100,-100,-81,-81,-100,-79,-57,-100,-100
1763544947697,-100,-58,-100,-100,-81,-81,-100,-79,-57,-100,-100
1763544947722,-100,-58,-100,-100,-81,-81,-100,-79,-57,-100,-100
1763544947747,-100,-59,-100,-100,-85,-100,-100,-79,-53,-100,-100
1763544947772,-100,-59,-100,-100,-85,-100,-100,-79,-53,-100,-100
1763544947797,-100,-59,-100,-100,-85,-100,-100,-79,-53,-100,-100
1763544947822,-100,-59,-100,-100,-85,-100,-100,-79,-53,-100,-100
1763544947847,-100,-59,-100,-100,-85,-100,-100,-79,-53,-100,-100
1763544947872,-100,-59,-100,-100,-85,-100,-100,-79,-53,-100,-100
1763544947898,-100,-59,-100,-100,-85,-100,-100,-79,-53,-100,-100
1763544947923,-100,-59,-100,-100,-85,-100,-100,-79,-53,-100,-100
1763544947948,-100,-59,-100,-100,-85,-100,-100,-79,-53,-100,-100
1763544947973,-100,-59,-100,-100,-85,-100,-100,-79,-53,-100,-100
1763544947998,-100,-59,-100,-100,-85,-100,-100,-79,-53,-100,-100
1763544948023,-100,-59,-100,-100,-85,-100,-100,-79,-53,-100,-100
1763544948048,-100,-59,-100,-100,-85,-100,-100,-79,-53,-100,-100
1763544948074,-100,-59,-100,-100,-85,-100,-100,-79,-53,-100,-100
1763544948099,-100,-59,-100,-100,-85,-100,-100,-79,-53,-100,-100
1763544948124,-100,-59,-100,-100,-85,-100,-100,-79,-53,-100,-100
1763544948149,-100,-59,-100,-100,-85,-100,-100,-79,-53,-100,-100
1763544948174,-100,-59,-100,-100,-85,-100,-100,-79,-53,-100,-100
1763544948200,-100,-59,-100,-100,-85,-100,-100,-79,-53,-100,-100
1763544948226,-100,-59,-100,-100,-85,-100,-100,-79,-53,-100,-100
1763544948252,-100,-61,-100,-100,-100,-77,-100,-79,-52,-100,-100
1763544948277,-100,-61,-100,-100,-100,-77,-100,-79,-52,-100,-100
1763544948302,-100,-61,-100,-100,-100,-77,-100,-79,-52,-100,-100
1763544948327,-100,-61,-100,-100,-100,-77,-100,-79,-52,-100,-100
1763544948352,-100,-61,-100,-100,-100,-77,-100,-79,-52,-100,-100
1763544948377,-100,-61,-100,-100,-100,-77,-100,-79,-52,-100,-100
1763544948402,-100,-61,-100,-100,-100,-77,-100,-79,-52,-100,-100
1763544948427,-100,-61,-100,-100,-100,-77,-100,-79,-52,-100,-100
1763544948452,-100,-61,-100,-100,-100,-77,-100,-79,-52,-100,-100
1763544948477,-100,-61,-100,-100,-100,-77,-100,-79,-52,-100,-100
1763544948502,-100,-61,-100,-100,-100,-77,-100,-79,-52,-100,-100
1763544948527,-100,-61,-100,-100,-100,-77,-100,-79,-52,-100,-100
1763544948554,-100,-61,-100,-100,-100,-77,-100,-79,-52,-100,-100
1763544948579,-100,-61,-100,-100,-100,-77,-100,-79,-52,-100,-100
1763544948604,-100,-61,-100,-100,-100,-77,-100,-79,-52,-100,-100
1763544948629,-100,-61,-100,-100,-100,-77,-100,-79,-52,-100,-100
1763544948655,-100,-61,-100,-100,-100,-77,-100,-79,-52,-100,-100
1763544948680,-100,-61,-100,-100,-100,-77,-100,-79,-52,-100,-100
1763544948705,-100,-61,-100,-100,-100,-77,-100,-79,-52,-100,-100
1763544948730,-100,-61,-100,-100,-100,-77,-100,-79,-52,-100,-100
1763544948755,-100,-61,-100,-100,-100,-76,-100,-72,-51,-100,-100
1763544948780,-100,-61,-100,-100,-100,-76,-100,-72,-51,-100,-100
1763544948806,-100,-61,-100,-100,-100,-76,-100,-72,-51,-100,-100
1763544948831,-100,-61,-100,-100,-100,-76,-100,-72,-51,-100,-100
1763544948856,-100,-61,-100,-100,-100,-76,-100,-72,-51,-100,-100
1763544948881,-100,-61,-100,-100,-100,-76,-100,-72,-51,-100,-100
1763544948906,-100,-61,-100,-100,-100,-76,-100,-72,-51,-100,-100
1763544948931,-100,-61,-100,-100,-100,-76,-100,-72,-51,-100,-100
1763544948956,-100,-61,-100,-100,-100,-76,-100,-72,-51,-100,-100
1763544948982,-100,-61,-100,-100,-100,-76,-100,-72,-51,-100,-100
1763544949007,-100,-61,-100,-100,-100,-76,-100,-72,-51,-100,-100
1763544949032,-100,-61,-100,-100,-100,-76,-100,-72,-51,-100,-100
1763544949057,-100,-61,-100,-100,-100,-76,-100,-72,-51,-100,-100
1763544949082,-100,-61,-100,-100,-100,-76,-100,-72,-51,-100,-100
1763544949107,-100,-61,-100,-100,-100,-76,-100,-72,-51,-100,-100
1763544949132,-100,-61,-100,-100,-100,-76,-100,-72,-51,-100,-100
1763544949157,-100,-61,-100,-100,-100,-76,-100,-72,-51,-100,-100
1763544949183,-100,-61,-100,-100,-100,-76,-100,-72,-51,-100,-100
1763544949208,-100,-61,-100,-100,-100,-76,-100,-72,-51,-100,-100
1763544949233,-100,-61,-100,-100,-100,-76,-100,-72,-51,-100,-100
1763544949258,-100,-61,-100,-100,-100,-75,-100,-75,-49,-100,-100
1763544949283,-100,-61,-100,-100,-100,-75,-100,-75,-49,-100,-100
1763544949308,-100,-61,-100,-100,-100,-75,-100,-75,-49,-100,-100
1763544949334,-100,-61,-100,-100,-100,-75,-100,-75,-49,-100,-100
1763544949359,-100,-61,-100,-100,-100,-75,-100,-75,-49,-100,-100
1763544949385,-100,-61,-100,-100,-100,-75,-100,-75,-49,-100,-100
1763544949410,-100,-61,-100,-100,-100,-75,-100,-75,-49,-100,-100
1763544949435,-100,-61,-100,-100,-100,-75,-100,-75,-49,-100,-100
1763544949460,-100,-61,-100,-100,-100,-75,-100,-75,-49,-100,-100
1763544949485,-100,-61,-100,-100,-100,-75,-100,-75,-49,-100,-100
1763544949510,-100,-61,-100,-100,-100,-75,-100,-75,-49,-100,-100
1763544949535,-100,-61,-100,-100,-100,-75,-100,-75,-49,-100,-100
1763544949560,-100,-61,-100,-100,-100,-75,-100,-75,-49,-100,-100
1763544949586,-100,-61,-100,-100,-100,-75,-100,-75,-49,-100,-100
1763544949610,-100,-61,-100,-100,-100,-75,-100,-75,-49,-100,-100
1763544949635,-100,-61,-100,-100,-100,-75,-100,-75,-49,-100,-100
1763544949660,-100,-61,-100,-100,-100,-75,-100,-75,-49,-100,-100
1763544949685,-100,-61,-100,-100,-100,-75,-100,-75,-49,-100,-100
1763544949710,-100,-61,-100,-100,-100,-75,-100,-75,-49,-100,-100
1763544949735,-100,-63,-100,-100,-100,-75,-100,-75,-49,-100,-100
1763544949760,-100,-63,-100,-100,-100,-75,-100,-75,-49,-100,-100
1763544949786,-100,-63,-100,-100,-100,-75,-100,-75,-49,-100,-100
1763544949812,-100,-63,-100,-100,-100,-75,-100,-75,-49,-100,-100
1763544949837,-100,-63,-100,-100,-100,-75,-100,-75,-49,-100,-100
1763544949863,-100,-63,-100,-100,-100,-75,-100,-75,-49,-100,-100
1763544949888,-100,-63,-100,-100,-100,-75,-100,-75,-49,-100,-100
1763544949913,-100,-63,-100,-100,-100,-75,-100,-75,-49,-100,-100
1763544949938,-100,-63,-100,-100,-100,-75,-100,-75,-49,-100,-100
1763544949963,-100,-63,-100,-100,-100,-75,-100,-75,-49,-100,-100
1763544949988,-100,-63,-100,-100,-100,-75,-100,-75,-49,-100,-100
1763544950013,-100,-63,-100,-100,-100,-75,-100,-75,-49,-100,-100
1763544950038,-100,-63,-100,-100,-100,-75,-100,-75,-49,-100,-100
1763544950063,-100,-63,-100,-100,-100,-75,-100,-75,-49,-100,-100
1763544950088,-100,-63,-100,-100,-100,-75,-100,-75,-49,-100,-100
1763544950113,-100,-63,-100,-100,-100,-75,-100,-75,-49,-100,-100
1763544950138,-100,-63,-100,-100,-100,-75,-100,-75,-49,-100,-100
1763544950163,-100,-63,-100,-100,-100,-75,-100,-75,-49,-100,-100
1763544950188,-100,-63,-100,-100,-100,-75,-100,-75,-49,-100,-100
1763544950213,-100,-63,-100,-100,-100,-75,-100,-75,-49,-100,-100
1763544950238,-100,-65,-100,-100,-100,-76,-100,-73,-48,-83,-100
1763544950263,-100,-65,-100,-100,-100,-76,-100,-73,-48,-83,-100
1763544950288,-100,-65,-100,-100,-100,-76,-100,-73,-48,-83,-100
1763544950313,-100,-65,-100,-100,-100,-76,-100,-73,-48,-83,-100
1763544950338,-100,-65,-100,-100,-100,-76,-100,-73,-48,-83,-100
1763544950363,-100,-65,-100,-100,-100,-76,-100,-73,-48,-83,-100
1763544950388,-100,-65,-100,-100,-100,-76,-100,-73,-48,-83,-100
1763544950413,-100,-65,-100,-100,-100,-76,-100,-73,-48,-83,-100
1763544950438,-100,-65,-100,-100,-100,-76,-100,-73,-48,-83,-100
1763544950463,-100,-65,-100,-100,-100,-76,-100,-73,-48,-83,-100
1763544950488,-100,-65,-100,-100,-100,-76,-100,-73,-48,-83,-100
1763544950513,-100,-65,-100,-100,-100,-76,-100,-73,-48,-83,-100
1763544950538,-100,-65,-100,-100,-100,-76,-100,-73,-48,-83,-100
1763544950563,-100,-65,-100,-100,-100,-76,-100,-73,-48,-83,-100
1763544950589,-100,-65,-100,-100,-100,-76,-100,-73,-48,-83,-100
1763544950614,-100,-65,-100,-100,-100,-76,-100,-73,-48,-83,-100
1763544950640,-100,-65,-100,-100,-100,-76,-100,-73,-48,-83,-100
1763544950665,-100,-65,-100,-100,-100,-76,-100,-73,-48,-83,-100
1763544950691,-100,-65,-100,-100,-100,-76,-100,-73,-48,-83,-100
1763544950716,-100,-65,-100,-100,-100,-76,-100,-73,-48,-83,-100
1763544950742,-100,-67,-100,-100,-80,-76,-100,-71,-48,-83,-100
1763544950767,-100,-67,-100,-100,-80,-76,-100,-71,-48,-83,-100
1763544950792,-100,-67,-100,-100,-80,-76,-100,-71,-48,-83,-100
1763544950817,-100,-67,-100,-100,-80,-76,-100,-71,-48,-83,-100
1763544950842,-100,-67,-100,-100,-80,-76,-100,-71,-48,-83,-100
1763544950867,-100,-67,-100,-100,-80,-76,-100,-71,-48,-83,-100
1763544950892,-100,-67,-100,-100,-80,-76,-100,-71,-48,-83,-100
1763544950917,-100,-67,-100,-100,-80,-76,-100,-71,-48,-83,-100
1763544950942,-100,-67,-100,-100,-80,-76,-100,-71,-48,-83,-100
1763544950967,-100,-67,-100,-100,-80,-76,-100,-71,-48,-83,-100
1763544950992,-100,-67,-100,-100,-80,-76,-100,-71,-48,-83,-100
1763544951017,-100,-67,-100,-100,-80,-76,-100,-71,-48,-83,-100
1763544951042,-100,-67,-100,-100,-80,-76,-100,-71,-48,-83,-100
1763544951067,-100,-67,-100,-100,-80,-76,-100,-71,-48,-83,-100
1763544951092,-100,-67,-100,-100,-80,-76,-100,-71,-48,-83,-100
1763544951117,-100,-67,-100,-100,-80,-76,-100,-71,-48,-83,-100
1763544951142,-100,-67,-100,-100,-80,-76,-100,-71,-48,-83,-100
1763544951167,-100,-67,-100,-100,-80,-76,-100,-71,-48,-83,-100
1763544951193,-100,-67,-100,-100,-80,-76,-100,-71,-48,-83,-100
1763544951218,-100,-67,-100,-100,-80,-76,-100,-71,-48,-83,-100
1763544951243,-100,-67,-100,-100,-80,-76,-100,-70,-50,-83,-100
1763544951268,-100,-67,-100,-100,-80,-76,-100,-70,-50,-83,-100
1763544951293,-100,-67,-100,-100,-80,-76,-100,-70,-50,-83,-100
1763544951318,-100,-67,-100,-100,-80,-76,-100,-70,-50,-83,-100
1763544951344,-100,-67,-100,-100,-80,-76,-100,-70,-50,-83,-100
1763544951369,-100,-67,-100,-100,-80,-76,-100,-70,-50,-83,-100
1763544951394,-100,-67,-100,-100,-80,-76,-100,-70,-50,-83,-100
1763544951419,-100,-67,-100,-100,-80,-76,-100,-70,-50,-83,-100
1763544951444,-100,-67,-100,-100,-80,-76,-100,-70,-50,-83,-100
1763544951469,-100,-67,-100,-100,-80,-76,-100,-70,-50,-83,-100
1763544951494,-100,-67,-100,-100,-80,-76,-100,-70,-50,-83,-100
1763544951519,-100,-67,-100,-100,-80,-76,-100,-70,-50,-83,-100
1763544951545,-100,-67,-100,-100,-80,-76,-100,-70,-50,-83,-100
1763544951570,-100,-67,-100,-100,-80,-76,-100,-70,-50,-83,-100
1763544951595,-100,-67,-100,-100,-80,-76,-100,-70,-50,-83,-100
1763544951621,-100,-67,-100,-100,-80,-76,-100,-70,-50,-83,-100
1763544951647,-100,-67,-100,-100,-80,-76,-100,-70,-50,-83,-100
1763544951672,-100,-67,-100,-100,-80,-76,-100,-70,-50,-83,-100
1763544951698,-100,-67,-100,-100,-80,-76,-100,-70,-50,-83,-100
1763544951723,-100,-67,-100,-100,-80,-76,-100,-70,-50,-83,-100
1763544951748,-100,-68,-100,-100,-80,-76,-100,-71,-53,-86,-100
1763544951773,-100,-68,-100,-100,-80,-76,-100,-71,-53,-86,-100
1763544951799,-100,-68,-100,-100,-80,-76,-100,-71,-53,-86,-100
1763544951824,-100,-68,-100,-100,-80,-76,-100,-71,-53,-86,-100
1763544951850,-100,-68,-100,-100,-80,-76,-100,-71,-53,-86,-100
1763544951875,-100,-68,-100,-100,-80,-76,-100,-71,-53,-86,-100
1763544951900,-100,-68,-100,-100,-80,-76,-100,-71,-53,-86,-100
1763544951926,-100,-68,-100,-100,-80,-76,-100,-71,-53,-86,-100
1763544951950,-100,-68,-100,-100,-80,-76,-100,-71,-53,-86,-100
1763544951975,-100,-68,-100,-100,-80,-76,-100,-71,-53,-86,-100
1763544952000,-100,-68,-100,-100,-80,-76,-100,-71,-53,-86,-100
1763544952025,-100,-68,-100,-100,-80,-76,-100,-71,-53,-86,-100
1763544952050,-100,-68,-100,-100,-80,-76,-100,-71,-53,-86,-100
1763544952075,-100,-68,-100,-100,-80,-76,-100,-71,-53,-86,-100
1763544952100,-100,-68,-100,-100,-80,-76,-100,-71,-53,-86,-100
1763544952126,-100,-68,-100,-100,-80,-76,-100,-71,-53,-86,-100
1763544952151,-100,-68,-100,-100,-80,-76,-100,-71,-53,-86,-100
1763544952176,-100,-68,-100,-100,-80,-76,-100,-71,-53,-86,-100
1763544952201,-100,-68,-100,-100,-80,-76,-100,-71,-53,-86,-100
1763544952226,-100,-68,-100,-100,-80,-76,-100,-71,-53,-86,-100
1763544952252,-100,-72,-100,-100,-80,-77,-100,-72,-56,-86,-100
1763544952278,-100,-72,-100,-100,-80,-77,-100,-72,-56,-86,-100
1763544952303,-100,-72,-100,-100,-80,-77,-100,-72,-56,-86,-100
1763544952328,-100,-72,-100,-100,-80,-77,-100,-72,-56,-86,-100
1763544952353,-100,-72,-100,-100,-80,-77,-100,-72,-56,-86,-100
1763544952378,-100,-72,-100,-100,-80,-77,-100,-72,-56,-86,-100
1763544952403,-100,-72,-100,-100,-80,-77,-100,-72,-56,-86,-100
1763544952428,-100,-72,-100,-100,-80,-77,-100,-72,-56,-86,-100
1763544952453,-100,-72,-100,-100,-80,-77,-100,-72,-56,-86,-100
1763544952478,-100,-72,-100,-100,-80,-77,-100,-72,-56,-86,-100
1763544952504,-100,-72,-100,-100,-80,-77,-100,-72,-56,-86,-100
1763544952530,-100,-72,-100,-100,-80,-77,-100,-72,-56,-86,-100
1763544952555,-100,-72,-100,-100,-80,-77,-100,-72,-56,-86,-100
1763544952580,-100,-72,-100,-100,-80,-77,-100,-72,-56,-86,-100
1763544952606,-100,-72,-100,-100,-80,-77,-100,-72,-56,-86,-100
1763544952631,-100,-72,-100,-100,-80,-77,-100,-72,-56,-86,-100
1763544952657,-100,-72,-100,-100,-80,-77,-100,-72,-56,-86,-100
1763544952682,-100,-72,-100,-100,-80,-77,-100,-72,-56,-86,-100
1763544952707,-100,-72,-100,-100,-80,-77,-100,-72,-56,-86,-100
1763544952732,-100,-72,-100,-100,-80,-77,-100,-72,-56,-86,-100
1763544952757,-100,-73,-100,-100,-85,-79,-100,-78,-60,-84,-100
1763544952782,-100,-73,-100,-100,-85,-79,-100,-78,-60,-84,-100
1763544952808,-100,-73,-100,-100,-85,-79,-100,-78,-60,-84,-100
1763544952834,-100,-73,-100,-100,-85,-79,-100,-78,-60,-84,-100
1763544952859,-100,-73,-100,-100,-85,-79,-100,-78,-60,-84,-100
1763544952885,-100,-73,-100,-100,-85,-79,-100,-78,-60,-84,-100
1763544952910,-100,-73,-100,-100,-85,-79,-100,-78,-60,-84,-100
1763544952935,-100,-73,-100,-100,-85,-79,-100,-78,-60,-84,-100
1763544952961,-100,-73,-100,-100,-85,-79,-100,-78,-60,-84,-100
1763544952987,-100,-73,-100,-100,-85,-79,-100,-78,-60,-84,-100
1763544953013,-100,-73,-100,-100,-85,-79,-100,-78,-60,-84,-100
1763544953039,-100,-73,-100,-100,-85,-79,-100,-78,-60,-84,-100
1763544953065,-100,-73,-100,-100,-85,-79,-100,-78,-60,-84,-100
1763544953091,-100,-73,-100,-100,-85,-79,-100,-78,-60,-84,-100
1763544953116,-100,-73,-100,-100,-85,-79,-100,-78,-60,-84,-100
1763544953141,-100,-73,-100,-100,-85,-79,-100,-78,-60,-84,-100
1763544953166,-100,-73,-100,-100,-85,-79,-100,-78,-60,-84,-100
1763544953191,-100,-73,-100,-100,-85,-79,-100,-78,-60,-84,-100
1763544953216,-100,-73,-100,-100,-85,-79,-100,-78,-60,-84,-100
1763544953242,-100,-73,-100,-100,-83,-78,-100,-77,-62,-84,-100
1763544953268,-100,-73,-100,-100,-83,-78,-100,-77,-62,-84,-100
1763544953294,-100,-73,-100,-100,-83,-78,-100,-77,-62,-84,-100
1763544953320,-100,-73,-100,-100,-83,-78,-100,-77,-62,-84,-100
1763544953345,-100,-73,-100,-100,-83,-78,-100,-77,-62,-84,-100
1763544953370,-100,-73,-100,-100,-83,-78,-100,-77,-62,-84,-100
1763544953395,-100,-73,-100,-100,-83,-78,-100,-77,-62,-84,-100
1763544953421,-100,-73,-100,-100,-83,-78,-100,-77,-62,-84,-100
1763544953446,-100,-73,-100,-100,-83,-78,-100,-77,-62,-84,-100
1763544953472,-100,-73,-100,-100,-83,-78,-100,-77,-62,-84,-100
1763544953498,-100,-73,-100,-100,-83,-78,-100,-77,-62,-84,-100
1763544953523,-100,-73,-100,-100,-83,-78,-100,-77,-62,-84,-100
1763544953548,-100,-73,-100,-100,-83,-78,-100,-77,-62,-84,-100
1763544953573,-100,-73,-100,-100,-83,-78,-100,-77,-62,-84,-100
1763544953598,-100,-73,-100,-100,-83,-78,-100,-77,-62,-84,-100
1763544953623,-100,-73,-100,-100,-83,-78,-100,-77,-62,-84,-100
1763544953648,-100,-73,-100,-100,-83,-78,-100,-77,-62,-84,-100
1763544953674,-100,-73,-100,-100,-83,-78,-100,-77,-62,-84,-100
1763544953699,-100,-73,-100,-100,-83,-78,-100,-77,-62,-84,-100
1763544953724,-100,-73,-100,-100,-83,-78,-100,-77,-62,-84,-100
1763544953749,-100,-74,-100,-100,-83,-79,-100,-73,-65,-100,-100
1763544953775,-100,-74,-100,-100,-83,-79,-100,-73,-65,-100,-100
1763544953800,-100,-74,-100,-100,-83,-79,-100,-73,-65,-100,-100
1763544953825,-100,-74,-100,-100,-83,-79,-100,-73,-65,-100,-100
1763544953850,-100,-74,-100,-100,-83,-79,-100,-73,-65,-100,-100
1763544953875,-100,-74,-100,-100,-83,-79,-100,-73,-65,-100,-100
1763544953900,-100,-74,-100,-100,-83,-79,-100,-73,-65,-100,-100
1763544953926,-100,-74,-100,-100,-83,-79,-100,-73,-65,-100,-100
1763544953952,-100,-74,-100,-100,-83,-79,-100,-73,-65,-100,-100
1763544953978,-100,-74,-100,-100,-83,-79,-100,-73,-65,-100,-100
1763544954003,-100,-74,-100,-100,-83,-79,-100,-73,-65,-100,-100
1763544954029,-100,-74,-100,-100,-83,-79,-100,-73,-65,-100,-100
1763544954055,-100,-74,-100,-100,-83,-79,-100,-73,-65,-100,-100
1763544954080,-100,-74,-100,-100,-83,-79,-100,-73,-65,-100,-100
1763544954105,-100,-74,-100,-100,-83,-79,-100,-73,-65,-100,-100
1763544954131,-100,-74,-100,-100,-83,-79,-100,-73,-65,-100,-100
1763544954156,-100,-74,-100,-100,-83,-79,-100,-73,-65,-100,-100
1763544954181,-100,-74,-100,-100,-83,-79,-100,-73,-65,-100,-100
1763544954206,-100,-74,-100,-100,-83,-79,-100,-73,-65,-100,-100
1763544954231,-100,-74,-100,-100,-83,-79,-100,-73,-65,-100,-100
1763544954256,-100,-75,-100,-100,-100,-79,-100,-73,-65,-100,-100
1763544954281,-100,-75,-100,-100,-100,-79,-100,-73,-65,-100,-100
1763544954307,-100,-75,-100,-100,-100,-79,-100,-73,-65,-100,-100
1763544954332,-100,-75,-100,-100,-100,-79,-100,-73,-65,-100,-100
1763544954357,-100,-75,-100,-100,-100,-79,-100,-73,-65,-100,-100
1763544954382,-100,-75,-100,-100,-100,-79,-100,-73,-65,-100,-100
1763544954407,-100,-75,-100,-100,-100,-79,-100,-73,-65,-100,-100
1763544954432,-100,-75,-100,-100,-100,-79,-100,-73,-65,-100,-100
1763544954457,-100,-75,-100,-100,-100,-79,-100,-73,-65,-100,-100
1763544954482,-100,-75,-100,-100,-100,-79,-100,-73,-65,-100,-100
1763544954507,-100,-75,-100,-100,-100,-79,-100,-73,-65,-100,-100
1763544954532,-100,-75,-100,-100,-100,-79,-100,-73,-65,-100,-100
1763544954557,-100,-75,-100,-100,-100,-79,-100,-73,-65,-100,-100
1763544954582,-100,-75,-100,-100,-100,-79,-100,-73,-65,-100,-100
1763544954607,-100,-75,-100,-100,-100,-79,-100,-73,-65,-100,-100
1763544954632,-100,-75,-100,-100,-100,-79,-100,-73,-65,-100,-100
1763544954657,-100,-75,-100,-100,-100,-79,-100,-73,-65,-100,-100
1763544954682,-100,-75,-100,-100,-100,-79,-100,-73,-65,-100,-100
1763544954707,-100,-75,-100,-100,-100,-79,-100,-73,-65,-100,-100
1763544954732,-100,-75,-100,-100,-100,-79,-100,-73,-65,-100,-100
1763544954757,-100,-77,-100,-100,-82,-79,-100,-73,-65,-100,-100
1763544954783,-100,-77,-100,-100,-82,-79,-100,-73,-65,-100,-100
1763544954808,-100,-77,-100,-100,-82,-79,-100,-73,-65,-100,-100
1763544954833,-100,-77,-100,-100,-82,-79,-100,-73,-65,-100,-100
1763544954858,-100,-77,-100,-100,-82,-79,-100,-73,-65,-100,-100
1763544954884,-100,-77,-100,-100,-82,-79,-100,-73,-65,-100,-100
1763544954908,-100,-77,-100,-100,-82,-79,-100,-73,-65,-100,-100
1763544954933,-100,-77,-100,-100,-82,-79,-100,-73,-65,-100,-100
1763544954958,-100,-77,-100,-100,-82,-79,-100,-73,-65,-100,-100
1763544954984,-100,-77,-100,-100,-82,-79,-100,-73,-65,-100,-100
1763544955010,-100,-77,-100,-100,-82,-79,-100,-73,-65,-100,-100
1763544955035,-100,-77,-100,-100,-82,-79,-100,-73,-65,-100,-100
1763544955061,-100,-77,-100,-100,-82,-79,-100,-73,-65,-100,-100
1763544955086,-100,-77,-100,-100,-82,-79,-100,-73,-65,-100,-100
1763544955111,-100,-77,-100,-100,-82,-79,-100,-73,-65,-100,-100
1763544955136,-100,-77,-100,-100,-82,-79,-100,-73,-65,-100,-100
1763544955162,-100,-77,-100,-100,-82,-79,-100,-73,-65,-100,-100
1763544955188,-100,-77,-100,-100,-82,-79,-100,-73,-65,-100,-100
1763544955212,-100,-77,-100,-100,-82,-79,-100,-73,-65,-100,-100
1763544955237,-100,-77,-100,-100,-82,-79,-100,-73,-65,-100,-100
1763544955263,-100,-78,-100,-100,-82,-77,-100,-70,-67,-90,-100
1763544955288,-100,-78,-100,-100,-82,-77,-100,-70,-67,-90,-100
1763544955313,-100,-78,-100,-100,-82,-77,-100,-70,-67,-90,-100
1763544955339,-100,-78,-100,-100,-82,-77,-100,-70,-67,-90,-100
1763544955364,-100,-78,-100,-100,-82,-77,-100,-70,-67,-90,-100
1763544955389,-100,-78,-100,-100,-82,-77,-100,-70,-67,-90,-100
1763544955414,-100,-78,-100,-100,-82,-77,-100,-70,-67,-90,-100
1763544955439,-100,-78,-100,-100,-82,-77,-100,-70,-67,-90,-100
1763544955464,-100,-78,-100,-100,-82,-77,-100,-70,-67,-90,-100
1763544955489,-100,-78,-100,-100,-82,-77,-100,-70,-67,-90,-100
1763544955514,-100,-78,-100,-100,-82,-77,-100,-70,-67,-90,-100
1763544955539,-100,-78,-100,-100,-82,-77,-100,-70,-67,-90,-100
1763544955564,-100,-78,-100,-100,-82,-77,-100,-70,-67,-90,-100
1763544955589,-100,-78,-100,-100,-82,-77,-100,-70,-67,-90,-100
1763544955615,-100,-78,-100,-100,-82,-77,-100,-70,-67,-90,-100
1763544955641,-100,-78,-100,-100,-82,-77,-100,-70,-67,-90,-100
1763544955666,-100,-78,-100,-100,-82,-77,-100,-70,-67,-90,-100
1763544955692,-100,-78,-100,-100,-82,-77,-100,-70,-67,-90,-100
1763544955718,-100,-78,-100,-100,-82,-77,-100,-70,-67,-90,-100
1763544955743,-100,-76,-100,-100,-82,-77,-100,-69,-68,-90,-100
1763544955768,-100,-76,-100,-100,-82,-77,-100,-69,-68,-90,-100
1763544955793,-100,-76,-100,-100,-82,-77,-100,-69,-68,-90,-100
1763544955818,-100,-76,-100,-100,-82,-77,-100,-69,-68,-90,-100
1763544955843,-100,-76,-100,-100,-82,-77,-100,-69,-68,-90,-100
1763544955868,-100,-76,-100,-100,-82,-77,-100,-69,-68,-90,-100
1763544955894,-100,-76,-100,-100,-82,-77,-100,-69,-68,-90,-100
1763544955918,-100,-76,-100,-100,-82,-77,-100,-69,-68,-90,-100
1763544955943,-100,-76,-100,-100,-82,-77,-100,-69,-68,-90,-100
1763544955969,-100,-76,-100,-100,-82,-77,-100,-69,-68,-90,-100
1763544955994,-100,-76,-100,-100,-82,-77,-100,-69,-68,-90,-100
1763544956019,-100,-76,-100,-100,-82,-77,-100,-69,-68,-90,-100
1763544956044,-100,-76,-100,-100,-82,-77,-100,-69,-68,-90,-100
1763544956070,-100,-76,-100,-100,-82,-77,-100,-69,-68,-90,-100
1763544956095,-100,-76,-100,-100,-82,-77,-100,-69,-68,-90,-100
1763544956120,-100,-76,-100,-100,-82,-77,-100,-69,-68,-90,-100
1763544956145,-100,-76,-100,-100,-82,-77,-100,-69,-68,-90,-100
1763544956171,-100,-76,-100,-100,-82,-77,-100,-69,-68,-90,-100
1763544956197,-100,-76,-100,-100,-82,-77,-100,-69,-68,-90,-100
1763544956223,-100,-76,-100,-100,-82,-77,-100,-69,-68,-90,-100
1763544956249,-100,-77,-100,-100,-100,-75,-100,-69,-71,-100,-100
1763544956274,-100,-77,-100,-100,-100,-75,-100,-69,-71,-100,-100
1763544956299,-100,-77,-100,-100,-100,-75,-100,-69,-71,-100,-100
1763544956324,-100,-77,-100,-100,-100,-75,-100,-69,-71,-100,-100
1763544956350,-100,-77,-100,-100,-100,-75,-100,-69,-71,-100,-100
1763544956374,-100,-77,-100,-100,-100,-75,-100,-69,-71,-100,-100
1763544956399,-100,-77,-100,-100,-100,-75,-100,-69,-71,-100,-100
1763544956424,-100,-77,-100,-100,-100,-75,-100,-69,-71,-100,-100
1763544956450,-100,-77,-100,-100,-100,-75,-100,-69,-71,-100,-100
1763544956475,-100,-77,-100,-100,-100,-75,-100,-69,-71,-100,-100
1763544956500,-100,-77,-100,-100,-100,-75,-100,-69,-71,-100,-100
1763544956525,-100,-77,-100,-100,-100,-75,-100,-69,-71,-100,-100
1763544956550,-100,-77,-100,-100,-100,-75,-100,-69,-71,-100,-100
1763544956575,-100,-77,-100,-100,-100,-75,-100,-69,-71,-100,-100
1763544956600,-100,-77,-100,-100,-100,-75,-100,-69,-71,-100,-100
1763544956625,-100,-77,-100,-100,-100,-75,-100,-69,-71,-100,-100
1763544956650,-100,-77,-100,-100,-100,-75,-100,-69,-71,-100,-100
1763544956675,-100,-77,-100,-100,-100,-75,-100,-69,-71,-100,-100
1763544956700,-100,-77,-100,-100,-100,-75,-100,-69,-71,-100,-100
1763544956726,-100,-77,-100,-100,-100,-75,-100,-69,-71,-100,-100
1763544956751,-100,-80,-100,-100,-100,-73,-100,-69,-71,-88,-100
1763544956776,-100,-80,-100,-100,-100,-73,-100,-69,-71,-88,-100
1763544956801,-100,-80,-100,-100,-100,-73,-100,-69,-71,-88,-100
1763544956826,-100,-80,-100,-100,-100,-73,-100,-69,-71,-88,-100
1763544956851,-100,-80,-100,-100,-100,-73,-100,-69,-71,-88,-100
1763544956877,-100,-80,-100,-100,-100,-73,-100,-69,-71,-88,-100
1763544956902,-100,-80,-100,-100,-100,-73,-100,-69,-71,-88,-100
1763544956928,-100,-80,-100,-100,-100,-73,-100,-69,-71,-88,-100
1763544956953,-100,-80,-100,-100,-100,-73,-100,-69,-71,-88,-100
1763544956978,-100,-80,-100,-100,-100,-73,-100,-69,-71,-88,-100
1763544957003,-100,-80,-100,-100,-100,-73,-100,-69,-71,-88,-100
1763544957028,-100,-80,-100,-100,-100,-73,-100,-69,-71,-88,-100
1763544957053,-100,-80,-100,-100,-100,-73,-100,-69,-71,-88,-100
1763544957078,-100,-80,-100,-100,-100,-73,-100,-69,-71,-88,-100
1763544957103,-100,-80,-100,-100,-100,-73,-100,-69,-71,-88,-100
1763544957128,-100,-80,-100,-100,-100,-73,-100,-69,-71,-88,-100
1763544957153,-100,-80,-100,-100,-100,-73,-100,-69,-71,-88,-100
1763544957178,-100,-80,-100,-100,-100,-73,-100,-69,-71,-88,-100
1763544957204,-100,-80,-100,-100,-100,-73,-100,-69,-71,-88,-100
1763544957229,-100,-80,-100,-100,-100,-73,-100,-69,-71,-88,-100
1763544957255,-100,-79,-100,-100,-100,-72,-100,-69,-70,-88,-100
1763544957279,-100,-79,-100,-100,-100,-72,-100,-69,-70,-88,-100
1763544957304,-100,-79,-100,-100,-100,-72,-100,-69,-70,-88,-100
1763544957329,-100,-79,-100,-100,-100,-72,-100,-69,-70,-88,-100
1763544957354,-100,-79,-100,-100,-100,-72,-100,-69,-70,-88,-100
1763544957379,-100,-79,-100,-100,-100,-72,-100,-69,-70,-88,-100
1763544957404,-100,-79,-100,-100,-100,-72,-100,-69,-70,-88,-100
1763544957429,-100,-79,-100,-100,-100,-72,-100,-69,-70,-88,-100
1763544957454,-100,-79,-100,-100,-100,-72,-100,-69,-70,-88,-100
1763544957479,-100,-79,-100,-100,-100,-72,-100,-69,-70,-88,-100
1763544957504,-100,-79,-100,-100,-100,-72,-100,-69,-70,-88,-100
1763544957529,-100,-79,-100,-100,-100,-72,-100,-69,-70,-88,-100
1763544957554,-100,-79,-100,-100,-100,-72,-100,-69,-70,-88,-100
1763544957579,-100,-79,-100,-100,-100,-72,-100,-69,-70,-88,-100
1763544957604,-100,-79,-100,-100,-100,-72,-100,-69,-70,-88,-100
1763544957629,-100,-79,-100,-100,-100,-72,-100,-69,-70,-88,-100
1763544957654,-100,-79,-100,-100,-100,-72,-100,-69,-70,-88,-100
1763544957679,-100,-79,-100,-100,-100,-72,-100,-69,-70,-88,-100
1763544957704,-100,-79,-100,-100,-100,-72,-100,-69,-70,-88,-100
1763544957729,-100,-79,-100,-100,-100,-72,-100,-69,-70,-88,-100
1763544957754,-100,-78,-100,-100,-85,-74,-100,-66,-72,-100,-100
1763544957780,-100,-78,-100,-100,-85,-74,-100,-66,-72,-100,-100
1763544957806,-100,-78,-100,-100,-85,-74,-100,-66,-72,-100,-100
1763544957832,-100,-78,-100,-100,-85,-74,-100,-66,-72,-100,-100
1763544957857,-100,-78,-100,-100,-85,-74,-100,-66,-72,-100,-100
1763544957882,-100,-78,-100,-100,-85,-74,-100,-66,-72,-100,-100
1763544957907,-100,-78,-100,-100,-85,-74,-100,-66,-72,-100,-100
1763544957932,-100,-78,-100,-100,-85,-74,-100,-66,-72,-100,-100
1763544957957,-100,-78,-100,-100,-85,-74,-100,-66,-72,-100,-100
1763544957982,-100,-78,-100,-100,-85,-74,-100,-66,-72,-100,-100
1763544958007,-100,-78,-100,-100,-85,-74,-100,-66,-72,-100,-100
1763544958032,-100,-78,-100,-100,-85,-74,-100,-66,-72,-100,-100
1763544958057,-100,-78,-100,-100,-85,-74,-100,-66,-72,-100,-100
1763544958082,-100,-78,-100,-100,-85,-74,-100,-66,-72,-100,-100
1763544958107,-100,-78,-100,-100,-85,-74,-100,-66,-72,-100,-100
1763544958132,-100,-78,-100,-100,-85,-74,-100,-66,-72,-100,-100
1763544958157,-100,-78,-100,-100,-85,-74,-100,-66,-72,-100,-100
1763544958182,-100,-78,-100,-100,-85,-74,-100,-66,-72,-100,-100
1763544958207,-100,-78,-100,-100,-85,-74,-100,-66,-72,-100,-100
1763544958232,-100,-78,-100,-100,-85,-74,-100,-66,-72,-100,-100
1763544958257,-100,-77,-100,-100,-85,-76,-100,-62,-72,-85,-100
1763544958282,-100,-77,-100,-100,-85,-76,-100,-62,-72,-85,-100
1763544958307,-100,-77,-100,-100,-85,-76,-100,-62,-72,-85,-100
1763544958332,-100,-77,-100,-100,-85,-76,-100,-62,-72,-85,-100
1763544958357,-100,-77,-100,-100,-85,-76,-100,-62,-72,-85,-100
1763544958382,-100,-77,-100,-100,-85,-76,-100,-62,-72,-85,-100
1763544958408,-100,-77,-100,-100,-85,-76,-100,-62,-72,-85,-100
1763544958434,-100,-77,-100,-100,-85,-76,-100,-62,-72,-85,-100
1763544958459,-100,-77,-100,-100,-85,-76,-100,-62,-72,-85,-100
1763544958484,-100,-77,-100,-100,-85,-76,-100,-62,-72,-85,-100
1763544958509,-100,-77,-100,-100,-85,-76,-100,-62,-72,-85,-100
1763544958535,-100,-77,-100,-100,-85,-76,-100,-62,-72,-85,-100
1763544958561,-100,-77,-100,-100,-85,-76,-100,-62,-72,-85,-100
1763544958586,-100,-77,-100,-100,-85,-76,-100,-62,-72,-85,-100
1763544958611,-100,-77,-100,-100,-85,-76,-100,-62,-72,-85,-100
1763544958636,-100,-77,-100,-100,-85,-76,-100,-62,-72,-85,-100
1763544958661,-100,-77,-100,-100,-85,-76,-100,-62,-72,-85,-100
1763544958686,-100,-77,-100,-100,-85,-76,-100,-62,-72,-85,-100
1763544958712,-100,-77,-100,-100,-85,-76,-100,-62,-72,-85,-100
1763544958737,-100,-77,-100,-100,-85,-76,-100,-62,-72,-85,-100
1763544958763,-100,-78,-100,-100,-84,-76,-100,-62,-72,-86,-100
1763544958788,-100,-78,-100,-100,-84,-76,-100,-62,-72,-86,-100
1763544958813,-100,-78,-100,-100,-84,-76,-100,-62,-72,-86,-100
1763544958838,-100,-78,-100,-100,-84,-76,-100,-62,-72,-86,-100
1763544958863,-100,-78,-100,-100,-84,-76,-100,-62,-72,-86,-100
1763544958888,-100,-78,-100,-100,-84,-76,-100,-62,-72,-86,-100
1763544958916,-100,-78,-100,-100,-84,-76,-100,-62,-72,-86,-100
1763544958941,-100,-78,-100,-100,-84,-76,-100,-62,-72,-86,-100
1763544958966,-100,-78,-100,-100,-84,-76,-100,-62,-72,-86,-100
1763544958991,-100,-78,-100,-100,-84,-76,-100,-62,-72,-86,-100
1763544959016,-100,-78,-100,-100,-84,-76,-100,-62,-72,-86,-100
1763544959042,-100,-78,-100,-100,-84,-76,-100,-62,-72,-86,-100
1763544959067,-100,-78,-100,-100,-84,-76,-100,-62,-72,-86,-100
1763544959093,-100,-78,-100,-100,-84,-76,-100,-62,-72,-86,-100
1763544959118,-100,-78,-100,-100,-84,-76,-100,-62,-72,-86,-100
1763544959144,-100,-78,-100,-100,-84,-76,-100,-62,-72,-86,-100
1763544959169,-100,-78,-100,-100,-84,-76,-100,-62,-72,-86,-100
1763544959194,-100,-78,-100,-100,-84,-76,-100,-62,-72,-86,-100
1763544959220,-100,-78,-100,-100,-84,-76,-100,-62,-72,-86,-100
1763544959245,-100,-77,-100,-100,-82,-72,-100,-61,-71,-81,-100
1763544959271,-100,-77,-100,-100,-82,-72,-100,-61,-71,-81,-100
1763544959296,-100,-77,-100,-100,-82,-72,-100,-61,-71,-81,-100
1763544959322,-100,-77,-100,-100,-82,-72,-100,-61,-71,-81,-100
1763544959348,-100,-77,-100,-100,-82,-72,-100,-61,-71,-81,-100
1763544959373,-100,-77,-100,-100,-82,-72,-100,-61,-71,-81,-100
1763544959398,-100,-77,-100,-100,-82,-72,-100,-61,-71,-81,-100
1763544959423,-100,-77,-100,-100,-82,-72,-100,-61,-71,-81,-100
1763544959448,-100,-77,-100,-100,-82,-72,-100,-61,-71,-81,-100
1763544959473,-100,-77,-100,-100,-82,-72,-100,-61,-71,-81,-100
1763544959499,-100,-77,-100,-100,-82,-72,-100,-61,-71,-81,-100
1763544959524,-100,-77,-100,-100,-82,-72,-100,-61,-71,-81,-100
1763544959549,-100,-77,-100,-100,-82,-72,-100,-61,-71,-81,-100
1763544959575,-100,-77,-100,-100,-82,-72,-100,-61,-71,-81,-100
1763544959600,-100,-77,-100,-100,-82,-72,-100,-61,-71,-81,-100
1763544959625,-100,-77,-100,-100,-82,-72,-100,-61,-71,-81,-100
1763544959650,-100,-77,-100,-100,-82,-72,-100,-61,-71,-81,-100
1763544959675,-100,-77,-100,-100,-82,-72,-100,-61,-71,-81,-100
1763544959700,-100,-77,-100,-100,-82,-72,-100,-61,-71,-81,-100
1763544959725,-100,-77,-100,-100,-82,-72,-100,-61,-71,-81,-100
1763544959750,-100,-76,-100,-100,-77,-69,-100,-58,-71,-79,-100
1763544959775,-100,-76,-100,-100,-77,-69,-100,-58,-71,-79,-100
1763544959800,-100,-76,-100,-100,-77,-69,-100,-58,-71,-79,-100
1763544959825,-100,-76,-100,-100,-77,-69,-100,-58,-71,-79,-100
1763544959850,-100,-76,-100,-100,-77,-69,-100,-58,-71,-79,-100
1763544959875,-100,-76,-100,-100,-77,-69,-100,-58,-71,-79,-100
1763544959900,-100,-76,-100,-100,-77,-69,-100,-58,-71,-79,-100
1763544959925,-100,-76,-100,-100,-77,-69,-100,-58,-71,-79,-100
1763544959950,-100,-76,-100,-100,-77,-69,-100,-58,-71,-79,-100
1763544959975,-100,-76,-100,-100,-77,-69,-100,-58,-71,-79,-100
1763544960000,-100,-76,-100,-100,-77,-69,-100,-58,-71,-79,-100
1763544960025,-100,-76,-100,-100,-77,-69,-100,-58,-71,-79,-100
1763544960050,-100,-76,-100,-100,-77,-69,-100,-58,-71,-79,-100
1763544960075,-100,-76,-100,-100,-77,-69,-100,-58,-71,-79,-100
1763544960100,-100,-76,-100,-100,-77,-69,-100,-58,-71,-79,-100
1763544960125,-100,-76,-100,-100,-77,-69,-100,-58,-71,-79,-100
1763544960150,-100,-76,-100,-100,-77,-69,-100,-58,-71,-79,-100
1763544960175,-100,-76,-100,-100,-77,-69,-100,-58,-71,-79,-100
1763544960200,-100,-76,-100,-100,-77,-69,-100,-58,-71,-79,-100
1763544960225,-100,-76,-100,-100,-77,-69,-100,-58,-71,-79,-100
1763544960250,-100,-75,-100,-100,-76,-66,-100,-54,-72,-79,-100
1763544960276,-100,-75,-100,-100,-76,-66,-100,-54,-72,-79,-100
1763544960302,-100,-75,-100,-100,-76,-66,-100,-54,-72,-79,-100
1763544960327,-100,-75,-100,-100,-76,-66,-100,-54,-72,-79,-100
1763544960352,-100,-75,-100,-100,-76,-66,-100,-54,-72,-79,-100
1763544960377,-100,-75,-100,-100,-76,-66,-100,-54,-72,-79,-100
1763544960402,-100,-75,-100,-100,-76,-66,-100,-54,-72,-79,-100
1763544960428,-100,-75,-100,-100,-76,-66,-100,-54,-72,-79,-100
1763544960453,-100,-75,-100,-100,-76,-66,-100,-54,-72,-79,-100
1763544960482,-100,-75,-100,-100,-76,-66,-100,-54,-72,-79,-100
1763544960508,-100,-75,-100,-100,-76,-66,-100,-54,-72,-79,-100
1763544960534,-100,-75,-100,-100,-76,-66,-100,-54,-72,-79,-100
1763544960559,-100,-75,-100,-100,-76,-66,-100,-54,-72,-79,-100
1763544960584,-100,-75,-100,-100,-76,-66,-100,-54,-72,-79,-100
1763544960609,-100,-75,-100,-100,-76,-66,-100,-54,-72,-79,-100
1763544960634,-100,-75,-100,-100,-76,-66,-100,-54,-72,-79,-100
1763544960661,-100,-75,-100,-100,-76,-66,-100,-54,-72,-79,-100
1763544960687,-100,-75,-100,-100,-76,-66,-100,-54,-72,-79,-100
1763544960713,-100,-75,-100,-100,-76,-66,-100,-54,-72,-79,-100
1763544960738,-100,-75,-100,-100,-76,-66,-100,-54,-72,-79,-100
1763544960763,-100,-75,-100,-100,-74,-61,-100,-53,-72,-78,-100
1763544960788,-100,-75,-100,-100,-74,-61,-100,-53,-72,-78,-100
1763544960813,-100,-75,-100,-100,-74,-61,-100,-53,-72,-78,-100
1763544960838,-100,-75,-100,-100,-74,-61,-100,-53,-72,-78,-100
1763544960864,-100,-75,-100,-100,-74,-61,-100,-53,-72,-78,-100
1763544960890,-100,-75,-100,-100,-74,-61,-100,-53,-72,-78,-100
1763544960916,-100,-75,-100,-100,-74,-61,-100,-53,-72,-78,-100
1763544960943,-100,-75,-100,-100,-74,-61,-100,-53,-72,-78,-100
1763544960968,-100,-75,-100,-100,-74,-61,-100,-53,-72,-78,-100
1763544960993,-100,-75,-100,-100,-74,-61,-100,-53,-72,-78,-100
1763544961018,-100,-75,-100,-100,-74,-61,-100,-53,-72,-78,-100
1763544961044,-100,-75,-100,-100,-74,-61,-100,-53,-72,-78,-100
1763544961069,-100,-75,-100,-100,-74,-61,-100,-53,-72,-78,-100
1763544961095,-100,-75,-100,-100,-74,-61,-100,-53,-72,-78,-100
1763544961120,-100,-75,-100,-100,-74,-61,-100,-53,-72,-78,-100
1763544961146,-100,-75,-100,-100,-74,-61,-100,-53,-72,-78,-100
1763544961171,-100,-75,-100,-100,-74,-61,-100,-53,-72,-78,-100
1763544961196,-100,-75,-100,-100,-74,-61,-100,-53,-72,-78,-100
1763544961222,-100,-75,-100,-100,-74,-61,-100,-53,-72,-78,-100
1763544961247,-100,-76,-100,-100,-74,-62,-100,-53,-71,-78,-100
1763544961272,-100,-76,-100,-100,-74,-62,-100,-53,-71,-78,-100
1763544961297,-100,-76,-100,-100,-74,-62,-100,-53,-71,-78,-100
1763544961322,-100,-76,-100,-100,-74,-62,-100,-53,-71,-78,-100
1763544961347,-100,-76,-100,-100,-74,-62,-100,-53,-71,-78,-100
1763544961372,-100,-76,-100,-100,-74,-62,-100,-53,-71,-78,-100
1763544961397,-100,-76,-100,-100,-74,-62,-100,-53,-71,-78,-100
1763544961422,-100,-76,-100,-100,-74,-62,-100,-53,-71,-78,-100
1763544961447,-100,-76,-100,-100,-74,-62,-100,-53,-71,-78,-100
1763544961472,-100,-76,-100,-100,-74,-62,-100,-53,-71,-78,-100
1763544961497,-100,-76,-100,-100,-74,-62,-100,-53,-71,-78,-100
1763544961522,-100,-76,-100,-100,-74,-62,-100,-53,-71,-78,-100
1763544961547,-100,-76,-100,-100,-74,-62,-100,-53,-71,-78,-100
1763544961573,-100,-76,-100,-100,-74,-62,-100,-53,-71,-78,-100
1763544961597,-100,-76,-100,-100,-74,-62,-100,-53,-71,-78,-100
1763544961623,-100,-76,-100,-100,-74,-62,-100,-53,-71,-78,-100
1763544961648,-100,-76,-100,-100,-74,-62,-100,-53,-71,-78,-100
1763544961673,-100,-76,-100,-100,-74,-62,-100,-53,-71,-78,-100
1763544961698,-100,-76,-100,-100,-74,-62,-100,-53,-71,-78,-100
1763544961723,-100,-76,-100,-100,-74,-62,-100,-53,-71,-78,-100
1763544961748,-100,-78,-100,-100,-72,-64,-100,-56,-71,-77,-100
1763544961773,-100,-78,-100,-100,-72,-64,-100,-56,-71,-77,-100
1763544961798,-100,-78,-100,-100,-72,-64,-100,-56,-71,-77,-100
1763544961823,-100,-78,-100,-100,-72,-64,-100,-56,-71,-77,-100
1763544961848,-100,-78,-100,-100,-72,-64,-100,-56,-71,-77,-100
1763544961874,-100,-78,-100,-100,-72,-64,-100,-56,-71,-77,-100
1763544961900,-100,-78,-100,-100,-72,-64,-100,-56,-71,-77,-100
1763544961926,-100,-78,-100,-100,-72,-64,-100,-56,-71,-77,-100
1763544961952,-100,-78,-100,-100,-72,-64,-100,-56,-71,-77,-100
1763544961978,-100,-78,-100,-100,-72,-64,-100,-56,-71,-77,-100
1763544962002,-100,-78,-100,-100,-72,-64,-100,-56,-71,-77,-100
1763544962027,-100,-78,-100,-100,-72,-64,-100,-56,-71,-77,-100
1763544962053,-100,-78,-100,-100,-72,-64,-100,-56,-71,-77,-100
1763544962077,-100,-78,-100,-100,-72,-64,-100,-56,-71,-77,-100
1763544962102,-100,-78,-100,-100,-72,-64,-100,-56,-71,-77,-100
1763544962127,-100,-78,-100,-100,-72,-64,-100,-56,-71,-77,-100
1763544962152,-100,-78,-100,-100,-72,-64,-100,-56,-71,-77,-100
1763544962177,-100,-78,-100,-100,-72,-64,-100,-56,-71,-77,-100
1763544962202,-100,-78,-100,-100,-72,-64,-100,-56,-71,-77,-100
1763544962227,-100,-78,-100,-100,-72,-64,-100,-56,-71,-77,-100
1763544962253,-100,-78,-89,-100,-73,-63,-100,-56,-72,-77,-100
1763544962279,-100,-78,-89,-100,-73,-63,-100,-56,-72,-77,-100
1763544962304,-100,-78,-89,-100,-73,-63,-100,-56,-72,-77,-100
1763544962329,-100,-78,-89,-100,-73,-63,-100,-56,-72,-77,-100
1763544962354,-100,-78,-89,-100,-73,-63,-100,-56,-72,-77,-100
1763544962379,-100,-78,-89,-100,-73,-63,-100,-56,-72,-77,-100
1763544962404,-100,-78,-89,-100,-73,-63,-100,-56,-72,-77,-100
1763544962430,-100,-78,-89,-100,-73,-63,-100,-56,-72,-77,-100
1763544962455,-100,-78,-89,-100,-73,-63,-100,-56,-72,-77,-100
1763544962480,-100,-78,-89,-100,-73,-63,-100,-56,-72,-77,-100
1763544962505,-100,-78,-89,-100,-73,-63,-100,-56,-72,-77,-100
1763544962531,-100,-78,-89,-100,-73,-63,-100,-56,-72,-77,-100
1763544962556,-100,-78,-89,-100,-73,-63,-100,-56,-72,-77,-100
1763544962581,-100,-78,-89,-100,-73,-63,-100,-56,-72,-77,-100
1763544962606,-100,-78,-89,-100,-73,-63,-100,-56,-72,-77,-100
1763544962632,-100,-78,-89,-100,-73,-63,-100,-56,-72,-77,-100
1763544962657,-100,-78,-89,-100,-73,-63,-100,-56,-72,-77,-100
1763544962682,-100,-78,-89,-100,-73,-63,-100,-56,-72,-77,-100
1763544962707,-100,-78,-89,-100,-73,-63,-100,-56,-72,-77,-100
1763544962732,-100,-78,-89,-100,-73,-63,-100,-56,-72,-77,-100
1763544962757,-85,-80,-89,-100,-73,-63,-100,-57,-74,-79,-100
1763544962782,-85,-80,-89,-100,-73,-63,-100,-57,-74,-79,-100
1763544962807,-85,-80,-89,-100,-73,-63,-100,-57,-74,-79,-100
1763544962833,-85,-80,-89,-100,-73,-63,-100,-57,-74,-79,-100
1763544962858,-85,-80,-89,-100,-73,-63,-100,-57,-74,-79,-100
1763544962883,-85,-80,-89,-100,-73,-63,-100,-57,-74,-79,-100
1763544962908,-85,-80,-89,-100,-73,-63,-100,-57,-74,-79,-100
1763544962933,-85,-80,-89,-100,-73,-63,-100,-57,-74,-79,-100
1763544962959,-85,-80,-89,-100,-73,-63,-100,-57,-74,-79,-100
1763544962984,-85,-80,-89,-100,-73,-63,-100,-57,-74,-79,-100
1763544963009,-85,-80,-89,-100,-73,-63,-100,-57,-74,-79,-100
1763544963034,-85,-80,-89,-100,-73,-63,-100,-57,-74,-79,-100
1763544963060,-85,-80,-89,-100,-73,-63,-100,-57,-74,-79,-100
1763544963085,-85,-80,-89,-100,-73,-63,-100,-57,-74,-79,-100
1763544963110,-85,-80,-89,-100,-73,-63,-100,-57,-74,-79,-100
1763544963135,-85,-80,-89,-100,-73,-63,-100,-57,-74,-79,-100
1763544963161,-85,-80,-89,-100,-73,-63,-100,-57,-74,-79,-100
1763544963186,-85,-80,-89,-100,-73,-63,-100,-57,-74,-79,-100
1763544963211,-85,-80,-89,-100,-73,-63,-100,-57,-74,-79,-100
1763544963237,-85,-80,-89,-100,-73,-63,-100,-57,-74,-79,-100
1763544963261,-87,-82,-100,-100,-74,-62,-100,-61,-74,-79,-100
1763544963286,-87,-82,-100,-100,-74,-62,-100,-61,-74,-79,-100
1763544963311,-87,-82,-100,-100,-74,-62,-100,-61,-74,-79,-100
1763544963336,-87,-82,-100,-100,-74,-62,-100,-61,-74,-79,-100
1763544963361,-87,-82,-100,-100,-74,-62,-100,-61,-74,-79,-100
1763544963386,-87,-82,-100,-100,-74,-62,-100,-61,-74,-79,-100
1763544963412,-87,-82,-100,-100,-74,-62,-100,-61,-74,-79,-100
1763544963437,-87,-82,-100,-100,-74,-62,-100,-61,-74,-79,-100
1763544963462,-87,-82,-100,-100,-74,-62,-100,-61,-74,-79,-100
1763544963488,-87,-82,-100,-100,-74,-62,-100,-61,-74,-79,-100
1763544963513,-87,-82,-100,-100,-74,-62,-100,-61,-74,-79,-100
1763544963539,-87,-82,-100,-100,-74,-62,-100,-61,-74,-79,-100
1763544963564,-87,-82,-100,-100,-74,-62,-100,-61,-74,-79,-100
1763544963589,-87,-82,-100,-100,-74,-62,-100,-61,-74,-79,-100
1763544963615,-87,-82,-100,-100,-74,-62,-100,-61,-74,-79,-100
1763544963640,-87,-82,-100,-100,-74,-62,-100,-61,-74,-79,-100
1763544963665,-87,-82,-100,-100,-74,-62,-100,-61,-74,-79,-100
1763544963690,-87,-82,-100,-100,-74,-62,-100,-61,-74,-79,-100
1763544963716,-87,-82,-100,-100,-74,-62,-100,-61,-74,-79,-100
1763544963742,-87,-82,-100,-100,-74,-62,-100,-61,-74,-79,-100
1763544963767,-86,-82,-100,-100,-75,-60,-87,-59,-75,-78,-100
1763544963793,-86,-82,-100,-100,-75,-60,-87,-59,-75,-78,-100
1763544963817,-86,-82,-100,-100,-75,-60,-87,-59,-75,-78,-100
1763544963842,-86,-82,-100,-100,-75,-60,-87,-59,-75,-78,-100
1763544963868,-86,-82,-100,-100,-75,-60,-87,-59,-75,-78,-100
1763544963893,-86,-82,-100,-100,-75,-60,-87,-59,-75,-78,-100
1763544963918,-86,-82,-100,-100,-75,-60,-87,-59,-75,-78,-100
1763544963944,-86,-82,-100,-100,-75,-60,-87,-59,-75,-78,-100
1763544963968,-86,-82,-100,-100,-75,-60,-87,-59,-75,-78,-100
1763544963993,-86,-82,-100,-100,-75,-60,-87,-59,-75,-78,-100
1763544964018,-86,-82,-100,-100,-75,-60,-87,-59,-75,-78,-100
1763544964044,-86,-82,-100,-100,-75,-60,-87,-59,-75,-78,-100
1763544964069,-86,-82,-100,-100,-75,-60,-87,-59,-75,-78,-100
1763544964094,-86,-82,-100,-100,-75,-60,-87,-59,-75,-78,-100
1763544964120,-86,-82,-100,-100,-75,-60,-87,-59,-75,-78,-100
1763544964144,-86,-82,-100,-100,-75,-60,-87,-59,-75,-78,-100
1763544964169,-86,-82,-100,-100,-75,-60,-87,-59,-75,-78,-100
1763544964195,-86,-82,-100,-100,-75,-60,-87,-59,-75,-78,-100
1763544964220,-86,-82,-100,-100,-75,-60,-87,-59,-75,-78,-100
1763544964247,-87,-83,-81,-100,-73,-60,-87,-60,-75,-77,-100
1763544964272,-87,-83,-81,-100,-73,-60,-87,-60,-75,-77,-100
1763544964297,-87,-83,-81,-100,-73,-60,-87,-60,-75,-77,-100
1763544964322,-87,-83,-81,-100,-73,-60,-87,-60,-75,-77,-100
1763544964348,-87,-83,-81,-100,-73,-60,-87,-60,-75,-77,-100
1763544964373,-87,-83,-81,-100,-73,-60,-87,-60,-75,-77,-100
1763544964399,-87,-83,-81,-100,-73,-60,-87,-60,-75,-77,-100
1763544964424,-87,-83,-81,-100,-73,-60,-87,-60,-75,-77,-100
1763544964449,-87,-83,-81,-100,-73,-60,-87,-60,-75,-77,-100
1763544964474,-87,-83,-81,-100,-73,-60,-87,-60,-75,-77,-100
1763544964499,-87,-83,-81,-100,-73,-60,-87,-60,-75,-77,-100
1763544964524,-87,-83,-81,-100,-73,-60,-87,-60,-75,-77,-100
1763544964550,-87,-83,-81,-100,-73,-60,-87,-60,-75,-77,-100
1763544964575,-87,-83,-81,-100,-73,-60,-87,-60,-75,-77,-100
1763544964601,-87,-83,-81,-100,-73,-60,-87,-60,-75,-77,-100
1763544964627,-87,-83,-81,-100,-73,-60,-87,-60,-75,-77,-100
1763544964652,-87,-83,-81,-100,-73,-60,-87,-60,-75,-77,-100
1763544964677,-87,-83,-81,-100,-73,-60,-87,-60,-75,-77,-100
1763544964702,-87,-83,-81,-100,-73,-60,-87,-60,-75,-77,-100
1763544964727,-87,-83,-81,-100,-73,-60,-87,-60,-75,-77,-100
1763544964752,-82,-81,-81,-100,-73,-58,-87,-63,-75,-75,-100
1763544964778,-82,-81,-81,-100,-73,-58,-87,-63,-75,-75,-100
1763544964802,-82,-81,-81,-100,-73,-58,-87,-63,-75,-75,-100
1763544964828,-82,-81,-81,-100,-73,-58,-87,-63,-75,-75,-100
1763544964853,-82,-81,-81,-100,-73,-58,-87,-63,-75,-75,-100
1763544964882,-82,-81,-81,-100,-73,-58,-87,-63,-75,-75,-100
1763544964907,-82,-81,-81,-100,-73,-58,-87,-63,-75,-75,-100
1763544964932,-82,-81,-81,-100,-73,-58,-87,-63,-75,-75,-100
1763544964957,-82,-81,-81,-100,-73,-58,-87,-63,-75,-75,-100
1763544964982,-82,-81,-81,-100,-73,-58,-87,-63,-75,-75,-100
1763544965008,-82,-81,-81,-100,-73,-58,-87,-63,-75,-75,-100
1763544965033,-82,-81,-81,-100,-73,-58,-87,-63,-75,-75,-100
1763544965058,-82,-81,-81,-100,-73,-58,-87,-63,-75,-75,-100
1763544965083,-82,-81,-81,-100,-73,-58,-87,-63,-75,-75,-100
1763544965109,-82,-81,-81,-100,-73,-58,-87,-63,-75,-75,-100
1763544965134,-82,-81,-81,-100,-73,-58,-87,-63,-75,-75,-100
1763544965160,-82,-81,-81,-100,-73,-58,-87,-63,-75,-75,-100
1763544965186,-82,-81,-81,-100,-73,-58,-87,-63,-75,-75,-100
1763544965212,-82,-81,-81,-100,-73,-58,-87,-63,-75,-75,-100
1763544965236,-82,-81,-81,-100,-73,-58,-87,-63,-75,-75,-100
1763544965261,-100,-80,-82,-100,-74,-59,-100,-63,-76,-75,-100
1763544965286,-100,-80,-82,-100,-74,-59,-100,-63,-76,-75,-100
1763544965311,-100,-80,-82,-100,-74,-59,-100,-63,-76,-75,-100
1763544965336,-100,-80,-82,-100,-74,-59,-100,-63,-76,-75,-100
1763544965361,-100,-80,-82,-100,-74,-59,-100,-63,-76,-75,-100
1763544965386,-100,-80,-82,-100,-74,-59,-100,-63,-76,-75,-100
1763544965411,-100,-80,-82,-100,-74,-59,-100,-63,-76,-75,-100
1763544965437,-100,-80,-82,-100,-74,-59,-100,-63,-76,-75,-100
1763544965462,-100,-80,-82,-100,-74,-59,-100,-63,-76,-75,-100
1763544965487,-100,-80,-82,-100,-74,-59,-100,-63,-76,-75,-100
1763544965513,-100,-80,-82,-100,-74,-59,-100,-63,-76,-75,-100
1763544965540,-100,-80,-82,-100,-74,-59,-100,-63,-76,-75,-100
1763544965564,-100,-80,-82,-100,-74,-59,-100,-63,-76,-75,-100
1763544965589,-100,-80,-82,-100,-74,-59,-100,-63,-76,-75,-100
1763544965614,-100,-80,-82,-100,-74,-59,-100,-63,-76,-75,-100
1763544965639,-100,-80,-82,-100,-74,-59,-100,-63,-76,-75,-100
1763544965665,-100,-80,-82,-100,-74,-59,-100,-63,-76,-75,-100
1763544965689,-100,-80,-82,-100,-74,-59,-100,-63,-76,-75,-100
1763544965714,-100,-80,-82,-100,-74,-59,-100,-63,-76,-75,-100
1763544965740,-100,-80,-82,-100,-74,-59,-100,-63,-76,-75,-100
1763544965765,-81,-78,-88,-88,-71,-60,-100,-62,-76,-75,-100
1763544965790,-81,-78,-88,-88,-71,-60,-100,-62,-76,-75,-100
1763544965816,-81,-78,-88,-88,-71,-60,-100,-62,-76,-75,-100
1763544965842,-81,-78,-88,-88,-71,-60,-100,-62,-76,-75,-100
1763544965867,-81,-78,-88,-88,-71,-60,-100,-62,-76,-75,-100
1763544965892,-81,-78,-88,-88,-71,-60,-100,-62,-76,-75,-100
1763544965917,-81,-78,-88,-88,-71,-60,-100,-62,-76,-75,-100
1763544965942,-81,-78,-88,-88,-71,-60,-100,-62,-76,-75,-100
1763544965967,-81,-78,-88,-88,-71,-60,-100,-62,-76,-75,-100
1763544965992,-81,-78,-88,-88,-71,-60,-100,-62,-76,-75,-100
1763544966018,-81,-78,-88,-88,-71,-60,-100,-62,-76,-75,-100
1763544966043,-81,-78,-88,-88,-71,-60,-100,-62,-76,-75,-100
1763544966068,-81,-78,-88,-88,-71,-60,-100,-62,-76,-75,-100
1763544966094,-81,-78,-88,-88,-71,-60,-100,-62,-76,-75,-100
1763544966119,-81,-78,-88,-88,-71,-60,-100,-62,-76,-75,-100
1763544966144,-81,-78,-88,-88,-71,-60,-100,-62,-76,-75,-100
1763544966169,-81,-78,-88,-88,-71,-60,-100,-62,-76,-75,-100
1763544966194,-81,-78,-88,-88,-71,-60,-100,-62,-76,-75,-100
1763544966219,-81,-78,-88,-88,-71,-60,-100,-62,-76,-75,-100
1763544966245,-81,-78,-88,-88,-71,-60,-100,-62,-76,-75,-100
1763544966270,-82,-78,-86,-88,-67,-60,-85,-60,-77,-75,-100
1763544966295,-82,-78,-86,-88,-67,-60,-85,-60,-77,-75,-100
1763544966320,-82,-78,-86,-88,-67,-60,-85,-60,-77,-75,-100
1763544966346,-82,-78,-86,-88,-67,-60,-85,-60,-77,-75,-100
1763544966371,-82,-78,-86,-88,-67,-60,-85,-60,-77,-75,-100
1763544966396,-82,-78,-86,-88,-67,-60,-85,-60,-77,-75,-100
1763544966421,-82,-78,-86,-88,-67,-60,-85,-60,-77,-75,-100
1763544966446,-82,-78,-86,-88,-67,-60,-85,-60,-77,-75,-100
1763544966471,-82,-78,-86,-88,-67,-60,-85,-60,-77,-75,-100
1763544966496,-82,-78,-86,-88,-67,-60,-85,-60,-77,-75,-100
1763544966521,-82,-78,-86,-88,-67,-60,-85,-60,-77,-75,-100
1763544966546,-82,-78,-86,-88,-67,-60,-85,-60,-77,-75,-100
1763544966571,-82,-78,-86,-88,-67,-60,-85,-60,-77,-75,-100
1763544966596,-82,-78,-86,-88,-67,-60,-85,-60,-77,-75,-100
1763544966622,-82,-78,-86,-88,-67,-60,-85,-60,-77,-75,-100
1763544966647,-82,-78,-86,-88,-67,-60,-85,-60,-77,-75,-100
1763544966673,-82,-78,-86,-88,-67,-60,-85,-60,-77,-75,-100
1763544966698,-82,-78,-86,-88,-67,-60,-85,-60,-77,-75,-100
1763544966723,-82,-78,-86,-88,-67,-60,-85,-60,-77,-75,-100
1763544966749,-84,-79,-86,-100,-68,-61,-85,-62,-75,-75,-100
1763544966775,-84,-79,-86,-100,-68,-61,-85,-62,-75,-75,-100
1763544966801,-84,-79,-86,-100,-68,-61,-85,-62,-75,-75,-100
1763544966826,-84,-79,-86,-100,-68,-61,-85,-62,-75,-75,-100
1763544966852,-84,-79,-86,-100,-68,-61,-85,-62,-75,-75,-100
1763544966878,-84,-79,-86,-100,-68,-61,-85,-62,-75,-75,-100
1763544966903,-84,-79,-86,-100,-68,-61,-85,-62,-75,-75,-100
1763544966928,-84,-79,-86,-100,-68,-61,-85,-62,-75,-75,-100
1763544966953,-84,-79,-86,-100,-68,-61,-85,-62,-75,-75,-100
1763544966979,-84,-79,-86,-100,-68,-61,-85,-62,-75,-75,-100
1763544967004,-84,-79,-86,-100,-68,-61,-85,-62,-75,-75,-100
1763544967029,-84,-79,-86,-100,-68,-61,-85,-62,-75,-75,-100
1763544967055,-84,-79,-86,-100,-68,-61,-85,-62,-75,-75,-100
1763544967079,-84,-79,-86,-100,-68,-61,-85,-62,-75,-75,-100
1763544967104,-84,-79,-86,-100,-68,-61,-85,-62,-75,-75,-100
1763544967129,-84,-79,-86,-100,-68,-61,-85,-62,-75,-75,-100
1763544967154,-84,-79,-86,-100,-68,-61,-85,-62,-75,-75,-100
1763544967179,-84,-79,-86,-100,-68,-61,-85,-62,-75,-75,-100
1763544967204,-84,-79,-86,-100,-68,-61,-85,-62,-75,-75,-100
1763544967229,-84,-79,-86,-100,-68,-61,-85,-62,-75,-75,-100
1763544967255,-84,-80,-83,-100,-70,-62,-100,-63,-73,-77,-100
1763544967280,-84,-80,-83,-100,-70,-62,-100,-63,-73,-77,-100
1763544967305,-84,-80,-83,-100,-70,-62,-100,-63,-73,-77,-100
1763544967331,-84,-80,-83,-100,-70,-62,-100,-63,-73,-77,-100
1763544967356,-84,-80,-83,-100,-70,-62,-100,-63,-73,-77,-100
1763544967381,-84,-80,-83,-100,-70,-62,-100,-63,-73,-77,-100
1763544967407,-84,-80,-83,-100,-70,-62,-100,-63,-73,-77,-100
1763544967432,-84,-80,-83,-100,-70,-62,-100,-63,-73,-77,-100
1763544967458,-84,-80,-83,-100,-70,-62,-100,-63,-73,-77,-100
1763544967484,-84,-80,-83,-100,-70,-62,-100,-63,-73,-77,-100
1763544967510,-84,-80,-83,-100,-70,-62,-100,-63,-73,-77,-100
1763544967536,-84,-80,-83,-100,-70,-62,-100,-63,-73,-77,-100
1763544967561,-84,-80,-83,-100,-70,-62,-100,-63,-73,-77,-100
1763544967586,-84,-80,-83,-100,-70,-62,-100,-63,-73,-77,-100
1763544967612,-84,-80,-83,-100,-70,-62,-100,-63,-73,-77,-100
1763544967637,-84,-80,-83,-100,-70,-62,-100,-63,-73,-77,-100
1763544967662,-84,-80,-83,-100,-70,-62,-100,-63,-73,-77,-100
1763544967687,-84,-80,-83,-100,-70,-62,-100,-63,-73,-77,-100
1763544967712,-84,-80,-83,-100,-70,-62,-100,-63,-73,-77,-100
1763544967737,-84,-80,-83,-100,-70,-62,-100,-63,-73,-77,-100
1763544967762,-83,-80,-83,-100,-71,-59,-100,-65,-73,-76,-100
1763544967787,-83,-80,-83,-100,-71,-59,-100,-65,-73,-76,-100
1763544967812,-83,-80,-83,-100,-71,-59,-100,-65,-73,-76,-100
1763544967837,-83,-80,-83,-100,-71,-59,-100,-65,-73,-76,-100
1763544967862,-83,-80,-83,-100,-71,-59,-100,-65,-73,-76,-100
1763544967887,-83,-80,-83,-100,-71,-59,-100,-65,-73,-76,-100
1763544967912,-83,-80,-83,-100,-71,-59,-100,-65,-73,-76,-100
1763544967937,-83,-80,-83,-100,-71,-59,-100,-65,-73,-76,-100
1763544967962,-83,-80,-83,-100,-71,-59,-100,-65,-73,-76,-100
1763544967988,-83,-80,-83,-100,-71,-59,-100,-65,-73,-76,-100
1763544968014,-83,-80,-83,-100,-71,-59,-100,-65,-73,-76,-100
1763544968040,-83,-80,-83,-100,-71,-59,-100,-65,-73,-76,-100
1763544968066,-83,-80,-83,-100,-71,-59,-100,-65,-73,-76,-100
1763544968091,-83,-80,-83,-100,-71,-59,-100,-65,-73,-76,-100
1763544968116,-83,-80,-83,-100,-71,-59,-100,-65,-73,-76,-100
1763544968141,-83,-80,-83,-100,-71,-59,-100,-65,-73,-76,-100
1763544968166,-83,-80,-83,-100,-71,-59,-100,-65,-73,-76,-100
1763544968192,-83,-80,-83,-100,-71,-59,-100,-65,-73,-76,-100
1763544968217,-83,-80,-83,-100,-71,-59,-100,-65,-73,-76,-100
1763544968242,-83,-80,-83,-100,-71,-59,-100,-65,-73,-76,-100
1763544968268,-83,-81,-83,-100,-74,-58,-100,-66,-74,-75,-100
1763544968294,-83,-81,-83,-100,-74,-58,-100,-66,-74,-75,-100
1763544968319,-83,-81,-83,-100,-74,-58,-100,-66,-74,-75,-100
1763544968344,-83,-81,-83,-100,-74,-58,-100,-66,-74,-75,-100
1763544968369,-83,-81,-83,-100,-74,-58,-100,-66,-74,-75,-100
1763544968395,-83,-81,-83,-100,-74,-58,-100,-66,-74,-75,-100
1763544968420,-83,-81,-83,-100,-74,-58,-100,-66,-74,-75,-100
1763544968445,-83,-81,-83,-100,-74,-58,-100,-66,-74,-75,-100
1763544968470,-83,-81,-83,-100,-74,-58,-100,-66,-74,-75,-100
1763544968496,-83,-81,-83,-100,-74,-58,-100,-66,-74,-75,-100
1763544968521,-83,-81,-83,-100,-74,-58,-100,-66,-74,-75,-100
1763544968546,-83,-81,-83,-100,-74,-58,-100,-66,-74,-75,-100
1763544968572,-83,-81,-83,-100,-74,-58,-100,-66,-74,-75,-100
1763544968600,-83,-81,-83,-100,-74,-58,-100,-66,-74,-75,-100
1763544968626,-83,-81,-83,-100,-74,-58,-100,-66,-74,-75,-100
1763544968651,-83,-81,-83,-100,-74,-58,-100,-66,-74,-75,-100
1763544968677,-83,-81,-83,-100,-74,-58,-100,-66,-74,-75,-100
1763544968703,-83,-81,-83,-100,-74,-58,-100,-66,-74,-75,-100
1763544968729,-83,-81,-83,-100,-74,-58,-100,-66,-74,-75,-100
1763544968754,-84,-81,-85,-100,-75,-57,-100,-69,-73,-74,-100
1763544968779,-84,-81,-85,-100,-75,-57,-100,-69,-73,-74,-100
1763544968804,-84,-81,-85,-100,-75,-57,-100,-69,-73,-74,-100
1763544968829,-84,-81,-85,-100,-75,-57,-100,-69,-73,-74,-100
1763544968854,-84,-81,-85,-100,-75,-57,-100,-69,-73,-74,-100
1763544968880,-84,-81,-85,-100,-75,-57,-100,-69,-73,-74,-100
1763544968905,-84,-81,-85,-100,-75,-57,-100,-69,-73,-74,-100
1763544968930,-84,-81,-85,-100,-75,-57,-100,-69,-73,-74,-100
1763544968955,-84,-81,-85,-100,-75,-57,-100,-69,-73,-74,-100
1763544968980,-84,-81,-85,-100,-75,-57,-100,-69,-73,-74,-100
1763544969005,-84,-81,-85,-100,-75,-57,-100,-69,-73,-74,-100
1763544969030,-84,-81,-85,-100,-75,-57,-100,-69,-73,-74,-100
1763544969055,-84,-81,-85,-100,-75,-57,-100,-69,-73,-74,-100
1763544969080,-84,-81,-85,-100,-75,-57,-100,-69,-73,-74,-100
1763544969105,-84,-81,-85,-100,-75,-57,-100,-69,-73,-74,-100
1763544969130,-84,-81,-85,-100,-75,-57,-100,-69,-73,-74,-100
1763544969155,-84,-81,-85,-100,-75,-57,-100,-69,-73,-74,-100
1763544969181,-84,-81,-85,-100,-75,-57,-100,-69,-73,-74,-100
1763544969206,-84,-81,-85,-100,-75,-57,-100,-69,-73,-74,-100
1763544969232,-84,-81,-85,-100,-75,-57,-100,-69,-73,-74,-100
1763544969257,-83,-83,-85,-86,-73,-60,-83,-68,-73,-73,-100
1763544969283,-83,-83,-85,-86,-73,-60,-83,-68,-73,-73,-100
1763544969307,-83,-83,-85,-86,-73,-60,-83,-68,-73,-73,-100
1763544969332,-83,-83,-85,-86,-73,-60,-83,-68,-73,-73,-100
1763544969357,-83,-83,-85,-86,-73,-60,-83,-68,-73,-73,-100
1763544969383,-83,-83,-85,-86,-73,-60,-83,-68,-73,-73,-100
1763544969410,-83,-83,-85,-86,-73,-60,-83,-68,-73,-73,-100
1763544969436,-83,-83,-85,-86,-73,-60,-83,-68,-73,-73,-100
1763544969461,-83,-83,-85,-86,-73,-60,-83,-68,-73,-73,-100
1763544969486,-83,-83,-85,-86,-73,-60,-83,-68,-73,-73,-100
1763544969512,-83,-83,-85,-86,-73,-60,-83,-68,-73,-73,-100
1763544969537,-83,-83,-85,-86,-73,-60,-83,-68,-73,-73,-100
1763544969571,-83,-83,-85,-86,-73,-60,-83,-68,-73,-73,-100
1763544969597,-83,-83,-85,-86,-73,-60,-83,-68,-73,-73,-100
1763544969622,-83,-83,-85,-86,-73,-60,-83,-68,-73,-73,-100
1763544969647,-83,-83,-85,-86,-73,-60,-83,-68,-73,-73,-100
1763544969673,-83,-83,-85,-86,-73,-60,-83,-68,-73,-73,-100
1763544969698,-83,-83,-85,-86,-73,-60,-83,-68,-73,-73,-100
1763544969723,-83,-83,-85,-86,-73,-60,-83,-68,-73,-73,-100
1763544969749,-82,-83,-81,-86,-69,-63,-83,-66,-76,-74,-100
1763544969774,-82,-83,-81,-86,-69,-63,-83,-66,-76,-74,-100
1763544969799,-82,-83,-81,-86,-69,-63,-83,-66,-76,-74,-100
1763544969824,-82,-83,-81,-86,-69,-63,-83,-66,-76,-74,-100
1763544969849,-82,-83,-81,-86,-69,-63,-83,-66,-76,-74,-100
1763544969875,-82,-83,-81,-86,-69,-63,-83,-66,-76,-74,-100
1763544969900,-82,-83,-81,-86,-69,-63,-83,-66,-76,-74,-100
1763544969925,-82,-83,-81,-86,-69,-63,-83,-66,-76,-74,-100
1763544969950,-82,-83,-81,-86,-69,-63,-83,-66,-76,-74,-100
1763544969975,-82,-83,-81,-86,-69,-63,-83,-66,-76,-74,-100
1763544970001,-82,-83,-81,-86,-69,-63,-83,-66,-76,-74,-100
1763544970027,-82,-83,-81,-86,-69,-63,-83,-66,-76,-74,-100
1763544970054,-82,-83,-81,-86,-69,-63,-83,-66,-76,-74,-100
1763544970079,-82,-83,-81,-86,-69,-63,-83,-66,-76,-74,-100
1763544970104,-82,-83,-81,-86,-69,-63,-83,-66,-76,-74,-100
1763544970129,-82,-83,-81,-86,-69,-63,-83,-66,-76,-74,-100
1763544970155,-82,-83,-81,-86,-69,-63,-83,-66,-76,-74,-100
1763544970180,-82,-83,-81,-86,-69,-63,-83,-66,-76,-74,-100
1763544970205,-82,-83,-81,-86,-69,-63,-83,-66,-76,-74,-100
1763544970230,-82,-83,-81,-86,-69,-63,-83,-66,-76,-74,-100
1763544970256,-83,-79,-79,-100,-68,-62,-100,-66,-79,-74,-100
1763544970282,-83,-79,-79,-100,-68,-62,-100,-66,-79,-74,-100
1763544970307,-83,-79,-79,-100,-68,-62,-100,-66,-79,-74,-100
1763544970332,-83,-79,-79,-100,-68,-62,-100,-66,-79,-74,-100
1763544970358,-83,-79,-79,-100,-68,-62,-100,-66,-79,-74,-100
1763544970384,-83,-79,-79,-100,-68,-62,-100,-66,-79,-74,-100
1763544970408,-83,-79,-79,-100,-68,-62,-100,-66,-79,-74,-100
1763544970433,-83,-79,-79,-100,-68,-62,-100,-66,-79,-74,-100
1763544970458,-83,-79,-79,-100,-68,-62,-100,-66,-79,-74,-100
1763544970483,-83,-79,-79,-100,-68,-62,-100,-66,-79,-74,-100
1763544970508,-83,-79,-79,-100,-68,-62,-100,-66,-79,-74,-100
1763544970534,-83,-79,-79,-100,-68,-62,-100,-66,-79,-74,-100
1763544970561,-83,-79,-79,-100,-68,-62,-100,-66,-79,-74,-100
1763544970586,-83,-79,-79,-100,-68,-62,-100,-66,-79,-74,-100
1763544970612,-83,-79,-79,-100,-68,-62,-100,-66,-79,-74,-100
1763544970638,-83,-79,-79,-100,-68,-62,-100,-66,-79,-74,-100
1763544970662,-83,-79,-79,-100,-68,-62,-100,-66,-79,-74,-100
1763544970687,-83,-79,-79,-100,-68,-62,-100,-66,-79,-74,-100
1763544970712,-83,-79,-79,-100,-68,-62,-100,-66,-79,-74,-100
1763544970738,-83,-79,-79,-100,-68,-62,-100,-66,-79,-74,-100
1763544970763,-82,-82,-77,-86,-67,-61,-100,-66,-79,-76,-100
1763544970789,-82,-82,-77,-86,-67,-61,-100,-66,-79,-76,-100
1763544970813,-82,-82,-77,-86,-67,-61,-100,-66,-79,-76,-100
1763544970838,-82,-82,-77,-86,-67,-61,-100,-66,-79,-76,-100
1763544970863,-82,-82,-77,-86,-67,-61,-100,-66,-79,-76,-100
1763544970889,-82,-82,-77,-86,-67,-61,-100,-66,-79,-76,-100
1763544970914,-82,-82,-77,-86,-67,-61,-100,-66,-79,-76,-100
1763544970939,-82,-82,-77,-86,-67,-61,-100,-66,-79,-76,-100
1763544970964,-82,-82,-77,-86,-67,-61,-100,-66,-79,-76,-100
1763544970990,-82,-82,-77,-86,-67,-61,-100,-66,-79,-76,-100
1763544971016,-82,-82,-77,-86,-67,-61,-100,-66,-79,-76,-100
1763544971041,-82,-82,-77,-86,-67,-61,-100,-66,-79,-76,-100
1763544971067,-82,-82,-77,-86,-67,-61,-100,-66,-79,-76,-100
1763544971091,-82,-82,-77,-86,-67,-61,-100,-66,-79,-76,-100
1763544971116,-82,-82,-77,-86,-67,-61,-100,-66,-79,-76,-100
1763544971141,-82,-82,-77,-86,-67,-61,-100,-66,-79,-76,-100
1763544971166,-82,-82,-77,-86,-67,-61,-100,-66,-79,-76,-100
1763544971192,-82,-82,-77,-86,-67,-61,-100,-66,-79,-76,-100
1763544971217,-82,-82,-77,-86,-67,-61,-100,-66,-79,-76,-100
1763544971243,-82,-82,-77,-86,-67,-61,-100,-66,-79,-76,-100
1763544971269,-81,-82,-78,-86,-65,-64,-100,-65,-76,-77,-100
1763544971294,-81,-82,-78,-86,-65,-64,-100,-65,-76,-77,-100
1763544971319,-81,-82,-78,-86,-65,-64,-100,-65,-76,-77,-100
1763544971344,-81,-82,-78,-86,-65,-64,-100,-65,-76,-77,-100
1763544971370,-81,-82,-78,-86,-65,-64,-100,-65,-76,-77,-100
1763544971395,-81,-82,-78,-86,-65,-64,-100,-65,-76,-77,-100
1763544971421,-81,-82,-78,-86,-65,-64,-100,-65,-76,-77,-100
1763544971446,-81,-82,-78,-86,-65,-64,-100,-65,-76,-77,-100
1763544971471,-81,-82,-78,-86,-65,-64,-100,-65,-76,-77,-100
1763544971496,-81,-82,-78,-86,-65,-64,-100,-65,-76,-77,-100
1763544971522,-81,-82,-78,-86,-65,-64,-100,-65,-76,-77,-100
1763544971547,-81,-82,-78,-86,-65,-64,-100,-65,-76,-77,-100
1763544971572,-81,-82,-78,-86,-65,-64,-100,-65,-76,-77,-100
1763544971598,-81,-82,-78,-86,-65,-64,-100,-65,-76,-77,-100
1763544971622,-81,-82,-78,-86,-65,-64,-100,-65,-76,-77,-100
1763544971647,-81,-82,-78,-86,-65,-64,-100,-65,-76,-77,-100
1763544971672,-81,-82,-78,-86,-65,-64,-100,-65,-76,-77,-100
1763544971698,-81,-82,-78,-86,-65,-64,-100,-65,-76,-77,-100
1763544971723,-81,-82,-78,-86,-65,-64,-100,-65,-76,-77,-100
1763544971748,-81,-82,-78,-86,-65,-64,-100,-65,-76,-77,-100
1763544971774,-80,-79,-79,-86,-64,-65,-86,-62,-74,-75,-100
1763544971799,-80,-79,-79,-86,-64,-65,-86,-62,-74,-75,-100
1763544971825,-80,-79,-79,-86,-64,-65,-86,-62,-74,-75,-100
1763544971851,-80,-79,-79,-86,-64,-65,-86,-62,-74,-75,-100
1763544971877,-80,-79,-79,-86,-64,-65,-86,-62,-74,-75,-100
1763544971901,-80,-79,-79,-86,-64,-65,-86,-62,-74,-75,-100
1763544971927,-80,-79,-79,-86,-64,-65,-86,-62,-74,-75,-100
1763544971952,-80,-79,-79,-86,-64,-65,-86,-62,-74,-75,-100
1763544971977,-80,-79,-79,-86,-64,-65,-86,-62,-74,-75,-100
1763544972002,-80,-79,-79,-86,-64,-65,-86,-62,-74,-75,-100
1763544972028,-80,-79,-79,-86,-64,-65,-86,-62,-74,-75,-100
1763544972053,-80,-79,-79,-86,-64,-65,-86,-62,-74,-75,-100
1763544972079,-80,-79,-79,-86,-64,-65,-86,-62,-74,-75,-100
1763544972104,-80,-79,-79,-86,-64,-65,-86,-62,-74,-75,-100
1763544972129,-80,-79,-79,-86,-64,-65,-86,-62,-74,-75,-100
1763544972154,-80,-79,-79,-86,-64,-65,-86,-62,-74,-75,-100
1763544972179,-80,-79,-79,-86,-64,-65,-86,-62,-74,-75,-100
1763544972204,-80,-79,-79,-86,-64,-65,-86,-62,-74,-75,-100
1763544972229,-80,-79,-79,-86,-64,-65,-86,-62,-74,-75,-100
1763544972254,-78,-77,-81,-89,-65,-65,-86,-60,-72,-72,-100
1763544972279,-78,-77,-81,-89,-65,-65,-86,-60,-72,-72,-100
1763544972304,-78,-77,-81,-89,-65,-65,-86,-60,-72,-72,-100
1763544972329,-78,-77,-81,-89,-65,-65,-86,-60,-72,-72,-100
1763544972354,-78,-77,-81,-89,-65,-65,-86,-60,-72,-72,-100
1763544972380,-78,-77,-81,-89,-65,-65,-86,-60,-72,-72,-100
1763544972405,-78,-77,-81,-89,-65,-65,-86,-60,-72,-72,-100
1763544972430,-78,-77,-81,-89,-65,-65,-86,-60,-72,-72,-100
1763544972455,-78,-77,-81,-89,-65,-65,-86,-60,-72,-72,-100
1763544972481,-78,-77,-81,-89,-65,-65,-86,-60,-72,-72,-100
1763544972506,-78,-77,-81,-89,-65,-65,-86,-60,-72,-72,-100
1763544972532,-78,-77,-81,-89,-65,-65,-86,-60,-72,-72,-100
1763544972558,-78,-77,-81,-89,-65,-65,-86,-60,-72,-72,-100
1763544972584,-78,-77,-81,-89,-65,-65,-86,-60,-72,-72,-100
1763544972608,-78,-77,-81,-89,-65,-65,-86,-60,-72,-72,-100
1763544972633,-78,-77,-81,-89,-65,-65,-86,-60,-72,-72,-100
1763544972658,-78,-77,-81,-89,-65,-65,-86,-60,-72,-72,-100
1763544972683,-78,-77,-81,-89,-65,-65,-86,-60,-72,-72,-100
1763544972708,-78,-77,-81,-89,-65,-65,-86,-60,-72,-72,-100
1763544972734,-78,-77,-81,-89,-65,-65,-86,-60,-72,-72,-100
1763544972759,-80,-78,-81,-89,-64,-64,-82,-61,-74,-69,-100
1763544972784,-80,-78,-81,-89,-64,-64,-82,-61,-74,-69,-100
1763544972809,-80,-78,-81,-89,-64,-64,-82,-61,-74,-69,-100
1763544972834,-80,-78,-81,-89,-64,-64,-82,-61,-74,-69,-100
1763544972860,-80,-78,-81,-89,-64,-64,-82,-61,-74,-69,-100
1763544972885,-80,-78,-81,-89,-64,-64,-82,-61,-74,-69,-100
1763544972910,-80,-78,-81,-89,-64,-64,-82,-61,-74,-69,-100
1763544972935,-80,-78,-81,-89,-64,-64,-82,-61,-74,-69,-100
1763544972961,-80,-78,-81,-89,-64,-64,-82,-61,-74,-69,-100
1763544972986,-80,-78,-81,-89,-64,-64,-82,-61,-74,-69,-100
1763544973012,-80,-78,-81,-89,-64,-64,-82,-61,-74,-69,-100
1763544973037,-80,-78,-81,-89,-64,-64,-82,-61,-74,-69,-100
1763544973063,-80,-78,-81,-89,-64,-64,-82,-61,-74,-69,-100
1763544973087,-80,-78,-81,-89,-64,-64,-82,-61,-74,-69,-100
1763544973112,-80,-78,-81,-89,-64,-64,-82,-61,-74,-69,-100
1763544973137,-80,-78,-81,-89,-64,-64,-82,-61,-74,-69,-100
1763544973163,-80,-78,-81,-89,-64,-64,-82,-61,-74,-69,-100
1763544973187,-80,-78,-81,-89,-64,-64,-82,-61,-74,-69,-100
1763544973212,-80,-78,-81,-89,-64,-64,-82,-61,-74,-69,-100
1763544973238,-80,-78,-81,-89,-64,-64,-82,-61,-74,-69,-100
1763544973264,-82,-78,-77,-77,-63,-65,-76,-62,-75,-69,-100
1763544973289,-82,-78,-77,-77,-63,-65,-76,-62,-75,-69,-100
1763544973315,-82,-78,-77,-77,-63,-65,-76,-62,-75,-69,-100
1763544973340,-82,-78,-77,-77,-63,-65,-76,-62,-75,-69,-100
1763544973365,-82,-78,-77,-77,-63,-65,-76,-62,-75,-69,-100
1763544973391,-82,-78,-77,-77,-63,-65,-76,-62,-75,-69,-100
1763544973416,-82,-78,-77,-77,-63,-65,-76,-62,-75,-69,-100
1763544973441,-82,-78,-77,-77,-63,-65,-76,-62,-75,-69,-100
1763544973467,-82,-78,-77,-77,-63,-65,-76,-62,-75,-69,-100
1763544973491,-82,-78,-77,-77,-63,-65,-76,-62,-75,-69,-100
1763544973516,-82,-78,-77,-77,-63,-65,-76,-62,-75,-69,-100
1763544973541,-82,-78,-77,-77,-63,-65,-76,-62,-75,-69,-100
1763544973566,-82,-78,-77,-77,-63,-65,-76,-62,-75,-69,-100
1763544973591,-82,-78,-77,-77,-63,-65,-76,-62,-75,-69,-100
1763544973616,-82,-78,-77,-77,-63,-65,-76,-62,-75,-69,-100
1763544973642,-82,-78,-77,-77,-63,-65,-76,-62,-75,-69,-100
1763544973667,-82,-78,-77,-77,-63,-65,-76,-62,-75,-69,-100
1763544973693,-82,-78,-77,-77,-63,-65,-76,-62,-75,-69,-100
1763544973718,-82,-78,-77,-77,-63,-65,-76,-62,-75,-69,-100
1763544973743,-82,-78,-77,-77,-63,-65,-76,-62,-75,-69,-100
1763544973768,-80,-80,-81,-77,-63,-62,-77,-64,-72,-71,-100
1763544973794,-80,-80,-81,-77,-63,-62,-77,-64,-72,-71,-100
1763544973819,-80,-80,-81,-77,-63,-62,-77,-64,-72,-71,-100
1763544973844,-80,-80,-81,-77,-63,-62,-77,-64,-72,-71,-100
1763544973869,-80,-80,-81,-77,-63,-62,-77,-64,-72,-71,-100
1763544973894,-80,-80,-81,-77,-63,-62,-77,-64,-72,-71,-100
1763544973919,-80,-80,-81,-77,-63,-62,-77,-64,-72,-71,-100
1763544973945,-80,-80,-81,-77,-63,-62,-77,-64,-72,-71,-100
1763544973969,-80,-80,-81,-77,-63,-62,-77,-64,-72,-71,-100
1763544973994,-80,-80,-81,-77,-63,-62,-77,-64,-72,-71,-100
1763544974019,-80,-80,-81,-77,-63,-62,-77,-64,-72,-71,-100
1763544974044,-80,-80,-81,-77,-63,-62,-77,-64,-72,-71,-100
1763544974069,-80,-80,-81,-77,-63,-62,-77,-64,-72,-71,-100
1763544974095,-80,-80,-81,-77,-63,-62,-77,-64,-72,-71,-100
1763544974120,-80,-80,-81,-77,-63,-62,-77,-64,-72,-71,-100
1763544974145,-80,-80,-81,-77,-63,-62,-77,-64,-72,-71,-100
1763544974170,-80,-80,-81,-77,-63,-62,-77,-64,-72,-71,-100
1763544974196,-80,-80,-81,-77,-63,-62,-77,-64,-72,-71,-100
1763544974221,-80,-80,-81,-77,-63,-62,-77,-64,-72,-71,-100
1763544974246,-80,-80,-81,-77,-63,-62,-77,-64,-72,-71,-100
1763544974271,-80,-80,-81,-77,-64,-63,-79,-65,-72,-71,-100
1763544974296,-80,-80,-81,-77,-64,-63,-79,-65,-72,-71,-100
1763544974321,-80,-80,-81,-77,-64,-63,-79,-65,-72,-71,-100
1763544974347,-80,-80,-81,-77,-64,-63,-79,-65,-72,-71,-100
1763544974372,-80,-80,-81,-77,-64,-63,-79,-65,-72,-71,-100
1763544974397,-80,-80,-81,-77,-64,-63,-79,-65,-72,-71,-100
1763544974422,-80,-80,-81,-77,-64,-63,-79,-65,-72,-71,-100
1763544974447,-80,-80,-81,-77,-64,-63,-79,-65,-72,-71,-100
1763544974472,-80,-80,-81,-77,-64,-63,-79,-65,-72,-71,-100
1763544974498,-80,-80,-81,-77,-64,-63,-79,-65,-72,-71,-100
1763544974523,-80,-80,-81,-77,-64,-63,-79,-65,-72,-71,-100
1763544974548,-80,-80,-81,-77,-64,-63,-79,-65,-72,-71,-100
1763544974573,-80,-80,-81,-77,-64,-63,-79,-65,-72,-71,-100
1763544974599,-80,-80,-81,-77,-64,-63,-79,-65,-72,-71,-100
1763544974623,-80,-80,-81,-77,-64,-63,-79,-65,-72,-71,-100
1763544974648,-80,-80,-81,-77,-64,-63,-79,-65,-72,-71,-100
1763544974673,-80,-80,-81,-77,-64,-63,-79,-65,-72,-71,-100
1763544974698,-80,-80,-81,-77,-64,-63,-79,-65,-72,-71,-100
1763544974723,-80,-80,-81,-77,-64,-63,-79,-65,-72,-71,-100
1763544974748,-80,-80,-81,-77,-64,-63,-79,-65,-72,-71,-100
1763544974773,-82,-81,-82,-79,-62,-66,-79,-67,-76,-70,-100
1763544974799,-82,-81,-82,-79,-62,-66,-79,-67,-76,-70,-100
1763544974824,-82,-81,-82,-79,-62,-66,-79,-67,-76,-70,-100
1763544974849,-82,-81,-82,-79,-62,-66,-79,-67,-76,-70,-100
1763544974874,-82,-81,-82,-79,-62,-66,-79,-67,-76,-70,-100
1763544974899,-82,-81,-82,-79,-62,-66,-79,-67,-76,-70,-100
1763544974924,-82,-81,-82,-79,-62,-66,-79,-67,-76,-70,-100
1763544974949,-82,-81,-82,-79,-62,-66,-79,-67,-76,-70,-100
1763544974974,-82,-81,-82,-79,-62,-66,-79,-67,-76,-70,-100
1763544974999,-82,-81,-82,-79,-62,-66,-79,-67,-76,-70,-100
1763544975024,-82,-81,-82,-79,-62,-66,-79,-67,-76,-70,-100
1763544975049,-82,-81,-82,-79,-62,-66,-79,-67,-76,-70,-100
1763544975074,-82,-81,-82,-79,-62,-66,-79,-67,-76,-70,-100
1763544975099,-82,-81,-82,-79,-62,-66,-79,-67,-76,-70,-100
1763544975124,-82,-81,-82,-79,-62,-66,-79,-67,-76,-70,-100
1763544975149,-82,-81,-82,-79,-62,-66,-79,-67,-76,-70,-100
1763544975174,-82,-81,-82,-79,-62,-66,-79,-67,-76,-70,-100
1763544975199,-82,-81,-82,-79,-62,-66,-79,-67,-76,-70,-100
1763544975224,-82,-81,-82,-79,-62,-66,-79,-67,-76,-70,-100
1763544975250,-82,-81,-82,-79,-62,-66,-79,-67,-76,-70,-100
1763544975275,-82,-82,-84,-79,-61,-67,-81,-72,-80,-72,-100
1763544975301,-82,-82,-84,-79,-61,-67,-81,-72,-80,-72,-100
1763544975326,-82,-82,-84,-79,-61,-67,-81,-72,-80,-72,-100
1763544975351,-82,-82,-84,-79,-61,-67,-81,-72,-80,-72,-100
1763544975376,-82,-82,-84,-79,-61,-67,-81,-72,-80,-72,-100
1763544975401,-82,-82,-84,-79,-61,-67,-81,-72,-80,-72,-100
1763544975426,-82,-82,-84,-79,-61,-67,-81,-72,-80,-72,-100
1763544975452,-82,-82,-84,-79,-61,-67,-81,-72,-80,-72,-100
1763544975478,-82,-82,-84,-79,-61,-67,-81,-72,-80,-72,-100
1763544975503,-82,-82,-84,-79,-61,-67,-81,-72,-80,-72,-100
1763544975528,-82,-82,-84,-79,-61,-67,-81,-72,-80,-72,-100
1763544975554,-82,-82,-84,-79,-61,-67,-81,-72,-80,-72,-100
1763544975579,-82,-82,-84,-79,-61,-67,-81,-72,-80,-72,-100
1763544975605,-82,-82,-84,-79,-61,-67,-81,-72,-80,-72,-100
1763544975630,-82,-82,-84,-79,-61,-67,-81,-72,-80,-72,-100
1763544975656,-82,-82,-84,-79,-61,-67,-81,-72,-80,-72,-100
1763544975680,-82,-82,-84,-79,-61,-67,-81,-72,-80,-72,-100
1763544975705,-82,-82,-84,-79,-61,-67,-81,-72,-80,-72,-100
1763544975731,-82,-82,-84,-79,-61,-67,-81,-72,-80,-72,-100
1763544975756,-81,-83,-84,-79,-63,-73,-83,-74,-80,-71,-100
1763544975781,-81,-83,-84,-79,-63,-73,-83,-74,-80,-71,-100
1763544975806,-81,-83,-84,-79,-63,-73,-83,-74,-80,-71,-100
1763544975831,-81,-83,-84,-79,-63,-73,-83,-74,-80,-71,-100
1763544975856,-81,-83,-84,-79,-63,-73,-83,-74,-80,-71,-100
1763544975881,-81,-83,-84,-79,-63,-73,-83,-74,-80,-71,-100
1763544975906,-81,-83,-84,-79,-63,-73,-83,-74,-80,-71,-100
1763544975932,-81,-83,-84,-79,-63,-73,-83,-74,-80,-71,-100
1763544975957,-81,-83,-84,-79,-63,-73,-83,-74,-80,-71,-100
1763544975983,-81,-83,-84,-79,-63,-73,-83,-74,-80,-71,-100
1763544976008,-81,-83,-84,-79,-63,-73,-83,-74,-80,-71,-100
1763544976033,-81,-83,-84,-79,-63,-73,-83,-74,-80,-71,-100
1763544976059,-81,-83,-84,-79,-63,-73,-83,-74,-80,-71,-100
1763544976083,-81,-83,-84,-79,-63,-73,-83,-74,-80,-71,-100
1763544976108,-81,-83,-84,-79,-63,-73,-83,-74,-80,-71,-100
1763544976133,-81,-83,-84,-79,-63,-73,-83,-74,-80,-71,-100
1763544976159,-81,-83,-84,-79,-63,-73,-83,-74,-80,-71,-100
1763544976185,-81,-83,-84,-79,-63,-73,-83,-74,-80,-71,-100
1763544976210,-81,-83,-84,-79,-63,-73,-83,-74,-80,-71,-100
1763544976235,-81,-83,-84,-79,-63,-73,-83,-74,-80,-71,-100
1763544976260,-83,-100,-83,-80,-63,-76,-100,-75,-100,-71,-100
1763544976285,-83,-100,-83,-80,-63,-76,-100,-75,-100,-71,-100
1763544976311,-83,-100,-83,-80,-63,-76,-100,-75,-100,-71,-100
1763544976336,-83,-100,-83,-80,-63,-76,-100,-75,-100,-71,-100
1763544976361,-83,-100,-83,-80,-63,-76,-100,-75,-100,-71,-100
1763544976387,-83,-100,-83,-80,-63,-76,-100,-75,-100,-71,-100
1763544976413,-83,-100,-83,-80,-63,-76,-100,-75,-100,-71,-100
1763544976438,-83,-100,-83,-80,-63,-76,-100,-75,-100,-71,-100
1763544976464,-83,-100,-83,-80,-63,-76,-100,-75,-100,-71,-100
1763544976490,-83,-100,-83,-80,-63,-76,-100,-75,-100,-71,-100
1763544976515,-83,-100,-83,-80,-63,-76,-100,-75,-100,-71,-100
1763544976540,-83,-100,-83,-80,-63,-76,-100,-75,-100,-71,-100
1763544976565,-83,-100,-83,-80,-63,-76,-100,-75,-100,-71,-100
1763544976590,-83,-100,-83,-80,-63,-76,-100,-75,-100,-71,-100
1763544976616,-83,-100,-83,-80,-63,-76,-100,-75,-100,-71,-100
1763544976640,-83,-100,-83,-80,-63,-76,-100,-75,-100,-71,-100
1763544976666,-83,-100,-83,-80,-63,-76,-100,-75,-100,-71,-100
1763544976691,-83,-100,-83,-80,-63,-76,-100,-75,-100,-71,-100
1763544976716,-83,-100,-83,-80,-63,-76,-100,-75,-100,-71,-100
1763544976743,-83,-100,-83,-80,-63,-76,-100,-75,-100,-71,-100
1763544976768,-77,-100,-83,-80,-61,-78,-79,-72,-100,-74,-100
1763544976793,-77,-100,-83,-80,-61,-78,-79,-72,-100,-74,-100
1763544976818,-77,-100,-83,-80,-61,-78,-79,-72,-100,-74,-100
1763544976844,-77,-100,-83,-80,-61,-78,-79,-72,-100,-74,-100
1763544976869,-77,-100,-83,-80,-61,-78,-79,-72,-100,-74,-100
1763544976895,-77,-100,-83,-80,-61,-78,-79,-72,-100,-74,-100
1763544976920,-77,-100,-83,-80,-61,-78,-79,-72,-100,-74,-100
1763544976945,-77,-100,-83,-80,-61,-78,-79,-72,-100,-74,-100
1763544976971,-77,-100,-83,-80,-61,-78,-79,-72,-100,-74,-100
1763544976996,-77,-100,-83,-80,-61,-78,-79,-72,-100,-74,-100
1763544977023,-77,-100,-83,-80,-61,-78,-79,-72,-100,-74,-100
1763544977048,-77,-100,-83,-80,-61,-78,-79,-72,-100,-74,-100
1763544977073,-77,-100,-83,-80,-61,-78,-79,-72,-100,-74,-100
1763544977099,-77,-100,-83,-80,-61,-78,-79,-72,-100,-74,-100
1763544977123,-77,-100,-83,-80,-61,-78,-79,-72,-100,-74,-100
1763544977148,-77,-100,-83,-80,-61,-78,-79,-72,-100,-74,-100
1763544977173,-77,-100,-83,-80,-61,-78,-79,-72,-100,-74,-100
1763544977199,-77,-100,-83,-80,-61,-78,-79,-72,-100,-74,-100
1763544977225,-77,-100,-83,-80,-61,-78,-79,-72,-100,-74,-100
1763544977250,-77,-100,-83,-80,-61,-78,-79,-72,-100,-74,-100
1763544977276,-72,-100,-100,-83,-64,-100,-79,-77,-100,-72,-100
1763544977303,-72,-100,-100,-83,-64,-100,-79,-77,-100,-72,-100
1763544977328,-72,-100,-100,-83,-64,-100,-79,-77,-100,-72,-100
1763544977354,-72,-100,-100,-83,-64,-100,-79,-77,-100,-72,-100
1763544977379,-72,-100,-100,-83,-64,-100,-79,-77,-100,-72,-100
1763544977405,-72,-100,-100,-83,-64,-100,-79,-77,-100,-72,-100
1763544977430,-72,-100,-100,-83,-64,-100,-79,-77,-100,-72,-100
1763544977455,-72,-100,-100,-83,-64,-100,-79,-77,-100,-72,-100
1763544977480,-72,-100,-100,-83,-64,-100,-79,-77,-100,-72,-100
1763544977505,-72,-100,-100,-83,-64,-100,-79,-77,-100,-72,-100
1763544977530,-72,-100,-100,-83,-64,-100,-79,-77,-100,-72,-100
1763544977555,-72,-100,-100,-83,-64,-100,-79,-77,-100,-72,-100
1763544977580,-72,-100,-100,-83,-64,-100,-79,-77,-100,-72,-100
1763544977605,-72,-100,-100,-83,-64,-100,-79,-77,-100,-72,-100
1763544977634,-72,-100,-100,-83,-64,-100,-79,-77,-100,-72,-100
1763544977661,-72,-100,-100,-83,-64,-100,-79,-77,-100,-72,-100
1763544977686,-72,-100,-100,-83,-64,-100,-79,-77,-100,-72,-100
1763544977711,-72,-100,-100,-83,-64,-100,-79,-77,-100,-72,-100
1763544977736,-72,-100,-100,-83,-64,-100,-79,-77,-100,-72,-100
1763544977761,-73,-83,-77,-76,-55,-71,-81,-74,-82,-67,-100
1763544977786,-73,-83,-77,-76,-55,-71,-81,-74,-82,-67,-100
1763544977812,-73,-83,-77,-76,-55,-71,-81,-74,-82,-67,-100
1763544977838,-73,-83,-77,-76,-55,-71,-81,-74,-82,-67,-100
1763544977863,-73,-83,-77,-76,-55,-71,-81,-74,-82,-67,-100
1763544977888,-73,-83,-77,-76,-55,-71,-81,-74,-82,-67,-100
1763544977913,-73,-83,-77,-76,-55,-71,-81,-74,-82,-67,-100
1763544977938,-73,-83,-77,-76,-55,-71,-81,-74,-82,-67,-100
1763544977964,-73,-83,-77,-76,-55,-71,-81,-74,-82,-67,-100
1763544977990,-73,-83,-77,-76,-55,-71,-81,-74,-82,-67,-100
1763544978016,-73,-83,-77,-76,-55,-71,-81,-74,-82,-67,-100
1763544978041,-73,-83,-77,-76,-55,-71,-81,-74,-82,-67,-100
1763544978066,-73,-83,-77,-76,-55,-71,-81,-74,-82,-67,-100
1763544978091,-73,-83,-77,-76,-55,-71,-81,-74,-82,-67,-100
1763544978116,-73,-83,-77,-76,-55,-71,-81,-74,-82,-67,-100
1763544978142,-73,-83,-77,-76,-55,-71,-81,-74,-82,-67,-100
1763544978167,-73,-83,-77,-76,-55,-71,-81,-74,-82,-67,-100
1763544978192,-73,-83,-77,-76,-55,-71,-81,-74,-82,-67,-100
1763544978217,-73,-83,-77,-76,-55,-71,-81,-74,-82,-67,-100
1763544978243,-73,-83,-77,-76,-55,-71,-81,-74,-82,-67,-100
1763544978269,-76,-83,-77,-74,-57,-75,-80,-76,-83,-66,-100
1763544978295,-76,-83,-77,-74,-57,-75,-80,-76,-83,-66,-100
1763544978320,-76,-83,-77,-74,-57,-75,-80,-76,-83,-66,-100
1763544978346,-76,-83,-77,-74,-57,-75,-80,-76,-83,-66,-100
1763544978371,-76,-83,-77,-74,-57,-75,-80,-76,-83,-66,-100
1763544978397,-76,-83,-77,-74,-57,-75,-80,-76,-83,-66,-100
1763544978423,-76,-83,-77,-74,-57,-75,-80,-76,-83,-66,-100
1763544978448,-76,-83,-77,-74,-57,-75,-80,-76,-83,-66,-100
1763544978474,-76,-83,-77,-74,-57,-75,-80,-76,-83,-66,-100
1763544978499,-76,-83,-77,-74,-57,-75,-80,-76,-83,-66,-100
1763544978524,-76,-83,-77,-74,-57,-75,-80,-76,-83,-66,-100
1763544978549,-76,-83,-77,-74,-57,-75,-80,-76,-83,-66,-100
1763544978574,-76,-83,-77,-74,-57,-75,-80,-76,-83,-66,-100
1763544978599,-76,-83,-77,-74,-57,-75,-80,-76,-83,-66,-100
1763544978625,-76,-83,-77,-74,-57,-75,-80,-76,-83,-66,-100
1763544978650,-76,-83,-77,-74,-57,-75,-80,-76,-83,-66,-100
1763544978675,-76,-83,-77,-74,-57,-75,-80,-76,-83,-66,-100
1763544978700,-76,-83,-77,-74,-57,-75,-80,-76,-83,-66,-100
1763544978725,-76,-83,-77,-74,-57,-75,-80,-76,-83,-66,-100
1763544978750,-76,-83,-77,-74,-57,-75,-80,-76,-83,-66,-100
1763544978775,-75,-100,-76,-71,-58,-77,-77,-76,-82,-63,-100
1763544978800,-75,-100,-76,-71,-58,-77,-77,-76,-82,-63,-100
1763544978826,-75,-100,-76,-71,-58,-77,-77,-76,-82,-63,-100
1763544978851,-75,-100,-76,-71,-58,-77,-77,-76,-82,-63,-100
1763544978877,-75,-100,-76,-71,-58,-77,-77,-76,-82,-63,-100
1763544978902,-75,-100,-76,-71,-58,-77,-77,-76,-82,-63,-100
1763544978928,-75,-100,-76,-71,-58,-77,-77,-76,-82,-63,-100
1763544978953,-75,-100,-76,-71,-58,-77,-77,-76,-82,-63,-100
1763544978978,-75,-100,-76,-71,-58,-77,-77,-76,-82,-63,-100
1763544979003,-75,-100,-76,-71,-58,-77,-77,-76,-82,-63,-100
1763544979029,-75,-100,-76,-71,-58,-77,-77,-76,-82,-63,-100
1763544979054,-75,-100,-76,-71,-58,-77,-77,-76,-82,-63,-100
1763544979079,-75,-100,-76,-71,-58,-77,-77,-76,-82,-63,-100
1763544979104,-75,-100,-76,-71,-58,-77,-77,-76,-82,-63,-100
1763544979129,-75,-100,-76,-71,-58,-77,-77,-76,-82,-63,-100
1763544979154,-75,-100,-76,-71,-58,-77,-77,-76,-82,-63,-100
1763544979179,-75,-100,-76,-71,-58,-77,-77,-76,-82,-63,-100
1763544979205,-75,-100,-76,-71,-58,-77,-77,-76,-82,-63,-100
1763544979230,-75,-100,-76,-71,-58,-77,-77,-76,-82,-63,-100
1763544979255,-72,-86,-77,-70,-60,-78,-73,-76,-82,-59,-100
1763544979281,-72,-86,-77,-70,-60,-78,-73,-76,-82,-59,-100
1763544979306,-72,-86,-77,-70,-60,-78,-73,-76,-82,-59,-100
1763544979332,-72,-86,-77,-70,-60,-78,-73,-76,-82,-59,-100
1763544979357,-72,-86,-77,-70,-60,-78,-73,-76,-82,-59,-100
1763544979382,-72,-86,-77,-70,-60,-78,-73,-76,-82,-59,-100
1763544979407,-72,-86,-77,-70,-60,-78,-73,-76,-82,-59,-100
1763544979432,-72,-86,-77,-70,-60,-78,-73,-76,-82,-59,-100
1763544979458,-72,-86,-77,-70,-60,-78,-73,-76,-82,-59,-100
1763544979483,-72,-86,-77,-70,-60,-78,-73,-76,-82,-59,-100
1763544979510,-72,-86,-77,-70,-60,-78,-73,-76,-82,-59,-100
1763544979535,-72,-86,-77,-70,-60,-78,-73,-76,-82,-59,-100
1763544979561,-72,-86,-77,-70,-60,-78,-73,-76,-82,-59,-100
1763544979586,-72,-86,-77,-70,-60,-78,-73,-76,-82,-59,-100
1763544979611,-72,-86,-77,-70,-60,-78,-73,-76,-82,-59,-100
1763544979636,-72,-86,-77,-70,-60,-78,-73,-76,-82,-59,-100
1763544979661,-72,-86,-77,-70,-60,-78,-73,-76,-82,-59,-100
1763544979686,-72,-86,-77,-70,-60,-78,-73,-76,-82,-59,-100
1763544979711,-72,-86,-77,-70,-60,-78,-73,-76,-82,-59,-100
1763544979736,-72,-86,-77,-70,-60,-78,-73,-76,-82,-59,-100
1763544979761,-73,-86,-78,-73,-61,-81,-74,-78,-83,-60,-100
1763544979786,-73,-86,-78,-73,-61,-81,-74,-78,-83,-60,-100
1763544979812,-73,-86,-78,-73,-61,-81,-74,-78,-83,-60,-100
1763544979838,-73,-86,-78,-73,-61,-81,-74,-78,-83,-60,-100
1763544979863,-73,-86,-78,-73,-61,-81,-74,-78,-83,-60,-100
1763544979888,-73,-86,-78,-73,-61,-81,-74,-78,-83,-60,-100
1763544979913,-73,-86,-78,-73,-61,-81,-74,-78,-83,-60,-100
1763544979938,-73,-86,-78,-73,-61,-81,-74,-78,-83,-60,-100
1763544979964,-73,-86,-78,-73,-61,-81,-74,-78,-83,-60,-100
1763544979990,-73,-86,-78,-73,-61,-81,-74,-78,-83,-60,-100
1763544980015,-73,-86,-78,-73,-61,-81,-74,-78,-83,-60,-100
1763544980041,-73,-86,-78,-73,-61,-81,-74,-78,-83,-60,-100
1763544980066,-73,-86,-78,-73,-61,-81,-74,-78,-83,-60,-100
1763544980091,-73,-86,-78,-73,-61,-81,-74,-78,-83,-60,-100
1763544980116,-73,-86,-78,-73,-61,-81,-74,-78,-83,-60,-100
1763544980141,-73,-86,-78,-73,-61,-81,-74,-78,-83,-60,-100
1763544980166,-73,-86,-78,-73,-61,-81,-74,-78,-83,-60,-100
1763544980191,-73,-86,-78,-73,-61,-81,-74,-78,-83,-60,-100
1763544980217,-73,-86,-78,-73,-61,-81,-74,-78,-83,-60,-100
1763544980244,-73,-86,-78,-73,-61,-81,-74,-78,-83,-60,-100
1763544980269,-72,-100,-77,-72,-59,-78,-74,-76,-100,-61,-100
1763544980295,-72,-100,-77,-72,-59,-78,-74,-76,-100,-61,-100
1763544980320,-72,-100,-77,-72,-59,-78,-74,-76,-100,-61,-100
1763544980345,-72,-100,-77,-72,-59,-78,-74,-76,-100,-61,-100
1763544980370,-72,-100,-77,-72,-59,-78,-74,-76,-100,-61,-100
1763544980396,-72,-100,-77,-72,-59,-78,-74,-76,-100,-61,-100
1763544980422,-72,-100,-77,-72,-59,-78,-74,-76,-100,-61,-100
1763544980448,-72,-100,-77,-72,-59,-78,-74,-76,-100,-61,-100
1763544980473,-72,-100,-77,-72,-59,-78,-74,-76,-100,-61,-100
1763544980498,-72,-100,-77,-72,-59,-78,-74,-76,-100,-61,-100
1763544980524,-72,-100,-77,-72,-59,-78,-74,-76,-100,-61,-100
1763544980549,-72,-100,-77,-72,-59,-78,-74,-76,-100,-61,-100
1763544980574,-72,-100,-77,-72,-59,-78,-74,-76,-100,-61,-100
1763544980599,-72,-100,-77,-72,-59,-78,-74,-76,-100,-61,-100
1763544980625,-72,-100,-77,-72,-59,-78,-74,-76,-100,-61,-100
1763544980650,-72,-100,-77,-72,-59,-78,-74,-76,-100,-61,-100
1763544980675,-72,-100,-77,-72,-59,-78,-74,-76,-100,-61,-100
1763544980700,-72,-100,-77,-72,-59,-78,-74,-76,-100,-61,-100
1763544980725,-72,-100,-77,-72,-59,-78,-74,-76,-100,-61,-100
1763544980751,-72,-100,-77,-72,-59,-78,-74,-76,-100,-61,-100
1763544980775,-72,-100,-74,-71,-60,-78,-74,-76,-85,-64,-100
1763544980800,-72,-100,-74,-71,-60,-78,-74,-76,-85,-64,-100
1763544980826,-72,-100,-74,-71,-60,-78,-74,-76,-85,-64,-100
1763544980851,-72,-100,-74,-71,-60,-78,-74,-76,-85,-64,-100
1763544980876,-72,-100,-74,-71,-60,-78,-74,-76,-85,-64,-100
1763544980901,-72,-100,-74,-71,-60,-78,-74,-76,-85,-64,-100
1763544980927,-72,-100,-74,-71,-60,-78,-74,-76,-85,-64,-100
1763544980953,-72,-100,-74,-71,-60,-78,-74,-76,-85,-64,-100
1763544980977,-72,-100,-74,-71,-60,-78,-74,-76,-85,-64,-100
1763544981002,-72,-100,-74,-71,-60,-78,-74,-76,-85,-64,-100
1763544981027,-72,-100,-74,-71,-60,-78,-74,-76,-85,-64,-100
1763544981052,-72,-100,-74,-71,-60,-78,-74,-76,-85,-64,-100
1763544981077,-72,-100,-74,-71,-60,-78,-74,-76,-85,-64,-100
1763544981103,-72,-100,-74,-71,-60,-78,-74,-76,-85,-64,-100
1763544981128,-72,-100,-74,-71,-60,-78,-74,-76,-85,-64,-100
1763544981153,-72,-100,-74,-71,-60,-78,-74,-76,-85,-64,-100
1763544981179,-72,-100,-74,-71,-60,-78,-74,-76,-85,-64,-100
1763544981204,-72,-100,-74,-71,-60,-78,-74,-76,-85,-64,-100
1763544981229,-72,-100,-74,-71,-60,-78,-74,-76,-85,-64,-100
1763544981254,-72,-100,-75,-72,-62,-81,-75,-76,-85,-62,-100
1763544981280,-72,-100,-75,-72,-62,-81,-75,-76,-85,-62,-100
1763544981304,-72,-100,-75,-72,-62,-81,-75,-76,-85,-62,-100
1763544981329,-72,-100,-75,-72,-62,-81,-75,-76,-85,-62,-100
1763544981354,-72,-100,-75,-72,-62,-81,-75,-76,-85,-62,-100
1763544981381,-72,-100,-75,-72,-62,-81,-75,-76,-85,-62,-100
1763544981406,-72,-100,-75,-72,-62,-81,-75,-76,-85,-62,-100
1763544981431,-72,-100,-75,-72,-62,-81,-75,-76,-85,-62,-100
1763544981456,-72,-100,-75,-72,-62,-81,-75,-76,-85,-62,-100
1763544981481,-72,-100,-75,-72,-62,-81,-75,-76,-85,-62,-100
1763544981507,-72,-100,-75,-72,-62,-81,-75,-76,-85,-62,-100
1763544981533,-72,-100,-75,-72,-62,-81,-75,-76,-85,-62,-100
1763544981558,-72,-100,-75,-72,-62,-81,-75,-76,-85,-62,-100
1763544981583,-72,-100,-75,-72,-62,-81,-75,-76,-85,-62,-100
1763544981609,-72,-100,-75,-72,-62,-81,-75,-76,-85,-62,-100
1763544981634,-72,-100,-75,-72,-62,-81,-75,-76,-85,-62,-100
1763544981659,-72,-100,-75,-72,-62,-81,-75,-76,-85,-62,-100
1763544981684,-72,-100,-75,-72,-62,-81,-75,-76,-85,-62,-100
1763544981709,-72,-100,-75,-72,-62,-81,-75,-76,-85,-62,-100
1763544981735,-72,-100,-75,-72,-62,-81,-75,-76,-85,-62,-100
1763544981761,-70,-100,-76,-72,-61,-81,-74,-78,-85,-61,-100
1763544981786,-70,-100,-76,-72,-61,-81,-74,-78,-85,-61,-100
1763544981811,-70,-100,-76,-72,-61,-81,-74,-78,-85,-61,-100
1763544981836,-70,-100,-76,-72,-61,-81,-74,-78,-85,-61,-100
1763544981863,-70,-100,-76,-72,-61,-81,-74,-78,-85,-61,-100
1763544981888,-70,-100,-76,-72,-61,-81,-74,-78,-85,-61,-100
1763544981913,-70,-100,-76,-72,-61,-81,-74,-78,-85,-61,-100
1763544981939,-70,-100,-76,-72,-61,-81,-74,-78,-85,-61,-100
1763544981964,-70,-100,-76,-72,-61,-81,-74,-78,-85,-61,-100
1763544981989,-70,-100,-76,-72,-61,-81,-74,-78,-85,-61,-100
1763544982014,-70,-100,-76,-72,-61,-81,-74,-78,-85,-61,-100
1763544982040,-70,-100,-76,-72,-61,-81,-74,-78,-85,-61,-100
1763544982065,-70,-100,-76,-72,-61,-81,-74,-78,-85,-61,-100
1763544982090,-70,-100,-76,-72,-61,-81,-74,-78,-85,-61,-100
1763544982115,-70,-100,-76,-72,-61,-81,-74,-78,-85,-61,-100
1763544982140,-70,-100,-76,-72,-61,-81,-74,-78,-85,-61,-100
1763544982165,-70,-100,-76,-72,-61,-81,-74,-78,-85,-61,-100
1763544982190,-70,-100,-76,-72,-61,-81,-74,-78,-85,-61,-100
1763544982216,-70,-100,-76,-72,-61,-81,-74,-78,-85,-61,-100
1763544982242,-70,-100,-76,-72,-61,-81,-74,-78,-85,-61,-100
1763544982266,-71,-100,-74,-71,-63,-82,-76,-79,-80,-59,-100
1763544982291,-71,-100,-74,-71,-63,-82,-76,-79,-80,-59,-100
1763544982317,-71,-100,-74,-71,-63,-82,-76,-79,-80,-59,-100
1763544982342,-71,-100,-74,-71,-63,-82,-76,-79,-80,-59,-100
1763544982367,-71,-100,-74,-71,-63,-82,-76,-79,-80,-59,-100
1763544982395,-71,-100,-74,-71,-63,-82,-76,-79,-80,-59,-100
1763544982420,-71,-100,-74,-71,-63,-82,-76,-79,-80,-59,-100
1763544982445,-71,-100,-74,-71,-63,-82,-76,-79,-80,-59,-100
1763544982471,-71,-100,-74,-71,-63,-82,-76,-79,-80,-59,-100
1763544982496,-71,-100,-74,-71,-63,-82,-76,-79,-80,-59,-100
1763544982521,-71,-100,-74,-71,-63,-82,-76,-79,-80,-59,-100
1763544982546,-71,-100,-74,-71,-63,-82,-76,-79,-80,-59,-100
1763544982572,-71,-100,-74,-71,-63,-82,-76,-79,-80,-59,-100
1763544982597,-71,-100,-74,-71,-63,-82,-76,-79,-80,-59,-100
1763544982622,-71,-100,-74,-71,-63,-82,-76,-79,-80,-59,-100
1763544982648,-71,-100,-74,-71,-63,-82,-76,-79,-80,-59,-100
1763544982673,-71,-100,-74,-71,-63,-82,-76,-79,-80,-59,-100
1763544982698,-71,-100,-74,-71,-63,-82,-76,-79,-80,-59,-100
1763544982723,-71,-100,-74,-71,-63,-82,-76,-79,-80,-59,-100
1763544982749,-71,-100,-74,-71,-63,-82,-76,-79,-80,-59,-100
1763544982775,-69,-100,-72,-70,-67,-80,-78,-78,-80,-61,-100
1763544982800,-69,-100,-72,-70,-67,-80,-78,-78,-80,-61,-100
1763544982825,-69,-100,-72,-70,-67,-80,-78,-78,-80,-61,-100
1763544982851,-69,-100,-72,-70,-67,-80,-78,-78,-80,-61,-100
1763544982876,-69,-100,-72,-70,-67,-80,-78,-78,-80,-61,-100
1763544982901,-69,-100,-72,-70,-67,-80,-78,-78,-80,-61,-100
1763544982926,-69,-100,-72,-70,-67,-80,-78,-78,-80,-61,-100
1763544982951,-69,-100,-72,-70,-67,-80,-78,-78,-80,-61,-100
1763544982976,-69,-100,-72,-70,-67,-80,-78,-78,-80,-61,-100
1763544983001,-69,-100,-72,-70,-67,-80,-78,-78,-80,-61,-100
1763544983026,-69,-100,-72,-70,-67,-80,-78,-78,-80,-61,-100
1763544983051,-69,-100,-72,-70,-67,-80,-78,-78,-80,-61,-100
1763544983076,-69,-100,-72,-70,-67,-80,-78,-78,-80,-61,-100
1763544983101,-69,-100,-72,-70,-67,-80,-78,-78,-80,-61,-100
1763544983126,-69,-100,-72,-70,-67,-80,-78,-78,-80,-61,-100
1763544983151,-69,-100,-72,-70,-67,-80,-78,-78,-80,-61,-100
1763544983178,-69,-100,-72,-70,-67,-80,-78,-78,-80,-61,-100
1763544983203,-69,-100,-72,-70,-67,-80,-78,-78,-80,-61,-100
1763544983228,-69,-100,-72,-70,-67,-80,-78,-78,-80,-61,-100
1763544983253,-69,-100,-72,-70,-67,-80,-78,-78,-80,-61,-100
1763544983278,-65,-100,-71,-70,-69,-79,-75,-78,-80,-61,-100
1763544983303,-65,-100,-71,-70,-69,-79,-75,-78,-80,-61,-100
1763544983328,-65,-100,-71,-70,-69,-79,-75,-78,-80,-61,-100
1763544983353,-65,-100,-71,-70,-69,-79,-75,-78,-80,-61,-100
1763544983378,-65,-100,-71,-70,-69,-79,-75,-78,-80,-61,-100
1763544983403,-65,-100,-71,-70,-69,-79,-75,-78,-80,-61,-100
1763544983429,-65,-100,-71,-70,-69,-79,-75,-78,-80,-61,-100
1763544983455,-65,-100,-71,-70,-69,-79,-75,-78,-80,-61,-100
1763544983481,-65,-100,-71,-70,-69,-79,-75,-78,-80,-61,-100
1763544983506,-65,-100,-71,-70,-69,-79,-75,-78,-80,-61,-100
1763544983531,-65,-100,-71,-70,-69,-79,-75,-78,-80,-61,-100
1763544983556,-65,-100,-71,-70,-69,-79,-75,-78,-80,-61,-100
1763544983581,-65,-100,-71,-70,-69,-79,-75,-78,-80,-61,-100
1763544983606,-65,-100,-71,-70,-69,-79,-75,-78,-80,-61,-100
1763544983632,-65,-100,-71,-70,-69,-79,-75,-78,-80,-61,-100
1763544983658,-65,-100,-71,-70,-69,-79,-75,-78,-80,-61,-100
1763544983683,-65,-100,-71,-70,-69,-79,-75,-78,-80,-61,-100
1763544983709,-65,-100,-71,-70,-69,-79,-75,-78,-80,-61,-100
1763544983734,-65,-100,-71,-70,-69,-79,-75,-78,-80,-61,-100
1763544983759,-62,-100,-71,-74,-71,-80,-73,-80,-100,-63,-100
1763544983785,-62,-100,-71,-74,-71,-80,-73,-80,-100,-63,-100
1763544983810,-62,-100,-71,-74,-71,-80,-73,-80,-100,-63,-100
1763544983835,-62,-100,-71,-74,-71,-80,-73,-80,-100,-63,-100
1763544983861,-62,-100,-71,-74,-71,-80,-73,-80,-100,-63,-100
1763544983887,-62,-100,-71,-74,-71,-80,-73,-80,-100,-63,-100
1763544983912,-62,-100,-71,-74,-71,-80,-73,-80,-100,-63,-100
1763544983939,-62,-100,-71,-74,-71,-80,-73,-80,-100,-63,-100
1763544983964,-62,-100,-71,-74,-71,-80,-73,-80,-100,-63,-100
1763544983989,-62,-100,-71,-74,-71,-80,-73,-80,-100,-63,-100
1763544984014,-62,-100,-71,-74,-71,-80,-73,-80,-100,-63,-100
1763544984040,-62,-100,-71,-74,-71,-80,-73,-80,-100,-63,-100
1763544984064,-62,-100,-71,-74,-71,-80,-73,-80,-100,-63,-100
1763544984089,-62,-100,-71,-74,-71,-80,-73,-80,-100,-63,-100
1763544984115,-62,-100,-71,-74,-71,-80,-73,-80,-100,-63,-100
1763544984140,-62,-100,-71,-74,-71,-80,-73,-80,-100,-63,-100
1763544984165,-62,-100,-71,-74,-71,-80,-73,-80,-100,-63,-100
1763544984190,-62,-100,-71,-74,-71,-80,-73,-80,-100,-63,-100
1763544984215,-62,-100,-71,-74,-71,-80,-73,-80,-100,-63,-100
1763544984240,-62,-100,-71,-74,-71,-80,-73,-80,-100,-63,-100
1763544984265,-63,-100,-71,-76,-73,-81,-75,-80,-100,-64,-82
1763544984290,-63,-100,-71,-76,-73,-81,-75,-80,-100,-64,-82
1763544984315,-63,-100,-71,-76,-73,-81,-75,-80,-100,-64,-82
1763544984340,-63,-100,-71,-76,-73,-81,-75,-80,-100,-64,-82
1763544984365,-63,-100,-71,-76,-73,-81,-75,-80,-100,-64,-82
1763544984390,-63,-100,-71,-76,-73,-81,-75,-80,-100,-64,-82
1763544984415,-63,-100,-71,-76,-73,-81,-75,-80,-100,-64,-82
1763544984440,-63,-100,-71,-76,-73,-81,-75,-80,-100,-64,-82
1763544984465,-63,-100,-71,-76,-73,-81,-75,-80,-100,-64,-82
1763544984491,-63,-100,-71,-76,-73,-81,-75,-80,-100,-64,-82
1763544984517,-63,-100,-71,-76,-73,-81,-75,-80,-100,-64,-82
1763544984543,-63,-100,-71,-76,-73,-81,-75,-80,-100,-64,-82
1763544984567,-63,-100,-71,-76,-73,-81,-75,-80,-100,-64,-82
1763544984593,-63,-100,-71,-76,-73,-81,-75,-80,-100,-64,-82
1763544984619,-63,-100,-71,-76,-73,-81,-75,-80,-100,-64,-82
1763544984643,-63,-100,-71,-76,-73,-81,-75,-80,-100,-64,-82
1763544984668,-63,-100,-71,-76,-73,-81,-75,-80,-100,-64,-82
1763544984693,-63,-100,-71,-76,-73,-81,-75,-80,-100,-64,-82
1763544984718,-63,-100,-71,-76,-73,-81,-75,-80,-100,-64,-82
1763544984743,-63,-100,-71,-76,-73,-81,-75,-80,-100,-64,-82
1763544984768,-62,-100,-70,-77,-75,-82,-78,-81,-100,-63,-82
1763544984794,-62,-100,-70,-77,-75,-82,-78,-81,-100,-63,-82
1763544984819,-62,-100,-70,-77,-75,-82,-78,-81,-100,-63,-82
1763544984845,-62,-100,-70,-77,-75,-82,-78,-81,-100,-63,-82
1763544984870,-62,-100,-70,-77,-75,-82,-78,-81,-100,-63,-82
1763544984895,-62,-100,-70,-77,-75,-82,-78,-81,-100,-63,-82
1763544984921,-62,-100,-70,-77,-75,-82,-78,-81,-100,-63,-82
1763544984946,-62,-100,-70,-77,-75,-82,-78,-81,-100,-63,-82
1763544984972,-62,-100,-70,-77,-75,-82,-78,-81,-100,-63,-82
1763544984997,-62,-100,-70,-77,-75,-82,-78,-81,-100,-63,-82
1763544985023,-62,-100,-70,-77,-75,-82,-78,-81,-100,-63,-82
1763544985049,-62,-100,-70,-77,-75,-82,-78,-81,-100,-63,-82
1763544985074,-62,-100,-70,-77,-75,-82,-78,-81,-100,-63,-82
1763544985100,-62,-100,-70,-77,-75,-82,-78,-81,-100,-63,-82
1763544985125,-62,-100,-70,-77,-75,-82,-78,-81,-100,-63,-82
1763544985151,-62,-100,-70,-77,-75,-82,-78,-81,-100,-63,-82
1763544985176,-62,-100,-70,-77,-75,-82,-78,-81,-100,-63,-82
1763544985201,-62,-100,-70,-77,-75,-82,-78,-81,-100,-63,-82
1763544985226,-62,-100,-70,-77,-75,-82,-78,-81,-100,-63,-82
1763544985251,-62,-100,-70,-77,-75,-82,-78,-81,-100,-63,-82
1763544985278,-62,-100,-70,-79,-72,-83,-75,-80,-100,-61,-81
1763544985303,-62,-100,-70,-79,-72,-83,-75,-80,-100,-61,-81
1763544985328,-62,-100,-70,-79,-72,-83,-75,-80,-100,-61,-81
1763544985353,-62,-100,-70,-79,-72,-83,-75,-80,-100,-61,-81
1763544985378,-62,-100,-70,-79,-72,-83,-75,-80,-100,-61,-81
1763544985403,-62,-100,-70,-79,-72,-83,-75,-80,-100,-61,-81
1763544985428,-62,-100,-70,-79,-72,-83,-75,-80,-100,-61,-81
1763544985453,-62,-100,-70,-79,-72,-83,-75,-80,-100,-61,-81
1763544985479,-62,-100,-70,-79,-72,-83,-75,-80,-100,-61,-81
1763544985504,-62,-100,-70,-79,-72,-83,-75,-80,-100,-61,-81
1763544985529,-62,-100,-70,-79,-72,-83,-75,-80,-100,-61,-81
1763544985554,-62,-100,-70,-79,-72,-83,-75,-80,-100,-61,-81
1763544985579,-62,-100,-70,-79,-72,-83,-75,-80,-100,-61,-81
1763544985604,-62,-100,-70,-79,-72,-83,-75,-80,-100,-61,-81
1763544985629,-62,-100,-70,-79,-72,-83,-75,-80,-100,-61,-81
1763544985654,-62,-100,-70,-79,-72,-83,-75,-80,-100,-61,-81
1763544985680,-62,-100,-70,-79,-72,-83,-75,-80,-100,-61,-81
1763544985706,-62,-100,-70,-79,-72,-83,-75,-80,-100,-61,-81
1763544985731,-62,-100,-70,-79,-72,-83,-75,-80,-100,-61,-81
1763544985756,-62,-100,-70,-79,-72,-83,-75,-80,-100,-61,-81
1763544985782,-63,-100,-70,-81,-71,-83,-72,-80,-100,-60,-81
1763544985807,-63,-100,-70,-81,-71,-83,-72,-80,-100,-60,-81
1763544985832,-63,-100,-70,-81,-71,-83,-72,-80,-100,-60,-81
1763544985858,-63,-100,-70,-81,-71,-83,-72,-80,-100,-60,-81
1763544985883,-63,-100,-70,-81,-71,-83,-72,-80,-100,-60,-81
1763544985908,-63,-100,-70,-81,-71,-83,-72,-80,-100,-60,-81
1763544985933,-63,-100,-70,-81,-71,-83,-72,-80,-100,-60,-81
1763544985959,-63,-100,-70,-81,-71,-83,-72,-80,-100,-60,-81
1763544985984,-63,-100,-70,-81,-71,-83,-72,-80,-100,-60,-81
1763544986009,-63,-100,-70,-81,-71,-83,-72,-80,-100,-60,-81
1763544986034,-63,-100,-70,-81,-71,-83,-72,-80,-100,-60,-81
1763544986059,-63,-100,-70,-81,-71,-83,-72,-80,-100,-60,-81
1763544986084,-63,-100,-70,-81,-71,-83,-72,-80,-100,-60,-81
1763544986109,-63,-100,-70,-81,-71,-83,-72,-80,-100,-60,-81
1763544986134,-63,-100,-70,-81,-71,-83,-72,-80,-100,-60,-81
1763544986159,-63,-100,-70,-81,-71,-83,-72,-80,-100,-60,-81
1763544986184,-63,-100,-70,-81,-71,-83,-72,-80,-100,-60,-81
1763544986209,-63,-100,-70,-81,-71,-83,-72,-80,-100,-60,-81
1763544986235,-63,-100,-70,-81,-71,-83,-72,-80,-100,-60,-81
1763544986260,-63,-100,-68,-81,-71,-100,-71,-80,-100,-59,-82
1763544986285,-63,-100,-68,-81,-71,-100,-71,-80,-100,-59,-82
1763544986311,-63,-100,-68,-81,-71,-100,-71,-80,-100,-59,-82
1763544986336,-63,-100,-68,-81,-71,-100,-71,-80,-100,-59,-82
1763544986362,-63,-100,-68,-81,-71,-100,-71,-80,-100,-59,-82
1763544986386,-63,-100,-68,-81,-71,-100,-71,-80,-100,-59,-82
1763544986411,-63,-100,-68,-81,-71,-100,-71,-80,-100,-59,-82
1763544986436,-63,-100,-68,-81,-71,-100,-71,-80,-100,-59,-82
1763544986461,-63,-100,-68,-81,-71,-100,-71,-80,-100,-59,-82
1763544986486,-63,-100,-68,-81,-71,-100,-71,-80,-100,-59,-82
1763544986511,-63,-100,-68,-81,-71,-100,-71,-80,-100,-59,-82
1763544986536,-63,-100,-68,-81,-71,-100,-71,-80,-100,-59,-82
1763544986561,-63,-100,-68,-81,-71,-100,-71,-80,-100,-59,-82
1763544986586,-63,-100,-68,-81,-71,-100,-71,-80,-100,-59,-82
1763544986615,-63,-100,-68,-81,-71,-100,-71,-80,-100,-59,-82
1763544986640,-63,-100,-68,-81,-71,-100,-71,-80,-100,-59,-82
1763544986665,-63,-100,-68,-81,-71,-100,-71,-80,-100,-59,-82
1763544986690,-63,-100,-68,-81,-71,-100,-71,-80,-100,-59,-82
1763544986715,-63,-100,-68,-81,-71,-100,-71,-80,-100,-59,-82
1763544986743,-63,-100,-68,-81,-71,-100,-71,-80,-100,-59,-82
1763544986768,-64,-100,-68,-79,-73,-100,-69,-82,-100,-54,-80
1763544986794,-64,-100,-68,-79,-73,-100,-69,-82,-100,-54,-80
1763544986819,-64,-100,-68,-79,-73,-100,-69,-82,-100,-54,-80
1763544986844,-64,-100,-68,-79,-73,-100,-69,-82,-100,-54,-80
1763544986870,-64,-100,-68,-79,-73,-100,-69,-82,-100,-54,-80
1763544986895,-64,-100,-68,-79,-73,-100,-69,-82,-100,-54,-80
1763544986920,-64,-100,-68,-79,-73,-100,-69,-82,-100,-54,-80
1763544986946,-64,-100,-68,-79,-73,-100,-69,-82,-100,-54,-80
1763544986970,-64,-100,-68,-79,-73,-100,-69,-82,-100,-54,-80
1763544986995,-64,-100,-68,-79,-73,-100,-69,-82,-100,-54,-80
1763544987020,-64,-100,-68,-79,-73,-100,-69,-82,-100,-54,-80
1763544987045,-64,-100,-68,-79,-73,-100,-69,-82,-100,-54,-80
1763544987071,-64,-100,-68,-79,-73,-100,-69,-82,-100,-54,-80
1763544987097,-64,-100,-68,-79,-73,-100,-69,-82,-100,-54,-80
1763544987122,-64,-100,-68,-79,-73,-100,-69,-82,-100,-54,-80
1763544987148,-64,-100,-68,-79,-73,-100,-69,-82,-100,-54,-80
1763544987172,-64,-100,-68,-79,-73,-100,-69,-82,-100,-54,-80
1763544987197,-64,-100,-68,-79,-73,-100,-69,-82,-100,-54,-80
1763544987223,-64,-100,-68,-79,-73,-100,-69,-82,-100,-54,-80
1763544987249,-64,-100,-68,-79,-73,-100,-69,-82,-100,-54,-80
1763544987274,-65,-100,-67,-80,-73,-100,-68,-80,-100,-54,-79
1763544987299,-65,-100,-67,-80,-73,-100,-68,-80,-100,-54,-79
1763544987324,-65,-100,-67,-80,-73,-100,-68,-80,-100,-54,-79
1763544987349,-65,-100,-67,-80,-73,-100,-68,-80,-100,-54,-79
1763544987375,-65,-100,-67,-80,-73,-100,-68,-80,-100,-54,-79
1763544987401,-65,-100,-67,-80,-73,-100,-68,-80,-100,-54,-79
1763544987426,-65,-100,-67,-80,-73,-100,-68,-80,-100,-54,-79
1763544987451,-65,-100,-67,-80,-73,-100,-68,-80,-100,-54,-79
1763544987476,-65,-100,-67,-80,-73,-100,-68,-80,-100,-54,-79
1763544987502,-65,-100,-67,-80,-73,-100,-68,-80,-100,-54,-79
1763544987527,-65,-100,-67,-80,-73,-100,-68,-80,-100,-54,-79
1763544987553,-65,-100,-67,-80,-73,-100,-68,-80,-100,-54,-79
1763544987577,-65,-100,-67,-80,-73,-100,-68,-80,-100,-54,-79
1763544987602,-65,-100,-67,-80,-73,-100,-68,-80,-100,-54,-79
1763544987627,-65,-100,-67,-80,-73,-100,-68,-80,-100,-54,-79
1763544987652,-65,-100,-67,-80,-73,-100,-68,-80,-100,-54,-79
1763544987677,-65,-100,-67,-80,-73,-100,-68,-80,-100,-54,-79
1763544987702,-65,-100,-67,-80,-73,-100,-68,-80,-100,-54,-79
1763544987727,-65,-100,-67,-80,-73,-100,-68,-80,-100,-54,-79
1763544987752,-65,-100,-67,-80,-73,-100,-68,-80,-100,-54,-79
1763544987777,-67,-100,-67,-85,-72,-100,-68,-100,-100,-54,-79
1763544987803,-67,-100,-67,-85,-72,-100,-68,-100,-100,-54,-79
1763544987828,-67,-100,-67,-85,-72,-100,-68,-100,-100,-54,-79
1763544987854,-67,-100,-67,-85,-72,-100,-68,-100,-100,-54,-79
1763544987880,-67,-100,-67,-85,-72,-100,-68,-100,-100,-54,-79
1763544987905,-67,-100,-67,-85,-72,-100,-68,-100,-100,-54,-79
1763544987930,-67,-100,-67,-85,-72,-100,-68,-100,-100,-54,-79
1763544987955,-67,-100,-67,-85,-72,-100,-68,-100,-100,-54,-79
1763544987981,-67,-100,-67,-85,-72,-100,-68,-100,-100,-54,-79
1763544988006,-67,-100,-67,-85,-72,-100,-68,-100,-100,-54,-79
1763544988031,-67,-100,-67,-85,-72,-100,-68,-100,-100,-54,-79
1763544988056,-67,-100,-67,-85,-72,-100,-68,-100,-100,-54,-79
1763544988081,-67,-100,-67,-85,-72,-100,-68,-100,-100,-54,-79
1763544988106,-67,-100,-67,-85,-72,-100,-68,-100,-100,-54,-79
1763544988131,-67,-100,-67,-85,-72,-100,-68,-100,-100,-54,-79
1763544988156,-67,-100,-67,-85,-72,-100,-68,-100,-100,-54,-79
1763544988181,-67,-100,-67,-85,-72,-100,-68,-100,-100,-54,-79
1763544988206,-67,-100,-67,-85,-72,-100,-68,-100,-100,-54,-79
1763544988231,-67,-100,-67,-85,-72,-100,-68,-100,-100,-54,-79
1763544988256,-67,-100,-67,-85,-72,-100,-68,-100,-100,-54,-79
1763544988282,-68,-100,-69,-85,-73,-100,-68,-100,-100,-52,-79
1763544988307,-68,-100,-69,-85,-73,-100,-68,-100,-100,-52,-79
1763544988332,-68,-100,-69,-85,-73,-100,-68,-100,-100,-52,-79
1763544988357,-68,-100,-69,-85,-73,-100,-68,-100,-100,-52,-79
1763544988382,-68,-100,-69,-85,-73,-100,-68,-100,-100,-52,-79
1763544988407,-68,-100,-69,-85,-73,-100,-68,-100,-100,-52,-79
1763544988432,-68,-100,-69,-85,-73,-100,-68,-100,-100,-52,-79
1763544988458,-68,-100,-69,-85,-73,-100,-68,-100,-100,-52,-79
1763544988483,-68,-100,-69,-85,-73,-100,-68,-100,-100,-52,-79
1763544988508,-68,-100,-69,-85,-73,-100,-68,-100,-100,-52,-79
1763544988533,-68,-100,-69,-85,-73,-100,-68,-100,-100,-52,-79
1763544988558,-68,-100,-69,-85,-73,-100,-68,-100,-100,-52,-79
1763544988583,-68,-100,-69,-85,-73,-100,-68,-100,-100,-52,-79
1763544988608,-68,-100,-69,-85,-73,-100,-68,-100,-100,-52,-79
1763544988634,-68,-100,-69,-85,-73,-100,-68,-100,-100,-52,-79
1763544988660,-68,-100,-69,-85,-73,-100,-68,-100,-100,-52,-79
1763544988686,-68,-100,-69,-85,-73,-100,-68,-100,-100,-52,-79
1763544988711,-68,-100,-69,-85,-73,-100,-68,-100,-100,-52,-79
1763544988736,-68,-100,-69,-85,-73,-100,-68,-100,-100,-52,-79
1763544988761,-70,-100,-66,-79,-71,-79,-69,-100,-100,-54,-78
1763544988786,-70,-100,-66,-79,-71,-79,-69,-100,-100,-54,-78
1763544988812,-70,-100,-66,-79,-71,-79,-69,-100,-100,-54,-78
1763544988837,-70,-100,-66,-79,-71,-79,-69,-100,-100,-54,-78
1763544988862,-70,-100,-66,-79,-71,-79,-69,-100,-100,-54,-78
1763544988887,-70,-100,-66,-79,-71,-79,-69,-100,-100,-54,-78
1763544988912,-70,-100,-66,-79,-71,-79,-69,-100,-100,-54,-78
1763544988937,-70,-100,-66,-79,-71,-79,-69,-100,-100,-54,-78
1763544988963,-70,-100,-66,-79,-71,-79,-69,-100,-100,-54,-78
1763544988988,-70,-100,-66,-79,-71,-79,-69,-100,-100,-54,-78
1763544989014,-70,-100,-66,-79,-71,-79,-69,-100,-100,-54,-78
1763544989039,-70,-100,-66,-79,-71,-79,-69,-100,-100,-54,-78
1763544989064,-70,-100,-66,-79,-71,-79,-69,-100,-100,-54,-78
1763544989089,-70,-100,-66,-79,-71,-79,-69,-100,-100,-54,-78
1763544989114,-70,-100,-66,-79,-71,-79,-69,-100,-100,-54,-78
1763544989139,-70,-100,-66,-79,-71,-79,-69,-100,-100,-54,-78
1763544989166,-70,-100,-66,-79,-71,-79,-69,-100,-100,-54,-78
1763544989191,-70,-100,-66,-79,-71,-79,-69,-100,-100,-54,-78
1763544989216,-70,-100,-66,-79,-71,-79,-69,-100,-100,-54,-78
1763544989242,-70,-100,-66,-79,-71,-79,-69,-100,-100,-54,-78
1763544989267,-70,-100,-65,-79,-71,-79,-66,-100,-100,-59,-78
1763544989292,-70,-100,-65,-79,-71,-79,-66,-100,-100,-59,-78
1763544989317,-70,-100,-65,-79,-71,-79,-66,-100,-100,-59,-78
1763544989343,-70,-100,-65,-79,-71,-79,-66,-100,-100,-59,-78
1763544989369,-70,-100,-65,-79,-71,-79,-66,-100,-100,-59,-78
1763544989394,-70,-100,-65,-79,-71,-79,-66,-100,-100,-59,-78
1763544989419,-70,-100,-65,-79,-71,-79,-66,-100,-100,-59,-78
1763544989444,-70,-100,-65,-79,-71,-79,-66,-100,-100,-59,-78
1763544989469,-70,-100,-65,-79,-71,-79,-66,-100,-100,-59,-78
1763544989495,-70,-100,-65,-79,-71,-79,-66,-100,-100,-59,-78
1763544989520,-70,-100,-65,-79,-71,-79,-66,-100,-100,-59,-78
1763544989546,-70,-100,-65,-79,-71,-79,-66,-100,-100,-59,-78
1763544989571,-70,-100,-65,-79,-71,-79,-66,-100,-100,-59,-78
1763544989596,-70,-100,-65,-79,-71,-79,-66,-100,-100,-59,-78
1763544989621,-70,-100,-65,-79,-71,-79,-66,-100,-100,-59,-78
1763544989646,-70,-100,-65,-79,-71,-79,-66,-100,-100,-59,-78
1763544989671,-70,-100,-65,-79,-71,-79,-66,-100,-100,-59,-78
1763544989696,-70,-100,-65,-79,-71,-79,-66,-100,-100,-59,-78
1763544989721,-70,-100,-65,-79,-71,-79,-66,-100,-100,-59,-78
1763544989746,-70,-100,-65,-79,-71,-79,-66,-100,-100,-59,-78
1763544989771,-72,-100,-62,-100,-72,-100,-64,-80,-100,-66,-78
1763544989796,-72,-100,-62,-100,-72,-100,-64,-80,-100,-66,-78
1763544989821,-72,-100,-62,-100,-72,-100,-64,-80,-100,-66,-78
1763544989846,-72,-100,-62,-100,-72,-100,-64,-80,-100,-66,-78
1763544989871,-72,-100,-62,-100,-72,-100,-64,-80,-100,-66,-78
1763544989896,-72,-100,-62,-100,-72,-100,-64,-80,-100,-66,-78
1763544989921,-72,-100,-62,-100,-72,-100,-64,-80,-100,-66,-78
1763544989947,-72,-100,-62,-100,-72,-100,-64,-80,-100,-66,-78
1763544989971,-72,-100,-62,-100,-72,-100,-64,-80,-100,-66,-78
1763544989996,-72,-100,-62,-100,-72,-100,-64,-80,-100,-66,-78
1763544990021,-72,-100,-62,-100,-72,-100,-64,-80,-100,-66,-78
1763544990047,-72,-100,-62,-100,-72,-100,-64,-80,-100,-66,-78
1763544990072,-72,-100,-62,-100,-72,-100,-64,-80,-100,-66,-78
1763544990097,-72,-100,-62,-100,-72,-100,-64,-80,-100,-66,-78
1763544990122,-72,-100,-62,-100,-72,-100,-64,-80,-100,-66,-78
1763544990148,-72,-100,-62,-100,-72,-100,-64,-80,-100,-66,-78
1763544990173,-72,-100,-62,-100,-72,-100,-64,-80,-100,-66,-78
1763544990198,-72,-100,-62,-100,-72,-100,-64,-80,-100,-66,-78
1763544990223,-72,-100,-62,-100,-72,-100,-64,-80,-100,-66,-78
1763544990248,-72,-100,-62,-100,-72,-100,-64,-80,-100,-66,-78
1763544990274,-74,-100,-64,-100,-71,-100,-63,-80,-100,-67,-77
1763544990299,-74,-100,-64,-100,-71,-100,-63,-80,-100,-67,-77
1763544990324,-74,-100,-64,-100,-71,-100,-63,-80,-100,-67,-77
1763544990349,-74,-100,-64,-100,-71,-100,-63,-80,-100,-67,-77
1763544990376,-74,-100,-64,-100,-71,-100,-63,-80,-100,-67,-77
1763544990402,-74,-100,-64,-100,-71,-100,-63,-80,-100,-67,-77
1763544990427,-74,-100,-64,-100,-71,-100,-63,-80,-100,-67,-77
1763544990452,-74,-100,-64,-100,-71,-100,-63,-80,-100,-67,-77
1763544990477,-74,-100,-64,-100,-71,-100,-63,-80,-100,-67,-77
1763544990502,-74,-100,-64,-100,-71,-100,-63,-80,-100,-67,-77
1763544990527,-74,-100,-64,-100,-71,-100,-63,-80,-100,-67,-77
1763544990552,-74,-100,-64,-100,-71,-100,-63,-80,-100,-67,-77
1763544990578,-74,-100,-64,-100,-71,-100,-63,-80,-100,-67,-77
1763544990602,-74,-100,-64,-100,-71,-100,-63,-80,-100,-67,-77
1763544990629,-74,-100,-64,-100,-71,-100,-63,-80,-100,-67,-77
1763544990655,-74,-100,-64,-100,-71,-100,-63,-80,-100,-67,-77
1763544990681,-74,-100,-64,-100,-71,-100,-63,-80,-100,-67,-77
1763544990706,-74,-100,-64,-100,-71,-100,-63,-80,-100,-67,-77
1763544990731,-74,-100,-64,-100,-71,-100,-63,-80,-100,-67,-77
1763544990756,-74,-100,-64,-100,-71,-100,-63,-80,-100,-67,-77
1763544990781,-74,-100,-65,-100,-70,-100,-60,-80,-100,-65,-77
1763544990806,-74,-100,-65,-100,-70,-100,-60,-80,-100,-65,-77
1763544990831,-74,-100,-65,-100,-70,-100,-60,-80,-100,-65,-77
1763544990856,-74,-100,-65,-100,-70,-100,-60,-80,-100,-65,-77
1763544990881,-74,-100,-65,-100,-70,-100,-60,-80,-100,-65,-77
1763544990906,-74,-100,-65,-100,-70,-100,-60,-80,-100,-65,-77
1763544990931,-74,-100,-65,-100,-70,-100,-60,-80,-100,-65,-77
1763544990956,-74,-100,-65,-100,-70,-100,-60,-80,-100,-65,-77
1763544990981,-74,-100,-65,-100,-70,-100,-60,-80,-100,-65,-77
1763544991006,-74,-100,-65,-100,-70,-100,-60,-80,-100,-65,-77
1763544991032,-74,-100,-65,-100,-70,-100,-60,-80,-100,-65,-77
1763544991057,-74,-100,-65,-100,-70,-100,-60,-80,-100,-65,-77
1763544991084,-74,-100,-65,-100,-70,-100,-60,-80,-100,-65,-77
1763544991109,-74,-100,-65,-100,-70,-100,-60,-80,-100,-65,-77
1763544991135,-74,-100,-65,-100,-70,-100,-60,-80,-100,-65,-77
1763544991161,-74,-100,-65,-100,-70,-100,-60,-80,-100,-65,-77
1763544991186,-74,-100,-65,-100,-70,-100,-60,-80,-100,-65,-77
1763544991211,-74,-100,-65,-100,-70,-100,-60,-80,-100,-65,-77
1763544991236,-74,-100,-65,-100,-70,-100,-60,-80,-100,-65,-77
1763544991261,-72,-100,-67,-100,-72,-100,-60,-80,-100,-62,-77
1763544991286,-72,-100,-67,-100,-72,-100,-60,-80,-100,-62,-77
1763544991311,-72,-100,-67,-100,-72,-100,-60,-80,-100,-62,-77
1763544991336,-72,-100,-67,-100,-72,-100,-60,-80,-100,-62,-77
1763544991362,-72,-100,-67,-100,-72,-100,-60,-80,-100,-62,-77
1763544991388,-72,-100,-67,-100,-72,-100,-60,-80,-100,-62,-77
1763544991414,-72,-100,-67,-100,-72,-100,-60,-80,-100,-62,-77
1763544991439,-72,-100,-67,-100,-72,-100,-60,-80,-100,-62,-77
1763544991464,-72,-100,-67,-100,-72,-100,-60,-80,-100,-62,-77
1763544991490,-72,-100,-67,-100,-72,-100,-60,-80,-100,-62,-77
1763544991516,-72,-100,-67,-100,-72,-100,-60,-80,-100,-62,-77
1763544991541,-72,-100,-67,-100,-72,-100,-60,-80,-100,-62,-77
1763544991566,-72,-100,-67,-100,-72,-100,-60,-80,-100,-62,-77
1763544991592,-72,-100,-67,-100,-72,-100,-60,-80,-100,-62,-77
1763544991618,-72,-100,-67,-100,-72,-100,-60,-80,-100,-62,-77
1763544991643,-72,-100,-67,-100,-72,-100,-60,-80,-100,-62,-77
1763544991668,-72,-100,-67,-100,-72,-100,-60,-80,-100,-62,-77
1763544991693,-72,-100,-67,-100,-72,-100,-60,-80,-100,-62,-77
1763544991718,-72,-100,-67,-100,-72,-100,-60,-80,-100,-62,-77
1763544991743,-72,-100,-67,-100,-72,-100,-60,-80,-100,-62,-77
1763544991768,-72,-100,-67,-100,-74,-100,-60,-100,-100,-64,-77
1763544991793,-72,-100,-67,-100,-74,-100,-60,-100,-100,-64,-77
1763544991818,-72,-100,-67,-100,-74,-100,-60,-100,-100,-64,-77
1763544991843,-72,-100,-67,-100,-74,-100,-60,-100,-100,-64,-77
1763544991868,-72,-100,-67,-100,-74,-100,-60,-100,-100,-64,-77
1763544991894,-72,-100,-67,-100,-74,-100,-60,-100,-100,-64,-77
1763544991919,-72,-100,-67,-100,-74,-100,-60,-100,-100,-64,-77
1763544991945,-72,-100,-67,-100,-74,-100,-60,-100,-100,-64,-77
1763544991971,-72,-100,-67,-100,-74,-100,-60,-100,-100,-64,-77
1763544991995,-72,-100,-67,-100,-74,-100,-60,-100,-100,-64,-77
1763544992021,-72,-100,-67,-100,-74,-100,-60,-100,-100,-64,-77
1763544992046,-72,-100,-67,-100,-74,-100,-60,-100,-100,-64,-77
1763544992071,-72,-100,-67,-100,-74,-100,-60,-100,-100,-64,-77
1763544992096,-72,-100,-67,-100,-74,-100,-60,-100,-100,-64,-77
1763544992121,-72,-100,-67,-100,-74,-100,-60,-100,-100,-64,-77
1763544992147,-72,-100,-67,-100,-74,-100,-60,-100,-100,-64,-77
1763544992172,-72,-100,-67,-100,-74,-100,-60,-100,-100,-64,-77
1763544992197,-72,-100,-67,-100,-74,-100,-60,-100,-100,-64,-77
1763544992222,-72,-100,-67,-100,-74,-100,-60,-100,-100,-64,-77
1763544992247,-72,-100,-67,-100,-74,-100,-60,-100,-100,-64,-77
1763544992272,-73,-100,-67,-100,-76,-100,-60,-100,-100,-70,-78
1763544992298,-73,-100,-67,-100,-76,-100,-60,-100,-100,-70,-78
1763544992323,-73,-100,-67,-100,-76,-100,-60,-100,-100,-70,-78
1763544992349,-73,-100,-67,-100,-76,-100,-60,-100,-100,-70,-78
1763544992374,-73,-100,-67,-100,-76,-100,-60,-100,-100,-70,-78
1763544992399,-73,-100,-67,-100,-76,-100,-60,-100,-100,-70,-78
1763544992425,-73,-100,-67,-100,-76,-100,-60,-100,-100,-70,-78
1763544992450,-73,-100,-67,-100,-76,-100,-60,-100,-100,-70,-78
1763544992475,-73,-100,-67,-100,-76,-100,-60,-100,-100,-70,-78
1763544992500,-73,-100,-67,-100,-76,-100,-60,-100,-100,-70,-78
1763544992525,-73,-100,-67,-100,-76,-100,-60,-100,-100,-70,-78
1763544992550,-73,-100,-67,-100,-76,-100,-60,-100,-100,-70,-78
1763544992575,-73,-100,-67,-100,-76,-100,-60,-100,-100,-70,-78
1763544992600,-73,-100,-67,-100,-76,-100,-60,-100,-100,-70,-78
1763544992625,-73,-100,-67,-100,-76,-100,-60,-100,-100,-70,-78
1763544992650,-73,-100,-67,-100,-76,-100,-60,-100,-100,-70,-78
1763544992675,-73,-100,-67,-100,-76,-100,-60,-100,-100,-70,-78
1763544992700,-73,-100,-67,-100,-76,-100,-60,-100,-100,-70,-78
1763544992725,-73,-100,-67,-100,-76,-100,-60,-100,-100,-70,-78
1763544992751,-73,-100,-67,-100,-76,-100,-60,-100,-100,-70,-78
1763544992776,-75,-100,-67,-100,-77,-100,-61,-100,-100,-71,-78
1763544992802,-75,-100,-67,-100,-77,-100,-61,-100,-100,-71,-78
1763544992828,-75,-100,-67,-100,-77,-100,-61,-100,-100,-71,-78
1763544992853,-75,-100,-67,-100,-77,-100,-61,-100,-100,-71,-78
1763544992878,-75,-100,-67,-100,-77,-100,-61,-100,-100,-71,-78
1763544992903,-75,-100,-67,-100,-77,-100,-61,-100,-100,-71,-78
1763544992928,-75,-100,-67,-100,-77,-100,-61,-100,-100,-71,-78
1763544992954,-75,-100,-67,-100,-77,-100,-61,-100,-100,-71,-78
1763544992979,-75,-100,-67,-100,-77,-100,-61,-100,-100,-71,-78
1763544993004,-75,-100,-67,-100,-77,-100,-61,-100,-100,-71,-78
1763544993030,-75,-100,-67,-100,-77,-100,-61,-100,-100,-71,-78
1763544993054,-75,-100,-67,-100,-77,-100,-61,-100,-100,-71,-78
1763544993079,-75,-100,-67,-100,-77,-100,-61,-100,-100,-71,-78
1763544993104,-75,-100,-67,-100,-77,-100,-61,-100,-100,-71,-78
1763544993129,-75,-100,-67,-100,-77,-100,-61,-100,-100,-71,-78
1763544993154,-75,-100,-67,-100,-77,-100,-61,-100,-100,-71,-78
1763544993179,-75,-100,-67,-100,-77,-100,-61,-100,-100,-71,-78
1763544993204,-75,-100,-67,-100,-77,-100,-61,-100,-100,-71,-78
1763544993229,-75,-100,-67,-100,-77,-100,-61,-100,-100,-71,-78
1763544993254,-75,-100,-67,-100,-77,-100,-61,-100,-100,-71,-78
1763544993279,-78,-100,-65,-100,-78,-100,-63,-100,-100,-72,-76
1763544993304,-78,-100,-65,-100,-78,-100,-63,-100,-100,-72,-76
1763544993330,-78,-100,-65,-100,-78,-100,-63,-100,-100,-72,-76
1763544993356,-78,-100,-65,-100,-78,-100,-63,-100,-100,-72,-76
1763544993381,-78,-100,-65,-100,-78,-100,-63,-100,-100,-72,-76
1763544993406,-78,-100,-65,-100,-78,-100,-63,-100,-100,-72,-76
1763544993431,-78,-100,-65,-100,-78,-100,-63,-100,-100,-72,-76
1763544993456,-78,-100,-65,-100,-78,-100,-63,-100,-100,-72,-76
1763544993481,-78,-100,-65,-100,-78,-100,-63,-100,-100,-72,-76
1763544993506,-78,-100,-65,-100,-78,-100,-63,-100,-100,-72,-76
1763544993531,-78,-100,-65,-100,-78,-100,-63,-100,-100,-72,-76
1763544993556,-78,-100,-65,-100,-78,-100,-63,-100,-100,-72,-76
1763544993581,-78,-100,-65,-100,-78,-100,-63,-100,-100,-72,-76
1763544993607,-78,-100,-65,-100,-78,-100,-63,-100,-100,-72,-76
1763544993633,-78,-100,-65,-100,-78,-100,-63,-100,-100,-72,-76
1763544993658,-78,-100,-65,-100,-78,-100,-63,-100,-100,-72,-76
1763544993685,-78,-100,-65,-100,-78,-100,-63,-100,-100,-72,-76
1763544993710,-78,-100,-65,-100,-78,-100,-63,-100,-100,-72,-76
1763544993736,-78,-100,-65,-100,-78,-100,-63,-100,-100,-72,-76
1763544993761,-78,-100,-64,-100,-78,-100,-63,-100,-100,-72,-76
1763544993786,-78,-100,-64,-100,-78,-100,-63,-100,-100,-72,-76
1763544993812,-78,-100,-64,-100,-78,-100,-63,-100,-100,-72,-76
1763544993837,-78,-100,-64,-100,-78,-100,-63,-100,-100,-72,-76
1763544993862,-78,-100,-64,-100,-78,-100,-63,-100,-100,-72,-76
1763544993887,-78,-100,-64,-100,-78,-100,-63,-100,-100,-72,-76
1763544993913,-78,-100,-64,-100,-78,-100,-63,-100,-100,-72,-76
1763544993938,-78,-100,-64,-100,-78,-100,-63,-100,-100,-72,-76
1763544993963,-78,-100,-64,-100,-78,-100,-63,-100,-100,-72,-76
1763544993988,-78,-100,-64,-100,-78,-100,-63,-100,-100,-72,-76
1763544994013,-78,-100,-64,-100,-78,-100,-63,-100,-100,-72,-76
1763544994038,-78,-100,-64,-100,-78,-100,-63,-100,-100,-72,-76
1763544994064,-78,-100,-64,-100,-78,-100,-63,-100,-100,-72,-76
1763544994089,-78,-100,-64,-100,-78,-100,-63,-100,-100,-72,-76
1763544994115,-78,-100,-64,-100,-78,-100,-63,-100,-100,-72,-76
1763544994141,-78,-100,-64,-100,-78,-100,-63,-100,-100,-72,-76
1763544994165,-78,-100,-64,-100,-78,-100,-63,-100,-100,-72,-76
1763544994190,-78,-100,-64,-100,-78,-100,-63,-100,-100,-72,-76
1763544994216,-78,-100,-64,-100,-78,-100,-63,-100,-100,-72,-76
1763544994241,-78,-100,-64,-100,-78,-100,-63,-100,-100,-72,-76
1763544994266,-78,-100,-64,-100,-78,-100,-61,-100,-100,-73,-76
1763544994291,-78,-100,-64,-100,-78,-100,-61,-100,-100,-73,-76
1763544994316,-78,-100,-64,-100,-78,-100,-61,-100,-100,-73,-76
1763544994341,-78,-100,-64,-100,-78,-100,-61,-100,-100,-73,-76
1763544994367,-78,-100,-64,-100,-78,-100,-61,-100,-100,-73,-76
1763544994393,-78,-100,-64,-100,-78,-100,-61,-100,-100,-73,-76
1763544994418,-78,-100,-64,-100,-78,-100,-61,-100,-100,-73,-76
1763544994443,-78,-100,-64,-100,-78,-100,-61,-100,-100,-73,-76
1763544994468,-78,-100,-64,-100,-78,-100,-61,-100,-100,-73,-76
1763544994493,-78,-100,-64,-100,-78,-100,-61,-100,-100,-73,-76
1763544994518,-78,-100,-64,-100,-78,-100,-61,-100,-100,-73,-76
1763544994543,-78,-100,-64,-100,-78,-100,-61,-100,-100,-73,-76
1763544994568,-78,-100,-64,-100,-78,-100,-61,-100,-100,-73,-76
1763544994593,-78,-100,-64,-100,-78,-100,-61,-100,-100,-73,-76
1763544994618,-78,-100,-64,-100,-78,-100,-61,-100,-100,-73,-76
1763544994644,-78,-100,-64,-100,-78,-100,-61,-100,-100,-73,-76
1763544994670,-78,-100,-64,-100,-78,-100,-61,-100,-100,-73,-76
1763544994696,-78,-100,-64,-100,-78,-100,-61,-100,-100,-73,-76
1763544994720,-78,-100,-64,-100,-78,-100,-61,-100,-100,-73,-76
1763544994745,-78,-100,-64,-100,-78,-100,-61,-100,-100,-73,-76
1763544994770,-78,-100,-62,-100,-79,-100,-62,-100,-100,-73,-77
1763544994796,-78,-100,-62,-100,-79,-100,-62,-100,-100,-73,-77
1763544994821,-78,-100,-62,-100,-79,-100,-62,-100,-100,-73,-77
1763544994847,-78,-100,-62,-100,-79,-100,-62,-100,-100,-73,-77
1763544994872,-78,-100,-62,-100,-79,-100,-62,-100,-100,-73,-77
1763544994898,-78,-100,-62,-100,-79,-100,-62,-100,-100,-73,-77
1763544994923,-78,-100,-62,-100,-79,-100,-62,-100,-100,-73,-77
1763544994948,-78,-100,-62,-100,-79,-100,-62,-100,-100,-73,-77
1763544994973,-78,-100,-62,-100,-79,-100,-62,-100,-100,-73,-77
1763544994999,-78,-100,-62,-100,-79,-100,-62,-100,-100,-73,-77
1763544995024,-78,-100,-62,-100,-79,-100,-62,-100,-100,-73,-77
1763544995050,-78,-100,-62,-100,-79,-100,-62,-100,-100,-73,-77
1763544995075,-78,-100,-62,-100,-79,-100,-62,-100,-100,-73,-77
1763544995100,-78,-100,-62,-100,-79,-100,-62,-100,-100,-73,-77
1763544995125,-78,-100,-62,-100,-79,-100,-62,-100,-100,-73,-77
1763544995150,-78,-100,-62,-100,-79,-100,-62,-100,-100,-73,-77
1763544995175,-78,-100,-62,-100,-79,-100,-62,-100,-100,-73,-77
1763544995200,-78,-100,-62,-100,-79,-100,-62,-100,-100,-73,-77
1763544995225,-78,-100,-62,-100,-79,-100,-62,-100,-100,-73,-77
1763544995250,-78,-100,-62,-100,-79,-100,-62,-100,-100,-73,-77
1763544995275,-79,-100,-62,-100,-81,-100,-65,-100,-100,-73,-76
1763544995300,-79,-100,-62,-100,-81,-100,-65,-100,-100,-73,-76
1763544995325,-79,-100,-62,-100,-81,-100,-65,-100,-100,-73,-76
1763544995350,-79,-100,-62,-100,-81,-100,-65,-100,-100,-73,-76
1763544995375,-79,-100,-62,-100,-81,-100,-65,-100,-100,-73,-76
1763544995400,-79,-100,-62,-100,-81,-100,-65,-100,-100,-73,-76
1763544995425,-79,-100,-62,-100,-81,-100,-65,-100,-100,-73,-76
1763544995450,-79,-100,-62,-100,-81,-100,-65,-100,-100,-73,-76
1763544995475,-79,-100,-62,-100,-81,-100,-65,-100,-100,-73,-76
1763544995500,-79,-100,-62,-100,-81,-100,-65,-100,-100,-73,-76
1763544995525,-79,-100,-62,-100,-81,-100,-65,-100,-100,-73,-76
1763544995550,-79,-100,-62,-100,-81,-100,-65,-100,-100,-73,-76
1763544995575,-79,-100,-62,-100,-81,-100,-65,-100,-100,-73,-76
1763544995601,-79,-100,-62,-100,-81,-100,-65,-100,-100,-73,-76
1763544995626,-79,-100,-62,-100,-81,-100,-65,-100,-100,-73,-76
1763544995651,-79,-100,-62,-100,-81,-100,-65,-100,-100,-73,-76
1763544995676,-79,-100,-62,-100,-81,-100,-65,-100,-100,-73,-76
1763544995701,-79,-100,-62,-100,-81,-100,-65,-100,-100,-73,-76
1763544995726,-79,-100,-62,-100,-81,-100,-65,-100,-100,-73,-76
1763544995751,-79,-100,-62,-100,-81,-100,-65,-100,-100,-73,-76
1763544995777,-79,-100,-61,-100,-100,-100,-64,-100,-100,-72,-75
1763544995802,-79,-100,-61,-100,-100,-100,-64,-100,-100,-72,-75
1763544995827,-79,-100,-61,-100,-100,-100,-64,-100,-100,-72,-75
1763544995852,-79,-100,-61,-100,-100,-100,-64,-100,-100,-72,-75
1763544995877,-79,-100,-61,-100,-100,-100,-64,-100,-100,-72,-75
1763544995902,-79,-100,-61,-100,-100,-100,-64,-100,-100,-72,-75
1763544995927,-79,-100,-61,-100,-100,-100,-64,-100,-100,-72,-75
1763544995952,-79,-100,-61,-100,-100,-100,-64,-100,-100,-72,-75
1763544995978,-79,-100,-61,-100,-100,-100,-64,-100,-100,-72,-75
1763544996003,-79,-100,-61,-100,-100,-100,-64,-100,-100,-72,-75
1763544996029,-79,-100,-61,-100,-100,-100,-64,-100,-100,-72,-75
1763544996055,-79,-100,-61,-100,-100,-100,-64,-100,-100,-72,-75
1763544996081,-79,-100,-61,-100,-100,-100,-64,-100,-100,-72,-75
1763544996107,-79,-100,-61,-100,-100,-100,-64,-100,-100,-72,-75
1763544996132,-79,-100,-61,-100,-100,-100,-64,-100,-100,-72,-75
1763544996157,-79,-100,-61,-100,-100,-100,-64,-100,-100,-72,-75
1763544996183,-79,-100,-61,-100,-100,-100,-64,-100,-100,-72,-75
1763544996208,-79,-100,-61,-100,-100,-100,-64,-100,-100,-72,-75
1763544996233,-79,-100,-61,-100,-100,-100,-64,-100,-100,-72,-75
1763544996258,-79,-100,-61,-100,-100,-100,-64,-100,-100,-72,-75
1763544996283,-79,-100,-63,-100,-81,-100,-65,-100,-100,-70,-74
1763544996308,-79,-100,-63,-100,-81,-100,-65,-100,-100,-70,-74
1763544996333,-79,-100,-63,-100,-81,-100,-65,-100,-100,-70,-74
1763544996358,-79,-100,-63,-100,-81,-100,-65,-100,-100,-70,-74
1763544996383,-79,-100,-63,-100,-81,-100,-65,-100,-100,-70,-74
1763544996408,-79,-100,-63,-100,-81,-100,-65,-100,-100,-70,-74
1763544996433,-79,-100,-63,-100,-81,-100,-65,-100,-100,-70,-74
1763544996458,-79,-100,-63,-100,-81,-100,-65,-100,-100,-70,-74
1763544996483,-79,-100,-63,-100,-81,-100,-65,-100,-100,-70,-74
1763544996508,-79,-100,-63,-100,-81,-100,-65,-100,-100,-70,-74
1763544996533,-79,-100,-63,-100,-81,-100,-65,-100,-100,-70,-74
1763544996558,-79,-100,-63,-100,-81,-100,-65,-100,-100,-70,-74
1763544996583,-79,-100,-63,-100,-81,-100,-65,-100,-100,-70,-74
1763544996608,-79,-100,-63,-100,-81,-100,-65,-100,-100,-70,-74
1763544996633,-79,-100,-63,-100,-81,-100,-65,-100,-100,-70,-74
1763544996658,-79,-100,-63,-100,-81,-100,-65,-100,-100,-70,-74
1763544996683,-79,-100,-63,-100,-81,-100,-65,-100,-100,-70,-74
1763544996708,-79,-100,-63,-100,-81,-100,-65,-100,-100,-70,-74
1763544996733,-79,-100,-63,-100,-81,-100,-65,-100,-100,-70,-74
1763544996758,-79,-100,-63,-100,-81,-100,-65,-100,-100,-70,-74
1763544996783,-78,-100,-62,-100,-80,-100,-68,-100,-100,-70,-73
1763544996808,-78,-100,-62,-100,-80,-100,-68,-100,-100,-70,-73
1763544996835,-78,-100,-62,-100,-80,-100,-68,-100,-100,-70,-73
1763544996860,-78,-100,-62,-100,-80,-100,-68,-100,-100,-70,-73
1763544996885,-78,-100,-62,-100,-80,-100,-68,-100,-100,-70,-73
1763544996911,-78,-100,-62,-100,-80,-100,-68,-100,-100,-70,-73
1763544996937,-78,-100,-62,-100,-80,-100,-68,-100,-100,-70,-73
1763544996963,-78,-100,-62,-100,-80,-100,-68,-100,-100,-70,-73
1763544996989,-78,-100,-62,-100,-80,-100,-68,-100,-100,-70,-73
1763544997015,-78,-100,-62,-100,-80,-100,-68,-100,-100,-70,-73
1763544997039,-78,-100,-62,-100,-80,-100,-68,-100,-100,-70,-73
1763544997064,-78,-100,-62,-100,-80,-100,-68,-100,-100,-70,-73
1763544997089,-78,-100,-62,-100,-80,-100,-68,-100,-100,-70,-73
1763544997115,-78,-100,-62,-100,-80,-100,-68,-100,-100,-70,-73
1763544997140,-78,-100,-62,-100,-80,-100,-68,-100,-100,-70,-73
1763544997165,-78,-100,-62,-100,-80,-100,-68,-100,-100,-70,-73
1763544997190,-78,-100,-62,-100,-80,-100,-68,-100,-100,-70,-73
1763544997216,-78,-100,-62,-100,-80,-100,-68,-100,-100,-70,-73
1763544997241,-78,-100,-62,-100,-80,-100,-68,-100,-100,-70,-73
1763544997266,-78,-100,-54,-100,-79,-100,-65,-100,-100,-68,-69
1763544997292,-78,-100,-54,-100,-79,-100,-65,-100,-100,-68,-69
1763544997317,-78,-100,-54,-100,-79,-100,-65,-100,-100,-68,-69
1763544997342,-78,-100,-54,-100,-79,-100,-65,-100,-100,-68,-69
1763544997367,-78,-100,-54,-100,-79,-100,-65,-100,-100,-68,-69
1763544997392,-78,-100,-54,-100,-79,-100,-65,-100,-100,-68,-69
1763544997419,-78,-100,-54,-100,-79,-100,-65,-100,-100,-68,-69
1763544997445,-78,-100,-54,-100,-79,-100,-65,-100,-100,-68,-69
1763544997470,-78,-100,-54,-100,-79,-100,-65,-100,-100,-68,-69
1763544997495,-78,-100,-54,-100,-79,-100,-65,-100,-100,-68,-69
1763544997521,-78,-100,-54,-100,-79,-100,-65,-100,-100,-68,-69
1763544997546,-78,-100,-54,-100,-79,-100,-65,-100,-100,-68,-69
1763544997570,-78,-100,-54,-100,-79,-100,-65,-100,-100,-68,-69
1763544997597,-78,-100,-54,-100,-79,-100,-65,-100,-100,-68,-69
1763544997621,-78,-100,-54,-100,-79,-100,-65,-100,-100,-68,-69
1763544997646,-78,-100,-54,-100,-79,-100,-65,-100,-100,-68,-69
1763544997674,-78,-100,-54,-100,-79,-100,-65,-100,-100,-68,-69
1763544997699,-78,-100,-54,-100,-79,-100,-65,-100,-100,-68,-69
1763544997724,-78,-100,-54,-100,-79,-100,-65,-100,-100,-68,-69
1763544997749,-78,-100,-54,-100,-79,-100,-65,-100,-100,-68,-69
1763544997774,-78,-100,-54,-100,-78,-100,-65,-100,-100,-67,-68
1763544997799,-78,-100,-54,-100,-78,-100,-65,-100,-100,-67,-68
1763544997824,-78,-100,-54,-100,-78,-100,-65,-100,-100,-67,-68
1763544997849,-78,-100,-54,-100,-78,-100,-65,-100,-100,-67,-68
1763544997874,-78,-100,-54,-100,-78,-100,-65,-100,-100,-67,-68
1763544997899,-78,-100,-54,-100,-78,-100,-65,-100,-100,-67,-68
1763544997924,-78,-100,-54,-100,-78,-100,-65,-100,-100,-67,-68
1763544997949,-78,-100,-54,-100,-78,-100,-65,-100,-100,-67,-68
1763544997974,-78,-100,-54,-100,-78,-100,-65,-100,-100,-67,-68
1763544997999,-78,-100,-54,-100,-78,-100,-65,-100,-100,-67,-68
1763544998024,-78,-100,-54,-100,-78,-100,-65,-100,-100,-67,-68
1763544998049,-78,-100,-54,-100,-78,-100,-65,-100,-100,-67,-68
1763544998074,-78,-100,-54,-100,-78,-100,-65,-100,-100,-67,-68
1763544998099,-78,-100,-54,-100,-78,-100,-65,-100,-100,-67,-68
1763544998125,-78,-100,-54,-100,-78,-100,-65,-100,-100,-67,-68
1763544998149,-78,-100,-54,-100,-78,-100,-65,-100,-100,-67,-68
1763544998175,-78,-100,-54,-100,-78,-100,-65,-100,-100,-67,-68
1763544998200,-78,-100,-54,-100,-78,-100,-65,-100,-100,-67,-68
1763544998226,-78,-100,-54,-100,-78,-100,-65,-100,-100,-67,-68
1763544998251,-78,-100,-54,-100,-78,-100,-65,-100,-100,-67,-68
1763544998276,-78,-100,-55,-100,-77,-100,-65,-100,-100,-66,-70
1763544998302,-78,-100,-55,-100,-77,-100,-65,-100,-100,-66,-70
1763544998329,-78,-100,-55,-100,-77,-100,-65,-100,-100,-66,-70
1763544998354,-78,-100,-55,-100,-77,-100,-65,-100,-100,-66,-70
1763544998379,-78,-100,-55,-100,-77,-100,-65,-100,-100,-66,-70
1763544998404,-78,-100,-55,-100,-77,-100,-65,-100,-100,-66,-70
1763544998429,-78,-100,-55,-100,-77,-100,-65,-100,-100,-66,-70
1763544998454,-78,-100,-55,-100,-77,-100,-65,-100,-100,-66,-70
1763544998479,-78,-100,-55,-100,-77,-100,-65,-100,-100,-66,-70
1763544998504,-78,-100,-55,-100,-77,-100,-65,-100,-100,-66,-70
1763544998529,-78,-100,-55,-100,-77,-100,-65,-100,-100,-66,-70
1763544998554,-78,-100,-55,-100,-77,-100,-65,-100,-100,-66,-70
1763544998579,-78,-100,-55,-100,-77,-100,-65,-100,-100,-66,-70
1763544998604,-78,-100,-55,-100,-77,-100,-65,-100,-100,-66,-70
1763544998629,-78,-100,-55,-100,-77,-100,-65,-100,-100,-66,-70
1763544998654,-78,-100,-55,-100,-77,-100,-65,-100,-100,-66,-70
1763544998679,-78,-100,-55,-100,-77,-100,-65,-100,-100,-66,-70
1763544998704,-78,-100,-55,-100,-77,-100,-65,-100,-100,-66,-70
1763544998729,-78,-100,-55,-100,-77,-100,-65,-100,-100,-66,-70
1763544998754,-78,-100,-55,-100,-77,-100,-65,-100,-100,-66,-70
1763544998779,-78,-100,-49,-100,-79,-100,-64,-100,-100,-67,-69
1763544998804,-78,-100,-49,-100,-79,-100,-64,-100,-100,-67,-69
1763544998829,-78,-100,-49,-100,-79,-100,-64,-100,-100,-67,-69
1763544998854,-78,-100,-49,-100,-79,-100,-64,-100,-100,-67,-69
1763544998879,-78,-100,-49,-100,-79,-100,-64,-100,-100,-67,-69
1763544998904,-78,-100,-49,-100,-79,-100,-64,-100,-100,-67,-69
1763544998930,-78,-100,-49,-100,-79,-100,-64,-100,-100,-67,-69
1763544998955,-78,-100,-49,-100,-79,-100,-64,-100,-100,-67,-69
1763544998980,-78,-100,-49,-100,-79,-100,-64,-100,-100,-67,-69
1763544999005,-78,-100,-49,-100,-79,-100,-64,-100,-100,-67,-69
1763544999030,-78,-100,-49,-100,-79,-100,-64,-100,-100,-67,-69
1763544999055,-78,-100,-49,-100,-79,-100,-64,-100,-100,-67,-69
1763544999080,-78,-100,-49,-100,-79,-100,-64,-100,-100,-67,-69
1763544999105,-78,-100,-49,-100,-79,-100,-64,-100,-100,-67,-69
1763544999130,-78,-100,-49,-100,-79,-100,-64,-100,-100,-67,-69
1763544999155,-78,-100,-49,-100,-79,-100,-64,-100,-100,-67,-69
1763544999180,-78,-100,-49,-100,-79,-100,-64,-100,-100,-67,-69
1763544999205,-78,-100,-49,-100,-79,-100,-64,-100,-100,-67,-69
1763544999231,-78,-100,-49,-100,-79,-100,-64,-100,-100,-67,-69
1763544999257,-78,-100,-49,-100,-79,-100,-64,-100,-100,-67,-69
1763544999283,-79,-100,-50,-100,-81,-100,-63,-100,-100,-67,-68
1763544999307,-79,-100,-50,-100,-81,-100,-63,-100,-100,-67,-68
1763544999332,-79,-100,-50,-100,-81,-100,-63,-100,-100,-67,-68
1763544999357,-79,-100,-50,-100,-81,-100,-63,-100,-100,-67,-68
1763544999382,-79,-100,-50,-100,-81,-100,-63,-100,-100,-67,-68
1763544999408,-79,-100,-50,-100,-81,-100,-63,-100,-100,-67,-68
1763544999433,-79,-100,-50,-100,-81,-100,-63,-100,-100,-67,-68
1763544999459,-79,-100,-50,-100,-81,-100,-63,-100,-100,-67,-68
1763544999484,-79,-100,-50,-100,-81,-100,-63,-100,-100,-67,-68
1763544999510,-79,-100,-50,-100,-81,-100,-63,-100,-100,-67,-68
1763544999535,-79,-100,-50,-100,-81,-100,-63,-100,-100,-67,-68
1763544999560,-79,-100,-50,-100,-81,-100,-63,-100,-100,-67,-68
1763544999585,-79,-100,-50,-100,-81,-100,-63,-100,-100,-67,-68
1763544999610,-79,-100,-50,-100,-81,-100,-63,-100,-100,-67,-68
1763544999635,-79,-100,-50,-100,-81,-100,-63,-100,-100,-67,-68
1763544999660,-79,-100,-50,-100,-81,-100,-63,-100,-100,-67,-68
1763544999685,-79,-100,-50,-100,-81,-100,-63,-100,-100,-67,-68
1763544999711,-79,-100,-50,-100,-81,-100,-63,-100,-100,-67,-68
1763544999736,-79,-100,-50,-100,-81,-100,-63,-100,-100,-67,-68
1763544999761,-79,-100,-50,-100,-81,-100,-63,-100,-100,-67,-68
1763544999787,-79,-100,-55,-100,-100,-100,-64,-100,-100,-68,-70
1763544999811,-79,-100,-55,-100,-100,-100,-64,-100,-100,-68,-70
1763544999836,-79,-100,-55,-100,-100,-100,-64,-100,-100,-68,-70
1763544999861,-79,-100,-55,-100,-100,-100,-64,-100,-100,-68,-70
1763544999886,-79,-100,-55,-100,-100,-100,-64,-100,-100,-68,-70
1763544999911,-79,-100,-55,-100,-100,-100,-64,-100,-100,-68,-70
1763544999936,-79,-100,-55,-100,-100,-100,-64,-100,-100,-68,-70
1763544999962,-79,-100,-55,-100,-100,-100,-64,-100,-100,-68,-70
1763544999987,-79,-100,-55,-100,-100,-100,-64,-100,-100,-68,-70
1763545000012,-79,-100,-55,-100,-100,-100,-64,-100,-100,-68,-70
1763545000037,-79,-100,-55,-100,-100,-100,-64,-100,-100,-68,-70
1763545000062,-79,-100,-55,-100,-100,-100,-64,-100,-100,-68,-70
1763545000087,-79,-100,-55,-100,-100,-100,-64,-100,-100,-68,-70
1763545000112,-79,-100,-55,-100,-100,-100,-64,-100,-100,-68,-70
1763545000138,-79,-100,-55,-100,-100,-100,-64,-100,-100,-68,-70
1763545000163,-79,-100,-55,-100,-100,-100,-64,-100,-100,-68,-70
1763545000188,-79,-100,-55,-100,-100,-100,-64,-100,-100,-68,-70
1763545000213,-79,-100,-55,-100,-100,-100,-64,-100,-100,-68,-70
1763545000238,-79,-100,-55,-100,-100,-100,-64,-100,-100,-68,-70
1763545000263,-79,-100,-55,-100,-100,-100,-64,-100,-100,-68,-70
1763545000288,-75,-100,-56,-100,-100,-100,-67,-100,-100,-67,-68
1763545000313,-75,-100,-56,-100,-100,-100,-67,-100,-100,-67,-68
1763545000338,-75,-100,-56,-100,-100,-100,-67,-100,-100,-67,-68
1763545000364,-75,-100,-56,-100,-100,-100,-67,-100,-100,-67,-68
1763545000389,-75,-100,-56,-100,-100,-100,-67,-100,-100,-67,-68
1763545000415,-75,-100,-56,-100,-100,-100,-67,-100,-100,-67,-68
1763545000440,-75,-100,-56,-100,-100,-100,-67,-100,-100,-67,-68
1763545000466,-75,-100,-56,-100,-100,-100,-67,-100,-100,-67,-68
1763545000491,-75,-100,-56,-100,-100,-100,-67,-100,-100,-67,-68
1763545000516,-75,-100,-56,-100,-100,-100,-67,-100,-100,-67,-68
1763545000542,-75,-100,-56,-100,-100,-100,-67,-100,-100,-67,-68
1763545000568,-75,-100,-56,-100,-100,-100,-67,-100,-100,-67,-68
1763545000593,-75,-100,-56,-100,-100,-100,-67,-100,-100,-67,-68
1763545000619,-75,-100,-56,-100,-100,-100,-67,-100,-100,-67,-68
1763545000644,-75,-100,-56,-100,-100,-100,-67,-100,-100,-67,-68
1763545000669,-75,-100,-56,-100,-100,-100,-67,-100,-100,-67,-68
1763545000695,-75,-100,-56,-100,-100,-100,-67,-100,-100,-67,-68
1763545000720,-75,-100,-56,-100,-100,-100,-67,-100,-100,-67,-68
1763545000746,-75,-100,-56,-100,-100,-100,-67,-100,-100,-67,-68
1763545000772,-79,-100,-58,-100,-80,-100,-67,-100,-100,-66,-66
1763545000799,-79,-100,-58,-100,-80,-100,-67,-100,-100,-66,-66
1763545000824,-79,-100,-58,-100,-80,-100,-67,-100,-100,-66,-66
1763545000849,-79,-100,-58,-100,-80,-100,-67,-100,-100,-66,-66
1763545000874,-79,-100,-58,-100,-80,-100,-67,-100,-100,-66,-66
1763545000899,-79,-100,-58,-100,-80,-100,-67,-100,-100,-66,-66
1763545000924,-79,-100,-58,-100,-80,-100,-67,-100,-100,-66,-66
1763545000949,-79,-100,-58,-100,-80,-100,-67,-100,-100,-66,-66
1763545000974,-79,-100,-58,-100,-80,-100,-67,-100,-100,-66,-66
1763545001000,-79,-100,-58,-100,-80,-100,-67,-100,-100,-66,-66
1763545001025,-79,-100,-58,-100,-80,-100,-67,-100,-100,-66,-66
1763545001051,-79,-100,-58,-100,-80,-100,-67,-100,-100,-66,-66
1763545001077,-79,-100,-58,-100,-80,-100,-67,-100,-100,-66,-66
1763545001102,-79,-100,-58,-100,-80,-100,-67,-100,-100,-66,-66
1763545001127,-79,-100,-58,-100,-80,-100,-67,-100,-100,-66,-66
1763545001153,-79,-100,-58,-100,-80,-100,-67,-100,-100,-66,-66
1763545001177,-79,-100,-58,-100,-80,-100,-67,-100,-100,-66,-66
1763545001203,-79,-100,-58,-100,-80,-100,-67,-100,-100,-66,-66
1763545001229,-79,-100,-58,-100,-80,-100,-67,-100,-100,-66,-66
1763545001255,-79,-100,-58,-100,-80,-100,-67,-100,-100,-66,-66
1763545001279,-80,-100,-62,-100,-80,-100,-70,-100,-100,-68,-64
1763545001304,-80,-100,-62,-100,-80,-100,-70,-100,-100,-68,-64
1763545001329,-80,-100,-62,-100,-80,-100,-70,-100,-100,-68,-64
1763545001354,-80,-100,-62,-100,-80,-100,-70,-100,-100,-68,-64
1763545001379,-80,-100,-62,-100,-80,-100,-70,-100,-100,-68,-64
1763545001405,-80,-100,-62,-100,-80,-100,-70,-100,-100,-68,-64
1763545001430,-80,-100,-62,-100,-80,-100,-70,-100,-100,-68,-64
1763545001456,-80,-100,-62,-100,-80,-100,-70,-100,-100,-68,-64
1763545001481,-80,-100,-62,-100,-80,-100,-70,-100,-100,-68,-64
1763545001506,-80,-100,-62,-100,-80,-100,-70,-100,-100,-68,-64
1763545001531,-80,-100,-62,-100,-80,-100,-70,-100,-100,-68,-64
1763545001556,-80,-100,-62,-100,-80,-100,-70,-100,-100,-68,-64
1763545001581,-80,-100,-62,-100,-80,-100,-70,-100,-100,-68,-64
1763545001607,-80,-100,-62,-100,-80,-100,-70,-100,-100,-68,-64
1763545001633,-80,-100,-62,-100,-80,-100,-70,-100,-100,-68,-64
1763545001659,-80,-100,-62,-100,-80,-100,-70,-100,-100,-68,-64
1763545001683,-80,-100,-62,-100,-80,-100,-70,-100,-100,-68,-64
1763545001708,-80,-100,-62,-100,-80,-100,-70,-100,-100,-68,-64
1763545001734,-80,-100,-62,-100,-80,-100,-70,-100,-100,-68,-64
1763545001760,-80,-100,-62,-100,-80,-100,-70,-100,-100,-68,-64
1763545001784,-79,-100,-65,-100,-80,-100,-73,-100,-100,-71,-63
1763545001810,-79,-100,-65,-100,-80,-100,-73,-100,-100,-71,-63
1763545001835,-79,-100,-65,-100,-80,-100,-73,-100,-100,-71,-63
1763545001861,-79,-100,-65,-100,-80,-100,-73,-100,-100,-71,-63
1763545001887,-79,-100,-65,-100,-80,-100,-73,-100,-100,-71,-63
1763545001913,-79,-100,-65,-100,-80,-100,-73,-100,-100,-71,-63
1763545001938,-79,-100,-65,-100,-80,-100,-73,-100,-100,-71,-63
1763545001963,-79,-100,-65,-100,-80,-100,-73,-100,-100,-71,-63
1763545001988,-79,-100,-65,-100,-80,-100,-73,-100,-100,-71,-63
1763545002013,-79,-100,-65,-100,-80,-100,-73,-100,-100,-71,-63
1763545002038,-79,-100,-65,-100,-80,-100,-73,-100,-100,-71,-63
1763545002064,-79,-100,-65,-100,-80,-100,-73,-100,-100,-71,-63
1763545002089,-79,-100,-65,-100,-80,-100,-73,-100,-100,-71,-63
1763545002114,-79,-100,-65,-100,-80,-100,-73,-100,-100,-71,-63
1763545002139,-79,-100,-65,-100,-80,-100,-73,-100,-100,-71,-63
1763545002164,-79,-100,-65,-100,-80,-100,-73,-100,-100,-71,-63
1763545002189,-79,-100,-65,-100,-80,-100,-73,-100,-100,-71,-63
1763545002214,-79,-100,-65,-100,-80,-100,-73,-100,-100,-71,-63
1763545002240,-79,-100,-65,-100,-80,-100,-73,-100,-100,-71,-63
1763545002265,-79,-100,-65,-100,-80,-100,-73,-100,-100,-71,-63
1763545002290,-100,-100,-67,-100,-80,-100,-72,-100,-100,-73,-61
1763545002315,-100,-100,-67,-100,-80,-100,-72,-100,-100,-73,-61
1763545002341,-100,-100,-67,-100,-80,-100,-72,-100,-100,-73,-61
1763545002366,-100,-100,-67,-100,-80,-100,-72,-100,-100,-73,-61
1763545002391,-100,-100,-67,-100,-80,-100,-72,-100,-100,-73,-61
1763545002416,-100,-100,-67,-100,-80,-100,-72,-100,-100,-73,-61
1763545002442,-100,-100,-67,-100,-80,-100,-72,-100,-100,-73,-61
1763545002468,-100,-100,-67,-100,-80,-100,-72,-100,-100,-73,-61
1763545002493,-100,-100,-67,-100,-80,-100,-72,-100,-100,-73,-61
1763545002518,-100,-100,-67,-100,-80,-100,-72,-100,-100,-73,-61
1763545002544,-100,-100,-67,-100,-80,-100,-72,-100,-100,-73,-61
1763545002569,-100,-100,-67,-100,-80,-100,-72,-100,-100,-73,-61
1763545002594,-100,-100,-67,-100,-80,-100,-72,-100,-100,-73,-61
1763545002619,-100,-100,-67,-100,-80,-100,-72,-100,-100,-73,-61
1763545002645,-100,-100,-67,-100,-80,-100,-72,-100,-100,-73,-61
1763545002669,-100,-100,-67,-100,-80,-100,-72,-100,-100,-73,-61
1763545002694,-100,-100,-67,-100,-80,-100,-72,-100,-100,-73,-61
1763545002720,-100,-100,-67,-100,-80,-100,-72,-100,-100,-73,-61
1763545002744,-100,-100,-67,-100,-80,-100,-72,-100,-100,-73,-61
1763545002769,-100,-100,-68,-100,-100,-100,-71,-100,-100,-76,-58
1763545002794,-100,-100,-68,-100,-100,-100,-71,-100,-100,-76,-58
1763545002819,-100,-100,-68,-100,-100,-100,-71,-100,-100,-76,-58
1763545002844,-100,-100,-68,-100,-100,-100,-71,-100,-100,-76,-58
1763545002870,-100,-100,-68,-100,-100,-100,-71,-100,-100,-76,-58
1763545002895,-100,-100,-68,-100,-100,-100,-71,-100,-100,-76,-58
1763545002921,-100,-100,-68,-100,-100,-100,-71,-100,-100,-76,-58
1763545002945,-100,-100,-68,-100,-100,-100,-71,-100,-100,-76,-58
1763545002970,-100,-100,-68,-100,-100,-100,-71,-100,-100,-76,-58
1763545002995,-100,-100,-68,-100,-100,-100,-71,-100,-100,-76,-58
1763545003020,-100,-100,-68,-100,-100,-100,-71,-100,-100,-76,-58
1763545003045,-100,-100,-68,-100,-100,-100,-71,-100,-100,-76,-58
1763545003070,-100,-100,-68,-100,-100,-100,-71,-100,-100,-76,-58
1763545003095,-100,-100,-68,-100,-100,-100,-71,-100,-100,-76,-58
1763545003120,-100,-100,-68,-100,-100,-100,-71,-100,-100,-76,-58
1763545003146,-100,-100,-68,-100,-100,-100,-71,-100,-100,-76,-58
1763545003172,-100,-100,-68,-100,-100,-100,-71,-100,-100,-76,-58
1763545003197,-100,-100,-68,-100,-100,-100,-71,-100,-100,-76,-58
1763545003222,-100,-100,-68,-100,-100,-100,-71,-100,-100,-76,-58
1763545003248,-100,-100,-68,-100,-100,-100,-71,-100,-100,-76,-58
1763545003273,-100,-100,-69,-100,-100,-100,-73,-100,-100,-77,-56
1763545003300,-100,-100,-69,-100,-100,-100,-73,-100,-100,-77,-56
1763545003325,-100,-100,-69,-100,-100,-100,-73,-100,-100,-77,-56
1763545003351,-100,-100,-69,-100,-100,-100,-73,-100,-100,-77,-56
1763545003376,-100,-100,-69,-100,-100,-100,-73,-100,-100,-77,-56
1763545003402,-100,-100,-69,-100,-100,-100,-73,-100,-100,-77,-56
1763545003427,-100,-100,-69,-100,-100,-100,-73,-100,-100,-77,-56
1763545003452,-100,-100,-69,-100,-100,-100,-73,-100,-100,-77,-56
1763545003477,-100,-100,-69,-100,-100,-100,-73,-100,-100,-77,-56
1763545003503,-100,-100,-69,-100,-100,-100,-73,-100,-100,-77,-56
1763545003528,-100,-100,-69,-100,-100,-100,-73,-100,-100,-77,-56
1763545003554,-100,-100,-69,-100,-100,-100,-73,-100,-100,-77,-56
1763545003579,-100,-100,-69,-100,-100,-100,-73,-100,-100,-77,-56
1763545003604,-100,-100,-69,-100,-100,-100,-73,-100,-100,-77,-56
1763545003630,-100,-100,-69,-100,-100,-100,-73,-100,-100,-77,-56
1763545003655,-100,-100,-69,-100,-100,-100,-73,-100,-100,-77,-56
1763545003681,-100,-100,-69,-100,-100,-100,-73,-100,-100,-77,-56
1763545003706,-100,-100,-69,-100,-100,-100,-73,-100,-100,-77,-56
1763545003731,-100,-100,-69,-100,-100,-100,-73,-100,-100,-77,-56
1763545003756,-100,-100,-69,-100,-100,-100,-73,-100,-100,-77,-56
1763545003782,-100,-100,-71,-100,-100,-100,-75,-100,-100,-77,-57
1763545003808,-100,-100,-71,-100,-100,-100,-75,-100,-100,-77,-57
1763545003833,-100,-100,-71,-100,-100,-100,-75,-100,-100,-77,-57
1763545003858,-100,-100,-71,-100,-100,-100,-75,-100,-100,-77,-57
1763545003883,-100,-100,-71,-100,-100,-100,-75,-100,-100,-77,-57
1763545003908,-100,-100,-71,-100,-100,-100,-75,-100,-100,-77,-57
1763545003933,-100,-100,-71,-100,-100,-100,-75,-100,-100,-77,-57
1763545003959,-100,-100,-71,-100,-100,-100,-75,-100,-100,-77,-57
1763545003985,-100,-100,-71,-100,-100,-100,-75,-100,-100,-77,-57
1763545004010,-100,-100,-71,-100,-100,-100,-75,-100,-100,-77,-57
1763545004035,-100,-100,-71,-100,-100,-100,-75,-100,-100,-77,-57
1763545004060,-100,-100,-71,-100,-100,-100,-75,-100,-100,-77,-57
1763545004085,-100,-100,-71,-100,-100,-100,-75,-100,-100,-77,-57
1763545004110,-100,-100,-71,-100,-100,-100,-75,-100,-100,-77,-57
1763545004135,-100,-100,-71,-100,-100,-100,-75,-100,-100,-77,-57
1763545004160,-100,-100,-71,-100,-100,-100,-75,-100,-100,-77,-57
1763545004185,-100,-100,-71,-100,-100,-100,-75,-100,-100,-77,-57
1763545004211,-100,-100,-71,-100,-100,-100,-75,-100,-100,-77,-57
1763545004237,-100,-100,-71,-100,-100,-100,-75,-100,-100,-77,-57
1763545004262,-100,-100,-71,-100,-100,-100,-75,-100,-100,-77,-57
1763545004287,-100,-100,-72,-100,-100,-100,-74,-100,-100,-79,-56
1763545004313,-100,-100,-72,-100,-100,-100,-74,-100,-100,-79,-56
1763545004338,-100,-100,-72,-100,-100,-100,-74,-100,-100,-79,-56
1763545004364,-100,-100,-72,-100,-100,-100,-74,-100,-100,-79,-56
1763545004389,-100,-100,-72,-100,-100,-100,-74,-100,-100,-79,-56
1763545004415,-100,-100,-72,-100,-100,-100,-74,-100,-100,-79,-56
1763545004441,-100,-100,-72,-100,-100,-100,-74,-100,-100,-79,-56
1763545004467,-100,-100,-72,-100,-100,-100,-74,-100,-100,-79,-56
1763545004492,-100,-100,-72,-100,-100,-100,-74,-100,-100,-79,-56
1763545004518,-100,-100,-72,-100,-100,-100,-74,-100,-100,-79,-56
1763545004543,-100,-100,-72,-100,-100,-100,-74,-100,-100,-79,-56
1763545004568,-100,-100,-72,-100,-100,-100,-74,-100,-100,-79,-56
1763545004594,-100,-100,-72,-100,-100,-100,-74,-100,-100,-79,-56
1763545004619,-100,-100,-72,-100,-100,-100,-74,-100,-100,-79,-56
1763545004644,-100,-100,-72,-100,-100,-100,-74,-100,-100,-79,-56
1763545004669,-100,-100,-72,-100,-100,-100,-74,-100,-100,-79,-56
1763545004695,-100,-100,-72,-100,-100,-100,-74,-100,-100,-79,-56
1763545004720,-100,-100,-72,-100,-100,-100,-74,-100,-100,-79,-56
1763545004745,-100,-100,-72,-100,-100,-100,-74,-100,-100,-79,-56
1763545004770,-100,-100,-72,-100,-100,-100,-74,-100,-100,-80,-56
1763545004796,-100,-100,-72,-100,-100,-100,-74,-100,-100,-80,-56
1763545004822,-100,-100,-72,-100,-100,-100,-74,-100,-100,-80,-56
1763545004847,-100,-100,-72,-100,-100,-100,-74,-100,-100,-80,-56
1763545004873,-100,-100,-72,-100,-100,-100,-74,-100,-100,-80,-56
1763545004899,-100,-100,-72,-100,-100,-100,-74,-100,-100,-80,-56
1763545004924,-100,-100,-72,-100,-100,-100,-74,-100,-100,-80,-56
1763545004949,-100,-100,-72,-100,-100,-100,-74,-100,-100,-80,-56
1763545004974,-100,-100,-72,-100,-100,-100,-74,-100,-100,-80,-56
1763545004999,-100,-100,-72,-100,-100,-100,-74,-100,-100,-80,-56
1763545005024,-100,-100,-72,-100,-100,-100,-74,-100,-100,-80,-56
1763545005049,-100,-100,-72,-100,-100,-100,-74,-100,-100,-80,-56
1763545005075,-100,-100,-72,-100,-100,-100,-74,-100,-100,-80,-56
1763545005100,-100,-100,-72,-100,-100,-100,-74,-100,-100,-80,-56
1763545005126,-100,-100,-72,-100,-100,-100,-74,-100,-100,-80,-56
1763545005150,-100,-100,-72,-100,-100,-100,-74,-100,-100,-80,-56
1763545005176,-100,-100,-72,-100,-100,-100,-74,-100,-100,-80,-56
1763545005201,-100,-100,-72,-100,-100,-100,-74,-100,-100,-80,-56
1763545005227,-100,-100,-72,-100,-100,-100,-74,-100,-100,-80,-56
1763545005252,-100,-100,-72,-100,-100,-100,-74,-100,-100,-80,-56
1763545005278,-83,-100,-71,-100,-100,-100,-75,-100,-100,-79,-55
1763545005304,-83,-100,-71,-100,-100,-100,-75,-100,-100,-79,-55
1763545005329,-83,-100,-71,-100,-100,-100,-75,-100,-100,-79,-55
1763545005354,-83,-100,-71,-100,-100,-100,-75,-100,-100,-79,-55
1763545005380,-83,-100,-71,-100,-100,-100,-75,-100,-100,-79,-55
1763545005406,-83,-100,-71,-100,-100,-100,-75,-100,-100,-79,-55
1763545005431,-83,-100,-71,-100,-100,-100,-75,-100,-100,-79,-55
1763545005456,-83,-100,-71,-100,-100,-100,-75,-100,-100,-79,-55
1763545005482,-83,-100,-71,-100,-100,-100,-75,-100,-100,-79,-55
1763545005508,-83,-100,-71,-100,-100,-100,-75,-100,-100,-79,-55
1763545005532,-83,-100,-71,-100,-100,-100,-75,-100,-100,-79,-55
1763545005557,-83,-100,-71,-100,-100,-100,-75,-100,-100,-79,-55
1763545005583,-83,-100,-71,-100,-100,-100,-75,-100,-100,-79,-55
1763545005608,-83,-100,-71,-100,-100,-100,-75,-100,-100,-79,-55
1763545005633,-83,-100,-71,-100,-100,-100,-75,-100,-100,-79,-55
1763545005658,-83,-100,-71,-100,-100,-100,-75,-100,-100,-79,-55
1763545005684,-83,-100,-71,-100,-100,-100,-75,-100,-100,-79,-55
1763545005709,-83,-100,-71,-100,-100,-100,-75,-100,-100,-79,-55
1763545005735,-83,-100,-71,-100,-100,-100,-75,-100,-100,-79,-55
1763545005759,-83,-100,-71,-100,-100,-100,-75,-100,-100,-79,-55
1763545005785,-83,-100,-74,-100,-100,-100,-77,-100,-100,-76,-55
1763545005810,-83,-100,-74,-100,-100,-100,-77,-100,-100,-76,-55
1763545005835,-83,-100,-74,-100,-100,-100,-77,-100,-100,-76,-55
1763545005861,-83,-100,-74,-100,-100,-100,-77,-100,-100,-76,-55
1763545005886,-83,-100,-74,-100,-100,-100,-77,-100,-100,-76,-55
1763545005911,-83,-100,-74,-100,-100,-100,-77,-100,-100,-76,-55
1763545005936,-83,-100,-74,-100,-100,-100,-77,-100,-100,-76,-55
1763545005961,-83,-100,-74,-100,-100,-100,-77,-100,-100,-76,-55
1763545005986,-83,-100,-74,-100,-100,-100,-77,-100,-100,-76,-55
1763545006012,-83,-100,-74,-100,-100,-100,-77,-100,-100,-76,-55
1763545006037,-83,-100,-74,-100,-100,-100,-77,-100,-100,-76,-55
1763545006062,-83,-100,-74,-100,-100,-100,-77,-100,-100,-76,-55
1763545006087,-83,-100,-74,-100,-100,-100,-77,-100,-100,-76,-55
1763545006112,-83,-100,-74,-100,-100,-100,-77,-100,-100,-76,-55
1763545006138,-83,-100,-74,-100,-100,-100,-77,-100,-100,-76,-55
1763545006163,-83,-100,-74,-100,-100,-100,-77,-100,-100,-76,-55
1763545006188,-83,-100,-74,-100,-100,-100,-77,-100,-100,-76,-55
1763545006214,-83,-100,-74,-100,-100,-100,-77,-100,-100,-76,-55
1763545006239,-83,-100,-74,-100,-100,-100,-77,-100,-100,-76,-55
1763545006263,-83,-100,-74,-100,-100,-100,-77,-100,-100,-76,-55
1763545006288,-100,-100,-75,-100,-100,-100,-79,-100,-100,-100,-52
1763545006314,-100,-100,-75,-100,-100,-100,-79,-100,-100,-100,-52
1763545006340,-100,-100,-75,-100,-100,-100,-79,-100,-100,-100,-52
1763545006365,-100,-100,-75,-100,-100,-100,-79,-100,-100,-100,-52
1763545006390,-100,-100,-75,-100,-100,-100,-79,-100,-100,-100,-52
1763545006415,-100,-100,-75,-100,-100,-100,-79,-100,-100,-100,-52
1763545006441,-100,-100,-75,-100,-100,-100,-79,-100,-100,-100,-52
1763545006466,-100,-100,-75,-100,-100,-100,-79,-100,-100,-100,-52
1763545006491,-100,-100,-75,-100,-100,-100,-79,-100,-100,-100,-52
1763545006517,-100,-100,-75,-100,-100,-100,-79,-100,-100,-100,-52
1763545006543,-100,-100,-75,-100,-100,-100,-79,-100,-100,-100,-52
1763545006569,-100,-100,-75,-100,-100,-100,-79,-100,-100,-100,-52
1763545006593,-100,-100,-75,-100,-100,-100,-79,-100,-100,-100,-52
1763545006618,-100,-100,-75,-100,-100,-100,-79,-100,-100,-100,-52
1763545006644,-100,-100,-75,-100,-100,-100,-79,-100,-100,-100,-52
1763545006668,-100,-100,-75,-100,-100,-100,-79,-100,-100,-100,-52
1763545006693,-100,-100,-75,-100,-100,-100,-79,-100,-100,-100,-52
1763545006718,-100,-100,-75,-100,-100,-100,-79,-100,-100,-100,-52
1763545006745,-100,-100,-75,-100,-100,-100,-79,-100,-100,-100,-52
1763545006770,-100,-100,-75,-100,-100,-100,-79,-100,-100,-100,-52
1763545006795,-100,-100,-76,-100,-100,-100,-78,-100,-100,-100,-52
1763545006820,-100,-100,-76,-100,-100,-100,-78,-100,-100,-100,-52
1763545006845,-100,-100,-76,-100,-100,-100,-78,-100,-100,-100,-52
1763545006870,-100,-100,-76,-100,-100,-100,-78,-100,-100,-100,-52
1763545006895,-100,-100,-76,-100,-100,-100,-78,-100,-100,-100,-52
1763545006920,-100,-100,-76,-100,-100,-100,-78,-100,-100,-100,-52
1763545006945,-100,-100,-76,-100,-100,-100,-78,-100,-100,-100,-52
1763545006971,-100,-100,-76,-100,-100,-100,-78,-100,-100,-100,-52
1763545006996,-100,-100,-76,-100,-100,-100,-78,-100,-100,-100,-52
1763545007021,-100,-100,-76,-100,-100,-100,-78,-100,-100,-100,-52
1763545007047,-100,-100,-76,-100,-100,-100,-78,-100,-100,-100,-52
1763545007072,-100,-100,-76,-100,-100,-100,-78,-100,-100,-100,-52
1763545007097,-100,-100,-76,-100,-100,-100,-78,-100,-100,-100,-52
1763545007122,-100,-100,-76,-100,-100,-100,-78,-100,-100,-100,-52
1763545007147,-100,-100,-76,-100,-100,-100,-78,-100,-100,-100,-52
1763545007189,-100,-100,-76,-100,-100,-100,-78,-100,-100,-100,-52
1763545007214,-100,-100,-76,-100,-100,-100,-78,-100,-100,-100,-52
1763545007240,-100,-100,-76,-100,-100,-100,-78,-100,-100,-100,-52
1763545007266,-100,-100,-76,-100,-100,-100,-78,-100,-100,-100,-52
1763545007291,-100,-100,-72,-100,-100,-100,-77,-100,-100,-81,-54
1763545007316,-100,-100,-72,-100,-100,-100,-77,-100,-100,-81,-54
1763545007341,-100,-100,-72,-100,-100,-100,-77,-100,-100,-81,-54
1763545007366,-100,-100,-72,-100,-100,-100,-77,-100,-100,-81,-54
1763545007391,-100,-100,-72,-100,-100,-100,-77,-100,-100,-81,-54
1763545007417,-100,-100,-72,-100,-100,-100,-77,-100,-100,-81,-54
1763545007442,-100,-100,-72,-100,-100,-100,-77,-100,-100,-81,-54
1763545007467,-100,-100,-72,-100,-100,-100,-77,-100,-100,-81,-54
1763545007492,-100,-100,-72,-100,-100,-100,-77,-100,-100,-81,-54
1763545007517,-100,-100,-72,-100,-100,-100,-77,-100,-100,-81,-54
1763545007542,-100,-100,-72,-100,-100,-100,-77,-100,-100,-81,-54
1763545007573,-100,-100,-72,-100,-100,-100,-77,-100,-100,-81,-54
1763545007599,-100,-100,-72,-100,-100,-100,-77,-100,-100,-81,-54
1763545007623,-100,-100,-72,-100,-100,-100,-77,-100,-100,-81,-54
1763545007649,-100,-100,-72,-100,-100,-100,-77,-100,-100,-81,-54
1763545007674,-100,-100,-72,-100,-100,-100,-77,-100,-100,-81,-54
1763545007699,-100,-100,-72,-100,-100,-100,-77,-100,-100,-81,-54
1763545007724,-100,-100,-72,-100,-100,-100,-77,-100,-100,-81,-54
1763545007749,-100,-100,-72,-100,-100,-100,-77,-100,-100,-81,-54
1763545007775,-100,-100,-69,-100,-87,-100,-76,-100,-100,-81,-56
1763545007799,-100,-100,-69,-100,-87,-100,-76,-100,-100,-81,-56
1763545007825,-100,-100,-69,-100,-87,-100,-76,-100,-100,-81,-56
1763545007850,-100,-100,-69,-100,-87,-100,-76,-100,-100,-81,-56
1763545007875,-100,-100,-69,-100,-87,-100,-76,-100,-100,-81,-56
1763545007900,-100,-100,-69,-100,-87,-100,-76,-100,-100,-81,-56
1763545007925,-100,-100,-69,-100,-87,-100,-76,-100,-100,-81,-56
1763545007950,-100,-100,-69,-100,-87,-100,-76,-100,-100,-81,-56
1763545007975,-100,-100,-69,-100,-87,-100,-76,-100,-100,-81,-56
1763545008001,-100,-100,-69,-100,-87,-100,-76,-100,-100,-81,-56
1763545008026,-100,-100,-69,-100,-87,-100,-76,-100,-100,-81,-56
1763545008051,-100,-100,-69,-100,-87,-100,-76,-100,-100,-81,-56
1763545008076,-100,-100,-69,-100,-87,-100,-76,-100,-100,-81,-56
1763545008101,-100,-100,-69,-100,-87,-100,-76,-100,-100,-81,-56
1763545008126,-100,-100,-69,-100,-87,-100,-76,-100,-100,-81,-56
1763545008151,-100,-100,-69,-100,-87,-100,-76,-100,-100,-81,-56
1763545008176,-100,-100,-69,-100,-87,-100,-76,-100,-100,-81,-56
1763545008201,-100,-100,-69,-100,-87,-100,-76,-100,-100,-81,-56
1763545008226,-100,-100,-69,-100,-87,-100,-76,-100,-100,-81,-56
1763545008251,-100,-100,-69,-100,-87,-100,-76,-100,-100,-81,-56
1763545008276,-100,-100,-70,-100,-88,-100,-77,-100,-100,-81,-57
1763545008302,-100,-100,-70,-100,-88,-100,-77,-100,-100,-81,-57
1763545008326,-100,-100,-70,-100,-88,-100,-77,-100,-100,-81,-57
1763545008351,-100,-100,-70,-100,-88,-100,-77,-100,-100,-81,-57
1763545008376,-100,-100,-70,-100,-88,-100,-77,-100,-100,-81,-57
1763545008401,-100,-100,-70,-100,-88,-100,-77,-100,-100,-81,-57
1763545008426,-100,-100,-70,-100,-88,-100,-77,-100,-100,-81,-57
1763545008451,-100,-100,-70,-100,-88,-100,-77,-100,-100,-81,-57
1763545008477,-100,-100,-70,-100,-88,-100,-77,-100,-100,-81,-57
1763545008502,-100,-100,-70,-100,-88,-100,-77,-100,-100,-81,-57
1763545008528,-100,-100,-70,-100,-88,-100,-77,-100,-100,-81,-57
1763545008553,-100,-100,-70,-100,-88,-100,-77,-100,-100,-81,-57
1763545008579,-100,-100,-70,-100,-88,-100,-77,-100,-100,-81,-57
1763545008604,-100,-100,-70,-100,-88,-100,-77,-100,-100,-81,-57
1763545008630,-100,-100,-70,-100,-88,-100,-77,-100,-100,-81,-57
1763545008655,-100,-100,-70,-100,-88,-100,-77,-100,-100,-81,-57
1763545008680,-100,-100,-70,-100,-88,-100,-77,-100,-100,-81,-57
1763545008705,-100,-100,-70,-100,-88,-100,-77,-100,-100,-81,-57
1763545008730,-100,-100,-70,-100,-88,-100,-77,-100,-100,-81,-57
1763545008755,-100,-100,-70,-100,-88,-100,-77,-100,-100,-81,-57
1763545008781,-100,-100,-73,-100,-89,-100,-78,-100,-100,-82,-56
1763545008805,-100,-100,-73,-100,-89,-100,-78,-100,-100,-82,-56
1763545008830,-100,-100,-73,-100,-89,-100,-78,-100,-100,-82,-56
1763545008855,-100,-100,-73,-100,-89,-100,-78,-100,-100,-82,-56
1763545008881,-100,-100,-73,-100,-89,-100,-78,-100,-100,-82,-56
1763545008907,-100,-100,-73,-100,-89,-100,-78,-100,-100,-82,-56
1763545008931,-100,-100,-73,-100,-89,-100,-78,-100,-100,-82,-56
1763545008956,-100,-100,-73,-100,-89,-100,-78,-100,-100,-82,-56
1763545008981,-100,-100,-73,-100,-89,-100,-78,-100,-100,-82,-56
1763545009006,-100,-100,-73,-100,-89,-100,-78,-100,-100,-82,-56
1763545009031,-100,-100,-73,-100,-89,-100,-78,-100,-100,-82,-56
1763545009056,-100,-100,-73,-100,-89,-100,-78,-100,-100,-82,-56
1763545009081,-100,-100,-73,-100,-89,-100,-78,-100,-100,-82,-56
1763545009106,-100,-100,-73,-100,-89,-100,-78,-100,-100,-82,-56
1763545009132,-100,-100,-73,-100,-89,-100,-78,-100,-100,-82,-56
1763545009157,-100,-100,-73,-100,-89,-100,-78,-100,-100,-82,-56
1763545009183,-100,-100,-73,-100,-89,-100,-78,-100,-100,-82,-56
1763545009208,-100,-100,-73,-100,-89,-100,-78,-100,-100,-82,-56
1763545009233,-100,-100,-73,-100,-89,-100,-78,-100,-100,-82,-56
1763545009258,-100,-100,-73,-100,-89,-100,-78,-100,-100,-82,-56
1763545009283,-100,-100,-76,-100,-89,-100,-79,-100,-100,-83,-56
1763545009309,-100,-100,-76,-100,-89,-100,-79,-100,-100,-83,-56
1763545009334,-100,-100,-76,-100,-89,-100,-79,-100,-100,-83,-56
1763545009360,-100,-100,-76,-100,-89,-100,-79,-100,-100,-83,-56
1763545009385,-100,-100,-76,-100,-89,-100,-79,-100,-100,-83,-56
1763545009410,-100,-100,-76,-100,-89,-100,-79,-100,-100,-83,-56
1763545009435,-100,-100,-76,-100,-89,-100,-79,-100,-100,-83,-56
1763545009460,-100,-100,-76,-100,-89,-100,-79,-100,-100,-83,-56
1763545009485,-100,-100,-76,-100,-89,-100,-79,-100,-100,-83,-56
1763545009510,-100,-100,-76,-100,-89,-100,-79,-100,-100,-83,-56
1763545009535,-100,-100,-76,-100,-89,-100,-79,-100,-100,-83,-56
1763545009560,-100,-100,-76,-100,-89,-100,-79,-100,-100,-83,-56
1763545009585,-100,-100,-76,-100,-89,-100,-79,-100,-100,-83,-56
1763545009611,-100,-100,-76,-100,-89,-100,-79,-100,-100,-83,-56
1763545009636,-100,-100,-76,-100,-89,-100,-79,-100,-100,-83,-56
1763545009662,-100,-100,-76,-100,-89,-100,-79,-100,-100,-83,-56
1763545009687,-100,-100,-76,-100,-89,-100,-79,-100,-100,-83,-56
1763545009712,-100,-100,-76,-100,-89,-100,-79,-100,-100,-83,-56
1763545009737,-100,-100,-76,-100,-89,-100,-79,-100,-100,-83,-56
1763545009762,-100,-100,-76,-100,-89,-100,-79,-100,-100,-83,-56
1763545009787,-100,-100,-76,-100,-100,-100,-79,-100,-100,-100,-57
1763545009812,-100,-100,-76,-100,-100,-100,-79,-100,-100,-100,-57
1763545009837,-100,-100,-76,-100,-100,-100,-79,-100,-100,-100,-57
1763545009862,-100,-100,-76,-100,-100,-100,-79,-100,-100,-100,-57
1763545009887,-100,-100,-76,-100,-100,-100,-79,-100,-100,-100,-57
1763545009916,-100,-100,-76,-100,-100,-100,-79,-100,-100,-100,-57
1763545009940,-100,-100,-76,-100,-100,-100,-79,-100,-100,-100,-57
1763545009966,-100,-100,-76,-100,-100,-100,-79,-100,-100,-100,-57
1763545009992,-100,-100,-76,-100,-100,-100,-79,-100,-100,-100,-57
1763545010017,-100,-100,-76,-100,-100,-100,-79,-100,-100,-100,-57
1763545010043,-100,-100,-76,-100,-100,-100,-79,-100,-100,-100,-57
1763545010068,-100,-100,-76,-100,-100,-100,-79,-100,-100,-100,-57
1763545010094,-100,-100,-76,-100,-100,-100,-79,-100,-100,-100,-57
1763545010121,-100,-100,-76,-100,-100,-100,-79,-100,-100,-100,-57
1763545010146,-100,-100,-76,-100,-100,-100,-79,-100,-100,-100,-57
1763545010171,-100,-100,-76,-100,-100,-100,-79,-100,-100,-100,-57
1763545010196,-100,-100,-76,-100,-100,-100,-79,-100,-100,-100,-57
1763545010221,-100,-100,-76,-100,-100,-100,-79,-100,-100,-100,-57
1763545010246,-100,-100,-76,-100,-100,-100,-79,-100,-100,-100,-57
1763545010271,-100,-100,-76,-100,-100,-100,-79,-100,-100,-100,-57
1763545010296,-100,-100,-77,-100,-100,-100,-76,-100,-100,-100,-59
1763545010321,-100,-100,-77,-100,-100,-100,-76,-100,-100,-100,-59
1763545010346,-100,-100,-77,-100,-100,-100,-76,-100,-100,-100,-59
1763545010371,-100,-100,-77,-100,-100,-100,-76,-100,-100,-100,-59
1763545010396,-100,-100,-77,-100,-100,-100,-76,-100,-100,-100,-59
1763545010421,-100,-100,-77,-100,-100,-100,-76,-100,-100,-100,-59
1763545010446,-100,-100,-77,-100,-100,-100,-76,-100,-100,-100,-59
1763545010471,-100,-100,-77,-100,-100,-100,-76,-100,-100,-100,-59
1763545010496,-100,-100,-77,-100,-100,-100,-76,-100,-100,-100,-59
1763545010521,-100,-100,-77,-100,-100,-100,-76,-100,-100,-100,-59
1763545010547,-100,-100,-77,-100,-100,-100,-76,-100,-100,-100,-59
1763545010572,-100,-100,-77,-100,-100,-100,-76,-100,-100,-100,-59
1763545010597,-100,-100,-77,-100,-100,-100,-76,-100,-100,-100,-59
1763545010622,-100,-100,-77,-100,-100,-100,-76,-100,-100,-100,-59
1763545010647,-100,-100,-77,-100,-100,-100,-76,-100,-100,-100,-59
1763545010672,-100,-100,-77,-100,-100,-100,-76,-100,-100,-100,-59
1763545010698,-100,-100,-77,-100,-100,-100,-76,-100,-100,-100,-59
1763545010723,-100,-100,-77,-100,-100,-100,-76,-100,-100,-100,-59
1763545010749,-100,-100,-77,-100,-100,-100,-76,-100,-100,-100,-59
1763545010774,-100,-100,-77,-100,-100,-100,-75,-100,-100,-100,-61
1763545010799,-100,-100,-77,-100,-100,-100,-75,-100,-100,-100,-61
1763545010824,-100,-100,-77,-100,-100,-100,-75,-100,-100,-100,-61
1763545010849,-100,-100,-77,-100,-100,-100,-75,-100,-100,-100,-61
1763545010874,-100,-100,-77,-100,-100,-100,-75,-100,-100,-100,-61
1763545010899,-100,-100,-77,-100,-100,-100,-75,-100,-100,-100,-61
1763545010924,-100,-100,-77,-100,-100,-100,-75,-100,-100,-100,-61
1763545010949,-100,-100,-77,-100,-100,-100,-75,-100,-100,-100,-61
1763545010974,-100,-100,-77,-100,-100,-100,-75,-100,-100,-100,-61
1763545010999,-100,-100,-77,-100,-100,-100,-75,-100,-100,-100,-61
1763545011024,-100,-100,-77,-100,-100,-100,-75,-100,-100,-100,-61
1763545011049,-100,-100,-77,-100,-100,-100,-75,-100,-100,-100,-61
1763545011074,-100,-100,-77,-100,-100,-100,-75,-100,-100,-100,-61
1763545011099,-100,-100,-77,-100,-100,-100,-75,-100,-100,-100,-61
1763545011124,-100,-100,-77,-100,-100,-100,-75,-100,-100,-100,-61
1763545011149,-100,-100,-77,-100,-100,-100,-75,-100,-100,-100,-61
1763545011174,-100,-100,-77,-100,-100,-100,-75,-100,-100,-100,-61
1763545011200,-100,-100,-77,-100,-100,-100,-75,-100,-100,-100,-61
1763545011224,-100,-100,-77,-100,-100,-100,-75,-100,-100,-100,-61
1763545011249,-100,-100,-77,-100,-100,-100,-75,-100,-100,-100,-61
1763545011274,-100,-100,-100,-100,-100,-100,-100,-100,-100,-100,-64
1763545011299,-100,-100,-100,-100,-100,-100,-100,-100,-100,-100,-64
1763545011324,-100,-100,-100,-100,-100,-100,-100,-100,-100,-100,-64
1763545011352,-100,-100,-100,-100,-100,-100,-100,-100,-100,-100,-64
1763545011377,-100,-100,-100,-100,-100,-100,-100,-100,-100,-100,-64
1763545011402,-100,-100,-100,-100,-100,-100,-100,-100,-100,-100,-64
1763545011427,-100,-100,-100,-100,-100,-100,-100,-100,-100,-100,-64
1763545011452,-100,-100,-100,-100,-100,-100,-100,-100,-100,-100,-64
1763545011477,-100,-100,-100,-100,-100,-100,-100,-100,-100,-100,-64
1763545011504,-100,-100,-100,-100,-100,-100,-100,-100,-100,-100,-64
1763545011529,-100,-100,-100,-100,-100,-100,-100,-100,-100,-100,-64
1763545011554,-100,-100,-100,-100,-100,-100,-100,-100,-100,-100,-64
1763545011579,-100,-100,-100,-100,-100,-100,-100,-100,-100,-100,-64
1763545011604,-100,-100,-100,-100,-100,-100,-100,-100,-100,-100,-64
1763545011629,-100,-100,-100,-100,-100,-100,-100,-100,-100,-100,-64
1763545011654,-100,-100,-100,-100,-100,-100,-100,-100,-100,-100,-64
1763545011679,-100,-100,-100,-100,-100,-100,-100,-100,-100,-100,-64
1763545011704,-100,-100,-100,-100,-100,-100,-100,-100,-100,-100,-64
1763545011729,-100,-100,-100,-100,-100,-100,-100,-100,-100,-100,-64
1763545011754,-100,-100,-100,-100,-100,-100,-100,-100,-100,-100,-64
1763545011780,-100,-100,-75,-100,-100,-100,-100,-100,-100,-100,-63
1763545011805,-100,-100,-75,-100,-100,-100,-100,-100,-100,-100,-63
1763545011831,-100,-100,-75,-100,-100,-100,-100,-100,-100,-100,-63
1763545011855,-100,-100,-75,-100,-100,-100,-100,-100,-100,-100,-63
1763545011880,-100,-100,-75,-100,-100,-100,-100,-100,-100,-100,-63
1763545011905,-100,-100,-75,-100,-100,-100,-100,-100,-100,-100,-63
1763545011930,-100,-100,-75,-100,-100,-100,-100,-100,-100,-100,-63
1763545011955,-100,-100,-75,-100,-100,-100,-100,-100,-100,-100,-63
1763545011981,-100,-100,-75,-100,-100,-100,-100,-100,-100,-100,-63
1763545012006,-100,-100,-75,-100,-100,-100,-100,-100,-100,-100,-63
1763545012031,-100,-100,-75,-100,-100,-100,-100,-100,-100,-100,-63
1763545012056,-100,-100,-75,-100,-100,-100,-100,-100,-100,-100,-63
1763545012081,-100,-100,-75,-100,-100,-100,-100,-100,-100,-100,-63
1763545012106,-100,-100,-75,-100,-100,-100,-100,-100,-100,-100,-63
1763545012132,-100,-100,-75,-100,-100,-100,-100,-100,-100,-100,-63
1763545012157,-100,-100,-75,-100,-100,-100,-100,-100,-100,-100,-63
1763545012182,-100,-100,-75,-100,-100,-100,-100,-100,-100,-100,-63
1763545012207,-100,-100,-75,-100,-100,-100,-100,-100,-100,-100,-63
1763545012232,-100,-100,-75,-100,-100,-100,-100,-100,-100,-100,-63
1763545012257,-100,-100,-75,-100,-100,-100,-100,-100,-100,-100,-63
1763545012284,-100,-100,-76,-100,-100,-100,-80,-100,-100,-100,-62
1763545012309,-100,-100,-76,-100,-100,-100,-80,-100,-100,-100,-62
1763545012334,-100,-100,-76,-100,-100,-100,-80,-100,-100,-100,-62
1763545012359,-100,-100,-76,-100,-100,-100,-80,-100,-100,-100,-62
1763545012384,-100,-100,-76,-100,-100,-100,-80,-100,-100,-100,-62
1763545012410,-100,-100,-76,-100,-100,-100,-80,-100,-100,-100,-62
1763545012436,-100,-100,-76,-100,-100,-100,-80,-100,-100,-100,-62
1763545012461,-100,-100,-76,-100,-100,-100,-80,-100,-100,-100,-62
1763545012487,-100,-100,-76,-100,-100,-100,-80,-100,-100,-100,-62
1763545012511,-100,-100,-76,-100,-100,-100,-80,-100,-100,-100,-62
1763545012537,-100,-100,-76,-100,-100,-100,-80,-100,-100,-100,-62
1763545012562,-100,-100,-76,-100,-100,-100,-80,-100,-100,-100,-62
1763545012587,-100,-100,-76,-100,-100,-100,-80,-100,-100,-100,-62
1763545012614,-100,-100,-76,-100,-100,-100,-80,-100,-100,-100,-62
1763545012640,-100,-100,-76,-100,-100,-100,-80,-100,-100,-100,-62
1763545012665,-100,-100,-76,-100,-100,-100,-80,-100,-100,-100,-62
1763545012691,-100,-100,-76,-100,-100,-100,-80,-100,-100,-100,-62
1763545012716,-100,-100,-76,-100,-100,-100,-80,-100,-100,-100,-62
1763545012741,-100,-100,-76,-100,-100,-100,-80,-100,-100,-100,-62
1763545012766,-100,-100,-76,-100,-100,-100,-80,-100,-100,-100,-62
1763545012791,-100,-100,-79,-100,-100,-100,-81,-100,-100,-100,-64
1763545012816,-100,-100,-79,-100,-100,-100,-81,-100,-100,-100,-64
1763545012841,-100,-100,-79,-100,-100,-100,-81,-100,-100,-100,-64
1763545012866,-100,-100,-79,-100,-100,-100,-81,-100,-100,-100,-64
1763545012891,-100,-100,-79,-100,-100,-100,-81,-100,-100,-100,-64
1763545012917,-100,-100,-79,-100,-100,-100,-81,-100,-100,-100,-64
1763545012941,-100,-100,-79,-100,-100,-100,-81,-100,-100,-100,-64
1763545012966,-100,-100,-79,-100,-100,-100,-81,-100,-100,-100,-64
1763545012991,-100,-100,-79,-100,-100,-100,-81,-100,-100,-100,-64
1763545013016,-100,-100,-79,-100,-100,-100,-81,-100,-100,-100,-64
1763545013041,-100,-100,-79,-100,-100,-100,-81,-100,-100,-100,-64
1763545013067,-100,-100,-79,-100,-100,-100,-81,-100,-100,-100,-64
1763545013092,-100,-100,-79,-100,-100,-100,-81,-100,-100,-100,-64
1763545013117,-100,-100,-79,-100,-100,-100,-81,-100,-100,-100,-64
1763545013143,-100,-100,-79,-100,-100,-100,-81,-100,-100,-100,-64
1763545013168,-100,-100,-79,-100,-100,-100,-81,-100,-100,-100,-64
1763545013193,-100,-100,-79,-100,-100,-100,-81,-100,-100,-100,-64
1763545013220,-100,-100,-79,-100,-100,-100,-81,-100,-100,-100,-64
1763545013245,-100,-100,-79,-100,-100,-100,-81,-100,-100,-100,-64
1763545013270,-100,-100,-79,-100,-100,-100,-81,-100,-100,-100,-64
1763545013296,-100,-100,-80,-100,-100,-100,-83,-100,-100,-100,-66
1763545013321,-100,-100,-80,-100,-100,-100,-83,-100,-100,-100,-66
1763545013347,-100,-100,-80,-100,-100,-100,-83,-100,-100,-100,-66
1763545013372,-100,-100,-80,-100,-100,-100,-83,-100,-100,-100,-66
1763545013399,-100,-100,-80,-100,-100,-100,-83,-100,-100,-100,-66
1763545013424,-100,-100,-80,-100,-100,-100,-83,-100,-100,-100,-66
1763545013449,-100,-100,-80,-100,-100,-100,-83,-100,-100,-100,-66
1763545013475,-100,-100,-80,-100,-100,-100,-83,-100,-100,-100,-66
1763545013501,-100,-100,-80,-100,-100,-100,-83,-100,-100,-100,-66
1763545013527,-100,-100,-80,-100,-100,-100,-83,-100,-100,-100,-66
1763545013552,-100,-100,-80,-100,-100,-100,-83,-100,-100,-100,-66
1763545013577,-100,-100,-80,-100,-100,-100,-83,-100,-100,-100,-66
1763545013602,-100,-100,-80,-100,-100,-100,-83,-100,-100,-100,-66
1763545013627,-100,-100,-80,-100,-100,-100,-83,-100,-100,-100,-66
1763545013652,-100,-100,-80,-100,-100,-100,-83,-100,-100,-100,-66
1763545013677,-100,-100,-80,-100,-100,-100,-83,-100,-100,-100,-66
1763545013702,-100,-100,-80,-100,-100,-100,-83,-100,-100,-100,-66
1763545013730,-100,-100,-80,-100,-100,-100,-83,-100,-100,-100,-66
