timestamp,TJ-00CB-00000486-0000,TJ-00CB-00000483-0000,TJ-00CB-00000482-0000,TJ-00CB-00000477-0000,TJ-00CB-00000488-0000,TJ-00CB-0000047D-0000,TJ-00CB-0000047B-0000,TJ-00CB-00000481-0000,TJ-00CB-00000480-0000,TJ-00CB-0000047F-0000,TJ-00CB-0000048A-0000
1763545337001,-100,-100,-100,-100,-100,-100,-100,-100,-100,-100,-100
1763545337026,-100,-100,-100,-100,-100,-100,-100,-100,-100,-100,-100
1763545337051,-100,-100,-100,-100,-100,-100,-100,-100,-100,-100,-100
1763545337076,-100,-100,-100,-100,-100,-100,-100,-100,-100,-100,-100
1763545337101,-100,-100,-100,-100,-100,-100,-100,-100,-100,-100,-100
1763545337127,-100,-100,-100,-100,-100,-100,-100,-100,-100,-100,-100
1763545337152,-100,-100,-100,-100,-100,-100,-100,-100,-100,-100,-100
1763545337177,-100,-100,-100,-100,-100,-100,-100,-100,-100,-100,-100
1763545337202,-100,-100,-100,-100,-100,-100,-100,-100,-100,-100,-100
1763545337227,-100,-100,-100,-100,-100,-100,-100,-100,-100,-100,-100
1763545337253,-100,-100,-100,-100,-100,-100,-100,-100,-100,-100,-100
1763545337278,-100,-100,-100,-100,-100,-100,-100,-100,-100,-100,-100
1763545337303,-100,-100,-100,-100,-100,-100,-100,-100,-100,-100,-100
1763545337329,-100,-100,-100,-100,-100,-100,-100,-100,-100,-100,-100
1763545337354,-100,-100,-100,-100,-100,-100,-100,-100,-100,-100,-100
1763545337379,-100,-100,-100,-100,-100,-100,-100,-100,-100,-100,-100
1763545337404,-100,-100,-100,-100,-100,-100,-100,-100,-100,-100,-100
1763545337430,-100,-100,-100,-100,-100,-100,-100,-100,-100,-100,-100
1763545337456,-100,-100,-100,-100,-100,-100,-100,-100,-100,-100,-100
1763545337482,-100,-100,-100,-100,-100,-100,-100,-100,-100,-100,-100
1763545337507,-100,-100,-58,-100,-100,-100,-100,-100,-81,-100,-88
1763545337533,-100,-100,-58,-100,-100,-100,-100,-100,-81,-100,-88
1763545337558,-100,-100,-58,-100,-100,-100,-100,-100,-81,-100,-88
1763545337584,-100,-100,-58,-100,-100,-100,-100,-100,-81,-100,-88
1763545337609,-100,-100,-58,-100,-100,-100,-100,-100,-81,-100,-88
1763545337634,-100,-100,-58,-100,-100,-100,-100,-100,-81,-100,-88
1763545337659,-100,-100,-58,-100,-100,-100,-100,-100,-81,-100,-88
1763545337684,-100,-100,-58,-100,-100,-100,-100,-100,-81,-100,-88
1763545337709,-100,-100,-58,-100,-100,-100,-100,-100,-81,-100,-88
1763545337734,-100,-100,-58,-100,-100,-100,-100,-100,-81,-100,-88
1763545337759,-100,-100,-58,-100,-100,-100,-100,-100,-81,-100,-88
1763545337784,-100,-100,-58,-100,-100,-100,-100,-100,-81,-100,-88
1763545337810,-100,-100,-58,-100,-100,-100,-100,-100,-81,-100,-88
1763545337834,-100,-100,-58,-100,-100,-100,-100,-100,-81,-100,-88
1763545337860,-100,-100,-58,-100,-100,-100,-100,-100,-81,-100,-88
1763545337885,-100,-100,-58,-100,-100,-100,-100,-100,-81,-100,-88
1763545337910,-100,-100,-58,-100,-100,-100,-100,-100,-81,-100,-88
1763545337935,-100,-100,-58,-100,-100,-100,-100,-100,-81,-100,-88
1763545337961,-100,-100,-58,-100,-100,-100,-100,-100,-81,-100,-88
1763545337985,-100,-100,-58,-100,-100,-100,-100,-100,-81,-100,-88
1763545338010,-100,-100,-57,-100,-100,-100,-100,-100,-81,-100,-87
1763545338035,-100,-100,-57,-100,-100,-100,-100,-100,-81,-100,-87
1763545338060,-100,-100,-57,-100,-100,-100,-100,-100,-81,-100,-87
1763545338086,-100,-100,-57,-100,-100,-100,-100,-100,-81,-100,-87
1763545338111,-100,-100,-57,-100,-100,-100,-100,-100,-81,-100,-87
1763545338137,-100,-100,-57,-100,-100,-100,-100,-100,-81,-100,-87
1763545338162,-100,-100,-57,-100,-100,-100,-100,-100,-81,-100,-87
1763545338187,-100,-100,-57,-100,-100,-100,-100,-100,-81,-100,-87
1763545338213,-100,-100,-57,-100,-100,-100,-100,-100,-81,-100,-87
1763545338238,-100,-100,-57,-100,-100,-100,-100,-100,-81,-100,-87
1763545338263,-100,-100,-57,-100,-100,-100,-100,-100,-81,-100,-87
1763545338288,-100,-100,-57,-100,-100,-100,-100,-100,-81,-100,-87
1763545338313,-100,-100,-57,-100,-100,-100,-100,-100,-81,-100,-87
1763545338338,-100,-100,-57,-100,-100,-100,-100,-100,-81,-100,-87
1763545338363,-100,-100,-57,-100,-100,-100,-100,-100,-81,-100,-87
1763545338388,-100,-100,-57,-100,-100,-100,-100,-100,-81,-100,-87
1763545338414,-100,-100,-57,-100,-100,-100,-100,-100,-81,-100,-87
1763545338439,-100,-100,-57,-100,-100,-100,-100,-100,-81,-100,-87
1763545338464,-100,-100,-57,-100,-100,-100,-100,-100,-81,-100,-87
1763545338489,-100,-100,-57,-100,-100,-100,-100,-100,-81,-100,-87
1763545338514,-100,-84,-55,-100,-100,-100,-100,-100,-80,-100,-83
1763545338539,-100,-84,-55,-100,-100,-100,-100,-100,-80,-100,-83
1763545338564,-100,-84,-55,-100,-100,-100,-100,-100,-80,-100,-83
1763545338589,-100,-84,-55,-100,-100,-100,-100,-100,-80,-100,-83
1763545338614,-100,-84,-55,-100,-100,-100,-100,-100,-80,-100,-83
1763545338639,-100,-84,-55,-100,-100,-100,-100,-100,-80,-100,-83
1763545338664,-100,-84,-55,-100,-100,-100,-100,-100,-80,-100,-83
1763545338689,-100,-84,-55,-100,-100,-100,-100,-100,-80,-100,-83
1763545338714,-100,-84,-55,-100,-100,-100,-100,-100,-80,-100,-83
1763545338740,-100,-84,-55,-100,-100,-100,-100,-100,-80,-100,-83
1763545338765,-100,-84,-55,-100,-100,-100,-100,-100,-80,-100,-83
1763545338790,-100,-84,-55,-100,-100,-100,-100,-100,-80,-100,-83
1763545338815,-100,-84,-55,-100,-100,-100,-100,-100,-80,-100,-83
1763545338841,-100,-84,-55,-100,-100,-100,-100,-100,-80,-100,-83
1763545338867,-100,-84,-55,-100,-100,-100,-100,-100,-80,-100,-83
1763545338893,-100,-84,-55,-100,-100,-100,-100,-100,-80,-100,-83
1763545338918,-100,-84,-55,-100,-100,-100,-100,-100,-80,-100,-83
1763545338943,-100,-84,-55,-100,-100,-100,-100,-100,-80,-100,-83
1763545338968,-100,-84,-55,-100,-100,-100,-100,-100,-80,-100,-83
1763545338993,-100,-84,-55,-100,-100,-100,-100,-100,-80,-100,-83
1763545339018,-100,-83,-57,-100,-100,-100,-100,-100,-80,-100,-81
1763545339043,-100,-83,-57,-100,-100,-100,-100,-100,-80,-100,-81
1763545339068,-100,-83,-57,-100,-100,-100,-100,-100,-80,-100,-81
1763545339093,-100,-83,-57,-100,-100,-100,-100,-100,-80,-100,-81
1763545339118,-100,-83,-57,-100,-100,-100,-100,-100,-80,-100,-81
1763545339143,-100,-83,-57,-100,-100,-100,-100,-100,-80,-100,-81
1763545339169,-100,-83,-57,-100,-100,-100,-100,-100,-80,-100,-81
1763545339193,-100,-83,-57,-100,-100,-100,-100,-100,-80,-100,-81
1763545339218,-100,-83,-57,-100,-100,-100,-100,-100,-80,-100,-81
1763545339244,-100,-83,-57,-100,-100,-100,-100,-100,-80,-100,-81
1763545339269,-100,-83,-57,-100,-100,-100,-100,-100,-80,-100,-81
1763545339296,-100,-83,-57,-100,-100,-100,-100,-100,-80,-100,-81
1763545339321,-100,-83,-57,-100,-100,-100,-100,-100,-80,-100,-81
1763545339346,-100,-83,-57,-100,-100,-100,-100,-100,-80,-100,-81
1763545339371,-100,-83,-57,-100,-100,-100,-100,-100,-80,-100,-81
1763545339396,-100,-83,-57,-100,-100,-100,-100,-100,-80,-100,-81
1763545339422,-100,-83,-57,-100,-100,-100,-100,-100,-80,-100,-81
1763545339447,-100,-83,-57,-100,-100,-100,-100,-100,-80,-100,-81
1763545339472,-100,-83,-57,-100,-100,-100,-100,-100,-80,-100,-81
1763545339497,-100,-83,-57,-100,-100,-100,-100,-100,-80,-100,-81
1763545339522,-100,-82,-58,-100,-100,-100,-100,-100,-79,-100,-81
1763545339547,-100,-82,-58,-100,-100,-100,-100,-100,-79,-100,-81
1763545339573,-100,-82,-58,-100,-100,-100,-100,-100,-79,-100,-81
1763545339597,-100,-82,-58,-100,-100,-100,-100,-100,-79,-100,-81
1763545339622,-100,-82,-58,-100,-100,-100,-100,-100,-79,-100,-81
1763545339647,-100,-82,-58,-100,-100,-100,-100,-100,-79,-100,-81
1763545339672,-100,-82,-58,-100,-100,-100,-100,-100,-79,-100,-81
1763545339697,-100,-82,-58,-100,-100,-100,-100,-100,-79,-100,-81
1763545339723,-100,-82,-58,-100,-100,-100,-100,-100,-79,-100,-81
1763545339748,-100,-82,-58,-100,-100,-100,-100,-100,-79,-100,-81
1763545339773,-100,-82,-58,-100,-100,-100,-100,-100,-79,-100,-81
1763545339798,-100,-82,-58,-100,-100,-100,-100,-100,-79,-100,-81
1763545339823,-100,-82,-58,-100,-100,-100,-100,-100,-79,-100,-81
1763545339849,-100,-82,-58,-100,-100,-100,-100,-100,-79,-100,-81
1763545339874,-100,-82,-58,-100,-100,-100,-100,-100,-79,-100,-81
1763545339900,-100,-82,-58,-100,-100,-100,-100,-100,-79,-100,-81
1763545339925,-100,-82,-58,-100,-100,-100,-100,-100,-79,-100,-81
1763545339950,-100,-82,-58,-100,-100,-100,-100,-100,-79,-100,-81
1763545339975,-100,-82,-58,-100,-100,-100,-100,-100,-79,-100,-81
1763545340001,-100,-82,-58,-100,-100,-100,-100,-100,-79,-100,-81
1763545340026,-100,-82,-56,-100,-100,-100,-100,-100,-80,-100,-81
1763545340052,-100,-82,-56,-100,-100,-100,-100,-100,-80,-100,-81
1763545340077,-100,-82,-56,-100,-100,-100,-100,-100,-80,-100,-81
1763545340102,-100,-82,-56,-100,-100,-100,-100,-100,-80,-100,-81
1763545340127,-100,-82,-56,-100,-100,-100,-100,-100,-80,-100,-81
1763545340152,-100,-82,-56,-100,-100,-100,-100,-100,-80,-100,-81
1763545340177,-100,-82,-56,-100,-100,-100,-100,-100,-80,-100,-81
1763545340202,-100,-82,-56,-100,-100,-100,-100,-100,-80,-100,-81
1763545340227,-100,-82,-56,-100,-100,-100,-100,-100,-80,-100,-81
1763545340252,-100,-82,-56,-100,-100,-100,-100,-100,-80,-100,-81
1763545340277,-100,-82,-56,-100,-100,-100,-100,-100,-80,-100,-81
1763545340303,-100,-82,-56,-100,-100,-100,-100,-100,-80,-100,-81
1763545340328,-100,-82,-56,-100,-100,-100,-100,-100,-80,-100,-81
1763545340353,-100,-82,-56,-100,-100,-100,-100,-100,-80,-100,-81
1763545340378,-100,-82,-56,-100,-100,-100,-100,-100,-80,-100,-81
1763545340403,-100,-82,-56,-100,-100,-100,-100,-100,-80,-100,-81
1763545340428,-100,-82,-56,-100,-100,-100,-100,-100,-80,-100,-81
1763545340454,-100,-82,-56,-100,-100,-100,-100,-100,-80,-100,-81
1763545340479,-100,-82,-56,-100,-100,-100,-100,-100,-80,-100,-81
1763545340505,-100,-83,-56,-100,-100,-100,-100,-100,-80,-100,-81
1763545340530,-100,-83,-56,-100,-100,-100,-100,-100,-80,-100,-81
1763545340555,-100,-83,-56,-100,-100,-100,-100,-100,-80,-100,-81
1763545340580,-100,-83,-56,-100,-100,-100,-100,-100,-80,-100,-81
1763545340606,-100,-83,-56,-100,-100,-100,-100,-100,-80,-100,-81
1763545340631,-100,-83,-56,-100,-100,-100,-100,-100,-80,-100,-81
1763545340656,-100,-83,-56,-100,-100,-100,-100,-100,-80,-100,-81
1763545340682,-100,-83,-56,-100,-100,-100,-100,-100,-80,-100,-81
1763545340707,-100,-83,-56,-100,-100,-100,-100,-100,-80,-100,-81
1763545340732,-100,-83,-56,-100,-100,-100,-100,-100,-80,-100,-81
1763545340757,-100,-83,-56,-100,-100,-100,-100,-100,-80,-100,-81
1763545340782,-100,-83,-56,-100,-100,-100,-100,-100,-80,-100,-81
1763545340807,-100,-83,-56,-100,-100,-100,-100,-100,-80,-100,-81
1763545340832,-100,-83,-56,-100,-100,-100,-100,-100,-80,-100,-81
1763545340857,-100,-83,-56,-100,-100,-100,-100,-100,-80,-100,-81
1763545340883,-100,-83,-56,-100,-100,-100,-100,-100,-80,-100,-81
1763545340908,-100,-83,-56,-100,-100,-100,-100,-100,-80,-100,-81
1763545340933,-100,-83,-56,-100,-100,-100,-100,-100,-80,-100,-81
1763545340959,-100,-83,-56,-100,-100,-100,-100,-100,-80,-100,-81
1763545340984,-100,-83,-56,-100,-100,-100,-100,-100,-80,-100,-81
1763545341009,-100,-83,-57,-100,-100,-100,-100,-100,-80,-100,-78
1763545341034,-100,-83,-57,-100,-100,-100,-100,-100,-80,-100,-78
1763545341059,-100,-83,-57,-100,-100,-100,-100,-100,-80,-100,-78
1763545341084,-100,-83,-57,-100,-100,-100,-100,-100,-80,-100,-78
1763545341109,-100,-83,-57,-100,-100,-100,-100,-100,-80,-100,-78
1763545341135,-100,-83,-57,-100,-100,-100,-100,-100,-80,-100,-78
1763545341160,-100,-83,-57,-100,-100,-100,-100,-100,-80,-100,-78
1763545341185,-100,-83,-57,-100,-100,-100,-100,-100,-80,-100,-78
1763545341210,-100,-83,-57,-100,-100,-100,-100,-100,-80,-100,-78
1763545341235,-100,-83,-57,-100,-100,-100,-100,-100,-80,-100,-78
1763545341260,-100,-83,-57,-100,-100,-100,-100,-100,-80,-100,-78
1763545341285,-100,-83,-57,-100,-100,-100,-100,-100,-80,-100,-78
1763545341310,-100,-83,-57,-100,-100,-100,-100,-100,-80,-100,-78
1763545341335,-100,-83,-57,-100,-100,-100,-100,-100,-80,-100,-78
1763545341360,-100,-83,-57,-100,-100,-100,-100,-100,-80,-100,-78
1763545341385,-100,-83,-57,-100,-100,-100,-100,-100,-80,-100,-78
1763545341410,-100,-83,-57,-100,-100,-100,-100,-100,-80,-100,-78
1763545341435,-100,-83,-57,-100,-100,-100,-100,-100,-80,-100,-78
1763545341460,-100,-83,-57,-100,-100,-100,-100,-100,-80,-100,-78
1763545341485,-100,-83,-57,-100,-100,-100,-100,-100,-80,-100,-78
1763545341510,-100,-83,-56,-100,-100,-100,-100,-100,-76,-100,-75
1763545341535,-100,-83,-56,-100,-100,-100,-100,-100,-76,-100,-75
1763545341561,-100,-83,-56,-100,-100,-100,-100,-100,-76,-100,-75
1763545341587,-100,-83,-56,-100,-100,-100,-100,-100,-76,-100,-75
1763545341612,-100,-83,-56,-100,-100,-100,-100,-100,-76,-100,-75
1763545341637,-100,-83,-56,-100,-100,-100,-100,-100,-76,-100,-75
1763545341662,-100,-83,-56,-100,-100,-100,-100,-100,-76,-100,-75
1763545341687,-100,-83,-56,-100,-100,-100,-100,-100,-76,-100,-75
1763545341712,-100,-83,-56,-100,-100,-100,-100,-100,-76,-100,-75
1763545341737,-100,-83,-56,-100,-100,-100,-100,-100,-76,-100,-75
1763545341762,-100,-83,-56,-100,-100,-100,-100,-100,-76,-100,-75
1763545341787,-100,-83,-56,-100,-100,-100,-100,-100,-76,-100,-75
1763545341812,-100,-83,-56,-100,-100,-100,-100,-100,-76,-100,-75
1763545341837,-100,-83,-56,-100,-100,-100,-100,-100,-76,-100,-75
1763545341862,-100,-83,-56,-100,-100,-100,-100,-100,-76,-100,-75
1763545341888,-100,-83,-56,-100,-100,-100,-100,-100,-76,-100,-75
1763545341913,-100,-83,-56,-100,-100,-100,-100,-100,-76,-100,-75
1763545341938,-100,-83,-56,-100,-100,-100,-100,-100,-76,-100,-75
1763545341963,-100,-83,-56,-100,-100,-100,-100,-100,-76,-100,-75
1763545341988,-100,-83,-56,-100,-100,-100,-100,-100,-76,-100,-75
1763545342013,-100,-100,-54,-100,-100,-100,-100,-100,-75,-100,-76
1763545342038,-100,-100,-54,-100,-100,-100,-100,-100,-75,-100,-76
1763545342063,-100,-100,-54,-100,-100,-100,-100,-100,-75,-100,-76
1763545342088,-100,-100,-54,-100,-100,-100,-100,-100,-75,-100,-76
1763545342113,-100,-100,-54,-100,-100,-100,-100,-100,-75,-100,-76
1763545342138,-100,-100,-54,-100,-100,-100,-100,-100,-75,-100,-76
1763545342163,-100,-100,-54,-100,-100,-100,-100,-100,-75,-100,-76
1763545342188,-100,-100,-54,-100,-100,-100,-100,-100,-75,-100,-76
1763545342213,-100,-100,-54,-100,-100,-100,-100,-100,-75,-100,-76
1763545342238,-100,-100,-54,-100,-100,-100,-100,-100,-75,-100,-76
1763545342263,-100,-100,-54,-100,-100,-100,-100,-100,-75,-100,-76
1763545342288,-100,-100,-54,-100,-100,-100,-100,-100,-75,-100,-76
1763545342313,-100,-100,-54,-100,-100,-100,-100,-100,-75,-100,-76
1763545342338,-100,-100,-54,-100,-100,-100,-100,-100,-75,-100,-76
1763545342364,-100,-100,-54,-100,-100,-100,-100,-100,-75,-100,-76
1763545342389,-100,-100,-54,-100,-100,-100,-100,-100,-75,-100,-76
1763545342414,-100,-100,-54,-100,-100,-100,-100,-100,-75,-100,-76
1763545342440,-100,-100,-54,-100,-100,-100,-100,-100,-75,-100,-76
1763545342465,-100,-100,-54,-100,-100,-100,-100,-100,-75,-100,-76
1763545342490,-100,-100,-54,-100,-100,-100,-100,-100,-75,-100,-76
1763545342515,-100,-82,-54,-100,-100,-100,-100,-100,-76,-100,-77
1763545342541,-100,-82,-54,-100,-100,-100,-100,-100,-76,-100,-77
1763545342567,-100,-82,-54,-100,-100,-100,-100,-100,-76,-100,-77
1763545342592,-100,-82,-54,-100,-100,-100,-100,-100,-76,-100,-77
1763545342617,-100,-82,-54,-100,-100,-100,-100,-100,-76,-100,-77
1763545342642,-100,-82,-54,-100,-100,-100,-100,-100,-76,-100,-77
1763545342668,-100,-82,-54,-100,-100,-100,-100,-100,-76,-100,-77
1763545342694,-100,-82,-54,-100,-100,-100,-100,-100,-76,-100,-77
1763545342719,-100,-82,-54,-100,-100,-100,-100,-100,-76,-100,-77
1763545342745,-100,-82,-54,-100,-100,-100,-100,-100,-76,-100,-77
1763545342770,-100,-82,-54,-100,-100,-100,-100,-100,-76,-100,-77
1763545342796,-100,-82,-54,-100,-100,-100,-100,-100,-76,-100,-77
1763545342822,-100,-82,-54,-100,-100,-100,-100,-100,-76,-100,-77
1763545342847,-100,-82,-54,-100,-100,-100,-100,-100,-76,-100,-77
1763545342873,-100,-82,-54,-100,-100,-100,-100,-100,-76,-100,-77
1763545342898,-100,-82,-54,-100,-100,-100,-100,-100,-76,-100,-77
1763545342923,-100,-82,-54,-100,-100,-100,-100,-100,-76,-100,-77
1763545342948,-100,-82,-54,-100,-100,-100,-100,-100,-76,-100,-77
1763545342974,-100,-82,-54,-100,-100,-100,-100,-100,-76,-100,-77
1763545343000,-100,-82,-54,-100,-100,-100,-100,-100,-76,-100,-77
1763545343025,-100,-82,-56,-100,-100,-100,-100,-100,-77,-100,-76
1763545343050,-100,-82,-56,-100,-100,-100,-100,-100,-77,-100,-76
1763545343075,-100,-82,-56,-100,-100,-100,-100,-100,-77,-100,-76
1763545343100,-100,-82,-56,-100,-100,-100,-100,-100,-77,-100,-76
1763545343125,-100,-82,-56,-100,-100,-100,-100,-100,-77,-100,-76
1763545343150,-100,-82,-56,-100,-100,-100,-100,-100,-77,-100,-76
1763545343175,-100,-82,-56,-100,-100,-100,-100,-100,-77,-100,-76
1763545343201,-100,-82,-56,-100,-100,-100,-100,-100,-77,-100,-76
1763545343227,-100,-82,-56,-100,-100,-100,-100,-100,-77,-100,-76
1763545343252,-100,-82,-56,-100,-100,-100,-100,-100,-77,-100,-76
1763545343277,-100,-82,-56,-100,-100,-100,-100,-100,-77,-100,-76
1763545343302,-100,-82,-56,-100,-100,-100,-100,-100,-77,-100,-76
1763545343327,-100,-82,-56,-100,-100,-100,-100,-100,-77,-100,-76
1763545343352,-100,-82,-56,-100,-100,-100,-100,-100,-77,-100,-76
1763545343378,-100,-82,-56,-100,-100,-100,-100,-100,-77,-100,-76
1763545343403,-100,-82,-56,-100,-100,-100,-100,-100,-77,-100,-76
1763545343428,-100,-82,-56,-100,-100,-100,-100,-100,-77,-100,-76
1763545343454,-100,-82,-56,-100,-100,-100,-100,-100,-77,-100,-76
1763545343480,-100,-82,-56,-100,-100,-100,-100,-100,-77,-100,-76
1763545343504,-100,-100,-55,-100,-100,-100,-100,-100,-75,-100,-75
1763545343532,-100,-100,-55,-100,-100,-100,-100,-100,-75,-100,-75
1763545343557,-100,-100,-55,-100,-100,-100,-100,-100,-75,-100,-75
1763545343582,-100,-100,-55,-100,-100,-100,-100,-100,-75,-100,-75
1763545343607,-100,-100,-55,-100,-100,-100,-100,-100,-75,-100,-75
1763545343632,-100,-100,-55,-100,-100,-100,-100,-100,-75,-100,-75
1763545343657,-100,-100,-55,-100,-100,-100,-100,-100,-75,-100,-75
1763545343682,-100,-100,-55,-100,-100,-100,-100,-100,-75,-100,-75
1763545343708,-100,-100,-55,-100,-100,-100,-100,-100,-75,-100,-75
1763545343734,-100,-100,-55,-100,-100,-100,-100,-100,-75,-100,-75
1763545343760,-100,-100,-55,-100,-100,-100,-100,-100,-75,-100,-75
1763545343786,-100,-100,-55,-100,-100,-100,-100,-100,-75,-100,-75
1763545343811,-100,-100,-55,-100,-100,-100,-100,-100,-75,-100,-75
1763545343836,-100,-100,-55,-100,-100,-100,-100,-100,-75,-100,-75
1763545343861,-100,-100,-55,-100,-100,-100,-100,-100,-75,-100,-75
1763545343886,-100,-100,-55,-100,-100,-100,-100,-100,-75,-100,-75
1763545343912,-100,-100,-55,-100,-100,-100,-100,-100,-75,-100,-75
1763545343937,-100,-100,-55,-100,-100,-100,-100,-100,-75,-100,-75
1763545343966,-100,-100,-55,-100,-100,-100,-100,-100,-75,-100,-75
1763545343991,-100,-100,-55,-100,-100,-100,-100,-100,-75,-100,-75
1763545344017,-100,-100,-55,-100,-100,-100,-100,-100,-72,-100,-75
1763545344042,-100,-100,-55,-100,-100,-100,-100,-100,-72,-100,-75
1763545344067,-100,-100,-55,-100,-100,-100,-100,-100,-72,-100,-75
1763545344092,-100,-100,-55,-100,-100,-100,-100,-100,-72,-100,-75
1763545344117,-100,-100,-55,-100,-100,-100,-100,-100,-72,-100,-75
1763545344142,-100,-100,-55,-100,-100,-100,-100,-100,-72,-100,-75
1763545344167,-100,-100,-55,-100,-100,-100,-100,-100,-72,-100,-75
1763545344192,-100,-100,-55,-100,-100,-100,-100,-100,-72,-100,-75
1763545344218,-100,-100,-55,-100,-100,-100,-100,-100,-72,-100,-75
1763545344243,-100,-100,-55,-100,-100,-100,-100,-100,-72,-100,-75
1763545344269,-100,-100,-55,-100,-100,-100,-100,-100,-72,-100,-75
1763545344294,-100,-100,-55,-100,-100,-100,-100,-100,-72,-100,-75
1763545344320,-100,-100,-55,-100,-100,-100,-100,-100,-72,-100,-75
1763545344345,-100,-100,-55,-100,-100,-100,-100,-100,-72,-100,-75
1763545344371,-100,-100,-55,-100,-100,-100,-100,-100,-72,-100,-75
1763545344397,-100,-100,-55,-100,-100,-100,-100,-100,-72,-100,-75
1763545344423,-100,-100,-55,-100,-100,-100,-100,-100,-72,-100,-75
1763545344448,-100,-100,-55,-100,-100,-100,-100,-100,-72,-100,-75
1763545344474,-100,-100,-55,-100,-100,-100,-100,-100,-72,-100,-75
1763545344499,-100,-100,-55,-100,-100,-100,-100,-100,-72,-100,-75
1763545344525,-100,-100,-54,-100,-100,-100,-100,-100,-73,-100,-76
1763545344550,-100,-100,-54,-100,-100,-100,-100,-100,-73,-100,-76
1763545344575,-100,-100,-54,-100,-100,-100,-100,-100,-73,-100,-76
1763545344600,-100,-100,-54,-100,-100,-100,-100,-100,-73,-100,-76
1763545344625,-100,-100,-54,-100,-100,-100,-100,-100,-73,-100,-76
1763545344651,-100,-100,-54,-100,-100,-100,-100,-100,-73,-100,-76
1763545344677,-100,-100,-54,-100,-100,-100,-100,-100,-73,-100,-76
1763545344702,-100,-100,-54,-100,-100,-100,-100,-100,-73,-100,-76
1763545344727,-100,-100,-54,-100,-100,-100,-100,-100,-73,-100,-76
1763545344752,-100,-100,-54,-100,-100,-100,-100,-100,-73,-100,-76
1763545344777,-100,-100,-54,-100,-100,-100,-100,-100,-73,-100,-76
1763545344802,-100,-100,-54,-100,-100,-100,-100,-100,-73,-100,-76
1763545344827,-100,-100,-54,-100,-100,-100,-100,-100,-73,-100,-76
1763545344852,-100,-100,-54,-100,-100,-100,-100,-100,-73,-100,-76
1763545344878,-100,-100,-54,-100,-100,-100,-100,-100,-73,-100,-76
1763545344903,-100,-100,-54,-100,-100,-100,-100,-100,-73,-100,-76
1763545344928,-100,-100,-54,-100,-100,-100,-100,-100,-73,-100,-76
1763545344953,-100,-100,-54,-100,-100,-100,-100,-100,-73,-100,-76
1763545344978,-100,-100,-54,-100,-100,-100,-100,-100,-73,-100,-76
1763545345004,-100,-100,-54,-100,-100,-100,-100,-100,-73,-100,-76
1763545345029,-100,-100,-48,-100,-100,-100,-100,-100,-72,-100,-75
1763545345054,-100,-100,-48,-100,-100,-100,-100,-100,-72,-100,-75
1763545345080,-100,-100,-48,-100,-100,-100,-100,-100,-72,-100,-75
1763545345105,-100,-100,-48,-100,-100,-100,-100,-100,-72,-100,-75
1763545345130,-100,-100,-48,-100,-100,-100,-100,-100,-72,-100,-75
1763545345155,-100,-100,-48,-100,-100,-100,-100,-100,-72,-100,-75
1763545345180,-100,-100,-48,-100,-100,-100,-100,-100,-72,-100,-75
1763545345206,-100,-100,-48,-100,-100,-100,-100,-100,-72,-100,-75
1763545345232,-100,-100,-48,-100,-100,-100,-100,-100,-72,-100,-75
1763545345257,-100,-100,-48,-100,-100,-100,-100,-100,-72,-100,-75
1763545345282,-100,-100,-48,-100,-100,-100,-100,-100,-72,-100,-75
1763545345307,-100,-100,-48,-100,-100,-100,-100,-100,-72,-100,-75
1763545345332,-100,-100,-48,-100,-100,-100,-100,-100,-72,-100,-75
1763545345357,-100,-100,-48,-100,-100,-100,-100,-100,-72,-100,-75
1763545345382,-100,-100,-48,-100,-100,-100,-100,-100,-72,-100,-75
1763545345408,-100,-100,-48,-100,-100,-100,-100,-100,-72,-100,-75
1763545345433,-100,-100,-48,-100,-100,-100,-100,-100,-72,-100,-75
1763545345458,-100,-100,-48,-100,-100,-100,-100,-100,-72,-100,-75
1763545345483,-100,-100,-48,-100,-100,-100,-100,-100,-72,-100,-75
1763545345508,-100,-78,-48,-85,-100,-100,-89,-100,-75,-100,-75
1763545345533,-100,-78,-48,-85,-100,-100,-89,-100,-75,-100,-75
1763545345558,-100,-78,-48,-85,-100,-100,-89,-100,-75,-100,-75
1763545345583,-100,-78,-48,-85,-100,-100,-89,-100,-75,-100,-75
1763545345609,-100,-78,-48,-85,-100,-100,-89,-100,-75,-100,-75
1763545345634,-100,-78,-48,-85,-100,-100,-89,-100,-75,-100,-75
1763545345659,-100,-78,-48,-85,-100,-100,-89,-100,-75,-100,-75
1763545345685,-100,-78,-48,-85,-100,-100,-89,-100,-75,-100,-75
1763545345711,-100,-78,-48,-85,-100,-100,-89,-100,-75,-100,-75
1763545345736,-100,-78,-48,-85,-100,-100,-89,-100,-75,-100,-75
1763545345761,-100,-78,-48,-85,-100,-100,-89,-100,-75,-100,-75
1763545345786,-100,-78,-48,-85,-100,-100,-89,-100,-75,-100,-75
1763545345814,-100,-78,-48,-85,-100,-100,-89,-100,-75,-100,-75
1763545345839,-100,-78,-48,-85,-100,-100,-89,-100,-75,-100,-75
1763545345867,-100,-78,-48,-85,-100,-100,-89,-100,-75,-100,-75
1763545345891,-100,-78,-48,-85,-100,-100,-89,-100,-75,-100,-75
1763545345917,-100,-78,-48,-85,-100,-100,-89,-100,-75,-100,-75
1763545345942,-100,-78,-48,-85,-100,-100,-89,-100,-75,-100,-75
1763545345967,-100,-78,-48,-85,-100,-100,-89,-100,-75,-100,-75
1763545345992,-100,-78,-48,-85,-100,-100,-89,-100,-75,-100,-75
1763545346018,-100,-78,-53,-85,-100,-100,-88,-100,-70,-100,-76
1763545346043,-100,-78,-53,-85,-100,-100,-88,-100,-70,-100,-76
1763545346068,-100,-78,-53,-85,-100,-100,-88,-100,-70,-100,-76
1763545346094,-100,-78,-53,-85,-100,-100,-88,-100,-70,-100,-76
1763545346119,-100,-78,-53,-85,-100,-100,-88,-100,-70,-100,-76
1763545346144,-100,-78,-53,-85,-100,-100,-88,-100,-70,-100,-76
1763545346169,-100,-78,-53,-85,-100,-100,-88,-100,-70,-100,-76
1763545346194,-100,-78,-53,-85,-100,-100,-88,-100,-70,-100,-76
1763545346219,-100,-78,-53,-85,-100,-100,-88,-100,-70,-100,-76
1763545346245,-100,-78,-53,-85,-100,-100,-88,-100,-70,-100,-76
1763545346270,-100,-78,-53,-85,-100,-100,-88,-100,-70,-100,-76
1763545346296,-100,-78,-53,-85,-100,-100,-88,-100,-70,-100,-76
1763545346321,-100,-78,-53,-85,-100,-100,-88,-100,-70,-100,-76
1763545346348,-100,-78,-53,-85,-100,-100,-88,-100,-70,-100,-76
1763545346373,-100,-78,-53,-85,-100,-100,-88,-100,-70,-100,-76
1763545346398,-100,-78,-53,-85,-100,-100,-88,-100,-70,-100,-76
1763545346423,-100,-78,-53,-85,-100,-100,-88,-100,-70,-100,-76
1763545346448,-100,-78,-53,-85,-100,-100,-88,-100,-70,-100,-76
1763545346473,-100,-78,-53,-85,-100,-100,-88,-100,-70,-100,-76
1763545346498,-100,-78,-53,-85,-100,-100,-88,-100,-70,-100,-76
1763545346524,-100,-78,-56,-85,-100,-100,-87,-100,-67,-100,-76
1763545346549,-100,-78,-56,-85,-100,-100,-87,-100,-67,-100,-76
1763545346574,-100,-78,-56,-85,-100,-100,-87,-100,-67,-100,-76
1763545346600,-100,-78,-56,-85,-100,-100,-87,-100,-67,-100,-76
1763545346625,-100,-78,-56,-85,-100,-100,-87,-100,-67,-100,-76
1763545346650,-100,-78,-56,-85,-100,-100,-87,-100,-67,-100,-76
1763545346677,-100,-78,-56,-85,-100,-100,-87,-100,-67,-100,-76
1763545346702,-100,-78,-56,-85,-100,-100,-87,-100,-67,-100,-76
1763545346727,-100,-78,-56,-85,-100,-100,-87,-100,-67,-100,-76
1763545346752,-100,-78,-56,-85,-100,-100,-87,-100,-67,-100,-76
1763545346777,-100,-78,-56,-85,-100,-100,-87,-100,-67,-100,-76
1763545346802,-100,-78,-56,-85,-100,-100,-87,-100,-67,-100,-76
1763545346829,-100,-78,-56,-85,-100,-100,-87,-100,-67,-100,-76
1763545346854,-100,-78,-56,-85,-100,-100,-87,-100,-67,-100,-76
1763545346880,-100,-78,-56,-85,-100,-100,-87,-100,-67,-100,-76
1763545346905,-100,-78,-56,-85,-100,-100,-87,-100,-67,-100,-76
1763545346931,-100,-78,-56,-85,-100,-100,-87,-100,-67,-100,-76
1763545346957,-100,-78,-56,-85,-100,-100,-87,-100,-67,-100,-76
1763545346982,-100,-78,-56,-85,-100,-100,-87,-100,-67,-100,-76
1763545347008,-100,-78,-59,-100,-100,-100,-87,-100,-68,-100,-72
1763545347032,-100,-78,-59,-100,-100,-100,-87,-100,-68,-100,-72
1763545347057,-100,-78,-59,-100,-100,-100,-87,-100,-68,-100,-72
1763545347082,-100,-78,-59,-100,-100,-100,-87,-100,-68,-100,-72
1763545347107,-100,-78,-59,-100,-100,-100,-87,-100,-68,-100,-72
1763545347133,-100,-78,-59,-100,-100,-100,-87,-100,-68,-100,-72
1763545347158,-100,-78,-59,-100,-100,-100,-87,-100,-68,-100,-72
1763545347183,-100,-78,-59,-100,-100,-100,-87,-100,-68,-100,-72
1763545347208,-100,-78,-59,-100,-100,-100,-87,-100,-68,-100,-72
1763545347233,-100,-78,-59,-100,-100,-100,-87,-100,-68,-100,-72
1763545347258,-100,-78,-59,-100,-100,-100,-87,-100,-68,-100,-72
1763545347284,-100,-78,-59,-100,-100,-100,-87,-100,-68,-100,-72
1763545347309,-100,-78,-59,-100,-100,-100,-87,-100,-68,-100,-72
1763545347335,-100,-78,-59,-100,-100,-100,-87,-100,-68,-100,-72
1763545347360,-100,-78,-59,-100,-100,-100,-87,-100,-68,-100,-72
1763545347385,-100,-78,-59,-100,-100,-100,-87,-100,-68,-100,-72
1763545347410,-100,-78,-59,-100,-100,-100,-87,-100,-68,-100,-72
1763545347435,-100,-78,-59,-100,-100,-100,-87,-100,-68,-100,-72
1763545347460,-100,-78,-59,-100,-100,-100,-87,-100,-68,-100,-72
1763545347485,-100,-78,-59,-100,-100,-100,-87,-100,-68,-100,-72
1763545347510,-100,-74,-61,-100,-100,-100,-79,-100,-68,-100,-69
1763545347535,-100,-74,-61,-100,-100,-100,-79,-100,-68,-100,-69
1763545347560,-100,-74,-61,-100,-100,-100,-79,-100,-68,-100,-69
1763545347586,-100,-74,-61,-100,-100,-100,-79,-100,-68,-100,-69
1763545347611,-100,-74,-61,-100,-100,-100,-79,-100,-68,-100,-69
1763545347636,-100,-74,-61,-100,-100,-100,-79,-100,-68,-100,-69
1763545347661,-100,-74,-61,-100,-100,-100,-79,-100,-68,-100,-69
1763545347686,-100,-74,-61,-100,-100,-100,-79,-100,-68,-100,-69
1763545347711,-100,-74,-61,-100,-100,-100,-79,-100,-68,-100,-69
1763545347736,-100,-74,-61,-100,-100,-100,-79,-100,-68,-100,-69
1763545347761,-100,-74,-61,-100,-100,-100,-79,-100,-68,-100,-69
1763545347786,-100,-74,-61,-100,-100,-100,-79,-100,-68,-100,-69
1763545347812,-100,-74,-61,-100,-100,-100,-79,-100,-68,-100,-69
1763545347837,-100,-74,-61,-100,-100,-100,-79,-100,-68,-100,-69
1763545347863,-100,-74,-61,-100,-100,-100,-79,-100,-68,-100,-69
1763545347888,-100,-74,-61,-100,-100,-100,-79,-100,-68,-100,-69
1763545347913,-100,-74,-61,-100,-100,-100,-79,-100,-68,-100,-69
1763545347939,-100,-74,-61,-100,-100,-100,-79,-100,-68,-100,-69
1763545347965,-100,-74,-61,-100,-100,-100,-79,-100,-68,-100,-69
1763545347991,-100,-74,-61,-100,-100,-100,-79,-100,-68,-100,-69
1763545348017,-100,-72,-61,-82,-100,-100,-79,-100,-65,-100,-70
1763545348043,-100,-72,-61,-82,-100,-100,-79,-100,-65,-100,-70
1763545348068,-100,-72,-61,-82,-100,-100,-79,-100,-65,-100,-70
1763545348094,-100,-72,-61,-82,-100,-100,-79,-100,-65,-100,-70
1763545348119,-100,-72,-61,-82,-100,-100,-79,-100,-65,-100,-70
1763545348145,-100,-72,-61,-82,-100,-100,-79,-100,-65,-100,-70
1763545348170,-100,-72,-61,-82,-100,-100,-79,-100,-65,-100,-70
1763545348195,-100,-72,-61,-82,-100,-100,-79,-100,-65,-100,-70
1763545348220,-100,-72,-61,-82,-100,-100,-79,-100,-65,-100,-70
1763545348246,-100,-72,-61,-82,-100,-100,-79,-100,-65,-100,-70
1763545348272,-100,-72,-61,-82,-100,-100,-79,-100,-65,-100,-70
1763545348297,-100,-72,-61,-82,-100,-100,-79,-100,-65,-100,-70
1763545348322,-100,-72,-61,-82,-100,-100,-79,-100,-65,-100,-70
1763545348347,-100,-72,-61,-82,-100,-100,-79,-100,-65,-100,-70
1763545348372,-100,-72,-61,-82,-100,-100,-79,-100,-65,-100,-70
1763545348397,-100,-72,-61,-82,-100,-100,-79,-100,-65,-100,-70
1763545348422,-100,-72,-61,-82,-100,-100,-79,-100,-65,-100,-70
1763545348447,-100,-72,-61,-82,-100,-100,-79,-100,-65,-100,-70
1763545348472,-100,-72,-61,-82,-100,-100,-79,-100,-65,-100,-70
1763545348498,-100,-72,-61,-82,-100,-100,-79,-100,-65,-100,-70
1763545348523,-100,-71,-62,-81,-100,-100,-82,-100,-63,-100,-71
1763545348548,-100,-71,-62,-81,-100,-100,-82,-100,-63,-100,-71
1763545348574,-100,-71,-62,-81,-100,-100,-82,-100,-63,-100,-71
1763545348599,-100,-71,-62,-81,-100,-100,-82,-100,-63,-100,-71
1763545348624,-100,-71,-62,-81,-100,-100,-82,-100,-63,-100,-71
1763545348649,-100,-71,-62,-81,-100,-100,-82,-100,-63,-100,-71
1763545348674,-100,-71,-62,-81,-100,-100,-82,-100,-63,-100,-71
1763545348699,-100,-71,-62,-81,-100,-100,-82,-100,-63,-100,-71
1763545348725,-100,-71,-62,-81,-100,-100,-82,-100,-63,-100,-71
1763545348751,-100,-71,-62,-81,-100,-100,-82,-100,-63,-100,-71
1763545348777,-100,-71,-62,-81,-100,-100,-82,-100,-63,-100,-71
1763545348802,-100,-71,-62,-81,-100,-100,-82,-100,-63,-100,-71
1763545348827,-100,-71,-62,-81,-100,-100,-82,-100,-63,-100,-71
1763545348852,-100,-71,-62,-81,-100,-100,-82,-100,-63,-100,-71
1763545348878,-100,-71,-62,-81,-100,-100,-82,-100,-63,-100,-71
1763545348903,-100,-71,-62,-81,-100,-100,-82,-100,-63,-100,-71
1763545348929,-100,-71,-62,-81,-100,-100,-82,-100,-63,-100,-71
1763545348953,-100,-71,-62,-81,-100,-100,-82,-100,-63,-100,-71
1763545348978,-100,-71,-62,-81,-100,-100,-82,-100,-63,-100,-71
1763545349003,-100,-71,-62,-81,-100,-100,-82,-100,-63,-100,-71
1763545349028,-100,-72,-67,-80,-100,-100,-80,-100,-61,-100,-70
1763545349053,-100,-72,-67,-80,-100,-100,-80,-100,-61,-100,-70
1763545349078,-100,-72,-67,-80,-100,-100,-80,-100,-61,-100,-70
1763545349103,-100,-72,-67,-80,-100,-100,-80,-100,-61,-100,-70
1763545349129,-100,-72,-67,-80,-100,-100,-80,-100,-61,-100,-70
1763545349155,-100,-72,-67,-80,-100,-100,-80,-100,-61,-100,-70
1763545349180,-100,-72,-67,-80,-100,-100,-80,-100,-61,-100,-70
1763545349205,-100,-72,-67,-80,-100,-100,-80,-100,-61,-100,-70
1763545349230,-100,-72,-67,-80,-100,-100,-80,-100,-61,-100,-70
1763545349257,-100,-72,-67,-80,-100,-100,-80,-100,-61,-100,-70
1763545349282,-100,-72,-67,-80,-100,-100,-80,-100,-61,-100,-70
1763545349307,-100,-72,-67,-80,-100,-100,-80,-100,-61,-100,-70
1763545349332,-100,-72,-67,-80,-100,-100,-80,-100,-61,-100,-70
1763545349358,-100,-72,-67,-80,-100,-100,-80,-100,-61,-100,-70
1763545349384,-100,-72,-67,-80,-100,-100,-80,-100,-61,-100,-70
1763545349409,-100,-72,-67,-80,-100,-100,-80,-100,-61,-100,-70
1763545349434,-100,-72,-67,-80,-100,-100,-80,-100,-61,-100,-70
1763545349459,-100,-72,-67,-80,-100,-100,-80,-100,-61,-100,-70
1763545349484,-100,-72,-67,-80,-100,-100,-80,-100,-61,-100,-70
1763545349509,-100,-72,-67,-80,-100,-100,-80,-100,-61,-100,-70
1763545349534,-100,-69,-69,-79,-100,-100,-77,-100,-59,-100,-69
1763545349559,-100,-69,-69,-79,-100,-100,-77,-100,-59,-100,-69
1763545349584,-100,-69,-69,-79,-100,-100,-77,-100,-59,-100,-69
1763545349610,-100,-69,-69,-79,-100,-100,-77,-100,-59,-100,-69
1763545349635,-100,-69,-69,-79,-100,-100,-77,-100,-59,-100,-69
1763545349660,-100,-69,-69,-79,-100,-100,-77,-100,-59,-100,-69
1763545349686,-100,-69,-69,-79,-100,-100,-77,-100,-59,-100,-69
1763545349712,-100,-69,-69,-79,-100,-100,-77,-100,-59,-100,-69
1763545349737,-100,-69,-69,-79,-100,-100,-77,-100,-59,-100,-69
1763545349763,-100,-69,-69,-79,-100,-100,-77,-100,-59,-100,-69
1763545349788,-100,-69,-69,-79,-100,-100,-77,-100,-59,-100,-69
1763545349813,-100,-69,-69,-79,-100,-100,-77,-100,-59,-100,-69
1763545349838,-100,-69,-69,-79,-100,-100,-77,-100,-59,-100,-69
1763545349864,-100,-69,-69,-79,-100,-100,-77,-100,-59,-100,-69
1763545349889,-100,-69,-69,-79,-100,-100,-77,-100,-59,-100,-69
1763545349914,-100,-69,-69,-79,-100,-100,-77,-100,-59,-100,-69
1763545349939,-100,-69,-69,-79,-100,-100,-77,-100,-59,-100,-69
1763545349964,-100,-69,-69,-79,-100,-100,-77,-100,-59,-100,-69
1763545349989,-100,-69,-69,-79,-100,-100,-77,-100,-59,-100,-69
1763545350015,-100,-61,-66,-79,-100,-100,-76,-100,-57,-100,-69
1763545350040,-100,-61,-66,-79,-100,-100,-76,-100,-57,-100,-69
1763545350067,-100,-61,-66,-79,-100,-100,-76,-100,-57,-100,-69
1763545350093,-100,-61,-66,-79,-100,-100,-76,-100,-57,-100,-69
1763545350118,-100,-61,-66,-79,-100,-100,-76,-100,-57,-100,-69
1763545350144,-100,-61,-66,-79,-100,-100,-76,-100,-57,-100,-69
1763545350170,-100,-61,-66,-79,-100,-100,-76,-100,-57,-100,-69
1763545350196,-100,-61,-66,-79,-100,-100,-76,-100,-57,-100,-69
1763545350221,-100,-61,-66,-79,-100,-100,-76,-100,-57,-100,-69
1763545350246,-100,-61,-66,-79,-100,-100,-76,-100,-57,-100,-69
1763545350272,-100,-61,-66,-79,-100,-100,-76,-100,-57,-100,-69
1763545350298,-100,-61,-66,-79,-100,-100,-76,-100,-57,-100,-69
1763545350324,-100,-61,-66,-79,-100,-100,-76,-100,-57,-100,-69
1763545350349,-100,-61,-66,-79,-100,-100,-76,-100,-57,-100,-69
1763545350374,-100,-61,-66,-79,-100,-100,-76,-100,-57,-100,-69
1763545350399,-100,-61,-66,-79,-100,-100,-76,-100,-57,-100,-69
1763545350425,-100,-61,-66,-79,-100,-100,-76,-100,-57,-100,-69
1763545350450,-100,-61,-66,-79,-100,-100,-76,-100,-57,-100,-69
1763545350475,-100,-61,-66,-79,-100,-100,-76,-100,-57,-100,-69
1763545350501,-100,-61,-66,-79,-100,-100,-76,-100,-57,-100,-69
1763545350526,-100,-62,-67,-81,-100,-100,-77,-100,-55,-90,-69
1763545350551,-100,-62,-67,-81,-100,-100,-77,-100,-55,-90,-69
1763545350577,-100,-62,-67,-81,-100,-100,-77,-100,-55,-90,-69
1763545350601,-100,-62,-67,-81,-100,-100,-77,-100,-55,-90,-69
1763545350627,-100,-62,-67,-81,-100,-100,-77,-100,-55,-90,-69
1763545350652,-100,-62,-67,-81,-100,-100,-77,-100,-55,-90,-69
1763545350677,-100,-62,-67,-81,-100,-100,-77,-100,-55,-90,-69
1763545350702,-100,-62,-67,-81,-100,-100,-77,-100,-55,-90,-69
1763545350728,-100,-62,-67,-81,-100,-100,-77,-100,-55,-90,-69
1763545350752,-100,-62,-67,-81,-100,-100,-77,-100,-55,-90,-69
1763545350777,-100,-62,-67,-81,-100,-100,-77,-100,-55,-90,-69
1763545350802,-100,-62,-67,-81,-100,-100,-77,-100,-55,-90,-69
1763545350828,-100,-62,-67,-81,-100,-100,-77,-100,-55,-90,-69
1763545350853,-100,-62,-67,-81,-100,-100,-77,-100,-55,-90,-69
1763545350879,-100,-62,-67,-81,-100,-100,-77,-100,-55,-90,-69
1763545350904,-100,-62,-67,-81,-100,-100,-77,-100,-55,-90,-69
1763545350929,-100,-62,-67,-81,-100,-100,-77,-100,-55,-90,-69
1763545350955,-100,-62,-67,-81,-100,-100,-77,-100,-55,-90,-69
1763545350980,-100,-62,-67,-81,-100,-100,-77,-100,-55,-90,-69
1763545351005,-100,-62,-67,-81,-100,-100,-77,-100,-55,-90,-69
1763545351033,-100,-63,-68,-80,-100,-100,-76,-100,-53,-90,-68
1763545351059,-100,-63,-68,-80,-100,-100,-76,-100,-53,-90,-68
1763545351084,-100,-63,-68,-80,-100,-100,-76,-100,-53,-90,-68
1763545351112,-100,-63,-68,-80,-100,-100,-76,-100,-53,-90,-68
1763545351137,-100,-63,-68,-80,-100,-100,-76,-100,-53,-90,-68
1763545351162,-100,-63,-68,-80,-100,-100,-76,-100,-53,-90,-68
1763545351187,-100,-63,-68,-80,-100,-100,-76,-100,-53,-90,-68
1763545351212,-100,-63,-68,-80,-100,-100,-76,-100,-53,-90,-68
1763545351237,-100,-63,-68,-80,-100,-100,-76,-100,-53,-90,-68
1763545351262,-100,-63,-68,-80,-100,-100,-76,-100,-53,-90,-68
1763545351287,-100,-63,-68,-80,-100,-100,-76,-100,-53,-90,-68
1763545351312,-100,-63,-68,-80,-100,-100,-76,-100,-53,-90,-68
1763545351338,-100,-63,-68,-80,-100,-100,-76,-100,-53,-90,-68
1763545351362,-100,-63,-68,-80,-100,-100,-76,-100,-53,-90,-68
1763545351387,-100,-63,-68,-80,-100,-100,-76,-100,-53,-90,-68
1763545351412,-100,-63,-68,-80,-100,-100,-76,-100,-53,-90,-68
1763545351437,-100,-63,-68,-80,-100,-100,-76,-100,-53,-90,-68
1763545351463,-100,-63,-68,-80,-100,-100,-76,-100,-53,-90,-68
1763545351488,-100,-63,-68,-80,-100,-100,-76,-100,-53,-90,-68
1763545351513,-100,-62,-68,-79,-100,-100,-76,-100,-52,-100,-68
1763545351538,-100,-62,-68,-79,-100,-100,-76,-100,-52,-100,-68
1763545351563,-100,-62,-68,-79,-100,-100,-76,-100,-52,-100,-68
1763545351588,-100,-62,-68,-79,-100,-100,-76,-100,-52,-100,-68
1763545351613,-100,-62,-68,-79,-100,-100,-76,-100,-52,-100,-68
1763545351639,-100,-62,-68,-79,-100,-100,-76,-100,-52,-100,-68
1763545351664,-100,-62,-68,-79,-100,-100,-76,-100,-52,-100,-68
1763545351689,-100,-62,-68,-79,-100,-100,-76,-100,-52,-100,-68
1763545351714,-100,-62,-68,-79,-100,-100,-76,-100,-52,-100,-68
1763545351739,-100,-62,-68,-79,-100,-100,-76,-100,-52,-100,-68
1763545351764,-100,-62,-68,-79,-100,-100,-76,-100,-52,-100,-68
1763545351789,-100,-62,-68,-79,-100,-100,-76,-100,-52,-100,-68
1763545351814,-100,-62,-68,-79,-100,-100,-76,-100,-52,-100,-68
1763545351839,-100,-62,-68,-79,-100,-100,-76,-100,-52,-100,-68
1763545351865,-100,-62,-68,-79,-100,-100,-76,-100,-52,-100,-68
1763545351889,-100,-62,-68,-79,-100,-100,-76,-100,-52,-100,-68
1763545351914,-100,-62,-68,-79,-100,-100,-76,-100,-52,-100,-68
1763545351939,-100,-62,-68,-79,-100,-100,-76,-100,-52,-100,-68
1763545351964,-100,-62,-68,-79,-100,-100,-76,-100,-52,-100,-68
1763545351989,-100,-62,-68,-79,-100,-100,-76,-100,-52,-100,-68
1763545352014,-100,-63,-67,-78,-100,-100,-76,-100,-51,-100,-66
1763545352039,-100,-63,-67,-78,-100,-100,-76,-100,-51,-100,-66
1763545352064,-100,-63,-67,-78,-100,-100,-76,-100,-51,-100,-66
1763545352089,-100,-63,-67,-78,-100,-100,-76,-100,-51,-100,-66
1763545352114,-100,-63,-67,-78,-100,-100,-76,-100,-51,-100,-66
1763545352139,-100,-63,-67,-78,-100,-100,-76,-100,-51,-100,-66
1763545352165,-100,-63,-67,-78,-100,-100,-76,-100,-51,-100,-66
1763545352190,-100,-63,-67,-78,-100,-100,-76,-100,-51,-100,-66
1763545352215,-100,-63,-67,-78,-100,-100,-76,-100,-51,-100,-66
1763545352240,-100,-63,-67,-78,-100,-100,-76,-100,-51,-100,-66
1763545352266,-100,-63,-67,-78,-100,-100,-76,-100,-51,-100,-66
1763545352291,-100,-63,-67,-78,-100,-100,-76,-100,-51,-100,-66
1763545352316,-100,-63,-67,-78,-100,-100,-76,-100,-51,-100,-66
1763545352341,-100,-63,-67,-78,-100,-100,-76,-100,-51,-100,-66
1763545352366,-100,-63,-67,-78,-100,-100,-76,-100,-51,-100,-66
1763545352391,-100,-63,-67,-78,-100,-100,-76,-100,-51,-100,-66
1763545352416,-100,-63,-67,-78,-100,-100,-76,-100,-51,-100,-66
1763545352441,-100,-63,-67,-78,-100,-100,-76,-100,-51,-100,-66
1763545352466,-100,-63,-67,-78,-100,-100,-76,-100,-51,-100,-66
1763545352491,-100,-63,-67,-78,-100,-100,-76,-100,-51,-100,-66
1763545352516,-87,-59,-67,-78,-100,-100,-82,-100,-50,-100,-66
1763545352542,-87,-59,-67,-78,-100,-100,-82,-100,-50,-100,-66
1763545352567,-87,-59,-67,-78,-100,-100,-82,-100,-50,-100,-66
1763545352592,-87,-59,-67,-78,-100,-100,-82,-100,-50,-100,-66
1763545352617,-87,-59,-67,-78,-100,-100,-82,-100,-50,-100,-66
1763545352642,-87,-59,-67,-78,-100,-100,-82,-100,-50,-100,-66
1763545352667,-87,-59,-67,-78,-100,-100,-82,-100,-50,-100,-66
1763545352692,-87,-59,-67,-78,-100,-100,-82,-100,-50,-100,-66
1763545352717,-87,-59,-67,-78,-100,-100,-82,-100,-50,-100,-66
1763545352743,-87,-59,-67,-78,-100,-100,-82,-100,-50,-100,-66
1763545352768,-87,-59,-67,-78,-100,-100,-82,-100,-50,-100,-66
1763545352794,-87,-59,-67,-78,-100,-100,-82,-100,-50,-100,-66
1763545352819,-87,-59,-67,-78,-100,-100,-82,-100,-50,-100,-66
1763545352846,-87,-59,-67,-78,-100,-100,-82,-100,-50,-100,-66
1763545352871,-87,-59,-67,-78,-100,-100,-82,-100,-50,-100,-66
1763545352896,-87,-59,-67,-78,-100,-100,-82,-100,-50,-100,-66
1763545352921,-87,-59,-67,-78,-100,-100,-82,-100,-50,-100,-66
1763545352946,-87,-59,-67,-78,-100,-100,-82,-100,-50,-100,-66
1763545352972,-87,-59,-67,-78,-100,-100,-82,-100,-50,-100,-66
1763545352997,-87,-59,-67,-78,-100,-100,-82,-100,-50,-100,-66
1763545353022,-87,-56,-68,-81,-100,-100,-79,-100,-49,-100,-68
1763545353047,-87,-56,-68,-81,-100,-100,-79,-100,-49,-100,-68
1763545353072,-87,-56,-68,-81,-100,-100,-79,-100,-49,-100,-68
1763545353099,-87,-56,-68,-81,-100,-100,-79,-100,-49,-100,-68
1763545353124,-87,-56,-68,-81,-100,-100,-79,-100,-49,-100,-68
1763545353150,-87,-56,-68,-81,-100,-100,-79,-100,-49,-100,-68
1763545353175,-87,-56,-68,-81,-100,-100,-79,-100,-49,-100,-68
1763545353201,-87,-56,-68,-81,-100,-100,-79,-100,-49,-100,-68
1763545353226,-87,-56,-68,-81,-100,-100,-79,-100,-49,-100,-68
1763545353251,-87,-56,-68,-81,-100,-100,-79,-100,-49,-100,-68
1763545353276,-87,-56,-68,-81,-100,-100,-79,-100,-49,-100,-68
1763545353301,-87,-56,-68,-81,-100,-100,-79,-100,-49,-100,-68
1763545353326,-87,-56,-68,-81,-100,-100,-79,-100,-49,-100,-68
1763545353351,-87,-56,-68,-81,-100,-100,-79,-100,-49,-100,-68
1763545353377,-87,-56,-68,-81,-100,-100,-79,-100,-49,-100,-68
1763545353401,-87,-56,-68,-81,-100,-100,-79,-100,-49,-100,-68
1763545353426,-87,-56,-68,-81,-100,-100,-79,-100,-49,-100,-68
1763545353451,-87,-56,-68,-81,-100,-100,-79,-100,-49,-100,-68
1763545353476,-87,-56,-68,-81,-100,-100,-79,-100,-49,-100,-68
1763545353501,-87,-56,-68,-81,-100,-100,-79,-100,-49,-100,-68
1763545353527,-87,-60,-68,-83,-100,-100,-76,-100,-51,-100,-65
1763545353552,-87,-60,-68,-83,-100,-100,-76,-100,-51,-100,-65
1763545353577,-87,-60,-68,-83,-100,-100,-76,-100,-51,-100,-65
1763545353602,-87,-60,-68,-83,-100,-100,-76,-100,-51,-100,-65
1763545353627,-87,-60,-68,-83,-100,-100,-76,-100,-51,-100,-65
1763545353653,-87,-60,-68,-83,-100,-100,-76,-100,-51,-100,-65
1763545353677,-87,-60,-68,-83,-100,-100,-76,-100,-51,-100,-65
1763545353702,-87,-60,-68,-83,-100,-100,-76,-100,-51,-100,-65
1763545353727,-87,-60,-68,-83,-100,-100,-76,-100,-51,-100,-65
1763545353753,-87,-60,-68,-83,-100,-100,-76,-100,-51,-100,-65
1763545353778,-87,-60,-68,-83,-100,-100,-76,-100,-51,-100,-65
1763545353803,-87,-60,-68,-83,-100,-100,-76,-100,-51,-100,-65
1763545353828,-87,-60,-68,-83,-100,-100,-76,-100,-51,-100,-65
1763545353853,-87,-60,-68,-83,-100,-100,-76,-100,-51,-100,-65
1763545353878,-87,-60,-68,-83,-100,-100,-76,-100,-51,-100,-65
1763545353903,-87,-60,-68,-83,-100,-100,-76,-100,-51,-100,-65
1763545353929,-87,-60,-68,-83,-100,-100,-76,-100,-51,-100,-65
1763545353954,-87,-60,-68,-83,-100,-100,-76,-100,-51,-100,-65
1763545353979,-87,-60,-68,-83,-100,-100,-76,-100,-51,-100,-65
1763545354004,-87,-60,-68,-83,-100,-100,-76,-100,-51,-100,-65
1763545354029,-100,-63,-66,-77,-100,-100,-77,-100,-54,-100,-65
1763545354054,-100,-63,-66,-77,-100,-100,-77,-100,-54,-100,-65
1763545354079,-100,-63,-66,-77,-100,-100,-77,-100,-54,-100,-65
1763545354104,-100,-63,-66,-77,-100,-100,-77,-100,-54,-100,-65
1763545354129,-100,-63,-66,-77,-100,-100,-77,-100,-54,-100,-65
1763545354155,-100,-63,-66,-77,-100,-100,-77,-100,-54,-100,-65
1763545354181,-100,-63,-66,-77,-100,-100,-77,-100,-54,-100,-65
1763545354206,-100,-63,-66,-77,-100,-100,-77,-100,-54,-100,-65
1763545354231,-100,-63,-66,-77,-100,-100,-77,-100,-54,-100,-65
1763545354257,-100,-63,-66,-77,-100,-100,-77,-100,-54,-100,-65
1763545354283,-100,-63,-66,-77,-100,-100,-77,-100,-54,-100,-65
1763545354308,-100,-63,-66,-77,-100,-100,-77,-100,-54,-100,-65
1763545354333,-100,-63,-66,-77,-100,-100,-77,-100,-54,-100,-65
1763545354359,-100,-63,-66,-77,-100,-100,-77,-100,-54,-100,-65
1763545354384,-100,-63,-66,-77,-100,-100,-77,-100,-54,-100,-65
1763545354410,-100,-63,-66,-77,-100,-100,-77,-100,-54,-100,-65
1763545354435,-100,-63,-66,-77,-100,-100,-77,-100,-54,-100,-65
1763545354461,-100,-63,-66,-77,-100,-100,-77,-100,-54,-100,-65
1763545354487,-100,-63,-66,-77,-100,-100,-77,-100,-54,-100,-65
1763545354512,-100,-63,-66,-77,-100,-100,-77,-100,-54,-100,-65
1763545354537,-100,-65,-66,-77,-100,-100,-78,-100,-55,-100,-65
1763545354563,-100,-65,-66,-77,-100,-100,-78,-100,-55,-100,-65
1763545354588,-100,-65,-66,-77,-100,-100,-78,-100,-55,-100,-65
1763545354613,-100,-65,-66,-77,-100,-100,-78,-100,-55,-100,-65
1763545354638,-100,-65,-66,-77,-100,-100,-78,-100,-55,-100,-65
1763545354663,-100,-65,-66,-77,-100,-100,-78,-100,-55,-100,-65
1763545354688,-100,-65,-66,-77,-100,-100,-78,-100,-55,-100,-65
1763545354714,-100,-65,-66,-77,-100,-100,-78,-100,-55,-100,-65
1763545354739,-100,-65,-66,-77,-100,-100,-78,-100,-55,-100,-65
1763545354764,-100,-65,-66,-77,-100,-100,-78,-100,-55,-100,-65
1763545354789,-100,-65,-66,-77,-100,-100,-78,-100,-55,-100,-65
1763545354814,-100,-65,-66,-77,-100,-100,-78,-100,-55,-100,-65
1763545354839,-100,-65,-66,-77,-100,-100,-78,-100,-55,-100,-65
1763545354864,-100,-65,-66,-77,-100,-100,-78,-100,-55,-100,-65
1763545354889,-100,-65,-66,-77,-100,-100,-78,-100,-55,-100,-65
1763545354914,-100,-65,-66,-77,-100,-100,-78,-100,-55,-100,-65
1763545354939,-100,-65,-66,-77,-100,-100,-78,-100,-55,-100,-65
1763545354964,-100,-65,-66,-77,-100,-100,-78,-100,-55,-100,-65
1763545354990,-100,-65,-66,-77,-100,-100,-78,-100,-55,-100,-65
1763545355016,-100,-65,-71,-78,-100,-100,-74,-100,-61,-100,-65
1763545355041,-100,-65,-71,-78,-100,-100,-74,-100,-61,-100,-65
1763545355067,-100,-65,-71,-78,-100,-100,-74,-100,-61,-100,-65
1763545355093,-100,-65,-71,-78,-100,-100,-74,-100,-61,-100,-65
1763545355119,-100,-65,-71,-78,-100,-100,-74,-100,-61,-100,-65
1763545355144,-100,-65,-71,-78,-100,-100,-74,-100,-61,-100,-65
1763545355170,-100,-65,-71,-78,-100,-100,-74,-100,-61,-100,-65
1763545355195,-100,-65,-71,-78,-100,-100,-74,-100,-61,-100,-65
1763545355221,-100,-65,-71,-78,-100,-100,-74,-100,-61,-100,-65
1763545355246,-100,-65,-71,-78,-100,-100,-74,-100,-61,-100,-65
1763545355272,-100,-65,-71,-78,-100,-100,-74,-100,-61,-100,-65
1763545355297,-100,-65,-71,-78,-100,-100,-74,-100,-61,-100,-65
1763545355322,-100,-65,-71,-78,-100,-100,-74,-100,-61,-100,-65
1763545355347,-100,-65,-71,-78,-100,-100,-74,-100,-61,-100,-65
1763545355372,-100,-65,-71,-78,-100,-100,-74,-100,-61,-100,-65
1763545355398,-100,-65,-71,-78,-100,-100,-74,-100,-61,-100,-65
1763545355424,-100,-65,-71,-78,-100,-100,-74,-100,-61,-100,-65
1763545355450,-100,-65,-71,-78,-100,-100,-74,-100,-61,-100,-65
1763545355474,-100,-65,-71,-78,-100,-100,-74,-100,-61,-100,-65
1763545355499,-100,-65,-71,-78,-100,-100,-74,-100,-61,-100,-65
1763545355524,-100,-60,-74,-78,-100,-100,-74,-100,-57,-100,-62
1763545355549,-100,-60,-74,-78,-100,-100,-74,-100,-57,-100,-62
1763545355574,-100,-60,-74,-78,-100,-100,-74,-100,-57,-100,-62
1763545355599,-100,-60,-74,-78,-100,-100,-74,-100,-57,-100,-62
1763545355625,-100,-60,-74,-78,-100,-100,-74,-100,-57,-100,-62
1763545355650,-100,-60,-74,-78,-100,-100,-74,-100,-57,-100,-62
1763545355675,-100,-60,-74,-78,-100,-100,-74,-100,-57,-100,-62
1763545355700,-100,-60,-74,-78,-100,-100,-74,-100,-57,-100,-62
1763545355726,-100,-60,-74,-78,-100,-100,-74,-100,-57,-100,-62
1763545355751,-100,-60,-74,-78,-100,-100,-74,-100,-57,-100,-62
1763545355776,-100,-60,-74,-78,-100,-100,-74,-100,-57,-100,-62
1763545355801,-100,-60,-74,-78,-100,-100,-74,-100,-57,-100,-62
1763545355826,-100,-60,-74,-78,-100,-100,-74,-100,-57,-100,-62
1763545355851,-100,-60,-74,-78,-100,-100,-74,-100,-57,-100,-62
1763545355877,-100,-60,-74,-78,-100,-100,-74,-100,-57,-100,-62
1763545355902,-100,-60,-74,-78,-100,-100,-74,-100,-57,-100,-62
1763545355928,-100,-60,-74,-78,-100,-100,-74,-100,-57,-100,-62
1763545355953,-100,-60,-74,-78,-100,-100,-74,-100,-57,-100,-62
1763545355978,-100,-60,-74,-78,-100,-100,-74,-100,-57,-100,-62
1763545356003,-100,-60,-74,-78,-100,-100,-74,-100,-57,-100,-62
1763545356028,-88,-56,-74,-76,-100,-100,-73,-100,-55,-100,-61
1763545356053,-88,-56,-74,-76,-100,-100,-73,-100,-55,-100,-61
1763545356079,-88,-56,-74,-76,-100,-100,-73,-100,-55,-100,-61
1763545356104,-88,-56,-74,-76,-100,-100,-73,-100,-55,-100,-61
1763545356130,-88,-56,-74,-76,-100,-100,-73,-100,-55,-100,-61
1763545356155,-88,-56,-74,-76,-100,-100,-73,-100,-55,-100,-61
1763545356180,-88,-56,-74,-76,-100,-100,-73,-100,-55,-100,-61
1763545356205,-88,-56,-74,-76,-100,-100,-73,-100,-55,-100,-61
1763545356230,-88,-56,-74,-76,-100,-100,-73,-100,-55,-100,-61
1763545356255,-88,-56,-74,-76,-100,-100,-73,-100,-55,-100,-61
1763545356280,-88,-56,-74,-76,-100,-100,-73,-100,-55,-100,-61
1763545356305,-88,-56,-74,-76,-100,-100,-73,-100,-55,-100,-61
1763545356331,-88,-56,-74,-76,-100,-100,-73,-100,-55,-100,-61
1763545356356,-88,-56,-74,-76,-100,-100,-73,-100,-55,-100,-61
1763545356381,-88,-56,-74,-76,-100,-100,-73,-100,-55,-100,-61
1763545356406,-88,-56,-74,-76,-100,-100,-73,-100,-55,-100,-61
1763545356431,-88,-56,-74,-76,-100,-100,-73,-100,-55,-100,-61
1763545356456,-88,-56,-74,-76,-100,-100,-73,-100,-55,-100,-61
1763545356481,-88,-56,-74,-76,-100,-100,-73,-100,-55,-100,-61
1763545356506,-88,-56,-74,-76,-100,-100,-73,-100,-55,-100,-61
1763545356532,-85,-57,-73,-78,-100,-100,-73,-100,-61,-100,-60
1763545356557,-85,-57,-73,-78,-100,-100,-73,-100,-61,-100,-60
1763545356582,-85,-57,-73,-78,-100,-100,-73,-100,-61,-100,-60
1763545356608,-85,-57,-73,-78,-100,-100,-73,-100,-61,-100,-60
1763545356634,-85,-57,-73,-78,-100,-100,-73,-100,-61,-100,-60
1763545356658,-85,-57,-73,-78,-100,-100,-73,-100,-61,-100,-60
1763545356683,-85,-57,-73,-78,-100,-100,-73,-100,-61,-100,-60
1763545356708,-85,-57,-73,-78,-100,-100,-73,-100,-61,-100,-60
1763545356733,-85,-57,-73,-78,-100,-100,-73,-100,-61,-100,-60
1763545356759,-85,-57,-73,-78,-100,-100,-73,-100,-61,-100,-60
1763545356785,-85,-57,-73,-78,-100,-100,-73,-100,-61,-100,-60
1763545356810,-85,-57,-73,-78,-100,-100,-73,-100,-61,-100,-60
1763545356835,-85,-57,-73,-78,-100,-100,-73,-100,-61,-100,-60
1763545356860,-85,-57,-73,-78,-100,-100,-73,-100,-61,-100,-60
1763545356885,-85,-57,-73,-78,-100,-100,-73,-100,-61,-100,-60
1763545356910,-85,-57,-73,-78,-100,-100,-73,-100,-61,-100,-60
1763545356936,-85,-57,-73,-78,-100,-100,-73,-100,-61,-100,-60
1763545356961,-85,-57,-73,-78,-100,-100,-73,-100,-61,-100,-60
1763545356986,-85,-57,-73,-78,-100,-100,-73,-100,-61,-100,-60
1763545357012,-85,-57,-73,-78,-100,-100,-73,-100,-61,-100,-60
1763545357037,-85,-59,-73,-77,-100,-100,-72,-100,-64,-100,-56
1763545357062,-85,-59,-73,-77,-100,-100,-72,-100,-64,-100,-56
1763545357087,-85,-59,-73,-77,-100,-100,-72,-100,-64,-100,-56
1763545357113,-85,-59,-73,-77,-100,-100,-72,-100,-64,-100,-56
1763545357139,-85,-59,-73,-77,-100,-100,-72,-100,-64,-100,-56
1763545357166,-85,-59,-73,-77,-100,-100,-72,-100,-64,-100,-56
1763545357191,-85,-59,-73,-77,-100,-100,-72,-100,-64,-100,-56
1763545357216,-85,-59,-73,-77,-100,-100,-72,-100,-64,-100,-56
1763545357242,-85,-59,-73,-77,-100,-100,-72,-100,-64,-100,-56
1763545357268,-85,-59,-73,-77,-100,-100,-72,-100,-64,-100,-56
1763545357293,-85,-59,-73,-77,-100,-100,-72,-100,-64,-100,-56
1763545357318,-85,-59,-73,-77,-100,-100,-72,-100,-64,-100,-56
1763545357343,-85,-59,-73,-77,-100,-100,-72,-100,-64,-100,-56
1763545357368,-85,-59,-73,-77,-100,-100,-72,-100,-64,-100,-56
1763545357393,-85,-59,-73,-77,-100,-100,-72,-100,-64,-100,-56
1763545357418,-85,-59,-73,-77,-100,-100,-72,-100,-64,-100,-56
1763545357443,-85,-59,-73,-77,-100,-100,-72,-100,-64,-100,-56
1763545357469,-85,-59,-73,-77,-100,-100,-72,-100,-64,-100,-56
1763545357494,-85,-59,-73,-77,-100,-100,-72,-100,-64,-100,-56
1763545357519,-100,-60,-72,-76,-100,-100,-70,-100,-64,-100,-54
1763545357544,-100,-60,-72,-76,-100,-100,-70,-100,-64,-100,-54
1763545357569,-100,-60,-72,-76,-100,-100,-70,-100,-64,-100,-54
1763545357595,-100,-60,-72,-76,-100,-100,-70,-100,-64,-100,-54
1763545357620,-100,-60,-72,-76,-100,-100,-70,-100,-64,-100,-54
1763545357645,-100,-60,-72,-76,-100,-100,-70,-100,-64,-100,-54
1763545357670,-100,-60,-72,-76,-100,-100,-70,-100,-64,-100,-54
1763545357695,-100,-60,-72,-76,-100,-100,-70,-100,-64,-100,-54
1763545357720,-100,-60,-72,-76,-100,-100,-70,-100,-64,-100,-54
1763545357745,-100,-60,-72,-76,-100,-100,-70,-100,-64,-100,-54
1763545357771,-100,-60,-72,-76,-100,-100,-70,-100,-64,-100,-54
1763545357796,-100,-60,-72,-76,-100,-100,-70,-100,-64,-100,-54
1763545357821,-100,-60,-72,-76,-100,-100,-70,-100,-64,-100,-54
1763545357847,-100,-60,-72,-76,-100,-100,-70,-100,-64,-100,-54
1763545357872,-100,-60,-72,-76,-100,-100,-70,-100,-64,-100,-54
1763545357897,-100,-60,-72,-76,-100,-100,-70,-100,-64,-100,-54
1763545357923,-100,-60,-72,-76,-100,-100,-70,-100,-64,-100,-54
1763545357948,-100,-60,-72,-76,-100,-100,-70,-100,-64,-100,-54
1763545357973,-100,-60,-72,-76,-100,-100,-70,-100,-64,-100,-54
1763545357998,-100,-60,-72,-76,-100,-100,-70,-100,-64,-100,-54
1763545358023,-100,-59,-70,-75,-100,-100,-69,-100,-64,-100,-52
1763545358048,-100,-59,-70,-75,-100,-100,-69,-100,-64,-100,-52
1763545358073,-100,-59,-70,-75,-100,-100,-69,-100,-64,-100,-52
1763545358099,-100,-59,-70,-75,-100,-100,-69,-100,-64,-100,-52
1763545358124,-100,-59,-70,-75,-100,-100,-69,-100,-64,-100,-52
1763545358149,-100,-59,-70,-75,-100,-100,-69,-100,-64,-100,-52
1763545358174,-100,-59,-70,-75,-100,-100,-69,-100,-64,-100,-52
1763545358199,-100,-59,-70,-75,-100,-100,-69,-100,-64,-100,-52
1763545358225,-100,-59,-70,-75,-100,-100,-69,-100,-64,-100,-52
1763545358250,-100,-59,-70,-75,-100,-100,-69,-100,-64,-100,-52
1763545358275,-100,-59,-70,-75,-100,-100,-69,-100,-64,-100,-52
1763545358300,-100,-59,-70,-75,-100,-100,-69,-100,-64,-100,-52
1763545358325,-100,-59,-70,-75,-100,-100,-69,-100,-64,-100,-52
1763545358351,-100,-59,-70,-75,-100,-100,-69,-100,-64,-100,-52
1763545358376,-100,-59,-70,-75,-100,-100,-69,-100,-64,-100,-52
1763545358401,-100,-59,-70,-75,-100,-100,-69,-100,-64,-100,-52
1763545358426,-100,-59,-70,-75,-100,-100,-69,-100,-64,-100,-52
1763545358451,-100,-59,-70,-75,-100,-100,-69,-100,-64,-100,-52
1763545358477,-100,-59,-70,-75,-100,-100,-69,-100,-64,-100,-52
1763545358502,-100,-59,-70,-75,-100,-100,-69,-100,-64,-100,-52
1763545358527,-100,-59,-73,-75,-100,-100,-70,-100,-66,-100,-52
1763545358552,-100,-59,-73,-75,-100,-100,-70,-100,-66,-100,-52
1763545358578,-100,-59,-73,-75,-100,-100,-70,-100,-66,-100,-52
1763545358602,-100,-59,-73,-75,-100,-100,-70,-100,-66,-100,-52
1763545358627,-100,-59,-73,-75,-100,-100,-70,-100,-66,-100,-52
1763545358652,-100,-59,-73,-75,-100,-100,-70,-100,-66,-100,-52
1763545358677,-100,-59,-73,-75,-100,-100,-70,-100,-66,-100,-52
1763545358702,-100,-59,-73,-75,-100,-100,-70,-100,-66,-100,-52
1763545358727,-100,-59,-73,-75,-100,-100,-70,-100,-66,-100,-52
1763545358752,-100,-59,-73,-75,-100,-100,-70,-100,-66,-100,-52
1763545358777,-100,-59,-73,-75,-100,-100,-70,-100,-66,-100,-52
1763545358803,-100,-59,-73,-75,-100,-100,-70,-100,-66,-100,-52
1763545358828,-100,-59,-73,-75,-100,-100,-70,-100,-66,-100,-52
1763545358853,-100,-59,-73,-75,-100,-100,-70,-100,-66,-100,-52
1763545358879,-100,-59,-73,-75,-100,-100,-70,-100,-66,-100,-52
1763545358905,-100,-59,-73,-75,-100,-100,-70,-100,-66,-100,-52
1763545358930,-100,-59,-73,-75,-100,-100,-70,-100,-66,-100,-52
1763545358955,-100,-59,-73,-75,-100,-100,-70,-100,-66,-100,-52
1763545358980,-100,-59,-73,-75,-100,-100,-70,-100,-66,-100,-52
1763545359005,-100,-59,-73,-75,-100,-100,-70,-100,-66,-100,-52
1763545359030,-86,-59,-77,-75,-100,-100,-72,-100,-67,-100,-58
1763545359055,-86,-59,-77,-75,-100,-100,-72,-100,-67,-100,-58
1763545359081,-86,-59,-77,-75,-100,-100,-72,-100,-67,-100,-58
1763545359107,-86,-59,-77,-75,-100,-100,-72,-100,-67,-100,-58
1763545359132,-86,-59,-77,-75,-100,-100,-72,-100,-67,-100,-58
1763545359157,-86,-59,-77,-75,-100,-100,-72,-100,-67,-100,-58
1763545359183,-86,-59,-77,-75,-100,-100,-72,-100,-67,-100,-58
1763545359208,-86,-59,-77,-75,-100,-100,-72,-100,-67,-100,-58
1763545359233,-86,-59,-77,-75,-100,-100,-72,-100,-67,-100,-58
1763545359258,-86,-59,-77,-75,-100,-100,-72,-100,-67,-100,-58
1763545359284,-86,-59,-77,-75,-100,-100,-72,-100,-67,-100,-58
1763545359308,-86,-59,-77,-75,-100,-100,-72,-100,-67,-100,-58
1763545359334,-86,-59,-77,-75,-100,-100,-72,-100,-67,-100,-58
1763545359359,-86,-59,-77,-75,-100,-100,-72,-100,-67,-100,-58
1763545359385,-86,-59,-77,-75,-100,-100,-72,-100,-67,-100,-58
1763545359410,-86,-59,-77,-75,-100,-100,-72,-100,-67,-100,-58
1763545359436,-86,-59,-77,-75,-100,-100,-72,-100,-67,-100,-58
1763545359461,-86,-59,-77,-75,-100,-100,-72,-100,-67,-100,-58
1763545359486,-86,-59,-77,-75,-100,-100,-72,-100,-67,-100,-58
1763545359512,-86,-59,-77,-75,-100,-100,-72,-100,-67,-100,-58
1763545359537,-88,-59,-78,-76,-100,-100,-71,-100,-68,-80,-62
1763545359562,-88,-59,-78,-76,-100,-100,-71,-100,-68,-80,-62
1763545359588,-88,-59,-78,-76,-100,-100,-71,-100,-68,-80,-62
1763545359613,-88,-59,-78,-76,-100,-100,-71,-100,-68,-80,-62
1763545359638,-88,-59,-78,-76,-100,-100,-71,-100,-68,-80,-62
1763545359664,-88,-59,-78,-76,-100,-100,-71,-100,-68,-80,-62
1763545359689,-88,-59,-78,-76,-100,-100,-71,-100,-68,-80,-62
1763545359714,-88,-59,-78,-76,-100,-100,-71,-100,-68,-80,-62
1763545359739,-88,-59,-78,-76,-100,-100,-71,-100,-68,-80,-62
1763545359765,-88,-59,-78,-76,-100,-100,-71,-100,-68,-80,-62
1763545359790,-88,-59,-78,-76,-100,-100,-71,-100,-68,-80,-62
1763545359817,-88,-59,-78,-76,-100,-100,-71,-100,-68,-80,-62
1763545359840,-88,-59,-78,-76,-100,-100,-71,-100,-68,-80,-62
1763545359866,-88,-59,-78,-76,-100,-100,-71,-100,-68,-80,-62
1763545359892,-88,-59,-78,-76,-100,-100,-71,-100,-68,-80,-62
1763545359917,-88,-59,-78,-76,-100,-100,-71,-100,-68,-80,-62
1763545359943,-88,-59,-78,-76,-100,-100,-71,-100,-68,-80,-62
1763545359968,-88,-59,-78,-76,-100,-100,-71,-100,-68,-80,-62
1763545359993,-88,-59,-78,-76,-100,-100,-71,-100,-68,-80,-62
1763545360020,-89,-60,-77,-78,-100,-100,-71,-100,-70,-81,-63
1763545360045,-89,-60,-77,-78,-100,-100,-71,-100,-70,-81,-63
1763545360070,-89,-60,-77,-78,-100,-100,-71,-100,-70,-81,-63
1763545360095,-89,-60,-77,-78,-100,-100,-71,-100,-70,-81,-63
1763545360120,-89,-60,-77,-78,-100,-100,-71,-100,-70,-81,-63
1763545360145,-89,-60,-77,-78,-100,-100,-71,-100,-70,-81,-63
1763545360170,-89,-60,-77,-78,-100,-100,-71,-100,-70,-81,-63
1763545360195,-89,-60,-77,-78,-100,-100,-71,-100,-70,-81,-63
1763545360220,-89,-60,-77,-78,-100,-100,-71,-100,-70,-81,-63
1763545360246,-89,-60,-77,-78,-100,-100,-71,-100,-70,-81,-63
1763545360272,-89,-60,-77,-78,-100,-100,-71,-100,-70,-81,-63
1763545360297,-89,-60,-77,-78,-100,-100,-71,-100,-70,-81,-63
1763545360322,-89,-60,-77,-78,-100,-100,-71,-100,-70,-81,-63
1763545360348,-89,-60,-77,-78,-100,-100,-71,-100,-70,-81,-63
1763545360373,-89,-60,-77,-78,-100,-100,-71,-100,-70,-81,-63
1763545360398,-89,-60,-77,-78,-100,-100,-71,-100,-70,-81,-63
1763545360423,-89,-60,-77,-78,-100,-100,-71,-100,-70,-81,-63
1763545360448,-89,-60,-77,-78,-100,-100,-71,-100,-70,-81,-63
1763545360474,-89,-60,-77,-78,-100,-100,-71,-100,-70,-81,-63
1763545360499,-89,-60,-77,-78,-100,-100,-71,-100,-70,-81,-63
1763545360524,-89,-61,-80,-80,-100,-100,-72,-100,-71,-82,-63
1763545360549,-89,-61,-80,-80,-100,-100,-72,-100,-71,-82,-63
1763545360574,-89,-61,-80,-80,-100,-100,-72,-100,-71,-82,-63
1763545360600,-89,-61,-80,-80,-100,-100,-72,-100,-71,-82,-63
1763545360626,-89,-61,-80,-80,-100,-100,-72,-100,-71,-82,-63
1763545360651,-89,-61,-80,-80,-100,-100,-72,-100,-71,-82,-63
1763545360677,-89,-61,-80,-80,-100,-100,-72,-100,-71,-82,-63
1763545360702,-89,-61,-80,-80,-100,-100,-72,-100,-71,-82,-63
1763545360727,-89,-61,-80,-80,-100,-100,-72,-100,-71,-82,-63
1763545360752,-89,-61,-80,-80,-100,-100,-72,-100,-71,-82,-63
1763545360777,-89,-61,-80,-80,-100,-100,-72,-100,-71,-82,-63
1763545360802,-89,-61,-80,-80,-100,-100,-72,-100,-71,-82,-63
1763545360827,-89,-61,-80,-80,-100,-100,-72,-100,-71,-82,-63
1763545360852,-89,-61,-80,-80,-100,-100,-72,-100,-71,-82,-63
1763545360877,-89,-61,-80,-80,-100,-100,-72,-100,-71,-82,-63
1763545360902,-89,-61,-80,-80,-100,-100,-72,-100,-71,-82,-63
1763545360927,-89,-61,-80,-80,-100,-100,-72,-100,-71,-82,-63
1763545360952,-89,-61,-80,-80,-100,-100,-72,-100,-71,-82,-63
1763545360977,-89,-61,-80,-80,-100,-100,-72,-100,-71,-82,-63
1763545361002,-89,-61,-80,-80,-100,-100,-72,-100,-71,-82,-63
1763545361027,-92,-64,-81,-80,-100,-100,-73,-100,-74,-86,-66
1763545361053,-92,-64,-81,-80,-100,-100,-73,-100,-74,-86,-66
1763545361078,-92,-64,-81,-80,-100,-100,-73,-100,-74,-86,-66
1763545361103,-92,-64,-81,-80,-100,-100,-73,-100,-74,-86,-66
1763545361128,-92,-64,-81,-80,-100,-100,-73,-100,-74,-86,-66
1763545361153,-92,-64,-81,-80,-100,-100,-73,-100,-74,-86,-66
1763545361180,-92,-64,-81,-80,-100,-100,-73,-100,-74,-86,-66
1763545361205,-92,-64,-81,-80,-100,-100,-73,-100,-74,-86,-66
1763545361231,-92,-64,-81,-80,-100,-100,-73,-100,-74,-86,-66
1763545361256,-92,-64,-81,-80,-100,-100,-73,-100,-74,-86,-66
1763545361281,-92,-64,-81,-80,-100,-100,-73,-100,-74,-86,-66
1763545361306,-92,-64,-81,-80,-100,-100,-73,-100,-74,-86,-66
1763545361331,-92,-64,-81,-80,-100,-100,-73,-100,-74,-86,-66
1763545361356,-92,-64,-81,-80,-100,-100,-73,-100,-74,-86,-66
1763545361382,-92,-64,-81,-80,-100,-100,-73,-100,-74,-86,-66
1763545361407,-92,-64,-81,-80,-100,-100,-73,-100,-74,-86,-66
1763545361432,-92,-64,-81,-80,-100,-100,-73,-100,-74,-86,-66
1763545361457,-92,-64,-81,-80,-100,-100,-73,-100,-74,-86,-66
1763545361483,-92,-64,-81,-80,-100,-100,-73,-100,-74,-86,-66
1763545361507,-92,-64,-81,-80,-100,-100,-73,-100,-74,-86,-66
1763545361533,-92,-64,-83,-78,-100,-100,-76,-100,-74,-100,-68
1763545361558,-92,-64,-83,-78,-100,-100,-76,-100,-74,-100,-68
1763545361586,-92,-64,-83,-78,-100,-100,-76,-100,-74,-100,-68
1763545361611,-92,-64,-83,-78,-100,-100,-76,-100,-74,-100,-68
1763545361636,-92,-64,-83,-78,-100,-100,-76,-100,-74,-100,-68
1763545361662,-92,-64,-83,-78,-100,-100,-76,-100,-74,-100,-68
1763545361688,-92,-64,-83,-78,-100,-100,-76,-100,-74,-100,-68
1763545361714,-92,-64,-83,-78,-100,-100,-76,-100,-74,-100,-68
1763545361739,-92,-64,-83,-78,-100,-100,-76,-100,-74,-100,-68
1763545361764,-92,-64,-83,-78,-100,-100,-76,-100,-74,-100,-68
1763545361789,-92,-64,-83,-78,-100,-100,-76,-100,-74,-100,-68
1763545361814,-92,-64,-83,-78,-100,-100,-76,-100,-74,-100,-68
1763545361839,-92,-64,-83,-78,-100,-100,-76,-100,-74,-100,-68
1763545361864,-92,-64,-83,-78,-100,-100,-76,-100,-74,-100,-68
1763545361890,-92,-64,-83,-78,-100,-100,-76,-100,-74,-100,-68
1763545361923,-92,-64,-83,-78,-100,-100,-76,-100,-74,-100,-68
1763545361948,-92,-64,-83,-78,-100,-100,-76,-100,-74,-100,-68
1763545361973,-92,-64,-83,-78,-100,-100,-76,-100,-74,-100,-68
1763545361998,-92,-64,-83,-78,-100,-100,-76,-100,-74,-100,-68
1763545362023,-92,-64,-84,-77,-100,-100,-74,-100,-74,-100,-68
1763545362048,-92,-64,-84,-77,-100,-100,-74,-100,-74,-100,-68
1763545362073,-92,-64,-84,-77,-100,-100,-74,-100,-74,-100,-68
1763545362101,-92,-64,-84,-77,-100,-100,-74,-100,-74,-100,-68
1763545362126,-92,-64,-84,-77,-100,-100,-74,-100,-74,-100,-68
1763545362151,-92,-64,-84,-77,-100,-100,-74,-100,-74,-100,-68
1763545362177,-92,-64,-84,-77,-100,-100,-74,-100,-74,-100,-68
1763545362202,-92,-64,-84,-77,-100,-100,-74,-100,-74,-100,-68
1763545362227,-92,-64,-84,-77,-100,-100,-74,-100,-74,-100,-68
1763545362252,-92,-64,-84,-77,-100,-100,-74,-100,-74,-100,-68
1763545362277,-92,-64,-84,-77,-100,-100,-74,-100,-74,-100,-68
1763545362302,-92,-64,-84,-77,-100,-100,-74,-100,-74,-100,-68
1763545362327,-92,-64,-84,-77,-100,-100,-74,-100,-74,-100,-68
1763545362353,-92,-64,-84,-77,-100,-100,-74,-100,-74,-100,-68
1763545362379,-92,-64,-84,-77,-100,-100,-74,-100,-74,-100,-68
1763545362404,-92,-64,-84,-77,-100,-100,-74,-100,-74,-100,-68
1763545362430,-92,-64,-84,-77,-100,-100,-74,-100,-74,-100,-68
1763545362455,-92,-64,-84,-77,-100,-100,-74,-100,-74,-100,-68
1763545362480,-92,-64,-84,-77,-100,-100,-74,-100,-74,-100,-68
1763545362505,-92,-64,-84,-77,-100,-100,-74,-100,-74,-100,-68
1763545362530,-100,-65,-84,-77,-100,-100,-73,-100,-74,-100,-69
1763545362555,-100,-65,-84,-77,-100,-100,-73,-100,-74,-100,-69
1763545362581,-100,-65,-84,-77,-100,-100,-73,-100,-74,-100,-69
1763545362606,-100,-65,-84,-77,-100,-100,-73,-100,-74,-100,-69
1763545362631,-100,-65,-84,-77,-100,-100,-73,-100,-74,-100,-69
1763545362657,-100,-65,-84,-77,-100,-100,-73,-100,-74,-100,-69
1763545362683,-100,-65,-84,-77,-100,-100,-73,-100,-74,-100,-69
1763545362708,-100,-65,-84,-77,-100,-100,-73,-100,-74,-100,-69
1763545362733,-100,-65,-84,-77,-100,-100,-73,-100,-74,-100,-69
1763545362758,-100,-65,-84,-77,-100,-100,-73,-100,-74,-100,-69
1763545362783,-100,-65,-84,-77,-100,-100,-73,-100,-74,-100,-69
1763545362808,-100,-65,-84,-77,-100,-100,-73,-100,-74,-100,-69
1763545362833,-100,-65,-84,-77,-100,-100,-73,-100,-74,-100,-69
1763545362858,-100,-65,-84,-77,-100,-100,-73,-100,-74,-100,-69
1763545362883,-100,-65,-84,-77,-100,-100,-73,-100,-74,-100,-69
1763545362908,-100,-65,-84,-77,-100,-100,-73,-100,-74,-100,-69
1763545362933,-100,-65,-84,-77,-100,-100,-73,-100,-74,-100,-69
1763545362959,-100,-65,-84,-77,-100,-100,-73,-100,-74,-100,-69
1763545362984,-100,-65,-84,-77,-100,-100,-73,-100,-74,-100,-69
1763545363009,-100,-65,-84,-77,-100,-100,-73,-100,-74,-100,-69
1763545363034,-100,-65,-85,-75,-100,-100,-70,-100,-74,-86,-71
1763545363059,-100,-65,-85,-75,-100,-100,-70,-100,-74,-86,-71
1763545363084,-100,-65,-85,-75,-100,-100,-70,-100,-74,-86,-71
1763545363109,-100,-65,-85,-75,-100,-100,-70,-100,-74,-86,-71
1763545363134,-100,-65,-85,-75,-100,-100,-70,-100,-74,-86,-71
1763545363159,-100,-65,-85,-75,-100,-100,-70,-100,-74,-86,-71
1763545363185,-100,-65,-85,-75,-100,-100,-70,-100,-74,-86,-71
1763545363210,-100,-65,-85,-75,-100,-100,-70,-100,-74,-86,-71
1763545363236,-100,-65,-85,-75,-100,-100,-70,-100,-74,-86,-71
1763545363261,-100,-65,-85,-75,-100,-100,-70,-100,-74,-86,-71
1763545363287,-100,-65,-85,-75,-100,-100,-70,-100,-74,-86,-71
1763545363312,-100,-65,-85,-75,-100,-100,-70,-100,-74,-86,-71
1763545363337,-100,-65,-85,-75,-100,-100,-70,-100,-74,-86,-71
1763545363362,-100,-65,-85,-75,-100,-100,-70,-100,-74,-86,-71
1763545363387,-100,-65,-85,-75,-100,-100,-70,-100,-74,-86,-71
1763545363412,-100,-65,-85,-75,-100,-100,-70,-100,-74,-86,-71
1763545363437,-100,-65,-85,-75,-100,-100,-70,-100,-74,-86,-71
1763545363463,-100,-65,-85,-75,-100,-100,-70,-100,-74,-86,-71
1763545363488,-100,-65,-85,-75,-100,-100,-70,-100,-74,-86,-71
1763545363514,-100,-65,-85,-75,-100,-100,-70,-100,-74,-86,-71
1763545363539,-100,-64,-83,-72,-100,-86,-70,-100,-75,-85,-73
1763545363564,-100,-64,-83,-72,-100,-86,-70,-100,-75,-85,-73
1763545363589,-100,-64,-83,-72,-100,-86,-70,-100,-75,-85,-73
1763545363614,-100,-64,-83,-72,-100,-86,-70,-100,-75,-85,-73
1763545363639,-100,-64,-83,-72,-100,-86,-70,-100,-75,-85,-73
1763545363664,-100,-64,-83,-72,-100,-86,-70,-100,-75,-85,-73
1763545363689,-100,-64,-83,-72,-100,-86,-70,-100,-75,-85,-73
1763545363714,-100,-64,-83,-72,-100,-86,-70,-100,-75,-85,-73
1763545363739,-100,-64,-83,-72,-100,-86,-70,-100,-75,-85,-73
1763545363764,-100,-64,-83,-72,-100,-86,-70,-100,-75,-85,-73
1763545363790,-100,-64,-83,-72,-100,-86,-70,-100,-75,-85,-73
1763545363817,-100,-64,-83,-72,-100,-86,-70,-100,-75,-85,-73
1763545363842,-100,-64,-83,-72,-100,-86,-70,-100,-75,-85,-73
1763545363867,-100,-64,-83,-72,-100,-86,-70,-100,-75,-85,-73
1763545363893,-100,-64,-83,-72,-100,-86,-70,-100,-75,-85,-73
1763545363918,-100,-64,-83,-72,-100,-86,-70,-100,-75,-85,-73
1763545363944,-100,-64,-83,-72,-100,-86,-70,-100,-75,-85,-73
1763545363970,-100,-64,-83,-72,-100,-86,-70,-100,-75,-85,-73
1763545363996,-100,-64,-83,-72,-100,-86,-70,-100,-75,-85,-73
1763545364022,-100,-64,-83,-72,-100,-86,-70,-100,-75,-85,-73
1763545364048,-82,-63,-82,-72,-100,-86,-70,-100,-75,-85,-75
1763545364073,-82,-63,-82,-72,-100,-86,-70,-100,-75,-85,-75
1763545364098,-82,-63,-82,-72,-100,-86,-70,-100,-75,-85,-75
1763545364123,-82,-63,-82,-72,-100,-86,-70,-100,-75,-85,-75
1763545364149,-82,-63,-82,-72,-100,-86,-70,-100,-75,-85,-75
1763545364174,-82,-63,-82,-72,-100,-86,-70,-100,-75,-85,-75
1763545364199,-82,-63,-82,-72,-100,-86,-70,-100,-75,-85,-75
1763545364224,-82,-63,-82,-72,-100,-86,-70,-100,-75,-85,-75
1763545364249,-82,-63,-82,-72,-100,-86,-70,-100,-75,-85,-75
1763545364274,-82,-63,-82,-72,-100,-86,-70,-100,-75,-85,-75
1763545364299,-82,-63,-82,-72,-100,-86,-70,-100,-75,-85,-75
1763545364324,-82,-63,-82,-72,-100,-86,-70,-100,-75,-85,-75
1763545364350,-82,-63,-82,-72,-100,-86,-70,-100,-75,-85,-75
1763545364375,-82,-63,-82,-72,-100,-86,-70,-100,-75,-85,-75
1763545364400,-82,-63,-82,-72,-100,-86,-70,-100,-75,-85,-75
1763545364425,-82,-63,-82,-72,-100,-86,-70,-100,-75,-85,-75
1763545364450,-82,-63,-82,-72,-100,-86,-70,-100,-75,-85,-75
1763545364475,-82,-63,-82,-72,-100,-86,-70,-100,-75,-85,-75
1763545364500,-82,-63,-82,-72,-100,-86,-70,-100,-75,-85,-75
1763545364526,-82,-63,-83,-75,-100,-100,-71,-100,-74,-85,-75
1763545364551,-82,-63,-83,-75,-100,-100,-71,-100,-74,-85,-75
1763545364576,-82,-63,-83,-75,-100,-100,-71,-100,-74,-85,-75
1763545364601,-82,-63,-83,-75,-100,-100,-71,-100,-74,-85,-75
1763545364626,-82,-63,-83,-75,-100,-100,-71,-100,-74,-85,-75
1763545364652,-82,-63,-83,-75,-100,-100,-71,-100,-74,-85,-75
1763545364677,-82,-63,-83,-75,-100,-100,-71,-100,-74,-85,-75
1763545364702,-82,-63,-83,-75,-100,-100,-71,-100,-74,-85,-75
1763545364727,-82,-63,-83,-75,-100,-100,-71,-100,-74,-85,-75
1763545364753,-82,-63,-83,-75,-100,-100,-71,-100,-74,-85,-75
1763545364778,-82,-63,-83,-75,-100,-100,-71,-100,-74,-85,-75
1763545364803,-82,-63,-83,-75,-100,-100,-71,-100,-74,-85,-75
1763545364828,-82,-63,-83,-75,-100,-100,-71,-100,-74,-85,-75
1763545364853,-82,-63,-83,-75,-100,-100,-71,-100,-74,-85,-75
1763545364878,-82,-63,-83,-75,-100,-100,-71,-100,-74,-85,-75
1763545364903,-82,-63,-83,-75,-100,-100,-71,-100,-74,-85,-75
1763545364928,-82,-63,-83,-75,-100,-100,-71,-100,-74,-85,-75
1763545364953,-82,-63,-83,-75,-100,-100,-71,-100,-74,-85,-75
1763545364978,-82,-63,-83,-75,-100,-100,-71,-100,-74,-85,-75
1763545365003,-82,-63,-83,-75,-100,-100,-71,-100,-74,-85,-75
1763545365029,-83,-64,-84,-75,-100,-100,-72,-100,-74,-83,-74
1763545365054,-83,-64,-84,-75,-100,-100,-72,-100,-74,-83,-74
1763545365080,-83,-64,-84,-75,-100,-100,-72,-100,-74,-83,-74
1763545365105,-83,-64,-84,-75,-100,-100,-72,-100,-74,-83,-74
1763545365131,-83,-64,-84,-75,-100,-100,-72,-100,-74,-83,-74
1763545365156,-83,-64,-84,-75,-100,-100,-72,-100,-74,-83,-74
1763545365181,-83,-64,-84,-75,-100,-100,-72,-100,-74,-83,-74
1763545365206,-83,-64,-84,-75,-100,-100,-72,-100,-74,-83,-74
1763545365232,-83,-64,-84,-75,-100,-100,-72,-100,-74,-83,-74
1763545365256,-83,-64,-84,-75,-100,-100,-72,-100,-74,-83,-74
1763545365281,-83,-64,-84,-75,-100,-100,-72,-100,-74,-83,-74
1763545365307,-83,-64,-84,-75,-100,-100,-72,-100,-74,-83,-74
1763545365333,-83,-64,-84,-75,-100,-100,-72,-100,-74,-83,-74
1763545365358,-83,-64,-84,-75,-100,-100,-72,-100,-74,-83,-74
1763545365383,-83,-64,-84,-75,-100,-100,-72,-100,-74,-83,-74
1763545365408,-83,-64,-84,-75,-100,-100,-72,-100,-74,-83,-74
1763545365433,-83,-64,-84,-75,-100,-100,-72,-100,-74,-83,-74
1763545365458,-83,-64,-84,-75,-100,-100,-72,-100,-74,-83,-74
1763545365483,-83,-64,-84,-75,-100,-100,-72,-100,-74,-83,-74
1763545365508,-83,-64,-84,-75,-100,-100,-72,-100,-74,-83,-74
1763545365533,-83,-64,-86,-74,-100,-81,-72,-100,-77,-81,-74
1763545365559,-83,-64,-86,-74,-100,-81,-72,-100,-77,-81,-74
1763545365584,-83,-64,-86,-74,-100,-81,-72,-100,-77,-81,-74
1763545365609,-83,-64,-86,-74,-100,-81,-72,-100,-77,-81,-74
1763545365634,-83,-64,-86,-74,-100,-81,-72,-100,-77,-81,-74
1763545365659,-83,-64,-86,-74,-100,-81,-72,-100,-77,-81,-74
1763545365684,-83,-64,-86,-74,-100,-81,-72,-100,-77,-81,-74
1763545365709,-83,-64,-86,-74,-100,-81,-72,-100,-77,-81,-74
1763545365734,-83,-64,-86,-74,-100,-81,-72,-100,-77,-81,-74
1763545365759,-83,-64,-86,-74,-100,-81,-72,-100,-77,-81,-74
1763545365784,-83,-64,-86,-74,-100,-81,-72,-100,-77,-81,-74
1763545365810,-83,-64,-86,-74,-100,-81,-72,-100,-77,-81,-74
1763545365835,-83,-64,-86,-74,-100,-81,-72,-100,-77,-81,-74
1763545365861,-83,-64,-86,-74,-100,-81,-72,-100,-77,-81,-74
1763545365886,-83,-64,-86,-74,-100,-81,-72,-100,-77,-81,-74
1763545365912,-83,-64,-86,-74,-100,-81,-72,-100,-77,-81,-74
1763545365938,-83,-64,-86,-74,-100,-81,-72,-100,-77,-81,-74
1763545365963,-83,-64,-86,-74,-100,-81,-72,-100,-77,-81,-74
1763545365988,-83,-64,-86,-74,-100,-81,-72,-100,-77,-81,-74
1763545366013,-83,-64,-86,-74,-100,-81,-72,-100,-77,-81,-74
1763545366038,-83,-65,-86,-73,-90,-83,-74,-100,-77,-100,-75
1763545366064,-83,-65,-86,-73,-90,-83,-74,-100,-77,-100,-75
1763545366089,-83,-65,-86,-73,-90,-83,-74,-100,-77,-100,-75
1763545366114,-83,-65,-86,-73,-90,-83,-74,-100,-77,-100,-75
1763545366139,-83,-65,-86,-73,-90,-83,-74,-100,-77,-100,-75
1763545366168,-83,-65,-86,-73,-90,-83,-74,-100,-77,-100,-75
1763545366193,-83,-65,-86,-73,-90,-83,-74,-100,-77,-100,-75
1763545366219,-83,-65,-86,-73,-90,-83,-74,-100,-77,-100,-75
1763545366245,-83,-65,-86,-73,-90,-83,-74,-100,-77,-100,-75
1763545366270,-83,-65,-86,-73,-90,-83,-74,-100,-77,-100,-75
1763545366295,-83,-65,-86,-73,-90,-83,-74,-100,-77,-100,-75
1763545366320,-83,-65,-86,-73,-90,-83,-74,-100,-77,-100,-75
1763545366345,-83,-65,-86,-73,-90,-83,-74,-100,-77,-100,-75
1763545366371,-83,-65,-86,-73,-90,-83,-74,-100,-77,-100,-75
1763545366396,-83,-65,-86,-73,-90,-83,-74,-100,-77,-100,-75
1763545366421,-83,-65,-86,-73,-90,-83,-74,-100,-77,-100,-75
1763545366446,-83,-65,-86,-73,-90,-83,-74,-100,-77,-100,-75
1763545366471,-83,-65,-86,-73,-90,-83,-74,-100,-77,-100,-75
1763545366497,-83,-65,-86,-73,-90,-83,-74,-100,-77,-100,-75
1763545366522,-83,-65,-86,-73,-90,-83,-74,-100,-77,-100,-75
1763545366548,-79,-66,-87,-73,-90,-84,-74,-100,-76,-100,-76
1763545366573,-79,-66,-87,-73,-90,-84,-74,-100,-76,-100,-76
1763545366599,-79,-66,-87,-73,-90,-84,-74,-100,-76,-100,-76
1763545366624,-79,-66,-87,-73,-90,-84,-74,-100,-76,-100,-76
1763545366651,-79,-66,-87,-73,-90,-84,-74,-100,-76,-100,-76
1763545366675,-79,-66,-87,-73,-90,-84,-74,-100,-76,-100,-76
1763545366701,-79,-66,-87,-73,-90,-84,-74,-100,-76,-100,-76
1763545366727,-79,-66,-87,-73,-90,-84,-74,-100,-76,-100,-76
1763545366752,-79,-66,-87,-73,-90,-84,-74,-100,-76,-100,-76
1763545366777,-79,-66,-87,-73,-90,-84,-74,-100,-76,-100,-76
1763545366802,-79,-66,-87,-73,-90,-84,-74,-100,-76,-100,-76
1763545366828,-79,-66,-87,-73,-90,-84,-74,-100,-76,-100,-76
1763545366854,-79,-66,-87,-73,-90,-84,-74,-100,-76,-100,-76
1763545366879,-79,-66,-87,-73,-90,-84,-74,-100,-76,-100,-76
1763545366905,-79,-66,-87,-73,-90,-84,-74,-100,-76,-100,-76
1763545366930,-79,-66,-87,-73,-90,-84,-74,-100,-76,-100,-76
1763545366955,-79,-66,-87,-73,-90,-84,-74,-100,-76,-100,-76
1763545366981,-79,-66,-87,-73,-90,-84,-74,-100,-76,-100,-76
1763545367006,-79,-66,-87,-73,-90,-84,-74,-100,-76,-100,-76
1763545367032,-79,-67,-87,-75,-100,-83,-73,-100,-77,-83,-77
1763545367057,-79,-67,-87,-75,-100,-83,-73,-100,-77,-83,-77
1763545367083,-79,-67,-87,-75,-100,-83,-73,-100,-77,-83,-77
1763545367107,-79,-67,-87,-75,-100,-83,-73,-100,-77,-83,-77
1763545367132,-79,-67,-87,-75,-100,-83,-73,-100,-77,-83,-77
1763545367157,-79,-67,-87,-75,-100,-83,-73,-100,-77,-83,-77
1763545367182,-79,-67,-87,-75,-100,-83,-73,-100,-77,-83,-77
1763545367208,-79,-67,-87,-75,-100,-83,-73,-100,-77,-83,-77
1763545367234,-79,-67,-87,-75,-100,-83,-73,-100,-77,-83,-77
1763545367259,-79,-67,-87,-75,-100,-83,-73,-100,-77,-83,-77
1763545367284,-79,-67,-87,-75,-100,-83,-73,-100,-77,-83,-77
1763545367309,-79,-67,-87,-75,-100,-83,-73,-100,-77,-83,-77
1763545367334,-79,-67,-87,-75,-100,-83,-73,-100,-77,-83,-77
1763545367360,-79,-67,-87,-75,-100,-83,-73,-100,-77,-83,-77
1763545367385,-79,-67,-87,-75,-100,-83,-73,-100,-77,-83,-77
1763545367411,-79,-67,-87,-75,-100,-83,-73,-100,-77,-83,-77
1763545367436,-79,-67,-87,-75,-100,-83,-73,-100,-77,-83,-77
1763545367462,-79,-67,-87,-75,-100,-83,-73,-100,-77,-83,-77
1763545367487,-79,-67,-87,-75,-100,-83,-73,-100,-77,-83,-77
1763545367512,-79,-67,-87,-75,-100,-83,-73,-100,-77,-83,-77
1763545367537,-79,-67,-100,-73,-100,-81,-73,-100,-79,-83,-77
1763545367562,-79,-67,-100,-73,-100,-81,-73,-100,-79,-83,-77
1763545367587,-79,-67,-100,-73,-100,-81,-73,-100,-79,-83,-77
1763545367612,-79,-67,-100,-73,-100,-81,-73,-100,-79,-83,-77
1763545367638,-79,-67,-100,-73,-100,-81,-73,-100,-79,-83,-77
1763545367664,-79,-67,-100,-73,-100,-81,-73,-100,-79,-83,-77
1763545367689,-79,-67,-100,-73,-100,-81,-73,-100,-79,-83,-77
1763545367714,-79,-67,-100,-73,-100,-81,-73,-100,-79,-83,-77
1763545367740,-79,-67,-100,-73,-100,-81,-73,-100,-79,-83,-77
1763545367765,-79,-67,-100,-73,-100,-81,-73,-100,-79,-83,-77
1763545367790,-79,-67,-100,-73,-100,-81,-73,-100,-79,-83,-77
1763545367817,-79,-67,-100,-73,-100,-81,-73,-100,-79,-83,-77
1763545367842,-79,-67,-100,-73,-100,-81,-73,-100,-79,-83,-77
1763545367868,-79,-67,-100,-73,-100,-81,-73,-100,-79,-83,-77
1763545367893,-79,-67,-100,-73,-100,-81,-73,-100,-79,-83,-77
1763545367918,-79,-67,-100,-73,-100,-81,-73,-100,-79,-83,-77
1763545367943,-79,-67,-100,-73,-100,-81,-73,-100,-79,-83,-77
1763545367969,-79,-67,-100,-73,-100,-81,-73,-100,-79,-83,-77
1763545367993,-79,-67,-100,-73,-100,-81,-73,-100,-79,-83,-77
1763545368018,-79,-67,-100,-73,-100,-81,-73,-100,-79,-83,-77
1763545368044,-80,-65,-100,-68,-100,-80,-71,-100,-79,-82,-78
1763545368070,-80,-65,-100,-68,-100,-80,-71,-100,-79,-82,-78
1763545368095,-80,-65,-100,-68,-100,-80,-71,-100,-79,-82,-78
1763545368120,-80,-65,-100,-68,-100,-80,-71,-100,-79,-82,-78
1763545368145,-80,-65,-100,-68,-100,-80,-71,-100,-79,-82,-78
1763545368170,-80,-65,-100,-68,-100,-80,-71,-100,-79,-82,-78
1763545368195,-80,-65,-100,-68,-100,-80,-71,-100,-79,-82,-78
1763545368220,-80,-65,-100,-68,-100,-80,-71,-100,-79,-82,-78
1763545368245,-80,-65,-100,-68,-100,-80,-71,-100,-79,-82,-78
1763545368270,-80,-65,-100,-68,-100,-80,-71,-100,-79,-82,-78
1763545368296,-80,-65,-100,-68,-100,-80,-71,-100,-79,-82,-78
1763545368321,-80,-65,-100,-68,-100,-80,-71,-100,-79,-82,-78
1763545368346,-80,-65,-100,-68,-100,-80,-71,-100,-79,-82,-78
1763545368371,-80,-65,-100,-68,-100,-80,-71,-100,-79,-82,-78
1763545368396,-80,-65,-100,-68,-100,-80,-71,-100,-79,-82,-78
1763545368421,-80,-65,-100,-68,-100,-80,-71,-100,-79,-82,-78
1763545368447,-80,-65,-100,-68,-100,-80,-71,-100,-79,-82,-78
1763545368473,-80,-65,-100,-68,-100,-80,-71,-100,-79,-82,-78
1763545368498,-80,-65,-100,-68,-100,-80,-71,-100,-79,-82,-78
1763545368523,-80,-65,-100,-68,-100,-80,-71,-100,-79,-82,-78
1763545368548,-80,-64,-79,-66,-84,-80,-67,-100,-74,-77,-79
1763545368574,-80,-64,-79,-66,-84,-80,-67,-100,-74,-77,-79
1763545368599,-80,-64,-79,-66,-84,-80,-67,-100,-74,-77,-79
1763545368625,-80,-64,-79,-66,-84,-80,-67,-100,-74,-77,-79
1763545368650,-80,-64,-79,-66,-84,-80,-67,-100,-74,-77,-79
1763545368675,-80,-64,-79,-66,-84,-80,-67,-100,-74,-77,-79
1763545368700,-80,-64,-79,-66,-84,-80,-67,-100,-74,-77,-79
1763545368728,-80,-64,-79,-66,-84,-80,-67,-100,-74,-77,-79
1763545368753,-80,-64,-79,-66,-84,-80,-67,-100,-74,-77,-79
1763545368778,-80,-64,-79,-66,-84,-80,-67,-100,-74,-77,-79
1763545368804,-80,-64,-79,-66,-84,-80,-67,-100,-74,-77,-79
1763545368829,-80,-64,-79,-66,-84,-80,-67,-100,-74,-77,-79
1763545368855,-80,-64,-79,-66,-84,-80,-67,-100,-74,-77,-79
1763545368880,-80,-64,-79,-66,-84,-80,-67,-100,-74,-77,-79
1763545368906,-80,-64,-79,-66,-84,-80,-67,-100,-74,-77,-79
1763545368931,-80,-64,-79,-66,-84,-80,-67,-100,-74,-77,-79
1763545368956,-80,-64,-79,-66,-84,-80,-67,-100,-74,-77,-79
1763545368981,-80,-64,-79,-66,-84,-80,-67,-100,-74,-77,-79
1763545369006,-80,-64,-79,-66,-84,-80,-67,-100,-74,-77,-79
1763545369031,-73,-62,-80,-62,-82,-76,-65,-100,-75,-74,-78
1763545369056,-73,-62,-80,-62,-82,-76,-65,-100,-75,-74,-78
1763545369082,-73,-62,-80,-62,-82,-76,-65,-100,-75,-74,-78
1763545369108,-73,-62,-80,-62,-82,-76,-65,-100,-75,-74,-78
1763545369133,-73,-62,-80,-62,-82,-76,-65,-100,-75,-74,-78
1763545369158,-73,-62,-80,-62,-82,-76,-65,-100,-75,-74,-78
1763545369184,-73,-62,-80,-62,-82,-76,-65,-100,-75,-74,-78
1763545369209,-73,-62,-80,-62,-82,-76,-65,-100,-75,-74,-78
1763545369234,-73,-62,-80,-62,-82,-76,-65,-100,-75,-74,-78
1763545369259,-73,-62,-80,-62,-82,-76,-65,-100,-75,-74,-78
1763545369284,-73,-62,-80,-62,-82,-76,-65,-100,-75,-74,-78
1763545369309,-73,-62,-80,-62,-82,-76,-65,-100,-75,-74,-78
1763545369335,-73,-62,-80,-62,-82,-76,-65,-100,-75,-74,-78
1763545369360,-73,-62,-80,-62,-82,-76,-65,-100,-75,-74,-78
1763545369385,-73,-62,-80,-62,-82,-76,-65,-100,-75,-74,-78
1763545369410,-73,-62,-80,-62,-82,-76,-65,-100,-75,-74,-78
1763545369435,-73,-62,-80,-62,-82,-76,-65,-100,-75,-74,-78
1763545369460,-73,-62,-80,-62,-82,-76,-65,-100,-75,-74,-78
1763545369486,-73,-62,-80,-62,-82,-76,-65,-100,-75,-74,-78
1763545369511,-73,-62,-80,-62,-82,-76,-65,-100,-75,-74,-78
1763545369536,-62,-64,-82,-62,-81,-77,-65,-83,-77,-73,-78
1763545369562,-62,-64,-82,-62,-81,-77,-65,-83,-77,-73,-78
1763545369587,-62,-64,-82,-62,-81,-77,-65,-83,-77,-73,-78
1763545369612,-62,-64,-82,-62,-81,-77,-65,-83,-77,-73,-78
1763545369637,-62,-64,-82,-62,-81,-77,-65,-83,-77,-73,-78
1763545369662,-62,-64,-82,-62,-81,-77,-65,-83,-77,-73,-78
1763545369687,-62,-64,-82,-62,-81,-77,-65,-83,-77,-73,-78
1763545369712,-62,-64,-82,-62,-81,-77,-65,-83,-77,-73,-78
1763545369737,-62,-64,-82,-62,-81,-77,-65,-83,-77,-73,-78
1763545369762,-62,-64,-82,-62,-81,-77,-65,-83,-77,-73,-78
1763545369788,-62,-64,-82,-62,-81,-77,-65,-83,-77,-73,-78
1763545369812,-62,-64,-82,-62,-81,-77,-65,-83,-77,-73,-78
1763545369837,-62,-64,-82,-62,-81,-77,-65,-83,-77,-73,-78
1763545369862,-62,-64,-82,-62,-81,-77,-65,-83,-77,-73,-78
1763545369888,-62,-64,-82,-62,-81,-77,-65,-83,-77,-73,-78
1763545369913,-62,-64,-82,-62,-81,-77,-65,-83,-77,-73,-78
1763545369938,-62,-64,-82,-62,-81,-77,-65,-83,-77,-73,-78
1763545369963,-62,-64,-82,-62,-81,-77,-65,-83,-77,-73,-78
1763545369988,-62,-64,-82,-62,-81,-77,-65,-83,-77,-73,-78
1763545370013,-62,-64,-82,-62,-81,-77,-65,-83,-77,-73,-78
1763545370039,-64,-65,-100,-64,-84,-78,-64,-83,-78,-76,-78
1763545370065,-64,-65,-100,-64,-84,-78,-64,-83,-78,-76,-78
1763545370090,-64,-65,-100,-64,-84,-78,-64,-83,-78,-76,-78
1763545370116,-64,-65,-100,-64,-84,-78,-64,-83,-78,-76,-78
1763545370141,-64,-65,-100,-64,-84,-78,-64,-83,-78,-76,-78
1763545370167,-64,-65,-100,-64,-84,-78,-64,-83,-78,-76,-78
1763545370192,-64,-65,-100,-64,-84,-78,-64,-83,-78,-76,-78
1763545370217,-64,-65,-100,-64,-84,-78,-64,-83,-78,-76,-78
1763545370242,-64,-65,-100,-64,-84,-78,-64,-83,-78,-76,-78
1763545370267,-64,-65,-100,-64,-84,-78,-64,-83,-78,-76,-78
1763545370292,-64,-65,-100,-64,-84,-78,-64,-83,-78,-76,-78
1763545370318,-64,-65,-100,-64,-84,-78,-64,-83,-78,-76,-78
1763545370343,-64,-65,-100,-64,-84,-78,-64,-83,-78,-76,-78
1763545370368,-64,-65,-100,-64,-84,-78,-64,-83,-78,-76,-78
1763545370393,-64,-65,-100,-64,-84,-78,-64,-83,-78,-76,-78
1763545370418,-64,-65,-100,-64,-84,-78,-64,-83,-78,-76,-78
1763545370443,-64,-65,-100,-64,-84,-78,-64,-83,-78,-76,-78
1763545370469,-64,-65,-100,-64,-84,-78,-64,-83,-78,-76,-78
1763545370495,-64,-65,-100,-64,-84,-78,-64,-83,-78,-76,-78
1763545370520,-64,-65,-100,-64,-84,-78,-64,-83,-78,-76,-78
1763545370545,-66,-65,-100,-65,-82,-74,-65,-83,-78,-76,-79
1763545370571,-66,-65,-100,-65,-82,-74,-65,-83,-78,-76,-79
1763545370596,-66,-65,-100,-65,-82,-74,-65,-83,-78,-76,-79
1763545370622,-66,-65,-100,-65,-82,-74,-65,-83,-78,-76,-79
1763545370646,-66,-65,-100,-65,-82,-74,-65,-83,-78,-76,-79
1763545370671,-66,-65,-100,-65,-82,-74,-65,-83,-78,-76,-79
1763545370697,-66,-65,-100,-65,-82,-74,-65,-83,-78,-76,-79
1763545370722,-66,-65,-100,-65,-82,-74,-65,-83,-78,-76,-79
1763545370748,-66,-65,-100,-65,-82,-74,-65,-83,-78,-76,-79
1763545370773,-66,-65,-100,-65,-82,-74,-65,-83,-78,-76,-79
1763545370799,-66,-65,-100,-65,-82,-74,-65,-83,-78,-76,-79
1763545370824,-66,-65,-100,-65,-82,-74,-65,-83,-78,-76,-79
1763545370851,-66,-65,-100,-65,-82,-74,-65,-83,-78,-76,-79
1763545370876,-66,-65,-100,-65,-82,-74,-65,-83,-78,-76,-79
1763545370901,-66,-65,-100,-65,-82,-74,-65,-83,-78,-76,-79
1763545370926,-66,-65,-100,-65,-82,-74,-65,-83,-78,-76,-79
1763545370951,-66,-65,-100,-65,-82,-74,-65,-83,-78,-76,-79
1763545370976,-66,-65,-100,-65,-82,-74,-65,-83,-78,-76,-79
1763545371001,-66,-65,-100,-65,-82,-74,-65,-83,-78,-76,-79
1763545371026,-69,-65,-100,-63,-81,-73,-69,-100,-75,-77,-77
1763545371051,-69,-65,-100,-63,-81,-73,-69,-100,-75,-77,-77
1763545371076,-69,-65,-100,-63,-81,-73,-69,-100,-75,-77,-77
1763545371101,-69,-65,-100,-63,-81,-73,-69,-100,-75,-77,-77
1763545371126,-69,-65,-100,-63,-81,-73,-69,-100,-75,-77,-77
1763545371151,-69,-65,-100,-63,-81,-73,-69,-100,-75,-77,-77
1763545371176,-69,-65,-100,-63,-81,-73,-69,-100,-75,-77,-77
1763545371201,-69,-65,-100,-63,-81,-73,-69,-100,-75,-77,-77
1763545371226,-69,-65,-100,-63,-81,-73,-69,-100,-75,-77,-77
1763545371252,-69,-65,-100,-63,-81,-73,-69,-100,-75,-77,-77
1763545371277,-69,-65,-100,-63,-81,-73,-69,-100,-75,-77,-77
1763545371303,-69,-65,-100,-63,-81,-73,-69,-100,-75,-77,-77
1763545371328,-69,-65,-100,-63,-81,-73,-69,-100,-75,-77,-77
1763545371354,-69,-65,-100,-63,-81,-73,-69,-100,-75,-77,-77
1763545371379,-69,-65,-100,-63,-81,-73,-69,-100,-75,-77,-77
1763545371404,-69,-65,-100,-63,-81,-73,-69,-100,-75,-77,-77
1763545371429,-69,-65,-100,-63,-81,-73,-69,-100,-75,-77,-77
1763545371454,-69,-65,-100,-63,-81,-73,-69,-100,-75,-77,-77
1763545371479,-69,-65,-100,-63,-81,-73,-69,-100,-75,-77,-77
1763545371505,-69,-65,-100,-63,-81,-73,-69,-100,-75,-77,-77
1763545371530,-68,-63,-87,-62,-82,-73,-72,-100,-76,-75,-79
1763545371555,-68,-63,-87,-62,-82,-73,-72,-100,-76,-75,-79
1763545371581,-68,-63,-87,-62,-82,-73,-72,-100,-76,-75,-79
1763545371606,-68,-63,-87,-62,-82,-73,-72,-100,-76,-75,-79
1763545371633,-68,-63,-87,-62,-82,-73,-72,-100,-76,-75,-79
1763545371659,-68,-63,-87,-62,-82,-73,-72,-100,-76,-75,-79
1763545371683,-68,-63,-87,-62,-82,-73,-72,-100,-76,-75,-79
1763545371708,-68,-63,-87,-62,-82,-73,-72,-100,-76,-75,-79
1763545371733,-68,-63,-87,-62,-82,-73,-72,-100,-76,-75,-79
1763545371758,-68,-63,-87,-62,-82,-73,-72,-100,-76,-75,-79
1763545371783,-68,-63,-87,-62,-82,-73,-72,-100,-76,-75,-79
1763545371809,-68,-63,-87,-62,-82,-73,-72,-100,-76,-75,-79
1763545371834,-68,-63,-87,-62,-82,-73,-72,-100,-76,-75,-79
1763545371859,-68,-63,-87,-62,-82,-73,-72,-100,-76,-75,-79
1763545371884,-68,-63,-87,-62,-82,-73,-72,-100,-76,-75,-79
1763545371909,-68,-63,-87,-62,-82,-73,-72,-100,-76,-75,-79
1763545371934,-68,-63,-87,-62,-82,-73,-72,-100,-76,-75,-79
1763545371960,-68,-63,-87,-62,-82,-73,-72,-100,-76,-75,-79
1763545371985,-68,-63,-87,-62,-82,-73,-72,-100,-76,-75,-79
1763545372010,-68,-63,-87,-62,-82,-73,-72,-100,-76,-75,-79
1763545372035,-66,-64,-87,-60,-81,-73,-74,-82,-82,-70,-79
1763545372060,-66,-64,-87,-60,-81,-73,-74,-82,-82,-70,-79
1763545372086,-66,-64,-87,-60,-81,-73,-74,-82,-82,-70,-79
1763545372110,-66,-64,-87,-60,-81,-73,-74,-82,-82,-70,-79
1763545372135,-66,-64,-87,-60,-81,-73,-74,-82,-82,-70,-79
1763545372160,-66,-64,-87,-60,-81,-73,-74,-82,-82,-70,-79
1763545372186,-66,-64,-87,-60,-81,-73,-74,-82,-82,-70,-79
1763545372211,-66,-64,-87,-60,-81,-73,-74,-82,-82,-70,-79
1763545372236,-66,-64,-87,-60,-81,-73,-74,-82,-82,-70,-79
1763545372261,-66,-64,-87,-60,-81,-73,-74,-82,-82,-70,-79
1763545372286,-66,-64,-87,-60,-81,-73,-74,-82,-82,-70,-79
1763545372311,-66,-64,-87,-60,-81,-73,-74,-82,-82,-70,-79
1763545372336,-66,-64,-87,-60,-81,-73,-74,-82,-82,-70,-79
1763545372361,-66,-64,-87,-60,-81,-73,-74,-82,-82,-70,-79
1763545372386,-66,-64,-87,-60,-81,-73,-74,-82,-82,-70,-79
1763545372411,-66,-64,-87,-60,-81,-73,-74,-82,-82,-70,-79
1763545372436,-66,-64,-87,-60,-81,-73,-74,-82,-82,-70,-79
1763545372462,-66,-64,-87,-60,-81,-73,-74,-82,-82,-70,-79
1763545372487,-66,-64,-87,-60,-81,-73,-74,-82,-82,-70,-79
1763545372512,-66,-64,-87,-60,-81,-73,-74,-82,-82,-70,-79
1763545372537,-64,-63,-100,-57,-82,-73,-74,-82,-79,-70,-81
1763545372563,-64,-63,-100,-57,-82,-73,-74,-82,-79,-70,-81
1763545372588,-64,-63,-100,-57,-82,-73,-74,-82,-79,-70,-81
1763545372613,-64,-63,-100,-57,-82,-73,-74,-82,-79,-70,-81
1763545372638,-64,-63,-100,-57,-82,-73,-74,-82,-79,-70,-81
1763545372663,-64,-63,-100,-57,-82,-73,-74,-82,-79,-70,-81
1763545372688,-64,-63,-100,-57,-82,-73,-74,-82,-79,-70,-81
1763545372713,-64,-63,-100,-57,-82,-73,-74,-82,-79,-70,-81
1763545372739,-64,-63,-100,-57,-82,-73,-74,-82,-79,-70,-81
1763545372764,-64,-63,-100,-57,-82,-73,-74,-82,-79,-70,-81
1763545372789,-64,-63,-100,-57,-82,-73,-74,-82,-79,-70,-81
1763545372814,-64,-63,-100,-57,-82,-73,-74,-82,-79,-70,-81
1763545372839,-64,-63,-100,-57,-82,-73,-74,-82,-79,-70,-81
1763545372865,-64,-63,-100,-57,-82,-73,-74,-82,-79,-70,-81
1763545372891,-64,-63,-100,-57,-82,-73,-74,-82,-79,-70,-81
1763545372917,-64,-63,-100,-57,-82,-73,-74,-82,-79,-70,-81
1763545372943,-64,-63,-100,-57,-82,-73,-74,-82,-79,-70,-81
1763545372969,-64,-63,-100,-57,-82,-73,-74,-82,-79,-70,-81
1763545372994,-64,-63,-100,-57,-82,-73,-74,-82,-79,-70,-81
1763545373020,-64,-63,-100,-57,-82,-73,-74,-82,-79,-70,-81
1763545373045,-67,-63,-100,-57,-100,-75,-75,-81,-78,-71,-80
1763545373070,-67,-63,-100,-57,-100,-75,-75,-81,-78,-71,-80
1763545373096,-67,-63,-100,-57,-100,-75,-75,-81,-78,-71,-80
1763545373120,-67,-63,-100,-57,-100,-75,-75,-81,-78,-71,-80
1763545373145,-67,-63,-100,-57,-100,-75,-75,-81,-78,-71,-80
1763545373170,-67,-63,-100,-57,-100,-75,-75,-81,-78,-71,-80
1763545373195,-67,-63,-100,-57,-100,-75,-75,-81,-78,-71,-80
1763545373220,-67,-63,-100,-57,-100,-75,-75,-81,-78,-71,-80
1763545373246,-67,-63,-100,-57,-100,-75,-75,-81,-78,-71,-80
1763545373271,-67,-63,-100,-57,-100,-75,-75,-81,-78,-71,-80
1763545373296,-67,-63,-100,-57,-100,-75,-75,-81,-78,-71,-80
1763545373321,-67,-63,-100,-57,-100,-75,-75,-81,-78,-71,-80
1763545373347,-67,-63,-100,-57,-100,-75,-75,-81,-78,-71,-80
1763545373373,-67,-63,-100,-57,-100,-75,-75,-81,-78,-71,-80
1763545373399,-67,-63,-100,-57,-100,-75,-75,-81,-78,-71,-80
1763545373425,-67,-63,-100,-57,-100,-75,-75,-81,-78,-71,-80
1763545373450,-67,-63,-100,-57,-100,-75,-75,-81,-78,-71,-80
1763545373475,-67,-63,-100,-57,-100,-75,-75,-81,-78,-71,-80
1763545373500,-67,-63,-100,-57,-100,-75,-75,-81,-78,-71,-80
1763545373525,-67,-63,-100,-57,-100,-75,-75,-81,-78,-71,-80
1763545373551,-71,-66,-100,-59,-82,-75,-77,-84,-80,-75,-80
1763545373575,-71,-66,-100,-59,-82,-75,-77,-84,-80,-75,-80
1763545373601,-71,-66,-100,-59,-82,-75,-77,-84,-80,-75,-80
1763545373626,-71,-66,-100,-59,-82,-75,-77,-84,-80,-75,-80
1763545373651,-71,-66,-100,-59,-82,-75,-77,-84,-80,-75,-80
1763545373677,-71,-66,-100,-59,-82,-75,-77,-84,-80,-75,-80
1763545373702,-71,-66,-100,-59,-82,-75,-77,-84,-80,-75,-80
1763545373728,-71,-66,-100,-59,-82,-75,-77,-84,-80,-75,-80
1763545373753,-71,-66,-100,-59,-82,-75,-77,-84,-80,-75,-80
1763545373778,-71,-66,-100,-59,-82,-75,-77,-84,-80,-75,-80
1763545373804,-71,-66,-100,-59,-82,-75,-77,-84,-80,-75,-80
1763545373828,-71,-66,-100,-59,-82,-75,-77,-84,-80,-75,-80
1763545373854,-71,-66,-100,-59,-82,-75,-77,-84,-80,-75,-80
1763545373878,-71,-66,-100,-59,-82,-75,-77,-84,-80,-75,-80
1763545373906,-71,-66,-100,-59,-82,-75,-77,-84,-80,-75,-80
1763545373931,-71,-66,-100,-59,-82,-75,-77,-84,-80,-75,-80
1763545373956,-71,-66,-100,-59,-82,-75,-77,-84,-80,-75,-80
1763545373982,-71,-66,-100,-59,-82,-75,-77,-84,-80,-75,-80
1763545374007,-71,-66,-100,-59,-82,-75,-77,-84,-80,-75,-80
1763545374032,-72,-65,-100,-60,-82,-75,-76,-88,-79,-74,-82
1763545374057,-72,-65,-100,-60,-82,-75,-76,-88,-79,-74,-82
1763545374082,-72,-65,-100,-60,-82,-75,-76,-88,-79,-74,-82
1763545374107,-72,-65,-100,-60,-82,-75,-76,-88,-79,-74,-82
1763545374133,-72,-65,-100,-60,-82,-75,-76,-88,-79,-74,-82
1763545374158,-72,-65,-100,-60,-82,-75,-76,-88,-79,-74,-82
1763545374184,-72,-65,-100,-60,-82,-75,-76,-88,-79,-74,-82
1763545374209,-72,-65,-100,-60,-82,-75,-76,-88,-79,-74,-82
1763545374234,-72,-65,-100,-60,-82,-75,-76,-88,-79,-74,-82
1763545374259,-72,-65,-100,-60,-82,-75,-76,-88,-79,-74,-82
1763545374284,-72,-65,-100,-60,-82,-75,-76,-88,-79,-74,-82
1763545374310,-72,-65,-100,-60,-82,-75,-76,-88,-79,-74,-82
1763545374335,-72,-65,-100,-60,-82,-75,-76,-88,-79,-74,-82
1763545374360,-72,-65,-100,-60,-82,-75,-76,-88,-79,-74,-82
1763545374385,-72,-65,-100,-60,-82,-75,-76,-88,-79,-74,-82
1763545374410,-72,-65,-100,-60,-82,-75,-76,-88,-79,-74,-82
1763545374435,-72,-65,-100,-60,-82,-75,-76,-88,-79,-74,-82
1763545374460,-72,-65,-100,-60,-82,-75,-76,-88,-79,-74,-82
1763545374485,-72,-65,-100,-60,-82,-75,-76,-88,-79,-74,-82
1763545374510,-72,-65,-100,-60,-82,-75,-76,-88,-79,-74,-82
1763545374535,-71,-66,-90,-59,-83,-72,-77,-82,-79,-73,-82
1763545374560,-71,-66,-90,-59,-83,-72,-77,-82,-79,-73,-82
1763545374586,-71,-66,-90,-59,-83,-72,-77,-82,-79,-73,-82
1763545374611,-71,-66,-90,-59,-83,-72,-77,-82,-79,-73,-82
1763545374636,-71,-66,-90,-59,-83,-72,-77,-82,-79,-73,-82
1763545374661,-71,-66,-90,-59,-83,-72,-77,-82,-79,-73,-82
1763545374686,-71,-66,-90,-59,-83,-72,-77,-82,-79,-73,-82
1763545374711,-71,-66,-90,-59,-83,-72,-77,-82,-79,-73,-82
1763545374737,-71,-66,-90,-59,-83,-72,-77,-82,-79,-73,-82
1763545374763,-71,-66,-90,-59,-83,-72,-77,-82,-79,-73,-82
1763545374788,-71,-66,-90,-59,-83,-72,-77,-82,-79,-73,-82
1763545374813,-71,-66,-90,-59,-83,-72,-77,-82,-79,-73,-82
1763545374838,-71,-66,-90,-59,-83,-72,-77,-82,-79,-73,-82
1763545374863,-71,-66,-90,-59,-83,-72,-77,-82,-79,-73,-82
1763545374889,-71,-66,-90,-59,-83,-72,-77,-82,-79,-73,-82
1763545374914,-71,-66,-90,-59,-83,-72,-77,-82,-79,-73,-82
1763545374939,-71,-66,-90,-59,-83,-72,-77,-82,-79,-73,-82
1763545374964,-71,-66,-90,-59,-83,-72,-77,-82,-79,-73,-82
1763545374989,-71,-66,-90,-59,-83,-72,-77,-82,-79,-73,-82
1763545375014,-71,-66,-90,-59,-83,-72,-77,-82,-79,-73,-82
1763545375039,-70,-65,-90,-54,-82,-74,-77,-83,-79,-74,-81
1763545375065,-70,-65,-90,-54,-82,-74,-77,-83,-79,-74,-81
1763545375090,-70,-65,-90,-54,-82,-74,-77,-83,-79,-74,-81
1763545375116,-70,-65,-90,-54,-82,-74,-77,-83,-79,-74,-81
1763545375141,-70,-65,-90,-54,-82,-74,-77,-83,-79,-74,-81
1763545375167,-70,-65,-90,-54,-82,-74,-77,-83,-79,-74,-81
1763545375192,-70,-65,-90,-54,-82,-74,-77,-83,-79,-74,-81
1763545375217,-70,-65,-90,-54,-82,-74,-77,-83,-79,-74,-81
1763545375242,-70,-65,-90,-54,-82,-74,-77,-83,-79,-74,-81
1763545375267,-70,-65,-90,-54,-82,-74,-77,-83,-79,-74,-81
1763545375292,-70,-65,-90,-54,-82,-74,-77,-83,-79,-74,-81
1763545375318,-70,-65,-90,-54,-82,-74,-77,-83,-79,-74,-81
1763545375343,-70,-65,-90,-54,-82,-74,-77,-83,-79,-74,-81
1763545375368,-70,-65,-90,-54,-82,-74,-77,-83,-79,-74,-81
1763545375393,-70,-65,-90,-54,-82,-74,-77,-83,-79,-74,-81
1763545375418,-70,-65,-90,-54,-82,-74,-77,-83,-79,-74,-81
1763545375444,-70,-65,-90,-54,-82,-74,-77,-83,-79,-74,-81
1763545375469,-70,-65,-90,-54,-82,-74,-77,-83,-79,-74,-81
1763545375494,-70,-65,-90,-54,-82,-74,-77,-83,-79,-74,-81
1763545375520,-70,-65,-90,-54,-82,-74,-77,-83,-79,-74,-81
1763545375545,-71,-66,-100,-53,-77,-73,-76,-84,-80,-72,-80
1763545375570,-71,-66,-100,-53,-77,-73,-76,-84,-80,-72,-80
1763545375595,-71,-66,-100,-53,-77,-73,-76,-84,-80,-72,-80
1763545375621,-71,-66,-100,-53,-77,-73,-76,-84,-80,-72,-80
1763545375647,-71,-66,-100,-53,-77,-73,-76,-84,-80,-72,-80
1763545375671,-71,-66,-100,-53,-77,-73,-76,-84,-80,-72,-80
1763545375697,-71,-66,-100,-53,-77,-73,-76,-84,-80,-72,-80
1763545375722,-71,-66,-100,-53,-77,-73,-76,-84,-80,-72,-80
1763545375747,-71,-66,-100,-53,-77,-73,-76,-84,-80,-72,-80
1763545375772,-71,-66,-100,-53,-77,-73,-76,-84,-80,-72,-80
1763545375798,-71,-66,-100,-53,-77,-73,-76,-84,-80,-72,-80
1763545375823,-71,-66,-100,-53,-77,-73,-76,-84,-80,-72,-80
1763545375849,-71,-66,-100,-53,-77,-73,-76,-84,-80,-72,-80
1763545375874,-71,-66,-100,-53,-77,-73,-76,-84,-80,-72,-80
1763545375900,-71,-66,-100,-53,-77,-73,-76,-84,-80,-72,-80
1763545375925,-71,-66,-100,-53,-77,-73,-76,-84,-80,-72,-80
1763545375950,-71,-66,-100,-53,-77,-73,-76,-84,-80,-72,-80
1763545375975,-71,-66,-100,-53,-77,-73,-76,-84,-80,-72,-80
1763545376001,-71,-66,-100,-53,-77,-73,-76,-84,-80,-72,-80
1763545376026,-71,-66,-100,-53,-77,-73,-76,-84,-80,-72,-80
1763545376052,-73,-69,-100,-55,-78,-73,-76,-83,-81,-69,-80
1763545376077,-73,-69,-100,-55,-78,-73,-76,-83,-81,-69,-80
1763545376102,-73,-69,-100,-55,-78,-73,-76,-83,-81,-69,-80
1763545376127,-73,-69,-100,-55,-78,-73,-76,-83,-81,-69,-80
1763545376152,-73,-69,-100,-55,-78,-73,-76,-83,-81,-69,-80
1763545376177,-73,-69,-100,-55,-78,-73,-76,-83,-81,-69,-80
1763545376202,-73,-69,-100,-55,-78,-73,-76,-83,-81,-69,-80
1763545376227,-73,-69,-100,-55,-78,-73,-76,-83,-81,-69,-80
1763545376252,-73,-69,-100,-55,-78,-73,-76,-83,-81,-69,-80
1763545376277,-73,-69,-100,-55,-78,-73,-76,-83,-81,-69,-80
1763545376302,-73,-69,-100,-55,-78,-73,-76,-83,-81,-69,-80
1763545376327,-73,-69,-100,-55,-78,-73,-76,-83,-81,-69,-80
1763545376353,-73,-69,-100,-55,-78,-73,-76,-83,-81,-69,-80
1763545376378,-73,-69,-100,-55,-78,-73,-76,-83,-81,-69,-80
1763545376404,-73,-69,-100,-55,-78,-73,-76,-83,-81,-69,-80
1763545376429,-73,-69,-100,-55,-78,-73,-76,-83,-81,-69,-80
1763545376454,-73,-69,-100,-55,-78,-73,-76,-83,-81,-69,-80
1763545376479,-73,-69,-100,-55,-78,-73,-76,-83,-81,-69,-80
1763545376505,-73,-69,-100,-55,-78,-73,-76,-83,-81,-69,-80
1763545376531,-79,-73,-100,-58,-79,-73,-79,-82,-83,-67,-80
1763545376555,-79,-73,-100,-58,-79,-73,-79,-82,-83,-67,-80
1763545376580,-79,-73,-100,-58,-79,-73,-79,-82,-83,-67,-80
1763545376605,-79,-73,-100,-58,-79,-73,-79,-82,-83,-67,-80
1763545376630,-79,-73,-100,-58,-79,-73,-79,-82,-83,-67,-80
1763545376655,-79,-73,-100,-58,-79,-73,-79,-82,-83,-67,-80
1763545376680,-79,-73,-100,-58,-79,-73,-79,-82,-83,-67,-80
1763545376705,-79,-73,-100,-58,-79,-73,-79,-82,-83,-67,-80
1763545376730,-79,-73,-100,-58,-79,-73,-79,-82,-83,-67,-80
1763545376755,-79,-73,-100,-58,-79,-73,-79,-82,-83,-67,-80
1763545376780,-79,-73,-100,-58,-79,-73,-79,-82,-83,-67,-80
1763545376805,-79,-73,-100,-58,-79,-73,-79,-82,-83,-67,-80
1763545376832,-79,-73,-100,-58,-79,-73,-79,-82,-83,-67,-80
1763545376857,-79,-73,-100,-58,-79,-73,-79,-82,-83,-67,-80
1763545376883,-79,-73,-100,-58,-79,-73,-79,-82,-83,-67,-80
1763545376908,-79,-73,-100,-58,-79,-73,-79,-82,-83,-67,-80
1763545376933,-79,-73,-100,-58,-79,-73,-79,-82,-83,-67,-80
1763545376958,-79,-73,-100,-58,-79,-73,-79,-82,-83,-67,-80
1763545376984,-79,-73,-100,-58,-79,-73,-79,-82,-83,-67,-80
1763545377009,-79,-73,-100,-58,-79,-73,-79,-82,-83,-67,-80
1763545377034,-81,-73,-100,-58,-80,-73,-79,-82,-83,-65,-81
1763545377060,-81,-73,-100,-58,-80,-73,-79,-82,-83,-65,-81
1763545377085,-81,-73,-100,-58,-80,-73,-79,-82,-83,-65,-81
1763545377110,-81,-73,-100,-58,-80,-73,-79,-82,-83,-65,-81
1763545377135,-81,-73,-100,-58,-80,-73,-79,-82,-83,-65,-81
1763545377160,-81,-73,-100,-58,-80,-73,-79,-82,-83,-65,-81
1763545377185,-81,-73,-100,-58,-80,-73,-79,-82,-83,-65,-81
1763545377211,-81,-73,-100,-58,-80,-73,-79,-82,-83,-65,-81
1763545377235,-81,-73,-100,-58,-80,-73,-79,-82,-83,-65,-81
1763545377260,-81,-73,-100,-58,-80,-73,-79,-82,-83,-65,-81
1763545377285,-81,-73,-100,-58,-80,-73,-79,-82,-83,-65,-81
1763545377310,-81,-73,-100,-58,-80,-73,-79,-82,-83,-65,-81
1763545377336,-81,-73,-100,-58,-80,-73,-79,-82,-83,-65,-81
1763545377360,-81,-73,-100,-58,-80,-73,-79,-82,-83,-65,-81
1763545377385,-81,-73,-100,-58,-80,-73,-79,-82,-83,-65,-81
1763545377411,-81,-73,-100,-58,-80,-73,-79,-82,-83,-65,-81
1763545377436,-81,-73,-100,-58,-80,-73,-79,-82,-83,-65,-81
1763545377462,-81,-73,-100,-58,-80,-73,-79,-82,-83,-65,-81
1763545377487,-81,-73,-100,-58,-80,-73,-79,-82,-83,-65,-81
1763545377512,-81,-73,-100,-58,-80,-73,-79,-82,-83,-65,-81
1763545377537,-78,-72,-100,-59,-80,-71,-79,-81,-81,-64,-82
1763545377562,-78,-72,-100,-59,-80,-71,-79,-81,-81,-64,-82
1763545377587,-78,-72,-100,-59,-80,-71,-79,-81,-81,-64,-82
1763545377613,-78,-72,-100,-59,-80,-71,-79,-81,-81,-64,-82
1763545377638,-78,-72,-100,-59,-80,-71,-79,-81,-81,-64,-82
1763545377663,-78,-72,-100,-59,-80,-71,-79,-81,-81,-64,-82
1763545377689,-78,-72,-100,-59,-80,-71,-79,-81,-81,-64,-82
1763545377714,-78,-72,-100,-59,-80,-71,-79,-81,-81,-64,-82
1763545377739,-78,-72,-100,-59,-80,-71,-79,-81,-81,-64,-82
1763545377764,-78,-72,-100,-59,-80,-71,-79,-81,-81,-64,-82
1763545377789,-78,-72,-100,-59,-80,-71,-79,-81,-81,-64,-82
1763545377814,-78,-72,-100,-59,-80,-71,-79,-81,-81,-64,-82
1763545377839,-78,-72,-100,-59,-80,-71,-79,-81,-81,-64,-82
1763545377865,-78,-72,-100,-59,-80,-71,-79,-81,-81,-64,-82
1763545377890,-78,-72,-100,-59,-80,-71,-79,-81,-81,-64,-82
1763545377916,-78,-72,-100,-59,-80,-71,-79,-81,-81,-64,-82
1763545377941,-78,-72,-100,-59,-80,-71,-79,-81,-81,-64,-82
1763545377967,-78,-72,-100,-59,-80,-71,-79,-81,-81,-64,-82
1763545377992,-78,-72,-100,-59,-80,-71,-79,-81,-81,-64,-82
1763545378017,-78,-72,-100,-59,-80,-71,-79,-81,-81,-64,-82
1763545378042,-80,-73,-100,-61,-79,-67,-82,-84,-81,-64,-100
1763545378067,-80,-73,-100,-61,-79,-67,-82,-84,-81,-64,-100
1763545378092,-80,-73,-100,-61,-79,-67,-82,-84,-81,-64,-100
1763545378118,-80,-73,-100,-61,-79,-67,-82,-84,-81,-64,-100
1763545378144,-80,-73,-100,-61,-79,-67,-82,-84,-81,-64,-100
1763545378169,-80,-73,-100,-61,-79,-67,-82,-84,-81,-64,-100
1763545378195,-80,-73,-100,-61,-79,-67,-82,-84,-81,-64,-100
1763545378220,-80,-73,-100,-61,-79,-67,-82,-84,-81,-64,-100
1763545378245,-80,-73,-100,-61,-79,-67,-82,-84,-81,-64,-100
1763545378270,-80,-73,-100,-61,-79,-67,-82,-84,-81,-64,-100
1763545378295,-80,-73,-100,-61,-79,-67,-82,-84,-81,-64,-100
1763545378320,-80,-73,-100,-61,-79,-67,-82,-84,-81,-64,-100
1763545378346,-80,-73,-100,-61,-79,-67,-82,-84,-81,-64,-100
1763545378370,-80,-73,-100,-61,-79,-67,-82,-84,-81,-64,-100
1763545378397,-80,-73,-100,-61,-79,-67,-82,-84,-81,-64,-100
1763545378422,-80,-73,-100,-61,-79,-67,-82,-84,-81,-64,-100
1763545378447,-80,-73,-100,-61,-79,-67,-82,-84,-81,-64,-100
1763545378473,-80,-73,-100,-61,-79,-67,-82,-84,-81,-64,-100
1763545378498,-80,-73,-100,-61,-79,-67,-82,-84,-81,-64,-100
1763545378523,-80,-73,-100,-61,-79,-67,-82,-84,-81,-64,-100
1763545378550,-80,-74,-100,-61,-78,-68,-82,-82,-82,-64,-100
1763545378575,-80,-74,-100,-61,-78,-68,-82,-82,-82,-64,-100
1763545378600,-80,-74,-100,-61,-78,-68,-82,-82,-82,-64,-100
1763545378625,-80,-74,-100,-61,-78,-68,-82,-82,-82,-64,-100
1763545378650,-80,-74,-100,-61,-78,-68,-82,-82,-82,-64,-100
1763545378675,-80,-74,-100,-61,-78,-68,-82,-82,-82,-64,-100
1763545378701,-80,-74,-100,-61,-78,-68,-82,-82,-82,-64,-100
1763545378726,-80,-74,-100,-61,-78,-68,-82,-82,-82,-64,-100
1763545378752,-80,-74,-100,-61,-78,-68,-82,-82,-82,-64,-100
1763545378777,-80,-74,-100,-61,-78,-68,-82,-82,-82,-64,-100
1763545378802,-80,-74,-100,-61,-78,-68,-82,-82,-82,-64,-100
1763545378827,-80,-74,-100,-61,-78,-68,-82,-82,-82,-64,-100
1763545378853,-80,-74,-100,-61,-78,-68,-82,-82,-82,-64,-100
1763545378878,-80,-74,-100,-61,-78,-68,-82,-82,-82,-64,-100
1763545378904,-80,-74,-100,-61,-78,-68,-82,-82,-82,-64,-100
1763545378929,-80,-74,-100,-61,-78,-68,-82,-82,-82,-64,-100
1763545378954,-80,-74,-100,-61,-78,-68,-82,-82,-82,-64,-100
1763545378979,-80,-74,-100,-61,-78,-68,-82,-82,-82,-64,-100
1763545379005,-80,-74,-100,-61,-78,-68,-82,-82,-82,-64,-100
1763545379030,-80,-75,-100,-62,-77,-69,-81,-79,-100,-64,-100
1763545379055,-80,-75,-100,-62,-77,-69,-81,-79,-100,-64,-100
1763545379080,-80,-75,-100,-62,-77,-69,-81,-79,-100,-64,-100
1763545379105,-80,-75,-100,-62,-77,-69,-81,-79,-100,-64,-100
1763545379130,-80,-75,-100,-62,-77,-69,-81,-79,-100,-64,-100
1763545379155,-80,-75,-100,-62,-77,-69,-81,-79,-100,-64,-100
1763545379181,-80,-75,-100,-62,-77,-69,-81,-79,-100,-64,-100
1763545379205,-80,-75,-100,-62,-77,-69,-81,-79,-100,-64,-100
1763545379230,-80,-75,-100,-62,-77,-69,-81,-79,-100,-64,-100
1763545379256,-80,-75,-100,-62,-77,-69,-81,-79,-100,-64,-100
1763545379281,-80,-75,-100,-62,-77,-69,-81,-79,-100,-64,-100
1763545379306,-80,-75,-100,-62,-77,-69,-81,-79,-100,-64,-100
1763545379332,-80,-75,-100,-62,-77,-69,-81,-79,-100,-64,-100
1763545379358,-80,-75,-100,-62,-77,-69,-81,-79,-100,-64,-100
1763545379383,-80,-75,-100,-62,-77,-69,-81,-79,-100,-64,-100
1763545379408,-80,-75,-100,-62,-77,-69,-81,-79,-100,-64,-100
1763545379434,-80,-75,-100,-62,-77,-69,-81,-79,-100,-64,-100
1763545379460,-80,-75,-100,-62,-77,-69,-81,-79,-100,-64,-100
1763545379485,-80,-75,-100,-62,-77,-69,-81,-79,-100,-64,-100
1763545379510,-80,-75,-100,-62,-77,-69,-81,-79,-100,-64,-100
1763545379535,-84,-72,-100,-65,-75,-66,-84,-78,-84,-64,-80
1763545379560,-84,-72,-100,-65,-75,-66,-84,-78,-84,-64,-80
1763545379585,-84,-72,-100,-65,-75,-66,-84,-78,-84,-64,-80
1763545379611,-84,-72,-100,-65,-75,-66,-84,-78,-84,-64,-80
1763545379636,-84,-72,-100,-65,-75,-66,-84,-78,-84,-64,-80
1763545379662,-84,-72,-100,-65,-75,-66,-84,-78,-84,-64,-80
1763545379687,-84,-72,-100,-65,-75,-66,-84,-78,-84,-64,-80
1763545379712,-84,-72,-100,-65,-75,-66,-84,-78,-84,-64,-80
1763545379738,-84,-72,-100,-65,-75,-66,-84,-78,-84,-64,-80
1763545379763,-84,-72,-100,-65,-75,-66,-84,-78,-84,-64,-80
1763545379789,-84,-72,-100,-65,-75,-66,-84,-78,-84,-64,-80
1763545379815,-84,-72,-100,-65,-75,-66,-84,-78,-84,-64,-80
1763545379841,-84,-72,-100,-65,-75,-66,-84,-78,-84,-64,-80
1763545379866,-84,-72,-100,-65,-75,-66,-84,-78,-84,-64,-80
1763545379891,-84,-72,-100,-65,-75,-66,-84,-78,-84,-64,-80
1763545379917,-84,-72,-100,-65,-75,-66,-84,-78,-84,-64,-80
1763545379943,-84,-72,-100,-65,-75,-66,-84,-78,-84,-64,-80
1763545379969,-84,-72,-100,-65,-75,-66,-84,-78,-84,-64,-80
1763545379994,-84,-72,-100,-65,-75,-66,-84,-78,-84,-64,-80
1763545380019,-84,-72,-100,-65,-75,-66,-84,-78,-84,-64,-80
1763545380044,-82,-72,-100,-66,-69,-64,-86,-77,-84,-66,-83
1763545380069,-82,-72,-100,-66,-69,-64,-86,-77,-84,-66,-83
1763545380094,-82,-72,-100,-66,-69,-64,-86,-77,-84,-66,-83
1763545380119,-82,-72,-100,-66,-69,-64,-86,-77,-84,-66,-83
1763545380144,-82,-72,-100,-66,-69,-64,-86,-77,-84,-66,-83
1763545380169,-82,-72,-100,-66,-69,-64,-86,-77,-84,-66,-83
1763545380195,-82,-72,-100,-66,-69,-64,-86,-77,-84,-66,-83
1763545380220,-82,-72,-100,-66,-69,-64,-86,-77,-84,-66,-83
1763545380246,-82,-72,-100,-66,-69,-64,-86,-77,-84,-66,-83
1763545380271,-82,-72,-100,-66,-69,-64,-86,-77,-84,-66,-83
1763545380296,-82,-72,-100,-66,-69,-64,-86,-77,-84,-66,-83
1763545380322,-82,-72,-100,-66,-69,-64,-86,-77,-84,-66,-83
1763545380348,-82,-72,-100,-66,-69,-64,-86,-77,-84,-66,-83
1763545380373,-82,-72,-100,-66,-69,-64,-86,-77,-84,-66,-83
1763545380398,-82,-72,-100,-66,-69,-64,-86,-77,-84,-66,-83
1763545380423,-82,-72,-100,-66,-69,-64,-86,-77,-84,-66,-83
1763545380449,-82,-72,-100,-66,-69,-64,-86,-77,-84,-66,-83
1763545380474,-82,-72,-100,-66,-69,-64,-86,-77,-84,-66,-83
1763545380500,-82,-72,-100,-66,-69,-64,-86,-77,-84,-66,-83
1763545380525,-82,-72,-100,-66,-69,-64,-86,-77,-84,-66,-83
1763545380551,-82,-73,-100,-68,-71,-65,-82,-77,-82,-66,-84
1763545380576,-82,-73,-100,-68,-71,-65,-82,-77,-82,-66,-84
1763545380601,-82,-73,-100,-68,-71,-65,-82,-77,-82,-66,-84
1763545380627,-82,-73,-100,-68,-71,-65,-82,-77,-82,-66,-84
1763545380652,-82,-73,-100,-68,-71,-65,-82,-77,-82,-66,-84
1763545380677,-82,-73,-100,-68,-71,-65,-82,-77,-82,-66,-84
1763545380702,-82,-73,-100,-68,-71,-65,-82,-77,-82,-66,-84
1763545380727,-82,-73,-100,-68,-71,-65,-82,-77,-82,-66,-84
1763545380752,-82,-73,-100,-68,-71,-65,-82,-77,-82,-66,-84
1763545380777,-82,-73,-100,-68,-71,-65,-82,-77,-82,-66,-84
1763545380802,-82,-73,-100,-68,-71,-65,-82,-77,-82,-66,-84
1763545380828,-82,-73,-100,-68,-71,-65,-82,-77,-82,-66,-84
1763545380853,-82,-73,-100,-68,-71,-65,-82,-77,-82,-66,-84
1763545380878,-82,-73,-100,-68,-71,-65,-82,-77,-82,-66,-84
1763545380903,-82,-73,-100,-68,-71,-65,-82,-77,-82,-66,-84
1763545380929,-82,-73,-100,-68,-71,-65,-82,-77,-82,-66,-84
1763545380954,-82,-73,-100,-68,-71,-65,-82,-77,-82,-66,-84
1763545380979,-82,-73,-100,-68,-71,-65,-82,-77,-82,-66,-84
1763545381004,-82,-73,-100,-68,-71,-65,-82,-77,-82,-66,-84
1763545381029,-82,-73,-100,-68,-71,-65,-82,-77,-82,-66,-84
1763545381055,-86,-76,-100,-70,-72,-64,-82,-75,-82,-61,-100
1763545381081,-86,-76,-100,-70,-72,-64,-82,-75,-82,-61,-100
1763545381106,-86,-76,-100,-70,-72,-64,-82,-75,-82,-61,-100
1763545381131,-86,-76,-100,-70,-72,-64,-82,-75,-82,-61,-100
1763545381156,-86,-76,-100,-70,-72,-64,-82,-75,-82,-61,-100
1763545381181,-86,-76,-100,-70,-72,-64,-82,-75,-82,-61,-100
1763545381206,-86,-76,-100,-70,-72,-64,-82,-75,-82,-61,-100
1763545381233,-86,-76,-100,-70,-72,-64,-82,-75,-82,-61,-100
1763545381257,-86,-76,-100,-70,-72,-64,-82,-75,-82,-61,-100
1763545381282,-86,-76,-100,-70,-72,-64,-82,-75,-82,-61,-100
1763545381308,-86,-76,-100,-70,-72,-64,-82,-75,-82,-61,-100
1763545381332,-86,-76,-100,-70,-72,-64,-82,-75,-82,-61,-100
1763545381357,-86,-76,-100,-70,-72,-64,-82,-75,-82,-61,-100
1763545381383,-86,-76,-100,-70,-72,-64,-82,-75,-82,-61,-100
1763545381408,-86,-76,-100,-70,-72,-64,-82,-75,-82,-61,-100
1763545381434,-86,-76,-100,-70,-72,-64,-82,-75,-82,-61,-100
1763545381459,-86,-76,-100,-70,-72,-64,-82,-75,-82,-61,-100
1763545381484,-86,-76,-100,-70,-72,-64,-82,-75,-82,-61,-100
1763545381509,-86,-76,-100,-70,-72,-64,-82,-75,-82,-61,-100
1763545381535,-100,-79,-100,-72,-75,-61,-82,-77,-86,-58,-100
1763545381560,-100,-79,-100,-72,-75,-61,-82,-77,-86,-58,-100
1763545381585,-100,-79,-100,-72,-75,-61,-82,-77,-86,-58,-100
1763545381610,-100,-79,-100,-72,-75,-61,-82,-77,-86,-58,-100
1763545381635,-100,-79,-100,-72,-75,-61,-82,-77,-86,-58,-100
1763545381660,-100,-79,-100,-72,-75,-61,-82,-77,-86,-58,-100
1763545381685,-100,-79,-100,-72,-75,-61,-82,-77,-86,-58,-100
1763545381710,-100,-79,-100,-72,-75,-61,-82,-77,-86,-58,-100
1763545381736,-100,-79,-100,-72,-75,-61,-82,-77,-86,-58,-100
1763545381761,-100,-79,-100,-72,-75,-61,-82,-77,-86,-58,-100
1763545381786,-100,-79,-100,-72,-75,-61,-82,-77,-86,-58,-100
1763545381811,-100,-79,-100,-72,-75,-61,-82,-77,-86,-58,-100
1763545381837,-100,-79,-100,-72,-75,-61,-82,-77,-86,-58,-100
1763545381862,-100,-79,-100,-72,-75,-61,-82,-77,-86,-58,-100
1763545381887,-100,-79,-100,-72,-75,-61,-82,-77,-86,-58,-100
1763545381912,-100,-79,-100,-72,-75,-61,-82,-77,-86,-58,-100
1763545381937,-100,-79,-100,-72,-75,-61,-82,-77,-86,-58,-100
1763545381962,-100,-79,-100,-72,-75,-61,-82,-77,-86,-58,-100
1763545381987,-100,-79,-100,-72,-75,-61,-82,-77,-86,-58,-100
1763545382012,-100,-79,-100,-72,-75,-61,-82,-77,-86,-58,-100
1763545382037,-85,-77,-100,-73,-74,-58,-82,-78,-86,-57,-100
1763545382062,-85,-77,-100,-73,-74,-58,-82,-78,-86,-57,-100
1763545382088,-85,-77,-100,-73,-74,-58,-82,-78,-86,-57,-100
1763545382112,-85,-77,-100,-73,-74,-58,-82,-78,-86,-57,-100
1763545382137,-85,-77,-100,-73,-74,-58,-82,-78,-86,-57,-100
1763545382162,-85,-77,-100,-73,-74,-58,-82,-78,-86,-57,-100
1763545382188,-85,-77,-100,-73,-74,-58,-82,-78,-86,-57,-100
1763545382214,-85,-77,-100,-73,-74,-58,-82,-78,-86,-57,-100
1763545382239,-85,-77,-100,-73,-74,-58,-82,-78,-86,-57,-100
1763545382264,-85,-77,-100,-73,-74,-58,-82,-78,-86,-57,-100
1763545382289,-85,-77,-100,-73,-74,-58,-82,-78,-86,-57,-100
1763545382314,-85,-77,-100,-73,-74,-58,-82,-78,-86,-57,-100
1763545382339,-85,-77,-100,-73,-74,-58,-82,-78,-86,-57,-100
1763545382364,-85,-77,-100,-73,-74,-58,-82,-78,-86,-57,-100
1763545382389,-85,-77,-100,-73,-74,-58,-82,-78,-86,-57,-100
1763545382415,-85,-77,-100,-73,-74,-58,-82,-78,-86,-57,-100
1763545382440,-85,-77,-100,-73,-74,-58,-82,-78,-86,-57,-100
1763545382467,-85,-77,-100,-73,-74,-58,-82,-78,-86,-57,-100
1763545382491,-85,-77,-100,-73,-74,-58,-82,-78,-86,-57,-100
1763545382516,-85,-77,-100,-73,-74,-58,-82,-78,-86,-57,-100
1763545382541,-85,-76,-100,-71,-75,-59,-82,-81,-84,-60,-83
1763545382567,-85,-76,-100,-71,-75,-59,-82,-81,-84,-60,-83
1763545382593,-85,-76,-100,-71,-75,-59,-82,-81,-84,-60,-83
1763545382617,-85,-76,-100,-71,-75,-59,-82,-81,-84,-60,-83
1763545382642,-85,-76,-100,-71,-75,-59,-82,-81,-84,-60,-83
1763545382667,-85,-76,-100,-71,-75,-59,-82,-81,-84,-60,-83
1763545382693,-85,-76,-100,-71,-75,-59,-82,-81,-84,-60,-83
1763545382718,-85,-76,-100,-71,-75,-59,-82,-81,-84,-60,-83
1763545382743,-85,-76,-100,-71,-75,-59,-82,-81,-84,-60,-83
1763545382769,-85,-76,-100,-71,-75,-59,-82,-81,-84,-60,-83
1763545382794,-85,-76,-100,-71,-75,-59,-82,-81,-84,-60,-83
1763545382820,-85,-76,-100,-71,-75,-59,-82,-81,-84,-60,-83
1763545382845,-85,-76,-100,-71,-75,-59,-82,-81,-84,-60,-83
1763545382870,-85,-76,-100,-71,-75,-59,-82,-81,-84,-60,-83
1763545382896,-85,-76,-100,-71,-75,-59,-82,-81,-84,-60,-83
1763545382921,-85,-76,-100,-71,-75,-59,-82,-81,-84,-60,-83
1763545382946,-85,-76,-100,-71,-75,-59,-82,-81,-84,-60,-83
1763545382971,-85,-76,-100,-71,-75,-59,-82,-81,-84,-60,-83
1763545382996,-85,-76,-100,-71,-75,-59,-82,-81,-84,-60,-83
1763545383021,-85,-76,-100,-71,-75,-59,-82,-81,-84,-60,-83
1763545383047,-100,-74,-100,-69,-76,-59,-83,-82,-87,-58,-83
1763545383072,-100,-74,-100,-69,-76,-59,-83,-82,-87,-58,-83
1763545383097,-100,-74,-100,-69,-76,-59,-83,-82,-87,-58,-83
1763545383123,-100,-74,-100,-69,-76,-59,-83,-82,-87,-58,-83
1763545383149,-100,-74,-100,-69,-76,-59,-83,-82,-87,-58,-83
1763545383174,-100,-74,-100,-69,-76,-59,-83,-82,-87,-58,-83
1763545383200,-100,-74,-100,-69,-76,-59,-83,-82,-87,-58,-83
1763545383225,-100,-74,-100,-69,-76,-59,-83,-82,-87,-58,-83
1763545383251,-100,-74,-100,-69,-76,-59,-83,-82,-87,-58,-83
1763545383277,-100,-74,-100,-69,-76,-59,-83,-82,-87,-58,-83
1763545383302,-100,-74,-100,-69,-76,-59,-83,-82,-87,-58,-83
1763545383327,-100,-74,-100,-69,-76,-59,-83,-82,-87,-58,-83
1763545383352,-100,-74,-100,-69,-76,-59,-83,-82,-87,-58,-83
1763545383377,-100,-74,-100,-69,-76,-59,-83,-82,-87,-58,-83
1763545383402,-100,-74,-100,-69,-76,-59,-83,-82,-87,-58,-83
1763545383427,-100,-74,-100,-69,-76,-59,-83,-82,-87,-58,-83
1763545383452,-100,-74,-100,-69,-76,-59,-83,-82,-87,-58,-83
1763545383477,-100,-74,-100,-69,-76,-59,-83,-82,-87,-58,-83
1763545383502,-100,-74,-100,-69,-76,-59,-83,-82,-87,-58,-83
1763545383527,-100,-74,-100,-69,-76,-59,-83,-82,-87,-58,-83
1763545383552,-100,-73,-100,-70,-73,-61,-84,-76,-87,-55,-82
1763545383577,-100,-73,-100,-70,-73,-61,-84,-76,-87,-55,-82
1763545383603,-100,-73,-100,-70,-73,-61,-84,-76,-87,-55,-82
1763545383628,-100,-73,-100,-70,-73,-61,-84,-76,-87,-55,-82
1763545383653,-100,-73,-100,-70,-73,-61,-84,-76,-87,-55,-82
1763545383678,-100,-73,-100,-70,-73,-61,-84,-76,-87,-55,-82
1763545383703,-100,-73,-100,-70,-73,-61,-84,-76,-87,-55,-82
1763545383728,-100,-73,-100,-70,-73,-61,-84,-76,-87,-55,-82
1763545383754,-100,-73,-100,-70,-73,-61,-84,-76,-87,-55,-82
1763545383779,-100,-73,-100,-70,-73,-61,-84,-76,-87,-55,-82
1763545383805,-100,-73,-100,-70,-73,-61,-84,-76,-87,-55,-82
1763545383830,-100,-73,-100,-70,-73,-61,-84,-76,-87,-55,-82
1763545383855,-100,-73,-100,-70,-73,-61,-84,-76,-87,-55,-82
1763545383880,-100,-73,-100,-70,-73,-61,-84,-76,-87,-55,-82
1763545383905,-100,-73,-100,-70,-73,-61,-84,-76,-87,-55,-82
1763545383932,-100,-73,-100,-70,-73,-61,-84,-76,-87,-55,-82
1763545383957,-100,-73,-100,-70,-73,-61,-84,-76,-87,-55,-82
1763545383982,-100,-73,-100,-70,-73,-61,-84,-76,-87,-55,-82
1763545384008,-100,-73,-100,-70,-73,-61,-84,-76,-87,-55,-82
1763545384034,-100,-73,-100,-71,-72,-62,-86,-77,-87,-55,-88
1763545384059,-100,-73,-100,-71,-72,-62,-86,-77,-87,-55,-88
1763545384084,-100,-73,-100,-71,-72,-62,-86,-77,-87,-55,-88
1763545384109,-100,-73,-100,-71,-72,-62,-86,-77,-87,-55,-88
1763545384134,-100,-73,-100,-71,-72,-62,-86,-77,-87,-55,-88
1763545384160,-100,-73,-100,-71,-72,-62,-86,-77,-87,-55,-88
1763545384184,-100,-73,-100,-71,-72,-62,-86,-77,-87,-55,-88
1763545384210,-100,-73,-100,-71,-72,-62,-86,-77,-87,-55,-88
1763545384238,-100,-73,-100,-71,-72,-62,-86,-77,-87,-55,-88
1763545384263,-100,-73,-100,-71,-72,-62,-86,-77,-87,-55,-88
1763545384288,-100,-73,-100,-71,-72,-62,-86,-77,-87,-55,-88
1763545384313,-100,-73,-100,-71,-72,-62,-86,-77,-87,-55,-88
1763545384338,-100,-73,-100,-71,-72,-62,-86,-77,-87,-55,-88
1763545384363,-100,-73,-100,-71,-72,-62,-86,-77,-87,-55,-88
1763545384388,-100,-73,-100,-71,-72,-62,-86,-77,-87,-55,-88
1763545384413,-100,-73,-100,-71,-72,-62,-86,-77,-87,-55,-88
1763545384438,-100,-73,-100,-71,-72,-62,-86,-77,-87,-55,-88
1763545384464,-100,-73,-100,-71,-72,-62,-86,-77,-87,-55,-88
1763545384489,-100,-73,-100,-71,-72,-62,-86,-77,-87,-55,-88
1763545384515,-100,-73,-100,-71,-72,-62,-86,-77,-87,-55,-88
1763545384539,-100,-74,-100,-72,-78,-62,-100,-78,-100,-57,-88
1763545384564,-100,-74,-100,-72,-78,-62,-100,-78,-100,-57,-88
1763545384589,-100,-74,-100,-72,-78,-62,-100,-78,-100,-57,-88
1763545384614,-100,-74,-100,-72,-78,-62,-100,-78,-100,-57,-88
1763545384639,-100,-74,-100,-72,-78,-62,-100,-78,-100,-57,-88
1763545384664,-100,-74,-100,-72,-78,-62,-100,-78,-100,-57,-88
1763545384689,-100,-74,-100,-72,-78,-62,-100,-78,-100,-57,-88
1763545384715,-100,-74,-100,-72,-78,-62,-100,-78,-100,-57,-88
1763545384740,-100,-74,-100,-72,-78,-62,-100,-78,-100,-57,-88
1763545384765,-100,-74,-100,-72,-78,-62,-100,-78,-100,-57,-88
1763545384790,-100,-74,-100,-72,-78,-62,-100,-78,-100,-57,-88
1763545384816,-100,-74,-100,-72,-78,-62,-100,-78,-100,-57,-88
1763545384841,-100,-74,-100,-72,-78,-62,-100,-78,-100,-57,-88
1763545384867,-100,-74,-100,-72,-78,-62,-100,-78,-100,-57,-88
1763545384892,-100,-74,-100,-72,-78,-62,-100,-78,-100,-57,-88
1763545384918,-100,-74,-100,-72,-78,-62,-100,-78,-100,-57,-88
1763545384943,-100,-74,-100,-72,-78,-62,-100,-78,-100,-57,-88
1763545384968,-100,-74,-100,-72,-78,-62,-100,-78,-100,-57,-88
1763545384993,-100,-74,-100,-72,-78,-62,-100,-78,-100,-57,-88
1763545385018,-100,-74,-100,-72,-78,-62,-100,-78,-100,-57,-88
1763545385043,-100,-77,-100,-76,-77,-59,-92,-80,-100,-62,-100
1763545385068,-100,-77,-100,-76,-77,-59,-92,-80,-100,-62,-100
1763545385093,-100,-77,-100,-76,-77,-59,-92,-80,-100,-62,-100
1763545385119,-100,-77,-100,-76,-77,-59,-92,-80,-100,-62,-100
1763545385144,-100,-77,-100,-76,-77,-59,-92,-80,-100,-62,-100
1763545385170,-100,-77,-100,-76,-77,-59,-92,-80,-100,-62,-100
1763545385195,-100,-77,-100,-76,-77,-59,-92,-80,-100,-62,-100
1763545385220,-100,-77,-100,-76,-77,-59,-92,-80,-100,-62,-100
1763545385245,-100,-77,-100,-76,-77,-59,-92,-80,-100,-62,-100
1763545385270,-100,-77,-100,-76,-77,-59,-92,-80,-100,-62,-100
1763545385295,-100,-77,-100,-76,-77,-59,-92,-80,-100,-62,-100
1763545385320,-100,-77,-100,-76,-77,-59,-92,-80,-100,-62,-100
1763545385345,-100,-77,-100,-76,-77,-59,-92,-80,-100,-62,-100
1763545385370,-100,-77,-100,-76,-77,-59,-92,-80,-100,-62,-100
1763545385395,-100,-77,-100,-76,-77,-59,-92,-80,-100,-62,-100
1763545385420,-100,-77,-100,-76,-77,-59,-92,-80,-100,-62,-100
1763545385445,-100,-77,-100,-76,-77,-59,-92,-80,-100,-62,-100
1763545385470,-100,-77,-100,-76,-77,-59,-92,-80,-100,-62,-100
1763545385495,-100,-77,-100,-76,-77,-59,-92,-80,-100,-62,-100
1763545385520,-100,-77,-100,-76,-77,-59,-92,-80,-100,-62,-100
1763545385545,-100,-79,-100,-78,-77,-58,-92,-80,-100,-64,-100
1763545385570,-100,-79,-100,-78,-77,-58,-92,-80,-100,-64,-100
1763545385595,-100,-79,-100,-78,-77,-58,-92,-80,-100,-64,-100
1763545385620,-100,-79,-100,-78,-77,-58,-92,-80,-100,-64,-100
1763545385645,-100,-79,-100,-78,-77,-58,-92,-80,-100,-64,-100
1763545385670,-100,-79,-100,-78,-77,-58,-92,-80,-100,-64,-100
1763545385695,-100,-79,-100,-78,-77,-58,-92,-80,-100,-64,-100
1763545385720,-100,-79,-100,-78,-77,-58,-92,-80,-100,-64,-100
1763545385745,-100,-79,-100,-78,-77,-58,-92,-80,-100,-64,-100
1763545385770,-100,-79,-100,-78,-77,-58,-92,-80,-100,-64,-100
1763545385795,-100,-79,-100,-78,-77,-58,-92,-80,-100,-64,-100
1763545385820,-100,-79,-100,-78,-77,-58,-92,-80,-100,-64,-100
1763545385845,-100,-79,-100,-78,-77,-58,-92,-80,-100,-64,-100
1763545385870,-100,-79,-100,-78,-77,-58,-92,-80,-100,-64,-100
1763545385895,-100,-79,-100,-78,-77,-58,-92,-80,-100,-64,-100
1763545385920,-100,-79,-100,-78,-77,-58,-92,-80,-100,-64,-100
1763545385946,-100,-79,-100,-78,-77,-58,-92,-80,-100,-64,-100
1763545385971,-100,-79,-100,-78,-77,-58,-92,-80,-100,-64,-100
1763545385996,-100,-79,-100,-78,-77,-58,-92,-80,-100,-64,-100
1763545386021,-100,-79,-100,-78,-77,-58,-92,-80,-100,-64,-100
1763545386046,-100,-86,-100,-79,-76,-55,-100,-79,-87,-63,-100
1763545386071,-100,-86,-100,-79,-76,-55,-100,-79,-87,-63,-100
1763545386097,-100,-86,-100,-79,-76,-55,-100,-79,-87,-63,-100
1763545386121,-100,-86,-100,-79,-76,-55,-100,-79,-87,-63,-100
1763545386146,-100,-86,-100,-79,-76,-55,-100,-79,-87,-63,-100
1763545386171,-100,-86,-100,-79,-76,-55,-100,-79,-87,-63,-100
1763545386196,-100,-86,-100,-79,-76,-55,-100,-79,-87,-63,-100
1763545386221,-100,-86,-100,-79,-76,-55,-100,-79,-87,-63,-100
1763545386246,-100,-86,-100,-79,-76,-55,-100,-79,-87,-63,-100
1763545386271,-100,-86,-100,-79,-76,-55,-100,-79,-87,-63,-100
1763545386296,-100,-86,-100,-79,-76,-55,-100,-79,-87,-63,-100
1763545386321,-100,-86,-100,-79,-76,-55,-100,-79,-87,-63,-100
1763545386346,-100,-86,-100,-79,-76,-55,-100,-79,-87,-63,-100
1763545386371,-100,-86,-100,-79,-76,-55,-100,-79,-87,-63,-100
1763545386396,-100,-86,-100,-79,-76,-55,-100,-79,-87,-63,-100
1763545386421,-100,-86,-100,-79,-76,-55,-100,-79,-87,-63,-100
1763545386446,-100,-86,-100,-79,-76,-55,-100,-79,-87,-63,-100
1763545386471,-100,-86,-100,-79,-76,-55,-100,-79,-87,-63,-100
1763545386496,-100,-86,-100,-79,-76,-55,-100,-79,-87,-63,-100
1763545386521,-100,-86,-100,-79,-76,-55,-100,-79,-87,-63,-100
1763545386546,-100,-88,-100,-80,-75,-55,-100,-80,-87,-59,-100
1763545386571,-100,-88,-100,-80,-75,-55,-100,-80,-87,-59,-100
1763545386597,-100,-88,-100,-80,-75,-55,-100,-80,-87,-59,-100
1763545386622,-100,-88,-100,-80,-75,-55,-100,-80,-87,-59,-100
1763545386647,-100,-88,-100,-80,-75,-55,-100,-80,-87,-59,-100
1763545386673,-100,-88,-100,-80,-75,-55,-100,-80,-87,-59,-100
1763545386699,-100,-88,-100,-80,-75,-55,-100,-80,-87,-59,-100
1763545386724,-100,-88,-100,-80,-75,-55,-100,-80,-87,-59,-100
1763545386749,-100,-88,-100,-80,-75,-55,-100,-80,-87,-59,-100
1763545386774,-100,-88,-100,-80,-75,-55,-100,-80,-87,-59,-100
1763545386800,-100,-88,-100,-80,-75,-55,-100,-80,-87,-59,-100
1763545386825,-100,-88,-100,-80,-75,-55,-100,-80,-87,-59,-100
1763545386851,-100,-88,-100,-80,-75,-55,-100,-80,-87,-59,-100
1763545386875,-100,-88,-100,-80,-75,-55,-100,-80,-87,-59,-100
1763545386900,-100,-88,-100,-80,-75,-55,-100,-80,-87,-59,-100
1763545386925,-100,-88,-100,-80,-75,-55,-100,-80,-87,-59,-100
1763545386950,-100,-88,-100,-80,-75,-55,-100,-80,-87,-59,-100
1763545386975,-100,-88,-100,-80,-75,-55,-100,-80,-87,-59,-100
1763545387000,-100,-88,-100,-80,-75,-55,-100,-80,-87,-59,-100
1763545387025,-100,-88,-100,-80,-75,-55,-100,-80,-87,-59,-100
1763545387051,-100,-85,-100,-79,-71,-60,-100,-81,-100,-62,-100
1763545387077,-100,-85,-100,-79,-71,-60,-100,-81,-100,-62,-100
1763545387102,-100,-85,-100,-79,-71,-60,-100,-81,-100,-62,-100
1763545387127,-100,-85,-100,-79,-71,-60,-100,-81,-100,-62,-100
1763545387152,-100,-85,-100,-79,-71,-60,-100,-81,-100,-62,-100
1763545387177,-100,-85,-100,-79,-71,-60,-100,-81,-100,-62,-100
1763545387203,-100,-85,-100,-79,-71,-60,-100,-81,-100,-62,-100
1763545387229,-100,-85,-100,-79,-71,-60,-100,-81,-100,-62,-100
1763545387255,-100,-85,-100,-79,-71,-60,-100,-81,-100,-62,-100
1763545387280,-100,-85,-100,-79,-71,-60,-100,-81,-100,-62,-100
1763545387305,-100,-85,-100,-79,-71,-60,-100,-81,-100,-62,-100
1763545387330,-100,-85,-100,-79,-71,-60,-100,-81,-100,-62,-100
1763545387356,-100,-85,-100,-79,-71,-60,-100,-81,-100,-62,-100
1763545387382,-100,-85,-100,-79,-71,-60,-100,-81,-100,-62,-100
1763545387407,-100,-85,-100,-79,-71,-60,-100,-81,-100,-62,-100
1763545387432,-100,-85,-100,-79,-71,-60,-100,-81,-100,-62,-100
1763545387457,-100,-85,-100,-79,-71,-60,-100,-81,-100,-62,-100
1763545387482,-100,-85,-100,-79,-71,-60,-100,-81,-100,-62,-100
1763545387507,-100,-85,-100,-79,-71,-60,-100,-81,-100,-62,-100
1763545387533,-100,-85,-100,-79,-71,-60,-100,-81,-100,-62,-100
1763545387558,-100,-83,-100,-80,-69,-63,-100,-79,-100,-60,-100
1763545387583,-100,-83,-100,-80,-69,-63,-100,-79,-100,-60,-100
1763545387608,-100,-83,-100,-80,-69,-63,-100,-79,-100,-60,-100
1763545387633,-100,-83,-100,-80,-69,-63,-100,-79,-100,-60,-100
1763545387659,-100,-83,-100,-80,-69,-63,-100,-79,-100,-60,-100
1763545387683,-100,-83,-100,-80,-69,-63,-100,-79,-100,-60,-100
1763545387708,-100,-83,-100,-80,-69,-63,-100,-79,-100,-60,-100
1763545387734,-100,-83,-100,-80,-69,-63,-100,-79,-100,-60,-100
1763545387759,-100,-83,-100,-80,-69,-63,-100,-79,-100,-60,-100
1763545387785,-100,-83,-100,-80,-69,-63,-100,-79,-100,-60,-100
1763545387810,-100,-83,-100,-80,-69,-63,-100,-79,-100,-60,-100
1763545387835,-100,-83,-100,-80,-69,-63,-100,-79,-100,-60,-100
1763545387860,-100,-83,-100,-80,-69,-63,-100,-79,-100,-60,-100
1763545387886,-100,-83,-100,-80,-69,-63,-100,-79,-100,-60,-100
1763545387912,-100,-83,-100,-80,-69,-63,-100,-79,-100,-60,-100
1763545387937,-100,-83,-100,-80,-69,-63,-100,-79,-100,-60,-100
1763545387963,-100,-83,-100,-80,-69,-63,-100,-79,-100,-60,-100
1763545387988,-100,-83,-100,-80,-69,-63,-100,-79,-100,-60,-100
1763545388013,-100,-83,-100,-80,-69,-63,-100,-79,-100,-60,-100
1763545388039,-100,-81,-100,-82,-71,-62,-100,-75,-100,-56,-100
1763545388065,-100,-81,-100,-82,-71,-62,-100,-75,-100,-56,-100
1763545388090,-100,-81,-100,-82,-71,-62,-100,-75,-100,-56,-100
1763545388116,-100,-81,-100,-82,-71,-62,-100,-75,-100,-56,-100
1763545388141,-100,-81,-100,-82,-71,-62,-100,-75,-100,-56,-100
1763545388166,-100,-81,-100,-82,-71,-62,-100,-75,-100,-56,-100
1763545388191,-100,-81,-100,-82,-71,-62,-100,-75,-100,-56,-100
1763545388216,-100,-81,-100,-82,-71,-62,-100,-75,-100,-56,-100
1763545388242,-100,-81,-100,-82,-71,-62,-100,-75,-100,-56,-100
1763545388267,-100,-81,-100,-82,-71,-62,-100,-75,-100,-56,-100
1763545388292,-100,-81,-100,-82,-71,-62,-100,-75,-100,-56,-100
1763545388317,-100,-81,-100,-82,-71,-62,-100,-75,-100,-56,-100
1763545388342,-100,-81,-100,-82,-71,-62,-100,-75,-100,-56,-100
1763545388367,-100,-81,-100,-82,-71,-62,-100,-75,-100,-56,-100
1763545388392,-100,-81,-100,-82,-71,-62,-100,-75,-100,-56,-100
1763545388417,-100,-81,-100,-82,-71,-62,-100,-75,-100,-56,-100
1763545388443,-100,-81,-100,-82,-71,-62,-100,-75,-100,-56,-100
1763545388469,-100,-81,-100,-82,-71,-62,-100,-75,-100,-56,-100
1763545388495,-100,-81,-100,-82,-71,-62,-100,-75,-100,-56,-100
1763545388521,-100,-81,-100,-82,-71,-62,-100,-75,-100,-56,-100
1763545388546,-100,-82,-100,-83,-73,-61,-100,-74,-100,-59,-100
1763545388571,-100,-82,-100,-83,-73,-61,-100,-74,-100,-59,-100
1763545388597,-100,-82,-100,-83,-73,-61,-100,-74,-100,-59,-100
1763545388622,-100,-82,-100,-83,-73,-61,-100,-74,-100,-59,-100
1763545388647,-100,-82,-100,-83,-73,-61,-100,-74,-100,-59,-100
1763545388673,-100,-82,-100,-83,-73,-61,-100,-74,-100,-59,-100
1763545388698,-100,-82,-100,-83,-73,-61,-100,-74,-100,-59,-100
1763545388724,-100,-82,-100,-83,-73,-61,-100,-74,-100,-59,-100
1763545388750,-100,-82,-100,-83,-73,-61,-100,-74,-100,-59,-100
1763545388775,-100,-82,-100,-83,-73,-61,-100,-74,-100,-59,-100
1763545388800,-100,-82,-100,-83,-73,-61,-100,-74,-100,-59,-100
1763545388825,-100,-82,-100,-83,-73,-61,-100,-74,-100,-59,-100
1763545388850,-100,-82,-100,-83,-73,-61,-100,-74,-100,-59,-100
1763545388875,-100,-82,-100,-83,-73,-61,-100,-74,-100,-59,-100
1763545388900,-100,-82,-100,-83,-73,-61,-100,-74,-100,-59,-100
1763545388925,-100,-82,-100,-83,-73,-61,-100,-74,-100,-59,-100
1763545388950,-100,-82,-100,-83,-73,-61,-100,-74,-100,-59,-100
1763545388975,-100,-82,-100,-83,-73,-61,-100,-74,-100,-59,-100
1763545389002,-100,-82,-100,-83,-73,-61,-100,-74,-100,-59,-100
1763545389027,-100,-82,-100,-83,-73,-61,-100,-74,-100,-59,-100
1763545389052,-100,-100,-100,-100,-100,-100,-100,-73,-100,-100,-100
1763545389078,-100,-100,-100,-100,-100,-100,-100,-73,-100,-100,-100
1763545389103,-100,-100,-100,-100,-100,-100,-100,-73,-100,-100,-100
1763545389128,-100,-100,-100,-100,-100,-100,-100,-73,-100,-100,-100
1763545389153,-100,-100,-100,-100,-100,-100,-100,-73,-100,-100,-100
1763545389178,-100,-100,-100,-100,-100,-100,-100,-73,-100,-100,-100
1763545389203,-100,-100,-100,-100,-100,-100,-100,-73,-100,-100,-100
1763545389228,-100,-100,-100,-100,-100,-100,-100,-73,-100,-100,-100
1763545389253,-100,-100,-100,-100,-100,-100,-100,-73,-100,-100,-100
1763545389278,-100,-100,-100,-100,-100,-100,-100,-73,-100,-100,-100
1763545389304,-100,-100,-100,-100,-100,-100,-100,-73,-100,-100,-100
1763545389329,-100,-100,-100,-100,-100,-100,-100,-73,-100,-100,-100
1763545389354,-100,-100,-100,-100,-100,-100,-100,-73,-100,-100,-100
1763545389379,-100,-100,-100,-100,-100,-100,-100,-73,-100,-100,-100
1763545389404,-100,-100,-100,-100,-100,-100,-100,-73,-100,-100,-100
1763545389429,-100,-100,-100,-100,-100,-100,-100,-73,-100,-100,-100
1763545389454,-100,-100,-100,-100,-100,-100,-100,-73,-100,-100,-100
1763545389479,-100,-100,-100,-100,-100,-100,-100,-73,-100,-100,-100
1763545389504,-100,-100,-100,-100,-100,-100,-100,-73,-100,-100,-100
1763545389529,-100,-100,-100,-100,-100,-100,-100,-73,-100,-100,-100
1763545389554,-100,-81,-100,-79,-72,-63,-100,-76,-100,-51,-100
1763545389579,-100,-81,-100,-79,-72,-63,-100,-76,-100,-51,-100
1763545389605,-100,-81,-100,-79,-72,-63,-100,-76,-100,-51,-100
1763545389630,-100,-81,-100,-79,-72,-63,-100,-76,-100,-51,-100
1763545389655,-100,-81,-100,-79,-72,-63,-100,-76,-100,-51,-100
1763545389681,-100,-81,-100,-79,-72,-63,-100,-76,-100,-51,-100
1763545389706,-100,-81,-100,-79,-72,-63,-100,-76,-100,-51,-100
1763545389731,-100,-81,-100,-79,-72,-63,-100,-76,-100,-51,-100
1763545389756,-100,-81,-100,-79,-72,-63,-100,-76,-100,-51,-100
1763545389781,-100,-81,-100,-79,-72,-63,-100,-76,-100,-51,-100
1763545389806,-100,-81,-100,-79,-72,-63,-100,-76,-100,-51,-100
1763545389831,-100,-81,-100,-79,-72,-63,-100,-76,-100,-51,-100
1763545389856,-100,-81,-100,-79,-72,-63,-100,-76,-100,-51,-100
1763545389881,-100,-81,-100,-79,-72,-63,-100,-76,-100,-51,-100
1763545389907,-100,-81,-100,-79,-72,-63,-100,-76,-100,-51,-100
1763545389932,-100,-81,-100,-79,-72,-63,-100,-76,-100,-51,-100
1763545389957,-100,-81,-100,-79,-72,-63,-100,-76,-100,-51,-100
1763545389983,-100,-81,-100,-79,-72,-63,-100,-76,-100,-51,-100
1763545390009,-100,-81,-100,-79,-72,-63,-100,-76,-100,-51,-100
1763545390034,-100,-79,-100,-78,-73,-63,-100,-75,-100,-56,-100
1763545390059,-100,-79,-100,-78,-73,-63,-100,-75,-100,-56,-100
1763545390085,-100,-79,-100,-78,-73,-63,-100,-75,-100,-56,-100
1763545390111,-100,-79,-100,-78,-73,-63,-100,-75,-100,-56,-100
1763545390136,-100,-79,-100,-78,-73,-63,-100,-75,-100,-56,-100
1763545390161,-100,-79,-100,-78,-73,-63,-100,-75,-100,-56,-100
1763545390186,-100,-79,-100,-78,-73,-63,-100,-75,-100,-56,-100
1763545390211,-100,-79,-100,-78,-73,-63,-100,-75,-100,-56,-100
1763545390237,-100,-79,-100,-78,-73,-63,-100,-75,-100,-56,-100
1763545390261,-100,-79,-100,-78,-73,-63,-100,-75,-100,-56,-100
1763545390286,-100,-79,-100,-78,-73,-63,-100,-75,-100,-56,-100
1763545390311,-100,-79,-100,-78,-73,-63,-100,-75,-100,-56,-100
1763545390336,-100,-79,-100,-78,-73,-63,-100,-75,-100,-56,-100
1763545390362,-100,-79,-100,-78,-73,-63,-100,-75,-100,-56,-100
1763545390388,-100,-79,-100,-78,-73,-63,-100,-75,-100,-56,-100
1763545390413,-100,-79,-100,-78,-73,-63,-100,-75,-100,-56,-100
1763545390438,-100,-79,-100,-78,-73,-63,-100,-75,-100,-56,-100
1763545390464,-100,-79,-100,-78,-73,-63,-100,-75,-100,-56,-100
1763545390489,-100,-79,-100,-78,-73,-63,-100,-75,-100,-56,-100
1763545390514,-100,-79,-100,-78,-73,-63,-100,-75,-100,-56,-100
1763545390539,-100,-79,-100,-76,-70,-63,-100,-74,-100,-57,-100
1763545390566,-100,-79,-100,-76,-70,-63,-100,-74,-100,-57,-100
1763545390591,-100,-79,-100,-76,-70,-63,-100,-74,-100,-57,-100
1763545390617,-100,-79,-100,-76,-70,-63,-100,-74,-100,-57,-100
1763545390642,-100,-79,-100,-76,-70,-63,-100,-74,-100,-57,-100
1763545390667,-100,-79,-100,-76,-70,-63,-100,-74,-100,-57,-100
1763545390693,-100,-79,-100,-76,-70,-63,-100,-74,-100,-57,-100
1763545390718,-100,-79,-100,-76,-70,-63,-100,-74,-100,-57,-100
1763545390743,-100,-79,-100,-76,-70,-63,-100,-74,-100,-57,-100
1763545390768,-100,-79,-100,-76,-70,-63,-100,-74,-100,-57,-100
1763545390793,-100,-79,-100,-76,-70,-63,-100,-74,-100,-57,-100
1763545390819,-100,-79,-100,-76,-70,-63,-100,-74,-100,-57,-100
1763545390844,-100,-79,-100,-76,-70,-63,-100,-74,-100,-57,-100
1763545390869,-100,-79,-100,-76,-70,-63,-100,-74,-100,-57,-100
1763545390895,-100,-79,-100,-76,-70,-63,-100,-74,-100,-57,-100
1763545390920,-100,-79,-100,-76,-70,-63,-100,-74,-100,-57,-100
1763545390945,-100,-79,-100,-76,-70,-63,-100,-74,-100,-57,-100
1763545390970,-100,-79,-100,-76,-70,-63,-100,-74,-100,-57,-100
1763545390995,-100,-79,-100,-76,-70,-63,-100,-74,-100,-57,-100
1763545391020,-100,-79,-100,-76,-70,-63,-100,-74,-100,-57,-100
1763545391045,-100,-80,-100,-77,-69,-62,-100,-74,-100,-58,-100
1763545391070,-100,-80,-100,-77,-69,-62,-100,-74,-100,-58,-100
1763545391095,-100,-80,-100,-77,-69,-62,-100,-74,-100,-58,-100
1763545391121,-100,-80,-100,-77,-69,-62,-100,-74,-100,-58,-100
1763545391145,-100,-80,-100,-77,-69,-62,-100,-74,-100,-58,-100
1763545391171,-100,-80,-100,-77,-69,-62,-100,-74,-100,-58,-100
1763545391195,-100,-80,-100,-77,-69,-62,-100,-74,-100,-58,-100
1763545391220,-100,-80,-100,-77,-69,-62,-100,-74,-100,-58,-100
1763545391245,-100,-80,-100,-77,-69,-62,-100,-74,-100,-58,-100
1763545391270,-100,-80,-100,-77,-69,-62,-100,-74,-100,-58,-100
1763545391296,-100,-80,-100,-77,-69,-62,-100,-74,-100,-58,-100
1763545391320,-100,-80,-100,-77,-69,-62,-100,-74,-100,-58,-100
1763545391345,-100,-80,-100,-77,-69,-62,-100,-74,-100,-58,-100
1763545391370,-100,-80,-100,-77,-69,-62,-100,-74,-100,-58,-100
1763545391395,-100,-80,-100,-77,-69,-62,-100,-74,-100,-58,-100
1763545391420,-100,-80,-100,-77,-69,-62,-100,-74,-100,-58,-100
1763545391445,-100,-80,-100,-77,-69,-62,-100,-74,-100,-58,-100
1763545391471,-100,-80,-100,-77,-69,-62,-100,-74,-100,-58,-100
1763545391496,-100,-80,-100,-77,-69,-62,-100,-74,-100,-58,-100
1763545391521,-100,-80,-100,-77,-69,-62,-100,-74,-100,-58,-100
1763545391546,-100,-81,-100,-78,-66,-62,-86,-73,-100,-57,-100
1763545391571,-100,-81,-100,-78,-66,-62,-86,-73,-100,-57,-100
1763545391598,-100,-81,-100,-78,-66,-62,-86,-73,-100,-57,-100
1763545391623,-100,-81,-100,-78,-66,-62,-86,-73,-100,-57,-100
1763545391648,-100,-81,-100,-78,-66,-62,-86,-73,-100,-57,-100
1763545391673,-100,-81,-100,-78,-66,-62,-86,-73,-100,-57,-100
1763545391698,-100,-81,-100,-78,-66,-62,-86,-73,-100,-57,-100
1763545391724,-100,-81,-100,-78,-66,-62,-86,-73,-100,-57,-100
1763545391749,-100,-81,-100,-78,-66,-62,-86,-73,-100,-57,-100
1763545391774,-100,-81,-100,-78,-66,-62,-86,-73,-100,-57,-100
1763545391801,-100,-81,-100,-78,-66,-62,-86,-73,-100,-57,-100
1763545391826,-100,-81,-100,-78,-66,-62,-86,-73,-100,-57,-100
1763545391851,-100,-81,-100,-78,-66,-62,-86,-73,-100,-57,-100
1763545391876,-100,-81,-100,-78,-66,-62,-86,-73,-100,-57,-100
1763545391902,-100,-81,-100,-78,-66,-62,-86,-73,-100,-57,-100
1763545391927,-100,-81,-100,-78,-66,-62,-86,-73,-100,-57,-100
1763545391953,-100,-81,-100,-78,-66,-62,-86,-73,-100,-57,-100
1763545391978,-100,-81,-100,-78,-66,-62,-86,-73,-100,-57,-100
1763545392005,-100,-81,-100,-78,-66,-62,-86,-73,-100,-57,-100
1763545392030,-100,-81,-100,-78,-66,-62,-86,-73,-100,-57,-100
1763545392055,-100,-79,-100,-76,-67,-65,-86,-74,-100,-54,-100
1763545392080,-100,-79,-100,-76,-67,-65,-86,-74,-100,-54,-100
1763545392105,-100,-79,-100,-76,-67,-65,-86,-74,-100,-54,-100
1763545392130,-100,-79,-100,-76,-67,-65,-86,-74,-100,-54,-100
1763545392155,-100,-79,-100,-76,-67,-65,-86,-74,-100,-54,-100
1763545392180,-100,-79,-100,-76,-67,-65,-86,-74,-100,-54,-100
1763545392205,-100,-79,-100,-76,-67,-65,-86,-74,-100,-54,-100
1763545392230,-100,-79,-100,-76,-67,-65,-86,-74,-100,-54,-100
1763545392255,-100,-79,-100,-76,-67,-65,-86,-74,-100,-54,-100
1763545392280,-100,-79,-100,-76,-67,-65,-86,-74,-100,-54,-100
1763545392305,-100,-79,-100,-76,-67,-65,-86,-74,-100,-54,-100
1763545392330,-100,-79,-100,-76,-67,-65,-86,-74,-100,-54,-100
1763545392355,-100,-79,-100,-76,-67,-65,-86,-74,-100,-54,-100
1763545392381,-100,-79,-100,-76,-67,-65,-86,-74,-100,-54,-100
1763545392405,-100,-79,-100,-76,-67,-65,-86,-74,-100,-54,-100
1763545392430,-100,-79,-100,-76,-67,-65,-86,-74,-100,-54,-100
1763545392455,-100,-79,-100,-76,-67,-65,-86,-74,-100,-54,-100
1763545392480,-100,-79,-100,-76,-67,-65,-86,-74,-100,-54,-100
1763545392506,-100,-79,-100,-76,-67,-65,-86,-74,-100,-54,-100
1763545392531,-100,-79,-100,-76,-67,-65,-86,-74,-100,-54,-100
1763545392557,-100,-82,-100,-77,-69,-67,-100,-75,-100,-57,-100
1763545392581,-100,-82,-100,-77,-69,-67,-100,-75,-100,-57,-100
1763545392606,-100,-82,-100,-77,-69,-67,-100,-75,-100,-57,-100
1763545392631,-100,-82,-100,-77,-69,-67,-100,-75,-100,-57,-100
1763545392656,-100,-82,-100,-77,-69,-67,-100,-75,-100,-57,-100
1763545392681,-100,-82,-100,-77,-69,-67,-100,-75,-100,-57,-100
1763545392706,-100,-82,-100,-77,-69,-67,-100,-75,-100,-57,-100
1763545392731,-100,-82,-100,-77,-69,-67,-100,-75,-100,-57,-100
1763545392757,-100,-82,-100,-77,-69,-67,-100,-75,-100,-57,-100
1763545392783,-100,-82,-100,-77,-69,-67,-100,-75,-100,-57,-100
1763545392808,-100,-82,-100,-77,-69,-67,-100,-75,-100,-57,-100
1763545392834,-100,-82,-100,-77,-69,-67,-100,-75,-100,-57,-100
1763545392859,-100,-82,-100,-77,-69,-67,-100,-75,-100,-57,-100
1763545392885,-100,-82,-100,-77,-69,-67,-100,-75,-100,-57,-100
1763545392910,-100,-82,-100,-77,-69,-67,-100,-75,-100,-57,-100
1763545392935,-100,-82,-100,-77,-69,-67,-100,-75,-100,-57,-100
1763545392960,-100,-82,-100,-77,-69,-67,-100,-75,-100,-57,-100
1763545392985,-100,-82,-100,-77,-69,-67,-100,-75,-100,-57,-100
1763545393010,-100,-82,-100,-77,-69,-67,-100,-75,-100,-57,-100
1763545393035,-100,-82,-100,-77,-69,-67,-100,-75,-100,-57,-100
1763545393060,-100,-82,-100,-77,-67,-67,-100,-74,-100,-57,-100
1763545393086,-100,-82,-100,-77,-67,-67,-100,-74,-100,-57,-100
1763545393111,-100,-82,-100,-77,-67,-67,-100,-74,-100,-57,-100
1763545393136,-100,-82,-100,-77,-67,-67,-100,-74,-100,-57,-100
1763545393161,-100,-82,-100,-77,-67,-67,-100,-74,-100,-57,-100
1763545393187,-100,-82,-100,-77,-67,-67,-100,-74,-100,-57,-100
1763545393212,-100,-82,-100,-77,-67,-67,-100,-74,-100,-57,-100
1763545393237,-100,-82,-100,-77,-67,-67,-100,-74,-100,-57,-100
1763545393263,-100,-82,-100,-77,-67,-67,-100,-74,-100,-57,-100
1763545393289,-100,-82,-100,-77,-67,-67,-100,-74,-100,-57,-100
1763545393314,-100,-82,-100,-77,-67,-67,-100,-74,-100,-57,-100
1763545393339,-100,-82,-100,-77,-67,-67,-100,-74,-100,-57,-100
1763545393364,-100,-82,-100,-77,-67,-67,-100,-74,-100,-57,-100
1763545393390,-100,-82,-100,-77,-67,-67,-100,-74,-100,-57,-100
1763545393415,-100,-82,-100,-77,-67,-67,-100,-74,-100,-57,-100
1763545393440,-100,-82,-100,-77,-67,-67,-100,-74,-100,-57,-100
1763545393465,-100,-82,-100,-77,-67,-67,-100,-74,-100,-57,-100
1763545393490,-100,-82,-100,-77,-67,-67,-100,-74,-100,-57,-100
1763545393515,-100,-82,-100,-77,-67,-67,-100,-74,-100,-57,-100
1763545393540,-100,-81,-100,-78,-65,-66,-100,-73,-100,-54,-100
1763545393565,-100,-81,-100,-78,-65,-66,-100,-73,-100,-54,-100
1763545393590,-100,-81,-100,-78,-65,-66,-100,-73,-100,-54,-100
1763545393617,-100,-81,-100,-78,-65,-66,-100,-73,-100,-54,-100
1763545393641,-100,-81,-100,-78,-65,-66,-100,-73,-100,-54,-100
1763545393667,-100,-81,-100,-78,-65,-66,-100,-73,-100,-54,-100
1763545393692,-100,-81,-100,-78,-65,-66,-100,-73,-100,-54,-100
1763545393718,-100,-81,-100,-78,-65,-66,-100,-73,-100,-54,-100
1763545393743,-100,-81,-100,-78,-65,-66,-100,-73,-100,-54,-100
1763545393768,-100,-81,-100,-78,-65,-66,-100,-73,-100,-54,-100
1763545393793,-100,-81,-100,-78,-65,-66,-100,-73,-100,-54,-100
1763545393818,-100,-81,-100,-78,-65,-66,-100,-73,-100,-54,-100
1763545393844,-100,-81,-100,-78,-65,-66,-100,-73,-100,-54,-100
1763545393869,-100,-81,-100,-78,-65,-66,-100,-73,-100,-54,-100
1763545393894,-100,-81,-100,-78,-65,-66,-100,-73,-100,-54,-100
1763545393919,-100,-81,-100,-78,-65,-66,-100,-73,-100,-54,-100
1763545393944,-100,-81,-100,-78,-65,-66,-100,-73,-100,-54,-100
1763545393969,-100,-81,-100,-78,-65,-66,-100,-73,-100,-54,-100
1763545393994,-100,-81,-100,-78,-65,-66,-100,-73,-100,-54,-100
1763545394019,-100,-81,-100,-78,-65,-66,-100,-73,-100,-54,-100
1763545394044,-100,-79,-100,-78,-65,-66,-100,-74,-100,-52,-100
1763545394069,-100,-79,-100,-78,-65,-66,-100,-74,-100,-52,-100
1763545394094,-100,-79,-100,-78,-65,-66,-100,-74,-100,-52,-100
1763545394119,-100,-79,-100,-78,-65,-66,-100,-74,-100,-52,-100
1763545394145,-100,-79,-100,-78,-65,-66,-100,-74,-100,-52,-100
1763545394170,-100,-79,-100,-78,-65,-66,-100,-74,-100,-52,-100
1763545394196,-100,-79,-100,-78,-65,-66,-100,-74,-100,-52,-100
1763545394220,-100,-79,-100,-78,-65,-66,-100,-74,-100,-52,-100
1763545394245,-100,-79,-100,-78,-65,-66,-100,-74,-100,-52,-100
1763545394270,-100,-79,-100,-78,-65,-66,-100,-74,-100,-52,-100
1763545394295,-100,-79,-100,-78,-65,-66,-100,-74,-100,-52,-100
1763545394320,-100,-79,-100,-78,-65,-66,-100,-74,-100,-52,-100
1763545394345,-100,-79,-100,-78,-65,-66,-100,-74,-100,-52,-100
1763545394370,-100,-79,-100,-78,-65,-66,-100,-74,-100,-52,-100
1763545394395,-100,-79,-100,-78,-65,-66,-100,-74,-100,-52,-100
1763545394420,-100,-79,-100,-78,-65,-66,-100,-74,-100,-52,-100
1763545394446,-100,-79,-100,-78,-65,-66,-100,-74,-100,-52,-100
1763545394472,-100,-79,-100,-78,-65,-66,-100,-74,-100,-52,-100
1763545394497,-100,-79,-100,-78,-65,-66,-100,-74,-100,-52,-100
1763545394523,-100,-79,-100,-78,-65,-66,-100,-74,-100,-52,-100
1763545394549,-100,-79,-100,-78,-63,-67,-100,-73,-100,-51,-100
1763545394574,-100,-79,-100,-78,-63,-67,-100,-73,-100,-51,-100
1763545394599,-100,-79,-100,-78,-63,-67,-100,-73,-100,-51,-100
1763545394625,-100,-79,-100,-78,-63,-67,-100,-73,-100,-51,-100
1763545394651,-100,-79,-100,-78,-63,-67,-100,-73,-100,-51,-100
1763545394676,-100,-79,-100,-78,-63,-67,-100,-73,-100,-51,-100
1763545394701,-100,-79,-100,-78,-63,-67,-100,-73,-100,-51,-100
1763545394726,-100,-79,-100,-78,-63,-67,-100,-73,-100,-51,-100
1763545394752,-100,-79,-100,-78,-63,-67,-100,-73,-100,-51,-100
1763545394777,-100,-79,-100,-78,-63,-67,-100,-73,-100,-51,-100
1763545394802,-100,-79,-100,-78,-63,-67,-100,-73,-100,-51,-100
1763545394827,-100,-79,-100,-78,-63,-67,-100,-73,-100,-51,-100
1763545394852,-100,-79,-100,-78,-63,-67,-100,-73,-100,-51,-100
1763545394877,-100,-79,-100,-78,-63,-67,-100,-73,-100,-51,-100
1763545394902,-100,-79,-100,-78,-63,-67,-100,-73,-100,-51,-100
1763545394927,-100,-79,-100,-78,-63,-67,-100,-73,-100,-51,-100
1763545394952,-100,-79,-100,-78,-63,-67,-100,-73,-100,-51,-100
1763545394977,-100,-79,-100,-78,-63,-67,-100,-73,-100,-51,-100
1763545395002,-100,-79,-100,-78,-63,-67,-100,-73,-100,-51,-100
1763545395028,-100,-79,-100,-78,-63,-67,-100,-73,-100,-51,-100
1763545395054,-100,-79,-100,-80,-60,-69,-100,-71,-100,-55,-100
1763545395081,-100,-79,-100,-80,-60,-69,-100,-71,-100,-55,-100
1763545395107,-100,-79,-100,-80,-60,-69,-100,-71,-100,-55,-100
1763545395132,-100,-79,-100,-80,-60,-69,-100,-71,-100,-55,-100
1763545395158,-100,-79,-100,-80,-60,-69,-100,-71,-100,-55,-100
1763545395183,-100,-79,-100,-80,-60,-69,-100,-71,-100,-55,-100
1763545395209,-100,-79,-100,-80,-60,-69,-100,-71,-100,-55,-100
1763545395234,-100,-79,-100,-80,-60,-69,-100,-71,-100,-55,-100
1763545395260,-100,-79,-100,-80,-60,-69,-100,-71,-100,-55,-100
1763545395285,-100,-79,-100,-80,-60,-69,-100,-71,-100,-55,-100
1763545395310,-100,-79,-100,-80,-60,-69,-100,-71,-100,-55,-100
1763545395335,-100,-79,-100,-80,-60,-69,-100,-71,-100,-55,-100
1763545395360,-100,-79,-100,-80,-60,-69,-100,-71,-100,-55,-100
1763545395386,-100,-79,-100,-80,-60,-69,-100,-71,-100,-55,-100
1763545395410,-100,-79,-100,-80,-60,-69,-100,-71,-100,-55,-100
1763545395436,-100,-79,-100,-80,-60,-69,-100,-71,-100,-55,-100
1763545395461,-100,-79,-100,-80,-60,-69,-100,-71,-100,-55,-100
1763545395487,-100,-79,-100,-80,-60,-69,-100,-71,-100,-55,-100
1763545395512,-100,-79,-100,-80,-60,-69,-100,-71,-100,-55,-100
1763545395539,-100,-79,-100,-81,-56,-68,-100,-69,-100,-56,-100
1763545395564,-100,-79,-100,-81,-56,-68,-100,-69,-100,-56,-100
1763545395589,-100,-79,-100,-81,-56,-68,-100,-69,-100,-56,-100
1763545395614,-100,-79,-100,-81,-56,-68,-100,-69,-100,-56,-100
1763545395639,-100,-79,-100,-81,-56,-68,-100,-69,-100,-56,-100
1763545395664,-100,-79,-100,-81,-56,-68,-100,-69,-100,-56,-100
1763545395689,-100,-79,-100,-81,-56,-68,-100,-69,-100,-56,-100
1763545395714,-100,-79,-100,-81,-56,-68,-100,-69,-100,-56,-100
1763545395739,-100,-79,-100,-81,-56,-68,-100,-69,-100,-56,-100
1763545395764,-100,-79,-100,-81,-56,-68,-100,-69,-100,-56,-100
1763545395789,-100,-79,-100,-81,-56,-68,-100,-69,-100,-56,-100
1763545395815,-100,-79,-100,-81,-56,-68,-100,-69,-100,-56,-100
1763545395841,-100,-79,-100,-81,-56,-68,-100,-69,-100,-56,-100
1763545395866,-100,-79,-100,-81,-56,-68,-100,-69,-100,-56,-100
1763545395891,-100,-79,-100,-81,-56,-68,-100,-69,-100,-56,-100
1763545395917,-100,-79,-100,-81,-56,-68,-100,-69,-100,-56,-100
1763545395942,-100,-79,-100,-81,-56,-68,-100,-69,-100,-56,-100
1763545395968,-100,-79,-100,-81,-56,-68,-100,-69,-100,-56,-100
1763545395994,-100,-79,-100,-81,-56,-68,-100,-69,-100,-56,-100
1763545396018,-100,-79,-100,-81,-56,-68,-100,-69,-100,-56,-100
1763545396043,-100,-79,-100,-81,-54,-65,-100,-70,-100,-53,-100
1763545396068,-100,-79,-100,-81,-54,-65,-100,-70,-100,-53,-100
1763545396093,-100,-79,-100,-81,-54,-65,-100,-70,-100,-53,-100
1763545396119,-100,-79,-100,-81,-54,-65,-100,-70,-100,-53,-100
1763545396144,-100,-79,-100,-81,-54,-65,-100,-70,-100,-53,-100
1763545396169,-100,-79,-100,-81,-54,-65,-100,-70,-100,-53,-100
1763545396197,-100,-79,-100,-81,-54,-65,-100,-70,-100,-53,-100
1763545396222,-100,-79,-100,-81,-54,-65,-100,-70,-100,-53,-100
1763545396247,-100,-79,-100,-81,-54,-65,-100,-70,-100,-53,-100
1763545396272,-100,-79,-100,-81,-54,-65,-100,-70,-100,-53,-100
1763545396297,-100,-79,-100,-81,-54,-65,-100,-70,-100,-53,-100
1763545396322,-100,-79,-100,-81,-54,-65,-100,-70,-100,-53,-100
1763545396349,-100,-79,-100,-81,-54,-65,-100,-70,-100,-53,-100
1763545396374,-100,-79,-100,-81,-54,-65,-100,-70,-100,-53,-100
1763545396400,-100,-79,-100,-81,-54,-65,-100,-70,-100,-53,-100
1763545396425,-100,-79,-100,-81,-54,-65,-100,-70,-100,-53,-100
1763545396450,-100,-79,-100,-81,-54,-65,-100,-70,-100,-53,-100
1763545396475,-100,-79,-100,-81,-54,-65,-100,-70,-100,-53,-100
1763545396501,-100,-79,-100,-81,-54,-65,-100,-70,-100,-53,-100
1763545396526,-100,-79,-100,-81,-54,-65,-100,-70,-100,-53,-100
1763545396551,-100,-81,-100,-81,-59,-68,-100,-69,-100,-57,-100
1763545396576,-100,-81,-100,-81,-59,-68,-100,-69,-100,-57,-100
1763545396602,-100,-81,-100,-81,-59,-68,-100,-69,-100,-57,-100
1763545396627,-100,-81,-100,-81,-59,-68,-100,-69,-100,-57,-100
1763545396652,-100,-81,-100,-81,-59,-68,-100,-69,-100,-57,-100
1763545396677,-100,-81,-100,-81,-59,-68,-100,-69,-100,-57,-100
1763545396702,-100,-81,-100,-81,-59,-68,-100,-69,-100,-57,-100
1763545396728,-100,-81,-100,-81,-59,-68,-100,-69,-100,-57,-100
1763545396753,-100,-81,-100,-81,-59,-68,-100,-69,-100,-57,-100
1763545396778,-100,-81,-100,-81,-59,-68,-100,-69,-100,-57,-100
1763545396804,-100,-81,-100,-81,-59,-68,-100,-69,-100,-57,-100
1763545396829,-100,-81,-100,-81,-59,-68,-100,-69,-100,-57,-100
1763545396855,-100,-81,-100,-81,-59,-68,-100,-69,-100,-57,-100
1763545396881,-100,-81,-100,-81,-59,-68,-100,-69,-100,-57,-100
1763545396906,-100,-81,-100,-81,-59,-68,-100,-69,-100,-57,-100
1763545396931,-100,-81,-100,-81,-59,-68,-100,-69,-100,-57,-100
1763545396956,-100,-81,-100,-81,-59,-68,-100,-69,-100,-57,-100
1763545396982,-100,-81,-100,-81,-59,-68,-100,-69,-100,-57,-100
1763545397007,-100,-81,-100,-81,-59,-68,-100,-69,-100,-57,-100
1763545397032,-100,-81,-100,-81,-59,-68,-100,-69,-100,-57,-100
1763545397057,-100,-82,-100,-81,-58,-70,-100,-70,-100,-61,-100
1763545397082,-100,-82,-100,-81,-58,-70,-100,-70,-100,-61,-100
1763545397107,-100,-82,-100,-81,-58,-70,-100,-70,-100,-61,-100
1763545397132,-100,-82,-100,-81,-58,-70,-100,-70,-100,-61,-100
1763545397157,-100,-82,-100,-81,-58,-70,-100,-70,-100,-61,-100
1763545397182,-100,-82,-100,-81,-58,-70,-100,-70,-100,-61,-100
1763545397207,-100,-82,-100,-81,-58,-70,-100,-70,-100,-61,-100
1763545397233,-100,-82,-100,-81,-58,-70,-100,-70,-100,-61,-100
1763545397259,-100,-82,-100,-81,-58,-70,-100,-70,-100,-61,-100
1763545397284,-100,-82,-100,-81,-58,-70,-100,-70,-100,-61,-100
1763545397309,-100,-82,-100,-81,-58,-70,-100,-70,-100,-61,-100
1763545397335,-100,-82,-100,-81,-58,-70,-100,-70,-100,-61,-100
1763545397361,-100,-82,-100,-81,-58,-70,-100,-70,-100,-61,-100
1763545397386,-100,-82,-100,-81,-58,-70,-100,-70,-100,-61,-100
1763545397411,-100,-82,-100,-81,-58,-70,-100,-70,-100,-61,-100
1763545397437,-100,-82,-100,-81,-58,-70,-100,-70,-100,-61,-100
1763545397462,-100,-82,-100,-81,-58,-70,-100,-70,-100,-61,-100
1763545397487,-100,-82,-100,-81,-58,-70,-100,-70,-100,-61,-100
1763545397512,-100,-82,-100,-81,-58,-70,-100,-70,-100,-61,-100
1763545397539,-100,-82,-100,-80,-55,-70,-100,-71,-100,-65,-100
1763545397563,-100,-82,-100,-80,-55,-70,-100,-71,-100,-65,-100
1763545397588,-100,-82,-100,-80,-55,-70,-100,-71,-100,-65,-100
1763545397613,-100,-82,-100,-80,-55,-70,-100,-71,-100,-65,-100
1763545397638,-100,-82,-100,-80,-55,-70,-100,-71,-100,-65,-100
1763545397663,-100,-82,-100,-80,-55,-70,-100,-71,-100,-65,-100
1763545397688,-100,-82,-100,-80,-55,-70,-100,-71,-100,-65,-100
1763545397714,-100,-82,-100,-80,-55,-70,-100,-71,-100,-65,-100
1763545397739,-100,-82,-100,-80,-55,-70,-100,-71,-100,-65,-100
1763545397764,-100,-82,-100,-80,-55,-70,-100,-71,-100,-65,-100
1763545397789,-100,-82,-100,-80,-55,-70,-100,-71,-100,-65,-100
1763545397814,-100,-82,-100,-80,-55,-70,-100,-71,-100,-65,-100
1763545397839,-100,-82,-100,-80,-55,-70,-100,-71,-100,-65,-100
1763545397864,-100,-82,-100,-80,-55,-70,-100,-71,-100,-65,-100
1763545397889,-100,-82,-100,-80,-55,-70,-100,-71,-100,-65,-100
1763545397914,-100,-82,-100,-80,-55,-70,-100,-71,-100,-65,-100
1763545397939,-100,-82,-100,-80,-55,-70,-100,-71,-100,-65,-100
1763545397965,-100,-82,-100,-80,-55,-70,-100,-71,-100,-65,-100
1763545397990,-100,-82,-100,-80,-55,-70,-100,-71,-100,-65,-100
1763545398015,-100,-82,-100,-80,-55,-70,-100,-71,-100,-65,-100
1763545398040,-100,-100,-100,-79,-57,-72,-100,-67,-100,-65,-100
1763545398065,-100,-100,-100,-79,-57,-72,-100,-67,-100,-65,-100
1763545398090,-100,-100,-100,-79,-57,-72,-100,-67,-100,-65,-100
1763545398115,-100,-100,-100,-79,-57,-72,-100,-67,-100,-65,-100
1763545398140,-100,-100,-100,-79,-57,-72,-100,-67,-100,-65,-100
1763545398167,-100,-100,-100,-79,-57,-72,-100,-67,-100,-65,-100
1763545398191,-100,-100,-100,-79,-57,-72,-100,-67,-100,-65,-100
1763545398216,-100,-100,-100,-79,-57,-72,-100,-67,-100,-65,-100
1763545398241,-100,-100,-100,-79,-57,-72,-100,-67,-100,-65,-100
1763545398266,-100,-100,-100,-79,-57,-72,-100,-67,-100,-65,-100
1763545398291,-100,-100,-100,-79,-57,-72,-100,-67,-100,-65,-100
1763545398316,-100,-100,-100,-79,-57,-72,-100,-67,-100,-65,-100
1763545398341,-100,-100,-100,-79,-57,-72,-100,-67,-100,-65,-100
1763545398366,-100,-100,-100,-79,-57,-72,-100,-67,-100,-65,-100
1763545398391,-100,-100,-100,-79,-57,-72,-100,-67,-100,-65,-100
1763545398416,-100,-100,-100,-79,-57,-72,-100,-67,-100,-65,-100
1763545398441,-100,-100,-100,-79,-57,-72,-100,-67,-100,-65,-100
1763545398467,-100,-100,-100,-79,-57,-72,-100,-67,-100,-65,-100
1763545398493,-100,-100,-100,-79,-57,-72,-100,-67,-100,-65,-100
1763545398518,-100,-100,-100,-79,-57,-72,-100,-67,-100,-65,-100
1763545398543,-100,-85,-100,-79,-59,-72,-100,-65,-100,-66,-100
1763545398568,-100,-85,-100,-79,-59,-72,-100,-65,-100,-66,-100
1763545398593,-100,-85,-100,-79,-59,-72,-100,-65,-100,-66,-100
1763545398618,-100,-85,-100,-79,-59,-72,-100,-65,-100,-66,-100
1763545398643,-100,-85,-100,-79,-59,-72,-100,-65,-100,-66,-100
1763545398668,-100,-85,-100,-79,-59,-72,-100,-65,-100,-66,-100
1763545398693,-100,-85,-100,-79,-59,-72,-100,-65,-100,-66,-100
1763545398719,-100,-85,-100,-79,-59,-72,-100,-65,-100,-66,-100
1763545398744,-100,-85,-100,-79,-59,-72,-100,-65,-100,-66,-100
1763545398769,-100,-85,-100,-79,-59,-72,-100,-65,-100,-66,-100
1763545398794,-100,-85,-100,-79,-59,-72,-100,-65,-100,-66,-100
1763545398820,-100,-85,-100,-79,-59,-72,-100,-65,-100,-66,-100
1763545398845,-100,-85,-100,-79,-59,-72,-100,-65,-100,-66,-100
1763545398871,-100,-85,-100,-79,-59,-72,-100,-65,-100,-66,-100
1763545398896,-100,-85,-100,-79,-59,-72,-100,-65,-100,-66,-100
1763545398921,-100,-85,-100,-79,-59,-72,-100,-65,-100,-66,-100
1763545398947,-100,-85,-100,-79,-59,-72,-100,-65,-100,-66,-100
1763545398973,-100,-85,-100,-79,-59,-72,-100,-65,-100,-66,-100
1763545398998,-100,-85,-100,-79,-59,-72,-100,-65,-100,-66,-100
1763545399023,-100,-85,-100,-79,-59,-72,-100,-65,-100,-66,-100
1763545399048,-100,-85,-100,-78,-57,-75,-100,-66,-100,-69,-100
1763545399073,-100,-85,-100,-78,-57,-75,-100,-66,-100,-69,-100
1763545399098,-100,-85,-100,-78,-57,-75,-100,-66,-100,-69,-100
1763545399123,-100,-85,-100,-78,-57,-75,-100,-66,-100,-69,-100
1763545399149,-100,-85,-100,-78,-57,-75,-100,-66,-100,-69,-100
1763545399175,-100,-85,-100,-78,-57,-75,-100,-66,-100,-69,-100
1763545399200,-100,-85,-100,-78,-57,-75,-100,-66,-100,-69,-100
1763545399226,-100,-85,-100,-78,-57,-75,-100,-66,-100,-69,-100
1763545399251,-100,-85,-100,-78,-57,-75,-100,-66,-100,-69,-100
1763545399277,-100,-85,-100,-78,-57,-75,-100,-66,-100,-69,-100
1763545399303,-100,-85,-100,-78,-57,-75,-100,-66,-100,-69,-100
1763545399329,-100,-85,-100,-78,-57,-75,-100,-66,-100,-69,-100
1763545399354,-100,-85,-100,-78,-57,-75,-100,-66,-100,-69,-100
1763545399379,-100,-85,-100,-78,-57,-75,-100,-66,-100,-69,-100
1763545399404,-100,-85,-100,-78,-57,-75,-100,-66,-100,-69,-100
1763545399430,-100,-85,-100,-78,-57,-75,-100,-66,-100,-69,-100
1763545399455,-100,-85,-100,-78,-57,-75,-100,-66,-100,-69,-100
1763545399481,-100,-85,-100,-78,-57,-75,-100,-66,-100,-69,-100
1763545399506,-100,-85,-100,-78,-57,-75,-100,-66,-100,-69,-100
1763545399531,-100,-85,-100,-78,-57,-75,-100,-66,-100,-69,-100
1763545399556,-100,-100,-100,-78,-57,-75,-100,-67,-100,-70,-100
1763545399581,-100,-100,-100,-78,-57,-75,-100,-67,-100,-70,-100
1763545399606,-100,-100,-100,-78,-57,-75,-100,-67,-100,-70,-100
1763545399631,-100,-100,-100,-78,-57,-75,-100,-67,-100,-70,-100
1763545399657,-100,-100,-100,-78,-57,-75,-100,-67,-100,-70,-100
1763545399682,-100,-100,-100,-78,-57,-75,-100,-67,-100,-70,-100
1763545399707,-100,-100,-100,-78,-57,-75,-100,-67,-100,-70,-100
1763545399733,-100,-100,-100,-78,-57,-75,-100,-67,-100,-70,-100
1763545399759,-100,-100,-100,-78,-57,-75,-100,-67,-100,-70,-100
1763545399784,-100,-100,-100,-78,-57,-75,-100,-67,-100,-70,-100
1763545399809,-100,-100,-100,-78,-57,-75,-100,-67,-100,-70,-100
1763545399835,-100,-100,-100,-78,-57,-75,-100,-67,-100,-70,-100
1763545399861,-100,-100,-100,-78,-57,-75,-100,-67,-100,-70,-100
1763545399887,-100,-100,-100,-78,-57,-75,-100,-67,-100,-70,-100
1763545399912,-100,-100,-100,-78,-57,-75,-100,-67,-100,-70,-100
1763545399937,-100,-100,-100,-78,-57,-75,-100,-67,-100,-70,-100
1763545399962,-100,-100,-100,-78,-57,-75,-100,-67,-100,-70,-100
1763545399987,-100,-100,-100,-78,-57,-75,-100,-67,-100,-70,-100
1763545400012,-100,-100,-100,-78,-57,-75,-100,-67,-100,-70,-100
1763545400037,-100,-100,-100,-78,-57,-75,-100,-67,-100,-70,-100
1763545400062,-100,-100,-100,-79,-56,-74,-100,-64,-100,-70,-100
1763545400087,-100,-100,-100,-79,-56,-74,-100,-64,-100,-70,-100
1763545400112,-100,-100,-100,-79,-56,-74,-100,-64,-100,-70,-100
1763545400137,-100,-100,-100,-79,-56,-74,-100,-64,-100,-70,-100
1763545400162,-100,-100,-100,-79,-56,-74,-100,-64,-100,-70,-100
1763545400187,-100,-100,-100,-79,-56,-74,-100,-64,-100,-70,-100
1763545400212,-100,-100,-100,-79,-56,-74,-100,-64,-100,-70,-100
1763545400238,-100,-100,-100,-79,-56,-74,-100,-64,-100,-70,-100
1763545400264,-100,-100,-100,-79,-56,-74,-100,-64,-100,-70,-100
1763545400290,-100,-100,-100,-79,-56,-74,-100,-64,-100,-70,-100
1763545400316,-100,-100,-100,-79,-56,-74,-100,-64,-100,-70,-100
1763545400342,-100,-100,-100,-79,-56,-74,-100,-64,-100,-70,-100
1763545400368,-100,-100,-100,-79,-56,-74,-100,-64,-100,-70,-100
1763545400393,-100,-100,-100,-79,-56,-74,-100,-64,-100,-70,-100
1763545400418,-100,-100,-100,-79,-56,-74,-100,-64,-100,-70,-100
1763545400444,-100,-100,-100,-79,-56,-74,-100,-64,-100,-70,-100
1763545400469,-100,-100,-100,-79,-56,-74,-100,-64,-100,-70,-100
1763545400494,-100,-100,-100,-79,-56,-74,-100,-64,-100,-70,-100
1763545400519,-100,-100,-100,-79,-56,-74,-100,-64,-100,-70,-100
1763545400544,-100,-100,-100,-82,-57,-75,-100,-63,-100,-71,-100
1763545400570,-100,-100,-100,-82,-57,-75,-100,-63,-100,-71,-100
1763545400595,-100,-100,-100,-82,-57,-75,-100,-63,-100,-71,-100
1763545400620,-100,-100,-100,-82,-57,-75,-100,-63,-100,-71,-100
1763545400645,-100,-100,-100,-82,-57,-75,-100,-63,-100,-71,-100
1763545400670,-100,-100,-100,-82,-57,-75,-100,-63,-100,-71,-100
1763545400695,-100,-100,-100,-82,-57,-75,-100,-63,-100,-71,-100
1763545400720,-100,-100,-100,-82,-57,-75,-100,-63,-100,-71,-100
1763545400745,-100,-100,-100,-82,-57,-75,-100,-63,-100,-71,-100
1763545400770,-100,-100,-100,-82,-57,-75,-100,-63,-100,-71,-100
1763545400795,-100,-100,-100,-82,-57,-75,-100,-63,-100,-71,-100
1763545400821,-100,-100,-100,-82,-57,-75,-100,-63,-100,-71,-100
1763545400846,-100,-100,-100,-82,-57,-75,-100,-63,-100,-71,-100
1763545400871,-100,-100,-100,-82,-57,-75,-100,-63,-100,-71,-100
1763545400896,-100,-100,-100,-82,-57,-75,-100,-63,-100,-71,-100
1763545400921,-100,-100,-100,-82,-57,-75,-100,-63,-100,-71,-100
1763545400947,-100,-100,-100,-82,-57,-75,-100,-63,-100,-71,-100
1763545400972,-100,-100,-100,-82,-57,-75,-100,-63,-100,-71,-100
1763545400997,-100,-100,-100,-82,-57,-75,-100,-63,-100,-71,-100
1763545401022,-100,-100,-100,-82,-57,-75,-100,-63,-100,-71,-100
1763545401048,-100,-100,-100,-100,-58,-75,-100,-66,-100,-72,-100
1763545401073,-100,-100,-100,-100,-58,-75,-100,-66,-100,-72,-100
1763545401099,-100,-100,-100,-100,-58,-75,-100,-66,-100,-72,-100
1763545401123,-100,-100,-100,-100,-58,-75,-100,-66,-100,-72,-100
1763545401149,-100,-100,-100,-100,-58,-75,-100,-66,-100,-72,-100
1763545401174,-100,-100,-100,-100,-58,-75,-100,-66,-100,-72,-100
1763545401199,-100,-100,-100,-100,-58,-75,-100,-66,-100,-72,-100
1763545401224,-100,-100,-100,-100,-58,-75,-100,-66,-100,-72,-100
1763545401250,-100,-100,-100,-100,-58,-75,-100,-66,-100,-72,-100
1763545401275,-100,-100,-100,-100,-58,-75,-100,-66,-100,-72,-100
1763545401300,-100,-100,-100,-100,-58,-75,-100,-66,-100,-72,-100
1763545401325,-100,-100,-100,-100,-58,-75,-100,-66,-100,-72,-100
1763545401350,-100,-100,-100,-100,-58,-75,-100,-66,-100,-72,-100
1763545401375,-100,-100,-100,-100,-58,-75,-100,-66,-100,-72,-100
1763545401400,-100,-100,-100,-100,-58,-75,-100,-66,-100,-72,-100
1763545401425,-100,-100,-100,-100,-58,-75,-100,-66,-100,-72,-100
1763545401450,-100,-100,-100,-100,-58,-75,-100,-66,-100,-72,-100
1763545401476,-100,-100,-100,-100,-58,-75,-100,-66,-100,-72,-100
1763545401502,-100,-100,-100,-100,-58,-75,-100,-66,-100,-72,-100
1763545401527,-100,-100,-100,-100,-58,-75,-100,-66,-100,-72,-100
1763545401553,-100,-100,-100,-100,-58,-76,-100,-69,-100,-73,-100
1763545401578,-100,-100,-100,-100,-58,-76,-100,-69,-100,-73,-100
1763545401606,-100,-100,-100,-100,-58,-76,-100,-69,-100,-73,-100
1763545401631,-100,-100,-100,-100,-58,-76,-100,-69,-100,-73,-100
1763545401656,-100,-100,-100,-100,-58,-76,-100,-69,-100,-73,-100
1763545401682,-100,-100,-100,-100,-58,-76,-100,-69,-100,-73,-100
1763545401708,-100,-100,-100,-100,-58,-76,-100,-69,-100,-73,-100
1763545401734,-100,-100,-100,-100,-58,-76,-100,-69,-100,-73,-100
1763545401759,-100,-100,-100,-100,-58,-76,-100,-69,-100,-73,-100
1763545401784,-100,-100,-100,-100,-58,-76,-100,-69,-100,-73,-100
1763545401809,-100,-100,-100,-100,-58,-76,-100,-69,-100,-73,-100
1763545401835,-100,-100,-100,-100,-58,-76,-100,-69,-100,-73,-100
1763545401860,-100,-100,-100,-100,-58,-76,-100,-69,-100,-73,-100
1763545401885,-100,-100,-100,-100,-58,-76,-100,-69,-100,-73,-100
1763545401911,-100,-100,-100,-100,-58,-76,-100,-69,-100,-73,-100
1763545401936,-100,-100,-100,-100,-58,-76,-100,-69,-100,-73,-100
1763545401961,-100,-100,-100,-100,-58,-76,-100,-69,-100,-73,-100
1763545401986,-100,-100,-100,-100,-58,-76,-100,-69,-100,-73,-100
1763545402011,-100,-100,-100,-100,-58,-76,-100,-69,-100,-73,-100
1763545402036,-100,-100,-100,-100,-58,-76,-100,-69,-100,-73,-100
1763545402061,-100,-100,-100,-82,-56,-77,-100,-69,-100,-73,-100
1763545402087,-100,-100,-100,-82,-56,-77,-100,-69,-100,-73,-100
1763545402112,-100,-100,-100,-82,-56,-77,-100,-69,-100,-73,-100
1763545402137,-100,-100,-100,-82,-56,-77,-100,-69,-100,-73,-100
1763545402162,-100,-100,-100,-82,-56,-77,-100,-69,-100,-73,-100
1763545402187,-100,-100,-100,-82,-56,-77,-100,-69,-100,-73,-100
1763545402212,-100,-100,-100,-82,-56,-77,-100,-69,-100,-73,-100
1763545402237,-100,-100,-100,-82,-56,-77,-100,-69,-100,-73,-100
1763545402262,-100,-100,-100,-82,-56,-77,-100,-69,-100,-73,-100
1763545402287,-100,-100,-100,-82,-56,-77,-100,-69,-100,-73,-100
1763545402312,-100,-100,-100,-82,-56,-77,-100,-69,-100,-73,-100
1763545402337,-100,-100,-100,-82,-56,-77,-100,-69,-100,-73,-100
1763545402362,-100,-100,-100,-82,-56,-77,-100,-69,-100,-73,-100
1763545402387,-100,-100,-100,-82,-56,-77,-100,-69,-100,-73,-100
1763545402412,-100,-100,-100,-82,-56,-77,-100,-69,-100,-73,-100
1763545402437,-100,-100,-100,-82,-56,-77,-100,-69,-100,-73,-100
1763545402462,-100,-100,-100,-82,-56,-77,-100,-69,-100,-73,-100
1763545402487,-100,-100,-100,-82,-56,-77,-100,-69,-100,-73,-100
1763545402512,-100,-100,-100,-82,-56,-77,-100,-69,-100,-73,-100
1763545402537,-100,-100,-100,-82,-56,-77,-100,-69,-100,-73,-100
1763545402563,-100,-100,-100,-79,-55,-78,-100,-66,-100,-72,-100
1763545402587,-100,-100,-100,-79,-55,-78,-100,-66,-100,-72,-100
1763545402612,-100,-100,-100,-79,-55,-78,-100,-66,-100,-72,-100
1763545402637,-100,-100,-100,-79,-55,-78,-100,-66,-100,-72,-100
1763545402662,-100,-100,-100,-79,-55,-78,-100,-66,-100,-72,-100
1763545402687,-100,-100,-100,-79,-55,-78,-100,-66,-100,-72,-100
1763545402712,-100,-100,-100,-79,-55,-78,-100,-66,-100,-72,-100
1763545402738,-100,-100,-100,-79,-55,-78,-100,-66,-100,-72,-100
1763545402763,-100,-100,-100,-79,-55,-78,-100,-66,-100,-72,-100
1763545402788,-100,-100,-100,-79,-55,-78,-100,-66,-100,-72,-100
1763545402813,-100,-100,-100,-79,-55,-78,-100,-66,-100,-72,-100
1763545402838,-100,-100,-100,-79,-55,-78,-100,-66,-100,-72,-100
1763545402863,-100,-100,-100,-79,-55,-78,-100,-66,-100,-72,-100
1763545402888,-100,-100,-100,-79,-55,-78,-100,-66,-100,-72,-100
1763545402913,-100,-100,-100,-79,-55,-78,-100,-66,-100,-72,-100
1763545402938,-100,-100,-100,-79,-55,-78,-100,-66,-100,-72,-100
1763545402963,-100,-100,-100,-79,-55,-78,-100,-66,-100,-72,-100
1763545402988,-100,-100,-100,-79,-55,-78,-100,-66,-100,-72,-100
1763545403013,-100,-100,-100,-79,-55,-78,-100,-66,-100,-72,-100
1763545403038,-100,-100,-100,-79,-55,-78,-100,-66,-100,-72,-100
1763545403063,-100,-100,-100,-79,-52,-77,-100,-65,-100,-72,-100
1763545403088,-100,-100,-100,-79,-52,-77,-100,-65,-100,-72,-100
1763545403113,-100,-100,-100,-79,-52,-77,-100,-65,-100,-72,-100
1763545403138,-100,-100,-100,-79,-52,-77,-100,-65,-100,-72,-100
1763545403163,-100,-100,-100,-79,-52,-77,-100,-65,-100,-72,-100
1763545403188,-100,-100,-100,-79,-52,-77,-100,-65,-100,-72,-100
1763545403214,-100,-100,-100,-79,-52,-77,-100,-65,-100,-72,-100
1763545403239,-100,-100,-100,-79,-52,-77,-100,-65,-100,-72,-100
1763545403264,-100,-100,-100,-79,-52,-77,-100,-65,-100,-72,-100
1763545403289,-100,-100,-100,-79,-52,-77,-100,-65,-100,-72,-100
1763545403314,-100,-100,-100,-79,-52,-77,-100,-65,-100,-72,-100
1763545403339,-100,-100,-100,-79,-52,-77,-100,-65,-100,-72,-100
1763545403365,-100,-100,-100,-79,-52,-77,-100,-65,-100,-72,-100
1763545403391,-100,-100,-100,-79,-52,-77,-100,-65,-100,-72,-100
1763545403417,-100,-100,-100,-79,-52,-77,-100,-65,-100,-72,-100
1763545403443,-100,-100,-100,-79,-52,-77,-100,-65,-100,-72,-100
1763545403468,-100,-100,-100,-79,-52,-77,-100,-65,-100,-72,-100
1763545403493,-100,-100,-100,-79,-52,-77,-100,-65,-100,-72,-100
1763545403519,-100,-100,-100,-79,-52,-77,-100,-65,-100,-72,-100
1763545403544,-100,-100,-100,-100,-53,-77,-100,-68,-100,-74,-100
1763545403569,-100,-100,-100,-100,-53,-77,-100,-68,-100,-74,-100
1763545403594,-100,-100,-100,-100,-53,-77,-100,-68,-100,-74,-100
1763545403619,-100,-100,-100,-100,-53,-77,-100,-68,-100,-74,-100
1763545403644,-100,-100,-100,-100,-53,-77,-100,-68,-100,-74,-100
1763545403669,-100,-100,-100,-100,-53,-77,-100,-68,-100,-74,-100
1763545403694,-100,-100,-100,-100,-53,-77,-100,-68,-100,-74,-100
1763545403719,-100,-100,-100,-100,-53,-77,-100,-68,-100,-74,-100
1763545403745,-100,-100,-100,-100,-53,-77,-100,-68,-100,-74,-100
1763545403770,-100,-100,-100,-100,-53,-77,-100,-68,-100,-74,-100
1763545403795,-100,-100,-100,-100,-53,-77,-100,-68,-100,-74,-100
1763545403820,-100,-100,-100,-100,-53,-77,-100,-68,-100,-74,-100
1763545403845,-100,-100,-100,-100,-53,-77,-100,-68,-100,-74,-100
1763545403870,-100,-100,-100,-100,-53,-77,-100,-68,-100,-74,-100
1763545403896,-100,-100,-100,-100,-53,-77,-100,-68,-100,-74,-100
1763545403921,-100,-100,-100,-100,-53,-77,-100,-68,-100,-74,-100
1763545403946,-100,-100,-100,-100,-53,-77,-100,-68,-100,-74,-100
1763545403971,-100,-100,-100,-100,-53,-77,-100,-68,-100,-74,-100
1763545403996,-100,-100,-100,-100,-53,-77,-100,-68,-100,-74,-100
1763545404021,-100,-100,-100,-100,-53,-77,-100,-68,-100,-74,-100
1763545404046,-100,-100,-100,-100,-55,-78,-100,-68,-100,-77,-100
1763545404072,-100,-100,-100,-100,-55,-78,-100,-68,-100,-77,-100
1763545404098,-100,-100,-100,-100,-55,-78,-100,-68,-100,-77,-100
1763545404123,-100,-100,-100,-100,-55,-78,-100,-68,-100,-77,-100
1763545404148,-100,-100,-100,-100,-55,-78,-100,-68,-100,-77,-100
1763545404173,-100,-100,-100,-100,-55,-78,-100,-68,-100,-77,-100
1763545404198,-100,-100,-100,-100,-55,-78,-100,-68,-100,-77,-100
1763545404223,-100,-100,-100,-100,-55,-78,-100,-68,-100,-77,-100
1763545404250,-100,-100,-100,-100,-55,-78,-100,-68,-100,-77,-100
1763545404275,-100,-100,-100,-100,-55,-78,-100,-68,-100,-77,-100
1763545404300,-100,-100,-100,-100,-55,-78,-100,-68,-100,-77,-100
1763545404325,-100,-100,-100,-100,-55,-78,-100,-68,-100,-77,-100
1763545404350,-100,-100,-100,-100,-55,-78,-100,-68,-100,-77,-100
1763545404375,-100,-100,-100,-100,-55,-78,-100,-68,-100,-77,-100
1763545404400,-100,-100,-100,-100,-55,-78,-100,-68,-100,-77,-100
1763545404425,-100,-100,-100,-100,-55,-78,-100,-68,-100,-77,-100
1763545404450,-100,-100,-100,-100,-55,-78,-100,-68,-100,-77,-100
1763545404475,-100,-100,-100,-100,-55,-78,-100,-68,-100,-77,-100
1763545404500,-100,-100,-100,-100,-55,-78,-100,-68,-100,-77,-100
1763545404525,-100,-100,-100,-100,-55,-78,-100,-68,-100,-77,-100
1763545404551,-100,-100,-100,-100,-52,-79,-100,-67,-100,-77,-100
1763545404576,-100,-100,-100,-100,-52,-79,-100,-67,-100,-77,-100
1763545404601,-100,-100,-100,-100,-52,-79,-100,-67,-100,-77,-100
1763545404627,-100,-100,-100,-100,-52,-79,-100,-67,-100,-77,-100
1763545404651,-100,-100,-100,-100,-52,-79,-100,-67,-100,-77,-100
1763545404676,-100,-100,-100,-100,-52,-79,-100,-67,-100,-77,-100
1763545404702,-100,-100,-100,-100,-52,-79,-100,-67,-100,-77,-100
1763545404728,-100,-100,-100,-100,-52,-79,-100,-67,-100,-77,-100
1763545404754,-100,-100,-100,-100,-52,-79,-100,-67,-100,-77,-100
1763545404779,-100,-100,-100,-100,-52,-79,-100,-67,-100,-77,-100
1763545404804,-100,-100,-100,-100,-52,-79,-100,-67,-100,-77,-100
1763545404830,-100,-100,-100,-100,-52,-79,-100,-67,-100,-77,-100
1763545404855,-100,-100,-100,-100,-52,-79,-100,-67,-100,-77,-100
1763545404880,-100,-100,-100,-100,-52,-79,-100,-67,-100,-77,-100
1763545404905,-100,-100,-100,-100,-52,-79,-100,-67,-100,-77,-100
1763545404930,-100,-100,-100,-100,-52,-79,-100,-67,-100,-77,-100
1763545404956,-100,-100,-100,-100,-52,-79,-100,-67,-100,-77,-100
1763545404982,-100,-100,-100,-100,-52,-79,-100,-67,-100,-77,-100
1763545405007,-100,-100,-100,-100,-52,-79,-100,-67,-100,-77,-100
1763545405032,-100,-100,-100,-100,-52,-79,-100,-67,-100,-77,-100
1763545405057,-100,-100,-100,-100,-51,-100,-100,-64,-100,-77,-100
1763545405082,-100,-100,-100,-100,-51,-100,-100,-64,-100,-77,-100
1763545405108,-100,-100,-100,-100,-51,-100,-100,-64,-100,-77,-100
1763545405133,-100,-100,-100,-100,-51,-100,-100,-64,-100,-77,-100
1763545405159,-100,-100,-100,-100,-51,-100,-100,-64,-100,-77,-100
1763545405185,-100,-100,-100,-100,-51,-100,-100,-64,-100,-77,-100
1763545405210,-100,-100,-100,-100,-51,-100,-100,-64,-100,-77,-100
1763545405235,-100,-100,-100,-100,-51,-100,-100,-64,-100,-77,-100
1763545405260,-100,-100,-100,-100,-51,-100,-100,-64,-100,-77,-100
1763545405286,-100,-100,-100,-100,-51,-100,-100,-64,-100,-77,-100
1763545405311,-100,-100,-100,-100,-51,-100,-100,-64,-100,-77,-100
1763545405336,-100,-100,-100,-100,-51,-100,-100,-64,-100,-77,-100
1763545405362,-100,-100,-100,-100,-51,-100,-100,-64,-100,-77,-100
1763545405387,-100,-100,-100,-100,-51,-100,-100,-64,-100,-77,-100
1763545405412,-100,-100,-100,-100,-51,-100,-100,-64,-100,-77,-100
1763545405437,-100,-100,-100,-100,-51,-100,-100,-64,-100,-77,-100
1763545405462,-100,-100,-100,-100,-51,-100,-100,-64,-100,-77,-100
1763545405487,-100,-100,-100,-100,-51,-100,-100,-64,-100,-77,-100
1763545405512,-100,-100,-100,-100,-51,-100,-100,-64,-100,-77,-100
1763545405538,-100,-100,-100,-100,-51,-100,-100,-64,-100,-77,-100
1763545405562,-100,-100,-100,-100,-51,-100,-100,-63,-100,-78,-100
1763545405587,-100,-100,-100,-100,-51,-100,-100,-63,-100,-78,-100
1763545405612,-100,-100,-100,-100,-51,-100,-100,-63,-100,-78,-100
1763545405637,-100,-100,-100,-100,-51,-100,-100,-63,-100,-78,-100
1763545405662,-100,-100,-100,-100,-51,-100,-100,-63,-100,-78,-100
1763545405687,-100,-100,-100,-100,-51,-100,-100,-63,-100,-78,-100
1763545405713,-100,-100,-100,-100,-51,-100,-100,-63,-100,-78,-100
1763545405738,-100,-100,-100,-100,-51,-100,-100,-63,-100,-78,-100
1763545405763,-100,-100,-100,-100,-51,-100,-100,-63,-100,-78,-100
1763545405788,-100,-100,-100,-100,-51,-100,-100,-63,-100,-78,-100
1763545405813,-100,-100,-100,-100,-51,-100,-100,-63,-100,-78,-100
1763545405838,-100,-100,-100,-100,-51,-100,-100,-63,-100,-78,-100
1763545405863,-100,-100,-100,-100,-51,-100,-100,-63,-100,-78,-100
1763545405888,-100,-100,-100,-100,-51,-100,-100,-63,-100,-78,-100
1763545405913,-100,-100,-100,-100,-51,-100,-100,-63,-100,-78,-100
1763545405938,-100,-100,-100,-100,-51,-100,-100,-63,-100,-78,-100
1763545405963,-100,-100,-100,-100,-51,-100,-100,-63,-100,-78,-100
1763545405988,-100,-100,-100,-100,-51,-100,-100,-63,-100,-78,-100
1763545406013,-100,-100,-100,-100,-51,-100,-100,-63,-100,-78,-100
1763545406038,-100,-100,-100,-100,-51,-100,-100,-63,-100,-78,-100
1763545406064,-100,-100,-100,-100,-50,-100,-100,-65,-100,-77,-100
1763545406089,-100,-100,-100,-100,-50,-100,-100,-65,-100,-77,-100
1763545406114,-100,-100,-100,-100,-50,-100,-100,-65,-100,-77,-100
1763545406139,-100,-100,-100,-100,-50,-100,-100,-65,-100,-77,-100
1763545406164,-100,-100,-100,-100,-50,-100,-100,-65,-100,-77,-100
1763545406189,-100,-100,-100,-100,-50,-100,-100,-65,-100,-77,-100
1763545406214,-100,-100,-100,-100,-50,-100,-100,-65,-100,-77,-100
1763545406239,-100,-100,-100,-100,-50,-100,-100,-65,-100,-77,-100
1763545406265,-100,-100,-100,-100,-50,-100,-100,-65,-100,-77,-100
1763545406290,-100,-100,-100,-100,-50,-100,-100,-65,-100,-77,-100
1763545406316,-100,-100,-100,-100,-50,-100,-100,-65,-100,-77,-100
1763545406341,-100,-100,-100,-100,-50,-100,-100,-65,-100,-77,-100
1763545406366,-100,-100,-100,-100,-50,-100,-100,-65,-100,-77,-100
1763545406392,-100,-100,-100,-100,-50,-100,-100,-65,-100,-77,-100
1763545406418,-100,-100,-100,-100,-50,-100,-100,-65,-100,-77,-100
1763545406444,-100,-100,-100,-100,-50,-100,-100,-65,-100,-77,-100
1763545406469,-100,-100,-100,-100,-50,-100,-100,-65,-100,-77,-100
1763545406494,-100,-100,-100,-100,-50,-100,-100,-65,-100,-77,-100
1763545406519,-100,-100,-100,-100,-50,-100,-100,-65,-100,-77,-100
1763545406544,-100,-100,-100,-100,-50,-100,-100,-64,-100,-77,-100
1763545406569,-100,-100,-100,-100,-50,-100,-100,-64,-100,-77,-100
1763545406594,-100,-100,-100,-100,-50,-100,-100,-64,-100,-77,-100
1763545406620,-100,-100,-100,-100,-50,-100,-100,-64,-100,-77,-100
1763545406645,-100,-100,-100,-100,-50,-100,-100,-64,-100,-77,-100
1763545406671,-100,-100,-100,-100,-50,-100,-100,-64,-100,-77,-100
1763545406697,-100,-100,-100,-100,-50,-100,-100,-64,-100,-77,-100
1763545406721,-100,-100,-100,-100,-50,-100,-100,-64,-100,-77,-100
1763545406747,-100,-100,-100,-100,-50,-100,-100,-64,-100,-77,-100
1763545406773,-100,-100,-100,-100,-50,-100,-100,-64,-100,-77,-100
1763545406799,-100,-100,-100,-100,-50,-100,-100,-64,-100,-77,-100
1763545406824,-100,-100,-100,-100,-50,-100,-100,-64,-100,-77,-100
1763545406849,-100,-100,-100,-100,-50,-100,-100,-64,-100,-77,-100
1763545406876,-100,-100,-100,-100,-50,-100,-100,-64,-100,-77,-100
1763545406901,-100,-100,-100,-100,-50,-100,-100,-64,-100,-77,-100
1763545406926,-100,-100,-100,-100,-50,-100,-100,-64,-100,-77,-100
1763545406952,-100,-100,-100,-100,-50,-100,-100,-64,-100,-77,-100
1763545406977,-100,-100,-100,-100,-50,-100,-100,-64,-100,-77,-100
1763545407002,-100,-100,-100,-100,-50,-100,-100,-64,-100,-77,-100
1763545407028,-100,-100,-100,-100,-50,-100,-100,-64,-100,-77,-100
1763545407053,-100,-100,-100,-100,-53,-100,-100,-62,-100,-79,-100
1763545407078,-100,-100,-100,-100,-53,-100,-100,-62,-100,-79,-100
1763545407103,-100,-100,-100,-100,-53,-100,-100,-62,-100,-79,-100
1763545407128,-100,-100,-100,-100,-53,-100,-100,-62,-100,-79,-100
1763545407154,-100,-100,-100,-100,-53,-100,-100,-62,-100,-79,-100
1763545407180,-100,-100,-100,-100,-53,-100,-100,-62,-100,-79,-100
1763545407205,-100,-100,-100,-100,-53,-100,-100,-62,-100,-79,-100
1763545407231,-100,-100,-100,-100,-53,-100,-100,-62,-100,-79,-100
1763545407256,-100,-100,-100,-100,-53,-100,-100,-62,-100,-79,-100
1763545407281,-100,-100,-100,-100,-53,-100,-100,-62,-100,-79,-100
1763545407307,-100,-100,-100,-100,-53,-100,-100,-62,-100,-79,-100
1763545407333,-100,-100,-100,-100,-53,-100,-100,-62,-100,-79,-100
1763545407359,-100,-100,-100,-100,-53,-100,-100,-62,-100,-79,-100
1763545407384,-100,-100,-100,-100,-53,-100,-100,-62,-100,-79,-100
1763545407409,-100,-100,-100,-100,-53,-100,-100,-62,-100,-79,-100
1763545407435,-100,-100,-100,-100,-53,-100,-100,-62,-100,-79,-100
1763545407460,-100,-100,-100,-100,-53,-100,-100,-62,-100,-79,-100
1763545407485,-100,-100,-100,-100,-53,-100,-100,-62,-100,-79,-100
1763545407511,-100,-100,-100,-100,-53,-100,-100,-62,-100,-79,-100
1763545407537,-100,-100,-100,-100,-53,-100,-100,-62,-100,-79,-100
1763545407563,-100,-100,-100,-100,-55,-100,-100,-60,-100,-80,-100
1763545407587,-100,-100,-100,-100,-55,-100,-100,-60,-100,-80,-100
1763545407612,-100,-100,-100,-100,-55,-100,-100,-60,-100,-80,-100
1763545407638,-100,-100,-100,-100,-55,-100,-100,-60,-100,-80,-100
1763545407663,-100,-100,-100,-100,-55,-100,-100,-60,-100,-80,-100
1763545407689,-100,-100,-100,-100,-55,-100,-100,-60,-100,-80,-100
1763545407714,-100,-100,-100,-100,-55,-100,-100,-60,-100,-80,-100
1763545407739,-100,-100,-100,-100,-55,-100,-100,-60,-100,-80,-100
1763545407764,-100,-100,-100,-100,-55,-100,-100,-60,-100,-80,-100
1763545407790,-100,-100,-100,-100,-55,-100,-100,-60,-100,-80,-100
1763545407815,-100,-100,-100,-100,-55,-100,-100,-60,-100,-80,-100
1763545407839,-100,-100,-100,-100,-55,-100,-100,-60,-100,-80,-100
1763545407864,-100,-100,-100,-100,-55,-100,-100,-60,-100,-80,-100
1763545407889,-100,-100,-100,-100,-55,-100,-100,-60,-100,-80,-100
1763545407914,-100,-100,-100,-100,-55,-100,-100,-60,-100,-80,-100
1763545407940,-100,-100,-100,-100,-55,-100,-100,-60,-100,-80,-100
1763545407966,-100,-100,-100,-100,-55,-100,-100,-60,-100,-80,-100
1763545407991,-100,-100,-100,-100,-55,-100,-100,-60,-100,-80,-100
1763545408017,-100,-100,-100,-100,-55,-100,-100,-60,-100,-80,-100
1763545408042,-100,-100,-100,-100,-55,-100,-100,-60,-100,-80,-100
1763545408067,-100,-100,-100,-83,-53,-75,-100,-59,-100,-78,-100
1763545408093,-100,-100,-100,-83,-53,-75,-100,-59,-100,-78,-100
1763545408118,-100,-100,-100,-83,-53,-75,-100,-59,-100,-78,-100
1763545408143,-100,-100,-100,-83,-53,-75,-100,-59,-100,-78,-100
1763545408168,-100,-100,-100,-83,-53,-75,-100,-59,-100,-78,-100
1763545408193,-100,-100,-100,-83,-53,-75,-100,-59,-100,-78,-100
1763545408218,-100,-100,-100,-83,-53,-75,-100,-59,-100,-78,-100
1763545408243,-100,-100,-100,-83,-53,-75,-100,-59,-100,-78,-100
1763545408268,-100,-100,-100,-83,-53,-75,-100,-59,-100,-78,-100
1763545408293,-100,-100,-100,-83,-53,-75,-100,-59,-100,-78,-100
1763545408319,-100,-100,-100,-83,-53,-75,-100,-59,-100,-78,-100
1763545408345,-100,-100,-100,-83,-53,-75,-100,-59,-100,-78,-100
1763545408370,-100,-100,-100,-83,-53,-75,-100,-59,-100,-78,-100
1763545408395,-100,-100,-100,-83,-53,-75,-100,-59,-100,-78,-100
1763545408421,-100,-100,-100,-83,-53,-75,-100,-59,-100,-78,-100
1763545408445,-100,-100,-100,-83,-53,-75,-100,-59,-100,-78,-100
1763545408470,-100,-100,-100,-83,-53,-75,-100,-59,-100,-78,-100
1763545408495,-100,-100,-100,-83,-53,-75,-100,-59,-100,-78,-100
1763545408520,-100,-100,-100,-83,-53,-75,-100,-59,-100,-78,-100
1763545408545,-100,-100,-100,-83,-50,-80,-100,-57,-100,-78,-100
1763545408570,-100,-100,-100,-83,-50,-80,-100,-57,-100,-78,-100
1763545408596,-100,-100,-100,-83,-50,-80,-100,-57,-100,-78,-100
1763545408621,-100,-100,-100,-83,-50,-80,-100,-57,-100,-78,-100
1763545408646,-100,-100,-100,-83,-50,-80,-100,-57,-100,-78,-100
1763545408672,-100,-100,-100,-83,-50,-80,-100,-57,-100,-78,-100
1763545408697,-100,-100,-100,-83,-50,-80,-100,-57,-100,-78,-100
1763545408723,-100,-100,-100,-83,-50,-80,-100,-57,-100,-78,-100
1763545408748,-100,-100,-100,-83,-50,-80,-100,-57,-100,-78,-100
1763545408773,-100,-100,-100,-83,-50,-80,-100,-57,-100,-78,-100
1763545408798,-100,-100,-100,-83,-50,-80,-100,-57,-100,-78,-100
1763545408823,-100,-100,-100,-83,-50,-80,-100,-57,-100,-78,-100
1763545408849,-100,-100,-100,-83,-50,-80,-100,-57,-100,-78,-100
1763545408874,-100,-100,-100,-83,-50,-80,-100,-57,-100,-78,-100
1763545408899,-100,-100,-100,-83,-50,-80,-100,-57,-100,-78,-100
1763545408924,-100,-100,-100,-83,-50,-80,-100,-57,-100,-78,-100
1763545408949,-100,-100,-100,-83,-50,-80,-100,-57,-100,-78,-100
1763545408974,-100,-100,-100,-83,-50,-80,-100,-57,-100,-78,-100
1763545409000,-100,-100,-100,-83,-50,-80,-100,-57,-100,-78,-100
1763545409025,-100,-100,-100,-83,-50,-80,-100,-57,-100,-78,-100
1763545409050,-100,-100,-100,-83,-52,-83,-100,-56,-100,-77,-100
1763545409075,-100,-100,-100,-83,-52,-83,-100,-56,-100,-77,-100
1763545409101,-100,-100,-100,-83,-52,-83,-100,-56,-100,-77,-100
1763545409126,-100,-100,-100,-83,-52,-83,-100,-56,-100,-77,-100
1763545409151,-100,-100,-100,-83,-52,-83,-100,-56,-100,-77,-100
1763545409176,-100,-100,-100,-83,-52,-83,-100,-56,-100,-77,-100
1763545409202,-100,-100,-100,-83,-52,-83,-100,-56,-100,-77,-100
1763545409228,-100,-100,-100,-83,-52,-83,-100,-56,-100,-77,-100
1763545409253,-100,-100,-100,-83,-52,-83,-100,-56,-100,-77,-100
1763545409278,-100,-100,-100,-83,-52,-83,-100,-56,-100,-77,-100
1763545409303,-100,-100,-100,-83,-52,-83,-100,-56,-100,-77,-100
1763545409328,-100,-100,-100,-83,-52,-83,-100,-56,-100,-77,-100
1763545409353,-100,-100,-100,-83,-52,-83,-100,-56,-100,-77,-100
1763545409379,-100,-100,-100,-83,-52,-83,-100,-56,-100,-77,-100
1763545409404,-100,-100,-100,-83,-52,-83,-100,-56,-100,-77,-100
1763545409429,-100,-100,-100,-83,-52,-83,-100,-56,-100,-77,-100
1763545409454,-100,-100,-100,-83,-52,-83,-100,-56,-100,-77,-100
1763545409480,-100,-100,-100,-83,-52,-83,-100,-56,-100,-77,-100
1763545409505,-100,-100,-100,-83,-52,-83,-100,-56,-100,-77,-100
1763545409530,-100,-100,-100,-83,-52,-83,-100,-56,-100,-77,-100
1763545409556,-100,-100,-100,-100,-55,-82,-100,-54,-100,-77,-100
1763545409582,-100,-100,-100,-100,-55,-82,-100,-54,-100,-77,-100
1763545409607,-100,-100,-100,-100,-55,-82,-100,-54,-100,-77,-100
1763545409633,-100,-100,-100,-100,-55,-82,-100,-54,-100,-77,-100
1763545409658,-100,-100,-100,-100,-55,-82,-100,-54,-100,-77,-100
1763545409684,-100,-100,-100,-100,-55,-82,-100,-54,-100,-77,-100
1763545409710,-100,-100,-100,-100,-55,-82,-100,-54,-100,-77,-100
1763545409736,-100,-100,-100,-100,-55,-82,-100,-54,-100,-77,-100
1763545409761,-100,-100,-100,-100,-55,-82,-100,-54,-100,-77,-100
1763545409786,-100,-100,-100,-100,-55,-82,-100,-54,-100,-77,-100
1763545409811,-100,-100,-100,-100,-55,-82,-100,-54,-100,-77,-100
1763545409836,-100,-100,-100,-100,-55,-82,-100,-54,-100,-77,-100
1763545409862,-100,-100,-100,-100,-55,-82,-100,-54,-100,-77,-100
1763545409887,-100,-100,-100,-100,-55,-82,-100,-54,-100,-77,-100
1763545409912,-100,-100,-100,-100,-55,-82,-100,-54,-100,-77,-100
1763545409937,-100,-100,-100,-100,-55,-82,-100,-54,-100,-77,-100
1763545409962,-100,-100,-100,-100,-55,-82,-100,-54,-100,-77,-100
1763545409987,-100,-100,-100,-100,-55,-82,-100,-54,-100,-77,-100
1763545410013,-100,-100,-100,-100,-55,-82,-100,-54,-100,-77,-100
1763545410038,-100,-100,-100,-100,-55,-82,-100,-54,-100,-77,-100
1763545410063,-100,-100,-100,-82,-59,-79,-100,-51,-100,-77,-100
1763545410089,-100,-100,-100,-82,-59,-79,-100,-51,-100,-77,-100
1763545410114,-100,-100,-100,-82,-59,-79,-100,-51,-100,-77,-100
1763545410139,-100,-100,-100,-82,-59,-79,-100,-51,-100,-77,-100
1763545410165,-100,-100,-100,-82,-59,-79,-100,-51,-100,-77,-100
1763545410190,-100,-100,-100,-82,-59,-79,-100,-51,-100,-77,-100
1763545410215,-100,-100,-100,-82,-59,-79,-100,-51,-100,-77,-100
1763545410240,-100,-100,-100,-82,-59,-79,-100,-51,-100,-77,-100
1763545410266,-100,-100,-100,-82,-59,-79,-100,-51,-100,-77,-100
1763545410291,-100,-100,-100,-82,-59,-79,-100,-51,-100,-77,-100
1763545410316,-100,-100,-100,-82,-59,-79,-100,-51,-100,-77,-100
1763545410342,-100,-100,-100,-82,-59,-79,-100,-51,-100,-77,-100
1763545410368,-100,-100,-100,-82,-59,-79,-100,-51,-100,-77,-100
1763545410393,-100,-100,-100,-82,-59,-79,-100,-51,-100,-77,-100
1763545410418,-100,-100,-100,-82,-59,-79,-100,-51,-100,-77,-100
1763545410443,-100,-100,-100,-82,-59,-79,-100,-51,-100,-77,-100
1763545410469,-100,-100,-100,-82,-59,-79,-100,-51,-100,-77,-100
1763545410494,-100,-100,-100,-82,-59,-79,-100,-51,-100,-77,-100
1763545410520,-100,-100,-100,-82,-59,-79,-100,-51,-100,-77,-100
1763545410545,-100,-100,-100,-82,-58,-78,-100,-48,-100,-76,-100
1763545410570,-100,-100,-100,-82,-58,-78,-100,-48,-100,-76,-100
1763545410595,-100,-100,-100,-82,-58,-78,-100,-48,-100,-76,-100
1763545410621,-100,-100,-100,-82,-58,-78,-100,-48,-100,-76,-100
1763545410647,-100,-100,-100,-82,-58,-78,-100,-48,-100,-76,-100
1763545410673,-100,-100,-100,-82,-58,-78,-100,-48,-100,-76,-100
1763545410698,-100,-100,-100,-82,-58,-78,-100,-48,-100,-76,-100
1763545410723,-100,-100,-100,-82,-58,-78,-100,-48,-100,-76,-100
1763545410748,-100,-100,-100,-82,-58,-78,-100,-48,-100,-76,-100
1763545410773,-100,-100,-100,-82,-58,-78,-100,-48,-100,-76,-100
1763545410798,-100,-100,-100,-82,-58,-78,-100,-48,-100,-76,-100
1763545410824,-100,-100,-100,-82,-58,-78,-100,-48,-100,-76,-100
1763545410851,-100,-100,-100,-82,-58,-78,-100,-48,-100,-76,-100
1763545410875,-100,-100,-100,-82,-58,-78,-100,-48,-100,-76,-100
1763545410901,-100,-100,-100,-82,-58,-78,-100,-48,-100,-76,-100
1763545410926,-100,-100,-100,-82,-58,-78,-100,-48,-100,-76,-100
1763545410951,-100,-100,-100,-82,-58,-78,-100,-48,-100,-76,-100
1763545410976,-100,-100,-100,-82,-58,-78,-100,-48,-100,-76,-100
1763545411002,-100,-100,-100,-82,-58,-78,-100,-48,-100,-76,-100
1763545411027,-100,-100,-100,-82,-58,-78,-100,-48,-100,-76,-100
1763545411053,-100,-100,-100,-82,-58,-79,-100,-45,-100,-75,-100
1763545411078,-100,-100,-100,-82,-58,-79,-100,-45,-100,-75,-100
1763545411103,-100,-100,-100,-82,-58,-79,-100,-45,-100,-75,-100
1763545411128,-100,-100,-100,-82,-58,-79,-100,-45,-100,-75,-100
1763545411155,-100,-100,-100,-82,-58,-79,-100,-45,-100,-75,-100
1763545411180,-100,-100,-100,-82,-58,-79,-100,-45,-100,-75,-100
1763545411205,-100,-100,-100,-82,-58,-79,-100,-45,-100,-75,-100
1763545411230,-100,-100,-100,-82,-58,-79,-100,-45,-100,-75,-100
1763545411256,-100,-100,-100,-82,-58,-79,-100,-45,-100,-75,-100
1763545411281,-100,-100,-100,-82,-58,-79,-100,-45,-100,-75,-100
1763545411307,-100,-100,-100,-82,-58,-79,-100,-45,-100,-75,-100
1763545411332,-100,-100,-100,-82,-58,-79,-100,-45,-100,-75,-100
1763545411357,-100,-100,-100,-82,-58,-79,-100,-45,-100,-75,-100
1763545411382,-100,-100,-100,-82,-58,-79,-100,-45,-100,-75,-100
1763545411408,-100,-100,-100,-82,-58,-79,-100,-45,-100,-75,-100
1763545411433,-100,-100,-100,-82,-58,-79,-100,-45,-100,-75,-100
1763545411458,-100,-100,-100,-82,-58,-79,-100,-45,-100,-75,-100
1763545411483,-100,-100,-100,-82,-58,-79,-100,-45,-100,-75,-100
1763545411508,-100,-100,-100,-82,-58,-79,-100,-45,-100,-75,-100
1763545411533,-100,-100,-100,-82,-58,-79,-100,-45,-100,-75,-100
1763545411559,-100,-100,-100,-82,-60,-79,-100,-42,-100,-75,-100
1763545411584,-100,-100,-100,-82,-60,-79,-100,-42,-100,-75,-100
1763545411609,-100,-100,-100,-82,-60,-79,-100,-42,-100,-75,-100
1763545411635,-100,-100,-100,-82,-60,-79,-100,-42,-100,-75,-100
1763545411661,-100,-100,-100,-82,-60,-79,-100,-42,-100,-75,-100
1763545411686,-100,-100,-100,-82,-60,-79,-100,-42,-100,-75,-100
1763545411711,-100,-100,-100,-82,-60,-79,-100,-42,-100,-75,-100
1763545411737,-100,-100,-100,-82,-60,-79,-100,-42,-100,-75,-100
1763545411762,-100,-100,-100,-82,-60,-79,-100,-42,-100,-75,-100
1763545411787,-100,-100,-100,-82,-60,-79,-100,-42,-100,-75,-100
1763545411812,-100,-100,-100,-82,-60,-79,-100,-42,-100,-75,-100
1763545411839,-100,-100,-100,-82,-60,-79,-100,-42,-100,-75,-100
1763545411864,-100,-100,-100,-82,-60,-79,-100,-42,-100,-75,-100
1763545411889,-100,-100,-100,-82,-60,-79,-100,-42,-100,-75,-100
1763545411914,-100,-100,-100,-82,-60,-79,-100,-42,-100,-75,-100
1763545411939,-100,-100,-100,-82,-60,-79,-100,-42,-100,-75,-100
1763545411965,-100,-100,-100,-82,-60,-79,-100,-42,-100,-75,-100
1763545411990,-100,-100,-100,-82,-60,-79,-100,-42,-100,-75,-100
1763545412015,-100,-100,-100,-82,-60,-79,-100,-42,-100,-75,-100
1763545412040,-100,-100,-100,-82,-60,-79,-100,-42,-100,-75,-100
1763545412065,-100,-100,-100,-81,-61,-78,-100,-43,-100,-75,-100
1763545412091,-100,-100,-100,-81,-61,-78,-100,-43,-100,-75,-100
1763545412116,-100,-100,-100,-81,-61,-78,-100,-43,-100,-75,-100
1763545412141,-100,-100,-100,-81,-61,-78,-100,-43,-100,-75,-100
1763545412166,-100,-100,-100,-81,-61,-78,-100,-43,-100,-75,-100
1763545412191,-100,-100,-100,-81,-61,-78,-100,-43,-100,-75,-100
1763545412216,-100,-100,-100,-81,-61,-78,-100,-43,-100,-75,-100
1763545412241,-100,-100,-100,-81,-61,-78,-100,-43,-100,-75,-100
1763545412267,-100,-100,-100,-81,-61,-78,-100,-43,-100,-75,-100
1763545412292,-100,-100,-100,-81,-61,-78,-100,-43,-100,-75,-100
1763545412317,-100,-100,-100,-81,-61,-78,-100,-43,-100,-75,-100
1763545412342,-100,-100,-100,-81,-61,-78,-100,-43,-100,-75,-100
1763545412368,-100,-100,-100,-81,-61,-78,-100,-43,-100,-75,-100
1763545412392,-100,-100,-100,-81,-61,-78,-100,-43,-100,-75,-100
1763545412417,-100,-100,-100,-81,-61,-78,-100,-43,-100,-75,-100
1763545412442,-100,-100,-100,-81,-61,-78,-100,-43,-100,-75,-100
1763545412467,-100,-100,-100,-81,-61,-78,-100,-43,-100,-75,-100
1763545412492,-100,-100,-100,-81,-61,-78,-100,-43,-100,-75,-100
1763545412517,-100,-100,-100,-81,-61,-78,-100,-43,-100,-75,-100
1763545412542,-100,-100,-100,-81,-61,-78,-100,-43,-100,-75,-100
1763545412568,-100,-100,-100,-81,-63,-81,-100,-50,-100,-76,-100
1763545412593,-100,-100,-100,-81,-63,-81,-100,-50,-100,-76,-100
1763545412618,-100,-100,-100,-81,-63,-81,-100,-50,-100,-76,-100
1763545412643,-100,-100,-100,-81,-63,-81,-100,-50,-100,-76,-100
1763545412669,-100,-100,-100,-81,-63,-81,-100,-50,-100,-76,-100
1763545412694,-100,-100,-100,-81,-63,-81,-100,-50,-100,-76,-100
1763545412719,-100,-100,-100,-81,-63,-81,-100,-50,-100,-76,-100
1763545412744,-100,-100,-100,-81,-63,-81,-100,-50,-100,-76,-100
1763545412769,-100,-100,-100,-81,-63,-81,-100,-50,-100,-76,-100
1763545412794,-100,-100,-100,-81,-63,-81,-100,-50,-100,-76,-100
1763545412820,-100,-100,-100,-81,-63,-81,-100,-50,-100,-76,-100
1763545412846,-100,-100,-100,-81,-63,-81,-100,-50,-100,-76,-100
1763545412872,-100,-100,-100,-81,-63,-81,-100,-50,-100,-76,-100
1763545412897,-100,-100,-100,-81,-63,-81,-100,-50,-100,-76,-100
1763545412922,-100,-100,-100,-81,-63,-81,-100,-50,-100,-76,-100
1763545412947,-100,-100,-100,-81,-63,-81,-100,-50,-100,-76,-100
1763545412972,-100,-100,-100,-81,-63,-81,-100,-50,-100,-76,-100
1763545412998,-100,-100,-100,-81,-63,-81,-100,-50,-100,-76,-100
1763545413023,-100,-100,-100,-81,-63,-81,-100,-50,-100,-76,-100
1763545413049,-100,-100,-100,-81,-64,-79,-100,-54,-100,-77,-100
1763545413075,-100,-100,-100,-81,-64,-79,-100,-54,-100,-77,-100
1763545413100,-100,-100,-100,-81,-64,-79,-100,-54,-100,-77,-100
1763545413125,-100,-100,-100,-81,-64,-79,-100,-54,-100,-77,-100
1763545413151,-100,-100,-100,-81,-64,-79,-100,-54,-100,-77,-100
1763545413176,-100,-100,-100,-81,-64,-79,-100,-54,-100,-77,-100
1763545413201,-100,-100,-100,-81,-64,-79,-100,-54,-100,-77,-100
1763545413226,-100,-100,-100,-81,-64,-79,-100,-54,-100,-77,-100
1763545413251,-100,-100,-100,-81,-64,-79,-100,-54,-100,-77,-100
1763545413276,-100,-100,-100,-81,-64,-79,-100,-54,-100,-77,-100
1763545413302,-100,-100,-100,-81,-64,-79,-100,-54,-100,-77,-100
1763545413327,-100,-100,-100,-81,-64,-79,-100,-54,-100,-77,-100
1763545413352,-100,-100,-100,-81,-64,-79,-100,-54,-100,-77,-100
1763545413377,-100,-100,-100,-81,-64,-79,-100,-54,-100,-77,-100
1763545413403,-100,-100,-100,-81,-64,-79,-100,-54,-100,-77,-100
1763545413428,-100,-100,-100,-81,-64,-79,-100,-54,-100,-77,-100
1763545413453,-100,-100,-100,-81,-64,-79,-100,-54,-100,-77,-100
1763545413478,-100,-100,-100,-81,-64,-79,-100,-54,-100,-77,-100
1763545413504,-100,-100,-100,-81,-64,-79,-100,-54,-100,-77,-100
1763545413529,-100,-100,-100,-81,-64,-79,-100,-54,-100,-77,-100
1763545413554,-100,-100,-100,-81,-64,-78,-100,-52,-100,-78,-100
1763545413579,-100,-100,-100,-81,-64,-78,-100,-52,-100,-78,-100
1763545413604,-100,-100,-100,-81,-64,-78,-100,-52,-100,-78,-100
1763545413629,-100,-100,-100,-81,-64,-78,-100,-52,-100,-78,-100
1763545413654,-100,-100,-100,-81,-64,-78,-100,-52,-100,-78,-100
1763545413679,-100,-100,-100,-81,-64,-78,-100,-52,-100,-78,-100
1763545413705,-100,-100,-100,-81,-64,-78,-100,-52,-100,-78,-100
1763545413730,-100,-100,-100,-81,-64,-78,-100,-52,-100,-78,-100
1763545413755,-100,-100,-100,-81,-64,-78,-100,-52,-100,-78,-100
1763545413780,-100,-100,-100,-81,-64,-78,-100,-52,-100,-78,-100
1763545413805,-100,-100,-100,-81,-64,-78,-100,-52,-100,-78,-100
1763545413830,-100,-100,-100,-81,-64,-78,-100,-52,-100,-78,-100
1763545413855,-100,-100,-100,-81,-64,-78,-100,-52,-100,-78,-100
1763545413880,-100,-100,-100,-81,-64,-78,-100,-52,-100,-78,-100
1763545413905,-100,-100,-100,-81,-64,-78,-100,-52,-100,-78,-100
1763545413930,-100,-100,-100,-81,-64,-78,-100,-52,-100,-78,-100
1763545413955,-100,-100,-100,-81,-64,-78,-100,-52,-100,-78,-100
1763545413980,-100,-100,-100,-81,-64,-78,-100,-52,-100,-78,-100
1763545414005,-100,-100,-100,-81,-64,-78,-100,-52,-100,-78,-100
1763545414030,-100,-100,-100,-81,-64,-78,-100,-52,-100,-78,-100
1763545414055,-100,-100,-100,-100,-63,-79,-100,-51,-100,-77,-100
1763545414080,-100,-100,-100,-100,-63,-79,-100,-51,-100,-77,-100
1763545414105,-100,-100,-100,-100,-63,-79,-100,-51,-100,-77,-100
1763545414130,-100,-100,-100,-100,-63,-79,-100,-51,-100,-77,-100
1763545414155,-100,-100,-100,-100,-63,-79,-100,-51,-100,-77,-100
1763545414180,-100,-100,-100,-100,-63,-79,-100,-51,-100,-77,-100
1763545414205,-100,-100,-100,-100,-63,-79,-100,-51,-100,-77,-100
1763545414230,-100,-100,-100,-100,-63,-79,-100,-51,-100,-77,-100
1763545414255,-100,-100,-100,-100,-63,-79,-100,-51,-100,-77,-100
1763545414280,-100,-100,-100,-100,-63,-79,-100,-51,-100,-77,-100
1763545414305,-100,-100,-100,-100,-63,-79,-100,-51,-100,-77,-100
1763545414330,-100,-100,-100,-100,-63,-79,-100,-51,-100,-77,-100
1763545414356,-100,-100,-100,-100,-63,-79,-100,-51,-100,-77,-100
1763545414381,-100,-100,-100,-100,-63,-79,-100,-51,-100,-77,-100
1763545414407,-100,-100,-100,-100,-63,-79,-100,-51,-100,-77,-100
1763545414432,-100,-100,-100,-100,-63,-79,-100,-51,-100,-77,-100
1763545414457,-100,-100,-100,-100,-63,-79,-100,-51,-100,-77,-100
1763545414482,-100,-100,-100,-100,-63,-79,-100,-51,-100,-77,-100
1763545414507,-100,-100,-100,-100,-63,-79,-100,-51,-100,-77,-100
1763545414532,-100,-100,-100,-100,-63,-79,-100,-51,-100,-77,-100
1763545414557,-100,-100,-100,-100,-63,-82,-100,-51,-100,-77,-100
1763545414582,-100,-100,-100,-100,-63,-82,-100,-51,-100,-77,-100
1763545414608,-100,-100,-100,-100,-63,-82,-100,-51,-100,-77,-100
1763545414634,-100,-100,-100,-100,-63,-82,-100,-51,-100,-77,-100
1763545414659,-100,-100,-100,-100,-63,-82,-100,-51,-100,-77,-100
1763545414685,-100,-100,-100,-100,-63,-82,-100,-51,-100,-77,-100
1763545414710,-100,-100,-100,-100,-63,-82,-100,-51,-100,-77,-100
1763545414736,-100,-100,-100,-100,-63,-82,-100,-51,-100,-77,-100
1763545414760,-100,-100,-100,-100,-63,-82,-100,-51,-100,-77,-100
1763545414787,-100,-100,-100,-100,-63,-82,-100,-51,-100,-77,-100
1763545414812,-100,-100,-100,-100,-63,-82,-100,-51,-100,-77,-100
1763545414837,-100,-100,-100,-100,-63,-82,-100,-51,-100,-77,-100
1763545414862,-100,-100,-100,-100,-63,-82,-100,-51,-100,-77,-100
1763545414887,-100,-100,-100,-100,-63,-82,-100,-51,-100,-77,-100
1763545414912,-100,-100,-100,-100,-63,-82,-100,-51,-100,-77,-100
1763545414937,-100,-100,-100,-100,-63,-82,-100,-51,-100,-77,-100
1763545414962,-100,-100,-100,-100,-63,-82,-100,-51,-100,-77,-100
1763545414987,-100,-100,-100,-100,-63,-82,-100,-51,-100,-77,-100
1763545415012,-100,-100,-100,-100,-63,-82,-100,-51,-100,-77,-100
1763545415038,-100,-100,-100,-100,-63,-82,-100,-51,-100,-77,-100
1763545415063,-100,-100,-100,-84,-65,-83,-100,-55,-100,-78,-100
1763545415089,-100,-100,-100,-84,-65,-83,-100,-55,-100,-78,-100
1763545415114,-100,-100,-100,-84,-65,-83,-100,-55,-100,-78,-100
1763545415140,-100,-100,-100,-84,-65,-83,-100,-55,-100,-78,-100
1763545415165,-100,-100,-100,-84,-65,-83,-100,-55,-100,-78,-100
1763545415190,-100,-100,-100,-84,-65,-83,-100,-55,-100,-78,-100
1763545415215,-100,-100,-100,-84,-65,-83,-100,-55,-100,-78,-100
1763545415240,-100,-100,-100,-84,-65,-83,-100,-55,-100,-78,-100
1763545415266,-100,-100,-100,-84,-65,-83,-100,-55,-100,-78,-100
1763545415290,-100,-100,-100,-84,-65,-83,-100,-55,-100,-78,-100
1763545415316,-100,-100,-100,-84,-65,-83,-100,-55,-100,-78,-100
1763545415341,-100,-100,-100,-84,-65,-83,-100,-55,-100,-78,-100
1763545415366,-100,-100,-100,-84,-65,-83,-100,-55,-100,-78,-100
1763545415391,-100,-100,-100,-84,-65,-83,-100,-55,-100,-78,-100
1763545415416,-100,-100,-100,-84,-65,-83,-100,-55,-100,-78,-100
1763545415441,-100,-100,-100,-84,-65,-83,-100,-55,-100,-78,-100
1763545415466,-100,-100,-100,-84,-65,-83,-100,-55,-100,-78,-100
1763545415491,-100,-100,-100,-84,-65,-83,-100,-55,-100,-78,-100
1763545415517,-100,-100,-100,-84,-65,-83,-100,-55,-100,-78,-100
1763545415542,-100,-100,-100,-84,-66,-81,-100,-56,-100,-78,-100
1763545415567,-100,-100,-100,-84,-66,-81,-100,-56,-100,-78,-100
1763545415593,-100,-100,-100,-84,-66,-81,-100,-56,-100,-78,-100
1763545415619,-100,-100,-100,-84,-66,-81,-100,-56,-100,-78,-100
1763545415644,-100,-100,-100,-84,-66,-81,-100,-56,-100,-78,-100
1763545415670,-100,-100,-100,-84,-66,-81,-100,-56,-100,-78,-100
1763545415695,-100,-100,-100,-84,-66,-81,-100,-56,-100,-78,-100
1763545415721,-100,-100,-100,-84,-66,-81,-100,-56,-100,-78,-100
1763545415746,-100,-100,-100,-84,-66,-81,-100,-56,-100,-78,-100
1763545415771,-100,-100,-100,-84,-66,-81,-100,-56,-100,-78,-100
1763545415797,-100,-100,-100,-84,-66,-81,-100,-56,-100,-78,-100
1763545415823,-100,-100,-100,-84,-66,-81,-100,-56,-100,-78,-100
1763545415848,-100,-100,-100,-84,-66,-81,-100,-56,-100,-78,-100
1763545415873,-100,-100,-100,-84,-66,-81,-100,-56,-100,-78,-100
1763545415898,-100,-100,-100,-84,-66,-81,-100,-56,-100,-78,-100
1763545415923,-100,-100,-100,-84,-66,-81,-100,-56,-100,-78,-100
1763545415948,-100,-100,-100,-84,-66,-81,-100,-56,-100,-78,-100
1763545415973,-100,-100,-100,-84,-66,-81,-100,-56,-100,-78,-100
1763545415999,-100,-100,-100,-84,-66,-81,-100,-56,-100,-78,-100
1763545416025,-100,-100,-100,-84,-66,-81,-100,-56,-100,-78,-100
1763545416050,-100,-100,-100,-82,-67,-80,-100,-57,-100,-78,-100
1763545416076,-100,-100,-100,-82,-67,-80,-100,-57,-100,-78,-100
1763545416102,-100,-100,-100,-82,-67,-80,-100,-57,-100,-78,-100
1763545416127,-100,-100,-100,-82,-67,-80,-100,-57,-100,-78,-100
1763545416152,-100,-100,-100,-82,-67,-80,-100,-57,-100,-78,-100
1763545416177,-100,-100,-100,-82,-67,-80,-100,-57,-100,-78,-100
1763545416202,-100,-100,-100,-82,-67,-80,-100,-57,-100,-78,-100
1763545416227,-100,-100,-100,-82,-67,-80,-100,-57,-100,-78,-100
1763545416253,-100,-100,-100,-82,-67,-80,-100,-57,-100,-78,-100
1763545416278,-100,-100,-100,-82,-67,-80,-100,-57,-100,-78,-100
1763545416303,-100,-100,-100,-82,-67,-80,-100,-57,-100,-78,-100
1763545416329,-100,-100,-100,-82,-67,-80,-100,-57,-100,-78,-100
1763545416356,-100,-100,-100,-82,-67,-80,-100,-57,-100,-78,-100
1763545416381,-100,-100,-100,-82,-67,-80,-100,-57,-100,-78,-100
1763545416406,-100,-100,-100,-82,-67,-80,-100,-57,-100,-78,-100
1763545416431,-100,-100,-100,-82,-67,-80,-100,-57,-100,-78,-100
1763545416457,-100,-100,-100,-82,-67,-80,-100,-57,-100,-78,-100
1763545416483,-100,-100,-100,-82,-67,-80,-100,-57,-100,-78,-100
1763545416508,-100,-100,-100,-82,-67,-80,-100,-57,-100,-78,-100
1763545416533,-100,-100,-100,-82,-67,-80,-100,-57,-100,-78,-100
1763545416559,-100,-100,-100,-82,-66,-79,-100,-57,-100,-77,-100
1763545416583,-100,-100,-100,-82,-66,-79,-100,-57,-100,-77,-100
1763545416608,-100,-100,-100,-82,-66,-79,-100,-57,-100,-77,-100
1763545416633,-100,-100,-100,-82,-66,-79,-100,-57,-100,-77,-100
1763545416658,-100,-100,-100,-82,-66,-79,-100,-57,-100,-77,-100
1763545416683,-100,-100,-100,-82,-66,-79,-100,-57,-100,-77,-100
1763545416708,-100,-100,-100,-82,-66,-79,-100,-57,-100,-77,-100
1763545416733,-100,-100,-100,-82,-66,-79,-100,-57,-100,-77,-100
1763545416758,-100,-100,-100,-82,-66,-79,-100,-57,-100,-77,-100
1763545416783,-100,-100,-100,-82,-66,-79,-100,-57,-100,-77,-100
1763545416808,-100,-100,-100,-82,-66,-79,-100,-57,-100,-77,-100
1763545416833,-100,-100,-100,-82,-66,-79,-100,-57,-100,-77,-100
1763545416858,-100,-100,-100,-82,-66,-79,-100,-57,-100,-77,-100
1763545416883,-100,-100,-100,-82,-66,-79,-100,-57,-100,-77,-100
1763545416908,-100,-100,-100,-82,-66,-79,-100,-57,-100,-77,-100
1763545416933,-100,-100,-100,-82,-66,-79,-100,-57,-100,-77,-100
1763545416958,-100,-100,-100,-82,-66,-79,-100,-57,-100,-77,-100
1763545416984,-100,-100,-100,-82,-66,-79,-100,-57,-100,-77,-100
1763545417009,-100,-100,-100,-82,-66,-79,-100,-57,-100,-77,-100
1763545417034,-100,-100,-100,-82,-66,-79,-100,-57,-100,-77,-100
1763545417059,-100,-100,-100,-82,-68,-100,-100,-59,-100,-80,-100
1763545417084,-100,-100,-100,-82,-68,-100,-100,-59,-100,-80,-100
1763545417109,-100,-100,-100,-82,-68,-100,-100,-59,-100,-80,-100
1763545417134,-100,-100,-100,-82,-68,-100,-100,-59,-100,-80,-100
1763545417159,-100,-100,-100,-82,-68,-100,-100,-59,-100,-80,-100
1763545417184,-100,-100,-100,-82,-68,-100,-100,-59,-100,-80,-100
1763545417209,-100,-100,-100,-82,-68,-100,-100,-59,-100,-80,-100
1763545417234,-100,-100,-100,-82,-68,-100,-100,-59,-100,-80,-100
1763545417260,-100,-100,-100,-82,-68,-100,-100,-59,-100,-80,-100
1763545417284,-100,-100,-100,-82,-68,-100,-100,-59,-100,-80,-100
1763545417309,-100,-100,-100,-82,-68,-100,-100,-59,-100,-80,-100
1763545417334,-100,-100,-100,-82,-68,-100,-100,-59,-100,-80,-100
1763545417359,-100,-100,-100,-82,-68,-100,-100,-59,-100,-80,-100
1763545417384,-100,-100,-100,-82,-68,-100,-100,-59,-100,-80,-100
1763545417409,-100,-100,-100,-82,-68,-100,-100,-59,-100,-80,-100
1763545417434,-100,-100,-100,-82,-68,-100,-100,-59,-100,-80,-100
1763545417459,-100,-100,-100,-82,-68,-100,-100,-59,-100,-80,-100
1763545417484,-100,-100,-100,-82,-68,-100,-100,-59,-100,-80,-100
1763545417510,-100,-100,-100,-82,-68,-100,-100,-59,-100,-80,-100
1763545417536,-100,-100,-100,-82,-68,-100,-100,-59,-100,-80,-100
1763545417560,-100,-100,-100,-100,-73,-100,-100,-60,-100,-84,-100
1763545417586,-100,-100,-100,-100,-73,-100,-100,-60,-100,-84,-100
1763545417611,-100,-100,-100,-100,-73,-100,-100,-60,-100,-84,-100
1763545417637,-100,-100,-100,-100,-73,-100,-100,-60,-100,-84,-100
1763545417663,-100,-100,-100,-100,-73,-100,-100,-60,-100,-84,-100
1763545417689,-100,-100,-100,-100,-73,-100,-100,-60,-100,-84,-100
1763545417714,-100,-100,-100,-100,-73,-100,-100,-60,-100,-84,-100
1763545417739,-100,-100,-100,-100,-73,-100,-100,-60,-100,-84,-100
1763545417765,-100,-100,-100,-100,-73,-100,-100,-60,-100,-84,-100
