timestamp,TJ-00CB-00000483-0000,TJ-00CB-0000048A-0000,TJ-00CB-00000480-0000,TJ-00CB-00000481-0000,TJ-00CB-0000047B-0000,TJ-00CB-00000482-0000,TJ-00CB-0000047D-0000,TJ-00CB-00000486-0000,TJ-00CB-0000047F-0000,TJ-00CB-00000488-0000,TJ-00CB-00000477-0000
1763545029356,-100,-100,-100,-100,-100,-100,-100,-100,-100,-100,-100
1763545029382,-100,-100,-100,-100,-100,-100,-100,-100,-100,-100,-100
1763545029407,-100,-100,-100,-100,-100,-100,-100,-100,-100,-100,-100
1763545029433,-100,-100,-100,-100,-100,-100,-100,-100,-100,-100,-100
1763545029458,-100,-100,-100,-100,-100,-100,-100,-100,-100,-100,-100
1763545029484,-100,-100,-100,-100,-100,-100,-100,-100,-100,-100,-100
1763545029509,-100,-100,-100,-100,-100,-100,-100,-100,-100,-100,-100
1763545029534,-100,-100,-100,-100,-100,-100,-100,-100,-100,-100,-100
1763545029559,-100,-100,-100,-100,-100,-100,-100,-100,-100,-100,-100
1763545029584,-100,-100,-100,-100,-100,-100,-100,-100,-100,-100,-100
1763545029609,-100,-100,-100,-100,-100,-100,-100,-100,-100,-100,-100
1763545029634,-100,-100,-100,-100,-100,-100,-100,-100,-100,-100,-100
1763545029659,-100,-100,-100,-100,-100,-100,-100,-100,-100,-100,-100
1763545029684,-100,-100,-100,-100,-100,-100,-100,-100,-100,-100,-100
1763545029710,-100,-100,-100,-100,-100,-100,-100,-100,-100,-100,-100
1763545029735,-100,-100,-100,-100,-100,-100,-100,-100,-100,-100,-100
1763545029761,-100,-100,-100,-100,-100,-100,-100,-100,-100,-100,-100
1763545029785,-100,-100,-100,-100,-100,-100,-100,-100,-100,-100,-100
1763545029811,-100,-100,-100,-100,-100,-100,-100,-100,-100,-100,-100
1763545029836,-100,-84,-80,-100,-100,-50,-100,-100,-100,-100,-100
1763545029861,-100,-84,-80,-100,-100,-50,-100,-100,-100,-100,-100
1763545029886,-100,-84,-80,-100,-100,-50,-100,-100,-100,-100,-100
1763545029911,-100,-84,-80,-100,-100,-50,-100,-100,-100,-100,-100
1763545029936,-100,-84,-80,-100,-100,-50,-100,-100,-100,-100,-100
1763545029961,-100,-84,-80,-100,-100,-50,-100,-100,-100,-100,-100
1763545029987,-100,-84,-80,-100,-100,-50,-100,-100,-100,-100,-100
1763545030013,-100,-84,-80,-100,-100,-50,-100,-100,-100,-100,-100
1763545030038,-100,-84,-80,-100,-100,-50,-100,-100,-100,-100,-100
1763545030063,-100,-84,-80,-100,-100,-50,-100,-100,-100,-100,-100
1763545030088,-100,-84,-80,-100,-100,-50,-100,-100,-100,-100,-100
1763545030113,-100,-84,-80,-100,-100,-50,-100,-100,-100,-100,-100
1763545030138,-100,-84,-80,-100,-100,-50,-100,-100,-100,-100,-100
1763545030163,-100,-84,-80,-100,-100,-50,-100,-100,-100,-100,-100
1763545030189,-100,-84,-80,-100,-100,-50,-100,-100,-100,-100,-100
1763545030214,-100,-84,-80,-100,-100,-50,-100,-100,-100,-100,-100
1763545030239,-100,-84,-80,-100,-100,-50,-100,-100,-100,-100,-100
1763545030264,-100,-84,-80,-100,-100,-50,-100,-100,-100,-100,-100
1763545030289,-100,-84,-80,-100,-100,-50,-100,-100,-100,-100,-100
1763545030314,-100,-84,-80,-100,-100,-50,-100,-100,-100,-100,-100
1763545030339,-86,-81,-77,-100,-100,-52,-100,-100,-100,-100,-100
1763545030364,-86,-81,-77,-100,-100,-52,-100,-100,-100,-100,-100
1763545030389,-86,-81,-77,-100,-100,-52,-100,-100,-100,-100,-100
1763545030414,-86,-81,-77,-100,-100,-52,-100,-100,-100,-100,-100
1763545030440,-86,-81,-77,-100,-100,-52,-100,-100,-100,-100,-100
1763545030465,-86,-81,-77,-100,-100,-52,-100,-100,-100,-100,-100
1763545030491,-86,-81,-77,-100,-100,-52,-100,-100,-100,-100,-100
1763545030516,-86,-81,-77,-100,-100,-52,-100,-100,-100,-100,-100
1763545030541,-86,-81,-77,-100,-100,-52,-100,-100,-100,-100,-100
1763545030567,-86,-81,-77,-100,-100,-52,-100,-100,-100,-100,-100
1763545030592,-86,-81,-77,-100,-100,-52,-100,-100,-100,-100,-100
1763545030617,-86,-81,-77,-100,-100,-52,-100,-100,-100,-100,-100
1763545030642,-86,-81,-77,-100,-100,-52,-100,-100,-100,-100,-100
1763545030667,-86,-81,-77,-100,-100,-52,-100,-100,-100,-100,-100
1763545030693,-86,-81,-77,-100,-100,-52,-100,-100,-100,-100,-100
1763545030717,-86,-81,-77,-100,-100,-52,-100,-100,-100,-100,-100
1763545030742,-86,-81,-77,-100,-100,-52,-100,-100,-100,-100,-100
1763545030767,-86,-81,-77,-100,-100,-52,-100,-100,-100,-100,-100
1763545030792,-86,-81,-77,-100,-100,-52,-100,-100,-100,-100,-100
1763545030817,-86,-81,-77,-100,-100,-52,-100,-100,-100,-100,-100
1763545030842,-85,-80,-77,-100,-100,-54,-100,-100,-100,-100,-100
1763545030867,-85,-80,-77,-100,-100,-54,-100,-100,-100,-100,-100
1763545030893,-85,-80,-77,-100,-100,-54,-100,-100,-100,-100,-100
1763545030917,-85,-80,-77,-100,-100,-54,-100,-100,-100,-100,-100
1763545030943,-85,-80,-77,-100,-100,-54,-100,-100,-100,-100,-100
1763545030967,-85,-80,-77,-100,-100,-54,-100,-100,-100,-100,-100
1763545030993,-85,-80,-77,-100,-100,-54,-100,-100,-100,-100,-100
1763545031018,-85,-80,-77,-100,-100,-54,-100,-100,-100,-100,-100
1763545031043,-85,-80,-77,-100,-100,-54,-100,-100,-100,-100,-100
1763545031069,-85,-80,-77,-100,-100,-54,-100,-100,-100,-100,-100
1763545031095,-85,-80,-77,-100,-100,-54,-100,-100,-100,-100,-100
1763545031120,-85,-80,-77,-100,-100,-54,-100,-100,-100,-100,-100
1763545031145,-85,-80,-77,-100,-100,-54,-100,-100,-100,-100,-100
1763545031170,-85,-80,-77,-100,-100,-54,-100,-100,-100,-100,-100
1763545031195,-85,-80,-77,-100,-100,-54,-100,-100,-100,-100,-100
1763545031221,-85,-80,-77,-100,-100,-54,-100,-100,-100,-100,-100
1763545031245,-85,-80,-77,-100,-100,-54,-100,-100,-100,-100,-100
1763545031270,-85,-80,-77,-100,-100,-54,-100,-100,-100,-100,-100
1763545031295,-85,-80,-77,-100,-100,-54,-100,-100,-100,-100,-100
1763545031320,-85,-80,-77,-100,-100,-54,-100,-100,-100,-100,-100
1763545031345,-85,-81,-77,-100,-93,-54,-100,-100,-100,-100,-100
1763545031371,-85,-81,-77,-100,-93,-54,-100,-100,-100,-100,-100
1763545031396,-85,-81,-77,-100,-93,-54,-100,-100,-100,-100,-100
1763545031421,-85,-81,-77,-100,-93,-54,-100,-100,-100,-100,-100
1763545031447,-85,-81,-77,-100,-93,-54,-100,-100,-100,-100,-100
1763545031472,-85,-81,-77,-100,-93,-54,-100,-100,-100,-100,-100
1763545031497,-85,-81,-77,-100,-93,-54,-100,-100,-100,-100,-100
1763545031522,-85,-81,-77,-100,-93,-54,-100,-100,-100,-100,-100
1763545031547,-85,-81,-77,-100,-93,-54,-100,-100,-100,-100,-100
1763545031572,-85,-81,-77,-100,-93,-54,-100,-100,-100,-100,-100
1763545031597,-85,-81,-77,-100,-93,-54,-100,-100,-100,-100,-100
1763545031622,-85,-81,-77,-100,-93,-54,-100,-100,-100,-100,-100
1763545031647,-85,-81,-77,-100,-93,-54,-100,-100,-100,-100,-100
1763545031672,-85,-81,-77,-100,-93,-54,-100,-100,-100,-100,-100
1763545031697,-85,-81,-77,-100,-93,-54,-100,-100,-100,-100,-100
1763545031722,-85,-81,-77,-100,-93,-54,-100,-100,-100,-100,-100
1763545031747,-85,-81,-77,-100,-93,-54,-100,-100,-100,-100,-100
1763545031772,-85,-81,-77,-100,-93,-54,-100,-100,-100,-100,-100
1763545031798,-85,-81,-77,-100,-93,-54,-100,-100,-100,-100,-100
1763545031822,-85,-81,-77,-100,-93,-54,-100,-100,-100,-100,-100
1763545031847,-83,-81,-78,-100,-93,-54,-100,-100,-100,-100,-100
1763545031872,-83,-81,-78,-100,-93,-54,-100,-100,-100,-100,-100
1763545031897,-83,-81,-78,-100,-93,-54,-100,-100,-100,-100,-100
1763545031922,-83,-81,-78,-100,-93,-54,-100,-100,-100,-100,-100
1763545031947,-83,-81,-78,-100,-93,-54,-100,-100,-100,-100,-100
1763545031972,-83,-81,-78,-100,-93,-54,-100,-100,-100,-100,-100
1763545031997,-83,-81,-78,-100,-93,-54,-100,-100,-100,-100,-100
1763545032022,-83,-81,-78,-100,-93,-54,-100,-100,-100,-100,-100
1763545032047,-83,-81,-78,-100,-93,-54,-100,-100,-100,-100,-100
1763545032072,-83,-81,-78,-100,-93,-54,-100,-100,-100,-100,-100
1763545032097,-83,-81,-78,-100,-93,-54,-100,-100,-100,-100,-100
1763545032122,-83,-81,-78,-100,-93,-54,-100,-100,-100,-100,-100
1763545032147,-83,-81,-78,-100,-93,-54,-100,-100,-100,-100,-100
1763545032172,-83,-81,-78,-100,-93,-54,-100,-100,-100,-100,-100
1763545032197,-83,-81,-78,-100,-93,-54,-100,-100,-100,-100,-100
1763545032222,-83,-81,-78,-100,-93,-54,-100,-100,-100,-100,-100
1763545032248,-83,-81,-78,-100,-93,-54,-100,-100,-100,-100,-100
1763545032272,-83,-81,-78,-100,-93,-54,-100,-100,-100,-100,-100
1763545032297,-83,-81,-78,-100,-93,-54,-100,-100,-100,-100,-100
1763545032323,-83,-81,-78,-100,-93,-54,-100,-100,-100,-100,-100
1763545032348,-83,-79,-79,-100,-100,-57,-100,-100,-100,-100,-100
1763545032373,-83,-79,-79,-100,-100,-57,-100,-100,-100,-100,-100
1763545032398,-83,-79,-79,-100,-100,-57,-100,-100,-100,-100,-100
1763545032423,-83,-79,-79,-100,-100,-57,-100,-100,-100,-100,-100
1763545032449,-83,-79,-79,-100,-100,-57,-100,-100,-100,-100,-100
1763545032474,-83,-79,-79,-100,-100,-57,-100,-100,-100,-100,-100
1763545032499,-83,-79,-79,-100,-100,-57,-100,-100,-100,-100,-100
1763545032524,-83,-79,-79,-100,-100,-57,-100,-100,-100,-100,-100
1763545032550,-83,-79,-79,-100,-100,-57,-100,-100,-100,-100,-100
1763545032575,-83,-79,-79,-100,-100,-57,-100,-100,-100,-100,-100
1763545032600,-83,-79,-79,-100,-100,-57,-100,-100,-100,-100,-100
1763545032625,-83,-79,-79,-100,-100,-57,-100,-100,-100,-100,-100
1763545032650,-83,-79,-79,-100,-100,-57,-100,-100,-100,-100,-100
1763545032676,-83,-79,-79,-100,-100,-57,-100,-100,-100,-100,-100
1763545032702,-83,-79,-79,-100,-100,-57,-100,-100,-100,-100,-100
1763545032727,-83,-79,-79,-100,-100,-57,-100,-100,-100,-100,-100
1763545032752,-83,-79,-79,-100,-100,-57,-100,-100,-100,-100,-100
1763545032777,-83,-79,-79,-100,-100,-57,-100,-100,-100,-100,-100
1763545032803,-83,-79,-79,-100,-100,-57,-100,-100,-100,-100,-100
1763545032828,-83,-79,-79,-100,-100,-57,-100,-100,-100,-100,-100
1763545032853,-83,-78,-79,-100,-100,-59,-100,-100,-100,-100,-100
1763545032879,-83,-78,-79,-100,-100,-59,-100,-100,-100,-100,-100
1763545032904,-83,-78,-79,-100,-100,-59,-100,-100,-100,-100,-100
1763545032929,-83,-78,-79,-100,-100,-59,-100,-100,-100,-100,-100
1763545032954,-83,-78,-79,-100,-100,-59,-100,-100,-100,-100,-100
1763545032979,-83,-78,-79,-100,-100,-59,-100,-100,-100,-100,-100
1763545033004,-83,-78,-79,-100,-100,-59,-100,-100,-100,-100,-100
1763545033029,-83,-78,-79,-100,-100,-59,-100,-100,-100,-100,-100
1763545033054,-83,-78,-79,-100,-100,-59,-100,-100,-100,-100,-100
1763545033079,-83,-78,-79,-100,-100,-59,-100,-100,-100,-100,-100
1763545033104,-83,-78,-79,-100,-100,-59,-100,-100,-100,-100,-100
1763545033129,-83,-78,-79,-100,-100,-59,-100,-100,-100,-100,-100
1763545033156,-83,-78,-79,-100,-100,-59,-100,-100,-100,-100,-100
1763545033181,-83,-78,-79,-100,-100,-59,-100,-100,-100,-100,-100
1763545033206,-83,-78,-79,-100,-100,-59,-100,-100,-100,-100,-100
1763545033232,-83,-78,-79,-100,-100,-59,-100,-100,-100,-100,-100
1763545033257,-83,-78,-79,-100,-100,-59,-100,-100,-100,-100,-100
1763545033282,-83,-78,-79,-100,-100,-59,-100,-100,-100,-100,-100
1763545033307,-83,-78,-79,-100,-100,-59,-100,-100,-100,-100,-100
1763545033332,-83,-78,-79,-100,-100,-59,-100,-100,-100,-100,-100
1763545033357,-84,-75,-74,-100,-100,-59,-100,-100,-100,-100,-100
1763545033382,-84,-75,-74,-100,-100,-59,-100,-100,-100,-100,-100
1763545033408,-84,-75,-74,-100,-100,-59,-100,-100,-100,-100,-100
1763545033433,-84,-75,-74,-100,-100,-59,-100,-100,-100,-100,-100
1763545033458,-84,-75,-74,-100,-100,-59,-100,-100,-100,-100,-100
1763545033484,-84,-75,-74,-100,-100,-59,-100,-100,-100,-100,-100
1763545033509,-84,-75,-74,-100,-100,-59,-100,-100,-100,-100,-100
1763545033535,-84,-75,-74,-100,-100,-59,-100,-100,-100,-100,-100
1763545033560,-84,-75,-74,-100,-100,-59,-100,-100,-100,-100,-100
1763545033585,-84,-75,-74,-100,-100,-59,-100,-100,-100,-100,-100
1763545033610,-84,-75,-74,-100,-100,-59,-100,-100,-100,-100,-100
1763545033635,-84,-75,-74,-100,-100,-59,-100,-100,-100,-100,-100
1763545033660,-84,-75,-74,-100,-100,-59,-100,-100,-100,-100,-100
1763545033685,-84,-75,-74,-100,-100,-59,-100,-100,-100,-100,-100
1763545033711,-84,-75,-74,-100,-100,-59,-100,-100,-100,-100,-100
1763545033736,-84,-75,-74,-100,-100,-59,-100,-100,-100,-100,-100
1763545033761,-84,-75,-74,-100,-100,-59,-100,-100,-100,-100,-100
1763545033787,-84,-75,-74,-100,-100,-59,-100,-100,-100,-100,-100
1763545033812,-84,-75,-74,-100,-100,-59,-100,-100,-100,-100,-100
1763545033837,-84,-77,-74,-100,-100,-58,-100,-100,-100,-100,-100
1763545033863,-84,-77,-74,-100,-100,-58,-100,-100,-100,-100,-100
1763545033887,-84,-77,-74,-100,-100,-58,-100,-100,-100,-100,-100
1763545033912,-84,-77,-74,-100,-100,-58,-100,-100,-100,-100,-100
1763545033938,-84,-77,-74,-100,-100,-58,-100,-100,-100,-100,-100
1763545033963,-84,-77,-74,-100,-100,-58,-100,-100,-100,-100,-100
1763545033988,-84,-77,-74,-100,-100,-58,-100,-100,-100,-100,-100
1763545034013,-84,-77,-74,-100,-100,-58,-100,-100,-100,-100,-100
1763545034039,-84,-77,-74,-100,-100,-58,-100,-100,-100,-100,-100
1763545034065,-84,-77,-74,-100,-100,-58,-100,-100,-100,-100,-100
1763545034090,-84,-77,-74,-100,-100,-58,-100,-100,-100,-100,-100
1763545034115,-84,-77,-74,-100,-100,-58,-100,-100,-100,-100,-100
1763545034140,-84,-77,-74,-100,-100,-58,-100,-100,-100,-100,-100
1763545034165,-84,-77,-74,-100,-100,-58,-100,-100,-100,-100,-100
1763545034190,-84,-77,-74,-100,-100,-58,-100,-100,-100,-100,-100
1763545034215,-84,-77,-74,-100,-100,-58,-100,-100,-100,-100,-100
1763545034240,-84,-77,-74,-100,-100,-58,-100,-100,-100,-100,-100
1763545034265,-84,-77,-74,-100,-100,-58,-100,-100,-100,-100,-100
1763545034291,-84,-77,-74,-100,-100,-58,-100,-100,-100,-100,-100
1763545034316,-84,-77,-74,-100,-100,-58,-100,-100,-100,-100,-100
1763545034341,-81,-79,-75,-100,-86,-58,-100,-100,-100,-100,-100
1763545034367,-81,-79,-75,-100,-86,-58,-100,-100,-100,-100,-100
1763545034392,-81,-79,-75,-100,-86,-58,-100,-100,-100,-100,-100
1763545034417,-81,-79,-75,-100,-86,-58,-100,-100,-100,-100,-100
1763545034442,-81,-79,-75,-100,-86,-58,-100,-100,-100,-100,-100
1763545034467,-81,-79,-75,-100,-86,-58,-100,-100,-100,-100,-100
1763545034492,-81,-79,-75,-100,-86,-58,-100,-100,-100,-100,-100
1763545034517,-81,-79,-75,-100,-86,-58,-100,-100,-100,-100,-100
1763545034543,-81,-79,-75,-100,-86,-58,-100,-100,-100,-100,-100
1763545034567,-81,-79,-75,-100,-86,-58,-100,-100,-100,-100,-100
1763545034592,-81,-79,-75,-100,-86,-58,-100,-100,-100,-100,-100
1763545034617,-81,-79,-75,-100,-86,-58,-100,-100,-100,-100,-100
1763545034642,-81,-79,-75,-100,-86,-58,-100,-100,-100,-100,-100
1763545034668,-81,-79,-75,-100,-86,-58,-100,-100,-100,-100,-100
1763545034693,-81,-79,-75,-100,-86,-58,-100,-100,-100,-100,-100
1763545034719,-81,-79,-75,-100,-86,-58,-100,-100,-100,-100,-100
1763545034744,-81,-79,-75,-100,-86,-58,-100,-100,-100,-100,-100
1763545034769,-81,-79,-75,-100,-86,-58,-100,-100,-100,-100,-100
1763545034794,-81,-79,-75,-100,-86,-58,-100,-100,-100,-100,-100
1763545034821,-81,-79,-75,-100,-86,-58,-100,-100,-100,-100,-100
1763545034847,-81,-78,-75,-100,-86,-59,-100,-100,-100,-100,-100
1763545034873,-81,-78,-75,-100,-86,-59,-100,-100,-100,-100,-100
1763545034898,-81,-78,-75,-100,-86,-59,-100,-100,-100,-100,-100
1763545034923,-81,-78,-75,-100,-86,-59,-100,-100,-100,-100,-100
1763545034948,-81,-78,-75,-100,-86,-59,-100,-100,-100,-100,-100
1763545034973,-81,-78,-75,-100,-86,-59,-100,-100,-100,-100,-100
1763545034998,-81,-78,-75,-100,-86,-59,-100,-100,-100,-100,-100
1763545035023,-81,-78,-75,-100,-86,-59,-100,-100,-100,-100,-100
1763545035048,-81,-78,-75,-100,-86,-59,-100,-100,-100,-100,-100
1763545035073,-81,-78,-75,-100,-86,-59,-100,-100,-100,-100,-100
1763545035099,-81,-78,-75,-100,-86,-59,-100,-100,-100,-100,-100
1763545035124,-81,-78,-75,-100,-86,-59,-100,-100,-100,-100,-100
1763545035150,-81,-78,-75,-100,-86,-59,-100,-100,-100,-100,-100
1763545035175,-81,-78,-75,-100,-86,-59,-100,-100,-100,-100,-100
1763545035200,-81,-78,-75,-100,-86,-59,-100,-100,-100,-100,-100
1763545035226,-81,-78,-75,-100,-86,-59,-100,-100,-100,-100,-100
1763545035250,-81,-78,-75,-100,-86,-59,-100,-100,-100,-100,-100
1763545035275,-81,-78,-75,-100,-86,-59,-100,-100,-100,-100,-100
1763545035300,-81,-78,-75,-100,-86,-59,-100,-100,-100,-100,-100
1763545035325,-81,-78,-75,-100,-86,-59,-100,-100,-100,-100,-100
1763545035350,-81,-77,-72,-100,-100,-56,-100,-100,-100,-100,-100
1763545035376,-81,-77,-72,-100,-100,-56,-100,-100,-100,-100,-100
1763545035401,-81,-77,-72,-100,-100,-56,-100,-100,-100,-100,-100
1763545035427,-81,-77,-72,-100,-100,-56,-100,-100,-100,-100,-100
1763545035452,-81,-77,-72,-100,-100,-56,-100,-100,-100,-100,-100
1763545035477,-81,-77,-72,-100,-100,-56,-100,-100,-100,-100,-100
1763545035502,-81,-77,-72,-100,-100,-56,-100,-100,-100,-100,-100
1763545035527,-81,-77,-72,-100,-100,-56,-100,-100,-100,-100,-100
1763545035552,-81,-77,-72,-100,-100,-56,-100,-100,-100,-100,-100
1763545035577,-81,-77,-72,-100,-100,-56,-100,-100,-100,-100,-100
1763545035603,-81,-77,-72,-100,-100,-56,-100,-100,-100,-100,-100
1763545035627,-81,-77,-72,-100,-100,-56,-100,-100,-100,-100,-100
1763545035652,-81,-77,-72,-100,-100,-56,-100,-100,-100,-100,-100
1763545035677,-81,-77,-72,-100,-100,-56,-100,-100,-100,-100,-100
1763545035702,-81,-77,-72,-100,-100,-56,-100,-100,-100,-100,-100
1763545035727,-81,-77,-72,-100,-100,-56,-100,-100,-100,-100,-100
1763545035752,-81,-77,-72,-100,-100,-56,-100,-100,-100,-100,-100
1763545035778,-81,-77,-72,-100,-100,-56,-100,-100,-100,-100,-100
1763545035804,-81,-77,-72,-100,-100,-56,-100,-100,-100,-100,-100
1763545035830,-81,-77,-72,-100,-100,-56,-100,-100,-100,-100,-100
1763545035855,-81,-75,-73,-100,-89,-53,-100,-100,-100,-100,-100
1763545035880,-81,-75,-73,-100,-89,-53,-100,-100,-100,-100,-100
1763545035906,-81,-75,-73,-100,-89,-53,-100,-100,-100,-100,-100
1763545035931,-81,-75,-73,-100,-89,-53,-100,-100,-100,-100,-100
1763545035957,-81,-75,-73,-100,-89,-53,-100,-100,-100,-100,-100
1763545035982,-81,-75,-73,-100,-89,-53,-100,-100,-100,-100,-100
1763545036007,-81,-75,-73,-100,-89,-53,-100,-100,-100,-100,-100
1763545036032,-81,-75,-73,-100,-89,-53,-100,-100,-100,-100,-100
1763545036058,-81,-75,-73,-100,-89,-53,-100,-100,-100,-100,-100
1763545036083,-81,-75,-73,-100,-89,-53,-100,-100,-100,-100,-100
1763545036108,-81,-75,-73,-100,-89,-53,-100,-100,-100,-100,-100
1763545036133,-81,-75,-73,-100,-89,-53,-100,-100,-100,-100,-100
1763545036158,-81,-75,-73,-100,-89,-53,-100,-100,-100,-100,-100
1763545036183,-81,-75,-73,-100,-89,-53,-100,-100,-100,-100,-100
1763545036208,-81,-75,-73,-100,-89,-53,-100,-100,-100,-100,-100
1763545036233,-81,-75,-73,-100,-89,-53,-100,-100,-100,-100,-100
1763545036258,-81,-75,-73,-100,-89,-53,-100,-100,-100,-100,-100
1763545036283,-81,-75,-73,-100,-89,-53,-100,-100,-100,-100,-100
1763545036308,-81,-75,-73,-100,-89,-53,-100,-100,-100,-100,-100
1763545036333,-81,-75,-73,-100,-89,-53,-100,-100,-100,-100,-100
1763545036359,-82,-75,-72,-100,-89,-53,-100,-100,-100,-100,-100
1763545036383,-82,-75,-72,-100,-89,-53,-100,-100,-100,-100,-100
1763545036408,-82,-75,-72,-100,-89,-53,-100,-100,-100,-100,-100
1763545036433,-82,-75,-72,-100,-89,-53,-100,-100,-100,-100,-100
1763545036458,-82,-75,-72,-100,-89,-53,-100,-100,-100,-100,-100
1763545036484,-82,-75,-72,-100,-89,-53,-100,-100,-100,-100,-100
1763545036510,-82,-75,-72,-100,-89,-53,-100,-100,-100,-100,-100
1763545036535,-82,-75,-72,-100,-89,-53,-100,-100,-100,-100,-100
1763545036560,-82,-75,-72,-100,-89,-53,-100,-100,-100,-100,-100
1763545036585,-82,-75,-72,-100,-89,-53,-100,-100,-100,-100,-100
1763545036610,-82,-75,-72,-100,-89,-53,-100,-100,-100,-100,-100
1763545036636,-82,-75,-72,-100,-89,-53,-100,-100,-100,-100,-100
1763545036660,-82,-75,-72,-100,-89,-53,-100,-100,-100,-100,-100
1763545036685,-82,-75,-72,-100,-89,-53,-100,-100,-100,-100,-100
1763545036710,-82,-75,-72,-100,-89,-53,-100,-100,-100,-100,-100
1763545036735,-82,-75,-72,-100,-89,-53,-100,-100,-100,-100,-100
1763545036760,-82,-75,-72,-100,-89,-53,-100,-100,-100,-100,-100
1763545036785,-82,-75,-72,-100,-89,-53,-100,-100,-100,-100,-100
1763545036810,-82,-75,-72,-100,-89,-53,-100,-100,-100,-100,-100
1763545036835,-82,-75,-72,-100,-89,-53,-100,-100,-100,-100,-100
1763545036860,-81,-73,-72,-100,-100,-53,-100,-100,-100,-100,-100
1763545036885,-81,-73,-72,-100,-100,-53,-100,-100,-100,-100,-100
1763545036910,-81,-73,-72,-100,-100,-53,-100,-100,-100,-100,-100
1763545036935,-81,-73,-72,-100,-100,-53,-100,-100,-100,-100,-100
1763545036961,-81,-73,-72,-100,-100,-53,-100,-100,-100,-100,-100
1763545036987,-81,-73,-72,-100,-100,-53,-100,-100,-100,-100,-100
1763545037013,-81,-73,-72,-100,-100,-53,-100,-100,-100,-100,-100
1763545037037,-81,-73,-72,-100,-100,-53,-100,-100,-100,-100,-100
1763545037064,-81,-73,-72,-100,-100,-53,-100,-100,-100,-100,-100
1763545037089,-81,-73,-72,-100,-100,-53,-100,-100,-100,-100,-100
1763545037114,-81,-73,-72,-100,-100,-53,-100,-100,-100,-100,-100
1763545037139,-81,-73,-72,-100,-100,-53,-100,-100,-100,-100,-100
1763545037164,-81,-73,-72,-100,-100,-53,-100,-100,-100,-100,-100
1763545037189,-81,-73,-72,-100,-100,-53,-100,-100,-100,-100,-100
1763545037214,-81,-73,-72,-100,-100,-53,-100,-100,-100,-100,-100
1763545037240,-81,-73,-72,-100,-100,-53,-100,-100,-100,-100,-100
1763545037265,-81,-73,-72,-100,-100,-53,-100,-100,-100,-100,-100
1763545037290,-81,-73,-72,-100,-100,-53,-100,-100,-100,-100,-100
1763545037316,-81,-73,-72,-100,-100,-53,-100,-100,-100,-100,-100
1763545037341,-81,-73,-72,-100,-100,-53,-100,-100,-100,-100,-100
1763545037366,-80,-73,-72,-100,-100,-56,-100,-100,-100,-100,-85
1763545037391,-80,-73,-72,-100,-100,-56,-100,-100,-100,-100,-85
1763545037416,-80,-73,-72,-100,-100,-56,-100,-100,-100,-100,-85
1763545037441,-80,-73,-72,-100,-100,-56,-100,-100,-100,-100,-85
1763545037466,-80,-73,-72,-100,-100,-56,-100,-100,-100,-100,-85
1763545037491,-80,-73,-72,-100,-100,-56,-100,-100,-100,-100,-85
1763545037516,-80,-73,-72,-100,-100,-56,-100,-100,-100,-100,-85
1763545037541,-80,-73,-72,-100,-100,-56,-100,-100,-100,-100,-85
1763545037566,-80,-73,-72,-100,-100,-56,-100,-100,-100,-100,-85
1763545037591,-80,-73,-72,-100,-100,-56,-100,-100,-100,-100,-85
1763545037616,-80,-73,-72,-100,-100,-56,-100,-100,-100,-100,-85
1763545037641,-80,-73,-72,-100,-100,-56,-100,-100,-100,-100,-85
1763545037666,-80,-73,-72,-100,-100,-56,-100,-100,-100,-100,-85
1763545037691,-80,-73,-72,-100,-100,-56,-100,-100,-100,-100,-85
1763545037716,-80,-73,-72,-100,-100,-56,-100,-100,-100,-100,-85
1763545037741,-80,-73,-72,-100,-100,-56,-100,-100,-100,-100,-85
1763545037766,-80,-73,-72,-100,-100,-56,-100,-100,-100,-100,-85
1763545037791,-80,-73,-72,-100,-100,-56,-100,-100,-100,-100,-85
1763545037816,-80,-73,-72,-100,-100,-56,-100,-100,-100,-100,-85
1763545037842,-77,-70,-72,-100,-100,-58,-100,-100,-100,-100,-85
1763545037867,-77,-70,-72,-100,-100,-58,-100,-100,-100,-100,-85
1763545037892,-77,-70,-72,-100,-100,-58,-100,-100,-100,-100,-85
1763545037918,-77,-70,-72,-100,-100,-58,-100,-100,-100,-100,-85
1763545037943,-77,-70,-72,-100,-100,-58,-100,-100,-100,-100,-85
1763545037968,-77,-70,-72,-100,-100,-58,-100,-100,-100,-100,-85
1763545037994,-77,-70,-72,-100,-100,-58,-100,-100,-100,-100,-85
1763545038018,-77,-70,-72,-100,-100,-58,-100,-100,-100,-100,-85
1763545038043,-77,-70,-72,-100,-100,-58,-100,-100,-100,-100,-85
1763545038068,-77,-70,-72,-100,-100,-58,-100,-100,-100,-100,-85
1763545038094,-77,-70,-72,-100,-100,-58,-100,-100,-100,-100,-85
1763545038119,-77,-70,-72,-100,-100,-58,-100,-100,-100,-100,-85
1763545038144,-77,-70,-72,-100,-100,-58,-100,-100,-100,-100,-85
1763545038169,-77,-70,-72,-100,-100,-58,-100,-100,-100,-100,-85
1763545038195,-77,-70,-72,-100,-100,-58,-100,-100,-100,-100,-85
1763545038220,-77,-70,-72,-100,-100,-58,-100,-100,-100,-100,-85
1763545038245,-77,-70,-72,-100,-100,-58,-100,-100,-100,-100,-85
1763545038271,-77,-70,-72,-100,-100,-58,-100,-100,-100,-100,-85
1763545038296,-77,-70,-72,-100,-100,-58,-100,-100,-100,-100,-85
1763545038322,-77,-70,-72,-100,-100,-58,-100,-100,-100,-100,-85
1763545038347,-76,-67,-66,-100,-83,-58,-100,-100,-100,-100,-86
1763545038372,-76,-67,-66,-100,-83,-58,-100,-100,-100,-100,-86
1763545038397,-76,-67,-66,-100,-83,-58,-100,-100,-100,-100,-86
1763545038422,-76,-67,-66,-100,-83,-58,-100,-100,-100,-100,-86
1763545038447,-76,-67,-66,-100,-83,-58,-100,-100,-100,-100,-86
1763545038473,-76,-67,-66,-100,-83,-58,-100,-100,-100,-100,-86
1763545038499,-76,-67,-66,-100,-83,-58,-100,-100,-100,-100,-86
1763545038524,-76,-67,-66,-100,-83,-58,-100,-100,-100,-100,-86
1763545038549,-76,-67,-66,-100,-83,-58,-100,-100,-100,-100,-86
1763545038575,-76,-67,-66,-100,-83,-58,-100,-100,-100,-100,-86
1763545038601,-76,-67,-66,-100,-83,-58,-100,-100,-100,-100,-86
1763545038627,-76,-67,-66,-100,-83,-58,-100,-100,-100,-100,-86
1763545038652,-76,-67,-66,-100,-83,-58,-100,-100,-100,-100,-86
1763545038678,-76,-67,-66,-100,-83,-58,-100,-100,-100,-100,-86
1763545038702,-76,-67,-66,-100,-83,-58,-100,-100,-100,-100,-86
1763545038727,-76,-67,-66,-100,-83,-58,-100,-100,-100,-100,-86
1763545038752,-76,-67,-66,-100,-83,-58,-100,-100,-100,-100,-86
1763545038777,-76,-67,-66,-100,-83,-58,-100,-100,-100,-100,-86
1763545038803,-76,-67,-66,-100,-83,-58,-100,-100,-100,-100,-86
1763545038828,-76,-67,-66,-100,-83,-58,-100,-100,-100,-100,-86
1763545038853,-78,-69,-65,-100,-84,-61,-100,-100,-100,-100,-86
1763545038878,-78,-69,-65,-100,-84,-61,-100,-100,-100,-100,-86
1763545038904,-78,-69,-65,-100,-84,-61,-100,-100,-100,-100,-86
1763545038929,-78,-69,-65,-100,-84,-61,-100,-100,-100,-100,-86
1763545038954,-78,-69,-65,-100,-84,-61,-100,-100,-100,-100,-86
1763545038979,-78,-69,-65,-100,-84,-61,-100,-100,-100,-100,-86
1763545039005,-78,-69,-65,-100,-84,-61,-100,-100,-100,-100,-86
1763545039030,-78,-69,-65,-100,-84,-61,-100,-100,-100,-100,-86
1763545039056,-78,-69,-65,-100,-84,-61,-100,-100,-100,-100,-86
1763545039081,-78,-69,-65,-100,-84,-61,-100,-100,-100,-100,-86
1763545039106,-78,-69,-65,-100,-84,-61,-100,-100,-100,-100,-86
1763545039132,-78,-69,-65,-100,-84,-61,-100,-100,-100,-100,-86
1763545039157,-78,-69,-65,-100,-84,-61,-100,-100,-100,-100,-86
1763545039182,-78,-69,-65,-100,-84,-61,-100,-100,-100,-100,-86
1763545039207,-78,-69,-65,-100,-84,-61,-100,-100,-100,-100,-86
1763545039233,-78,-69,-65,-100,-84,-61,-100,-100,-100,-100,-86
1763545039259,-78,-69,-65,-100,-84,-61,-100,-100,-100,-100,-86
1763545039284,-78,-69,-65,-100,-84,-61,-100,-100,-100,-100,-86
1763545039309,-78,-69,-65,-100,-84,-61,-100,-100,-100,-100,-86
1763545039334,-78,-69,-65,-100,-84,-61,-100,-100,-100,-100,-86
1763545039359,-79,-71,-68,-100,-86,-64,-100,-100,-100,-100,-89
1763545039384,-79,-71,-68,-100,-86,-64,-100,-100,-100,-100,-89
1763545039409,-79,-71,-68,-100,-86,-64,-100,-100,-100,-100,-89
1763545039434,-79,-71,-68,-100,-86,-64,-100,-100,-100,-100,-89
1763545039459,-79,-71,-68,-100,-86,-64,-100,-100,-100,-100,-89
1763545039485,-79,-71,-68,-100,-86,-64,-100,-100,-100,-100,-89
1763545039511,-79,-71,-68,-100,-86,-64,-100,-100,-100,-100,-89
1763545039536,-79,-71,-68,-100,-86,-64,-100,-100,-100,-100,-89
1763545039561,-79,-71,-68,-100,-86,-64,-100,-100,-100,-100,-89
1763545039586,-79,-71,-68,-100,-86,-64,-100,-100,-100,-100,-89
1763545039611,-79,-71,-68,-100,-86,-64,-100,-100,-100,-100,-89
1763545039637,-79,-71,-68,-100,-86,-64,-100,-100,-100,-100,-89
1763545039662,-79,-71,-68,-100,-86,-64,-100,-100,-100,-100,-89
1763545039687,-79,-71,-68,-100,-86,-64,-100,-100,-100,-100,-89
1763545039712,-79,-71,-68,-100,-86,-64,-100,-100,-100,-100,-89
1763545039737,-79,-71,-68,-100,-86,-64,-100,-100,-100,-100,-89
1763545039762,-79,-71,-68,-100,-86,-64,-100,-100,-100,-100,-89
1763545039789,-79,-71,-68,-100,-86,-64,-100,-100,-100,-100,-89
1763545039814,-79,-71,-68,-100,-86,-64,-100,-100,-100,-100,-89
1763545039841,-79,-71,-68,-100,-86,-64,-100,-100,-100,-100,-89
1763545039867,-78,-71,-69,-100,-86,-66,-100,-100,-100,-100,-89
1763545039893,-78,-71,-69,-100,-86,-66,-100,-100,-100,-100,-89
1763545039919,-78,-71,-69,-100,-86,-66,-100,-100,-100,-100,-89
1763545039945,-78,-71,-69,-100,-86,-66,-100,-100,-100,-100,-89
1763545039970,-78,-71,-69,-100,-86,-66,-100,-100,-100,-100,-89
1763545039995,-78,-71,-69,-100,-86,-66,-100,-100,-100,-100,-89
1763545040022,-78,-71,-69,-100,-86,-66,-100,-100,-100,-100,-89
1763545040047,-78,-71,-69,-100,-86,-66,-100,-100,-100,-100,-89
1763545040072,-78,-71,-69,-100,-86,-66,-100,-100,-100,-100,-89
1763545040097,-78,-71,-69,-100,-86,-66,-100,-100,-100,-100,-89
1763545040123,-78,-71,-69,-100,-86,-66,-100,-100,-100,-100,-89
1763545040148,-78,-71,-69,-100,-86,-66,-100,-100,-100,-100,-89
1763545040173,-78,-71,-69,-100,-86,-66,-100,-100,-100,-100,-89
1763545040198,-78,-71,-69,-100,-86,-66,-100,-100,-100,-100,-89
1763545040223,-78,-71,-69,-100,-86,-66,-100,-100,-100,-100,-89
1763545040248,-78,-71,-69,-100,-86,-66,-100,-100,-100,-100,-89
1763545040274,-78,-71,-69,-100,-86,-66,-100,-100,-100,-100,-89
1763545040299,-78,-71,-69,-100,-86,-66,-100,-100,-100,-100,-89
1763545040324,-78,-71,-69,-100,-86,-66,-100,-100,-100,-100,-89
1763545040349,-74,-70,-65,-100,-82,-69,-95,-100,-100,-100,-100
1763545040375,-74,-70,-65,-100,-82,-69,-95,-100,-100,-100,-100
1763545040400,-74,-70,-65,-100,-82,-69,-95,-100,-100,-100,-100
1763545040425,-74,-70,-65,-100,-82,-69,-95,-100,-100,-100,-100
1763545040450,-74,-70,-65,-100,-82,-69,-95,-100,-100,-100,-100
1763545040475,-74,-70,-65,-100,-82,-69,-95,-100,-100,-100,-100
1763545040501,-74,-70,-65,-100,-82,-69,-95,-100,-100,-100,-100
1763545040527,-74,-70,-65,-100,-82,-69,-95,-100,-100,-100,-100
1763545040552,-74,-70,-65,-100,-82,-69,-95,-100,-100,-100,-100
1763545040577,-74,-70,-65,-100,-82,-69,-95,-100,-100,-100,-100
1763545040602,-74,-70,-65,-100,-82,-69,-95,-100,-100,-100,-100
1763545040627,-74,-70,-65,-100,-82,-69,-95,-100,-100,-100,-100
1763545040652,-74,-70,-65,-100,-82,-69,-95,-100,-100,-100,-100
1763545040677,-74,-70,-65,-100,-82,-69,-95,-100,-100,-100,-100
1763545040702,-74,-70,-65,-100,-82,-69,-95,-100,-100,-100,-100
1763545040727,-74,-70,-65,-100,-82,-69,-95,-100,-100,-100,-100
1763545040752,-74,-70,-65,-100,-82,-69,-95,-100,-100,-100,-100
1763545040777,-74,-70,-65,-100,-82,-69,-95,-100,-100,-100,-100
1763545040802,-74,-70,-65,-100,-82,-69,-95,-100,-100,-100,-100
1763545040827,-74,-70,-65,-100,-82,-69,-95,-100,-100,-100,-100
1763545040855,-69,-70,-64,-100,-82,-71,-95,-100,-100,-100,-83
1763545040880,-69,-70,-64,-100,-82,-71,-95,-100,-100,-100,-83
1763545040905,-69,-70,-64,-100,-82,-71,-95,-100,-100,-100,-83
1763545040930,-69,-70,-64,-100,-82,-71,-95,-100,-100,-100,-83
1763545040955,-69,-70,-64,-100,-82,-71,-95,-100,-100,-100,-83
1763545040981,-69,-70,-64,-100,-82,-71,-95,-100,-100,-100,-83
1763545041006,-69,-70,-64,-100,-82,-71,-95,-100,-100,-100,-83
1763545041031,-69,-70,-64,-100,-82,-71,-95,-100,-100,-100,-83
1763545041056,-69,-70,-64,-100,-82,-71,-95,-100,-100,-100,-83
1763545041081,-69,-70,-64,-100,-82,-71,-95,-100,-100,-100,-83
1763545041106,-69,-70,-64,-100,-82,-71,-95,-100,-100,-100,-83
1763545041131,-69,-70,-64,-100,-82,-71,-95,-100,-100,-100,-83
1763545041156,-69,-70,-64,-100,-82,-71,-95,-100,-100,-100,-83
1763545041182,-69,-70,-64,-100,-82,-71,-95,-100,-100,-100,-83
1763545041208,-69,-70,-64,-100,-82,-71,-95,-100,-100,-100,-83
1763545041233,-69,-70,-64,-100,-82,-71,-95,-100,-100,-100,-83
1763545041258,-69,-70,-64,-100,-82,-71,-95,-100,-100,-100,-83
1763545041283,-69,-70,-64,-100,-82,-71,-95,-100,-100,-100,-83
1763545041308,-69,-70,-64,-100,-82,-71,-95,-100,-100,-100,-83
1763545041333,-69,-70,-64,-100,-82,-71,-95,-100,-100,-100,-83
1763545041358,-70,-69,-61,-100,-80,-72,-100,-100,-100,-100,-83
1763545041383,-70,-69,-61,-100,-80,-72,-100,-100,-100,-100,-83
1763545041409,-70,-69,-61,-100,-80,-72,-100,-100,-100,-100,-83
1763545041434,-70,-69,-61,-100,-80,-72,-100,-100,-100,-100,-83
1763545041459,-70,-69,-61,-100,-80,-72,-100,-100,-100,-100,-83
1763545041484,-70,-69,-61,-100,-80,-72,-100,-100,-100,-100,-83
1763545041509,-70,-69,-61,-100,-80,-72,-100,-100,-100,-100,-83
1763545041534,-70,-69,-61,-100,-80,-72,-100,-100,-100,-100,-83
1763545041559,-70,-69,-61,-100,-80,-72,-100,-100,-100,-100,-83
1763545041584,-70,-69,-61,-100,-80,-72,-100,-100,-100,-100,-83
1763545041609,-70,-69,-61,-100,-80,-72,-100,-100,-100,-100,-83
1763545041634,-70,-69,-61,-100,-80,-72,-100,-100,-100,-100,-83
1763545041659,-70,-69,-61,-100,-80,-72,-100,-100,-100,-100,-83
1763545041684,-70,-69,-61,-100,-80,-72,-100,-100,-100,-100,-83
1763545041709,-70,-69,-61,-100,-80,-72,-100,-100,-100,-100,-83
1763545041735,-70,-69,-61,-100,-80,-72,-100,-100,-100,-100,-83
1763545041760,-70,-69,-61,-100,-80,-72,-100,-100,-100,-100,-83
1763545041785,-70,-69,-61,-100,-80,-72,-100,-100,-100,-100,-83
1763545041815,-70,-69,-61,-100,-80,-72,-100,-100,-100,-100,-83
1763545041841,-70,-69,-61,-100,-80,-72,-100,-100,-100,-100,-83
1763545041866,-73,-69,-57,-100,-80,-73,-100,-100,-100,-100,-83
1763545041891,-73,-69,-57,-100,-80,-73,-100,-100,-100,-100,-83
1763545041916,-73,-69,-57,-100,-80,-73,-100,-100,-100,-100,-83
1763545041941,-73,-69,-57,-100,-80,-73,-100,-100,-100,-100,-83
1763545041966,-73,-69,-57,-100,-80,-73,-100,-100,-100,-100,-83
1763545041992,-73,-69,-57,-100,-80,-73,-100,-100,-100,-100,-83
1763545042016,-73,-69,-57,-100,-80,-73,-100,-100,-100,-100,-83
1763545042041,-73,-69,-57,-100,-80,-73,-100,-100,-100,-100,-83
1763545042066,-73,-69,-57,-100,-80,-73,-100,-100,-100,-100,-83
1763545042091,-73,-69,-57,-100,-80,-73,-100,-100,-100,-100,-83
1763545042116,-73,-69,-57,-100,-80,-73,-100,-100,-100,-100,-83
1763545042141,-73,-69,-57,-100,-80,-73,-100,-100,-100,-100,-83
1763545042166,-73,-69,-57,-100,-80,-73,-100,-100,-100,-100,-83
1763545042191,-73,-69,-57,-100,-80,-73,-100,-100,-100,-100,-83
1763545042216,-73,-69,-57,-100,-80,-73,-100,-100,-100,-100,-83
1763545042241,-73,-69,-57,-100,-80,-73,-100,-100,-100,-100,-83
1763545042266,-73,-69,-57,-100,-80,-73,-100,-100,-100,-100,-83
1763545042291,-73,-69,-57,-100,-80,-73,-100,-100,-100,-100,-83
1763545042317,-73,-69,-57,-100,-80,-73,-100,-100,-100,-100,-83
1763545042342,-73,-69,-57,-100,-80,-73,-100,-100,-100,-100,-83
1763545042367,-71,-70,-53,-100,-81,-73,-100,-100,-100,-100,-100
1763545042392,-71,-70,-53,-100,-81,-73,-100,-100,-100,-100,-100
1763545042417,-71,-70,-53,-100,-81,-73,-100,-100,-100,-100,-100
1763545042442,-71,-70,-53,-100,-81,-73,-100,-100,-100,-100,-100
1763545042467,-71,-70,-53,-100,-81,-73,-100,-100,-100,-100,-100
1763545042492,-71,-70,-53,-100,-81,-73,-100,-100,-100,-100,-100
1763545042517,-71,-70,-53,-100,-81,-73,-100,-100,-100,-100,-100
1763545042542,-71,-70,-53,-100,-81,-73,-100,-100,-100,-100,-100
1763545042568,-71,-70,-53,-100,-81,-73,-100,-100,-100,-100,-100
1763545042593,-71,-70,-53,-100,-81,-73,-100,-100,-100,-100,-100
1763545042618,-71,-70,-53,-100,-81,-73,-100,-100,-100,-100,-100
1763545042643,-71,-70,-53,-100,-81,-73,-100,-100,-100,-100,-100
1763545042668,-71,-70,-53,-100,-81,-73,-100,-100,-100,-100,-100
1763545042693,-71,-70,-53,-100,-81,-73,-100,-100,-100,-100,-100
1763545042718,-71,-70,-53,-100,-81,-73,-100,-100,-100,-100,-100
1763545042743,-71,-70,-53,-100,-81,-73,-100,-100,-100,-100,-100
1763545042769,-71,-70,-53,-100,-81,-73,-100,-100,-100,-100,-100
1763545042794,-71,-70,-53,-100,-81,-73,-100,-100,-100,-100,-100
1763545042819,-71,-70,-53,-100,-81,-73,-100,-100,-100,-100,-100
1763545042844,-71,-70,-53,-100,-81,-73,-100,-100,-100,-100,-100
1763545042869,-69,-70,-51,-100,-82,-72,-100,-100,-100,-100,-83
1763545042894,-69,-70,-51,-100,-82,-72,-100,-100,-100,-100,-83
1763545042920,-69,-70,-51,-100,-82,-72,-100,-100,-100,-100,-83
1763545042946,-69,-70,-51,-100,-82,-72,-100,-100,-100,-100,-83
1763545042971,-69,-70,-51,-100,-82,-72,-100,-100,-100,-100,-83
1763545042996,-69,-70,-51,-100,-82,-72,-100,-100,-100,-100,-83
1763545043021,-69,-70,-51,-100,-82,-72,-100,-100,-100,-100,-83
1763545043046,-69,-70,-51,-100,-82,-72,-100,-100,-100,-100,-83
1763545043071,-69,-70,-51,-100,-82,-72,-100,-100,-100,-100,-83
1763545043096,-69,-70,-51,-100,-82,-72,-100,-100,-100,-100,-83
1763545043121,-69,-70,-51,-100,-82,-72,-100,-100,-100,-100,-83
1763545043147,-69,-70,-51,-100,-82,-72,-100,-100,-100,-100,-83
1763545043172,-69,-70,-51,-100,-82,-72,-100,-100,-100,-100,-83
1763545043198,-69,-70,-51,-100,-82,-72,-100,-100,-100,-100,-83
1763545043224,-69,-70,-51,-100,-82,-72,-100,-100,-100,-100,-83
1763545043249,-69,-70,-51,-100,-82,-72,-100,-100,-100,-100,-83
1763545043275,-69,-70,-51,-100,-82,-72,-100,-100,-100,-100,-83
1763545043300,-69,-70,-51,-100,-82,-72,-100,-100,-100,-100,-83
1763545043325,-69,-70,-51,-100,-82,-72,-100,-100,-100,-100,-83
1763545043350,-68,-72,-50,-100,-81,-66,-100,-100,-100,-100,-84
1763545043375,-68,-72,-50,-100,-81,-66,-100,-100,-100,-100,-84
1763545043400,-68,-72,-50,-100,-81,-66,-100,-100,-100,-100,-84
1763545043426,-68,-72,-50,-100,-81,-66,-100,-100,-100,-100,-84
1763545043451,-68,-72,-50,-100,-81,-66,-100,-100,-100,-100,-84
1763545043476,-68,-72,-50,-100,-81,-66,-100,-100,-100,-100,-84
1763545043501,-68,-72,-50,-100,-81,-66,-100,-100,-100,-100,-84
1763545043527,-68,-72,-50,-100,-81,-66,-100,-100,-100,-100,-84
1763545043552,-68,-72,-50,-100,-81,-66,-100,-100,-100,-100,-84
1763545043578,-68,-72,-50,-100,-81,-66,-100,-100,-100,-100,-84
1763545043603,-68,-72,-50,-100,-81,-66,-100,-100,-100,-100,-84
1763545043628,-68,-72,-50,-100,-81,-66,-100,-100,-100,-100,-84
1763545043653,-68,-72,-50,-100,-81,-66,-100,-100,-100,-100,-84
1763545043678,-68,-72,-50,-100,-81,-66,-100,-100,-100,-100,-84
1763545043703,-68,-72,-50,-100,-81,-66,-100,-100,-100,-100,-84
1763545043729,-68,-72,-50,-100,-81,-66,-100,-100,-100,-100,-84
1763545043754,-68,-72,-50,-100,-81,-66,-100,-100,-100,-100,-84
1763545043779,-68,-72,-50,-100,-81,-66,-100,-100,-100,-100,-84
1763545043804,-68,-72,-50,-100,-81,-66,-100,-100,-100,-100,-84
1763545043829,-68,-72,-50,-100,-81,-66,-100,-100,-100,-100,-84
1763545043854,-67,-71,-52,-100,-81,-67,-100,-100,-100,-100,-85
1763545043880,-67,-71,-52,-100,-81,-67,-100,-100,-100,-100,-85
1763545043906,-67,-71,-52,-100,-81,-67,-100,-100,-100,-100,-85
1763545043931,-67,-71,-52,-100,-81,-67,-100,-100,-100,-100,-85
1763545043957,-67,-71,-52,-100,-81,-67,-100,-100,-100,-100,-85
1763545043982,-67,-71,-52,-100,-81,-67,-100,-100,-100,-100,-85
1763545044007,-67,-71,-52,-100,-81,-67,-100,-100,-100,-100,-85
1763545044032,-67,-71,-52,-100,-81,-67,-100,-100,-100,-100,-85
1763545044058,-67,-71,-52,-100,-81,-67,-100,-100,-100,-100,-85
1763545044083,-67,-71,-52,-100,-81,-67,-100,-100,-100,-100,-85
1763545044108,-67,-71,-52,-100,-81,-67,-100,-100,-100,-100,-85
1763545044134,-67,-71,-52,-100,-81,-67,-100,-100,-100,-100,-85
1763545044161,-67,-71,-52,-100,-81,-67,-100,-100,-100,-100,-85
1763545044187,-67,-71,-52,-100,-81,-67,-100,-100,-100,-100,-85
1763545044211,-67,-71,-52,-100,-81,-67,-100,-100,-100,-100,-85
1763545044236,-67,-71,-52,-100,-81,-67,-100,-100,-100,-100,-85
1763545044261,-67,-71,-52,-100,-81,-67,-100,-100,-100,-100,-85
1763545044286,-67,-71,-52,-100,-81,-67,-100,-100,-100,-100,-85
1763545044311,-67,-71,-52,-100,-81,-67,-100,-100,-100,-100,-85
1763545044336,-67,-71,-52,-100,-81,-67,-100,-100,-100,-100,-85
1763545044361,-68,-66,-54,-100,-80,-70,-100,-100,-100,-100,-82
1763545044386,-68,-66,-54,-100,-80,-70,-100,-100,-100,-100,-82
1763545044411,-68,-66,-54,-100,-80,-70,-100,-100,-100,-100,-82
1763545044437,-68,-66,-54,-100,-80,-70,-100,-100,-100,-100,-82
1763545044463,-68,-66,-54,-100,-80,-70,-100,-100,-100,-100,-82
1763545044487,-68,-66,-54,-100,-80,-70,-100,-100,-100,-100,-82
1763545044512,-68,-66,-54,-100,-80,-70,-100,-100,-100,-100,-82
1763545044538,-68,-66,-54,-100,-80,-70,-100,-100,-100,-100,-82
1763545044563,-68,-66,-54,-100,-80,-70,-100,-100,-100,-100,-82
1763545044589,-68,-66,-54,-100,-80,-70,-100,-100,-100,-100,-82
1763545044614,-68,-66,-54,-100,-80,-70,-100,-100,-100,-100,-82
1763545044639,-68,-66,-54,-100,-80,-70,-100,-100,-100,-100,-82
1763545044665,-68,-66,-54,-100,-80,-70,-100,-100,-100,-100,-82
1763545044690,-68,-66,-54,-100,-80,-70,-100,-100,-100,-100,-82
1763545044715,-68,-66,-54,-100,-80,-70,-100,-100,-100,-100,-82
1763545044740,-68,-66,-54,-100,-80,-70,-100,-100,-100,-100,-82
1763545044765,-68,-66,-54,-100,-80,-70,-100,-100,-100,-100,-82
1763545044790,-68,-66,-54,-100,-80,-70,-100,-100,-100,-100,-82
1763545044816,-68,-66,-54,-100,-80,-70,-100,-100,-100,-100,-82
1763545044841,-68,-66,-54,-100,-80,-70,-100,-100,-100,-100,-82
1763545044867,-71,-64,-59,-100,-79,-73,-100,-100,-100,-100,-82
1763545044892,-71,-64,-59,-100,-79,-73,-100,-100,-100,-100,-82
1763545044917,-71,-64,-59,-100,-79,-73,-100,-100,-100,-100,-82
1763545044942,-71,-64,-59,-100,-79,-73,-100,-100,-100,-100,-82
1763545044968,-71,-64,-59,-100,-79,-73,-100,-100,-100,-100,-82
1763545044993,-71,-64,-59,-100,-79,-73,-100,-100,-100,-100,-82
1763545045018,-71,-64,-59,-100,-79,-73,-100,-100,-100,-100,-82
1763545045043,-71,-64,-59,-100,-79,-73,-100,-100,-100,-100,-82
1763545045068,-71,-64,-59,-100,-79,-73,-100,-100,-100,-100,-82
1763545045094,-71,-64,-59,-100,-79,-73,-100,-100,-100,-100,-82
1763545045121,-71,-64,-59,-100,-79,-73,-100,-100,-100,-100,-82
1763545045146,-71,-64,-59,-100,-79,-73,-100,-100,-100,-100,-82
1763545045171,-71,-64,-59,-100,-79,-73,-100,-100,-100,-100,-82
1763545045196,-71,-64,-59,-100,-79,-73,-100,-100,-100,-100,-82
1763545045221,-71,-64,-59,-100,-79,-73,-100,-100,-100,-100,-82
1763545045246,-71,-64,-59,-100,-79,-73,-100,-100,-100,-100,-82
1763545045271,-71,-64,-59,-100,-79,-73,-100,-100,-100,-100,-82
1763545045296,-71,-64,-59,-100,-79,-73,-100,-100,-100,-100,-82
1763545045321,-71,-64,-59,-100,-79,-73,-100,-100,-100,-100,-82
1763545045346,-71,-64,-59,-100,-79,-73,-100,-100,-100,-100,-82
1763545045371,-72,-62,-64,-100,-79,-77,-100,-100,-100,-100,-85
1763545045396,-72,-62,-64,-100,-79,-77,-100,-100,-100,-100,-85
1763545045421,-72,-62,-64,-100,-79,-77,-100,-100,-100,-100,-85
1763545045446,-72,-62,-64,-100,-79,-77,-100,-100,-100,-100,-85
1763545045472,-72,-62,-64,-100,-79,-77,-100,-100,-100,-100,-85
1763545045497,-72,-62,-64,-100,-79,-77,-100,-100,-100,-100,-85
1763545045522,-72,-62,-64,-100,-79,-77,-100,-100,-100,-100,-85
1763545045547,-72,-62,-64,-100,-79,-77,-100,-100,-100,-100,-85
1763545045573,-72,-62,-64,-100,-79,-77,-100,-100,-100,-100,-85
1763545045598,-72,-62,-64,-100,-79,-77,-100,-100,-100,-100,-85
1763545045623,-72,-62,-64,-100,-79,-77,-100,-100,-100,-100,-85
1763545045649,-72,-62,-64,-100,-79,-77,-100,-100,-100,-100,-85
1763545045675,-72,-62,-64,-100,-79,-77,-100,-100,-100,-100,-85
1763545045699,-72,-62,-64,-100,-79,-77,-100,-100,-100,-100,-85
1763545045725,-72,-62,-64,-100,-79,-77,-100,-100,-100,-100,-85
1763545045751,-72,-62,-64,-100,-79,-77,-100,-100,-100,-100,-85
1763545045778,-72,-62,-64,-100,-79,-77,-100,-100,-100,-100,-85
1763545045803,-72,-62,-64,-100,-79,-77,-100,-100,-100,-100,-85
1763545045829,-72,-62,-64,-100,-79,-77,-100,-100,-100,-100,-85
1763545045853,-64,-60,-64,-100,-76,-75,-100,-89,-86,-100,-77
1763545045878,-64,-60,-64,-100,-76,-75,-100,-89,-86,-100,-77
1763545045903,-64,-60,-64,-100,-76,-75,-100,-89,-86,-100,-77
1763545045929,-64,-60,-64,-100,-76,-75,-100,-89,-86,-100,-77
1763545045953,-64,-60,-64,-100,-76,-75,-100,-89,-86,-100,-77
1763545045980,-64,-60,-64,-100,-76,-75,-100,-89,-86,-100,-77
1763545046005,-64,-60,-64,-100,-76,-75,-100,-89,-86,-100,-77
1763545046030,-64,-60,-64,-100,-76,-75,-100,-89,-86,-100,-77
1763545046055,-64,-60,-64,-100,-76,-75,-100,-89,-86,-100,-77
1763545046080,-64,-60,-64,-100,-76,-75,-100,-89,-86,-100,-77
1763545046105,-64,-60,-64,-100,-76,-75,-100,-89,-86,-100,-77
1763545046130,-64,-60,-64,-100,-76,-75,-100,-89,-86,-100,-77
1763545046156,-64,-60,-64,-100,-76,-75,-100,-89,-86,-100,-77
1763545046181,-64,-60,-64,-100,-76,-75,-100,-89,-86,-100,-77
1763545046208,-64,-60,-64,-100,-76,-75,-100,-89,-86,-100,-77
1763545046233,-64,-60,-64,-100,-76,-75,-100,-89,-86,-100,-77
1763545046258,-64,-60,-64,-100,-76,-75,-100,-89,-86,-100,-77
1763545046283,-64,-60,-64,-100,-76,-75,-100,-89,-86,-100,-77
1763545046308,-64,-60,-64,-100,-76,-75,-100,-89,-86,-100,-77
1763545046333,-64,-60,-64,-100,-76,-75,-100,-89,-86,-100,-77
1763545046358,-56,-57,-63,-100,-74,-73,-100,-89,-86,-100,-76
1763545046383,-56,-57,-63,-100,-74,-73,-100,-89,-86,-100,-76
1763545046410,-56,-57,-63,-100,-74,-73,-100,-89,-86,-100,-76
1763545046435,-56,-57,-63,-100,-74,-73,-100,-89,-86,-100,-76
1763545046460,-56,-57,-63,-100,-74,-73,-100,-89,-86,-100,-76
1763545046485,-56,-57,-63,-100,-74,-73,-100,-89,-86,-100,-76
1763545046510,-56,-57,-63,-100,-74,-73,-100,-89,-86,-100,-76
1763545046535,-56,-57,-63,-100,-74,-73,-100,-89,-86,-100,-76
1763545046561,-56,-57,-63,-100,-74,-73,-100,-89,-86,-100,-76
1763545046587,-56,-57,-63,-100,-74,-73,-100,-89,-86,-100,-76
1763545046612,-56,-57,-63,-100,-74,-73,-100,-89,-86,-100,-76
1763545046637,-56,-57,-63,-100,-74,-73,-100,-89,-86,-100,-76
1763545046662,-56,-57,-63,-100,-74,-73,-100,-89,-86,-100,-76
1763545046687,-56,-57,-63,-100,-74,-73,-100,-89,-86,-100,-76
1763545046712,-56,-57,-63,-100,-74,-73,-100,-89,-86,-100,-76
1763545046737,-56,-57,-63,-100,-74,-73,-100,-89,-86,-100,-76
1763545046762,-56,-57,-63,-100,-74,-73,-100,-89,-86,-100,-76
1763545046787,-56,-57,-63,-100,-74,-73,-100,-89,-86,-100,-76
1763545046812,-56,-57,-63,-100,-74,-73,-100,-89,-86,-100,-76
1763545046837,-56,-57,-63,-100,-74,-73,-100,-89,-86,-100,-76
1763545046863,-54,-55,-62,-100,-73,-74,-100,-100,-88,-100,-74
1763545046888,-54,-55,-62,-100,-73,-74,-100,-100,-88,-100,-74
1763545046914,-54,-55,-62,-100,-73,-74,-100,-100,-88,-100,-74
1763545046939,-54,-55,-62,-100,-73,-74,-100,-100,-88,-100,-74
1763545046964,-54,-55,-62,-100,-73,-74,-100,-100,-88,-100,-74
1763545046989,-54,-55,-62,-100,-73,-74,-100,-100,-88,-100,-74
1763545047014,-54,-55,-62,-100,-73,-74,-100,-100,-88,-100,-74
1763545047039,-54,-55,-62,-100,-73,-74,-100,-100,-88,-100,-74
1763545047065,-54,-55,-62,-100,-73,-74,-100,-100,-88,-100,-74
1763545047091,-54,-55,-62,-100,-73,-74,-100,-100,-88,-100,-74
1763545047117,-54,-55,-62,-100,-73,-74,-100,-100,-88,-100,-74
1763545047142,-54,-55,-62,-100,-73,-74,-100,-100,-88,-100,-74
1763545047167,-54,-55,-62,-100,-73,-74,-100,-100,-88,-100,-74
1763545047192,-54,-55,-62,-100,-73,-74,-100,-100,-88,-100,-74
1763545047217,-54,-55,-62,-100,-73,-74,-100,-100,-88,-100,-74
1763545047243,-54,-55,-62,-100,-73,-74,-100,-100,-88,-100,-74
1763545047268,-54,-55,-62,-100,-73,-74,-100,-100,-88,-100,-74
1763545047293,-54,-55,-62,-100,-73,-74,-100,-100,-88,-100,-74
1763545047319,-54,-55,-62,-100,-73,-74,-100,-100,-88,-100,-74
1763545047345,-54,-55,-62,-100,-73,-74,-100,-100,-88,-100,-74
1763545047370,-59,-53,-64,-100,-71,-72,-84,-100,-88,-100,-75
1763545047395,-59,-53,-64,-100,-71,-72,-84,-100,-88,-100,-75
1763545047421,-59,-53,-64,-100,-71,-72,-84,-100,-88,-100,-75
1763545047446,-59,-53,-64,-100,-71,-72,-84,-100,-88,-100,-75
1763545047471,-59,-53,-64,-100,-71,-72,-84,-100,-88,-100,-75
1763545047496,-59,-53,-64,-100,-71,-72,-84,-100,-88,-100,-75
1763545047521,-59,-53,-64,-100,-71,-72,-84,-100,-88,-100,-75
1763545047546,-59,-53,-64,-100,-71,-72,-84,-100,-88,-100,-75
1763545047573,-59,-53,-64,-100,-71,-72,-84,-100,-88,-100,-75
1763545047598,-59,-53,-64,-100,-71,-72,-84,-100,-88,-100,-75
1763545047624,-59,-53,-64,-100,-71,-72,-84,-100,-88,-100,-75
1763545047649,-59,-53,-64,-100,-71,-72,-84,-100,-88,-100,-75
1763545047675,-59,-53,-64,-100,-71,-72,-84,-100,-88,-100,-75
1763545047700,-59,-53,-64,-100,-71,-72,-84,-100,-88,-100,-75
1763545047725,-59,-53,-64,-100,-71,-72,-84,-100,-88,-100,-75
1763545047750,-59,-53,-64,-100,-71,-72,-84,-100,-88,-100,-75
1763545047776,-59,-53,-64,-100,-71,-72,-84,-100,-88,-100,-75
1763545047801,-59,-53,-64,-100,-71,-72,-84,-100,-88,-100,-75
1763545047826,-59,-53,-64,-100,-71,-72,-84,-100,-88,-100,-75
1763545047852,-59,-53,-64,-100,-71,-72,-84,-100,-88,-100,-75
1763545047877,-59,-51,-64,-100,-71,-74,-84,-85,-81,-100,-78
1763545047902,-59,-51,-64,-100,-71,-74,-84,-85,-81,-100,-78
1763545047928,-59,-51,-64,-100,-71,-74,-84,-85,-81,-100,-78
1763545047954,-59,-51,-64,-100,-71,-74,-84,-85,-81,-100,-78
1763545047979,-59,-51,-64,-100,-71,-74,-84,-85,-81,-100,-78
1763545048004,-59,-51,-64,-100,-71,-74,-84,-85,-81,-100,-78
1763545048029,-59,-51,-64,-100,-71,-74,-84,-85,-81,-100,-78
1763545048054,-59,-51,-64,-100,-71,-74,-84,-85,-81,-100,-78
1763545048080,-59,-51,-64,-100,-71,-74,-84,-85,-81,-100,-78
1763545048105,-59,-51,-64,-100,-71,-74,-84,-85,-81,-100,-78
1763545048131,-59,-51,-64,-100,-71,-74,-84,-85,-81,-100,-78
1763545048157,-59,-51,-64,-100,-71,-74,-84,-85,-81,-100,-78
1763545048182,-59,-51,-64,-100,-71,-74,-84,-85,-81,-100,-78
1763545048208,-59,-51,-64,-100,-71,-74,-84,-85,-81,-100,-78
1763545048233,-59,-51,-64,-100,-71,-74,-84,-85,-81,-100,-78
1763545048258,-59,-51,-64,-100,-71,-74,-84,-85,-81,-100,-78
1763545048283,-59,-51,-64,-100,-71,-74,-84,-85,-81,-100,-78
1763545048309,-59,-51,-64,-100,-71,-74,-84,-85,-81,-100,-78
1763545048334,-59,-51,-64,-100,-71,-74,-84,-85,-81,-100,-78
1763545048361,-58,-49,-63,-100,-71,-74,-84,-85,-81,-100,-76
1763545048387,-58,-49,-63,-100,-71,-74,-84,-85,-81,-100,-76
1763545048412,-58,-49,-63,-100,-71,-74,-84,-85,-81,-100,-76
1763545048437,-58,-49,-63,-100,-71,-74,-84,-85,-81,-100,-76
1763545048462,-58,-49,-63,-100,-71,-74,-84,-85,-81,-100,-76
1763545048487,-58,-49,-63,-100,-71,-74,-84,-85,-81,-100,-76
1763545048513,-58,-49,-63,-100,-71,-74,-84,-85,-81,-100,-76
1763545048537,-58,-49,-63,-100,-71,-74,-84,-85,-81,-100,-76
1763545048563,-58,-49,-63,-100,-71,-74,-84,-85,-81,-100,-76
1763545048587,-58,-49,-63,-100,-71,-74,-84,-85,-81,-100,-76
1763545048612,-58,-49,-63,-100,-71,-74,-84,-85,-81,-100,-76
1763545048637,-58,-49,-63,-100,-71,-74,-84,-85,-81,-100,-76
1763545048662,-58,-49,-63,-100,-71,-74,-84,-85,-81,-100,-76
1763545048687,-58,-49,-63,-100,-71,-74,-84,-85,-81,-100,-76
1763545048712,-58,-49,-63,-100,-71,-74,-84,-85,-81,-100,-76
1763545048737,-58,-49,-63,-100,-71,-74,-84,-85,-81,-100,-76
1763545048762,-58,-49,-63,-100,-71,-74,-84,-85,-81,-100,-76
1763545048787,-58,-49,-63,-100,-71,-74,-84,-85,-81,-100,-76
1763545048813,-58,-49,-63,-100,-71,-74,-84,-85,-81,-100,-76
1763545048838,-58,-49,-63,-100,-71,-74,-84,-85,-81,-100,-76
1763545048863,-57,-50,-64,-100,-73,-74,-100,-83,-100,-100,-75
1763545048888,-57,-50,-64,-100,-73,-74,-100,-83,-100,-100,-75
1763545048914,-57,-50,-64,-100,-73,-74,-100,-83,-100,-100,-75
1763545048939,-57,-50,-64,-100,-73,-74,-100,-83,-100,-100,-75
1763545048964,-57,-50,-64,-100,-73,-74,-100,-83,-100,-100,-75
1763545048990,-57,-50,-64,-100,-73,-74,-100,-83,-100,-100,-75
1763545049015,-57,-50,-64,-100,-73,-74,-100,-83,-100,-100,-75
1763545049040,-57,-50,-64,-100,-73,-74,-100,-83,-100,-100,-75
1763545049066,-57,-50,-64,-100,-73,-74,-100,-83,-100,-100,-75
1763545049091,-57,-50,-64,-100,-73,-74,-100,-83,-100,-100,-75
1763545049116,-57,-50,-64,-100,-73,-74,-100,-83,-100,-100,-75
1763545049141,-57,-50,-64,-100,-73,-74,-100,-83,-100,-100,-75
1763545049166,-57,-50,-64,-100,-73,-74,-100,-83,-100,-100,-75
1763545049191,-57,-50,-64,-100,-73,-74,-100,-83,-100,-100,-75
1763545049216,-57,-50,-64,-100,-73,-74,-100,-83,-100,-100,-75
1763545049242,-57,-50,-64,-100,-73,-74,-100,-83,-100,-100,-75
1763545049267,-57,-50,-64,-100,-73,-74,-100,-83,-100,-100,-75
1763545049292,-57,-50,-64,-100,-73,-74,-100,-83,-100,-100,-75
1763545049317,-57,-50,-64,-100,-73,-74,-100,-83,-100,-100,-75
1763545049343,-57,-50,-64,-100,-73,-74,-100,-83,-100,-100,-75
1763545049368,-56,-52,-65,-100,-76,-73,-86,-83,-100,-100,-74
1763545049393,-56,-52,-65,-100,-76,-73,-86,-83,-100,-100,-74
1763545049418,-56,-52,-65,-100,-76,-73,-86,-83,-100,-100,-74
1763545049443,-56,-52,-65,-100,-76,-73,-86,-83,-100,-100,-74
1763545049468,-56,-52,-65,-100,-76,-73,-86,-83,-100,-100,-74
1763545049493,-56,-52,-65,-100,-76,-73,-86,-83,-100,-100,-74
1763545049519,-56,-52,-65,-100,-76,-73,-86,-83,-100,-100,-74
1763545049544,-56,-52,-65,-100,-76,-73,-86,-83,-100,-100,-74
1763545049569,-56,-52,-65,-100,-76,-73,-86,-83,-100,-100,-74
1763545049594,-56,-52,-65,-100,-76,-73,-86,-83,-100,-100,-74
1763545049620,-56,-52,-65,-100,-76,-73,-86,-83,-100,-100,-74
1763545049645,-56,-52,-65,-100,-76,-73,-86,-83,-100,-100,-74
1763545049670,-56,-52,-65,-100,-76,-73,-86,-83,-100,-100,-74
1763545049695,-56,-52,-65,-100,-76,-73,-86,-83,-100,-100,-74
1763545049720,-56,-52,-65,-100,-76,-73,-86,-83,-100,-100,-74
1763545049745,-56,-52,-65,-100,-76,-73,-86,-83,-100,-100,-74
1763545049771,-56,-52,-65,-100,-76,-73,-86,-83,-100,-100,-74
1763545049795,-56,-52,-65,-100,-76,-73,-86,-83,-100,-100,-74
1763545049820,-56,-52,-65,-100,-76,-73,-86,-83,-100,-100,-74
1763545049845,-56,-52,-65,-100,-76,-73,-86,-83,-100,-100,-74
1763545049870,-54,-58,-65,-100,-74,-77,-82,-100,-100,-100,-74
1763545049896,-54,-58,-65,-100,-74,-77,-82,-100,-100,-100,-74
1763545049921,-54,-58,-65,-100,-74,-77,-82,-100,-100,-100,-74
1763545049946,-54,-58,-65,-100,-74,-77,-82,-100,-100,-100,-74
1763545049971,-54,-58,-65,-100,-74,-77,-82,-100,-100,-100,-74
1763545049997,-54,-58,-65,-100,-74,-77,-82,-100,-100,-100,-74
1763545050022,-54,-58,-65,-100,-74,-77,-82,-100,-100,-100,-74
1763545050047,-54,-58,-65,-100,-74,-77,-82,-100,-100,-100,-74
1763545050073,-54,-58,-65,-100,-74,-77,-82,-100,-100,-100,-74
1763545050098,-54,-58,-65,-100,-74,-77,-82,-100,-100,-100,-74
1763545050123,-54,-58,-65,-100,-74,-77,-82,-100,-100,-100,-74
1763545050148,-54,-58,-65,-100,-74,-77,-82,-100,-100,-100,-74
1763545050173,-54,-58,-65,-100,-74,-77,-82,-100,-100,-100,-74
1763545050198,-54,-58,-65,-100,-74,-77,-82,-100,-100,-100,-74
1763545050224,-54,-58,-65,-100,-74,-77,-82,-100,-100,-100,-74
1763545050248,-54,-58,-65,-100,-74,-77,-82,-100,-100,-100,-74
1763545050274,-54,-58,-65,-100,-74,-77,-82,-100,-100,-100,-74
1763545050299,-54,-58,-65,-100,-74,-77,-82,-100,-100,-100,-74
1763545050324,-54,-58,-65,-100,-74,-77,-82,-100,-100,-100,-74
1763545050349,-54,-58,-65,-100,-74,-77,-82,-100,-100,-100,-74
1763545050375,-54,-58,-65,-100,-71,-78,-82,-83,-81,-100,-74
1763545050401,-54,-58,-65,-100,-71,-78,-82,-83,-81,-100,-74
1763545050426,-54,-58,-65,-100,-71,-78,-82,-83,-81,-100,-74
1763545050451,-54,-58,-65,-100,-71,-78,-82,-83,-81,-100,-74
1763545050477,-54,-58,-65,-100,-71,-78,-82,-83,-81,-100,-74
1763545050503,-54,-58,-65,-100,-71,-78,-82,-83,-81,-100,-74
1763545050527,-54,-58,-65,-100,-71,-78,-82,-83,-81,-100,-74
1763545050553,-54,-58,-65,-100,-71,-78,-82,-83,-81,-100,-74
1763545050578,-54,-58,-65,-100,-71,-78,-82,-83,-81,-100,-74
1763545050603,-54,-58,-65,-100,-71,-78,-82,-83,-81,-100,-74
1763545050628,-54,-58,-65,-100,-71,-78,-82,-83,-81,-100,-74
1763545050653,-54,-58,-65,-100,-71,-78,-82,-83,-81,-100,-74
1763545050679,-54,-58,-65,-100,-71,-78,-82,-83,-81,-100,-74
1763545050704,-54,-58,-65,-100,-71,-78,-82,-83,-81,-100,-74
1763545050729,-54,-58,-65,-100,-71,-78,-82,-83,-81,-100,-74
1763545050754,-54,-58,-65,-100,-71,-78,-82,-83,-81,-100,-74
1763545050780,-54,-58,-65,-100,-71,-78,-82,-83,-81,-100,-74
1763545050805,-54,-58,-65,-100,-71,-78,-82,-83,-81,-100,-74
1763545050830,-54,-58,-65,-100,-71,-78,-82,-83,-81,-100,-74
1763545050858,-53,-59,-66,-100,-69,-77,-79,-83,-81,-100,-74
1763545050882,-53,-59,-66,-100,-69,-77,-79,-83,-81,-100,-74
1763545050907,-53,-59,-66,-100,-69,-77,-79,-83,-81,-100,-74
1763545050932,-53,-59,-66,-100,-69,-77,-79,-83,-81,-100,-74
1763545050959,-53,-59,-66,-100,-69,-77,-79,-83,-81,-100,-74
1763545050984,-53,-59,-66,-100,-69,-77,-79,-83,-81,-100,-74
1763545051010,-53,-59,-66,-100,-69,-77,-79,-83,-81,-100,-74
1763545051035,-53,-59,-66,-100,-69,-77,-79,-83,-81,-100,-74
1763545051062,-53,-59,-66,-100,-69,-77,-79,-83,-81,-100,-74
1763545051087,-53,-59,-66,-100,-69,-77,-79,-83,-81,-100,-74
1763545051112,-53,-59,-66,-100,-69,-77,-79,-83,-81,-100,-74
1763545051138,-53,-59,-66,-100,-69,-77,-79,-83,-81,-100,-74
1763545051163,-53,-59,-66,-100,-69,-77,-79,-83,-81,-100,-74
1763545051188,-53,-59,-66,-100,-69,-77,-79,-83,-81,-100,-74
1763545051213,-53,-59,-66,-100,-69,-77,-79,-83,-81,-100,-74
1763545051239,-53,-59,-66,-100,-69,-77,-79,-83,-81,-100,-74
1763545051264,-53,-59,-66,-100,-69,-77,-79,-83,-81,-100,-74
1763545051289,-53,-59,-66,-100,-69,-77,-79,-83,-81,-100,-74
1763545051314,-53,-59,-66,-100,-69,-77,-79,-83,-81,-100,-74
1763545051340,-53,-59,-66,-100,-69,-77,-79,-83,-81,-100,-74
1763545051365,-57,-62,-65,-100,-68,-77,-100,-81,-81,-100,-73
1763545051391,-57,-62,-65,-100,-68,-77,-100,-81,-81,-100,-73
1763545051416,-57,-62,-65,-100,-68,-77,-100,-81,-81,-100,-73
1763545051442,-57,-62,-65,-100,-68,-77,-100,-81,-81,-100,-73
1763545051467,-57,-62,-65,-100,-68,-77,-100,-81,-81,-100,-73
1763545051492,-57,-62,-65,-100,-68,-77,-100,-81,-81,-100,-73
1763545051517,-57,-62,-65,-100,-68,-77,-100,-81,-81,-100,-73
1763545051543,-57,-62,-65,-100,-68,-77,-100,-81,-81,-100,-73
1763545051567,-57,-62,-65,-100,-68,-77,-100,-81,-81,-100,-73
1763545051592,-57,-62,-65,-100,-68,-77,-100,-81,-81,-100,-73
1763545051618,-57,-62,-65,-100,-68,-77,-100,-81,-81,-100,-73
1763545051643,-57,-62,-65,-100,-68,-77,-100,-81,-81,-100,-73
1763545051668,-57,-62,-65,-100,-68,-77,-100,-81,-81,-100,-73
1763545051694,-57,-62,-65,-100,-68,-77,-100,-81,-81,-100,-73
1763545051719,-57,-62,-65,-100,-68,-77,-100,-81,-81,-100,-73
1763545051744,-57,-62,-65,-100,-68,-77,-100,-81,-81,-100,-73
1763545051769,-57,-62,-65,-100,-68,-77,-100,-81,-81,-100,-73
1763545051794,-57,-62,-65,-100,-68,-77,-100,-81,-81,-100,-73
1763545051819,-57,-62,-65,-100,-68,-77,-100,-81,-81,-100,-73
1763545051844,-57,-62,-65,-100,-68,-77,-100,-81,-81,-100,-73
1763545051869,-56,-65,-65,-100,-70,-77,-100,-81,-82,-100,-73
1763545051894,-56,-65,-65,-100,-70,-77,-100,-81,-82,-100,-73
1763545051919,-56,-65,-65,-100,-70,-77,-100,-81,-82,-100,-73
1763545051944,-56,-65,-65,-100,-70,-77,-100,-81,-82,-100,-73
1763545051970,-56,-65,-65,-100,-70,-77,-100,-81,-82,-100,-73
1763545051995,-56,-65,-65,-100,-70,-77,-100,-81,-82,-100,-73
1763545052020,-56,-65,-65,-100,-70,-77,-100,-81,-82,-100,-73
1763545052045,-56,-65,-65,-100,-70,-77,-100,-81,-82,-100,-73
1763545052070,-56,-65,-65,-100,-70,-77,-100,-81,-82,-100,-73
1763545052095,-56,-65,-65,-100,-70,-77,-100,-81,-82,-100,-73
1763545052120,-56,-65,-65,-100,-70,-77,-100,-81,-82,-100,-73
1763545052145,-56,-65,-65,-100,-70,-77,-100,-81,-82,-100,-73
1763545052171,-56,-65,-65,-100,-70,-77,-100,-81,-82,-100,-73
1763545052196,-56,-65,-65,-100,-70,-77,-100,-81,-82,-100,-73
1763545052221,-56,-65,-65,-100,-70,-77,-100,-81,-82,-100,-73
1763545052247,-56,-65,-65,-100,-70,-77,-100,-81,-82,-100,-73
1763545052273,-56,-65,-65,-100,-70,-77,-100,-81,-82,-100,-73
1763545052298,-56,-65,-65,-100,-70,-77,-100,-81,-82,-100,-73
1763545052323,-56,-65,-65,-100,-70,-77,-100,-81,-82,-100,-73
1763545052349,-56,-65,-65,-100,-70,-77,-100,-81,-82,-100,-73
1763545052377,-55,-66,-66,-100,-69,-77,-84,-100,-83,-100,-73
1763545052402,-55,-66,-66,-100,-69,-77,-84,-100,-83,-100,-73
1763545052428,-55,-66,-66,-100,-69,-77,-84,-100,-83,-100,-73
1763545052454,-55,-66,-66,-100,-69,-77,-84,-100,-83,-100,-73
1763545052480,-55,-66,-66,-100,-69,-77,-84,-100,-83,-100,-73
1763545052506,-55,-66,-66,-100,-69,-77,-84,-100,-83,-100,-73
1763545052531,-55,-66,-66,-100,-69,-77,-84,-100,-83,-100,-73
1763545052556,-55,-66,-66,-100,-69,-77,-84,-100,-83,-100,-73
1763545052581,-55,-66,-66,-100,-69,-77,-84,-100,-83,-100,-73
1763545052606,-55,-66,-66,-100,-69,-77,-84,-100,-83,-100,-73
1763545052632,-55,-66,-66,-100,-69,-77,-84,-100,-83,-100,-73
1763545052657,-55,-66,-66,-100,-69,-77,-84,-100,-83,-100,-73
1763545052682,-55,-66,-66,-100,-69,-77,-84,-100,-83,-100,-73
1763545052708,-55,-66,-66,-100,-69,-77,-84,-100,-83,-100,-73
1763545052732,-55,-66,-66,-100,-69,-77,-84,-100,-83,-100,-73
1763545052757,-55,-66,-66,-100,-69,-77,-84,-100,-83,-100,-73
1763545052783,-55,-66,-66,-100,-69,-77,-84,-100,-83,-100,-73
1763545052808,-55,-66,-66,-100,-69,-77,-84,-100,-83,-100,-73
1763545052833,-55,-66,-66,-100,-69,-77,-84,-100,-83,-100,-73
1763545052859,-57,-65,-67,-100,-67,-80,-84,-77,-83,-100,-72
1763545052884,-57,-65,-67,-100,-67,-80,-84,-77,-83,-100,-72
1763545052909,-57,-65,-67,-100,-67,-80,-84,-77,-83,-100,-72
1763545052935,-57,-65,-67,-100,-67,-80,-84,-77,-83,-100,-72
1763545052961,-57,-65,-67,-100,-67,-80,-84,-77,-83,-100,-72
1763545052987,-57,-65,-67,-100,-67,-80,-84,-77,-83,-100,-72
1763545053011,-57,-65,-67,-100,-67,-80,-84,-77,-83,-100,-72
1763545053036,-57,-65,-67,-100,-67,-80,-84,-77,-83,-100,-72
1763545053061,-57,-65,-67,-100,-67,-80,-84,-77,-83,-100,-72
1763545053086,-57,-65,-67,-100,-67,-80,-84,-77,-83,-100,-72
1763545053111,-57,-65,-67,-100,-67,-80,-84,-77,-83,-100,-72
1763545053137,-57,-65,-67,-100,-67,-80,-84,-77,-83,-100,-72
1763545053162,-57,-65,-67,-100,-67,-80,-84,-77,-83,-100,-72
1763545053188,-57,-65,-67,-100,-67,-80,-84,-77,-83,-100,-72
1763545053212,-57,-65,-67,-100,-67,-80,-84,-77,-83,-100,-72
1763545053237,-57,-65,-67,-100,-67,-80,-84,-77,-83,-100,-72
1763545053262,-57,-65,-67,-100,-67,-80,-84,-77,-83,-100,-72
1763545053287,-57,-65,-67,-100,-67,-80,-84,-77,-83,-100,-72
1763545053312,-57,-65,-67,-100,-67,-80,-84,-77,-83,-100,-72
1763545053337,-57,-65,-67,-100,-67,-80,-84,-77,-83,-100,-72
1763545053362,-57,-66,-68,-100,-66,-77,-82,-81,-100,-100,-71
1763545053387,-57,-66,-68,-100,-66,-77,-82,-81,-100,-100,-71
1763545053412,-57,-66,-68,-100,-66,-77,-82,-81,-100,-100,-71
1763545053437,-57,-66,-68,-100,-66,-77,-82,-81,-100,-100,-71
1763545053462,-57,-66,-68,-100,-66,-77,-82,-81,-100,-100,-71
1763545053487,-57,-66,-68,-100,-66,-77,-82,-81,-100,-100,-71
1763545053512,-57,-66,-68,-100,-66,-77,-82,-81,-100,-100,-71
1763545053537,-57,-66,-68,-100,-66,-77,-82,-81,-100,-100,-71
1763545053562,-57,-66,-68,-100,-66,-77,-82,-81,-100,-100,-71
1763545053587,-57,-66,-68,-100,-66,-77,-82,-81,-100,-100,-71
1763545053612,-57,-66,-68,-100,-66,-77,-82,-81,-100,-100,-71
1763545053637,-57,-66,-68,-100,-66,-77,-82,-81,-100,-100,-71
1763545053662,-57,-66,-68,-100,-66,-77,-82,-81,-100,-100,-71
1763545053690,-57,-66,-68,-100,-66,-77,-82,-81,-100,-100,-71
1763545053715,-57,-66,-68,-100,-66,-77,-82,-81,-100,-100,-71
1763545053740,-57,-66,-68,-100,-66,-77,-82,-81,-100,-100,-71
1763545053765,-57,-66,-68,-100,-66,-77,-82,-81,-100,-100,-71
1763545053790,-57,-66,-68,-100,-66,-77,-82,-81,-100,-100,-71
1763545053815,-57,-66,-68,-100,-66,-77,-82,-81,-100,-100,-71
1763545053840,-57,-66,-68,-100,-66,-77,-82,-81,-100,-100,-71
1763545053865,-55,-68,-67,-100,-63,-77,-82,-82,-79,-100,-72
1763545053890,-55,-68,-67,-100,-63,-77,-82,-82,-79,-100,-72
1763545053915,-55,-68,-67,-100,-63,-77,-82,-82,-79,-100,-72
1763545053941,-55,-68,-67,-100,-63,-77,-82,-82,-79,-100,-72
1763545053966,-55,-68,-67,-100,-63,-77,-82,-82,-79,-100,-72
1763545053992,-55,-68,-67,-100,-63,-77,-82,-82,-79,-100,-72
1763545054017,-55,-68,-67,-100,-63,-77,-82,-82,-79,-100,-72
1763545054042,-55,-68,-67,-100,-63,-77,-82,-82,-79,-100,-72
1763545054067,-55,-68,-67,-100,-63,-77,-82,-82,-79,-100,-72
1763545054092,-55,-68,-67,-100,-63,-77,-82,-82,-79,-100,-72
1763545054118,-55,-68,-67,-100,-63,-77,-82,-82,-79,-100,-72
1763545054143,-55,-68,-67,-100,-63,-77,-82,-82,-79,-100,-72
1763545054168,-55,-68,-67,-100,-63,-77,-82,-82,-79,-100,-72
1763545054193,-55,-68,-67,-100,-63,-77,-82,-82,-79,-100,-72
1763545054218,-55,-68,-67,-100,-63,-77,-82,-82,-79,-100,-72
1763545054244,-55,-68,-67,-100,-63,-77,-82,-82,-79,-100,-72
1763545054269,-55,-68,-67,-100,-63,-77,-82,-82,-79,-100,-72
1763545054294,-55,-68,-67,-100,-63,-77,-82,-82,-79,-100,-72
1763545054319,-55,-68,-67,-100,-63,-77,-82,-82,-79,-100,-72
1763545054345,-55,-68,-67,-100,-63,-77,-82,-82,-79,-100,-72
1763545054370,-54,-68,-67,-100,-64,-100,-78,-79,-77,-100,-72
1763545054395,-54,-68,-67,-100,-64,-100,-78,-79,-77,-100,-72
1763545054420,-54,-68,-67,-100,-64,-100,-78,-79,-77,-100,-72
1763545054445,-54,-68,-67,-100,-64,-100,-78,-79,-77,-100,-72
1763545054471,-54,-68,-67,-100,-64,-100,-78,-79,-77,-100,-72
1763545054497,-54,-68,-67,-100,-64,-100,-78,-79,-77,-100,-72
1763545054522,-54,-68,-67,-100,-64,-100,-78,-79,-77,-100,-72
1763545054547,-54,-68,-67,-100,-64,-100,-78,-79,-77,-100,-72
1763545054572,-54,-68,-67,-100,-64,-100,-78,-79,-77,-100,-72
1763545054598,-54,-68,-67,-100,-64,-100,-78,-79,-77,-100,-72
1763545054623,-54,-68,-67,-100,-64,-100,-78,-79,-77,-100,-72
1763545054648,-54,-68,-67,-100,-64,-100,-78,-79,-77,-100,-72
1763545054673,-54,-68,-67,-100,-64,-100,-78,-79,-77,-100,-72
1763545054698,-54,-68,-67,-100,-64,-100,-78,-79,-77,-100,-72
1763545054724,-54,-68,-67,-100,-64,-100,-78,-79,-77,-100,-72
1763545054749,-54,-68,-67,-100,-64,-100,-78,-79,-77,-100,-72
1763545054774,-54,-68,-67,-100,-64,-100,-78,-79,-77,-100,-72
1763545054799,-54,-68,-67,-100,-64,-100,-78,-79,-77,-100,-72
1763545054825,-54,-68,-67,-100,-64,-100,-78,-79,-77,-100,-72
1763545054850,-54,-68,-67,-100,-64,-100,-78,-79,-77,-100,-72
1763545054875,-56,-67,-68,-100,-66,-100,-78,-79,-77,-100,-69
1763545054900,-56,-67,-68,-100,-66,-100,-78,-79,-77,-100,-69
1763545054925,-56,-67,-68,-100,-66,-100,-78,-79,-77,-100,-69
1763545054950,-56,-67,-68,-100,-66,-100,-78,-79,-77,-100,-69
1763545054975,-56,-67,-68,-100,-66,-100,-78,-79,-77,-100,-69
1763545055000,-56,-67,-68,-100,-66,-100,-78,-79,-77,-100,-69
1763545055025,-56,-67,-68,-100,-66,-100,-78,-79,-77,-100,-69
1763545055050,-56,-67,-68,-100,-66,-100,-78,-79,-77,-100,-69
1763545055075,-56,-67,-68,-100,-66,-100,-78,-79,-77,-100,-69
1763545055101,-56,-67,-68,-100,-66,-100,-78,-79,-77,-100,-69
1763545055126,-56,-67,-68,-100,-66,-100,-78,-79,-77,-100,-69
1763545055151,-56,-67,-68,-100,-66,-100,-78,-79,-77,-100,-69
1763545055177,-56,-67,-68,-100,-66,-100,-78,-79,-77,-100,-69
1763545055202,-56,-67,-68,-100,-66,-100,-78,-79,-77,-100,-69
1763545055227,-56,-67,-68,-100,-66,-100,-78,-79,-77,-100,-69
1763545055252,-56,-67,-68,-100,-66,-100,-78,-79,-77,-100,-69
1763545055278,-56,-67,-68,-100,-66,-100,-78,-79,-77,-100,-69
1763545055303,-56,-67,-68,-100,-66,-100,-78,-79,-77,-100,-69
1763545055328,-56,-67,-68,-100,-66,-100,-78,-79,-77,-100,-69
1763545055354,-56,-67,-68,-100,-66,-100,-78,-79,-77,-100,-69
1763545055379,-58,-68,-68,-100,-67,-100,-100,-77,-78,-100,-70
1763545055404,-58,-68,-68,-100,-67,-100,-100,-77,-78,-100,-70
1763545055429,-58,-68,-68,-100,-67,-100,-100,-77,-78,-100,-70
1763545055454,-58,-68,-68,-100,-67,-100,-100,-77,-78,-100,-70
1763545055479,-58,-68,-68,-100,-67,-100,-100,-77,-78,-100,-70
1763545055505,-58,-68,-68,-100,-67,-100,-100,-77,-78,-100,-70
1763545055531,-58,-68,-68,-100,-67,-100,-100,-77,-78,-100,-70
1763545055556,-58,-68,-68,-100,-67,-100,-100,-77,-78,-100,-70
1763545055581,-58,-68,-68,-100,-67,-100,-100,-77,-78,-100,-70
1763545055606,-58,-68,-68,-100,-67,-100,-100,-77,-78,-100,-70
1763545055632,-58,-68,-68,-100,-67,-100,-100,-77,-78,-100,-70
1763545055657,-58,-68,-68,-100,-67,-100,-100,-77,-78,-100,-70
1763545055682,-58,-68,-68,-100,-67,-100,-100,-77,-78,-100,-70
1763545055708,-58,-68,-68,-100,-67,-100,-100,-77,-78,-100,-70
1763545055734,-58,-68,-68,-100,-67,-100,-100,-77,-78,-100,-70
1763545055759,-58,-68,-68,-100,-67,-100,-100,-77,-78,-100,-70
1763545055785,-58,-68,-68,-100,-67,-100,-100,-77,-78,-100,-70
1763545055810,-58,-68,-68,-100,-67,-100,-100,-77,-78,-100,-70
1763545055835,-58,-68,-68,-100,-67,-100,-100,-77,-78,-100,-70
1763545055860,-58,-68,-68,-100,-67,-100,-100,-77,-78,-100,-70
1763545055885,-58,-69,-68,-100,-67,-100,-100,-78,-79,-100,-70
1763545055911,-58,-69,-68,-100,-67,-100,-100,-78,-79,-100,-70
1763545055936,-58,-69,-68,-100,-67,-100,-100,-78,-79,-100,-70
1763545055961,-58,-69,-68,-100,-67,-100,-100,-78,-79,-100,-70
1763545055986,-58,-69,-68,-100,-67,-100,-100,-78,-79,-100,-70
1763545056011,-58,-69,-68,-100,-67,-100,-100,-78,-79,-100,-70
1763545056036,-58,-69,-68,-100,-67,-100,-100,-78,-79,-100,-70
1763545056061,-58,-69,-68,-100,-67,-100,-100,-78,-79,-100,-70
1763545056086,-58,-69,-68,-100,-67,-100,-100,-78,-79,-100,-70
1763545056111,-58,-69,-68,-100,-67,-100,-100,-78,-79,-100,-70
1763545056136,-58,-69,-68,-100,-67,-100,-100,-78,-79,-100,-70
1763545056161,-58,-69,-68,-100,-67,-100,-100,-78,-79,-100,-70
1763545056186,-58,-69,-68,-100,-67,-100,-100,-78,-79,-100,-70
1763545056211,-58,-69,-68,-100,-67,-100,-100,-78,-79,-100,-70
1763545056236,-58,-69,-68,-100,-67,-100,-100,-78,-79,-100,-70
1763545056261,-58,-69,-68,-100,-67,-100,-100,-78,-79,-100,-70
1763545056286,-58,-69,-68,-100,-67,-100,-100,-78,-79,-100,-70
1763545056311,-58,-69,-68,-100,-67,-100,-100,-78,-79,-100,-70
1763545056336,-58,-69,-68,-100,-67,-100,-100,-78,-79,-100,-70
1763545056361,-58,-69,-68,-100,-67,-100,-100,-78,-79,-100,-70
1763545056386,-57,-70,-67,-100,-66,-100,-82,-77,-100,-100,-70
1763545056411,-57,-70,-67,-100,-66,-100,-82,-77,-100,-100,-70
1763545056436,-57,-70,-67,-100,-66,-100,-82,-77,-100,-100,-70
1763545056461,-57,-70,-67,-100,-66,-100,-82,-77,-100,-100,-70
1763545056487,-57,-70,-67,-100,-66,-100,-82,-77,-100,-100,-70
1763545056512,-57,-70,-67,-100,-66,-100,-82,-77,-100,-100,-70
1763545056537,-57,-70,-67,-100,-66,-100,-82,-77,-100,-100,-70
1763545056562,-57,-70,-67,-100,-66,-100,-82,-77,-100,-100,-70
1763545056589,-57,-70,-67,-100,-66,-100,-82,-77,-100,-100,-70
1763545056613,-57,-70,-67,-100,-66,-100,-82,-77,-100,-100,-70
1763545056638,-57,-70,-67,-100,-66,-100,-82,-77,-100,-100,-70
1763545056663,-57,-70,-67,-100,-66,-100,-82,-77,-100,-100,-70
1763545056688,-57,-70,-67,-100,-66,-100,-82,-77,-100,-100,-70
1763545056713,-57,-70,-67,-100,-66,-100,-82,-77,-100,-100,-70
1763545056739,-57,-70,-67,-100,-66,-100,-82,-77,-100,-100,-70
1763545056764,-57,-70,-67,-100,-66,-100,-82,-77,-100,-100,-70
1763545056790,-57,-70,-67,-100,-66,-100,-82,-77,-100,-100,-70
1763545056814,-57,-70,-67,-100,-66,-100,-82,-77,-100,-100,-70
1763545056839,-57,-70,-67,-100,-66,-100,-82,-77,-100,-100,-70
1763545056864,-55,-70,-69,-100,-67,-100,-82,-76,-100,-100,-69
1763545056890,-55,-70,-69,-100,-67,-100,-82,-76,-100,-100,-69
1763545056915,-55,-70,-69,-100,-67,-100,-82,-76,-100,-100,-69
1763545056940,-55,-70,-69,-100,-67,-100,-82,-76,-100,-100,-69
1763545056965,-55,-70,-69,-100,-67,-100,-82,-76,-100,-100,-69
1763545056991,-55,-70,-69,-100,-67,-100,-82,-76,-100,-100,-69
1763545057015,-55,-70,-69,-100,-67,-100,-82,-76,-100,-100,-69
1763545057040,-55,-70,-69,-100,-67,-100,-82,-76,-100,-100,-69
1763545057065,-55,-70,-69,-100,-67,-100,-82,-76,-100,-100,-69
1763545057091,-55,-70,-69,-100,-67,-100,-82,-76,-100,-100,-69
1763545057116,-55,-70,-69,-100,-67,-100,-82,-76,-100,-100,-69
1763545057142,-55,-70,-69,-100,-67,-100,-82,-76,-100,-100,-69
1763545057167,-55,-70,-69,-100,-67,-100,-82,-76,-100,-100,-69
1763545057192,-55,-70,-69,-100,-67,-100,-82,-76,-100,-100,-69
1763545057217,-55,-70,-69,-100,-67,-100,-82,-76,-100,-100,-69
1763545057242,-55,-70,-69,-100,-67,-100,-82,-76,-100,-100,-69
1763545057267,-55,-70,-69,-100,-67,-100,-82,-76,-100,-100,-69
1763545057292,-55,-70,-69,-100,-67,-100,-82,-76,-100,-100,-69
1763545057317,-55,-70,-69,-100,-67,-100,-82,-76,-100,-100,-69
1763545057342,-55,-70,-69,-100,-67,-100,-82,-76,-100,-100,-69
1763545057367,-60,-75,-71,-100,-68,-100,-74,-77,-77,-100,-65
1763545057393,-60,-75,-71,-100,-68,-100,-74,-77,-77,-100,-65
1763545057418,-60,-75,-71,-100,-68,-100,-74,-77,-77,-100,-65
1763545057443,-60,-75,-71,-100,-68,-100,-74,-77,-77,-100,-65
1763545057468,-60,-75,-71,-100,-68,-100,-74,-77,-77,-100,-65
1763545057493,-60,-75,-71,-100,-68,-100,-74,-77,-77,-100,-65
1763545057518,-60,-75,-71,-100,-68,-100,-74,-77,-77,-100,-65
1763545057544,-60,-75,-71,-100,-68,-100,-74,-77,-77,-100,-65
1763545057568,-60,-75,-71,-100,-68,-100,-74,-77,-77,-100,-65
1763545057593,-60,-75,-71,-100,-68,-100,-74,-77,-77,-100,-65
1763545057619,-60,-75,-71,-100,-68,-100,-74,-77,-77,-100,-65
1763545057644,-60,-75,-71,-100,-68,-100,-74,-77,-77,-100,-65
1763545057669,-60,-75,-71,-100,-68,-100,-74,-77,-77,-100,-65
1763545057695,-60,-75,-71,-100,-68,-100,-74,-77,-77,-100,-65
1763545057720,-60,-75,-71,-100,-68,-100,-74,-77,-77,-100,-65
1763545057745,-60,-75,-71,-100,-68,-100,-74,-77,-77,-100,-65
1763545057770,-60,-75,-71,-100,-68,-100,-74,-77,-77,-100,-65
1763545057795,-60,-75,-71,-100,-68,-100,-74,-77,-77,-100,-65
1763545057820,-60,-75,-71,-100,-68,-100,-74,-77,-77,-100,-65
1763545057845,-60,-75,-71,-100,-68,-100,-74,-77,-77,-100,-65
1763545057870,-62,-76,-72,-100,-69,-82,-75,-76,-77,-100,-67
1763545057895,-62,-76,-72,-100,-69,-82,-75,-76,-77,-100,-67
1763545057920,-62,-76,-72,-100,-69,-82,-75,-76,-77,-100,-67
1763545057946,-62,-76,-72,-100,-69,-82,-75,-76,-77,-100,-67
1763545057971,-62,-76,-72,-100,-69,-82,-75,-76,-77,-100,-67
1763545057996,-62,-76,-72,-100,-69,-82,-75,-76,-77,-100,-67
1763545058021,-62,-76,-72,-100,-69,-82,-75,-76,-77,-100,-67
1763545058046,-62,-76,-72,-100,-69,-82,-75,-76,-77,-100,-67
1763545058072,-62,-76,-72,-100,-69,-82,-75,-76,-77,-100,-67
1763545058097,-62,-76,-72,-100,-69,-82,-75,-76,-77,-100,-67
1763545058122,-62,-76,-72,-100,-69,-82,-75,-76,-77,-100,-67
1763545058147,-62,-76,-72,-100,-69,-82,-75,-76,-77,-100,-67
1763545058172,-62,-76,-72,-100,-69,-82,-75,-76,-77,-100,-67
1763545058197,-62,-76,-72,-100,-69,-82,-75,-76,-77,-100,-67
1763545058222,-62,-76,-72,-100,-69,-82,-75,-76,-77,-100,-67
1763545058247,-62,-76,-72,-100,-69,-82,-75,-76,-77,-100,-67
1763545058272,-62,-76,-72,-100,-69,-82,-75,-76,-77,-100,-67
1763545058297,-62,-76,-72,-100,-69,-82,-75,-76,-77,-100,-67
1763545058322,-62,-76,-72,-100,-69,-82,-75,-76,-77,-100,-67
1763545058347,-62,-76,-72,-100,-69,-82,-75,-76,-77,-100,-67
1763545058372,-65,-76,-72,-100,-69,-82,-76,-76,-100,-100,-70
1763545058397,-65,-76,-72,-100,-69,-82,-76,-76,-100,-100,-70
1763545058423,-65,-76,-72,-100,-69,-82,-76,-76,-100,-100,-70
1763545058449,-65,-76,-72,-100,-69,-82,-76,-76,-100,-100,-70
1763545058474,-65,-76,-72,-100,-69,-82,-76,-76,-100,-100,-70
1763545058499,-65,-76,-72,-100,-69,-82,-76,-76,-100,-100,-70
1763545058526,-65,-76,-72,-100,-69,-82,-76,-76,-100,-100,-70
1763545058551,-65,-76,-72,-100,-69,-82,-76,-76,-100,-100,-70
1763545058578,-65,-76,-72,-100,-69,-82,-76,-76,-100,-100,-70
1763545058603,-65,-76,-72,-100,-69,-82,-76,-76,-100,-100,-70
1763545058629,-65,-76,-72,-100,-69,-82,-76,-76,-100,-100,-70
1763545058654,-65,-76,-72,-100,-69,-82,-76,-76,-100,-100,-70
1763545058679,-65,-76,-72,-100,-69,-82,-76,-76,-100,-100,-70
1763545058704,-65,-76,-72,-100,-69,-82,-76,-76,-100,-100,-70
1763545058729,-65,-76,-72,-100,-69,-82,-76,-76,-100,-100,-70
1763545058755,-65,-76,-72,-100,-69,-82,-76,-76,-100,-100,-70
1763545058780,-65,-76,-72,-100,-69,-82,-76,-76,-100,-100,-70
1763545058805,-65,-76,-72,-100,-69,-82,-76,-76,-100,-100,-70
1763545058830,-65,-76,-72,-100,-69,-82,-76,-76,-100,-100,-70
1763545058855,-65,-76,-72,-100,-69,-82,-76,-76,-100,-100,-70
1763545058880,-65,-78,-74,-100,-68,-100,-76,-76,-80,-100,-70
1763545058905,-65,-78,-74,-100,-68,-100,-76,-76,-80,-100,-70
1763545058930,-65,-78,-74,-100,-68,-100,-76,-76,-80,-100,-70
1763545058955,-65,-78,-74,-100,-68,-100,-76,-76,-80,-100,-70
1763545058980,-65,-78,-74,-100,-68,-100,-76,-76,-80,-100,-70
1763545059005,-65,-78,-74,-100,-68,-100,-76,-76,-80,-100,-70
1763545059030,-65,-78,-74,-100,-68,-100,-76,-76,-80,-100,-70
1763545059055,-65,-78,-74,-100,-68,-100,-76,-76,-80,-100,-70
1763545059081,-65,-78,-74,-100,-68,-100,-76,-76,-80,-100,-70
1763545059106,-65,-78,-74,-100,-68,-100,-76,-76,-80,-100,-70
1763545059132,-65,-78,-74,-100,-68,-100,-76,-76,-80,-100,-70
1763545059156,-65,-78,-74,-100,-68,-100,-76,-76,-80,-100,-70
1763545059181,-65,-78,-74,-100,-68,-100,-76,-76,-80,-100,-70
1763545059206,-65,-78,-74,-100,-68,-100,-76,-76,-80,-100,-70
1763545059231,-65,-78,-74,-100,-68,-100,-76,-76,-80,-100,-70
1763545059256,-65,-78,-74,-100,-68,-100,-76,-76,-80,-100,-70
1763545059281,-65,-78,-74,-100,-68,-100,-76,-76,-80,-100,-70
1763545059307,-65,-78,-74,-100,-68,-100,-76,-76,-80,-100,-70
1763545059332,-65,-78,-74,-100,-68,-100,-76,-76,-80,-100,-70
1763545059357,-65,-78,-74,-100,-68,-100,-76,-76,-80,-100,-70
1763545059383,-71,-78,-77,-100,-69,-100,-79,-74,-80,-100,-71
1763545059408,-71,-78,-77,-100,-69,-100,-79,-74,-80,-100,-71
1763545059433,-71,-78,-77,-100,-69,-100,-79,-74,-80,-100,-71
1763545059458,-71,-78,-77,-100,-69,-100,-79,-74,-80,-100,-71
1763545059483,-71,-78,-77,-100,-69,-100,-79,-74,-80,-100,-71
1763545059508,-71,-78,-77,-100,-69,-100,-79,-74,-80,-100,-71
1763545059533,-71,-78,-77,-100,-69,-100,-79,-74,-80,-100,-71
1763545059558,-71,-78,-77,-100,-69,-100,-79,-74,-80,-100,-71
1763545059583,-71,-78,-77,-100,-69,-100,-79,-74,-80,-100,-71
1763545059609,-71,-78,-77,-100,-69,-100,-79,-74,-80,-100,-71
1763545059634,-71,-78,-77,-100,-69,-100,-79,-74,-80,-100,-71
1763545059658,-71,-78,-77,-100,-69,-100,-79,-74,-80,-100,-71
1763545059683,-71,-78,-77,-100,-69,-100,-79,-74,-80,-100,-71
1763545059708,-71,-78,-77,-100,-69,-100,-79,-74,-80,-100,-71
1763545059733,-71,-78,-77,-100,-69,-100,-79,-74,-80,-100,-71
1763545059759,-71,-78,-77,-100,-69,-100,-79,-74,-80,-100,-71
1763545059784,-71,-78,-77,-100,-69,-100,-79,-74,-80,-100,-71
1763545059809,-71,-78,-77,-100,-69,-100,-79,-74,-80,-100,-71
1763545059834,-71,-78,-77,-100,-69,-100,-79,-74,-80,-100,-71
1763545059859,-71,-78,-77,-100,-69,-100,-79,-74,-80,-100,-71
1763545059884,-69,-79,-78,-100,-71,-100,-78,-72,-79,-100,-67
1763545059909,-69,-79,-78,-100,-71,-100,-78,-72,-79,-100,-67
1763545059934,-69,-79,-78,-100,-71,-100,-78,-72,-79,-100,-67
1763545059960,-69,-79,-78,-100,-71,-100,-78,-72,-79,-100,-67
1763545059985,-69,-79,-78,-100,-71,-100,-78,-72,-79,-100,-67
1763545060010,-69,-79,-78,-100,-71,-100,-78,-72,-79,-100,-67
1763545060035,-69,-79,-78,-100,-71,-100,-78,-72,-79,-100,-67
1763545060060,-69,-79,-78,-100,-71,-100,-78,-72,-79,-100,-67
1763545060085,-69,-79,-78,-100,-71,-100,-78,-72,-79,-100,-67
1763545060110,-69,-79,-78,-100,-71,-100,-78,-72,-79,-100,-67
1763545060135,-69,-79,-78,-100,-71,-100,-78,-72,-79,-100,-67
1763545060160,-69,-79,-78,-100,-71,-100,-78,-72,-79,-100,-67
1763545060185,-69,-79,-78,-100,-71,-100,-78,-72,-79,-100,-67
1763545060210,-69,-79,-78,-100,-71,-100,-78,-72,-79,-100,-67
1763545060235,-69,-79,-78,-100,-71,-100,-78,-72,-79,-100,-67
1763545060260,-69,-79,-78,-100,-71,-100,-78,-72,-79,-100,-67
1763545060285,-69,-79,-78,-100,-71,-100,-78,-72,-79,-100,-67
1763545060312,-69,-79,-78,-100,-71,-100,-78,-72,-79,-100,-67
1763545060337,-69,-79,-78,-100,-71,-100,-78,-72,-79,-100,-67
1763545060362,-69,-80,-78,-100,-73,-100,-78,-72,-76,-100,-66
1763545060388,-69,-80,-78,-100,-73,-100,-78,-72,-76,-100,-66
1763545060413,-69,-80,-78,-100,-73,-100,-78,-72,-76,-100,-66
1763545060438,-69,-80,-78,-100,-73,-100,-78,-72,-76,-100,-66
1763545060463,-69,-80,-78,-100,-73,-100,-78,-72,-76,-100,-66
1763545060488,-69,-80,-78,-100,-73,-100,-78,-72,-76,-100,-66
1763545060513,-69,-80,-78,-100,-73,-100,-78,-72,-76,-100,-66
1763545060539,-69,-80,-78,-100,-73,-100,-78,-72,-76,-100,-66
1763545060565,-69,-80,-78,-100,-73,-100,-78,-72,-76,-100,-66
1763545060591,-69,-80,-78,-100,-73,-100,-78,-72,-76,-100,-66
1763545060616,-69,-80,-78,-100,-73,-100,-78,-72,-76,-100,-66
1763545060641,-69,-80,-78,-100,-73,-100,-78,-72,-76,-100,-66
1763545060666,-69,-80,-78,-100,-73,-100,-78,-72,-76,-100,-66
1763545060692,-69,-80,-78,-100,-73,-100,-78,-72,-76,-100,-66
1763545060717,-69,-80,-78,-100,-73,-100,-78,-72,-76,-100,-66
1763545060742,-69,-80,-78,-100,-73,-100,-78,-72,-76,-100,-66
1763545060767,-69,-80,-78,-100,-73,-100,-78,-72,-76,-100,-66
1763545060793,-69,-80,-78,-100,-73,-100,-78,-72,-76,-100,-66
1763545060818,-69,-80,-78,-100,-73,-100,-78,-72,-76,-100,-66
1763545060844,-69,-80,-78,-100,-73,-100,-78,-72,-76,-100,-66
1763545060869,-70,-82,-81,-100,-74,-100,-77,-73,-75,-100,-69
1763545060894,-70,-82,-81,-100,-74,-100,-77,-73,-75,-100,-69
1763545060920,-70,-82,-81,-100,-74,-100,-77,-73,-75,-100,-69
1763545060945,-70,-82,-81,-100,-74,-100,-77,-73,-75,-100,-69
1763545060970,-70,-82,-81,-100,-74,-100,-77,-73,-75,-100,-69
1763545060996,-70,-82,-81,-100,-74,-100,-77,-73,-75,-100,-69
1763545061021,-70,-82,-81,-100,-74,-100,-77,-73,-75,-100,-69
1763545061046,-70,-82,-81,-100,-74,-100,-77,-73,-75,-100,-69
1763545061071,-70,-82,-81,-100,-74,-100,-77,-73,-75,-100,-69
1763545061096,-70,-82,-81,-100,-74,-100,-77,-73,-75,-100,-69
1763545061122,-70,-82,-81,-100,-74,-100,-77,-73,-75,-100,-69
1763545061148,-70,-82,-81,-100,-74,-100,-77,-73,-75,-100,-69
1763545061173,-70,-82,-81,-100,-74,-100,-77,-73,-75,-100,-69
1763545061198,-70,-82,-81,-100,-74,-100,-77,-73,-75,-100,-69
1763545061224,-70,-82,-81,-100,-74,-100,-77,-73,-75,-100,-69
1763545061249,-70,-82,-81,-100,-74,-100,-77,-73,-75,-100,-69
1763545061275,-70,-82,-81,-100,-74,-100,-77,-73,-75,-100,-69
1763545061300,-70,-82,-81,-100,-74,-100,-77,-73,-75,-100,-69
1763545061325,-70,-82,-81,-100,-74,-100,-77,-73,-75,-100,-69
1763545061350,-70,-82,-81,-100,-74,-100,-77,-73,-75,-100,-69
1763545061375,-69,-82,-80,-100,-77,-100,-79,-72,-75,-100,-71
1763545061400,-69,-82,-80,-100,-77,-100,-79,-72,-75,-100,-71
1763545061426,-69,-82,-80,-100,-77,-100,-79,-72,-75,-100,-71
1763545061451,-69,-82,-80,-100,-77,-100,-79,-72,-75,-100,-71
1763545061476,-69,-82,-80,-100,-77,-100,-79,-72,-75,-100,-71
1763545061501,-69,-82,-80,-100,-77,-100,-79,-72,-75,-100,-71
1763545061527,-69,-82,-80,-100,-77,-100,-79,-72,-75,-100,-71
1763545061553,-69,-82,-80,-100,-77,-100,-79,-72,-75,-100,-71
1763545061578,-69,-82,-80,-100,-77,-100,-79,-72,-75,-100,-71
1763545061603,-69,-82,-80,-100,-77,-100,-79,-72,-75,-100,-71
1763545061629,-69,-82,-80,-100,-77,-100,-79,-72,-75,-100,-71
1763545061655,-69,-82,-80,-100,-77,-100,-79,-72,-75,-100,-71
1763545061679,-69,-82,-80,-100,-77,-100,-79,-72,-75,-100,-71
1763545061707,-69,-82,-80,-100,-77,-100,-79,-72,-75,-100,-71
1763545061732,-69,-82,-80,-100,-77,-100,-79,-72,-75,-100,-71
1763545061757,-69,-82,-80,-100,-77,-100,-79,-72,-75,-100,-71
1763545061782,-69,-82,-80,-100,-77,-100,-79,-72,-75,-100,-71
1763545061808,-69,-82,-80,-100,-77,-100,-79,-72,-75,-100,-71
1763545061833,-69,-82,-80,-100,-77,-100,-79,-72,-75,-100,-71
1763545061858,-69,-82,-80,-100,-77,-100,-79,-72,-75,-100,-71
1763545061883,-68,-81,-81,-100,-79,-100,-80,-71,-74,-100,-69
1763545061908,-68,-81,-81,-100,-79,-100,-80,-71,-74,-100,-69
1763545061933,-68,-81,-81,-100,-79,-100,-80,-71,-74,-100,-69
1763545061958,-68,-81,-81,-100,-79,-100,-80,-71,-74,-100,-69
1763545061983,-68,-81,-81,-100,-79,-100,-80,-71,-74,-100,-69
1763545062009,-68,-81,-81,-100,-79,-100,-80,-71,-74,-100,-69
1763545062034,-68,-81,-81,-100,-79,-100,-80,-71,-74,-100,-69
1763545062059,-68,-81,-81,-100,-79,-100,-80,-71,-74,-100,-69
1763545062085,-68,-81,-81,-100,-79,-100,-80,-71,-74,-100,-69
1763545062110,-68,-81,-81,-100,-79,-100,-80,-71,-74,-100,-69
1763545062135,-68,-81,-81,-100,-79,-100,-80,-71,-74,-100,-69
1763545062161,-68,-81,-81,-100,-79,-100,-80,-71,-74,-100,-69
1763545062186,-68,-81,-81,-100,-79,-100,-80,-71,-74,-100,-69
1763545062211,-68,-81,-81,-100,-79,-100,-80,-71,-74,-100,-69
1763545062237,-68,-81,-81,-100,-79,-100,-80,-71,-74,-100,-69
1763545062262,-68,-81,-81,-100,-79,-100,-80,-71,-74,-100,-69
1763545062287,-68,-81,-81,-100,-79,-100,-80,-71,-74,-100,-69
1763545062312,-68,-81,-81,-100,-79,-100,-80,-71,-74,-100,-69
1763545062337,-68,-81,-81,-100,-79,-100,-80,-71,-74,-100,-69
1763545062363,-68,-81,-81,-100,-79,-100,-79,-72,-75,-100,-67
1763545062388,-68,-81,-81,-100,-79,-100,-79,-72,-75,-100,-67
1763545062413,-68,-81,-81,-100,-79,-100,-79,-72,-75,-100,-67
1763545062438,-68,-81,-81,-100,-79,-100,-79,-72,-75,-100,-67
1763545062464,-68,-81,-81,-100,-79,-100,-79,-72,-75,-100,-67
1763545062489,-68,-81,-81,-100,-79,-100,-79,-72,-75,-100,-67
1763545062515,-68,-81,-81,-100,-79,-100,-79,-72,-75,-100,-67
1763545062540,-68,-81,-81,-100,-79,-100,-79,-72,-75,-100,-67
1763545062565,-68,-81,-81,-100,-79,-100,-79,-72,-75,-100,-67
1763545062590,-68,-81,-81,-100,-79,-100,-79,-72,-75,-100,-67
1763545062615,-68,-81,-81,-100,-79,-100,-79,-72,-75,-100,-67
1763545062640,-68,-81,-81,-100,-79,-100,-79,-72,-75,-100,-67
1763545062665,-68,-81,-81,-100,-79,-100,-79,-72,-75,-100,-67
1763545062691,-68,-81,-81,-100,-79,-100,-79,-72,-75,-100,-67
1763545062716,-68,-81,-81,-100,-79,-100,-79,-72,-75,-100,-67
1763545062741,-68,-81,-81,-100,-79,-100,-79,-72,-75,-100,-67
1763545062766,-68,-81,-81,-100,-79,-100,-79,-72,-75,-100,-67
1763545062791,-68,-81,-81,-100,-79,-100,-79,-72,-75,-100,-67
1763545062817,-68,-81,-81,-100,-79,-100,-79,-72,-75,-100,-67
1763545062843,-68,-81,-81,-100,-79,-100,-79,-72,-75,-100,-67
1763545062868,-70,-81,-81,-100,-79,-100,-79,-70,-75,-100,-65
1763545062893,-70,-81,-81,-100,-79,-100,-79,-70,-75,-100,-65
1763545062918,-70,-81,-81,-100,-79,-100,-79,-70,-75,-100,-65
1763545062943,-70,-81,-81,-100,-79,-100,-79,-70,-75,-100,-65
1763545062968,-70,-81,-81,-100,-79,-100,-79,-70,-75,-100,-65
1763545062993,-70,-81,-81,-100,-79,-100,-79,-70,-75,-100,-65
1763545063018,-70,-81,-81,-100,-79,-100,-79,-70,-75,-100,-65
1763545063044,-70,-81,-81,-100,-79,-100,-79,-70,-75,-100,-65
1763545063070,-70,-81,-81,-100,-79,-100,-79,-70,-75,-100,-65
1763545063096,-70,-81,-81,-100,-79,-100,-79,-70,-75,-100,-65
1763545063121,-70,-81,-81,-100,-79,-100,-79,-70,-75,-100,-65
1763545063147,-70,-81,-81,-100,-79,-100,-79,-70,-75,-100,-65
1763545063171,-70,-81,-81,-100,-79,-100,-79,-70,-75,-100,-65
1763545063196,-70,-81,-81,-100,-79,-100,-79,-70,-75,-100,-65
1763545063222,-70,-81,-81,-100,-79,-100,-79,-70,-75,-100,-65
1763545063247,-70,-81,-81,-100,-79,-100,-79,-70,-75,-100,-65
1763545063273,-70,-81,-81,-100,-79,-100,-79,-70,-75,-100,-65
1763545063298,-70,-81,-81,-100,-79,-100,-79,-70,-75,-100,-65
1763545063323,-70,-81,-81,-100,-79,-100,-79,-70,-75,-100,-65
1763545063349,-70,-81,-81,-100,-79,-100,-79,-70,-75,-100,-65
1763545063375,-70,-80,-80,-100,-76,-100,-76,-68,-75,-82,-62
1763545063399,-70,-80,-80,-100,-76,-100,-76,-68,-75,-82,-62
1763545063425,-70,-80,-80,-100,-76,-100,-76,-68,-75,-82,-62
1763545063450,-70,-80,-80,-100,-76,-100,-76,-68,-75,-82,-62
1763545063476,-70,-80,-80,-100,-76,-100,-76,-68,-75,-82,-62
1763545063501,-70,-80,-80,-100,-76,-100,-76,-68,-75,-82,-62
1763545063527,-70,-80,-80,-100,-76,-100,-76,-68,-75,-82,-62
1763545063552,-70,-80,-80,-100,-76,-100,-76,-68,-75,-82,-62
1763545063577,-70,-80,-80,-100,-76,-100,-76,-68,-75,-82,-62
1763545063602,-70,-80,-80,-100,-76,-100,-76,-68,-75,-82,-62
1763545063627,-70,-80,-80,-100,-76,-100,-76,-68,-75,-82,-62
1763545063652,-70,-80,-80,-100,-76,-100,-76,-68,-75,-82,-62
1763545063678,-70,-80,-80,-100,-76,-100,-76,-68,-75,-82,-62
1763545063703,-70,-80,-80,-100,-76,-100,-76,-68,-75,-82,-62
1763545063728,-70,-80,-80,-100,-76,-100,-76,-68,-75,-82,-62
1763545063753,-70,-80,-80,-100,-76,-100,-76,-68,-75,-82,-62
1763545063779,-70,-80,-80,-100,-76,-100,-76,-68,-75,-82,-62
1763545063804,-70,-80,-80,-100,-76,-100,-76,-68,-75,-82,-62
1763545063829,-70,-80,-80,-100,-76,-100,-76,-68,-75,-82,-62
1763545063855,-70,-80,-80,-100,-76,-100,-76,-68,-75,-82,-62
1763545063879,-68,-78,-78,-100,-75,-100,-73,-67,-74,-80,-58
1763545063904,-68,-78,-78,-100,-75,-100,-73,-67,-74,-80,-58
1763545063930,-68,-78,-78,-100,-75,-100,-73,-67,-74,-80,-58
1763545063956,-68,-78,-78,-100,-75,-100,-73,-67,-74,-80,-58
1763545063981,-68,-78,-78,-100,-75,-100,-73,-67,-74,-80,-58
1763545064007,-68,-78,-78,-100,-75,-100,-73,-67,-74,-80,-58
1763545064032,-68,-78,-78,-100,-75,-100,-73,-67,-74,-80,-58
1763545064058,-68,-78,-78,-100,-75,-100,-73,-67,-74,-80,-58
1763545064083,-68,-78,-78,-100,-75,-100,-73,-67,-74,-80,-58
1763545064108,-68,-78,-78,-100,-75,-100,-73,-67,-74,-80,-58
1763545064133,-68,-78,-78,-100,-75,-100,-73,-67,-74,-80,-58
1763545064160,-68,-78,-78,-100,-75,-100,-73,-67,-74,-80,-58
1763545064185,-68,-78,-78,-100,-75,-100,-73,-67,-74,-80,-58
1763545064210,-68,-78,-78,-100,-75,-100,-73,-67,-74,-80,-58
1763545064235,-68,-78,-78,-100,-75,-100,-73,-67,-74,-80,-58
1763545064260,-68,-78,-78,-100,-75,-100,-73,-67,-74,-80,-58
1763545064285,-68,-78,-78,-100,-75,-100,-73,-67,-74,-80,-58
1763545064310,-68,-78,-78,-100,-75,-100,-73,-67,-74,-80,-58
1763545064335,-68,-78,-78,-100,-75,-100,-73,-67,-74,-80,-58
1763545064360,-68,-77,-77,-100,-76,-100,-71,-68,-74,-80,-59
1763545064386,-68,-77,-77,-100,-76,-100,-71,-68,-74,-80,-59
1763545064411,-68,-77,-77,-100,-76,-100,-71,-68,-74,-80,-59
1763545064437,-68,-77,-77,-100,-76,-100,-71,-68,-74,-80,-59
1763545064462,-68,-77,-77,-100,-76,-100,-71,-68,-74,-80,-59
1763545064487,-68,-77,-77,-100,-76,-100,-71,-68,-74,-80,-59
1763545064512,-68,-77,-77,-100,-76,-100,-71,-68,-74,-80,-59
1763545064537,-68,-77,-77,-100,-76,-100,-71,-68,-74,-80,-59
1763545064562,-68,-77,-77,-100,-76,-100,-71,-68,-74,-80,-59
1763545064587,-68,-77,-77,-100,-76,-100,-71,-68,-74,-80,-59
1763545064612,-68,-77,-77,-100,-76,-100,-71,-68,-74,-80,-59
1763545064638,-68,-77,-77,-100,-76,-100,-71,-68,-74,-80,-59
1763545064662,-68,-77,-77,-100,-76,-100,-71,-68,-74,-80,-59
1763545064687,-68,-77,-77,-100,-76,-100,-71,-68,-74,-80,-59
1763545064712,-68,-77,-77,-100,-76,-100,-71,-68,-74,-80,-59
1763545064737,-68,-77,-77,-100,-76,-100,-71,-68,-74,-80,-59
1763545064762,-68,-77,-77,-100,-76,-100,-71,-68,-74,-80,-59
1763545064787,-68,-77,-77,-100,-76,-100,-71,-68,-74,-80,-59
1763545064812,-68,-77,-77,-100,-76,-100,-71,-68,-74,-80,-59
1763545064837,-68,-77,-77,-100,-76,-100,-71,-68,-74,-80,-59
1763545064863,-68,-77,-78,-100,-76,-100,-69,-70,-70,-79,-57
1763545064888,-68,-77,-78,-100,-76,-100,-69,-70,-70,-79,-57
1763545064913,-68,-77,-78,-100,-76,-100,-69,-70,-70,-79,-57
1763545064938,-68,-77,-78,-100,-76,-100,-69,-70,-70,-79,-57
1763545064964,-68,-77,-78,-100,-76,-100,-69,-70,-70,-79,-57
1763545064989,-68,-77,-78,-100,-76,-100,-69,-70,-70,-79,-57
1763545065015,-68,-77,-78,-100,-76,-100,-69,-70,-70,-79,-57
1763545065039,-68,-77,-78,-100,-76,-100,-69,-70,-70,-79,-57
1763545065064,-68,-77,-78,-100,-76,-100,-69,-70,-70,-79,-57
1763545065089,-68,-77,-78,-100,-76,-100,-69,-70,-70,-79,-57
1763545065114,-68,-77,-78,-100,-76,-100,-69,-70,-70,-79,-57
1763545065139,-68,-77,-78,-100,-76,-100,-69,-70,-70,-79,-57
1763545065165,-68,-77,-78,-100,-76,-100,-69,-70,-70,-79,-57
1763545065191,-68,-77,-78,-100,-76,-100,-69,-70,-70,-79,-57
1763545065217,-68,-77,-78,-100,-76,-100,-69,-70,-70,-79,-57
1763545065242,-68,-77,-78,-100,-76,-100,-69,-70,-70,-79,-57
1763545065267,-68,-77,-78,-100,-76,-100,-69,-70,-70,-79,-57
1763545065294,-68,-77,-78,-100,-76,-100,-69,-70,-70,-79,-57
1763545065319,-68,-77,-78,-100,-76,-100,-69,-70,-70,-79,-57
1763545065344,-68,-77,-78,-100,-76,-100,-69,-70,-70,-79,-57
1763545065370,-68,-76,-79,-100,-77,-100,-68,-72,-69,-79,-56
1763545065395,-68,-76,-79,-100,-77,-100,-68,-72,-69,-79,-56
1763545065420,-68,-76,-79,-100,-77,-100,-68,-72,-69,-79,-56
1763545065446,-68,-76,-79,-100,-77,-100,-68,-72,-69,-79,-56
1763545065471,-68,-76,-79,-100,-77,-100,-68,-72,-69,-79,-56
1763545065496,-68,-76,-79,-100,-77,-100,-68,-72,-69,-79,-56
1763545065521,-68,-76,-79,-100,-77,-100,-68,-72,-69,-79,-56
1763545065546,-68,-76,-79,-100,-77,-100,-68,-72,-69,-79,-56
1763545065571,-68,-76,-79,-100,-77,-100,-68,-72,-69,-79,-56
1763545065597,-68,-76,-79,-100,-77,-100,-68,-72,-69,-79,-56
1763545065623,-68,-76,-79,-100,-77,-100,-68,-72,-69,-79,-56
1763545065647,-68,-76,-79,-100,-77,-100,-68,-72,-69,-79,-56
1763545065672,-68,-76,-79,-100,-77,-100,-68,-72,-69,-79,-56
1763545065697,-68,-76,-79,-100,-77,-100,-68,-72,-69,-79,-56
1763545065723,-68,-76,-79,-100,-77,-100,-68,-72,-69,-79,-56
1763545065748,-68,-76,-79,-100,-77,-100,-68,-72,-69,-79,-56
1763545065773,-68,-76,-79,-100,-77,-100,-68,-72,-69,-79,-56
1763545065798,-68,-76,-79,-100,-77,-100,-68,-72,-69,-79,-56
1763545065823,-68,-76,-79,-100,-77,-100,-68,-72,-69,-79,-56
1763545065849,-68,-76,-79,-100,-77,-100,-68,-72,-69,-79,-56
1763545065874,-69,-76,-78,-100,-78,-100,-68,-72,-71,-81,-57
1763545065899,-69,-76,-78,-100,-78,-100,-68,-72,-71,-81,-57
1763545065924,-69,-76,-78,-100,-78,-100,-68,-72,-71,-81,-57
1763545065949,-69,-76,-78,-100,-78,-100,-68,-72,-71,-81,-57
1763545065974,-69,-76,-78,-100,-78,-100,-68,-72,-71,-81,-57
1763545065999,-69,-76,-78,-100,-78,-100,-68,-72,-71,-81,-57
1763545066024,-69,-76,-78,-100,-78,-100,-68,-72,-71,-81,-57
1763545066049,-69,-76,-78,-100,-78,-100,-68,-72,-71,-81,-57
1763545066074,-69,-76,-78,-100,-78,-100,-68,-72,-71,-81,-57
1763545066100,-69,-76,-78,-100,-78,-100,-68,-72,-71,-81,-57
1763545066127,-69,-76,-78,-100,-78,-100,-68,-72,-71,-81,-57
1763545066152,-69,-76,-78,-100,-78,-100,-68,-72,-71,-81,-57
1763545066178,-69,-76,-78,-100,-78,-100,-68,-72,-71,-81,-57
1763545066203,-69,-76,-78,-100,-78,-100,-68,-72,-71,-81,-57
1763545066228,-69,-76,-78,-100,-78,-100,-68,-72,-71,-81,-57
1763545066253,-69,-76,-78,-100,-78,-100,-68,-72,-71,-81,-57
1763545066279,-69,-76,-78,-100,-78,-100,-68,-72,-71,-81,-57
1763545066305,-69,-76,-78,-100,-78,-100,-68,-72,-71,-81,-57
1763545066330,-69,-76,-78,-100,-78,-100,-68,-72,-71,-81,-57
1763545066355,-69,-76,-78,-100,-78,-100,-68,-72,-71,-81,-57
1763545066380,-71,-79,-100,-78,-77,-100,-69,-73,-73,-77,-57
1763545066405,-71,-79,-100,-78,-77,-100,-69,-73,-73,-77,-57
1763545066430,-71,-79,-100,-78,-77,-100,-69,-73,-73,-77,-57
1763545066455,-71,-79,-100,-78,-77,-100,-69,-73,-73,-77,-57
1763545066484,-71,-79,-100,-78,-77,-100,-69,-73,-73,-77,-57
1763545066510,-71,-79,-100,-78,-77,-100,-69,-73,-73,-77,-57
1763545066535,-71,-79,-100,-78,-77,-100,-69,-73,-73,-77,-57
1763545066560,-71,-79,-100,-78,-77,-100,-69,-73,-73,-77,-57
1763545066585,-71,-79,-100,-78,-77,-100,-69,-73,-73,-77,-57
1763545066610,-71,-79,-100,-78,-77,-100,-69,-73,-73,-77,-57
1763545066636,-71,-79,-100,-78,-77,-100,-69,-73,-73,-77,-57
1763545066661,-71,-79,-100,-78,-77,-100,-69,-73,-73,-77,-57
1763545066686,-71,-79,-100,-78,-77,-100,-69,-73,-73,-77,-57
1763545066711,-71,-79,-100,-78,-77,-100,-69,-73,-73,-77,-57
1763545066736,-71,-79,-100,-78,-77,-100,-69,-73,-73,-77,-57
1763545066763,-71,-79,-100,-78,-77,-100,-69,-73,-73,-77,-57
1763545066788,-71,-79,-100,-78,-77,-100,-69,-73,-73,-77,-57
1763545066813,-71,-79,-100,-78,-77,-100,-69,-73,-73,-77,-57
1763545066838,-71,-79,-100,-78,-77,-100,-69,-73,-73,-77,-57
1763545066863,-71,-79,-100,-78,-77,-100,-69,-73,-73,-77,-57
1763545066889,-70,-79,-80,-77,-77,-100,-68,-72,-72,-77,-57
1763545066914,-70,-79,-80,-77,-77,-100,-68,-72,-72,-77,-57
1763545066939,-70,-79,-80,-77,-77,-100,-68,-72,-72,-77,-57
1763545066964,-70,-79,-80,-77,-77,-100,-68,-72,-72,-77,-57
1763545066989,-70,-79,-80,-77,-77,-100,-68,-72,-72,-77,-57
1763545067014,-70,-79,-80,-77,-77,-100,-68,-72,-72,-77,-57
1763545067040,-70,-79,-80,-77,-77,-100,-68,-72,-72,-77,-57
1763545067064,-70,-79,-80,-77,-77,-100,-68,-72,-72,-77,-57
1763545067089,-70,-79,-80,-77,-77,-100,-68,-72,-72,-77,-57
1763545067115,-70,-79,-80,-77,-77,-100,-68,-72,-72,-77,-57
1763545067139,-70,-79,-80,-77,-77,-100,-68,-72,-72,-77,-57
1763545067164,-70,-79,-80,-77,-77,-100,-68,-72,-72,-77,-57
1763545067191,-70,-79,-80,-77,-77,-100,-68,-72,-72,-77,-57
1763545067215,-70,-79,-80,-77,-77,-100,-68,-72,-72,-77,-57
1763545067240,-70,-79,-80,-77,-77,-100,-68,-72,-72,-77,-57
1763545067265,-70,-79,-80,-77,-77,-100,-68,-72,-72,-77,-57
1763545067291,-70,-79,-80,-77,-77,-100,-68,-72,-72,-77,-57
1763545067316,-70,-79,-80,-77,-77,-100,-68,-72,-72,-77,-57
1763545067341,-70,-79,-80,-77,-77,-100,-68,-72,-72,-77,-57
1763545067367,-71,-79,-80,-76,-78,-100,-66,-74,-66,-78,-59
1763545067394,-71,-79,-80,-76,-78,-100,-66,-74,-66,-78,-59
1763545067419,-71,-79,-80,-76,-78,-100,-66,-74,-66,-78,-59
1763545067445,-71,-79,-80,-76,-78,-100,-66,-74,-66,-78,-59
1763545067470,-71,-79,-80,-76,-78,-100,-66,-74,-66,-78,-59
1763545067496,-71,-79,-80,-76,-78,-100,-66,-74,-66,-78,-59
1763545067521,-71,-79,-80,-76,-78,-100,-66,-74,-66,-78,-59
1763545067547,-71,-79,-80,-76,-78,-100,-66,-74,-66,-78,-59
1763545067572,-71,-79,-80,-76,-78,-100,-66,-74,-66,-78,-59
1763545067597,-71,-79,-80,-76,-78,-100,-66,-74,-66,-78,-59
1763545067622,-71,-79,-80,-76,-78,-100,-66,-74,-66,-78,-59
1763545067647,-71,-79,-80,-76,-78,-100,-66,-74,-66,-78,-59
1763545067672,-71,-79,-80,-76,-78,-100,-66,-74,-66,-78,-59
1763545067697,-71,-79,-80,-76,-78,-100,-66,-74,-66,-78,-59
1763545067722,-71,-79,-80,-76,-78,-100,-66,-74,-66,-78,-59
1763545067748,-71,-79,-80,-76,-78,-100,-66,-74,-66,-78,-59
1763545067772,-71,-79,-80,-76,-78,-100,-66,-74,-66,-78,-59
1763545067797,-71,-79,-80,-76,-78,-100,-66,-74,-66,-78,-59
1763545067822,-71,-79,-80,-76,-78,-100,-66,-74,-66,-78,-59
1763545067847,-71,-79,-80,-76,-78,-100,-66,-74,-66,-78,-59
1763545067872,-73,-80,-79,-77,-78,-100,-65,-75,-64,-75,-60
1763545067898,-73,-80,-79,-77,-78,-100,-65,-75,-64,-75,-60
1763545067924,-73,-80,-79,-77,-78,-100,-65,-75,-64,-75,-60
1763545067949,-73,-80,-79,-77,-78,-100,-65,-75,-64,-75,-60
1763545067975,-73,-80,-79,-77,-78,-100,-65,-75,-64,-75,-60
1763545068000,-73,-80,-79,-77,-78,-100,-65,-75,-64,-75,-60
1763545068026,-73,-80,-79,-77,-78,-100,-65,-75,-64,-75,-60
1763545068051,-73,-80,-79,-77,-78,-100,-65,-75,-64,-75,-60
1763545068076,-73,-80,-79,-77,-78,-100,-65,-75,-64,-75,-60
1763545068101,-73,-80,-79,-77,-78,-100,-65,-75,-64,-75,-60
1763545068126,-73,-80,-79,-77,-78,-100,-65,-75,-64,-75,-60
1763545068151,-73,-80,-79,-77,-78,-100,-65,-75,-64,-75,-60
1763545068177,-73,-80,-79,-77,-78,-100,-65,-75,-64,-75,-60
1763545068202,-73,-80,-79,-77,-78,-100,-65,-75,-64,-75,-60
1763545068228,-73,-80,-79,-77,-78,-100,-65,-75,-64,-75,-60
1763545068253,-73,-80,-79,-77,-78,-100,-65,-75,-64,-75,-60
1763545068278,-73,-80,-79,-77,-78,-100,-65,-75,-64,-75,-60
1763545068303,-73,-80,-79,-77,-78,-100,-65,-75,-64,-75,-60
1763545068329,-73,-80,-79,-77,-78,-100,-65,-75,-64,-75,-60
1763545068355,-73,-80,-79,-77,-78,-100,-65,-75,-64,-75,-60
1763545068380,-73,-80,-78,-79,-78,-100,-66,-76,-64,-72,-61
1763545068406,-73,-80,-78,-79,-78,-100,-66,-76,-64,-72,-61
1763545068431,-73,-80,-78,-79,-78,-100,-66,-76,-64,-72,-61
1763545068456,-73,-80,-78,-79,-78,-100,-66,-76,-64,-72,-61
1763545068481,-73,-80,-78,-79,-78,-100,-66,-76,-64,-72,-61
1763545068506,-73,-80,-78,-79,-78,-100,-66,-76,-64,-72,-61
1763545068531,-73,-80,-78,-79,-78,-100,-66,-76,-64,-72,-61
1763545068556,-73,-80,-78,-79,-78,-100,-66,-76,-64,-72,-61
1763545068582,-73,-80,-78,-79,-78,-100,-66,-76,-64,-72,-61
1763545068606,-73,-80,-78,-79,-78,-100,-66,-76,-64,-72,-61
1763545068632,-73,-80,-78,-79,-78,-100,-66,-76,-64,-72,-61
1763545068658,-73,-80,-78,-79,-78,-100,-66,-76,-64,-72,-61
1763545068683,-73,-80,-78,-79,-78,-100,-66,-76,-64,-72,-61
1763545068709,-73,-80,-78,-79,-78,-100,-66,-76,-64,-72,-61
1763545068734,-73,-80,-78,-79,-78,-100,-66,-76,-64,-72,-61
1763545068759,-73,-80,-78,-79,-78,-100,-66,-76,-64,-72,-61
1763545068785,-73,-80,-78,-79,-78,-100,-66,-76,-64,-72,-61
1763545068810,-73,-80,-78,-79,-78,-100,-66,-76,-64,-72,-61
1763545068836,-73,-80,-78,-79,-78,-100,-66,-76,-64,-72,-61
1763545068861,-73,-80,-78,-79,-78,-100,-66,-76,-64,-72,-61
1763545068887,-74,-80,-78,-77,-78,-100,-66,-79,-65,-73,-62
1763545068912,-74,-80,-78,-77,-78,-100,-66,-79,-65,-73,-62
1763545068937,-74,-80,-78,-77,-78,-100,-66,-79,-65,-73,-62
1763545068962,-74,-80,-78,-77,-78,-100,-66,-79,-65,-73,-62
1763545068987,-74,-80,-78,-77,-78,-100,-66,-79,-65,-73,-62
1763545069012,-74,-80,-78,-77,-78,-100,-66,-79,-65,-73,-62
1763545069037,-74,-80,-78,-77,-78,-100,-66,-79,-65,-73,-62
1763545069062,-74,-80,-78,-77,-78,-100,-66,-79,-65,-73,-62
1763545069087,-74,-80,-78,-77,-78,-100,-66,-79,-65,-73,-62
1763545069112,-74,-80,-78,-77,-78,-100,-66,-79,-65,-73,-62
1763545069137,-74,-80,-78,-77,-78,-100,-66,-79,-65,-73,-62
1763545069162,-74,-80,-78,-77,-78,-100,-66,-79,-65,-73,-62
1763545069187,-74,-80,-78,-77,-78,-100,-66,-79,-65,-73,-62
1763545069212,-74,-80,-78,-77,-78,-100,-66,-79,-65,-73,-62
1763545069237,-74,-80,-78,-77,-78,-100,-66,-79,-65,-73,-62
1763545069262,-74,-80,-78,-77,-78,-100,-66,-79,-65,-73,-62
1763545069288,-74,-80,-78,-77,-78,-100,-66,-79,-65,-73,-62
1763545069312,-74,-80,-78,-77,-78,-100,-66,-79,-65,-73,-62
1763545069337,-74,-80,-78,-77,-78,-100,-66,-79,-65,-73,-62
1763545069363,-75,-80,-100,-76,-77,-100,-62,-79,-66,-74,-65
1763545069388,-75,-80,-100,-76,-77,-100,-62,-79,-66,-74,-65
1763545069414,-75,-80,-100,-76,-77,-100,-62,-79,-66,-74,-65
1763545069439,-75,-80,-100,-76,-77,-100,-62,-79,-66,-74,-65
1763545069464,-75,-80,-100,-76,-77,-100,-62,-79,-66,-74,-65
1763545069489,-75,-80,-100,-76,-77,-100,-62,-79,-66,-74,-65
1763545069514,-75,-80,-100,-76,-77,-100,-62,-79,-66,-74,-65
1763545069539,-75,-80,-100,-76,-77,-100,-62,-79,-66,-74,-65
1763545069564,-75,-80,-100,-76,-77,-100,-62,-79,-66,-74,-65
1763545069589,-75,-80,-100,-76,-77,-100,-62,-79,-66,-74,-65
1763545069615,-75,-80,-100,-76,-77,-100,-62,-79,-66,-74,-65
1763545069640,-75,-80,-100,-76,-77,-100,-62,-79,-66,-74,-65
1763545069665,-75,-80,-100,-76,-77,-100,-62,-79,-66,-74,-65
1763545069690,-75,-80,-100,-76,-77,-100,-62,-79,-66,-74,-65
1763545069715,-75,-80,-100,-76,-77,-100,-62,-79,-66,-74,-65
1763545069740,-75,-80,-100,-76,-77,-100,-62,-79,-66,-74,-65
1763545069765,-75,-80,-100,-76,-77,-100,-62,-79,-66,-74,-65
1763545069790,-75,-80,-100,-76,-77,-100,-62,-79,-66,-74,-65
1763545069815,-75,-80,-100,-76,-77,-100,-62,-79,-66,-74,-65
1763545069840,-75,-80,-100,-76,-77,-100,-62,-79,-66,-74,-65
1763545069865,-74,-100,-81,-77,-100,-100,-61,-78,-64,-73,-66
1763545069890,-74,-100,-81,-77,-100,-100,-61,-78,-64,-73,-66
1763545069915,-74,-100,-81,-77,-100,-100,-61,-78,-64,-73,-66
1763545069941,-74,-100,-81,-77,-100,-100,-61,-78,-64,-73,-66
1763545069966,-74,-100,-81,-77,-100,-100,-61,-78,-64,-73,-66
1763545069992,-74,-100,-81,-77,-100,-100,-61,-78,-64,-73,-66
1763545070017,-74,-100,-81,-77,-100,-100,-61,-78,-64,-73,-66
1763545070042,-74,-100,-81,-77,-100,-100,-61,-78,-64,-73,-66
1763545070068,-74,-100,-81,-77,-100,-100,-61,-78,-64,-73,-66
1763545070093,-74,-100,-81,-77,-100,-100,-61,-78,-64,-73,-66
1763545070119,-74,-100,-81,-77,-100,-100,-61,-78,-64,-73,-66
1763545070144,-74,-100,-81,-77,-100,-100,-61,-78,-64,-73,-66
1763545070169,-74,-100,-81,-77,-100,-100,-61,-78,-64,-73,-66
1763545070194,-74,-100,-81,-77,-100,-100,-61,-78,-64,-73,-66
1763545070219,-74,-100,-81,-77,-100,-100,-61,-78,-64,-73,-66
1763545070244,-74,-100,-81,-77,-100,-100,-61,-78,-64,-73,-66
1763545070269,-74,-100,-81,-77,-100,-100,-61,-78,-64,-73,-66
1763545070294,-74,-100,-81,-77,-100,-100,-61,-78,-64,-73,-66
1763545070319,-74,-100,-81,-77,-100,-100,-61,-78,-64,-73,-66
1763545070345,-74,-100,-81,-77,-100,-100,-61,-78,-64,-73,-66
1763545070370,-73,-100,-81,-79,-100,-100,-60,-100,-61,-71,-67
1763545070396,-73,-100,-81,-79,-100,-100,-60,-100,-61,-71,-67
1763545070422,-73,-100,-81,-79,-100,-100,-60,-100,-61,-71,-67
1763545070447,-73,-100,-81,-79,-100,-100,-60,-100,-61,-71,-67
1763545070472,-73,-100,-81,-79,-100,-100,-60,-100,-61,-71,-67
1763545070497,-73,-100,-81,-79,-100,-100,-60,-100,-61,-71,-67
1763545070522,-73,-100,-81,-79,-100,-100,-60,-100,-61,-71,-67
1763545070547,-73,-100,-81,-79,-100,-100,-60,-100,-61,-71,-67
1763545070572,-73,-100,-81,-79,-100,-100,-60,-100,-61,-71,-67
1763545070597,-73,-100,-81,-79,-100,-100,-60,-100,-61,-71,-67
1763545070622,-73,-100,-81,-79,-100,-100,-60,-100,-61,-71,-67
1763545070647,-73,-100,-81,-79,-100,-100,-60,-100,-61,-71,-67
1763545070672,-73,-100,-81,-79,-100,-100,-60,-100,-61,-71,-67
1763545070698,-73,-100,-81,-79,-100,-100,-60,-100,-61,-71,-67
1763545070724,-73,-100,-81,-79,-100,-100,-60,-100,-61,-71,-67
1763545070750,-73,-100,-81,-79,-100,-100,-60,-100,-61,-71,-67
1763545070775,-73,-100,-81,-79,-100,-100,-60,-100,-61,-71,-67
1763545070800,-73,-100,-81,-79,-100,-100,-60,-100,-61,-71,-67
1763545070825,-73,-100,-81,-79,-100,-100,-60,-100,-61,-71,-67
1763545070850,-73,-100,-81,-79,-100,-100,-60,-100,-61,-71,-67
1763545070876,-79,-100,-100,-76,-84,-100,-57,-100,-61,-69,-68
1763545070902,-79,-100,-100,-76,-84,-100,-57,-100,-61,-69,-68
1763545070931,-79,-100,-100,-76,-84,-100,-57,-100,-61,-69,-68
1763545070957,-79,-100,-100,-76,-84,-100,-57,-100,-61,-69,-68
1763545070982,-79,-100,-100,-76,-84,-100,-57,-100,-61,-69,-68
1763545071008,-79,-100,-100,-76,-84,-100,-57,-100,-61,-69,-68
1763545071033,-79,-100,-100,-76,-84,-100,-57,-100,-61,-69,-68
1763545071059,-79,-100,-100,-76,-84,-100,-57,-100,-61,-69,-68
1763545071084,-79,-100,-100,-76,-84,-100,-57,-100,-61,-69,-68
1763545071109,-79,-100,-100,-76,-84,-100,-57,-100,-61,-69,-68
1763545071134,-79,-100,-100,-76,-84,-100,-57,-100,-61,-69,-68
1763545071159,-79,-100,-100,-76,-84,-100,-57,-100,-61,-69,-68
1763545071184,-79,-100,-100,-76,-84,-100,-57,-100,-61,-69,-68
1763545071210,-79,-100,-100,-76,-84,-100,-57,-100,-61,-69,-68
1763545071235,-79,-100,-100,-76,-84,-100,-57,-100,-61,-69,-68
1763545071260,-79,-100,-100,-76,-84,-100,-57,-100,-61,-69,-68
1763545071285,-79,-100,-100,-76,-84,-100,-57,-100,-61,-69,-68
1763545071311,-79,-100,-100,-76,-84,-100,-57,-100,-61,-69,-68
1763545071336,-79,-100,-100,-76,-84,-100,-57,-100,-61,-69,-68
1763545071362,-79,-100,-100,-76,-84,-100,-57,-100,-61,-69,-68
1763545071386,-77,-80,-80,-77,-84,-100,-57,-100,-60,-67,-69
1763545071411,-77,-80,-80,-77,-84,-100,-57,-100,-60,-67,-69
1763545071436,-77,-80,-80,-77,-84,-100,-57,-100,-60,-67,-69
1763545071462,-77,-80,-80,-77,-84,-100,-57,-100,-60,-67,-69
1763545071487,-77,-80,-80,-77,-84,-100,-57,-100,-60,-67,-69
1763545071513,-77,-80,-80,-77,-84,-100,-57,-100,-60,-67,-69
1763545071538,-77,-80,-80,-77,-84,-100,-57,-100,-60,-67,-69
1763545071563,-77,-80,-80,-77,-84,-100,-57,-100,-60,-67,-69
1763545071589,-77,-80,-80,-77,-84,-100,-57,-100,-60,-67,-69
1763545071614,-77,-80,-80,-77,-84,-100,-57,-100,-60,-67,-69
1763545071639,-77,-80,-80,-77,-84,-100,-57,-100,-60,-67,-69
1763545071664,-77,-80,-80,-77,-84,-100,-57,-100,-60,-67,-69
1763545071689,-77,-80,-80,-77,-84,-100,-57,-100,-60,-67,-69
1763545071714,-77,-80,-80,-77,-84,-100,-57,-100,-60,-67,-69
1763545071739,-77,-80,-80,-77,-84,-100,-57,-100,-60,-67,-69
1763545071765,-77,-80,-80,-77,-84,-100,-57,-100,-60,-67,-69
1763545071790,-77,-80,-80,-77,-84,-100,-57,-100,-60,-67,-69
1763545071815,-77,-80,-80,-77,-84,-100,-57,-100,-60,-67,-69
1763545071841,-77,-80,-80,-77,-84,-100,-57,-100,-60,-67,-69
1763545071866,-75,-80,-80,-79,-100,-100,-56,-100,-61,-69,-71
1763545071891,-75,-80,-80,-79,-100,-100,-56,-100,-61,-69,-71
1763545071916,-75,-80,-80,-79,-100,-100,-56,-100,-61,-69,-71
1763545071941,-75,-80,-80,-79,-100,-100,-56,-100,-61,-69,-71
1763545071967,-75,-80,-80,-79,-100,-100,-56,-100,-61,-69,-71
1763545071992,-75,-80,-80,-79,-100,-100,-56,-100,-61,-69,-71
1763545072017,-75,-80,-80,-79,-100,-100,-56,-100,-61,-69,-71
1763545072042,-75,-80,-80,-79,-100,-100,-56,-100,-61,-69,-71
1763545072067,-75,-80,-80,-79,-100,-100,-56,-100,-61,-69,-71
1763545072092,-75,-80,-80,-79,-100,-100,-56,-100,-61,-69,-71
1763545072117,-75,-80,-80,-79,-100,-100,-56,-100,-61,-69,-71
1763545072143,-75,-80,-80,-79,-100,-100,-56,-100,-61,-69,-71
1763545072167,-75,-80,-80,-79,-100,-100,-56,-100,-61,-69,-71
1763545072193,-75,-80,-80,-79,-100,-100,-56,-100,-61,-69,-71
1763545072218,-75,-80,-80,-79,-100,-100,-56,-100,-61,-69,-71
1763545072244,-75,-80,-80,-79,-100,-100,-56,-100,-61,-69,-71
1763545072270,-75,-80,-80,-79,-100,-100,-56,-100,-61,-69,-71
1763545072295,-75,-80,-80,-79,-100,-100,-56,-100,-61,-69,-71
1763545072320,-75,-80,-80,-79,-100,-100,-56,-100,-61,-69,-71
1763545072346,-75,-80,-80,-79,-100,-100,-56,-100,-61,-69,-71
1763545072371,-74,-81,-100,-80,-81,-100,-55,-100,-64,-72,-69
1763545072396,-74,-81,-100,-80,-81,-100,-55,-100,-64,-72,-69
1763545072421,-74,-81,-100,-80,-81,-100,-55,-100,-64,-72,-69
1763545072447,-74,-81,-100,-80,-81,-100,-55,-100,-64,-72,-69
1763545072472,-74,-81,-100,-80,-81,-100,-55,-100,-64,-72,-69
1763545072497,-74,-81,-100,-80,-81,-100,-55,-100,-64,-72,-69
1763545072522,-74,-81,-100,-80,-81,-100,-55,-100,-64,-72,-69
1763545072547,-74,-81,-100,-80,-81,-100,-55,-100,-64,-72,-69
1763545072572,-74,-81,-100,-80,-81,-100,-55,-100,-64,-72,-69
1763545072597,-74,-81,-100,-80,-81,-100,-55,-100,-64,-72,-69
1763545072622,-74,-81,-100,-80,-81,-100,-55,-100,-64,-72,-69
1763545072647,-74,-81,-100,-80,-81,-100,-55,-100,-64,-72,-69
1763545072672,-74,-81,-100,-80,-81,-100,-55,-100,-64,-72,-69
1763545072697,-74,-81,-100,-80,-81,-100,-55,-100,-64,-72,-69
1763545072723,-74,-81,-100,-80,-81,-100,-55,-100,-64,-72,-69
1763545072748,-74,-81,-100,-80,-81,-100,-55,-100,-64,-72,-69
1763545072773,-74,-81,-100,-80,-81,-100,-55,-100,-64,-72,-69
1763545072798,-74,-81,-100,-80,-81,-100,-55,-100,-64,-72,-69
1763545072823,-74,-81,-100,-80,-81,-100,-55,-100,-64,-72,-69
1763545072849,-74,-81,-100,-80,-81,-100,-55,-100,-64,-72,-69
1763545072875,-75,-82,-100,-81,-81,-100,-57,-100,-61,-75,-69
1763545072900,-75,-82,-100,-81,-81,-100,-57,-100,-61,-75,-69
1763545072926,-75,-82,-100,-81,-81,-100,-57,-100,-61,-75,-69
1763545072952,-75,-82,-100,-81,-81,-100,-57,-100,-61,-75,-69
1763545072978,-75,-82,-100,-81,-81,-100,-57,-100,-61,-75,-69
1763545073003,-75,-82,-100,-81,-81,-100,-57,-100,-61,-75,-69
1763545073028,-75,-82,-100,-81,-81,-100,-57,-100,-61,-75,-69
1763545073053,-75,-82,-100,-81,-81,-100,-57,-100,-61,-75,-69
1763545073079,-75,-82,-100,-81,-81,-100,-57,-100,-61,-75,-69
1763545073104,-75,-82,-100,-81,-81,-100,-57,-100,-61,-75,-69
1763545073130,-75,-82,-100,-81,-81,-100,-57,-100,-61,-75,-69
1763545073155,-75,-82,-100,-81,-81,-100,-57,-100,-61,-75,-69
1763545073181,-75,-82,-100,-81,-81,-100,-57,-100,-61,-75,-69
1763545073206,-75,-82,-100,-81,-81,-100,-57,-100,-61,-75,-69
1763545073232,-75,-82,-100,-81,-81,-100,-57,-100,-61,-75,-69
1763545073257,-75,-82,-100,-81,-81,-100,-57,-100,-61,-75,-69
1763545073283,-75,-82,-100,-81,-81,-100,-57,-100,-61,-75,-69
1763545073309,-75,-82,-100,-81,-81,-100,-57,-100,-61,-75,-69
1763545073334,-75,-82,-100,-81,-81,-100,-57,-100,-61,-75,-69
1763545073360,-75,-82,-100,-81,-81,-100,-57,-100,-61,-75,-69
1763545073385,-78,-100,-100,-80,-100,-100,-60,-100,-58,-76,-72
1763545073412,-78,-100,-100,-80,-100,-100,-60,-100,-58,-76,-72
1763545073438,-78,-100,-100,-80,-100,-100,-60,-100,-58,-76,-72
1763545073463,-78,-100,-100,-80,-100,-100,-60,-100,-58,-76,-72
1763545073488,-78,-100,-100,-80,-100,-100,-60,-100,-58,-76,-72
1763545073513,-78,-100,-100,-80,-100,-100,-60,-100,-58,-76,-72
1763545073539,-78,-100,-100,-80,-100,-100,-60,-100,-58,-76,-72
1763545073564,-78,-100,-100,-80,-100,-100,-60,-100,-58,-76,-72
1763545073589,-78,-100,-100,-80,-100,-100,-60,-100,-58,-76,-72
1763545073614,-78,-100,-100,-80,-100,-100,-60,-100,-58,-76,-72
1763545073639,-78,-100,-100,-80,-100,-100,-60,-100,-58,-76,-72
1763545073664,-78,-100,-100,-80,-100,-100,-60,-100,-58,-76,-72
1763545073689,-78,-100,-100,-80,-100,-100,-60,-100,-58,-76,-72
1763545073714,-78,-100,-100,-80,-100,-100,-60,-100,-58,-76,-72
1763545073739,-78,-100,-100,-80,-100,-100,-60,-100,-58,-76,-72
1763545073764,-78,-100,-100,-80,-100,-100,-60,-100,-58,-76,-72
1763545073789,-78,-100,-100,-80,-100,-100,-60,-100,-58,-76,-72
1763545073814,-78,-100,-100,-80,-100,-100,-60,-100,-58,-76,-72
1763545073840,-78,-100,-100,-80,-100,-100,-60,-100,-58,-76,-72
1763545073866,-76,-100,-100,-82,-100,-100,-63,-100,-61,-76,-74
1763545073891,-76,-100,-100,-82,-100,-100,-63,-100,-61,-76,-74
1763545073916,-76,-100,-100,-82,-100,-100,-63,-100,-61,-76,-74
1763545073941,-76,-100,-100,-82,-100,-100,-63,-100,-61,-76,-74
1763545073967,-76,-100,-100,-82,-100,-100,-63,-100,-61,-76,-74
1763545073991,-76,-100,-100,-82,-100,-100,-63,-100,-61,-76,-74
1763545074017,-76,-100,-100,-82,-100,-100,-63,-100,-61,-76,-74
1763545074043,-76,-100,-100,-82,-100,-100,-63,-100,-61,-76,-74
1763545074068,-76,-100,-100,-82,-100,-100,-63,-100,-61,-76,-74
1763545074094,-76,-100,-100,-82,-100,-100,-63,-100,-61,-76,-74
1763545074119,-76,-100,-100,-82,-100,-100,-63,-100,-61,-76,-74
1763545074145,-76,-100,-100,-82,-100,-100,-63,-100,-61,-76,-74
1763545074170,-76,-100,-100,-82,-100,-100,-63,-100,-61,-76,-74
1763545074195,-76,-100,-100,-82,-100,-100,-63,-100,-61,-76,-74
1763545074220,-76,-100,-100,-82,-100,-100,-63,-100,-61,-76,-74
1763545074245,-76,-100,-100,-82,-100,-100,-63,-100,-61,-76,-74
1763545074270,-76,-100,-100,-82,-100,-100,-63,-100,-61,-76,-74
1763545074295,-76,-100,-100,-82,-100,-100,-63,-100,-61,-76,-74
1763545074320,-76,-100,-100,-82,-100,-100,-63,-100,-61,-76,-74
1763545074345,-76,-100,-100,-82,-100,-100,-63,-100,-61,-76,-74
1763545074370,-77,-100,-100,-81,-81,-100,-62,-100,-62,-74,-74
1763545074397,-77,-100,-100,-81,-81,-100,-62,-100,-62,-74,-74
1763545074422,-77,-100,-100,-81,-81,-100,-62,-100,-62,-74,-74
1763545074447,-77,-100,-100,-81,-81,-100,-62,-100,-62,-74,-74
1763545074472,-77,-100,-100,-81,-81,-100,-62,-100,-62,-74,-74
1763545074498,-77,-100,-100,-81,-81,-100,-62,-100,-62,-74,-74
1763545074523,-77,-100,-100,-81,-81,-100,-62,-100,-62,-74,-74
1763545074549,-77,-100,-100,-81,-81,-100,-62,-100,-62,-74,-74
1763545074574,-77,-100,-100,-81,-81,-100,-62,-100,-62,-74,-74
1763545074599,-77,-100,-100,-81,-81,-100,-62,-100,-62,-74,-74
1763545074624,-77,-100,-100,-81,-81,-100,-62,-100,-62,-74,-74
1763545074649,-77,-100,-100,-81,-81,-100,-62,-100,-62,-74,-74
1763545074675,-77,-100,-100,-81,-81,-100,-62,-100,-62,-74,-74
1763545074700,-77,-100,-100,-81,-81,-100,-62,-100,-62,-74,-74
1763545074725,-77,-100,-100,-81,-81,-100,-62,-100,-62,-74,-74
1763545074751,-77,-100,-100,-81,-81,-100,-62,-100,-62,-74,-74
1763545074777,-77,-100,-100,-81,-81,-100,-62,-100,-62,-74,-74
1763545074802,-77,-100,-100,-81,-81,-100,-62,-100,-62,-74,-74
1763545074827,-77,-100,-100,-81,-81,-100,-62,-100,-62,-74,-74
1763545074852,-77,-100,-100,-81,-81,-100,-62,-100,-62,-74,-74
1763545074878,-78,-100,-100,-79,-81,-100,-59,-100,-58,-72,-72
1763545074904,-78,-100,-100,-79,-81,-100,-59,-100,-58,-72,-72
1763545074930,-78,-100,-100,-79,-81,-100,-59,-100,-58,-72,-72
1763545074954,-78,-100,-100,-79,-81,-100,-59,-100,-58,-72,-72
1763545074979,-78,-100,-100,-79,-81,-100,-59,-100,-58,-72,-72
1763545075004,-78,-100,-100,-79,-81,-100,-59,-100,-58,-72,-72
1763545075029,-78,-100,-100,-79,-81,-100,-59,-100,-58,-72,-72
1763545075054,-78,-100,-100,-79,-81,-100,-59,-100,-58,-72,-72
1763545075079,-78,-100,-100,-79,-81,-100,-59,-100,-58,-72,-72
1763545075104,-78,-100,-100,-79,-81,-100,-59,-100,-58,-72,-72
1763545075130,-78,-100,-100,-79,-81,-100,-59,-100,-58,-72,-72
1763545075155,-78,-100,-100,-79,-81,-100,-59,-100,-58,-72,-72
1763545075180,-78,-100,-100,-79,-81,-100,-59,-100,-58,-72,-72
1763545075205,-78,-100,-100,-79,-81,-100,-59,-100,-58,-72,-72
1763545075231,-78,-100,-100,-79,-81,-100,-59,-100,-58,-72,-72
1763545075256,-78,-100,-100,-79,-81,-100,-59,-100,-58,-72,-72
1763545075281,-78,-100,-100,-79,-81,-100,-59,-100,-58,-72,-72
1763545075306,-78,-100,-100,-79,-81,-100,-59,-100,-58,-72,-72
1763545075331,-78,-100,-100,-79,-81,-100,-59,-100,-58,-72,-72
1763545075356,-78,-100,-100,-79,-81,-100,-59,-100,-58,-72,-72
1763545075381,-77,-100,-86,-79,-82,-100,-54,-86,-61,-72,-74
1763545075406,-77,-100,-86,-79,-82,-100,-54,-86,-61,-72,-74
1763545075431,-77,-100,-86,-79,-82,-100,-54,-86,-61,-72,-74
1763545075456,-77,-100,-86,-79,-82,-100,-54,-86,-61,-72,-74
1763545075481,-77,-100,-86,-79,-82,-100,-54,-86,-61,-72,-74
1763545075506,-77,-100,-86,-79,-82,-100,-54,-86,-61,-72,-74
1763545075532,-77,-100,-86,-79,-82,-100,-54,-86,-61,-72,-74
1763545075558,-77,-100,-86,-79,-82,-100,-54,-86,-61,-72,-74
1763545075583,-77,-100,-86,-79,-82,-100,-54,-86,-61,-72,-74
1763545075608,-77,-100,-86,-79,-82,-100,-54,-86,-61,-72,-74
1763545075633,-77,-100,-86,-79,-82,-100,-54,-86,-61,-72,-74
1763545075658,-77,-100,-86,-79,-82,-100,-54,-86,-61,-72,-74
1763545075684,-77,-100,-86,-79,-82,-100,-54,-86,-61,-72,-74
1763545075709,-77,-100,-86,-79,-82,-100,-54,-86,-61,-72,-74
1763545075734,-77,-100,-86,-79,-82,-100,-54,-86,-61,-72,-74
1763545075761,-77,-100,-86,-79,-82,-100,-54,-86,-61,-72,-74
1763545075786,-77,-100,-86,-79,-82,-100,-54,-86,-61,-72,-74
1763545075811,-77,-100,-86,-79,-82,-100,-54,-86,-61,-72,-74
1763545075836,-77,-100,-86,-79,-82,-100,-54,-86,-61,-72,-74
1763545075861,-77,-100,-86,-79,-82,-100,-54,-86,-61,-72,-74
1763545075886,-78,-100,-84,-77,-83,-100,-49,-86,-60,-73,-74
1763545075911,-78,-100,-84,-77,-83,-100,-49,-86,-60,-73,-74
1763545075936,-78,-100,-84,-77,-83,-100,-49,-86,-60,-73,-74
1763545075962,-78,-100,-84,-77,-83,-100,-49,-86,-60,-73,-74
1763545075987,-78,-100,-84,-77,-83,-100,-49,-86,-60,-73,-74
1763545076012,-78,-100,-84,-77,-83,-100,-49,-86,-60,-73,-74
1763545076037,-78,-100,-84,-77,-83,-100,-49,-86,-60,-73,-74
1763545076063,-78,-100,-84,-77,-83,-100,-49,-86,-60,-73,-74
1763545076088,-78,-100,-84,-77,-83,-100,-49,-86,-60,-73,-74
1763545076113,-78,-100,-84,-77,-83,-100,-49,-86,-60,-73,-74
1763545076138,-78,-100,-84,-77,-83,-100,-49,-86,-60,-73,-74
1763545076164,-78,-100,-84,-77,-83,-100,-49,-86,-60,-73,-74
1763545076189,-78,-100,-84,-77,-83,-100,-49,-86,-60,-73,-74
1763545076215,-78,-100,-84,-77,-83,-100,-49,-86,-60,-73,-74
1763545076240,-78,-100,-84,-77,-83,-100,-49,-86,-60,-73,-74
1763545076265,-78,-100,-84,-77,-83,-100,-49,-86,-60,-73,-74
1763545076290,-78,-100,-84,-77,-83,-100,-49,-86,-60,-73,-74
1763545076315,-78,-100,-84,-77,-83,-100,-49,-86,-60,-73,-74
1763545076340,-78,-100,-84,-77,-83,-100,-49,-86,-60,-73,-74
1763545076365,-78,-100,-84,-77,-83,-100,-49,-86,-60,-73,-74
1763545076391,-79,-91,-83,-73,-87,-100,-50,-91,-58,-73,-72
1763545076416,-79,-91,-83,-73,-87,-100,-50,-91,-58,-73,-72
1763545076441,-79,-91,-83,-73,-87,-100,-50,-91,-58,-73,-72
1763545076467,-79,-91,-83,-73,-87,-100,-50,-91,-58,-73,-72
1763545076492,-79,-91,-83,-73,-87,-100,-50,-91,-58,-73,-72
1763545076517,-79,-91,-83,-73,-87,-100,-50,-91,-58,-73,-72
1763545076542,-79,-91,-83,-73,-87,-100,-50,-91,-58,-73,-72
1763545076567,-79,-91,-83,-73,-87,-100,-50,-91,-58,-73,-72
1763545076592,-79,-91,-83,-73,-87,-100,-50,-91,-58,-73,-72
1763545076617,-79,-91,-83,-73,-87,-100,-50,-91,-58,-73,-72
1763545076642,-79,-91,-83,-73,-87,-100,-50,-91,-58,-73,-72
1763545076667,-79,-91,-83,-73,-87,-100,-50,-91,-58,-73,-72
1763545076692,-79,-91,-83,-73,-87,-100,-50,-91,-58,-73,-72
1763545076717,-79,-91,-83,-73,-87,-100,-50,-91,-58,-73,-72
1763545076743,-79,-91,-83,-73,-87,-100,-50,-91,-58,-73,-72
1763545076768,-79,-91,-83,-73,-87,-100,-50,-91,-58,-73,-72
1763545076793,-79,-91,-83,-73,-87,-100,-50,-91,-58,-73,-72
1763545076818,-79,-91,-83,-73,-87,-100,-50,-91,-58,-73,-72
1763545076844,-79,-91,-83,-73,-87,-100,-50,-91,-58,-73,-72
1763545076869,-79,-91,-83,-73,-87,-100,-50,-91,-58,-73,-72
1763545076894,-78,-91,-82,-75,-87,-100,-55,-92,-58,-74,-74
1763545076919,-78,-91,-82,-75,-87,-100,-55,-92,-58,-74,-74
1763545076944,-78,-91,-82,-75,-87,-100,-55,-92,-58,-74,-74
1763545076969,-78,-91,-82,-75,-87,-100,-55,-92,-58,-74,-74
1763545076994,-78,-91,-82,-75,-87,-100,-55,-92,-58,-74,-74
1763545077019,-78,-91,-82,-75,-87,-100,-55,-92,-58,-74,-74
1763545077045,-78,-91,-82,-75,-87,-100,-55,-92,-58,-74,-74
1763545077070,-78,-91,-82,-75,-87,-100,-55,-92,-58,-74,-74
1763545077096,-78,-91,-82,-75,-87,-100,-55,-92,-58,-74,-74
1763545077121,-78,-91,-82,-75,-87,-100,-55,-92,-58,-74,-74
1763545077146,-78,-91,-82,-75,-87,-100,-55,-92,-58,-74,-74
1763545077171,-78,-91,-82,-75,-87,-100,-55,-92,-58,-74,-74
1763545077197,-78,-91,-82,-75,-87,-100,-55,-92,-58,-74,-74
1763545077221,-78,-91,-82,-75,-87,-100,-55,-92,-58,-74,-74
1763545077247,-78,-91,-82,-75,-87,-100,-55,-92,-58,-74,-74
1763545077272,-78,-91,-82,-75,-87,-100,-55,-92,-58,-74,-74
1763545077298,-78,-91,-82,-75,-87,-100,-55,-92,-58,-74,-74
1763545077323,-78,-91,-82,-75,-87,-100,-55,-92,-58,-74,-74
1763545077348,-78,-91,-82,-75,-87,-100,-55,-92,-58,-74,-74
1763545077373,-78,-91,-81,-76,-87,-100,-56,-92,-56,-71,-75
1763545077398,-78,-91,-81,-76,-87,-100,-56,-92,-56,-71,-75
1763545077423,-78,-91,-81,-76,-87,-100,-56,-92,-56,-71,-75
1763545077448,-78,-91,-81,-76,-87,-100,-56,-92,-56,-71,-75
1763545077473,-78,-91,-81,-76,-87,-100,-56,-92,-56,-71,-75
1763545077498,-78,-91,-81,-76,-87,-100,-56,-92,-56,-71,-75
1763545077523,-78,-91,-81,-76,-87,-100,-56,-92,-56,-71,-75
1763545077548,-78,-91,-81,-76,-87,-100,-56,-92,-56,-71,-75
1763545077573,-78,-91,-81,-76,-87,-100,-56,-92,-56,-71,-75
1763545077598,-78,-91,-81,-76,-87,-100,-56,-92,-56,-71,-75
1763545077624,-78,-91,-81,-76,-87,-100,-56,-92,-56,-71,-75
1763545077649,-78,-91,-81,-76,-87,-100,-56,-92,-56,-71,-75
1763545077675,-78,-91,-81,-76,-87,-100,-56,-92,-56,-71,-75
1763545077700,-78,-91,-81,-76,-87,-100,-56,-92,-56,-71,-75
1763545077725,-78,-91,-81,-76,-87,-100,-56,-92,-56,-71,-75
1763545077750,-78,-91,-81,-76,-87,-100,-56,-92,-56,-71,-75
1763545077775,-78,-91,-81,-76,-87,-100,-56,-92,-56,-71,-75
1763545077801,-78,-91,-81,-76,-87,-100,-56,-92,-56,-71,-75
1763545077826,-78,-91,-81,-76,-87,-100,-56,-92,-56,-71,-75
1763545077851,-78,-91,-81,-76,-87,-100,-56,-92,-56,-71,-75
1763545077876,-78,-100,-100,-76,-87,-100,-59,-100,-54,-68,-77
1763545077901,-78,-100,-100,-76,-87,-100,-59,-100,-54,-68,-77
1763545077926,-78,-100,-100,-76,-87,-100,-59,-100,-54,-68,-77
1763545077951,-78,-100,-100,-76,-87,-100,-59,-100,-54,-68,-77
1763545077976,-78,-100,-100,-76,-87,-100,-59,-100,-54,-68,-77
1763545078001,-78,-100,-100,-76,-87,-100,-59,-100,-54,-68,-77
1763545078026,-78,-100,-100,-76,-87,-100,-59,-100,-54,-68,-77
1763545078051,-78,-100,-100,-76,-87,-100,-59,-100,-54,-68,-77
1763545078076,-78,-100,-100,-76,-87,-100,-59,-100,-54,-68,-77
1763545078101,-78,-100,-100,-76,-87,-100,-59,-100,-54,-68,-77
1763545078127,-78,-100,-100,-76,-87,-100,-59,-100,-54,-68,-77
1763545078152,-78,-100,-100,-76,-87,-100,-59,-100,-54,-68,-77
1763545078177,-78,-100,-100,-76,-87,-100,-59,-100,-54,-68,-77
1763545078202,-78,-100,-100,-76,-87,-100,-59,-100,-54,-68,-77
1763545078227,-78,-100,-100,-76,-87,-100,-59,-100,-54,-68,-77
1763545078252,-78,-100,-100,-76,-87,-100,-59,-100,-54,-68,-77
1763545078277,-78,-100,-100,-76,-87,-100,-59,-100,-54,-68,-77
1763545078303,-78,-100,-100,-76,-87,-100,-59,-100,-54,-68,-77
1763545078328,-78,-100,-100,-76,-87,-100,-59,-100,-54,-68,-77
1763545078354,-78,-100,-100,-76,-87,-100,-59,-100,-54,-68,-77
1763545078379,-78,-100,-100,-78,-87,-100,-60,-100,-54,-69,-79
1763545078404,-78,-100,-100,-78,-87,-100,-60,-100,-54,-69,-79
1763545078429,-78,-100,-100,-78,-87,-100,-60,-100,-54,-69,-79
1763545078454,-78,-100,-100,-78,-87,-100,-60,-100,-54,-69,-79
1763545078479,-78,-100,-100,-78,-87,-100,-60,-100,-54,-69,-79
1763545078504,-78,-100,-100,-78,-87,-100,-60,-100,-54,-69,-79
1763545078530,-78,-100,-100,-78,-87,-100,-60,-100,-54,-69,-79
1763545078555,-78,-100,-100,-78,-87,-100,-60,-100,-54,-69,-79
1763545078581,-78,-100,-100,-78,-87,-100,-60,-100,-54,-69,-79
1763545078606,-78,-100,-100,-78,-87,-100,-60,-100,-54,-69,-79
1763545078631,-78,-100,-100,-78,-87,-100,-60,-100,-54,-69,-79
1763545078656,-78,-100,-100,-78,-87,-100,-60,-100,-54,-69,-79
1763545078682,-78,-100,-100,-78,-87,-100,-60,-100,-54,-69,-79
1763545078708,-78,-100,-100,-78,-87,-100,-60,-100,-54,-69,-79
1763545078733,-78,-100,-100,-78,-87,-100,-60,-100,-54,-69,-79
1763545078758,-78,-100,-100,-78,-87,-100,-60,-100,-54,-69,-79
1763545078783,-78,-100,-100,-78,-87,-100,-60,-100,-54,-69,-79
1763545078808,-78,-100,-100,-78,-87,-100,-60,-100,-54,-69,-79
1763545078834,-78,-100,-100,-78,-87,-100,-60,-100,-54,-69,-79
1763545078858,-78,-100,-100,-78,-87,-100,-60,-100,-54,-69,-79
1763545078883,-79,-100,-100,-82,-100,-100,-60,-100,-52,-71,-75
1763545078908,-79,-100,-100,-82,-100,-100,-60,-100,-52,-71,-75
1763545078933,-79,-100,-100,-82,-100,-100,-60,-100,-52,-71,-75
1763545078959,-79,-100,-100,-82,-100,-100,-60,-100,-52,-71,-75
1763545078985,-79,-100,-100,-82,-100,-100,-60,-100,-52,-71,-75
1763545079010,-79,-100,-100,-82,-100,-100,-60,-100,-52,-71,-75
1763545079035,-79,-100,-100,-82,-100,-100,-60,-100,-52,-71,-75
1763545079060,-79,-100,-100,-82,-100,-100,-60,-100,-52,-71,-75
1763545079086,-79,-100,-100,-82,-100,-100,-60,-100,-52,-71,-75
1763545079111,-79,-100,-100,-82,-100,-100,-60,-100,-52,-71,-75
1763545079136,-79,-100,-100,-82,-100,-100,-60,-100,-52,-71,-75
1763545079163,-79,-100,-100,-82,-100,-100,-60,-100,-52,-71,-75
1763545079188,-79,-100,-100,-82,-100,-100,-60,-100,-52,-71,-75
1763545079213,-79,-100,-100,-82,-100,-100,-60,-100,-52,-71,-75
1763545079239,-79,-100,-100,-82,-100,-100,-60,-100,-52,-71,-75
1763545079265,-79,-100,-100,-82,-100,-100,-60,-100,-52,-71,-75
1763545079291,-79,-100,-100,-82,-100,-100,-60,-100,-52,-71,-75
1763545079316,-79,-100,-100,-82,-100,-100,-60,-100,-52,-71,-75
1763545079342,-79,-100,-100,-82,-100,-100,-60,-100,-52,-71,-75
1763545079367,-79,-100,-100,-82,-100,-100,-60,-100,-52,-71,-75
1763545079393,-80,-100,-100,-81,-100,-100,-60,-100,-54,-70,-75
1763545079418,-80,-100,-100,-81,-100,-100,-60,-100,-54,-70,-75
1763545079443,-80,-100,-100,-81,-100,-100,-60,-100,-54,-70,-75
1763545079468,-80,-100,-100,-81,-100,-100,-60,-100,-54,-70,-75
1763545079493,-80,-100,-100,-81,-100,-100,-60,-100,-54,-70,-75
1763545079518,-80,-100,-100,-81,-100,-100,-60,-100,-54,-70,-75
1763545079544,-80,-100,-100,-81,-100,-100,-60,-100,-54,-70,-75
1763545079569,-80,-100,-100,-81,-100,-100,-60,-100,-54,-70,-75
1763545079595,-80,-100,-100,-81,-100,-100,-60,-100,-54,-70,-75
1763545079620,-80,-100,-100,-81,-100,-100,-60,-100,-54,-70,-75
1763545079646,-80,-100,-100,-81,-100,-100,-60,-100,-54,-70,-75
1763545079672,-80,-100,-100,-81,-100,-100,-60,-100,-54,-70,-75
1763545079697,-80,-100,-100,-81,-100,-100,-60,-100,-54,-70,-75
1763545079722,-80,-100,-100,-81,-100,-100,-60,-100,-54,-70,-75
1763545079747,-80,-100,-100,-81,-100,-100,-60,-100,-54,-70,-75
1763545079772,-80,-100,-100,-81,-100,-100,-60,-100,-54,-70,-75
1763545079797,-80,-100,-100,-81,-100,-100,-60,-100,-54,-70,-75
1763545079822,-80,-100,-100,-81,-100,-100,-60,-100,-54,-70,-75
1763545079847,-80,-100,-100,-81,-100,-100,-60,-100,-54,-70,-75
1763545079872,-78,-100,-100,-80,-100,-100,-60,-100,-56,-68,-76
1763545079897,-78,-100,-100,-80,-100,-100,-60,-100,-56,-68,-76
1763545079922,-78,-100,-100,-80,-100,-100,-60,-100,-56,-68,-76
1763545079948,-78,-100,-100,-80,-100,-100,-60,-100,-56,-68,-76
1763545079973,-78,-100,-100,-80,-100,-100,-60,-100,-56,-68,-76
1763545079998,-78,-100,-100,-80,-100,-100,-60,-100,-56,-68,-76
1763545080023,-78,-100,-100,-80,-100,-100,-60,-100,-56,-68,-76
1763545080048,-78,-100,-100,-80,-100,-100,-60,-100,-56,-68,-76
1763545080073,-78,-100,-100,-80,-100,-100,-60,-100,-56,-68,-76
1763545080099,-78,-100,-100,-80,-100,-100,-60,-100,-56,-68,-76
1763545080124,-78,-100,-100,-80,-100,-100,-60,-100,-56,-68,-76
1763545080149,-78,-100,-100,-80,-100,-100,-60,-100,-56,-68,-76
1763545080175,-78,-100,-100,-80,-100,-100,-60,-100,-56,-68,-76
1763545080201,-78,-100,-100,-80,-100,-100,-60,-100,-56,-68,-76
1763545080226,-78,-100,-100,-80,-100,-100,-60,-100,-56,-68,-76
1763545080251,-78,-100,-100,-80,-100,-100,-60,-100,-56,-68,-76
1763545080277,-78,-100,-100,-80,-100,-100,-60,-100,-56,-68,-76
1763545080302,-78,-100,-100,-80,-100,-100,-60,-100,-56,-68,-76
1763545080327,-78,-100,-100,-80,-100,-100,-60,-100,-56,-68,-76
1763545080352,-78,-100,-100,-80,-100,-100,-60,-100,-56,-68,-76
1763545080377,-78,-100,-100,-79,-100,-100,-60,-100,-57,-68,-76
1763545080402,-78,-100,-100,-79,-100,-100,-60,-100,-57,-68,-76
1763545080427,-78,-100,-100,-79,-100,-100,-60,-100,-57,-68,-76
1763545080452,-78,-100,-100,-79,-100,-100,-60,-100,-57,-68,-76
1763545080477,-78,-100,-100,-79,-100,-100,-60,-100,-57,-68,-76
1763545080502,-78,-100,-100,-79,-100,-100,-60,-100,-57,-68,-76
1763545080527,-78,-100,-100,-79,-100,-100,-60,-100,-57,-68,-76
1763545080555,-78,-100,-100,-79,-100,-100,-60,-100,-57,-68,-76
1763545080580,-78,-100,-100,-79,-100,-100,-60,-100,-57,-68,-76
1763545080605,-78,-100,-100,-79,-100,-100,-60,-100,-57,-68,-76
1763545080631,-78,-100,-100,-79,-100,-100,-60,-100,-57,-68,-76
1763545080656,-78,-100,-100,-79,-100,-100,-60,-100,-57,-68,-76
1763545080681,-78,-100,-100,-79,-100,-100,-60,-100,-57,-68,-76
1763545080706,-78,-100,-100,-79,-100,-100,-60,-100,-57,-68,-76
1763545080731,-78,-100,-100,-79,-100,-100,-60,-100,-57,-68,-76
1763545080756,-78,-100,-100,-79,-100,-100,-60,-100,-57,-68,-76
1763545080781,-78,-100,-100,-79,-100,-100,-60,-100,-57,-68,-76
1763545080806,-78,-100,-100,-79,-100,-100,-60,-100,-57,-68,-76
1763545080831,-78,-100,-100,-79,-100,-100,-60,-100,-57,-68,-76
1763545080857,-78,-100,-100,-79,-100,-100,-60,-100,-57,-68,-76
1763545080883,-81,-100,-100,-79,-100,-100,-64,-100,-58,-67,-76
1763545080908,-81,-100,-100,-79,-100,-100,-64,-100,-58,-67,-76
1763545080933,-81,-100,-100,-79,-100,-100,-64,-100,-58,-67,-76
1763545080958,-81,-100,-100,-79,-100,-100,-64,-100,-58,-67,-76
1763545080984,-81,-100,-100,-79,-100,-100,-64,-100,-58,-67,-76
1763545081009,-81,-100,-100,-79,-100,-100,-64,-100,-58,-67,-76
1763545081035,-81,-100,-100,-79,-100,-100,-64,-100,-58,-67,-76
1763545081060,-81,-100,-100,-79,-100,-100,-64,-100,-58,-67,-76
1763545081085,-81,-100,-100,-79,-100,-100,-64,-100,-58,-67,-76
1763545081110,-81,-100,-100,-79,-100,-100,-64,-100,-58,-67,-76
1763545081135,-81,-100,-100,-79,-100,-100,-64,-100,-58,-67,-76
1763545081160,-81,-100,-100,-79,-100,-100,-64,-100,-58,-67,-76
1763545081185,-81,-100,-100,-79,-100,-100,-64,-100,-58,-67,-76
1763545081211,-81,-100,-100,-79,-100,-100,-64,-100,-58,-67,-76
1763545081236,-81,-100,-100,-79,-100,-100,-64,-100,-58,-67,-76
1763545081263,-81,-100,-100,-79,-100,-100,-64,-100,-58,-67,-76
1763545081289,-81,-100,-100,-79,-100,-100,-64,-100,-58,-67,-76
1763545081315,-81,-100,-100,-79,-100,-100,-64,-100,-58,-67,-76
1763545081340,-81,-100,-100,-79,-100,-100,-64,-100,-58,-67,-76
1763545081365,-81,-100,-100,-79,-100,-100,-64,-100,-58,-67,-76
1763545081390,-80,-100,-100,-80,-100,-100,-67,-100,-57,-68,-77
1763545081415,-80,-100,-100,-80,-100,-100,-67,-100,-57,-68,-77
1763545081440,-80,-100,-100,-80,-100,-100,-67,-100,-57,-68,-77
1763545081465,-80,-100,-100,-80,-100,-100,-67,-100,-57,-68,-77
1763545081490,-80,-100,-100,-80,-100,-100,-67,-100,-57,-68,-77
1763545081515,-80,-100,-100,-80,-100,-100,-67,-100,-57,-68,-77
1763545081541,-80,-100,-100,-80,-100,-100,-67,-100,-57,-68,-77
1763545081566,-80,-100,-100,-80,-100,-100,-67,-100,-57,-68,-77
1763545081591,-80,-100,-100,-80,-100,-100,-67,-100,-57,-68,-77
1763545081616,-80,-100,-100,-80,-100,-100,-67,-100,-57,-68,-77
1763545081641,-80,-100,-100,-80,-100,-100,-67,-100,-57,-68,-77
1763545081666,-80,-100,-100,-80,-100,-100,-67,-100,-57,-68,-77
1763545081691,-80,-100,-100,-80,-100,-100,-67,-100,-57,-68,-77
1763545081716,-80,-100,-100,-80,-100,-100,-67,-100,-57,-68,-77
1763545081742,-80,-100,-100,-80,-100,-100,-67,-100,-57,-68,-77
1763545081767,-80,-100,-100,-80,-100,-100,-67,-100,-57,-68,-77
1763545081792,-80,-100,-100,-80,-100,-100,-67,-100,-57,-68,-77
1763545081817,-80,-100,-100,-80,-100,-100,-67,-100,-57,-68,-77
1763545081843,-80,-100,-100,-80,-100,-100,-67,-100,-57,-68,-77
1763545081869,-80,-100,-100,-80,-100,-100,-67,-100,-57,-68,-77
1763545081894,-79,-100,-100,-80,-100,-100,-67,-100,-55,-67,-77
1763545081919,-79,-100,-100,-80,-100,-100,-67,-100,-55,-67,-77
1763545081945,-79,-100,-100,-80,-100,-100,-67,-100,-55,-67,-77
1763545081970,-79,-100,-100,-80,-100,-100,-67,-100,-55,-67,-77
1763545081996,-79,-100,-100,-80,-100,-100,-67,-100,-55,-67,-77
1763545082021,-79,-100,-100,-80,-100,-100,-67,-100,-55,-67,-77
1763545082046,-79,-100,-100,-80,-100,-100,-67,-100,-55,-67,-77
1763545082072,-79,-100,-100,-80,-100,-100,-67,-100,-55,-67,-77
1763545082097,-79,-100,-100,-80,-100,-100,-67,-100,-55,-67,-77
1763545082122,-79,-100,-100,-80,-100,-100,-67,-100,-55,-67,-77
1763545082147,-79,-100,-100,-80,-100,-100,-67,-100,-55,-67,-77
1763545082172,-79,-100,-100,-80,-100,-100,-67,-100,-55,-67,-77
1763545082197,-79,-100,-100,-80,-100,-100,-67,-100,-55,-67,-77
1763545082223,-79,-100,-100,-80,-100,-100,-67,-100,-55,-67,-77
1763545082248,-79,-100,-100,-80,-100,-100,-67,-100,-55,-67,-77
1763545082273,-79,-100,-100,-80,-100,-100,-67,-100,-55,-67,-77
1763545082299,-79,-100,-100,-80,-100,-100,-67,-100,-55,-67,-77
1763545082324,-79,-100,-100,-80,-100,-100,-67,-100,-55,-67,-77
1763545082349,-79,-100,-100,-80,-100,-100,-67,-100,-55,-67,-77
1763545082375,-80,-100,-100,-79,-100,-100,-68,-100,-56,-65,-77
1763545082399,-80,-100,-100,-79,-100,-100,-68,-100,-56,-65,-77
1763545082424,-80,-100,-100,-79,-100,-100,-68,-100,-56,-65,-77
1763545082450,-80,-100,-100,-79,-100,-100,-68,-100,-56,-65,-77
1763545082474,-80,-100,-100,-79,-100,-100,-68,-100,-56,-65,-77
1763545082500,-80,-100,-100,-79,-100,-100,-68,-100,-56,-65,-77
1763545082525,-80,-100,-100,-79,-100,-100,-68,-100,-56,-65,-77
1763545082551,-80,-100,-100,-79,-100,-100,-68,-100,-56,-65,-77
1763545082575,-80,-100,-100,-79,-100,-100,-68,-100,-56,-65,-77
1763545082600,-80,-100,-100,-79,-100,-100,-68,-100,-56,-65,-77
1763545082625,-80,-100,-100,-79,-100,-100,-68,-100,-56,-65,-77
1763545082650,-80,-100,-100,-79,-100,-100,-68,-100,-56,-65,-77
1763545082675,-80,-100,-100,-79,-100,-100,-68,-100,-56,-65,-77
1763545082700,-80,-100,-100,-79,-100,-100,-68,-100,-56,-65,-77
1763545082726,-80,-100,-100,-79,-100,-100,-68,-100,-56,-65,-77
1763545082751,-80,-100,-100,-79,-100,-100,-68,-100,-56,-65,-77
1763545082776,-80,-100,-100,-79,-100,-100,-68,-100,-56,-65,-77
1763545082801,-80,-100,-100,-79,-100,-100,-68,-100,-56,-65,-77
1763545082826,-80,-100,-100,-79,-100,-100,-68,-100,-56,-65,-77
1763545082851,-80,-100,-100,-79,-100,-100,-68,-100,-56,-65,-77
1763545082876,-80,-100,-100,-78,-100,-100,-67,-100,-58,-67,-79
1763545082902,-80,-100,-100,-78,-100,-100,-67,-100,-58,-67,-79
1763545082926,-80,-100,-100,-78,-100,-100,-67,-100,-58,-67,-79
1763545082951,-80,-100,-100,-78,-100,-100,-67,-100,-58,-67,-79
1763545082976,-80,-100,-100,-78,-100,-100,-67,-100,-58,-67,-79
1763545083001,-80,-100,-100,-78,-100,-100,-67,-100,-58,-67,-79
1763545083026,-80,-100,-100,-78,-100,-100,-67,-100,-58,-67,-79
1763545083051,-80,-100,-100,-78,-100,-100,-67,-100,-58,-67,-79
1763545083077,-80,-100,-100,-78,-100,-100,-67,-100,-58,-67,-79
1763545083102,-80,-100,-100,-78,-100,-100,-67,-100,-58,-67,-79
1763545083127,-80,-100,-100,-78,-100,-100,-67,-100,-58,-67,-79
1763545083152,-80,-100,-100,-78,-100,-100,-67,-100,-58,-67,-79
1763545083177,-80,-100,-100,-78,-100,-100,-67,-100,-58,-67,-79
1763545083202,-80,-100,-100,-78,-100,-100,-67,-100,-58,-67,-79
1763545083227,-80,-100,-100,-78,-100,-100,-67,-100,-58,-67,-79
1763545083252,-80,-100,-100,-78,-100,-100,-67,-100,-58,-67,-79
1763545083278,-80,-100,-100,-78,-100,-100,-67,-100,-58,-67,-79
1763545083304,-80,-100,-100,-78,-100,-100,-67,-100,-58,-67,-79
1763545083328,-80,-100,-100,-78,-100,-100,-67,-100,-58,-67,-79
1763545083353,-80,-100,-100,-78,-100,-100,-67,-100,-58,-67,-79
1763545083378,-82,-100,-100,-77,-100,-100,-68,-100,-55,-68,-80
1763545083403,-82,-100,-100,-77,-100,-100,-68,-100,-55,-68,-80
1763545083429,-82,-100,-100,-77,-100,-100,-68,-100,-55,-68,-80
1763545083454,-82,-100,-100,-77,-100,-100,-68,-100,-55,-68,-80
1763545083479,-82,-100,-100,-77,-100,-100,-68,-100,-55,-68,-80
1763545083504,-82,-100,-100,-77,-100,-100,-68,-100,-55,-68,-80
1763545083530,-82,-100,-100,-77,-100,-100,-68,-100,-55,-68,-80
1763545083556,-82,-100,-100,-77,-100,-100,-68,-100,-55,-68,-80
1763545083583,-82,-100,-100,-77,-100,-100,-68,-100,-55,-68,-80
1763545083608,-82,-100,-100,-77,-100,-100,-68,-100,-55,-68,-80
1763545083634,-82,-100,-100,-77,-100,-100,-68,-100,-55,-68,-80
1763545083659,-82,-100,-100,-77,-100,-100,-68,-100,-55,-68,-80
1763545083684,-82,-100,-100,-77,-100,-100,-68,-100,-55,-68,-80
1763545083709,-82,-100,-100,-77,-100,-100,-68,-100,-55,-68,-80
1763545083735,-82,-100,-100,-77,-100,-100,-68,-100,-55,-68,-80
1763545083761,-82,-100,-100,-77,-100,-100,-68,-100,-55,-68,-80
1763545083786,-82,-100,-100,-77,-100,-100,-68,-100,-55,-68,-80
1763545083812,-82,-100,-100,-77,-100,-100,-68,-100,-55,-68,-80
1763545083837,-82,-100,-100,-77,-100,-100,-68,-100,-55,-68,-80
1763545083862,-82,-100,-100,-77,-100,-100,-68,-100,-55,-68,-80
1763545083887,-83,-100,-86,-77,-100,-100,-69,-100,-54,-69,-81
1763545083912,-83,-100,-86,-77,-100,-100,-69,-100,-54,-69,-81
1763545083940,-83,-100,-86,-77,-100,-100,-69,-100,-54,-69,-81
1763545083965,-83,-100,-86,-77,-100,-100,-69,-100,-54,-69,-81
1763545083990,-83,-100,-86,-77,-100,-100,-69,-100,-54,-69,-81
1763545084015,-83,-100,-86,-77,-100,-100,-69,-100,-54,-69,-81
1763545084041,-83,-100,-86,-77,-100,-100,-69,-100,-54,-69,-81
1763545084067,-83,-100,-86,-77,-100,-100,-69,-100,-54,-69,-81
1763545084093,-83,-100,-86,-77,-100,-100,-69,-100,-54,-69,-81
1763545084117,-83,-100,-86,-77,-100,-100,-69,-100,-54,-69,-81
1763545084142,-83,-100,-86,-77,-100,-100,-69,-100,-54,-69,-81
1763545084167,-83,-100,-86,-77,-100,-100,-69,-100,-54,-69,-81
1763545084192,-83,-100,-86,-77,-100,-100,-69,-100,-54,-69,-81
1763545084218,-83,-100,-86,-77,-100,-100,-69,-100,-54,-69,-81
1763545084242,-83,-100,-86,-77,-100,-100,-69,-100,-54,-69,-81
1763545084267,-83,-100,-86,-77,-100,-100,-69,-100,-54,-69,-81
1763545084292,-83,-100,-86,-77,-100,-100,-69,-100,-54,-69,-81
1763545084317,-83,-100,-86,-77,-100,-100,-69,-100,-54,-69,-81
1763545084343,-83,-100,-86,-77,-100,-100,-69,-100,-54,-69,-81
1763545084368,-83,-100,-86,-77,-100,-100,-69,-100,-54,-69,-81
1763545084393,-79,-100,-86,-76,-100,-100,-71,-100,-55,-68,-82
1763545084418,-79,-100,-86,-76,-100,-100,-71,-100,-55,-68,-82
1763545084444,-79,-100,-86,-76,-100,-100,-71,-100,-55,-68,-82
1763545084469,-79,-100,-86,-76,-100,-100,-71,-100,-55,-68,-82
1763545084495,-79,-100,-86,-76,-100,-100,-71,-100,-55,-68,-82
1763545084519,-79,-100,-86,-76,-100,-100,-71,-100,-55,-68,-82
1763545084544,-79,-100,-86,-76,-100,-100,-71,-100,-55,-68,-82
1763545084569,-79,-100,-86,-76,-100,-100,-71,-100,-55,-68,-82
1763545084594,-79,-100,-86,-76,-100,-100,-71,-100,-55,-68,-82
1763545084619,-79,-100,-86,-76,-100,-100,-71,-100,-55,-68,-82
1763545084644,-79,-100,-86,-76,-100,-100,-71,-100,-55,-68,-82
1763545084670,-79,-100,-86,-76,-100,-100,-71,-100,-55,-68,-82
1763545084703,-79,-100,-86,-76,-100,-100,-71,-100,-55,-68,-82
1763545084727,-79,-100,-86,-76,-100,-100,-71,-100,-55,-68,-82
1763545084752,-79,-100,-86,-76,-100,-100,-71,-100,-55,-68,-82
1763545084777,-79,-100,-86,-76,-100,-100,-71,-100,-55,-68,-82
1763545084802,-79,-100,-86,-76,-100,-100,-71,-100,-55,-68,-82
1763545084828,-79,-100,-86,-76,-100,-100,-71,-100,-55,-68,-82
1763545084853,-79,-100,-86,-76,-100,-100,-71,-100,-55,-68,-82
1763545084878,-80,-100,-100,-73,-100,-100,-71,-100,-54,-69,-85
1763545084904,-80,-100,-100,-73,-100,-100,-71,-100,-54,-69,-85
1763545084930,-80,-100,-100,-73,-100,-100,-71,-100,-54,-69,-85
1763545084955,-80,-100,-100,-73,-100,-100,-71,-100,-54,-69,-85
1763545084981,-80,-100,-100,-73,-100,-100,-71,-100,-54,-69,-85
1763545085006,-80,-100,-100,-73,-100,-100,-71,-100,-54,-69,-85
1763545085032,-80,-100,-100,-73,-100,-100,-71,-100,-54,-69,-85
1763545085057,-80,-100,-100,-73,-100,-100,-71,-100,-54,-69,-85
1763545085082,-80,-100,-100,-73,-100,-100,-71,-100,-54,-69,-85
1763545085107,-80,-100,-100,-73,-100,-100,-71,-100,-54,-69,-85
1763545085132,-80,-100,-100,-73,-100,-100,-71,-100,-54,-69,-85
1763545085157,-80,-100,-100,-73,-100,-100,-71,-100,-54,-69,-85
1763545085182,-80,-100,-100,-73,-100,-100,-71,-100,-54,-69,-85
1763545085207,-80,-100,-100,-73,-100,-100,-71,-100,-54,-69,-85
1763545085232,-80,-100,-100,-73,-100,-100,-71,-100,-54,-69,-85
1763545085257,-80,-100,-100,-73,-100,-100,-71,-100,-54,-69,-85
1763545085284,-80,-100,-100,-73,-100,-100,-71,-100,-54,-69,-85
1763545085309,-80,-100,-100,-73,-100,-100,-71,-100,-54,-69,-85
1763545085335,-80,-100,-100,-73,-100,-100,-71,-100,-54,-69,-85
1763545085360,-80,-100,-100,-73,-100,-100,-71,-100,-54,-69,-85
1763545085386,-83,-100,-100,-73,-100,-100,-74,-100,-54,-68,-83
1763545085411,-83,-100,-100,-73,-100,-100,-74,-100,-54,-68,-83
1763545085436,-83,-100,-100,-73,-100,-100,-74,-100,-54,-68,-83
1763545085461,-83,-100,-100,-73,-100,-100,-74,-100,-54,-68,-83
1763545085486,-83,-100,-100,-73,-100,-100,-74,-100,-54,-68,-83
1763545085511,-83,-100,-100,-73,-100,-100,-74,-100,-54,-68,-83
1763545085536,-83,-100,-100,-73,-100,-100,-74,-100,-54,-68,-83
1763545085562,-83,-100,-100,-73,-100,-100,-74,-100,-54,-68,-83
1763545085587,-83,-100,-100,-73,-100,-100,-74,-100,-54,-68,-83
1763545085614,-83,-100,-100,-73,-100,-100,-74,-100,-54,-68,-83
1763545085639,-83,-100,-100,-73,-100,-100,-74,-100,-54,-68,-83
1763545085664,-83,-100,-100,-73,-100,-100,-74,-100,-54,-68,-83
1763545085689,-83,-100,-100,-73,-100,-100,-74,-100,-54,-68,-83
1763545085714,-83,-100,-100,-73,-100,-100,-74,-100,-54,-68,-83
1763545085739,-83,-100,-100,-73,-100,-100,-74,-100,-54,-68,-83
1763545085765,-83,-100,-100,-73,-100,-100,-74,-100,-54,-68,-83
1763545085790,-83,-100,-100,-73,-100,-100,-74,-100,-54,-68,-83
1763545085815,-83,-100,-100,-73,-100,-100,-74,-100,-54,-68,-83
1763545085840,-83,-100,-100,-73,-100,-100,-74,-100,-54,-68,-83
1763545085866,-83,-100,-100,-73,-100,-100,-74,-100,-54,-68,-83
1763545085892,-84,-100,-100,-74,-100,-100,-74,-100,-53,-65,-83
1763545085917,-84,-100,-100,-74,-100,-100,-74,-100,-53,-65,-83
1763545085942,-84,-100,-100,-74,-100,-100,-74,-100,-53,-65,-83
1763545085967,-84,-100,-100,-74,-100,-100,-74,-100,-53,-65,-83
1763545085992,-84,-100,-100,-74,-100,-100,-74,-100,-53,-65,-83
1763545086018,-84,-100,-100,-74,-100,-100,-74,-100,-53,-65,-83
1763545086043,-84,-100,-100,-74,-100,-100,-74,-100,-53,-65,-83
1763545086068,-84,-100,-100,-74,-100,-100,-74,-100,-53,-65,-83
1763545086093,-84,-100,-100,-74,-100,-100,-74,-100,-53,-65,-83
1763545086119,-84,-100,-100,-74,-100,-100,-74,-100,-53,-65,-83
1763545086144,-84,-100,-100,-74,-100,-100,-74,-100,-53,-65,-83
1763545086169,-84,-100,-100,-74,-100,-100,-74,-100,-53,-65,-83
1763545086196,-84,-100,-100,-74,-100,-100,-74,-100,-53,-65,-83
1763545086221,-84,-100,-100,-74,-100,-100,-74,-100,-53,-65,-83
1763545086248,-84,-100,-100,-74,-100,-100,-74,-100,-53,-65,-83
1763545086272,-84,-100,-100,-74,-100,-100,-74,-100,-53,-65,-83
1763545086297,-84,-100,-100,-74,-100,-100,-74,-100,-53,-65,-83
1763545086322,-84,-100,-100,-74,-100,-100,-74,-100,-53,-65,-83
1763545086348,-84,-100,-100,-74,-100,-100,-74,-100,-53,-65,-83
1763545086373,-84,-100,-100,-74,-100,-100,-74,-100,-53,-65,-83
1763545086398,-85,-100,-100,-74,-100,-100,-73,-100,-61,-62,-81
1763545086423,-85,-100,-100,-74,-100,-100,-73,-100,-61,-62,-81
1763545086449,-85,-100,-100,-74,-100,-100,-73,-100,-61,-62,-81
1763545086473,-85,-100,-100,-74,-100,-100,-73,-100,-61,-62,-81
1763545086498,-85,-100,-100,-74,-100,-100,-73,-100,-61,-62,-81
1763545086524,-85,-100,-100,-74,-100,-100,-73,-100,-61,-62,-81
1763545086549,-85,-100,-100,-74,-100,-100,-73,-100,-61,-62,-81
1763545086574,-85,-100,-100,-74,-100,-100,-73,-100,-61,-62,-81
1763545086600,-85,-100,-100,-74,-100,-100,-73,-100,-61,-62,-81
1763545086626,-85,-100,-100,-74,-100,-100,-73,-100,-61,-62,-81
1763545086651,-85,-100,-100,-74,-100,-100,-73,-100,-61,-62,-81
1763545086676,-85,-100,-100,-74,-100,-100,-73,-100,-61,-62,-81
1763545086701,-85,-100,-100,-74,-100,-100,-73,-100,-61,-62,-81
1763545086727,-85,-100,-100,-74,-100,-100,-73,-100,-61,-62,-81
1763545086751,-85,-100,-100,-74,-100,-100,-73,-100,-61,-62,-81
1763545086776,-85,-100,-100,-74,-100,-100,-73,-100,-61,-62,-81
1763545086801,-85,-100,-100,-74,-100,-100,-73,-100,-61,-62,-81
1763545086826,-85,-100,-100,-74,-100,-100,-73,-100,-61,-62,-81
1763545086851,-85,-100,-100,-74,-100,-100,-73,-100,-61,-62,-81
1763545086876,-84,-100,-100,-73,-100,-100,-74,-100,-67,-62,-81
1763545086902,-84,-100,-100,-73,-100,-100,-74,-100,-67,-62,-81
1763545086927,-84,-100,-100,-73,-100,-100,-74,-100,-67,-62,-81
1763545086952,-84,-100,-100,-73,-100,-100,-74,-100,-67,-62,-81
1763545086977,-84,-100,-100,-73,-100,-100,-74,-100,-67,-62,-81
1763545087003,-84,-100,-100,-73,-100,-100,-74,-100,-67,-62,-81
1763545087028,-84,-100,-100,-73,-100,-100,-74,-100,-67,-62,-81
1763545087054,-84,-100,-100,-73,-100,-100,-74,-100,-67,-62,-81
1763545087080,-84,-100,-100,-73,-100,-100,-74,-100,-67,-62,-81
1763545087104,-84,-100,-100,-73,-100,-100,-74,-100,-67,-62,-81
1763545087129,-84,-100,-100,-73,-100,-100,-74,-100,-67,-62,-81
1763545087155,-84,-100,-100,-73,-100,-100,-74,-100,-67,-62,-81
1763545087179,-84,-100,-100,-73,-100,-100,-74,-100,-67,-62,-81
1763545087204,-84,-100,-100,-73,-100,-100,-74,-100,-67,-62,-81
1763545087230,-84,-100,-100,-73,-100,-100,-74,-100,-67,-62,-81
1763545087255,-84,-100,-100,-73,-100,-100,-74,-100,-67,-62,-81
1763545087280,-84,-100,-100,-73,-100,-100,-74,-100,-67,-62,-81
1763545087306,-84,-100,-100,-73,-100,-100,-74,-100,-67,-62,-81
1763545087332,-84,-100,-100,-73,-100,-100,-74,-100,-67,-62,-81
1763545087357,-84,-100,-100,-73,-100,-100,-74,-100,-67,-62,-81
1763545087383,-84,-100,-100,-72,-100,-100,-74,-100,-67,-60,-81
1763545087408,-84,-100,-100,-72,-100,-100,-74,-100,-67,-60,-81
1763545087433,-84,-100,-100,-72,-100,-100,-74,-100,-67,-60,-81
1763545087458,-84,-100,-100,-72,-100,-100,-74,-100,-67,-60,-81
1763545087483,-84,-100,-100,-72,-100,-100,-74,-100,-67,-60,-81
1763545087508,-84,-100,-100,-72,-100,-100,-74,-100,-67,-60,-81
1763545087533,-84,-100,-100,-72,-100,-100,-74,-100,-67,-60,-81
1763545087558,-84,-100,-100,-72,-100,-100,-74,-100,-67,-60,-81
1763545087583,-84,-100,-100,-72,-100,-100,-74,-100,-67,-60,-81
1763545087608,-84,-100,-100,-72,-100,-100,-74,-100,-67,-60,-81
1763545087633,-84,-100,-100,-72,-100,-100,-74,-100,-67,-60,-81
1763545087658,-84,-100,-100,-72,-100,-100,-74,-100,-67,-60,-81
1763545087684,-84,-100,-100,-72,-100,-100,-74,-100,-67,-60,-81
1763545087709,-84,-100,-100,-72,-100,-100,-74,-100,-67,-60,-81
1763545087736,-84,-100,-100,-72,-100,-100,-74,-100,-67,-60,-81
1763545087761,-84,-100,-100,-72,-100,-100,-74,-100,-67,-60,-81
1763545087786,-84,-100,-100,-72,-100,-100,-74,-100,-67,-60,-81
1763545087811,-84,-100,-100,-72,-100,-100,-74,-100,-67,-60,-81
1763545087836,-84,-100,-100,-72,-100,-100,-74,-100,-67,-60,-81
1763545087862,-84,-100,-100,-72,-100,-100,-74,-100,-67,-60,-81
1763545087887,-83,-100,-100,-72,-100,-100,-75,-100,-67,-59,-80
1763545087912,-83,-100,-100,-72,-100,-100,-75,-100,-67,-59,-80
1763545087937,-83,-100,-100,-72,-100,-100,-75,-100,-67,-59,-80
1763545087962,-83,-100,-100,-72,-100,-100,-75,-100,-67,-59,-80
1763545087987,-83,-100,-100,-72,-100,-100,-75,-100,-67,-59,-80
1763545088012,-83,-100,-100,-72,-100,-100,-75,-100,-67,-59,-80
1763545088037,-83,-100,-100,-72,-100,-100,-75,-100,-67,-59,-80
1763545088063,-83,-100,-100,-72,-100,-100,-75,-100,-67,-59,-80
1763545088088,-83,-100,-100,-72,-100,-100,-75,-100,-67,-59,-80
1763545088113,-83,-100,-100,-72,-100,-100,-75,-100,-67,-59,-80
1763545088138,-83,-100,-100,-72,-100,-100,-75,-100,-67,-59,-80
1763545088163,-83,-100,-100,-72,-100,-100,-75,-100,-67,-59,-80
1763545088188,-83,-100,-100,-72,-100,-100,-75,-100,-67,-59,-80
1763545088213,-83,-100,-100,-72,-100,-100,-75,-100,-67,-59,-80
1763545088238,-83,-100,-100,-72,-100,-100,-75,-100,-67,-59,-80
1763545088263,-83,-100,-100,-72,-100,-100,-75,-100,-67,-59,-80
1763545088288,-83,-100,-100,-72,-100,-100,-75,-100,-67,-59,-80
1763545088314,-83,-100,-100,-72,-100,-100,-75,-100,-67,-59,-80
1763545088339,-83,-100,-100,-72,-100,-100,-75,-100,-67,-59,-80
1763545088365,-83,-100,-100,-72,-100,-100,-75,-100,-67,-59,-80
1763545088390,-82,-100,-100,-72,-100,-100,-76,-100,-67,-59,-79
1763545088415,-82,-100,-100,-72,-100,-100,-76,-100,-67,-59,-79
1763545088440,-82,-100,-100,-72,-100,-100,-76,-100,-67,-59,-79
1763545088465,-82,-100,-100,-72,-100,-100,-76,-100,-67,-59,-79
1763545088491,-82,-100,-100,-72,-100,-100,-76,-100,-67,-59,-79
1763545088515,-82,-100,-100,-72,-100,-100,-76,-100,-67,-59,-79
1763545088540,-82,-100,-100,-72,-100,-100,-76,-100,-67,-59,-79
1763545088565,-82,-100,-100,-72,-100,-100,-76,-100,-67,-59,-79
1763545088590,-82,-100,-100,-72,-100,-100,-76,-100,-67,-59,-79
1763545088615,-82,-100,-100,-72,-100,-100,-76,-100,-67,-59,-79
1763545088640,-82,-100,-100,-72,-100,-100,-76,-100,-67,-59,-79
1763545088665,-82,-100,-100,-72,-100,-100,-76,-100,-67,-59,-79
1763545088690,-82,-100,-100,-72,-100,-100,-76,-100,-67,-59,-79
1763545088715,-82,-100,-100,-72,-100,-100,-76,-100,-67,-59,-79
1763545088742,-82,-100,-100,-72,-100,-100,-76,-100,-67,-59,-79
1763545088767,-82,-100,-100,-72,-100,-100,-76,-100,-67,-59,-79
1763545088792,-82,-100,-100,-72,-100,-100,-76,-100,-67,-59,-79
1763545088817,-82,-100,-100,-72,-100,-100,-76,-100,-67,-59,-79
1763545088843,-82,-100,-100,-72,-100,-100,-76,-100,-67,-59,-79
1763545088868,-82,-100,-100,-72,-100,-100,-76,-100,-67,-59,-79
1763545088894,-82,-100,-100,-72,-100,-100,-76,-100,-69,-60,-79
1763545088919,-82,-100,-100,-72,-100,-100,-76,-100,-69,-60,-79
1763545088944,-82,-100,-100,-72,-100,-100,-76,-100,-69,-60,-79
1763545088969,-82,-100,-100,-72,-100,-100,-76,-100,-69,-60,-79
1763545088995,-82,-100,-100,-72,-100,-100,-76,-100,-69,-60,-79
1763545089020,-82,-100,-100,-72,-100,-100,-76,-100,-69,-60,-79
1763545089045,-82,-100,-100,-72,-100,-100,-76,-100,-69,-60,-79
1763545089070,-82,-100,-100,-72,-100,-100,-76,-100,-69,-60,-79
1763545089096,-82,-100,-100,-72,-100,-100,-76,-100,-69,-60,-79
1763545089120,-82,-100,-100,-72,-100,-100,-76,-100,-69,-60,-79
1763545089146,-82,-100,-100,-72,-100,-100,-76,-100,-69,-60,-79
1763545089171,-82,-100,-100,-72,-100,-100,-76,-100,-69,-60,-79
1763545089197,-82,-100,-100,-72,-100,-100,-76,-100,-69,-60,-79
1763545089223,-82,-100,-100,-72,-100,-100,-76,-100,-69,-60,-79
1763545089248,-82,-100,-100,-72,-100,-100,-76,-100,-69,-60,-79
1763545089274,-82,-100,-100,-72,-100,-100,-76,-100,-69,-60,-79
1763545089300,-82,-100,-100,-72,-100,-100,-76,-100,-69,-60,-79
1763545089326,-82,-100,-100,-72,-100,-100,-76,-100,-69,-60,-79
1763545089352,-82,-100,-100,-72,-100,-100,-76,-100,-69,-60,-79
1763545089377,-100,-100,-100,-72,-100,-100,-77,-100,-71,-61,-83
1763545089403,-100,-100,-100,-72,-100,-100,-77,-100,-71,-61,-83
1763545089429,-100,-100,-100,-72,-100,-100,-77,-100,-71,-61,-83
1763545089454,-100,-100,-100,-72,-100,-100,-77,-100,-71,-61,-83
1763545089479,-100,-100,-100,-72,-100,-100,-77,-100,-71,-61,-83
1763545089504,-100,-100,-100,-72,-100,-100,-77,-100,-71,-61,-83
1763545089529,-100,-100,-100,-72,-100,-100,-77,-100,-71,-61,-83
1763545089554,-100,-100,-100,-72,-100,-100,-77,-100,-71,-61,-83
1763545089580,-100,-100,-100,-72,-100,-100,-77,-100,-71,-61,-83
1763545089605,-100,-100,-100,-72,-100,-100,-77,-100,-71,-61,-83
1763545089631,-100,-100,-100,-72,-100,-100,-77,-100,-71,-61,-83
1763545089656,-100,-100,-100,-72,-100,-100,-77,-100,-71,-61,-83
1763545089681,-100,-100,-100,-72,-100,-100,-77,-100,-71,-61,-83
1763545089706,-100,-100,-100,-72,-100,-100,-77,-100,-71,-61,-83
1763545089732,-100,-100,-100,-72,-100,-100,-77,-100,-71,-61,-83
1763545089758,-100,-100,-100,-72,-100,-100,-77,-100,-71,-61,-83
1763545089784,-100,-100,-100,-72,-100,-100,-77,-100,-71,-61,-83
1763545089809,-100,-100,-100,-72,-100,-100,-77,-100,-71,-61,-83
1763545089835,-100,-100,-100,-72,-100,-100,-77,-100,-71,-61,-83
1763545089862,-100,-100,-100,-72,-100,-100,-77,-100,-71,-61,-83
1763545089888,-100,-100,-100,-70,-100,-100,-77,-100,-74,-59,-85
1763545089913,-100,-100,-100,-70,-100,-100,-77,-100,-74,-59,-85
1763545089938,-100,-100,-100,-70,-100,-100,-77,-100,-74,-59,-85
1763545089963,-100,-100,-100,-70,-100,-100,-77,-100,-74,-59,-85
1763545089988,-100,-100,-100,-70,-100,-100,-77,-100,-74,-59,-85
1763545090014,-100,-100,-100,-70,-100,-100,-77,-100,-74,-59,-85
1763545090039,-100,-100,-100,-70,-100,-100,-77,-100,-74,-59,-85
1763545090064,-100,-100,-100,-70,-100,-100,-77,-100,-74,-59,-85
1763545090089,-100,-100,-100,-70,-100,-100,-77,-100,-74,-59,-85
1763545090114,-100,-100,-100,-70,-100,-100,-77,-100,-74,-59,-85
1763545090139,-100,-100,-100,-70,-100,-100,-77,-100,-74,-59,-85
1763545090164,-100,-100,-100,-70,-100,-100,-77,-100,-74,-59,-85
1763545090189,-100,-100,-100,-70,-100,-100,-77,-100,-74,-59,-85
1763545090214,-100,-100,-100,-70,-100,-100,-77,-100,-74,-59,-85
1763545090239,-100,-100,-100,-70,-100,-100,-77,-100,-74,-59,-85
1763545090265,-100,-100,-100,-70,-100,-100,-77,-100,-74,-59,-85
1763545090290,-100,-100,-100,-70,-100,-100,-77,-100,-74,-59,-85
1763545090315,-100,-100,-100,-70,-100,-100,-77,-100,-74,-59,-85
1763545090340,-100,-100,-100,-70,-100,-100,-77,-100,-74,-59,-85
1763545090365,-100,-100,-100,-70,-100,-100,-77,-100,-74,-59,-85
1763545090391,-85,-100,-100,-71,-100,-100,-80,-100,-75,-60,-87
1763545090417,-85,-100,-100,-71,-100,-100,-80,-100,-75,-60,-87
1763545090443,-85,-100,-100,-71,-100,-100,-80,-100,-75,-60,-87
1763545090468,-85,-100,-100,-71,-100,-100,-80,-100,-75,-60,-87
1763545090493,-85,-100,-100,-71,-100,-100,-80,-100,-75,-60,-87
1763545090518,-85,-100,-100,-71,-100,-100,-80,-100,-75,-60,-87
1763545090543,-85,-100,-100,-71,-100,-100,-80,-100,-75,-60,-87
1763545090568,-85,-100,-100,-71,-100,-100,-80,-100,-75,-60,-87
1763545090593,-85,-100,-100,-71,-100,-100,-80,-100,-75,-60,-87
1763545090618,-85,-100,-100,-71,-100,-100,-80,-100,-75,-60,-87
1763545090644,-85,-100,-100,-71,-100,-100,-80,-100,-75,-60,-87
1763545090670,-85,-100,-100,-71,-100,-100,-80,-100,-75,-60,-87
1763545090696,-85,-100,-100,-71,-100,-100,-80,-100,-75,-60,-87
1763545090721,-85,-100,-100,-71,-100,-100,-80,-100,-75,-60,-87
1763545090747,-85,-100,-100,-71,-100,-100,-80,-100,-75,-60,-87
1763545090772,-85,-100,-100,-71,-100,-100,-80,-100,-75,-60,-87
1763545090797,-85,-100,-100,-71,-100,-100,-80,-100,-75,-60,-87
1763545090822,-85,-100,-100,-71,-100,-100,-80,-100,-75,-60,-87
1763545090847,-85,-100,-100,-71,-100,-100,-80,-100,-75,-60,-87
1763545090872,-85,-100,-100,-71,-100,-100,-80,-100,-75,-60,-87
1763545090898,-85,-100,-100,-73,-100,-100,-80,-100,-77,-60,-84
1763545090923,-85,-100,-100,-73,-100,-100,-80,-100,-77,-60,-84
1763545090948,-85,-100,-100,-73,-100,-100,-80,-100,-77,-60,-84
1763545090973,-85,-100,-100,-73,-100,-100,-80,-100,-77,-60,-84
1763545090998,-85,-100,-100,-73,-100,-100,-80,-100,-77,-60,-84
1763545091024,-85,-100,-100,-73,-100,-100,-80,-100,-77,-60,-84
1763545091050,-85,-100,-100,-73,-100,-100,-80,-100,-77,-60,-84
1763545091075,-85,-100,-100,-73,-100,-100,-80,-100,-77,-60,-84
1763545091101,-85,-100,-100,-73,-100,-100,-80,-100,-77,-60,-84
1763545091127,-85,-100,-100,-73,-100,-100,-80,-100,-77,-60,-84
1763545091153,-85,-100,-100,-73,-100,-100,-80,-100,-77,-60,-84
1763545091179,-85,-100,-100,-73,-100,-100,-80,-100,-77,-60,-84
1763545091205,-85,-100,-100,-73,-100,-100,-80,-100,-77,-60,-84
1763545091231,-85,-100,-100,-73,-100,-100,-80,-100,-77,-60,-84
1763545091256,-85,-100,-100,-73,-100,-100,-80,-100,-77,-60,-84
1763545091281,-85,-100,-100,-73,-100,-100,-80,-100,-77,-60,-84
1763545091307,-85,-100,-100,-73,-100,-100,-80,-100,-77,-60,-84
1763545091333,-85,-100,-100,-73,-100,-100,-80,-100,-77,-60,-84
1763545091359,-85,-100,-100,-73,-100,-100,-80,-100,-77,-60,-84
1763545091383,-85,-100,-100,-73,-100,-100,-81,-100,-77,-59,-88
1763545091408,-85,-100,-100,-73,-100,-100,-81,-100,-77,-59,-88
1763545091433,-85,-100,-100,-73,-100,-100,-81,-100,-77,-59,-88
1763545091461,-85,-100,-100,-73,-100,-100,-81,-100,-77,-59,-88
1763545091484,-85,-100,-100,-73,-100,-100,-81,-100,-77,-59,-88
1763545091510,-85,-100,-100,-73,-100,-100,-81,-100,-77,-59,-88
1763545091535,-85,-100,-100,-73,-100,-100,-81,-100,-77,-59,-88
1763545091560,-85,-100,-100,-73,-100,-100,-81,-100,-77,-59,-88
1763545091585,-85,-100,-100,-73,-100,-100,-81,-100,-77,-59,-88
1763545091611,-85,-100,-100,-73,-100,-100,-81,-100,-77,-59,-88
1763545091636,-85,-100,-100,-73,-100,-100,-81,-100,-77,-59,-88
1763545091662,-85,-100,-100,-73,-100,-100,-81,-100,-77,-59,-88
1763545091688,-85,-100,-100,-73,-100,-100,-81,-100,-77,-59,-88
1763545091713,-85,-100,-100,-73,-100,-100,-81,-100,-77,-59,-88
1763545091738,-85,-100,-100,-73,-100,-100,-81,-100,-77,-59,-88
1763545091763,-85,-100,-100,-73,-100,-100,-81,-100,-77,-59,-88
1763545091788,-85,-100,-100,-73,-100,-100,-81,-100,-77,-59,-88
1763545091814,-85,-100,-100,-73,-100,-100,-81,-100,-77,-59,-88
1763545091840,-85,-100,-100,-73,-100,-100,-81,-100,-77,-59,-88
1763545091865,-85,-100,-100,-73,-100,-100,-81,-100,-77,-59,-88
1763545091890,-100,-100,-100,-71,-100,-100,-81,-100,-76,-57,-88
1763545091915,-100,-100,-100,-71,-100,-100,-81,-100,-76,-57,-88
1763545091940,-100,-100,-100,-71,-100,-100,-81,-100,-76,-57,-88
1763545091965,-100,-100,-100,-71,-100,-100,-81,-100,-76,-57,-88
1763545091990,-100,-100,-100,-71,-100,-100,-81,-100,-76,-57,-88
1763545092015,-100,-100,-100,-71,-100,-100,-81,-100,-76,-57,-88
1763545092040,-100,-100,-100,-71,-100,-100,-81,-100,-76,-57,-88
1763545092066,-100,-100,-100,-71,-100,-100,-81,-100,-76,-57,-88
1763545092091,-100,-100,-100,-71,-100,-100,-81,-100,-76,-57,-88
1763545092116,-100,-100,-100,-71,-100,-100,-81,-100,-76,-57,-88
1763545092141,-100,-100,-100,-71,-100,-100,-81,-100,-76,-57,-88
1763545092167,-100,-100,-100,-71,-100,-100,-81,-100,-76,-57,-88
1763545092192,-100,-100,-100,-71,-100,-100,-81,-100,-76,-57,-88
1763545092217,-100,-100,-100,-71,-100,-100,-81,-100,-76,-57,-88
1763545092243,-100,-100,-100,-71,-100,-100,-81,-100,-76,-57,-88
1763545092267,-100,-100,-100,-71,-100,-100,-81,-100,-76,-57,-88
1763545092293,-100,-100,-100,-71,-100,-100,-81,-100,-76,-57,-88
1763545092317,-100,-100,-100,-71,-100,-100,-81,-100,-76,-57,-88
1763545092342,-100,-100,-100,-71,-100,-100,-81,-100,-76,-57,-88
1763545092367,-100,-100,-100,-71,-100,-100,-81,-100,-76,-57,-88
1763545092392,-100,-100,-100,-72,-100,-100,-81,-100,-77,-56,-88
1763545092417,-100,-100,-100,-72,-100,-100,-81,-100,-77,-56,-88
1763545092442,-100,-100,-100,-72,-100,-100,-81,-100,-77,-56,-88
1763545092468,-100,-100,-100,-72,-100,-100,-81,-100,-77,-56,-88
1763545092494,-100,-100,-100,-72,-100,-100,-81,-100,-77,-56,-88
1763545092519,-100,-100,-100,-72,-100,-100,-81,-100,-77,-56,-88
1763545092545,-100,-100,-100,-72,-100,-100,-81,-100,-77,-56,-88
1763545092570,-100,-100,-100,-72,-100,-100,-81,-100,-77,-56,-88
1763545092595,-100,-100,-100,-72,-100,-100,-81,-100,-77,-56,-88
1763545092620,-100,-100,-100,-72,-100,-100,-81,-100,-77,-56,-88
1763545092647,-100,-100,-100,-72,-100,-100,-81,-100,-77,-56,-88
1763545092671,-100,-100,-100,-72,-100,-100,-81,-100,-77,-56,-88
1763545092696,-100,-100,-100,-72,-100,-100,-81,-100,-77,-56,-88
1763545092721,-100,-100,-100,-72,-100,-100,-81,-100,-77,-56,-88
1763545092746,-100,-100,-100,-72,-100,-100,-81,-100,-77,-56,-88
1763545092771,-100,-100,-100,-72,-100,-100,-81,-100,-77,-56,-88
1763545092797,-100,-100,-100,-72,-100,-100,-81,-100,-77,-56,-88
1763545092822,-100,-100,-100,-72,-100,-100,-81,-100,-77,-56,-88
1763545092847,-100,-100,-100,-72,-100,-100,-81,-100,-77,-56,-88
1763545092872,-100,-100,-100,-72,-100,-100,-81,-100,-77,-56,-88
1763545092897,-100,-100,-100,-69,-100,-100,-82,-100,-78,-56,-100
1763545092923,-100,-100,-100,-69,-100,-100,-82,-100,-78,-56,-100
1763545092948,-100,-100,-100,-69,-100,-100,-82,-100,-78,-56,-100
1763545092974,-100,-100,-100,-69,-100,-100,-82,-100,-78,-56,-100
1763545092999,-100,-100,-100,-69,-100,-100,-82,-100,-78,-56,-100
1763545093024,-100,-100,-100,-69,-100,-100,-82,-100,-78,-56,-100
1763545093049,-100,-100,-100,-69,-100,-100,-82,-100,-78,-56,-100
1763545093074,-100,-100,-100,-69,-100,-100,-82,-100,-78,-56,-100
1763545093100,-100,-100,-100,-69,-100,-100,-82,-100,-78,-56,-100
1763545093124,-100,-100,-100,-69,-100,-100,-82,-100,-78,-56,-100
1763545093149,-100,-100,-100,-69,-100,-100,-82,-100,-78,-56,-100
1763545093174,-100,-100,-100,-69,-100,-100,-82,-100,-78,-56,-100
1763545093199,-100,-100,-100,-69,-100,-100,-82,-100,-78,-56,-100
1763545093224,-100,-100,-100,-69,-100,-100,-82,-100,-78,-56,-100
1763545093249,-100,-100,-100,-69,-100,-100,-82,-100,-78,-56,-100
1763545093274,-100,-100,-100,-69,-100,-100,-82,-100,-78,-56,-100
1763545093299,-100,-100,-100,-69,-100,-100,-82,-100,-78,-56,-100
1763545093324,-100,-100,-100,-69,-100,-100,-82,-100,-78,-56,-100
1763545093349,-100,-100,-100,-69,-100,-100,-82,-100,-78,-56,-100
1763545093374,-100,-100,-100,-69,-100,-100,-82,-100,-78,-56,-100
1763545093399,-100,-100,-100,-67,-100,-100,-82,-100,-79,-55,-100
1763545093424,-100,-100,-100,-67,-100,-100,-82,-100,-79,-55,-100
1763545093449,-100,-100,-100,-67,-100,-100,-82,-100,-79,-55,-100
1763545093474,-100,-100,-100,-67,-100,-100,-82,-100,-79,-55,-100
1763545093499,-100,-100,-100,-67,-100,-100,-82,-100,-79,-55,-100
1763545093524,-100,-100,-100,-67,-100,-100,-82,-100,-79,-55,-100
1763545093549,-100,-100,-100,-67,-100,-100,-82,-100,-79,-55,-100
1763545093574,-100,-100,-100,-67,-100,-100,-82,-100,-79,-55,-100
1763545093599,-100,-100,-100,-67,-100,-100,-82,-100,-79,-55,-100
1763545093624,-100,-100,-100,-67,-100,-100,-82,-100,-79,-55,-100
1763545093649,-100,-100,-100,-67,-100,-100,-82,-100,-79,-55,-100
1763545093675,-100,-100,-100,-67,-100,-100,-82,-100,-79,-55,-100
1763545093700,-100,-100,-100,-67,-100,-100,-82,-100,-79,-55,-100
1763545093725,-100,-100,-100,-67,-100,-100,-82,-100,-79,-55,-100
1763545093750,-100,-100,-100,-67,-100,-100,-82,-100,-79,-55,-100
1763545093775,-100,-100,-100,-67,-100,-100,-82,-100,-79,-55,-100
1763545093800,-100,-100,-100,-67,-100,-100,-82,-100,-79,-55,-100
1763545093825,-100,-100,-100,-67,-100,-100,-82,-100,-79,-55,-100
1763545093850,-100,-100,-100,-67,-100,-100,-82,-100,-79,-55,-100
1763545093876,-100,-100,-100,-66,-100,-100,-81,-100,-79,-52,-100
1763545093901,-100,-100,-100,-66,-100,-100,-81,-100,-79,-52,-100
1763545093927,-100,-100,-100,-66,-100,-100,-81,-100,-79,-52,-100
1763545093952,-100,-100,-100,-66,-100,-100,-81,-100,-79,-52,-100
1763545093977,-100,-100,-100,-66,-100,-100,-81,-100,-79,-52,-100
1763545094002,-100,-100,-100,-66,-100,-100,-81,-100,-79,-52,-100
1763545094027,-100,-100,-100,-66,-100,-100,-81,-100,-79,-52,-100
1763545094052,-100,-100,-100,-66,-100,-100,-81,-100,-79,-52,-100
1763545094077,-100,-100,-100,-66,-100,-100,-81,-100,-79,-52,-100
1763545094102,-100,-100,-100,-66,-100,-100,-81,-100,-79,-52,-100
1763545094127,-100,-100,-100,-66,-100,-100,-81,-100,-79,-52,-100
1763545094152,-100,-100,-100,-66,-100,-100,-81,-100,-79,-52,-100
1763545094177,-100,-100,-100,-66,-100,-100,-81,-100,-79,-52,-100
1763545094202,-100,-100,-100,-66,-100,-100,-81,-100,-79,-52,-100
1763545094227,-100,-100,-100,-66,-100,-100,-81,-100,-79,-52,-100
1763545094253,-100,-100,-100,-66,-100,-100,-81,-100,-79,-52,-100
1763545094278,-100,-100,-100,-66,-100,-100,-81,-100,-79,-52,-100
1763545094303,-100,-100,-100,-66,-100,-100,-81,-100,-79,-52,-100
1763545094328,-100,-100,-100,-66,-100,-100,-81,-100,-79,-52,-100
1763545094353,-100,-100,-100,-66,-100,-100,-81,-100,-79,-52,-100
1763545094379,-100,-100,-100,-67,-100,-100,-82,-100,-80,-52,-100
1763545094404,-100,-100,-100,-67,-100,-100,-82,-100,-80,-52,-100
1763545094429,-100,-100,-100,-67,-100,-100,-82,-100,-80,-52,-100
1763545094454,-100,-100,-100,-67,-100,-100,-82,-100,-80,-52,-100
1763545094479,-100,-100,-100,-67,-100,-100,-82,-100,-80,-52,-100
1763545094504,-100,-100,-100,-67,-100,-100,-82,-100,-80,-52,-100
1763545094529,-100,-100,-100,-67,-100,-100,-82,-100,-80,-52,-100
1763545094554,-100,-100,-100,-67,-100,-100,-82,-100,-80,-52,-100
1763545094579,-100,-100,-100,-67,-100,-100,-82,-100,-80,-52,-100
1763545094604,-100,-100,-100,-67,-100,-100,-82,-100,-80,-52,-100
1763545094630,-100,-100,-100,-67,-100,-100,-82,-100,-80,-52,-100
1763545094655,-100,-100,-100,-67,-100,-100,-82,-100,-80,-52,-100
1763545094680,-100,-100,-100,-67,-100,-100,-82,-100,-80,-52,-100
1763545094705,-100,-100,-100,-67,-100,-100,-82,-100,-80,-52,-100
1763545094730,-100,-100,-100,-67,-100,-100,-82,-100,-80,-52,-100
1763545094755,-100,-100,-100,-67,-100,-100,-82,-100,-80,-52,-100
1763545094780,-100,-100,-100,-67,-100,-100,-82,-100,-80,-52,-100
1763545094805,-100,-100,-100,-67,-100,-100,-82,-100,-80,-52,-100
1763545094830,-100,-100,-100,-67,-100,-100,-82,-100,-80,-52,-100
1763545094856,-100,-100,-100,-67,-100,-100,-82,-100,-80,-52,-100
1763545094881,-100,-100,-100,-67,-100,-100,-84,-100,-80,-49,-100
1763545094906,-100,-100,-100,-67,-100,-100,-84,-100,-80,-49,-100
1763545094933,-100,-100,-100,-67,-100,-100,-84,-100,-80,-49,-100
1763545094958,-100,-100,-100,-67,-100,-100,-84,-100,-80,-49,-100
1763545094983,-100,-100,-100,-67,-100,-100,-84,-100,-80,-49,-100
1763545095008,-100,-100,-100,-67,-100,-100,-84,-100,-80,-49,-100
1763545095033,-100,-100,-100,-67,-100,-100,-84,-100,-80,-49,-100
1763545095058,-100,-100,-100,-67,-100,-100,-84,-100,-80,-49,-100
1763545095083,-100,-100,-100,-67,-100,-100,-84,-100,-80,-49,-100
1763545095109,-100,-100,-100,-67,-100,-100,-84,-100,-80,-49,-100
1763545095134,-100,-100,-100,-67,-100,-100,-84,-100,-80,-49,-100
1763545095158,-100,-100,-100,-67,-100,-100,-84,-100,-80,-49,-100
1763545095183,-100,-100,-100,-67,-100,-100,-84,-100,-80,-49,-100
1763545095208,-100,-100,-100,-67,-100,-100,-84,-100,-80,-49,-100
1763545095233,-100,-100,-100,-67,-100,-100,-84,-100,-80,-49,-100
1763545095258,-100,-100,-100,-67,-100,-100,-84,-100,-80,-49,-100
1763545095284,-100,-100,-100,-67,-100,-100,-84,-100,-80,-49,-100
1763545095309,-100,-100,-100,-67,-100,-100,-84,-100,-80,-49,-100
1763545095334,-100,-100,-100,-67,-100,-100,-84,-100,-80,-49,-100
1763545095359,-100,-100,-100,-67,-100,-100,-84,-100,-80,-49,-100
1763545095384,-100,-100,-100,-66,-100,-100,-86,-100,-80,-48,-100
1763545095409,-100,-100,-100,-66,-100,-100,-86,-100,-80,-48,-100
1763545095434,-100,-100,-100,-66,-100,-100,-86,-100,-80,-48,-100
1763545095459,-100,-100,-100,-66,-100,-100,-86,-100,-80,-48,-100
1763545095484,-100,-100,-100,-66,-100,-100,-86,-100,-80,-48,-100
1763545095509,-100,-100,-100,-66,-100,-100,-86,-100,-80,-48,-100
1763545095534,-100,-100,-100,-66,-100,-100,-86,-100,-80,-48,-100
1763545095559,-100,-100,-100,-66,-100,-100,-86,-100,-80,-48,-100
1763545095584,-100,-100,-100,-66,-100,-100,-86,-100,-80,-48,-100
1763545095609,-100,-100,-100,-66,-100,-100,-86,-100,-80,-48,-100
1763545095635,-100,-100,-100,-66,-100,-100,-86,-100,-80,-48,-100
1763545095660,-100,-100,-100,-66,-100,-100,-86,-100,-80,-48,-100
1763545095686,-100,-100,-100,-66,-100,-100,-86,-100,-80,-48,-100
1763545095711,-100,-100,-100,-66,-100,-100,-86,-100,-80,-48,-100
1763545095736,-100,-100,-100,-66,-100,-100,-86,-100,-80,-48,-100
1763545095762,-100,-100,-100,-66,-100,-100,-86,-100,-80,-48,-100
1763545095787,-100,-100,-100,-66,-100,-100,-86,-100,-80,-48,-100
1763545095813,-100,-100,-100,-66,-100,-100,-86,-100,-80,-48,-100
1763545095838,-100,-100,-100,-66,-100,-100,-86,-100,-80,-48,-100
1763545095863,-100,-100,-100,-66,-100,-100,-86,-100,-80,-48,-100
1763545095888,-100,-100,-100,-62,-100,-100,-80,-100,-75,-48,-100
1763545095913,-100,-100,-100,-62,-100,-100,-80,-100,-75,-48,-100
1763545095938,-100,-100,-100,-62,-100,-100,-80,-100,-75,-48,-100
1763545095963,-100,-100,-100,-62,-100,-100,-80,-100,-75,-48,-100
1763545095988,-100,-100,-100,-62,-100,-100,-80,-100,-75,-48,-100
1763545096013,-100,-100,-100,-62,-100,-100,-80,-100,-75,-48,-100
1763545096038,-100,-100,-100,-62,-100,-100,-80,-100,-75,-48,-100
1763545096063,-100,-100,-100,-62,-100,-100,-80,-100,-75,-48,-100
1763545096089,-100,-100,-100,-62,-100,-100,-80,-100,-75,-48,-100
1763545096114,-100,-100,-100,-62,-100,-100,-80,-100,-75,-48,-100
1763545096139,-100,-100,-100,-62,-100,-100,-80,-100,-75,-48,-100
1763545096164,-100,-100,-100,-62,-100,-100,-80,-100,-75,-48,-100
1763545096189,-100,-100,-100,-62,-100,-100,-80,-100,-75,-48,-100
1763545096214,-100,-100,-100,-62,-100,-100,-80,-100,-75,-48,-100
1763545096239,-100,-100,-100,-62,-100,-100,-80,-100,-75,-48,-100
1763545096264,-100,-100,-100,-62,-100,-100,-80,-100,-75,-48,-100
1763545096289,-100,-100,-100,-62,-100,-100,-80,-100,-75,-48,-100
1763545096315,-100,-100,-100,-62,-100,-100,-80,-100,-75,-48,-100
1763545096340,-100,-100,-100,-62,-100,-100,-80,-100,-75,-48,-100
1763545096365,-100,-100,-100,-62,-100,-100,-80,-100,-75,-48,-100
1763545096390,-87,-100,-100,-59,-100,-100,-79,-100,-74,-49,-100
1763545096416,-87,-100,-100,-59,-100,-100,-79,-100,-74,-49,-100
1763545096441,-87,-100,-100,-59,-100,-100,-79,-100,-74,-49,-100
1763545096467,-87,-100,-100,-59,-100,-100,-79,-100,-74,-49,-100
1763545096492,-87,-100,-100,-59,-100,-100,-79,-100,-74,-49,-100
1763545096517,-87,-100,-100,-59,-100,-100,-79,-100,-74,-49,-100
1763545096542,-87,-100,-100,-59,-100,-100,-79,-100,-74,-49,-100
1763545096567,-87,-100,-100,-59,-100,-100,-79,-100,-74,-49,-100
1763545096592,-87,-100,-100,-59,-100,-100,-79,-100,-74,-49,-100
1763545096617,-87,-100,-100,-59,-100,-100,-79,-100,-74,-49,-100
1763545096643,-87,-100,-100,-59,-100,-100,-79,-100,-74,-49,-100
1763545096669,-87,-100,-100,-59,-100,-100,-79,-100,-74,-49,-100
1763545096694,-87,-100,-100,-59,-100,-100,-79,-100,-74,-49,-100
1763545096720,-87,-100,-100,-59,-100,-100,-79,-100,-74,-49,-100
1763545096744,-87,-100,-100,-59,-100,-100,-79,-100,-74,-49,-100
1763545096769,-87,-100,-100,-59,-100,-100,-79,-100,-74,-49,-100
1763545096794,-87,-100,-100,-59,-100,-100,-79,-100,-74,-49,-100
1763545096819,-87,-100,-100,-59,-100,-100,-79,-100,-74,-49,-100
1763545096844,-87,-100,-100,-59,-100,-100,-79,-100,-74,-49,-100
1763545096869,-87,-100,-100,-59,-100,-100,-79,-100,-74,-49,-100
1763545096895,-87,-100,-100,-56,-100,-100,-80,-100,-75,-53,-83
1763545096921,-87,-100,-100,-56,-100,-100,-80,-100,-75,-53,-83
1763545096945,-87,-100,-100,-56,-100,-100,-80,-100,-75,-53,-83
1763545096970,-87,-100,-100,-56,-100,-100,-80,-100,-75,-53,-83
1763545096995,-87,-100,-100,-56,-100,-100,-80,-100,-75,-53,-83
1763545097020,-87,-100,-100,-56,-100,-100,-80,-100,-75,-53,-83
1763545097045,-87,-100,-100,-56,-100,-100,-80,-100,-75,-53,-83
1763545097070,-87,-100,-100,-56,-100,-100,-80,-100,-75,-53,-83
1763545097096,-87,-100,-100,-56,-100,-100,-80,-100,-75,-53,-83
1763545097121,-87,-100,-100,-56,-100,-100,-80,-100,-75,-53,-83
1763545097146,-87,-100,-100,-56,-100,-100,-80,-100,-75,-53,-83
1763545097171,-87,-100,-100,-56,-100,-100,-80,-100,-75,-53,-83
1763545097196,-87,-100,-100,-56,-100,-100,-80,-100,-75,-53,-83
1763545097221,-87,-100,-100,-56,-100,-100,-80,-100,-75,-53,-83
1763545097246,-87,-100,-100,-56,-100,-100,-80,-100,-75,-53,-83
1763545097271,-87,-100,-100,-56,-100,-100,-80,-100,-75,-53,-83
1763545097296,-87,-100,-100,-56,-100,-100,-80,-100,-75,-53,-83
1763545097321,-87,-100,-100,-56,-100,-100,-80,-100,-75,-53,-83
1763545097347,-87,-100,-100,-56,-100,-100,-80,-100,-75,-53,-83
1763545097373,-87,-100,-100,-56,-100,-100,-80,-100,-75,-53,-83
1763545097399,-100,-100,-100,-54,-100,-100,-79,-100,-77,-53,-83
1763545097424,-100,-100,-100,-54,-100,-100,-79,-100,-77,-53,-83
1763545097449,-100,-100,-100,-54,-100,-100,-79,-100,-77,-53,-83
1763545097474,-100,-100,-100,-54,-100,-100,-79,-100,-77,-53,-83
1763545097500,-100,-100,-100,-54,-100,-100,-79,-100,-77,-53,-83
1763545097525,-100,-100,-100,-54,-100,-100,-79,-100,-77,-53,-83
1763545097550,-100,-100,-100,-54,-100,-100,-79,-100,-77,-53,-83
1763545097575,-100,-100,-100,-54,-100,-100,-79,-100,-77,-53,-83
1763545097601,-100,-100,-100,-54,-100,-100,-79,-100,-77,-53,-83
1763545097627,-100,-100,-100,-54,-100,-100,-79,-100,-77,-53,-83
1763545097652,-100,-100,-100,-54,-100,-100,-79,-100,-77,-53,-83
1763545097677,-100,-100,-100,-54,-100,-100,-79,-100,-77,-53,-83
1763545097703,-100,-100,-100,-54,-100,-100,-79,-100,-77,-53,-83
1763545097728,-100,-100,-100,-54,-100,-100,-79,-100,-77,-53,-83
1763545097754,-100,-100,-100,-54,-100,-100,-79,-100,-77,-53,-83
1763545097780,-100,-100,-100,-54,-100,-100,-79,-100,-77,-53,-83
1763545097806,-100,-100,-100,-54,-100,-100,-79,-100,-77,-53,-83
1763545097831,-100,-100,-100,-54,-100,-100,-79,-100,-77,-53,-83
1763545097856,-100,-100,-100,-54,-100,-100,-79,-100,-77,-53,-83
1763545097882,-100,-100,-100,-53,-100,-100,-78,-100,-76,-53,-83
1763545097908,-100,-100,-100,-53,-100,-100,-78,-100,-76,-53,-83
1763545097933,-100,-100,-100,-53,-100,-100,-78,-100,-76,-53,-83
1763545097958,-100,-100,-100,-53,-100,-100,-78,-100,-76,-53,-83
1763545097983,-100,-100,-100,-53,-100,-100,-78,-100,-76,-53,-83
1763545098009,-100,-100,-100,-53,-100,-100,-78,-100,-76,-53,-83
1763545098034,-100,-100,-100,-53,-100,-100,-78,-100,-76,-53,-83
1763545098060,-100,-100,-100,-53,-100,-100,-78,-100,-76,-53,-83
1763545098085,-100,-100,-100,-53,-100,-100,-78,-100,-76,-53,-83
1763545098110,-100,-100,-100,-53,-100,-100,-78,-100,-76,-53,-83
1763545098135,-100,-100,-100,-53,-100,-100,-78,-100,-76,-53,-83
1763545098160,-100,-100,-100,-53,-100,-100,-78,-100,-76,-53,-83
1763545098185,-100,-100,-100,-53,-100,-100,-78,-100,-76,-53,-83
1763545098210,-100,-100,-100,-53,-100,-100,-78,-100,-76,-53,-83
1763545098235,-100,-100,-100,-53,-100,-100,-78,-100,-76,-53,-83
1763545098260,-100,-100,-100,-53,-100,-100,-78,-100,-76,-53,-83
1763545098285,-100,-100,-100,-53,-100,-100,-78,-100,-76,-53,-83
1763545098311,-100,-100,-100,-53,-100,-100,-78,-100,-76,-53,-83
1763545098336,-100,-100,-100,-53,-100,-100,-78,-100,-76,-53,-83
1763545098361,-100,-100,-100,-53,-100,-100,-78,-100,-76,-53,-83
1763545098386,-100,-100,-100,-53,-100,-100,-80,-100,-77,-55,-85
1763545098412,-100,-100,-100,-53,-100,-100,-80,-100,-77,-55,-85
1763545098438,-100,-100,-100,-53,-100,-100,-80,-100,-77,-55,-85
1763545098463,-100,-100,-100,-53,-100,-100,-80,-100,-77,-55,-85
1763545098488,-100,-100,-100,-53,-100,-100,-80,-100,-77,-55,-85
1763545098513,-100,-100,-100,-53,-100,-100,-80,-100,-77,-55,-85
1763545098538,-100,-100,-100,-53,-100,-100,-80,-100,-77,-55,-85
1763545098563,-100,-100,-100,-53,-100,-100,-80,-100,-77,-55,-85
1763545098588,-100,-100,-100,-53,-100,-100,-80,-100,-77,-55,-85
1763545098613,-100,-100,-100,-53,-100,-100,-80,-100,-77,-55,-85
1763545098639,-100,-100,-100,-53,-100,-100,-80,-100,-77,-55,-85
1763545098664,-100,-100,-100,-53,-100,-100,-80,-100,-77,-55,-85
1763545098689,-100,-100,-100,-53,-100,-100,-80,-100,-77,-55,-85
1763545098714,-100,-100,-100,-53,-100,-100,-80,-100,-77,-55,-85
1763545098739,-100,-100,-100,-53,-100,-100,-80,-100,-77,-55,-85
1763545098764,-100,-100,-100,-53,-100,-100,-80,-100,-77,-55,-85
1763545098789,-100,-100,-100,-53,-100,-100,-80,-100,-77,-55,-85
1763545098814,-100,-100,-100,-53,-100,-100,-80,-100,-77,-55,-85
1763545098839,-100,-100,-100,-53,-100,-100,-80,-100,-77,-55,-85
1763545098864,-100,-100,-100,-53,-100,-100,-80,-100,-77,-55,-85
1763545098889,-100,-100,-100,-50,-100,-100,-80,-100,-77,-56,-84
1763545098915,-100,-100,-100,-50,-100,-100,-80,-100,-77,-56,-84
1763545098940,-100,-100,-100,-50,-100,-100,-80,-100,-77,-56,-84
1763545098965,-100,-100,-100,-50,-100,-100,-80,-100,-77,-56,-84
1763545098990,-100,-100,-100,-50,-100,-100,-80,-100,-77,-56,-84
1763545099015,-100,-100,-100,-50,-100,-100,-80,-100,-77,-56,-84
1763545099040,-100,-100,-100,-50,-100,-100,-80,-100,-77,-56,-84
1763545099066,-100,-100,-100,-50,-100,-100,-80,-100,-77,-56,-84
1763545099091,-100,-100,-100,-50,-100,-100,-80,-100,-77,-56,-84
1763545099116,-100,-100,-100,-50,-100,-100,-80,-100,-77,-56,-84
1763545099141,-100,-100,-100,-50,-100,-100,-80,-100,-77,-56,-84
1763545099166,-100,-100,-100,-50,-100,-100,-80,-100,-77,-56,-84
1763545099191,-100,-100,-100,-50,-100,-100,-80,-100,-77,-56,-84
1763545099216,-100,-100,-100,-50,-100,-100,-80,-100,-77,-56,-84
1763545099241,-100,-100,-100,-50,-100,-100,-80,-100,-77,-56,-84
1763545099266,-100,-100,-100,-50,-100,-100,-80,-100,-77,-56,-84
1763545099291,-100,-100,-100,-50,-100,-100,-80,-100,-77,-56,-84
1763545099316,-100,-100,-100,-50,-100,-100,-80,-100,-77,-56,-84
1763545099342,-100,-100,-100,-50,-100,-100,-80,-100,-77,-56,-84
1763545099368,-100,-100,-100,-50,-100,-100,-80,-100,-77,-56,-84
1763545099393,-100,-100,-100,-45,-100,-100,-78,-100,-77,-58,-84
1763545099419,-100,-100,-100,-45,-100,-100,-78,-100,-77,-58,-84
1763545099445,-100,-100,-100,-45,-100,-100,-78,-100,-77,-58,-84
1763545099471,-100,-100,-100,-45,-100,-100,-78,-100,-77,-58,-84
1763545099496,-100,-100,-100,-45,-100,-100,-78,-100,-77,-58,-84
1763545099521,-100,-100,-100,-45,-100,-100,-78,-100,-77,-58,-84
1763545099546,-100,-100,-100,-45,-100,-100,-78,-100,-77,-58,-84
1763545099571,-100,-100,-100,-45,-100,-100,-78,-100,-77,-58,-84
1763545099596,-100,-100,-100,-45,-100,-100,-78,-100,-77,-58,-84
1763545099621,-100,-100,-100,-45,-100,-100,-78,-100,-77,-58,-84
1763545099647,-100,-100,-100,-45,-100,-100,-78,-100,-77,-58,-84
1763545099672,-100,-100,-100,-45,-100,-100,-78,-100,-77,-58,-84
1763545099697,-100,-100,-100,-45,-100,-100,-78,-100,-77,-58,-84
1763545099722,-100,-100,-100,-45,-100,-100,-78,-100,-77,-58,-84
1763545099748,-100,-100,-100,-45,-100,-100,-78,-100,-77,-58,-84
1763545099774,-100,-100,-100,-45,-100,-100,-78,-100,-77,-58,-84
1763545099799,-100,-100,-100,-45,-100,-100,-78,-100,-77,-58,-84
1763545099824,-100,-100,-100,-45,-100,-100,-78,-100,-77,-58,-84
1763545099849,-100,-100,-100,-45,-100,-100,-78,-100,-77,-58,-84
1763545099874,-100,-100,-100,-45,-100,-100,-78,-100,-77,-58,-84
1763545099899,-100,-100,-100,-46,-100,-100,-78,-100,-76,-58,-85
1763545099924,-100,-100,-100,-46,-100,-100,-78,-100,-76,-58,-85
1763545099949,-100,-100,-100,-46,-100,-100,-78,-100,-76,-58,-85
1763545099974,-100,-100,-100,-46,-100,-100,-78,-100,-76,-58,-85
1763545099999,-100,-100,-100,-46,-100,-100,-78,-100,-76,-58,-85
1763545100024,-100,-100,-100,-46,-100,-100,-78,-100,-76,-58,-85
1763545100049,-100,-100,-100,-46,-100,-100,-78,-100,-76,-58,-85
1763545100075,-100,-100,-100,-46,-100,-100,-78,-100,-76,-58,-85
1763545100101,-100,-100,-100,-46,-100,-100,-78,-100,-76,-58,-85
1763545100126,-100,-100,-100,-46,-100,-100,-78,-100,-76,-58,-85
1763545100151,-100,-100,-100,-46,-100,-100,-78,-100,-76,-58,-85
1763545100176,-100,-100,-100,-46,-100,-100,-78,-100,-76,-58,-85
1763545100201,-100,-100,-100,-46,-100,-100,-78,-100,-76,-58,-85
1763545100226,-100,-100,-100,-46,-100,-100,-78,-100,-76,-58,-85
1763545100251,-100,-100,-100,-46,-100,-100,-78,-100,-76,-58,-85
1763545100276,-100,-100,-100,-46,-100,-100,-78,-100,-76,-58,-85
1763545100301,-100,-100,-100,-46,-100,-100,-78,-100,-76,-58,-85
1763545100327,-100,-100,-100,-46,-100,-100,-78,-100,-76,-58,-85
1763545100353,-100,-100,-100,-46,-100,-100,-78,-100,-76,-58,-85
1763545100378,-100,-100,-100,-46,-100,-100,-78,-100,-76,-58,-85
1763545100403,-100,-100,-100,-45,-100,-100,-79,-100,-78,-60,-86
1763545100428,-100,-100,-100,-45,-100,-100,-79,-100,-78,-60,-86
1763545100454,-100,-100,-100,-45,-100,-100,-79,-100,-78,-60,-86
1763545100480,-100,-100,-100,-45,-100,-100,-79,-100,-78,-60,-86
1763545100506,-100,-100,-100,-45,-100,-100,-79,-100,-78,-60,-86
1763545100532,-100,-100,-100,-45,-100,-100,-79,-100,-78,-60,-86
1763545100557,-100,-100,-100,-45,-100,-100,-79,-100,-78,-60,-86
1763545100582,-100,-100,-100,-45,-100,-100,-79,-100,-78,-60,-86
1763545100607,-100,-100,-100,-45,-100,-100,-79,-100,-78,-60,-86
1763545100632,-100,-100,-100,-45,-100,-100,-79,-100,-78,-60,-86
1763545100657,-100,-100,-100,-45,-100,-100,-79,-100,-78,-60,-86
1763545100682,-100,-100,-100,-45,-100,-100,-79,-100,-78,-60,-86
1763545100707,-100,-100,-100,-45,-100,-100,-79,-100,-78,-60,-86
1763545100732,-100,-100,-100,-45,-100,-100,-79,-100,-78,-60,-86
1763545100757,-100,-100,-100,-45,-100,-100,-79,-100,-78,-60,-86
1763545100783,-100,-100,-100,-45,-100,-100,-79,-100,-78,-60,-86
1763545100808,-100,-100,-100,-45,-100,-100,-79,-100,-78,-60,-86
1763545100833,-100,-100,-100,-45,-100,-100,-79,-100,-78,-60,-86
1763545100858,-100,-100,-100,-45,-100,-100,-79,-100,-78,-60,-86
1763545100884,-100,-100,-100,-44,-100,-100,-78,-100,-78,-62,-86
1763545100909,-100,-100,-100,-44,-100,-100,-78,-100,-78,-62,-86
1763545100935,-100,-100,-100,-44,-100,-100,-78,-100,-78,-62,-86
1763545100960,-100,-100,-100,-44,-100,-100,-78,-100,-78,-62,-86
1763545100986,-100,-100,-100,-44,-100,-100,-78,-100,-78,-62,-86
1763545101011,-100,-100,-100,-44,-100,-100,-78,-100,-78,-62,-86
1763545101036,-100,-100,-100,-44,-100,-100,-78,-100,-78,-62,-86
1763545101061,-100,-100,-100,-44,-100,-100,-78,-100,-78,-62,-86
1763545101086,-100,-100,-100,-44,-100,-100,-78,-100,-78,-62,-86
1763545101111,-100,-100,-100,-44,-100,-100,-78,-100,-78,-62,-86
1763545101136,-100,-100,-100,-44,-100,-100,-78,-100,-78,-62,-86
1763545101161,-100,-100,-100,-44,-100,-100,-78,-100,-78,-62,-86
1763545101186,-100,-100,-100,-44,-100,-100,-78,-100,-78,-62,-86
1763545101211,-100,-100,-100,-44,-100,-100,-78,-100,-78,-62,-86
1763545101236,-100,-100,-100,-44,-100,-100,-78,-100,-78,-62,-86
1763545101261,-100,-100,-100,-44,-100,-100,-78,-100,-78,-62,-86
1763545101286,-100,-100,-100,-44,-100,-100,-78,-100,-78,-62,-86
1763545101312,-100,-100,-100,-44,-100,-100,-78,-100,-78,-62,-86
1763545101336,-100,-100,-100,-44,-100,-100,-78,-100,-78,-62,-86
1763545101361,-100,-100,-100,-44,-100,-100,-78,-100,-78,-62,-86
1763545101386,-100,-100,-100,-47,-100,-100,-78,-100,-78,-65,-83
1763545101411,-100,-100,-100,-47,-100,-100,-78,-100,-78,-65,-83
1763545101436,-100,-100,-100,-47,-100,-100,-78,-100,-78,-65,-83
1763545101462,-100,-100,-100,-47,-100,-100,-78,-100,-78,-65,-83
1763545101487,-100,-100,-100,-47,-100,-100,-78,-100,-78,-65,-83
1763545101513,-100,-100,-100,-47,-100,-100,-78,-100,-78,-65,-83
1763545101539,-100,-100,-100,-47,-100,-100,-78,-100,-78,-65,-83
1763545101563,-100,-100,-100,-47,-100,-100,-78,-100,-78,-65,-83
1763545101588,-100,-100,-100,-47,-100,-100,-78,-100,-78,-65,-83
1763545101613,-100,-100,-100,-47,-100,-100,-78,-100,-78,-65,-83
1763545101638,-100,-100,-100,-47,-100,-100,-78,-100,-78,-65,-83
1763545101663,-100,-100,-100,-47,-100,-100,-78,-100,-78,-65,-83
1763545101688,-100,-100,-100,-47,-100,-100,-78,-100,-78,-65,-83
1763545101713,-100,-100,-100,-47,-100,-100,-78,-100,-78,-65,-83
1763545101738,-100,-100,-100,-47,-100,-100,-78,-100,-78,-65,-83
1763545101763,-100,-100,-100,-47,-100,-100,-78,-100,-78,-65,-83
1763545101789,-100,-100,-100,-47,-100,-100,-78,-100,-78,-65,-83
1763545101814,-100,-100,-100,-47,-100,-100,-78,-100,-78,-65,-83
1763545101840,-100,-100,-100,-47,-100,-100,-78,-100,-78,-65,-83
1763545101865,-100,-100,-100,-47,-100,-100,-78,-100,-78,-65,-83
1763545101891,-100,-100,-100,-48,-100,-100,-80,-100,-78,-66,-83
1763545101917,-100,-100,-100,-48,-100,-100,-80,-100,-78,-66,-83
1763545101942,-100,-100,-100,-48,-100,-100,-80,-100,-78,-66,-83
1763545101966,-100,-100,-100,-48,-100,-100,-80,-100,-78,-66,-83
1763545101991,-100,-100,-100,-48,-100,-100,-80,-100,-78,-66,-83
1763545102016,-100,-100,-100,-48,-100,-100,-80,-100,-78,-66,-83
1763545102041,-100,-100,-100,-48,-100,-100,-80,-100,-78,-66,-83
1763545102066,-100,-100,-100,-48,-100,-100,-80,-100,-78,-66,-83
1763545102091,-100,-100,-100,-48,-100,-100,-80,-100,-78,-66,-83
1763545102116,-100,-100,-100,-48,-100,-100,-80,-100,-78,-66,-83
1763545102141,-100,-100,-100,-48,-100,-100,-80,-100,-78,-66,-83
1763545102166,-100,-100,-100,-48,-100,-100,-80,-100,-78,-66,-83
1763545102191,-100,-100,-100,-48,-100,-100,-80,-100,-78,-66,-83
1763545102216,-100,-100,-100,-48,-100,-100,-80,-100,-78,-66,-83
1763545102242,-100,-100,-100,-48,-100,-100,-80,-100,-78,-66,-83
1763545102268,-100,-100,-100,-48,-100,-100,-80,-100,-78,-66,-83
1763545102294,-100,-100,-100,-48,-100,-100,-80,-100,-78,-66,-83
1763545102318,-100,-100,-100,-48,-100,-100,-80,-100,-78,-66,-83
1763545102344,-100,-100,-100,-48,-100,-100,-80,-100,-78,-66,-83
1763545102369,-100,-100,-100,-48,-100,-100,-80,-100,-78,-66,-83
1763545102394,-100,-100,-100,-49,-100,-100,-79,-100,-77,-64,-100
1763545102419,-100,-100,-100,-49,-100,-100,-79,-100,-77,-64,-100
1763545102444,-100,-100,-100,-49,-100,-100,-79,-100,-77,-64,-100
1763545102470,-100,-100,-100,-49,-100,-100,-79,-100,-77,-64,-100
1763545102496,-100,-100,-100,-49,-100,-100,-79,-100,-77,-64,-100
1763545102521,-100,-100,-100,-49,-100,-100,-79,-100,-77,-64,-100
1763545102546,-100,-100,-100,-49,-100,-100,-79,-100,-77,-64,-100
1763545102571,-100,-100,-100,-49,-100,-100,-79,-100,-77,-64,-100
1763545102598,-100,-100,-100,-49,-100,-100,-79,-100,-77,-64,-100
1763545102624,-100,-100,-100,-49,-100,-100,-79,-100,-77,-64,-100
1763545102649,-100,-100,-100,-49,-100,-100,-79,-100,-77,-64,-100
1763545102674,-100,-100,-100,-49,-100,-100,-79,-100,-77,-64,-100
1763545102700,-100,-100,-100,-49,-100,-100,-79,-100,-77,-64,-100
1763545102724,-100,-100,-100,-49,-100,-100,-79,-100,-77,-64,-100
1763545102749,-100,-100,-100,-49,-100,-100,-79,-100,-77,-64,-100
1763545102774,-100,-100,-100,-49,-100,-100,-79,-100,-77,-64,-100
1763545102800,-100,-100,-100,-49,-100,-100,-79,-100,-77,-64,-100
1763545102826,-100,-100,-100,-49,-100,-100,-79,-100,-77,-64,-100
1763545102851,-100,-100,-100,-49,-100,-100,-79,-100,-77,-64,-100
1763545102877,-100,-100,-100,-49,-100,-100,-79,-100,-77,-64,-100
1763545102903,-100,-100,-100,-53,-100,-100,-79,-100,-77,-64,-100
1763545102928,-100,-100,-100,-53,-100,-100,-79,-100,-77,-64,-100
1763545102953,-100,-100,-100,-53,-100,-100,-79,-100,-77,-64,-100
1763545102978,-100,-100,-100,-53,-100,-100,-79,-100,-77,-64,-100
1763545103003,-100,-100,-100,-53,-100,-100,-79,-100,-77,-64,-100
1763545103028,-100,-100,-100,-53,-100,-100,-79,-100,-77,-64,-100
1763545103054,-100,-100,-100,-53,-100,-100,-79,-100,-77,-64,-100
1763545103079,-100,-100,-100,-53,-100,-100,-79,-100,-77,-64,-100
1763545103105,-100,-100,-100,-53,-100,-100,-79,-100,-77,-64,-100
1763545103131,-100,-100,-100,-53,-100,-100,-79,-100,-77,-64,-100
1763545103156,-100,-100,-100,-53,-100,-100,-79,-100,-77,-64,-100
1763545103181,-100,-100,-100,-53,-100,-100,-79,-100,-77,-64,-100
1763545103206,-100,-100,-100,-53,-100,-100,-79,-100,-77,-64,-100
1763545103231,-100,-100,-100,-53,-100,-100,-79,-100,-77,-64,-100
1763545103256,-100,-100,-100,-53,-100,-100,-79,-100,-77,-64,-100
1763545103282,-100,-100,-100,-53,-100,-100,-79,-100,-77,-64,-100
1763545103307,-100,-100,-100,-53,-100,-100,-79,-100,-77,-64,-100
1763545103332,-100,-100,-100,-53,-100,-100,-79,-100,-77,-64,-100
1763545103357,-100,-100,-100,-53,-100,-100,-79,-100,-77,-64,-100
1763545103383,-100,-100,-100,-58,-100,-100,-78,-100,-78,-66,-80
1763545103408,-100,-100,-100,-58,-100,-100,-78,-100,-78,-66,-80
1763545103433,-100,-100,-100,-58,-100,-100,-78,-100,-78,-66,-80
1763545103459,-100,-100,-100,-58,-100,-100,-78,-100,-78,-66,-80
1763545103485,-100,-100,-100,-58,-100,-100,-78,-100,-78,-66,-80
1763545103510,-100,-100,-100,-58,-100,-100,-78,-100,-78,-66,-80
1763545103535,-100,-100,-100,-58,-100,-100,-78,-100,-78,-66,-80
1763545103560,-100,-100,-100,-58,-100,-100,-78,-100,-78,-66,-80
1763545103585,-100,-100,-100,-58,-100,-100,-78,-100,-78,-66,-80
1763545103611,-100,-100,-100,-58,-100,-100,-78,-100,-78,-66,-80
1763545103636,-100,-100,-100,-58,-100,-100,-78,-100,-78,-66,-80
1763545103661,-100,-100,-100,-58,-100,-100,-78,-100,-78,-66,-80
1763545103686,-100,-100,-100,-58,-100,-100,-78,-100,-78,-66,-80
1763545103711,-100,-100,-100,-58,-100,-100,-78,-100,-78,-66,-80
1763545103737,-100,-100,-100,-58,-100,-100,-78,-100,-78,-66,-80
1763545103762,-100,-100,-100,-58,-100,-100,-78,-100,-78,-66,-80
1763545103788,-100,-100,-100,-58,-100,-100,-78,-100,-78,-66,-80
1763545103813,-100,-100,-100,-58,-100,-100,-78,-100,-78,-66,-80
1763545103838,-100,-100,-100,-58,-100,-100,-78,-100,-78,-66,-80
1763545103864,-100,-100,-100,-58,-100,-100,-78,-100,-78,-66,-80
1763545103889,-100,-100,-100,-58,-100,-100,-79,-100,-79,-65,-80
1763545103914,-100,-100,-100,-58,-100,-100,-79,-100,-79,-65,-80
1763545103940,-100,-100,-100,-58,-100,-100,-79,-100,-79,-65,-80
1763545103964,-100,-100,-100,-58,-100,-100,-79,-100,-79,-65,-80
1763545103989,-100,-100,-100,-58,-100,-100,-79,-100,-79,-65,-80
1763545104014,-100,-100,-100,-58,-100,-100,-79,-100,-79,-65,-80
1763545104039,-100,-100,-100,-58,-100,-100,-79,-100,-79,-65,-80
1763545104066,-100,-100,-100,-58,-100,-100,-79,-100,-79,-65,-80
1763545104091,-100,-100,-100,-58,-100,-100,-79,-100,-79,-65,-80
1763545104116,-100,-100,-100,-58,-100,-100,-79,-100,-79,-65,-80
1763545104141,-100,-100,-100,-58,-100,-100,-79,-100,-79,-65,-80
1763545104166,-100,-100,-100,-58,-100,-100,-79,-100,-79,-65,-80
1763545104192,-100,-100,-100,-58,-100,-100,-79,-100,-79,-65,-80
1763545104217,-100,-100,-100,-58,-100,-100,-79,-100,-79,-65,-80
1763545104241,-100,-100,-100,-58,-100,-100,-79,-100,-79,-65,-80
1763545104267,-100,-100,-100,-58,-100,-100,-79,-100,-79,-65,-80
1763545104293,-100,-100,-100,-58,-100,-100,-79,-100,-79,-65,-80
1763545104318,-100,-100,-100,-58,-100,-100,-79,-100,-79,-65,-80
1763545104344,-100,-100,-100,-58,-100,-100,-79,-100,-79,-65,-80
1763545104368,-100,-100,-100,-58,-100,-100,-79,-100,-79,-65,-80
1763545104393,-100,-100,-100,-59,-100,-100,-79,-100,-76,-65,-100
1763545104418,-100,-100,-100,-59,-100,-100,-79,-100,-76,-65,-100
1763545104443,-100,-100,-100,-59,-100,-100,-79,-100,-76,-65,-100
1763545104469,-100,-100,-100,-59,-100,-100,-79,-100,-76,-65,-100
1763545104493,-100,-100,-100,-59,-100,-100,-79,-100,-76,-65,-100
1763545104518,-100,-100,-100,-59,-100,-100,-79,-100,-76,-65,-100
1763545104543,-100,-100,-100,-59,-100,-100,-79,-100,-76,-65,-100
1763545104568,-100,-100,-100,-59,-100,-100,-79,-100,-76,-65,-100
1763545104593,-100,-100,-100,-59,-100,-100,-79,-100,-76,-65,-100
1763545104618,-100,-100,-100,-59,-100,-100,-79,-100,-76,-65,-100
1763545104644,-100,-100,-100,-59,-100,-100,-79,-100,-76,-65,-100
1763545104669,-100,-100,-100,-59,-100,-100,-79,-100,-76,-65,-100
1763545104694,-100,-100,-100,-59,-100,-100,-79,-100,-76,-65,-100
1763545104719,-100,-100,-100,-59,-100,-100,-79,-100,-76,-65,-100
1763545104744,-100,-100,-100,-59,-100,-100,-79,-100,-76,-65,-100
1763545104770,-100,-100,-100,-59,-100,-100,-79,-100,-76,-65,-100
1763545104795,-100,-100,-100,-59,-100,-100,-79,-100,-76,-65,-100
1763545104821,-100,-100,-100,-59,-100,-100,-79,-100,-76,-65,-100
1763545104846,-100,-100,-100,-59,-100,-100,-79,-100,-76,-65,-100
1763545104871,-100,-100,-100,-59,-100,-100,-79,-100,-76,-65,-100
1763545104896,-100,-100,-100,-58,-100,-100,-78,-100,-76,-66,-100
1763545104921,-100,-100,-100,-58,-100,-100,-78,-100,-76,-66,-100
1763545104947,-100,-100,-100,-58,-100,-100,-78,-100,-76,-66,-100
1763545104971,-100,-100,-100,-58,-100,-100,-78,-100,-76,-66,-100
1763545104996,-100,-100,-100,-58,-100,-100,-78,-100,-76,-66,-100
1763545105022,-100,-100,-100,-58,-100,-100,-78,-100,-76,-66,-100
1763545105047,-100,-100,-100,-58,-100,-100,-78,-100,-76,-66,-100
1763545105072,-100,-100,-100,-58,-100,-100,-78,-100,-76,-66,-100
1763545105098,-100,-100,-100,-58,-100,-100,-78,-100,-76,-66,-100
1763545105123,-100,-100,-100,-58,-100,-100,-78,-100,-76,-66,-100
1763545105148,-100,-100,-100,-58,-100,-100,-78,-100,-76,-66,-100
1763545105173,-100,-100,-100,-58,-100,-100,-78,-100,-76,-66,-100
1763545105198,-100,-100,-100,-58,-100,-100,-78,-100,-76,-66,-100
1763545105223,-100,-100,-100,-58,-100,-100,-78,-100,-76,-66,-100
1763545105249,-100,-100,-100,-58,-100,-100,-78,-100,-76,-66,-100
1763545105275,-100,-100,-100,-58,-100,-100,-78,-100,-76,-66,-100
1763545105300,-100,-100,-100,-58,-100,-100,-78,-100,-76,-66,-100
