timestamp,pressure,acc_x,acc_y,acc_z,gyro_x,gyro_y,gyro_z,mag_x,mag_y,mag_z,mag_bias_x,mag_bias_y,mag_bias_z,game_x,game_y,game_z,game_w,rot_x,rot_y,rot_z,rot_w,rot_accuracy,step
1763545337001,1009.85004,-0.41515473,2.070988,9.513863,0.010308343,0.024969097,-0.019471316,57.881252,-39.75,18.28125,46.950733,0.3361091,49.741684,0.0,0.0,0.0,0.0,0.0,0.0,0.0,0.0,0.0,0
1763545337026,1009.8664,-0.72741807,2.1433709,9.586246,0.0012980876,0.032452192,-0.026648976,58.48125,-39.693752,18.525002,46.950733,0.3361091,49.741684,0.049481537,0.100977615,0.7331141,0.67074496,-0.014787674,0.11147298,0.9819774,0.15190634,-1.0,0
1763545337051,1009.8664,-0.7938189,2.1732812,9.85484,-0.012293654,-0.046654798,-0.016416991,58.893753,-39.9,17.71875,46.950733,0.3361091,49.741684,0.048956126,0.10142521,0.7327928,0.67106706,-0.015489225,0.111552045,0.98191047,0.1522105,-1.0,0
1763545337076,1009.87274,-0.74596244,2.1924238,9.804591,0.0112246405,-0.07032581,-0.0009926553,57.581253,-38.925003,19.650002,46.950733,0.3361091,49.741684,0.049032282,0.10120537,0.73265344,0.6712468,-0.015340628,0.11140627,0.98194426,0.15211418,-1.0,0
1763545337101,1009.87885,-0.65682983,2.1589243,9.540782,0.021762058,-0.023747368,0.009850195,59.41875,-37.987503,18.16875,46.950733,0.3361091,49.741684,0.049760256,0.10114001,0.7325973,0.67126435,-0.014733748,0.111751065,0.98195505,0.15185149,-1.0,0
1763545337127,1009.87885,-0.5072784,2.094318,9.588638,0.022525638,0.029245151,0.0037415468,59.5125,-36.73125,18.54375,46.950733,0.3361091,49.741684,0.04990928,0.10125182,0.73266804,0.6711592,-0.014675221,0.11192635,0.9819602,0.15169504,-1.0,0
1763545337152,1009.8764,-0.57427746,2.1080768,9.527621,0.019929463,0.03642281,0.00083993905,58.050003,-38.86875,18.525002,46.950733,0.3361091,49.741684,0.049975507,0.10141314,0.7327078,0.6710865,-0.014697149,0.112098925,0.981936,0.15172215,-1.0,0
1763545337177,1009.8676,-0.552742,2.1098714,9.490533,-0.0020616686,0.028176138,-0.0045051277,59.325,-39.0,19.78125,46.950733,0.3361091,49.741684,0.049777135,0.10182224,0.73271817,0.67102796,-0.015072622,0.11233142,0.9818897,0.15181245,-1.0,0
1763545337202,1009.8676,-0.59282184,2.1098714,9.6275215,-0.022525638,-0.0054214248,-0.01244637,60.562504,-38.9625,16.725,46.950733,0.3361091,49.741684,0.049723603,0.101556465,0.7326676,0.67112744,-0.014959948,0.1120819,0.9818896,0.15200888,-1.0,0
1763545337227,1009.86346,-0.59581286,2.1744776,9.775279,0.0072540194,0.045280352,-0.010461059,58.406254,-38.5875,18.46875,46.950733,0.3361091,49.741684,0.049615357,0.10136213,0.73261553,0.6712217,-0.014942137,0.11186017,0.9818984,0.15211692,-1.0,0
1763545337253,1009.86346,-0.6903293,2.1732812,9.785448,0.028787002,0.066507906,-0.009086614,57.300003,-39.693752,18.806252,46.950733,0.3361091,49.741684,0.049123686,0.10231648,0.73251444,0.67122334,-0.015875285,0.11238226,0.98180807,0.15222077,-1.0,0
1763545337278,1009.8945,-0.7639086,2.2265215,9.807582,0.040698867,0.045433067,0.015653409,59.4,-39.46875,18.5625,46.950733,0.3361091,49.741684,0.048983563,0.10304422,0.7325781,0.67105275,-0.016442304,0.11290328,0.9818293,0.15163672,-1.0,0
1763545337303,1009.90326,-0.64905316,2.2881367,9.51147,0.05933024,0.06024654,0.043905906,58.29375,-39.09375,19.59375,46.950733,0.3361091,49.741684,0.049150288,0.10375621,0.73275065,0.67074245,-0.01671975,0.11358501,0.9818285,0.15110162,-1.0,0
1763545337329,1009.90326,-0.7710871,2.3108685,9.437891,0.054748755,0.099341884,0.05459604,58.8375,-38.662502,18.581251,46.950733,0.3361091,49.741684,0.04931003,0.104665294,0.7330015,0.67031527,-0.017102478,0.114428185,0.9818144,0.15051329,-1.0,0
1763545337354,1009.9235,-0.84107715,2.335993,9.516255,0.0353538,0.08544471,0.07246383,57.99375,-39.131252,19.63125,46.950733,0.3361091,49.741684,0.04884075,0.10706646,0.7337671,0.66913164,-0.018873857,0.1161569,0.98185533,0.14869907,-1.0,0
1763545337379,1009.9299,-0.8703892,2.4269204,9.640084,0.07032581,0.1523344,0.11568252,58.48125,-39.693752,18.206251,46.950733,0.3361091,49.741684,0.04872461,0.10793571,0.7343136,0.6684006,-0.019475643,0.1168114,0.98193175,0.14760028,-1.0,0
1763545337404,1009.9299,-0.7082755,2.4394827,9.716056,0.11094832,0.2541961,0.123929195,60.9,-38.7,17.2875,46.950733,0.3361091,49.741684,0.048242446,0.10974858,0.7350216,0.6673613,-0.020898659,0.118048005,0.981961,0.14622061,-1.0,0
1763545337430,1009.90326,-0.8333005,2.4275186,9.654441,0.15737404,0.32902706,0.12637265,59.100002,-39.506252,18.6,46.950733,0.3361091,49.741684,0.046556853,0.115482256,0.7366165,0.6647499,-0.025445413,0.12188611,0.98178655,0.14349714,-1.0,0
1763545337456,1009.811,-0.6891329,2.4879375,9.286545,0.10560325,0.17188208,0.13309216,59.60625,-39.9375,17.493752,46.950733,0.3361091,49.741684,0.045525476,0.118830755,0.7373569,0.663409,-0.02814333,0.124101855,0.98163444,0.1421285,-1.0,0
1763545337482,1009.811,-0.061615184,1.550549,9.295518,-0.088651754,-0.44356418,0.17722714,58.425003,-40.6875,18.431252,46.950733,0.3361091,49.741684,0.045551997,0.12077994,0.7381736,0.6621457,-0.029166067,0.12574624,0.9815696,0.14091964,-1.0,0
1763545337507,1009.75116,-1.9076779,2.8193433,9.998409,-0.25251624,-0.7954223,0.130496,58.406254,-38.5875,18.768751,46.950733,0.3361091,49.741684,0.05206775,0.10960455,0.7399733,0.66160053,-0.017547412,0.12006789,0.9827696,0.13942632,-1.0,0
1763545337533,1009.75116,0.35294133,2.152344,9.298509,-0.10468695,-0.4641809,0.29802567,55.143753,-39.43125,19.63125,46.950733,0.3361091,49.741684,0.055236693,0.10799856,0.74182886,0.6595264,-0.014339751,0.12045395,0.9835205,0.13406192,-1.0,0
1763545337558,1009.69696,0.27876383,2.0027926,9.171689,-0.33559385,-0.6343067,0.16516256,56.11875,-37.4625,19.875,46.950733,0.3361091,49.741684,0.058908332,0.10375768,0.7436457,0.6578413,-0.008817844,0.11898778,0.98396784,0.13255717,-1.0,0
1763545337584,1009.6906,0.47736812,1.9639091,10.450653,-0.3163516,-0.67156947,0.09659299,54.15,-38.53125,20.1375,46.950733,0.3361091,49.741684,0.062241394,0.0962922,0.7447689,0.6573987,-0.0017655831,0.114643194,0.98450744,0.132661,-1.0,0
1763545337609,1009.6906,0.023928227,1.7802601,10.573883,-0.09628756,-0.5359575,0.043753188,55.443752,-38.756252,18.31875,46.950733,0.3361091,49.741684,0.06848027,0.08525368,0.74529886,0.65770197,0.009591547,0.10892997,0.9850726,0.13294429,-1.0,0
1763545337634,1009.69916,-0.06520442,2.0578275,9.205189,0.052305296,-0.14424044,0.0075594517,55.74375,-39.46875,17.868752,46.950733,0.3361091,49.741684,0.07100618,0.08333706,0.7451991,0.65779275,0.0127366325,0.10874154,0.9850645,0.1328948,-1.0,0
1763545337659,1009.70795,0.21355942,2.1176481,9.068798,7.63581e-05,-0.057344932,-0.004657844,54.35625,-39.112503,18.0,46.950733,0.3361091,49.741684,0.07280468,0.08242992,0.74503595,0.65789527,0.014721442,0.1089885,0.9850036,0.13293897,-1.0,0
1763545337684,1009.70795,-0.13399807,2.0279171,9.242876,-0.027259842,0.0060322895,0.0032833982,58.031254,-38.8875,19.59375,46.950733,0.3361091,49.741684,0.07260707,0.08227095,0.7450831,0.65788364,0.014642845,0.10874687,0.9850395,0.13287926,-1.0,0
1763545337709,1009.72845,0.0317049,2.115255,9.209376,-0.02573268,0.1984547,0.053527027,56.287502,-38.287502,17.4375,46.950733,0.3361091,49.741684,0.072006196,0.082919754,0.74547267,0.6574267,0.01376416,0.1089547,0.98513204,0.13211478,-1.0,0
1763545337734,1009.72845,0.16390835,2.1750758,9.667004,-0.04344776,0.29130614,0.058413945,54.656254,-38.34375,17.75625,46.950733,0.3361091,49.741684,0.070510015,0.08395622,0.7459714,0.65689147,0.011968749,0.10898192,0.98521954,0.13161366,-1.0,0
1763545337759,1009.7585,0.317049,2.1996021,9.503694,0.010308343,0.24060437,0.014431681,55.275,-38.90625,18.50625,46.950733,0.3361091,49.741684,0.06666388,0.086959094,0.7468239,0.65593296,0.0071272226,0.10933966,0.98536617,0.13056631,-1.0,0
1763545337784,1009.7756,-0.01375873,2.3976083,9.431311,0.0009926553,0.22548546,-0.03459022,55.706253,-38.23125,18.4125,46.950733,0.3361091,49.741684,0.06489552,0.08858257,0.746904,0.6558019,0.0047671217,0.10970676,0.9853455,0.13052209,-1.0,0
1763545337810,1009.7756,0.06759724,2.5902305,9.472587,-0.024205517,0.14485131,-0.06223185,55.725002,-38.23125,17.34375,46.950733,0.3361091,49.741684,0.06333259,0.09005002,0.7468253,0.65584445,0.002653282,0.110058986,0.9853026,0.1306092,-1.0,0
1763545337834,1009.80316,0.39720857,2.6793633,9.829716,-0.012140937,0.060704686,-0.1344666,57.468754,-39.787502,16.462502,46.950733,0.3361091,49.741684,0.061766382,0.091235854,0.74574095,0.65706265,0.0007324631,0.11017499,0.98502916,0.13258407,-1.0,0
1763545337860,1009.83905,0.19740787,2.784049,9.877572,0.03611738,-0.058261227,-0.20441063,57.037502,-39.7125,17.1375,46.950733,0.3361091,49.741684,0.062427174,0.091256104,0.74437994,0.65853906,0.001268593,0.11055867,0.98471934,0.1345474,-1.0,0
1763545337885,1009.83905,-0.013160525,2.62373,9.64487,0.14500403,-0.2494619,-0.10651954,56.11875,-39.693752,19.85625,46.950733,0.3361091,49.741684,0.06449692,0.09079371,0.7427313,0.6602627,0.003262212,0.111322545,0.98428595,0.13703212,-1.0,0
1763545337910,1009.872,0.31345975,2.9635108,9.416355,0.06406444,-0.15294527,-0.046807513,57.16875,-39.581253,19.425001,46.950733,0.3361091,49.741684,0.06891904,0.08991979,0.7413096,0.6615321,0.0074408054,0.11304884,0.9837893,0.13900779,-1.0,0
1763545337935,1009.872,-0.008374879,2.6434708,9.474381,-0.017791437,-0.056428634,-0.00160352,57.225002,-37.8375,19.3125,46.950733,0.3361091,49.741684,0.06932491,0.08950945,0.7412725,0.6615868,0.008012674,0.112932205,0.98378086,0.13913068,-1.0,0
1763545337961,1009.89764,0.2428715,2.7601209,9.996614,0.029397868,0.03565923,0.017791437,53.775,-38.193752,20.325,46.950733,0.3361091,49.741684,0.06893643,0.08977811,0.74142426,0.661421,0.0075384215,0.112940304,0.9838175,0.13889122,-1.0,0
1763545337985,1009.90497,0.071186475,2.7918258,9.836894,0.061162837,0.017027855,0.009544762,56.737503,-37.3875,19.2,46.950733,0.3361091,49.741684,0.06903712,0.090214916,0.7415392,0.6612221,0.0073996023,0.11335828,0.98377866,0.13883355,-1.0,0
1763545338010,1009.90497,-0.2865405,2.8175488,9.83809,0.07612903,0.038560838,0.04619665,56.062504,-38.456253,19.78125,46.950733,0.3361091,49.741684,0.06945286,0.090789504,0.74155855,0.6610783,0.0074311434,0.1140667,0.98370963,0.13874067,-1.0,0
1763545338035,1009.915,-0.50189453,2.8516464,9.873982,0.13752094,0.07551816,0.12163845,56.025,-38.081253,18.525002,46.950733,0.3361091,49.741684,0.070835896,0.09448416,0.7423773,0.65949297,0.00656554,0.117906205,0.98347324,0.13724224,-1.0,0
1763545338060,1009.91815,-0.5347959,3.2159536,9.44806,0.32001677,0.06207913,0.20624322,55.3875,-39.018753,18.337502,46.950733,0.3361091,49.741684,0.07221061,0.09765569,0.74327207,0.657872,0.005911127,0.12130979,0.9833638,0.13507243,-1.0,0
1763545338086,1009.91815,-0.45583272,3.324827,9.357731,0.32933247,0.020234896,0.19387321,54.412502,-39.487503,18.618752,46.950733,0.3361091,49.741684,0.07708262,0.10512941,0.7449675,0.6542396,0.0057724137,0.13023289,0.98280644,0.13075756,-1.0,0
1763545338111,1009.9152,-0.40378883,3.342175,9.379865,0.33757916,-0.0184023,0.1720348,54.675003,-40.350002,19.725,46.950733,0.3361091,49.741684,0.08007121,0.10844042,0.7455705,0.6526514,0.0064228745,0.13464572,0.9824246,0.12911701,-1.0,0
1763545338137,1009.9272,-0.24107689,3.4474592,9.342177,0.39897105,0.018707734,0.102396205,57.750004,-41.25,17.1375,46.950733,0.3361091,49.741684,0.08356355,0.1117409,0.74598336,0.6511835,0.007512599,0.13932858,0.9819383,0.12778218,-1.0,0
1763545338162,1009.9272,-0.50428736,3.5210385,8.742776,0.29924738,0.09674571,0.07429643,55.050003,-39.80625,20.268751,46.950733,0.3361091,49.741684,0.086712524,0.1154318,0.74611944,0.64997095,0.008119003,0.14414454,0.98134804,0.126935,-1.0,0
1763545338187,1009.9191,-0.65982085,3.6023946,8.539386,0.12255475,0.1392008,0.067576915,55.725002,-40.74375,21.1875,46.950733,0.3361091,49.741684,0.087972276,0.12025953,0.74667716,0.6482838,0.00649143,0.14886011,0.9808743,0.12523638,-1.0,0
1763545338213,1009.9191,-0.8703892,3.7214375,8.815159,-0.09231694,0.04848739,0.05856666,56.756252,-40.125,19.800001,46.950733,0.3361091,49.741684,0.08715913,0.121142626,0.7471051,0.64773583,0.0053051,0.14914459,0.9809431,0.124412104,-1.0,0
1763545338238,1009.91595,-0.6975078,3.690929,9.092726,-0.11980586,0.031841327,0.04940369,53.9625,-40.162502,19.800001,46.950733,0.3361091,49.741684,0.08547727,0.12055654,0.74802506,0.6470071,0.004203748,0.14772466,0.98132694,0.12311452,-1.0,0
1763545338263,1009.915,-0.7405786,3.676572,9.190832,-0.106977694,0.12851068,0.044516772,54.05625,-42.54375,21.150002,46.950733,0.3361091,49.741684,0.08399422,0.1207813,0.74850357,0.64660597,0.0028486832,0.14708853,0.9814995,0.12253797,-1.0,0
1763545338288,1009.915,-0.96490574,3.7046876,9.099904,-0.041920595,0.18852814,0.13858995,54.131252,-40.03125,21.0,46.950733,0.3361091,49.741684,0.082254045,0.12146959,0.7491906,0.64590466,0.00097514235,0.14669573,0.9817183,0.12127914,-1.0,0
1763545338313,1009.91327,-1.0097711,3.7328033,8.857033,0.031841327,0.13981168,0.20899211,56.756252,-39.393753,20.23125,46.950733,0.3361091,49.741684,0.080826335,0.12250174,0.75021744,0.64469695,-0.0007939859,0.14676152,0.9819089,0.11964674,-1.0,0
1763545338338,1009.9067,-0.92662054,3.9056847,8.549556,0.06956223,0.026648976,0.2769508,52.893753,-40.29375,21.0,46.950733,0.3361091,49.741684,0.08093371,0.124511905,0.75316334,0.6408522,-0.0018600909,0.14849249,0.98225456,0.11455354,-1.0,0
1763545338363,1009.9067,-0.62512493,4.0815573,8.426923,0.06314815,-0.069867656,0.30077454,54.99375,-39.3375,21.1875,46.950733,0.3361091,49.741684,0.08234358,0.124631755,0.7548507,0.6386602,-0.000743331,0.14937532,0.98243195,0.11186555,-1.0,0
1763545338388,1009.90424,-0.18125631,4.2131624,8.656634,0.08223767,-0.14133884,0.20517421,53.7,-41.34375,22.050001,46.950733,0.3361091,49.741684,0.08421898,0.12438007,0.75628024,0.6367708,0.00095933495,0.15020758,0.9825689,0.10952217,-1.0,0
1763545338414,1009.90424,-0.2865405,4.238287,8.677571,0.077961616,-0.19036074,0.16149737,53.156254,-39.75,20.325,46.950733,0.3361091,49.741684,0.08853551,0.12376579,0.7579962,0.63425964,0.0049055493,0.15209353,0.9825905,0.106580496,-1.0,0
1763545338439,1009.903,-0.3481557,4.1294136,8.7266245,0.06360629,-0.2277762,0.13080142,52.95,-40.03125,20.98125,46.950733,0.3361091,49.741684,0.09093079,0.12300217,0.7584881,0.6334808,0.007312625,0.15278895,0.98257333,0.10560176,-1.0,0
1763545338464,1009.9057,-0.44147578,4.258028,8.89113,-0.081779525,-0.13889538,0.09109521,51.750004,-40.912502,21.46875,46.950733,0.3361091,49.741684,0.09272432,0.12204733,0.75893754,0.63286686,0.009336959,0.15299076,0.98260444,0.104857765,-1.0,0
1763545338489,1009.9057,-0.48993045,4.3178487,9.570094,-0.06513346,-0.051999863,0.06101012,52.687504,-39.300003,19.725,46.950733,0.3361091,49.741684,0.09369424,0.120295316,0.75978094,0.63204694,0.011129757,0.15207137,0.9828415,0.10379318,-1.0,0
1763545338514,1009.90936,-0.6305088,4.330411,9.815957,0.044516772,-0.03642281,0.036728244,53.250004,-39.2625,21.35625,46.950733,0.3361091,49.741684,0.0943635,0.12067101,0.75987774,0.63175935,0.011465189,0.1527564,0.9827708,0.10341931,-1.0,0
1763545338539,1009.9206,-0.80757767,4.4398823,9.456435,0.15172353,-0.11568252,0.024358233,51.956253,-39.768753,22.143751,46.950733,0.3361091,49.741684,0.09590904,0.1214277,0.75975764,0.631526,0.0123229055,0.15424454,0.9825463,0.10324485,-1.0,0
1763545338564,1009.9206,-0.6011967,4.4596233,9.51147,0.13523018,-0.116598815,0.013362667,52.781254,-40.18125,21.150002,46.950733,0.3361091,49.741684,0.0977702,0.122185044,0.7595652,0.631326,0.013427697,0.15590988,0.98228997,0.10304448,-1.0,0
1763545338589,1009.92816,-0.5563313,4.510471,9.645468,0.098272875,-0.10911572,-0.03978257,51.487503,-39.9375,21.900002,46.950733,0.3361091,49.741684,0.101004526,0.12321412,0.7588119,0.6315226,0.015470283,0.15856954,0.9818219,0.103160575,-1.0,0
1763545338614,1009.92816,-0.6795616,4.4464626,9.786645,0.057344932,-0.10560325,-0.06879865,51.975002,-38.381252,20.5125,46.950733,0.3361091,49.741684,0.10210772,0.12338334,0.75817066,0.6320821,0.016254371,0.15932745,0.9816252,0.10374248,-1.0,0
1763545338639,1009.935,-0.76749784,4.0923247,10.236495,-0.13355032,-0.07276927,0.005726857,51.300003,-40.21875,21.768751,46.950733,0.3361091,49.741684,0.1026758,0.12300344,0.7576871,0.6326437,0.016923912,0.15932906,0.9815447,0.10439272,-1.0,0
1763545338664,1009.95355,-0.5736792,3.8955152,11.103295,-0.1589012,0.033826638,0.11384992,51.787502,-39.28125,20.587502,46.950733,0.3361091,49.741684,0.1012121,0.120950595,0.7586548,0.6321156,0.01676079,0.15681839,0.98211324,0.10286242,-1.0,0
1763545338689,1009.95355,-0.039481573,3.8973098,11.617752,-0.021303909,0.10529782,0.19478951,50.756252,-40.0125,21.675001,46.950733,0.3361091,49.741684,0.10051137,0.12130251,0.75996214,0.6305875,0.015973456,0.15672168,0.98235494,0.10080671,-1.0,0
1763545338714,1009.9555,1.3256238,3.5826538,10.01516,0.1476002,0.032604907,-0.030772313,53.718754,-39.206253,20.53125,46.950733,0.3361091,49.741684,0.10094078,0.12285294,0.76083535,0.6291642,0.015486655,0.15824682,0.9822757,0.0992597,-1.0,0
1763545338740,1009.9577,1.1204392,3.5724843,9.505488,-0.11369721,-0.10499238,-0.268246,52.068752,-39.2625,21.6375,46.950733,0.3361091,49.741684,0.10183086,0.123995446,0.7605334,0.62916183,0.015618017,0.15968868,0.9820062,0.09959641,-1.0,0
1763545338765,1009.9577,0.59581286,3.0520453,10.488938,-0.2738965,-0.049098257,-0.41241008,52.66875,-38.568752,20.456251,46.950733,0.3361091,49.741684,0.10022203,0.12063662,0.7567249,0.6346414,0.0162359,0.15599374,0.98183215,0.10680827,-1.0,0
1763545338790,1009.9538,0.030508488,2.2241287,11.212169,-0.075976305,0.15340342,-0.40813404,51.975002,-39.768753,21.375,46.950733,0.3361091,49.741684,0.0980211,0.12115357,0.7544886,0.63754267,0.014093441,0.15520214,0.98160446,0.110301055,-1.0,0
1763545338815,1009.9538,-0.050847482,1.541576,9.503095,0.3427715,-0.12759438,-0.20150901,52.518753,-39.225002,22.050001,46.950733,0.3361091,49.741684,0.09770021,0.123752296,0.75250125,0.63943875,0.012345223,0.15718639,0.98103327,0.1127551,-1.0,0
1763545338841,1009.9472,0.6843473,1.4889339,9.009576,0.2957349,-0.34109163,-0.1512654,53.156254,-38.381252,20.25,46.950733,0.3361091,49.741684,0.10421622,0.12516351,0.74918085,0.64202887,0.016939295,0.1619876,0.9797406,0.11653915,-1.0,0
1763545338867,1009.9445,1.7820547,1.7724833,9.070593,-0.026801692,-0.23968807,-0.26671883,52.518753,-39.225002,22.050001,46.950733,0.3361091,49.741684,0.107651755,0.12366053,0.7475081,0.6437009,0.020655284,0.16264744,0.97926277,0.11901072,-1.0,0
1763545338893,1009.9445,1.7162521,2.0548365,9.190233,-0.17310381,0.012751802,-0.37438375,55.068752,-37.350002,22.9125,46.950733,0.3361091,49.741684,0.108996905,0.12174231,0.7457073,0.6459251,0.022901664,0.16179317,0.9789575,0.12223258,-1.0,0
1763545338918,1009.9389,0.90029955,2.321038,9.54497,-0.1598175,0.2334267,-0.40813404,54.281254,-39.375,18.7875,46.950733,0.3361091,49.741684,0.10447302,0.12087777,0.741571,0.6515722,0.01971509,0.15854767,0.97858375,0.12979886,-1.0,0
1763545338943,1009.9167,-0.025124637,2.492723,9.455238,0.07246383,0.29833108,-0.0834594,52.275,-40.36875,22.462502,46.950733,0.3361091,49.741684,0.102375895,0.12340148,0.73989415,0.6533359,0.016569713,0.15948103,0.978169,0.13219923,-1.0,0
1763545338968,1009.9167,0.14057833,3.1022944,7.717451,0.57520556,0.055206906,0.10575596,54.281254,-39.9,21.45,46.950733,0.3361091,49.741684,0.10318486,0.12725456,0.7391042,0.65336365,0.015083508,0.1631359,0.97754246,0.13255134,-1.0,0
1763545338993,1009.8918,0.92243314,3.6616168,6.735796,0.6095667,0.0012980876,0.14118612,53.831253,-40.068752,21.0375,46.950733,0.3361091,49.741684,0.11090514,0.13586651,0.7392075,0.6502405,0.01674828,0.1745828,0.97586983,0.13007082,-1.0,0
1763545339018,1009.8649,1.4033905,4.1162534,5.959923,0.45532334,0.053527027,0.011988222,52.631252,-40.0875,22.40625,46.950733,0.3361091,49.741684,0.11392608,0.13950658,0.7387351,0.64948386,0.01731832,0.17927998,0.9749987,0.13013953,-1.0,0
1763545339043,1009.8649,1.0360922,4.3764725,6.072386,-0.045891218,0.14790563,-0.3333031,53.437504,-39.61875,23.0625,46.950733,0.3361091,49.741684,0.114700094,0.14199723,0.7375023,0.6502085,0.016716056,0.18176882,0.97427654,0.13215846,-1.0,0
1763545339068,1009.85443,0.5180461,4.3944187,7.059425,-0.18761185,0.06284271,-0.41958773,53.5875,-40.48125,22.0125,46.950733,0.3361091,49.741684,0.1134636,0.1431221,0.7356179,0.6523101,0.015171191,0.18201032,0.97379357,0.13552938,-1.0,0
1763545339093,1009.85443,0.034695927,4.351348,8.036893,-0.17951788,-0.029397868,-0.43562296,53.98125,-41.550003,20.493752,46.950733,0.3361091,49.741684,0.11044332,0.14201273,0.7307021,0.65856594,0.013379582,0.17940548,0.9730801,0.14404789,-1.0,0
1763545339118,1009.8632,-0.38285163,4.360321,9.600004,0.021456625,-0.082848534,-0.29710937,55.237503,-40.29375,21.375,46.950733,0.3361091,49.741684,0.11018019,0.1411929,0.728302,0.6614387,0.013607165,0.17857757,0.972677,0.14773066,-1.0,0
1763545339143,1009.88544,-0.4779663,4.282554,9.938589,0.15691589,0.015806125,-0.22991423,55.406254,-40.800003,23.081251,46.950733,0.3361091,49.741684,0.11060221,0.14129387,0.7262573,0.6635913,0.013906738,0.17889495,0.97216237,0.15067679,-1.0,0
1763545339169,1009.88544,-0.7196414,4.205984,9.848858,0.2361756,0.058413945,-0.1295797,54.6375,-39.61875,22.0125,46.950733,0.3361091,49.741684,0.11217648,0.1451492,0.7234452,0.6655639,0.013050342,0.18297961,0.9709403,0.1536982,-1.0,0
1763545339193,1009.8979,-0.8009974,4.418347,9.579067,0.1625664,-0.014431681,-0.033063058,53.737503,-39.600002,23.025002,46.950733,0.3361091,49.741684,0.1132842,0.14641017,0.72295636,0.66563123,0.013241963,0.18464532,0.97059774,0.15385321,-1.0,0
1763545339218,1009.9394,-0.66341007,4.506881,10.733006,-0.19784383,0.020998476,0.05016727,53.437504,-41.11875,22.6875,46.950733,0.3361091,49.741684,0.1137724,0.14573823,0.7229868,0.6656622,0.014028086,0.18435565,0.9706341,0.15390156,-1.0,0
1763545339244,1009.9394,-0.97926265,4.5744786,11.642877,-0.22334744,0.20609051,0.1550833,54.43125,-40.518753,23.15625,46.950733,0.3361091,49.741684,0.10972235,0.14428164,0.7250947,0.6643654,0.011411652,0.1809032,0.9717136,0.15138209,-1.0,0
1763545339269,1009.9733,-1.1060823,4.9046884,12.310474,-0.1107956,0.28275403,0.32352927,55.781254,-39.75,21.28125,46.950733,0.3361091,49.741684,0.10739124,0.145119,0.7275926,0.6618283,0.008934658,0.18031244,0.97244674,0.14749548,-1.0,0
1763545339296,1009.9733,0.13579269,4.7545385,12.147164,0.27053675,-0.058108512,0.37041312,54.99375,-39.3375,21.1875,46.950733,0.3361091,49.741684,0.10718394,0.1466555,0.73037374,0.65845114,0.007886866,0.18147735,0.97290796,0.14301692,-1.0,0
1763545339321,1009.9865,0.20518455,4.0390844,11.610574,0.32551455,-0.18409938,0.25725043,53.568752,-40.48125,22.63125,46.950733,0.3361091,49.741684,0.11372348,0.14846501,0.73328364,0.6536973,0.012360571,0.18660681,0.9726683,0.13762814,-1.0,0
1763545339346,1009.9726,-0.4127619,3.153142,11.096715,0.43485937,0.11094832,0.26015204,53.98125,-39.1875,22.050001,46.950733,0.3361091,49.741684,0.11589497,0.15173627,0.7344538,0.6512466,0.012309947,0.1905361,0.97231543,0.13471149,-1.0,0
1763545339371,1009.9726,-0.71306115,2.818147,8.126026,0.45150542,0.084375694,0.34124434,54.487503,-41.006252,22.575,46.950733,0.3361091,49.741684,0.117235094,0.15733954,0.7361898,0.6477073,0.010230091,0.1959468,0.97185636,0.13036637,-1.0,0
1763545339396,1009.92596,-0.20338993,2.7074788,7.496115,0.11369721,-0.25694498,0.17921245,54.73125,-41.98125,22.743752,46.950733,0.3361091,49.741684,0.11975287,0.16065986,0.7377221,0.6446811,0.010399642,0.20011047,0.97150445,0.12659673,-1.0,0
1763545339422,1009.9108,-0.40977088,2.4532413,8.212766,-0.24671301,-0.26992586,-0.0040469794,54.525,-40.987503,20.868752,46.950733,0.3361091,49.741684,0.12272851,0.15604143,0.7384197,0.6444572,0.0153326625,0.1979296,0.9720277,0.12550242,-1.0,0
1763545339447,1009.9108,-1.7431713,1.7892331,9.71486,-0.30062184,0.20502149,0.07047852,50.643753,-41.04375,24.056252,46.950733,0.3361091,49.741684,0.119680084,0.15325058,0.73876065,0.645309,0.01426364,0.19392164,0.9728398,0.12559336,-1.0,0
1763545339472,1009.8837,-1.8370895,1.9758734,9.412168,-0.10621411,0.19723296,0.2409098,52.050003,-39.9,23.681252,46.950733,0.3361091,49.741684,0.11587374,0.15215157,0.7398901,0.64496964,0.011573087,0.19090022,0.9736797,0.123979926,-1.0,0
1763545339497,1009.8747,-1.5050855,2.289333,8.787043,0.030161448,0.08575014,0.3681224,51.487503,-39.7125,24.825,46.950733,0.3361091,49.741684,0.11322037,0.15260035,0.74408805,0.6404899,0.008825493,0.18980998,0.9748548,0.11641445,-1.0,0
1763545339522,1009.8747,-0.948156,2.5543382,8.355737,0.11339177,0.052458014,0.44050986,50.8875,-39.9,23.6625,46.950733,0.3361091,49.741684,0.113894396,0.15323421,0.7466947,0.63717693,0.008918205,0.19071738,0.9752361,0.111632876,-1.0,0
1763545339547,1009.85565,-0.33080772,3.1375887,7.73779,0.2635118,0.09674571,0.45639235,51.15,-39.99375,24.093752,46.950733,0.3361091,49.741684,0.11496634,0.15458855,0.74935275,0.6335264,0.009016101,0.19244114,0.9754222,0.10694229,-1.0,0
1763545339573,1009.85565,-0.06759724,3.4007993,7.376474,0.2748128,0.049709123,0.40645415,51.487503,-40.4625,24.393751,46.950733,0.3361091,49.741684,0.11845474,0.15845734,0.7539488,0.6264351,0.009659755,0.19760299,0.97531796,0.09805401,-1.0,0
1763545339597,1009.83905,0.12921242,3.598207,7.2903323,0.2192241,-0.023441937,0.30932665,49.95,-40.987503,23.19375,46.950733,0.3361091,49.741684,0.12053599,0.15960418,0.7554472,0.62393683,0.010755219,0.19971666,0.97515905,0.095196865,-1.0,0
1763545339622,1009.83856,-0.07716853,3.6616168,8.193623,0.14317143,-0.04619665,0.12851068,52.4625,-41.5875,22.96875,46.950733,0.3361091,49.741684,0.12243095,0.1600317,0.7562949,0.62242955,0.0121195465,0.20112833,0.9750048,0.09362766,-1.0,0
1763545339647,1009.83856,-0.33320054,3.7226338,8.576474,0.20899211,0.012904518,0.1419497,50.531254,-40.93125,23.90625,46.950733,0.3361091,49.741684,0.12387519,0.16066255,0.7567888,0.62138015,0.012964045,0.2024585,0.97482836,0.09247764,-1.0,0
1763545339672,1009.84735,-0.3894319,3.8823547,8.72124,0.3180315,0.026190827,0.17463097,49.143753,-40.4625,24.956251,46.950733,0.3361091,49.741684,0.12713973,0.16443336,0.7578912,0.61838347,0.01348591,0.20741495,0.9741021,0.08900736,-1.0,0
1763545339697,1009.8571,-0.07956135,4.121637,8.620742,0.37927067,-0.06131555,0.16058108,49.66875,-40.65,25.66875,46.950733,0.3361091,49.741684,0.13010666,0.16669308,0.75815696,0.6168337,0.014662464,0.21094865,0.9734643,0.08748114,-1.0,0
1763545339723,1009.8571,0.85483587,4.2538404,8.532805,0.020540329,-0.2164752,-0.18425208,50.025,-41.86875,25.406252,46.950733,0.3361091,49.741684,0.13339579,0.16766064,0.7576142,0.61653554,0.01686899,0.21358833,0.97283924,0.08763124,-1.0,0
1763545339748,1009.8808,0.421735,4.5152564,9.322437,-0.30627233,-0.082848534,-0.3577377,49.350002,-40.93125,24.6375,46.950733,0.3361091,49.741684,0.13337675,0.16437341,0.75447017,0.6212623,0.018795442,0.21084283,0.97282857,0.093790114,-1.0,0
1763545339773,1009.8808,-0.47676992,4.690531,10.890334,-0.45181087,0.075670876,-0.3965276,50.175003,-41.9625,24.150002,46.950733,0.3361091,49.741684,0.12945387,0.16207433,0.75288445,0.62461084,0.016761625,0.20674971,0.9734144,0.09714927,-1.0,0
1763545339798,1009.9145,-0.276371,4.5481577,12.492329,0.010766491,-0.046807513,-0.13782637,49.987503,-40.5,26.1,46.950733,0.3361091,49.741684,0.12645382,0.1607232,0.7518439,0.6268239,0.014936986,0.20395932,0.9738334,0.09912633,-1.0,0
1763545339823,1009.94183,0.59641105,4.5523453,11.769696,0.19830199,-0.13843723,-0.16058108,51.375004,-39.600002,23.8875,46.950733,0.3361091,49.741684,0.1284032,0.16115862,0.74954104,0.6290698,0.016219558,0.20541763,0.97322506,0.1018503,-1.0,0
1763545339849,1009.94183,0.98644114,4.3184466,10.953744,0.21494804,-0.027565273,-0.31039566,52.237503,-40.3875,24.618752,46.950733,0.3361091,49.741684,0.12955339,0.16266672,0.7473364,0.63106555,0.01635977,0.20730872,0.9724993,0.10488345,-1.0,0
1763545339874,1009.9333,-0.025722843,3.0323045,9.4636135,-0.013515383,0.026954409,-0.53458303,51.2625,-41.60625,24.7875,46.950733,0.3361091,49.741684,0.12875324,0.16486837,0.74447495,0.6340332,0.014490657,0.20868397,0.9717746,0.109064996,-1.0,0
1763545339900,1009.93207,-0.19621146,2.364707,9.851849,-0.19982915,-0.2926806,-0.497473,53.41875,-41.1375,23.775002,46.950733,0.3361091,49.741684,0.12752174,0.16536312,0.7412903,0.63787305,0.013176672,0.20840617,0.97129196,0.11395271,-1.0,0
1763545339925,1009.93207,0.08255238,1.7318054,10.633704,-0.2587776,-0.37148213,-0.36659524,52.3875,-40.256252,25.518751,46.950733,0.3361091,49.741684,0.12743568,0.15825482,0.73597246,0.64580196,0.016999584,0.20247334,0.9713708,0.12310282,-1.0,0
1763545339950,1009.9323,0.44985065,1.6642082,10.000204,-0.0043524117,0.23174682,0.005268709,53.775,-39.35625,24.093752,46.950733,0.3361091,49.741684,0.12649402,0.15593648,0.7350483,0.647601,0.017497793,0.20002687,0.9716244,0.12501667,-1.0,0
1763545339975,1009.9323,0.45403808,2.2965117,8.610572,0.10713041,0.26962045,0.13843723,53.025,-41.662502,23.212502,46.950733,0.3361091,49.741684,0.12452877,0.15674764,0.7354778,0.6472984,0.015390292,0.19960055,0.9718264,0.124403715,-1.0,0
1763545340001,1009.9028,0.70169526,2.800799,7.417152,0.09812015,0.12728895,0.20166174,52.331253,-40.74375,23.400002,46.950733,0.3361091,49.741684,0.123439424,0.15965632,0.7378789,0.6440553,0.012873428,0.20139939,0.9719909,0.12044224,-1.0,0
1763545340026,1009.8754,1.3770695,3.501896,7.5379896,-0.030161448,-0.060093824,-0.0035888306,51.112503,-41.5125,26.04375,46.950733,0.3361091,49.741684,0.12427012,0.15903662,0.73886824,0.64291376,0.013960337,0.20134749,0.9721407,0.11919198,-1.0,0
1763545340052,1009.8754,0.9804591,3.362514,7.752745,0.06818778,0.05780308,-0.1625664,53.756252,-41.7,22.837502,46.950733,0.3361091,49.741684,0.124836296,0.15825732,0.73886573,0.6429992,0.01494431,0.2010128,0.9721398,0.119644225,-1.0,0
1763545340077,1009.8481,0.16271193,3.4133615,7.103692,0.15248711,0.13645191,-0.21296273,52.48125,-42.09375,23.925001,46.950733,0.3361091,49.741684,0.124633886,0.16123009,0.736483,0.6450303,0.013176451,0.20335959,0.971263,0.12296133,-1.0,0
1763545340102,1009.8112,-0.4336991,3.7268212,6.4719872,0.083612114,0.108657576,-0.18012875,52.612503,-40.725002,24.750002,46.950733,0.3361091,49.741684,0.12419166,0.16287296,0.7353318,0.6460155,0.01186253,0.20447604,0.9708769,0.12428571,-1.0,0
1763545340127,1009.8112,-0.8105687,3.9924245,7.1509504,-0.18654284,0.0240528,-0.04925097,51.881252,-42.16875,24.45,46.950733,0.3361091,49.741684,0.12314037,0.16320361,0.7346568,0.64690053,0.010797924,0.20416264,0.9708174,0.12535791,-1.0,0
1763545340152,1009.8073,-0.61854464,3.9870408,7.986644,-0.20181446,0.016722424,0.05459604,52.593754,-41.7,22.800001,46.950733,0.3361091,49.741684,0.12049385,0.1611416,0.7352636,0.64722645,0.009672542,0.20097718,0.9715554,0.1248787,-1.0,0
1763545340177,1009.8266,-0.34456646,4.025924,9.180662,-0.07750347,-0.0005345067,0.14256057,51.225002,-41.850002,24.0375,46.950733,0.3361091,49.741684,0.12025099,0.16047938,0.7362642,0.646298,0.009829313,0.20029306,0.9718728,0.12348829,-1.0,0
1763545340202,1009.8266,-0.6867401,4.2628136,10.05823,0.33589926,-0.100869045,0.349491,52.031254,-41.5125,23.625,46.950733,0.3361091,49.741684,0.121814035,0.16110373,0.73736554,0.64459205,0.010738429,0.20168729,0.9718528,0.12128123,-1.0,0
1763545340227,1009.84906,-0.4546363,4.4279184,9.890733,0.3748419,-0.09445497,0.46922052,52.125004,-40.893753,24.656252,46.950733,0.3361091,49.741684,0.1250661,0.16249876,0.73888165,0.64187735,0.012589709,0.20466772,0.97162503,0.11788715,-1.0,0
1763545340252,1009.84906,0.01794617,4.718048,9.8428755,0.30367616,-0.0112246405,0.50342894,51.131252,-42.24375,24.075,46.950733,0.3361091,49.741684,0.13151021,0.16556709,0.7436597,0.634242,0.016154712,0.21082321,0.9713349,0.10863313,-1.0,0
1763545340277,1009.873,0.567099,4.8933225,10.77847,0.12011129,0.2673297,0.23632832,51.750004,-41.41875,24.112501,46.950733,0.3361091,49.741684,0.13279983,0.16682032,0.7459027,0.6310026,0.016563574,0.21258049,0.9713565,0.104889296,-1.0,0
1763545340303,1009.9028,-0.38883367,4.9531426,10.959127,0.17600541,0.5142718,0.22243114,52.575,-41.081253,22.612501,46.950733,0.3361091,49.741684,0.13214782,0.16887979,0.74752015,0.6286734,0.014906999,0.2139187,0.9713738,0.102222726,-1.0,0
1763545340328,1009.9028,-0.7926225,5.131408,10.286744,0.14317143,0.29695663,0.31955865,51.2625,-42.3375,23.90625,46.950733,0.3361091,49.741684,0.12903209,0.17547902,0.7512739,0.6230132,0.008553614,0.21764421,0.97134733,0.095090225,-1.0,0
1763545340353,1009.9162,0.101694964,5.014758,10.540383,-0.06101012,-0.25083634,0.27557638,51.187504,-42.61875,25.0125,46.950733,0.3361091,49.741684,0.13100275,0.17323007,0.7527093,0.6214968,0.011409664,0.21688753,0.9717023,0.09286712,-1.0,0
1763545340378,1009.94183,0.005383851,3.397808,12.024532,-0.10713041,0.077961616,0.044516772,48.881252,-41.850002,23.98125,46.950733,0.3361091,49.741684,0.1323213,0.1694901,0.7534233,0.62138355,0.014630235,0.21452686,0.97221607,0.09252068,-1.0,0
1763545340403,1009.94183,-0.66699934,2.9760733,10.968101,0.022525638,0.28596106,0.102090776,51.206253,-41.850002,24.50625,46.950733,0.3361091,49.741684,0.13097458,0.16872635,0.75404197,0.6211263,0.013918533,0.21314125,0.97259474,0.09185058,-1.0,0
1763545340428,1009.9267,-0.55513483,3.3493536,10.017552,-0.011377357,-0.03733911,0.11904228,51.112503,-42.46875,22.6875,46.950733,0.3361091,49.741684,0.12891999,0.1695366,0.7557462,0.61926144,0.011598076,0.21266995,0.97303003,0.0885973,-1.0,0
1763545340454,1009.9267,0.2542374,2.8241289,9.794421,-0.23006694,-0.09796744,-0.24503313,49.74375,-42.61875,23.925001,46.950733,0.3361091,49.741684,0.13020042,0.1665075,0.7552982,0.620361,0.014318297,0.21088356,0.9732928,0.08957792,-1.0,0
1763545340479,1009.9174,-0.55752766,2.6135604,9.385248,-0.24549128,0.29909468,-0.2842812,50.943752,-42.61875,22.575,46.950733,0.3361091,49.741684,0.12902312,0.16421436,0.75413597,0.62262803,0.014614533,0.20832604,0.97361034,0.09203053,-1.0,0
1763545340505,1009.8759,-1.0462617,2.5722845,8.711669,-0.15722132,0.4814378,-0.19036074,50.906254,-42.6375,24.73125,46.950733,0.3361091,49.741684,0.11957767,0.16620791,0.75290376,0.62546945,0.0055031423,0.20467927,0.97426635,0.09424024,-1.0,0
1763545340530,1009.8759,-0.7752745,2.8121648,7.2341013,0.06360629,0.13889538,-0.015806125,50.49375,-43.29375,24.0375,46.950733,0.3361091,49.741684,0.11633333,0.16826692,0.7529536,0.6254708,0.0015755167,0.20455982,0.97434825,0.09379925,-1.0,0
1763545340555,1009.82513,-0.9870393,2.8456643,7.0378895,0.10957387,-0.053985175,0.03092503,52.237503,-42.73125,22.44375,46.950733,0.3361091,49.741684,0.11552472,0.16958322,0.75290513,0.62532353,0.00010935684,0.2051936,0.97425145,0.0934326,-1.0,0
1763545340580,1009.788,-0.89072824,2.6602206,7.015756,0.16012293,-0.0891099,0.16577344,51.412502,-42.45,22.66875,46.950733,0.3361091,49.741684,0.11816644,0.17055608,0.75345653,0.6238995,0.0015960418,0.20748527,0.9739725,0.091240585,-1.0,0
1763545340606,1009.788,-0.37627137,3.0149565,6.942177,0.13492475,-0.17997603,0.17554727,50.756252,-42.768753,22.743752,46.950733,0.3361091,49.741684,0.12036224,0.17083083,0.7544764,0.62216955,0.003219,0.20894946,0.97385687,0.089065164,-1.0,0
1763545340631,1009.77606,0.1363909,3.6664026,7.1742806,0.06055197,-0.2022726,0.018555017,52.612503,-42.43125,21.300001,46.950733,0.3361091,49.741684,0.122840405,0.17052272,0.7550999,0.62101233,0.005452099,0.21009056,0.97371507,0.08781329,-1.0,0
1763545340656,1009.7812,-0.3361916,3.723232,7.4458656,-0.040088,-0.18562654,-0.09155336,49.706253,-43.612503,23.0625,46.950733,0.3361091,49.741684,0.12585424,0.16852131,0.75414705,0.62211215,0.009063515,0.21013466,0.97354984,0.089230135,-1.0,0
1763545340682,1009.7812,-0.9882358,3.6610186,8.00459,-0.088651754,-0.16348268,-0.085292,50.5875,-43.65,22.050001,46.950733,0.3361091,49.741684,0.1262652,0.16713083,0.7535485,0.6231285,0.010109442,0.20922098,0.9736609,0.090049244,-1.0,0
1763545340707,1009.79486,-0.6729814,3.7489548,9.720842,0.11415535,-0.32215482,0.07506001,49.8375,-42.99375,23.325,46.950733,0.3361091,49.741684,0.12746635,0.16542892,0.75340277,0.6235141,0.011985254,0.20849642,0.9737906,0.090096906,-1.0,0
1763545340732,1009.79486,-0.15134603,3.867998,9.804591,0.27145302,-0.37728536,0.05093085,50.062504,-42.581253,23.118752,46.950733,0.3361091,49.741684,0.1347154,0.1638061,0.752671,0.6233023,0.018747782,0.21125622,0.9731261,0.08969357,-1.0,0
1763545340757,1009.8134,0.16869399,3.9128633,9.276974,0.2334267,-0.39805475,-0.03489565,48.506252,-43.631252,24.88125,46.950733,0.3361091,49.741684,0.13890691,0.16306697,0.75158215,0.6238897,0.022607593,0.21301377,0.97256625,0.09071353,-1.0,0
1763545340782,1009.84125,0.14416756,4.2592244,9.781859,-0.30382887,-0.019165883,-0.25648686,48.075,-43.66875,23.85,46.950733,0.3361091,49.741684,0.14067689,0.1611269,0.7503473,0.6254815,0.025149137,0.21241322,0.9724519,0.092657655,-1.0,0
1763545340807,1009.84125,-0.5922236,4.47398,10.654641,-0.36980227,0.2164752,-0.29924738,48.225002,-44.4,23.268751,46.950733,0.3361091,49.741684,0.13858825,0.15910779,0.7492476,0.62777865,0.024565555,0.20956747,0.9728409,0.09517674,-1.0,0
1763545340832,1009.86053,-1.2789637,4.674379,11.140384,-0.2720639,0.1711185,-0.21387903,48.281254,-44.775,24.206251,46.950733,0.3361091,49.741684,0.13074102,0.15766601,0.74757123,0.6318112,0.018746616,0.20396164,0.97380954,0.09870765,-1.0,0
1763545340857,1009.88763,0.1477568,4.7341995,11.086546,-0.06849321,-0.16577344,-0.11827869,51.225002,-43.350002,23.5125,46.950733,0.3361091,49.741684,0.12976794,0.15686361,0.7470634,0.6328115,0.018293606,0.20275912,0.97400683,0.09932134,-1.0,0
1763545340883,1009.88763,0.67477596,4.7210393,11.030912,-0.122707464,-0.15294527,-0.24900375,49.893753,-44.2125,21.993752,46.950733,0.3361091,49.741684,0.13033864,0.15549129,0.7462367,0.6340073,0.019506622,0.20195343,0.9740182,0.10061208,-1.0,0
1763545340908,1009.914,0.42652065,4.2335014,11.210374,-0.1164461,0.05108357,-0.34826928,51.187504,-43.59375,22.743752,46.950733,0.3361091,49.741684,0.12889294,0.1536328,0.7428442,0.6387222,0.019406341,0.19959915,0.9738668,0.10661612,-1.0,0
1763545340933,1009.914,-0.11006984,3.702893,10.758729,-0.010461059,0.17692171,-0.3013854,48.99375,-43.443752,24.206251,46.950733,0.3361091,49.741684,0.12700166,0.15486252,0.7412444,0.64065975,0.017120305,0.19954628,0.9736601,0.108968616,-1.0,0
1763545340959,1009.9079,1.1910275,2.7882366,9.549157,-0.037644543,-0.26290092,-0.29237515,48.656254,-43.725002,23.175001,46.950733,0.3361091,49.741684,0.12695098,0.15513943,0.73964983,0.64244324,0.016923128,0.19974585,0.97335345,0.11134744,-1.0,0
1763545340984,1009.9106,1.2879368,2.4526432,9.834501,-0.14912736,-0.32154396,-0.35453063,47.8875,-43.068752,24.45,46.950733,0.3361091,49.741684,0.12904768,0.15009399,0.7353338,0.6481532,0.021574361,0.19676396,0.97298354,0.11883409,-1.0,0
1763545341009,1009.9106,0.9954142,2.179263,10.113863,-0.19265148,-0.10789399,-0.358654,50.79375,-43.256252,23.7,46.950733,0.3361091,49.741684,0.12800317,0.14797178,0.73332196,0.65112096,0.021932006,0.1944208,0.9729899,0.12251575,-1.0,0
1763545341034,1009.9108,0.18664017,2.681756,9.352347,0.002367101,0.34307694,-0.15111268,51.675003,-43.29375,22.987501,46.950733,0.3361091,49.741684,0.1251733,0.14820252,0.73216,0.6529237,0.019456778,0.19301237,0.9730575,0.124606535,-1.0,0
1763545341059,1009.8781,0.19920248,3.0849466,8.59442,0.17432554,0.27939427,-0.10377065,53.04375,-43.143753,22.21875,46.950733,0.3361091,49.741684,0.12241428,0.15026924,0.7316643,0.6535298,0.01599626,0.19315852,0.9730019,0.12530467,-1.0,0
1763545341084,1009.8781,0.25603202,3.3517463,7.728817,0.31879506,0.16058108,-0.12851068,51.881252,-44.5125,22.10625,46.950733,0.3361091,49.741684,0.122133456,0.15654336,0.73003125,0.6539358,0.0121884225,0.19817628,0.97190267,0.12642294,-1.0,0
1763545341109,1009.8183,0.1268196,3.4624143,6.1034923,0.29436046,0.19310963,-0.20288347,51.843754,-44.53125,23.962502,46.950733,0.3361091,49.741684,0.123329066,0.16014773,0.72853255,0.65450966,0.0111277355,0.2018255,0.97099656,0.1277042,-1.0,0
1763545341135,1009.8183,-0.39840496,3.6975093,5.610571,0.14683662,0.21891867,-0.20639594,52.7625,-42.9375,23.94375,46.950733,0.3361091,49.741684,0.1236668,0.16378897,0.7270032,0.655245,0.009326358,0.2050203,0.97016406,0.1290792,-1.0,0
1763545341160,1009.77606,-0.50428736,3.866203,5.6171513,-0.06253728,0.14607304,-0.21861324,54.112503,-44.175003,24.6375,46.950733,0.3361091,49.741684,0.12128314,0.1676767,0.7245275,0.6574457,0.005114349,0.206879,0.9693975,0.1320734,-1.0,0
1763545341185,1009.7607,-0.48993045,3.8494534,6.2811594,-0.24625486,0.09033163,-0.2352593,53.23125,-44.1375,24.88125,46.950733,0.3361091,49.741684,0.118862875,0.16703561,0.72349524,0.6591854,0.003475911,0.20498097,0.9695346,0.1340648,-1.0,0
1763545341210,1009.7607,-0.8811569,3.7507496,8.129017,-0.32062766,0.032604907,-0.13706279,54.693752,-44.23125,23.6625,46.950733,0.3361091,49.741684,0.11592998,0.16565636,0.7227578,0.6608626,0.0018081258,0.20218436,0.969896,0.13572013,-1.0,0
1763545341235,1009.77435,-0.9774681,3.714259,9.124431,-0.23648103,0.017027855,-0.009086614,53.775,-43.818752,22.95,46.950733,0.3361091,49.741684,0.11343257,0.16391252,0.7224032,0.66211736,0.0006983021,0.19933333,0.97033995,0.13677022,-1.0,0
1763545341260,1009.8073,-0.8787641,3.7627137,10.00798,-0.06879865,0.030619597,0.14179699,53.381252,-44.23125,23.325,46.950733,0.3361091,49.741684,0.111160524,0.162027,0.72376096,0.6614837,-0.00025769716,0.19649261,0.97120404,0.13473429,-1.0,0
1763545341285,1009.8073,-0.7052845,4.2388854,10.433903,0.19020802,-0.049098257,0.41928232,54.2625,-44.268753,22.931252,46.950733,0.3361091,49.741684,0.1122445,0.16232018,0.7253802,0.65945196,0.00044330384,0.19734861,0.9714038,0.1320154,-1.0,0
1763545341310,1009.8383,0.13399807,4.423731,10.460224,0.19341506,-0.046043932,0.4473821,54.206253,-42.91875,24.712502,46.950733,0.3361091,49.741684,0.11437362,0.16289099,0.72768897,0.6563946,0.0018005609,0.19902651,0.9716195,0.12783118,-1.0,0
1763545341335,1009.87177,0.74536425,4.529015,10.4159565,0.10300707,0.012904518,0.30596688,51.225002,-45.35625,25.312502,46.950733,0.3361091,49.741684,0.11795301,0.16367224,0.73200226,0.6507466,0.004307636,0.20170017,0.97196674,0.12074432,-1.0,0
1763545341360,1009.87177,-1.1264212,4.9812584,11.067403,-0.050625417,0.578718,0.25541782,52.706253,-44.568752,24.50625,46.950733,0.3361091,49.741684,0.11640576,0.16478175,0.73354614,0.64900446,0.002439814,0.20173591,0.972229,0.11860638,-1.0,0
1763545341385,1009.88934,-1.3244274,5.203791,10.822139,-0.00481056,0.5284744,0.39041895,51.131252,-43.612503,25.237501,46.950733,0.3361091,49.741684,0.112372674,0.16783676,0.7358513,0.64631736,-0.0026608063,0.20196463,0.9726303,0.11486294,-1.0,0
1763545341410,1009.88934,-0.360718,5.131408,11.007583,-0.031688612,-0.060704686,0.36293003,52.781254,-43.331253,26.737501,46.950733,0.3361091,49.741684,0.110074475,0.16999209,0.7410376,0.6401949,-0.005865286,0.20243345,0.9734756,0.10644985,-1.0,0
1763545341435,1009.9108,0.42532423,4.150351,12.065808,-0.01244637,-0.41607526,0.18547381,51.24375,-43.725002,25.837502,46.950733,0.3361091,49.741684,0.11337058,0.16687709,0.7418079,0.6395469,-0.0013697736,0.20173989,0.97373474,0.10554547,-1.0,0
1763545341460,1009.925,-1.1060823,2.8510482,11.224133,0.3343721,0.15706861,0.22090398,49.968754,-44.34375,24.31875,46.950733,0.3361091,49.741684,0.11559693,0.16632366,0.74215925,0.63888454,0.0007546243,0.20254788,0.9736599,0.1046914,-1.0,0
1763545341485,1009.925,-1.1276177,3.1950164,9.489935,0.30596688,0.12698352,0.30703592,54.6375,-44.49375,23.98125,46.950733,0.3361091,49.741684,0.117624074,0.17167173,0.74473226,0.6340878,-0.00080146303,0.20810087,0.97314507,0.09839731,-1.0,0
1763545341510,1009.89325,-0.26261228,3.2913275,8.762517,0.124692775,-0.08269582,0.17295109,53.5875,-43.10625,24.31875,46.950733,0.3361091,49.741684,0.11915954,0.17177758,0.7455026,0.632866,0.00034939876,0.20906079,0.97310865,0.09671087,-1.0,0
1763545341535,1009.89325,-0.9409775,2.5399811,8.377272,-0.15691589,0.1918879,-0.21448989,52.612503,-44.9625,25.612501,46.950733,0.3361091,49.741684,0.11896867,0.17103769,0.7450328,0.633655,0.00060315046,0.20834364,0.9731755,0.09758056,-1.0,0
1763545341561,1009.8586,-1.7174485,2.4047868,7.864012,-0.19249876,0.35743225,-0.16210824,52.218754,-44.23125,22.837502,46.950733,0.3361091,49.741684,0.11605834,0.17119132,0.74421424,0.6351135,-0.0019461,0.20681444,0.97336406,0.09892622,-1.0,0
1763545341587,1009.81366,-1.8927227,2.4382863,7.468598,-0.20105088,0.28107417,-0.04054615,54.112503,-44.925003,24.525002,46.950733,0.3361091,49.741684,0.10795614,0.17258458,0.7442681,0.6361015,-0.0096579455,0.20333886,0.9740951,0.098482125,-1.0,0
1763545341612,1009.81366,-1.1952149,2.7236304,7.1042905,-0.12728895,-0.06467531,0.1503491,53.30625,-43.875,23.475,46.950733,0.3361091,49.741684,0.105936065,0.17213196,0.74509287,0.635598,-0.011169391,0.20180959,0.9745387,0.09706935,-1.0,0
1763545341637,1009.77606,-0.7896315,2.9910283,7.26102,-0.10147991,-0.17905974,0.1758527,53.568752,-44.60625,24.88125,46.950733,0.3361091,49.741684,0.10565707,0.17073472,0.74613774,0.63479507,-0.010676568,0.2004988,0.9749747,0.09544921,-1.0,0
1763545341662,1009.7609,-0.48873404,3.138187,7.571489,-0.05215258,-0.17951788,0.154167,52.725002,-43.18125,23.34375,46.950733,0.3361091,49.741684,0.107713275,0.16715881,0.74802315,0.6331802,-0.007064178,0.19873178,0.9756559,0.09247349,-1.0,0
1763545341687,1009.7609,-0.49471608,3.196811,7.641479,0.016569708,-0.14454588,0.12942697,52.631252,-44.943752,24.525002,46.950733,0.3361091,49.741684,0.10904629,0.16626337,0.74863523,0.632464,-0.0054934868,0.19875719,0.9757653,0.09136455,-1.0,0
1763545341712,1009.7397,-0.84167534,3.4869409,7.615756,-0.04130973,-0.20334162,0.075670876,50.5125,-44.4375,26.56875,46.950733,0.3361091,49.741684,0.11044785,0.16548944,0.74906707,0.63191223,-0.003957954,0.19892164,0.9758304,0.09038572,-1.0,0
1763545341737,1009.7509,-0.83030945,3.4713874,8.168498,-0.105908684,-0.17463097,0.07353285,49.912502,-43.875,25.518751,46.950733,0.3361091,49.741684,0.1123928,0.16219649,0.74975306,0.6316095,-0.00058963965,0.19733092,0.97627,0.089202195,-1.0,0
1763545341762,1009.7509,-0.7692925,3.5706897,8.983852,-0.09644028,-0.12331833,0.09582941,50.718754,-42.787502,24.91875,46.950733,0.3361091,49.741684,0.112739876,0.16070032,0.75033957,0.63123345,0.00048759795,0.19630241,0.9765645,0.08824343,-1.0,0
1763545341787,1009.7785,-0.15074782,3.7184465,9.792028,0.124998204,-0.13293944,0.046043932,50.1375,-43.4625,25.331251,46.950733,0.3361091,49.741684,0.11369891,0.15990064,0.7507866,0.6307328,0.0016711043,0.19619597,0.9766716,0.08727533,-1.0,0
1763545341812,1009.7785,-0.06580263,3.7830527,9.482756,0.18608469,-0.09720386,-0.049861837,53.568752,-43.350002,22.800001,46.950733,0.3361091,49.741684,0.11545318,0.15986176,0.7507419,0.63047713,0.003133164,0.19716847,0.9764879,0.08709875,-1.0,0
1763545341837,1009.7946,-0.13579269,3.6640096,8.996415,0.10560325,-0.08758274,-0.15080725,51.018753,-42.75,25.2,46.950733,0.3361091,49.741684,0.11826161,0.16094571,0.7488822,0.6318909,0.0048282295,0.19966479,0.9757667,0.089386575,-1.0,0
1763545341862,1009.8127,-0.22791636,3.7226338,8.760123,-0.12148573,-0.031688612,-0.24686573,51.787502,-42.65625,23.71875,46.950733,0.3361091,49.741684,0.11737484,0.16013838,0.7475282,0.6338615,0.0045635765,0.19849516,0.9757846,0.09177861,-1.0,0
1763545341888,1009.8127,-1.1491531,4.3645086,10.143773,-0.5310706,0.020540329,-0.3843103,51.318752,-41.98125,25.275002,46.950733,0.3361091,49.741684,0.11423724,0.15800844,0.7460772,0.63667256,0.0031867526,0.19495296,0.9762156,0.094796166,-1.0,0
1763545341913,1009.8483,-1.4267205,4.4321055,10.985449,-0.5446623,-0.08956805,-0.3342194,53.343754,-42.131252,24.750002,46.950733,0.3361091,49.741684,0.10678087,0.15097326,0.74309844,0.64312494,0.0009798813,0.18491653,0.9775347,0.10114749,-1.0,0
1763545341938,1009.88544,-1.0486546,4.4434714,11.508879,-0.50801045,-0.23021966,-0.23449571,54.2625,-41.4,22.462502,46.950733,0.3361091,49.741684,0.104802854,0.1462855,0.74210304,0.64567786,0.0019875427,0.17994203,0.97821563,0.103494644,-1.0,0
1763545341963,1009.88544,0.37387854,4.054638,12.881163,-0.30474517,-0.17188208,-0.24014622,55.36875,-41.04375,22.331251,46.950733,0.3361091,49.741684,0.10392721,0.14115244,0.74119395,0.64800197,0.004187152,0.17523511,0.9788192,0.10577392,-1.0,0
1763545341988,1009.92426,0.19740787,3.4157543,12.806985,0.049098257,0.1532507,-0.2850448,53.343754,-40.987503,21.45,46.950733,0.3361091,49.741684,0.10178802,0.13924009,0.73829854,0.65204805,0.0035679338,0.17244093,0.97874415,0.110956095,-1.0,0
1763545342013,1009.92426,-0.34337005,2.9401808,11.090733,0.41363183,0.19310963,-0.22701262,54.6375,-41.850002,20.4375,46.950733,0.3361091,49.741684,0.10255058,0.14338289,0.73652744,0.65303296,0.0017963961,0.17627265,0.97787124,0.112661205,-1.0,0
1763545342038,1009.90717,0.97806627,2.2642083,8.154141,0.27374378,-0.3617083,-0.21525347,56.156254,-40.5,25.612501,46.950733,0.3361091,49.741684,0.106404625,0.14583275,0.734556,0.6540936,0.0035216569,0.18049024,0.9768817,0.11451238,-1.0,0
1763545342063,1009.8891,1.6959131,2.2402802,8.215756,-0.06971494,-0.28305948,-0.31894776,54.881252,-41.850002,24.112501,46.950733,0.3361091,49.741684,0.110450365,0.14539433,0.7324837,0.6558421,0.007118375,0.18245034,0.97616696,0.117299676,-1.0,0
1763545342088,1009.8891,1.7353946,2.1918256,9.02453,-0.3099375,-0.040088,-0.4482984,55.518753,-40.3875,21.1875,46.950733,0.3361091,49.741684,0.10965622,0.14052308,0.7279461,0.66205984,0.009397235,0.17799696,0.9759188,0.12574261,-1.0,0
1763545342113,1009.88495,1.1796615,2.1750758,9.594621,-0.3511709,0.14072797,-0.48632473,54.375004,-42.2625,22.800001,46.950733,0.3361091,49.741684,0.10585797,0.13896637,0.72553164,0.6656473,0.007222214,0.1745434,0.97595954,0.13032794,-1.0,0
1763545342138,1009.8681,0.17826529,2.8037899,9.291928,-0.046043932,0.08223767,-0.37697992,55.143753,-39.956253,22.59375,46.950733,0.3361091,49.741684,0.10284302,0.13838354,0.72321874,0.66875106,0.0051271208,0.17233804,0.9758069,0.13444057,-1.0,0
1763545342163,1009.8681,0.025722843,3.042474,8.539984,0.091400646,0.05291616,-0.31467173,58.29375,-39.61875,22.237501,46.950733,0.3361091,49.741684,0.101340964,0.13993168,0.7188581,0.67334396,0.0030204433,0.17274764,0.9748509,0.14076516,-1.0,0
1763545342188,1009.8244,-0.06580263,3.2739797,7.6588273,0.16485713,0.07261655,-0.29130614,57.225002,-39.73125,23.1375,46.950733,0.3361091,49.741684,0.10163891,0.14183381,0.7168118,0.6750804,0.0021879615,0.17447782,0.9741569,0.14342614,-1.0,0
1763545342213,1009.8244,-0.20398813,3.618546,6.780661,0.10728313,0.052305296,-0.27053675,56.5875,-41.41875,23.60625,46.950733,0.3361091,49.741684,0.101909496,0.14375985,0.7148517,0.6767087,0.0013111503,0.17621213,0.9734784,0.14590225,-1.0,0
1763545342238,1009.7902,-0.22971097,3.751946,6.966703,0.06436988,0.0041996953,-0.2842812,57.24375,-40.350002,23.00625,46.950733,0.3361091,49.741684,0.102077425,0.14527024,0.7129647,0.67834955,0.00060463266,0.17754683,0.97285306,0.1484376,-1.0,0
1763545342263,1009.7695,-0.49232325,3.940979,7.2502527,0.016111558,-0.030314164,-0.26962045,57.318752,-40.8375,21.806252,46.950733,0.3361091,49.741684,0.10242778,0.14656223,0.70914423,0.6820136,0.00019125848,0.17880689,0.9717829,0.15383762,-1.0,0
1763545342288,1009.7695,-0.8703892,4.0235314,8.59801,-0.009392046,0.022678355,-0.06284271,59.11875,-41.381252,20.71875,46.950733,0.3361091,49.741684,0.10232538,0.14654365,0.7078474,0.68337876,0.00012902345,0.17873307,0.97149026,0.1557597,-1.0,0
1763545342313,1009.7753,-0.65264237,4.1587257,9.156734,0.081779525,0.046043932,0.017333288,58.050003,-40.03125,22.59375,46.950733,0.3361091,49.741684,0.102092616,0.14691702,0.7074346,0.6837608,-0.00029120684,0.1789062,0.97138387,0.15622371,-1.0,0
1763545342338,1009.79095,-0.7639086,4.2406797,9.553943,0.2022726,-0.016111558,0.05780308,56.156254,-39.112503,24.13125,46.950733,0.3361091,49.741684,0.10405171,0.14925735,0.70751625,0.68287355,-2.0062123e-05,0.18194646,0.970941,0.15546407,-1.0,0
1763545342364,1009.79095,-0.9379865,4.2508492,9.829117,0.2966512,-0.08666644,0.13645191,56.456253,-40.6875,22.181252,46.950733,0.3361091,49.741684,0.10681023,0.15072326,0.70787334,0.68175465,0.0014005121,0.18472674,0.970597,0.15432258,-1.0,0
1763545342389,1009.81464,-0.0029910284,4.290331,9.763913,0.21296273,-0.0017562362,0.13003784,55.706253,-40.0125,22.837502,46.950733,0.3361091,49.741684,0.1095795,0.15246536,0.7085789,0.68019307,0.0026713538,0.18773977,0.970286,0.1526162,-1.0,0
1763545342414,1009.81464,-0.054436713,4.284349,10.033704,0.029245151,0.08025236,0.04130973,56.062504,-41.100002,23.493752,46.950733,0.3361091,49.741684,0.11118605,0.15440528,0.70945233,0.67858243,0.0029563366,0.19024876,0.9700201,0.15118738,-1.0,0
1763545342440,1009.85126,-0.79501534,4.5014977,10.6684,-0.08972076,0.24793474,0.07200569,56.1375,-40.8375,22.06875,46.950733,0.3361091,49.741684,0.10904979,0.15536523,0.71032,0.67780185,0.00064757775,0.18981515,0.9702915,0.15001406,-1.0,0
1763545342465,1009.8703,-0.7495517,5.2701917,11.116456,-0.08849903,0.2248746,0.22212571,57.16875,-40.74375,22.725,46.950733,0.3361091,49.741684,0.10614518,0.15704802,0.71207064,0.6760359,-0.0027218538,0.18953487,0.97073716,0.14743997,-1.0,0
1763545342490,1009.8703,-0.011365907,4.858028,11.469398,-0.1333976,-0.23403756,0.11873684,57.99375,-39.65625,21.975,46.950733,0.3361091,49.741684,0.10559091,0.15530129,0.71460426,0.6738493,-0.0021264881,0.18778552,0.9715259,0.14446272,-1.0,0
1763545342515,1009.9018,-0.10767702,3.8171504,12.622738,-0.07887791,-0.41485354,-0.00160352,56.925003,-39.768753,23.175001,46.950733,0.3361091,49.741684,0.10795351,0.15182094,0.71432424,0.6745645,0.0018301073,0.18627992,0.9716826,0.14535919,-1.0,0
1763545342541,1009.92206,-1.4500505,2.0757737,11.219945,0.5113702,0.15157083,0.1995237,56.11875,-39.35625,23.85,46.950733,0.3361091,49.741684,0.10985857,0.15214628,0.7140879,0.67443395,0.0031601104,0.18763638,0.97145075,0.14514163,-1.0,0
1763545342567,1009.92206,-0.96909314,2.57707,9.210572,0.47868893,-0.045585785,0.3001637,55.987503,-38.5125,24.112501,46.950733,0.3361091,49.741684,0.11539476,0.15867785,0.71599805,0.66996425,0.0037967577,0.19616371,0.97058547,0.13953206,-1.0,0
1763545342592,1009.8835,0.083748795,2.6679974,8.325228,0.199371,-0.25923574,0.1333976,57.525,-39.7125,22.800001,46.950733,0.3361091,49.741684,0.11860064,0.15804897,0.71629196,0.6692385,0.0067790854,0.19748324,0.97041553,0.13873735,-1.0,0
1763545342617,1009.8603,-0.6436693,2.0919251,8.82114,-0.19982915,0.22227842,-0.19295691,55.631252,-39.54375,24.675001,46.950733,0.3361091,49.741684,0.11849648,0.1566088,0.7157025,0.67022556,0.007543479,0.19624175,0.970479,0.14000997,-1.0,0
1763545342642,1009.8603,-1.4626129,2.0117657,8.665607,-0.13858995,0.32123852,-0.12896882,56.268753,-39.45,22.143751,46.950733,0.3361091,49.741684,0.115147606,0.1566402,0.71504056,0.6715071,0.0047523766,0.1943516,0.9706893,0.14130509,-1.0,0
1763545342668,1009.81757,-1.692922,2.1379871,8.12124,-0.028939718,0.18486296,0.03565923,57.112503,-39.61875,22.21875,46.950733,0.3361091,49.741684,0.10961801,0.15873992,0.7152276,0.67174035,-0.0011884319,0.19290686,0.97112566,0.14035825,-1.0,0
1763545342694,1009.81757,-0.87278205,2.9048867,6.9882383,-0.0029779659,-0.07108939,0.24518585,59.475002,-39.84375,18.112501,46.950733,0.3361091,49.741684,0.10973829,0.15882656,0.7162869,0.67057043,-0.0012276185,0.19304626,0.9713862,0.13834916,-1.0,0
1763545342719,1009.77484,-0.32482567,3.2889347,6.9894347,-0.07139482,-0.054901473,0.22502731,56.643753,-39.787502,22.425001,46.950733,0.3361091,49.741684,0.11046304,0.15817547,0.7177813,0.6690056,-0.00031302756,0.19292866,0.9717496,0.13594553,-1.0,0
1763545342745,1009.7575,0.031106694,3.4606197,7.2711897,-0.09078978,-0.0193186,0.13660464,54.768753,-41.2125,21.16875,46.950733,0.3361091,49.741684,0.11077587,0.15716588,0.7192724,0.66758883,0.00052504614,0.1922814,0.97215587,0.13394228,-1.0,0
1763545342770,1009.7575,-0.35114673,3.6287155,7.5571322,-0.04772381,-0.11751511,-0.055512335,56.193752,-39.825,21.862501,46.950733,0.3361091,49.741684,0.110768855,0.15551686,0.7204913,0.66666114,0.0015312679,0.1909264,0.97257614,0.1328173,-1.0,0
1763545342796,1009.7526,-0.7800602,3.6915271,7.726424,-0.064522594,-0.17127122,-0.07322741,55.85625,-39.375,21.712502,46.950733,0.3361091,49.741684,0.1113134,0.1545649,0.7200699,0.6672469,0.0025415276,0.19045871,0.9725542,0.13363153,-1.0,0
1763545342822,1009.75604,-0.84406817,3.6747773,8.230712,-0.07551816,-0.15783219,-0.041615162,56.98125,-39.0,20.493752,46.950733,0.3361091,49.741684,0.11254631,0.15191841,0.7191228,0.66866773,0.0050382987,0.18899865,0.9726154,0.13517904,-1.0,0
1763545342847,1009.75604,-0.53659046,3.7830527,8.99163,-0.032299474,-0.118125975,-0.019929463,56.062504,-39.206253,19.987501,46.950733,0.3361091,49.741684,0.11312128,0.15104476,0.718896,0.6690124,0.005998735,0.18861325,0.9726358,0.13553113,-1.0,0
1763545342873,1009.77826,-0.17168503,3.8590248,9.568898,0.31100652,0.0067958706,-0.1306487,55.74375,-39.99375,20.98125,46.950733,0.3361091,49.741684,0.114182614,0.15155923,0.71830606,0.6693494,0.006584969,0.18964311,0.9723372,0.13620752,-1.0,0
1763545342898,1009.7878,-0.30388847,3.8015969,8.812167,0.37636906,-0.053068876,-0.20456335,56.100002,-40.350002,21.900002,46.950733,0.3361091,49.741684,0.118526064,0.15633428,0.7150739,0.67095494,0.00742753,0.19604507,0.97059363,0.13949591,-1.0,0
1763545342923,1009.7878,-0.16390835,3.6717863,8.133204,0.20914483,-0.17142393,-0.31757334,54.562504,-39.99375,20.962502,46.950733,0.3361091,49.741684,0.12065356,0.15704246,0.7124966,0.6731486,0.0087779565,0.1978448,0.9697306,0.1428388,-1.0,0
1763545342948,1009.8,-1.0235299,3.9254255,9.171091,-0.5142718,0.010155627,-0.47823077,56.4,-38.925003,20.23125,46.950733,0.3361091,49.741684,0.1200299,0.15555786,0.7097577,0.67648995,0.009121,0.19627081,0.9694012,0.14715941,-1.0,0
1763545342974,1009.8,-1.6719848,3.9894335,10.839486,-0.6020836,0.04497492,-0.43455392,56.100002,-38.2125,20.85,46.950733,0.3361091,49.741684,0.11074723,0.14960067,0.7054039,0.68392986,0.004854137,0.1860692,0.9701669,0.15534095,-1.0,0
1763545343000,1009.8422,-1.7078772,3.984648,11.805589,-0.4803688,-0.102396205,-0.30749404,55.818752,-37.59375,18.375,46.950733,0.3361091,49.741684,0.107540324,0.14610344,0.70391345,0.6867275,0.004160019,0.18136658,0.97061676,0.15808843,-1.0,0
1763545343025,1009.89935,0.18544376,4.2299123,13.030714,-0.32627815,-0.40950847,-0.15309799,55.85625,-38.737503,20.2875,46.950733,0.3361091,49.741684,0.10685499,0.1413579,0.70289713,0.68886536,0.0063033663,0.17708842,0.97103053,0.16031104,-1.0,0
1763545343050,1009.89935,0.88354975,3.8602211,13.56551,-0.12881611,-0.12316561,-0.24136795,55.10625,-37.55625,18.6,46.950733,0.3361091,49.741684,0.10701956,0.13461585,0.7004039,0.69271904,0.0103960745,0.17165817,0.9711194,0.16538607,-1.0,0
1763545343075,1009.9577,0.7304091,3.1160533,12.757932,0.15462515,0.18135048,-0.30749404,57.187504,-38.081253,18.2625,46.950733,0.3361091,49.741684,0.106446356,0.1367144,0.69840366,0.6944139,0.0087590255,0.17304604,0.9704182,0.16812742,-1.0,0
1763545343100,1009.9548,1.2107682,2.152344,10.276575,0.3013854,-0.23495387,-0.18944444,57.112503,-39.09375,19.556252,46.950733,0.3361091,49.741684,0.10802343,0.13883403,0.69634736,0.69581354,0.008859652,0.17568567,0.9695127,0.17059062,-1.0,0
1763545343125,1009.9548,2.1708884,2.0315065,9.808778,0.20853396,-0.16165009,-0.2041052,57.24375,-37.8375,18.54375,46.950733,0.3361091,49.741684,0.11135654,0.13897023,0.6944996,0.69710636,0.011550434,0.17770648,0.9687032,0.17291936,-1.0,0
1763545343150,1009.96014,2.5968108,2.1870399,9.276375,0.08300125,0.08071051,-0.3343721,56.11875,-38.943752,19.35,46.950733,0.3361091,49.741684,0.113559306,0.13953376,0.69063514,0.7004696,0.013261922,0.17941435,0.96723676,0.17913017,-1.0,0
1763545343175,1009.9316,2.158326,2.617748,8.26122,-0.029550584,0.25007278,-0.48388126,56.081253,-39.206253,18.900002,46.950733,0.3361091,49.741684,0.11140453,0.14104854,0.6879947,0.7031057,0.010756671,0.17941558,0.9664489,0.18349619,-1.0,0
1763545343201,1009.9316,0.68075806,2.8743782,7.704889,0.015958842,0.12637265,-0.4539489,57.656254,-37.93125,19.425001,46.950733,0.3361091,49.741684,0.10912786,0.14262772,0.6850896,0.705975,0.008077572,0.17940544,0.96561,0.18800454,-1.0,0
1763545343227,1009.8818,0.45164528,3.0107691,7.1766734,0.05337431,0.015958842,-0.41470084,58.162502,-38.98125,19.44375,46.950733,0.3361091,49.741684,0.10786268,0.14459582,0.6792724,0.71136963,0.0060418253,0.18029366,0.96377957,0.1964347,-1.0,0
1763545343252,1009.8818,0.49471608,3.2099717,6.9134626,0.07429643,-0.022983788,-0.42523825,56.756252,-37.893753,20.75625,46.950733,0.3361091,49.741684,0.10818225,0.14528589,0.6762414,0.7140632,0.0059629753,0.18104099,0.96276987,0.20065603,-1.0,0
1763545343277,1009.84,0.3481557,3.3499517,6.5611196,0.041462447,-0.08697187,-0.5788707,56.100002,-38.2125,20.53125,46.950733,0.3361091,49.741684,0.108555324,0.14609472,0.6727152,0.71716547,0.005881792,0.18191573,0.9615603,0.20560597,-1.0,0
1763545343302,1009.8044,-0.11246266,3.4073794,6.538986,-0.0778089,-0.10713041,-0.621784,57.73125,-38.0625,21.75,46.950733,0.3361091,49.741684,0.10840052,0.1458005,0.66422015,0.72512287,0.006022965,0.18158245,0.95899814,0.2175181,-1.0,0
1763545343327,1009.8044,-0.6023931,3.4594233,6.8219376,-0.23388486,0.00160352,-0.57612187,57.16875,-37.350002,19.7625,46.950733,0.3361091,49.741684,0.1061067,0.14505415,0.66048956,0.7290091,0.0045826826,0.17966174,0.9581218,0.22294234,-1.0,0
1763545343352,1009.79486,-1.0342976,3.7136607,8.367103,-0.32612544,0.2520581,-0.3171152,58.218754,-37.987503,19.5375,46.950733,0.3361091,49.741684,0.10206888,0.14466101,0.65785193,0.7320424,0.0014878096,0.17703857,0.9576819,0.22693719,-1.0,0
1763545343378,1009.79486,-0.8321041,3.8063827,9.128618,-0.142866,0.20807582,-0.19860741,58.125004,-37.0125,19.95,46.950733,0.3361091,49.741684,0.097803295,0.14487258,0.6562817,0.73398966,-0.002145635,0.17478256,0.9575098,0.2293936,-1.0,0
1763545343403,1009.8078,-0.8781659,3.9858444,9.381062,0.1155298,0.106977694,-0.11843141,60.693752,-38.2125,17.268751,46.950733,0.3361091,49.741684,0.0953937,0.14740643,0.65434784,0.7355272,-0.005548978,0.17549309,0.9567693,0.23187049,-1.0,0
1763545343428,1009.8271,-0.85902333,4.194618,9.313464,0.29955283,-0.0353538,-0.03565923,58.18125,-38.23125,18.7875,46.950733,0.3361091,49.741684,0.09783217,0.14920218,0.65362287,0.7354895,-0.0045521227,0.17835835,0.9561318,0.23233493,-1.0,0
1763545343454,1009.8271,0.061615184,4.5355954,9.923634,0.2786307,-0.37132943,-0.03901899,58.275,-39.112503,19.893751,46.950733,0.3361091,49.741684,0.10160007,0.1501036,0.652979,0.73536706,-0.0019266448,0.18124557,0.95547944,0.2328204,-1.0,0
1763545343480,1009.85614,0.29850462,4.5523453,10.930414,0.2609156,-0.46021026,-0.12133302,58.875004,-38.41875,18.5625,46.950733,0.3361091,49.741684,0.11099904,0.14760867,0.6502621,0.7369193,0.0073285243,0.18454103,0.9539919,0.23619978,-1.0,0
1763545343504,1009.9123,0.37447673,4.570291,11.39522,0.2616792,-0.26870415,-0.18913901,60.54375,-38.98125,17.79375,46.950733,0.3361091,49.741684,0.114512295,0.14733642,0.6482954,0.738168,0.010422399,0.18631281,0.9530213,0.23859876,-1.0,0
1763545343532,1009.9123,0.23629123,4.955536,10.557134,-0.106672265,0.3163516,-0.1598175,60.562504,-38.9625,16.725,46.950733,0.3361091,49.741684,0.11482852,0.1490864,0.64695644,0.7389418,0.00974411,0.18792924,0.9522875,0.24028361,-1.0,0
1763545343557,1009.9345,1.1012967,4.9657054,11.044073,-0.4794525,-0.12881611,-0.2625955,59.475002,-38.475002,17.56875,46.950733,0.3361091,49.741684,0.109612554,0.14698207,0.6450769,0.7417932,0.0068106097,0.18322733,0.9521457,0.24454033,-1.0,0
1763545343582,1009.9875,1.0893325,2.3276181,15.111872,-0.3991238,0.0058795735,-0.6172025,61.2,-37.275,16.087502,46.950733,0.3361091,49.741684,0.10686947,0.13935421,0.64216566,0.7461787,0.009008184,0.17538397,0.9520584,0.25048792,-1.0,0
1763545343607,1009.9875,-0.31764722,0.99302137,13.542778,0.2775617,0.45623964,-0.50923216,60.16875,-36.412502,17.85,46.950733,0.3361091,49.741684,0.10309906,0.13674057,0.6383538,0.7504512,0.007414202,0.17109187,0.9512969,0.2563334,-1.0,0
1763545343632,1010.00116,-1.3124632,1.861616,10.709676,0.621784,0.12301289,-0.24243696,58.500004,-38.71875,20.00625,46.950733,0.3361091,49.741684,0.10409775,0.14601769,0.63232565,0.7536622,0.0027878857,0.17930345,0.94842863,0.26139173,-1.0,0
1763545343657,1009.9428,-0.41874397,2.3682961,8.732606,0.49121165,-0.3598757,-0.20975569,58.631252,-38.081253,20.41875,46.950733,0.3361091,49.741684,0.10939319,0.14642453,0.62974334,0.7549943,0.006860129,0.18264706,0.94713986,0.26366466,-1.0,0
1763545343682,1009.9428,0.13399807,1.9435701,8.56451,-0.04130973,0.17004949,-0.46219558,57.768753,-37.818752,22.5,46.950733,0.3361091,49.741684,0.11172134,0.14542423,0.6265822,0.7574727,0.009368736,0.183145,0.9459106,0.26762542,-1.0,0
1763545343708,1009.90204,-0.58983076,2.114657,8.688937,0.039935283,0.35850126,-0.44616038,59.30625,-37.631252,20.475,46.950733,0.3361091,49.741684,0.10704826,0.14962983,0.62055224,0.76227725,0.0031319878,0.18395272,0.9436788,0.27499446,-1.0,0
1763545343734,1009.90204,-0.9343972,2.3928227,8.200203,0.21754421,0.11476622,-0.35285076,60.24375,-38.79375,20.60625,46.950733,0.3361091,49.741684,0.107297,0.15202706,0.6177569,0.76403636,0.0019466183,0.1860674,0.9424199,0.2778846,-1.0,0
1763545343760,1009.8354,-0.2111666,2.9563324,7.146763,0.32047492,-0.43211046,-0.31757334,58.218754,-38.737503,19.425001,46.950733,0.3361091,49.741684,0.110814996,0.1523438,0.61483675,0.7658245,0.004652362,0.18832673,0.9410468,0.28096682,-1.0,0
1763545343786,1009.79486,0.276371,3.056831,6.939784,0.20761767,-0.31192282,-0.3928624,59.625004,-38.737503,22.66875,46.950733,0.3361091,49.741684,0.118346594,0.15055753,0.6080106,0.7704866,0.011938976,0.19113071,0.9379663,0.28904277,-1.0,0
1763545343811,1009.79486,0.6125626,3.234498,6.9344,0.090942495,-0.14301872,-0.55382526,59.30625,-39.018753,21.6375,46.950733,0.3361091,49.741684,0.11933353,0.15048511,0.6036284,0.7737871,0.012871356,0.19162618,0.93611175,0.29463282,-1.0,0
1763545343836,1009.758,-0.637089,3.0837502,7.522436,-0.050625417,-0.24808747,-0.7887028,59.325,-39.525,22.59375,46.950733,0.3361091,49.741684,0.11932878,0.1501139,0.59794647,0.7782586,0.013151101,0.19131279,0.9338553,0.30189532,-1.0,0
1763545343861,1009.7336,-1.146162,3.0472596,8.282157,-0.017486004,-0.3210858,-0.68653566,59.775,-36.487503,23.60625,46.950733,0.3361091,49.741684,0.119323194,0.14883357,0.5917933,0.78319293,0.013896286,0.19025339,0.93154716,0.30956495,-1.0,0
1763545343886,1009.7336,-0.8219346,3.1387851,8.9724865,0.12056944,-0.2720639,-0.5567269,59.531254,-37.875,21.54375,46.950733,0.3361091,49.741684,0.12155407,0.1463662,0.58148754,0.7909954,0.017095678,0.18948929,0.92754555,0.3216532,-1.0,0
1763545343912,1009.7348,-0.14297116,3.4683964,8.923434,0.50480336,-0.12789981,-0.58803374,60.825,-39.2625,24.431252,46.950733,0.3361091,49.741684,0.12422995,0.14731485,0.57679874,0.7938316,0.018774012,0.19178708,0.92527103,0.32670897,-1.0,0
1763545343937,1009.72675,-0.4127619,3.5784662,8.309675,0.57154036,-0.18730642,-0.6254492,60.975002,-38.60625,22.837502,46.950733,0.3361091,49.741684,0.12804891,0.14965165,0.57143605,0.79666096,0.02062339,0.1958745,0.9224093,0.33221817,-1.0,0
1763545343966,1009.72675,-0.526421,3.6640096,7.678568,0.4472294,-0.33284494,-0.6569087,61.55625,-39.1875,24.656252,46.950733,0.3361091,49.741684,0.13705051,0.15272576,0.5593933,0.80310094,0.026347073,0.20350389,0.91605306,0.34458488,-1.0,0
1763545343991,1009.7214,-0.3786642,4.356732,9.430114,-0.28565565,-0.55489427,-0.8102358,60.43125,-39.037502,23.831251,46.950733,0.3361091,49.741684,0.13974051,0.14987978,0.5529969,0.8075909,0.030213848,0.20267828,0.913263,0.3520786,-1.0,0
1763545344017,1009.7214,-0.6149554,4.213761,11.472388,-0.34154978,-0.23281583,-0.86414456,61.4625,-37.55625,23.34375,46.950733,0.3361091,49.741684,0.13947114,0.1451219,0.546319,0.81303316,0.032733183,0.19859783,0.9107623,0.36055443,-1.0,0
1763545344042,1009.7729,-1.4039887,4.3728833,12.669397,-0.042226028,0.066813335,-0.7743475,62.925003,-39.037502,23.118752,46.950733,0.3361091,49.741684,0.13493182,0.14372832,0.53370583,0.82237077,0.02976167,0.19488117,0.90569574,0.375301,-1.0,0
1763545344067,1009.8188,-0.68075806,4.6235313,10.858629,0.349491,-0.302149,-0.5170207,61.2,-38.71875,25.125002,46.950733,0.3361091,49.741684,0.13629745,0.14626884,0.5284865,0.8250639,0.029400844,0.19775529,0.9030107,0.38026318,-1.0,0
1763545344092,1009.8188,0.89072824,4.729414,10.6612215,0.05688678,-0.5307651,-0.6889791,62.30625,-38.362503,24.993752,46.950733,0.3361091,49.741684,0.1398886,0.14627889,0.5234657,0.8276577,0.032354895,0.19979863,0.90034217,0.3852501,-1.0,0
1763545344117,1009.8564,1.3776677,3.8931224,11.47179,-0.22792892,-0.33253953,-0.9915099,65.64375,-37.256252,22.25625,46.950733,0.3361091,49.741684,0.14102978,0.13993421,0.50917095,0.837421,0.03705623,0.19518661,0.8937573,0.40215284,-1.0,0
1763545344142,1009.8896,0.5946164,2.6213372,11.881561,-0.30902123,-0.03718639,-1.1161263,63.80625,-36.825,23.98125,46.950733,0.3361091,49.741684,0.13710226,0.13898034,0.50056434,0.8433995,0.034354765,0.19217785,0.8900538,0.41193646,-1.0,0
1763545344167,1009.8896,0.50488555,1.4279169,11.392229,-0.06971494,-0.34307694,-0.81390095,64.18125,-36.54375,22.837502,46.950733,0.3361091,49.741684,0.13419197,0.1377401,0.4925519,0.84877133,0.03258701,0.18952021,0.88664603,0.42056984,-1.0,0
1763545344192,1009.9006,1.302892,1.4973087,10.751551,-0.03138318,-0.5209913,-0.69905835,65.25,-36.91875,23.5125,46.950733,0.3361091,49.741684,0.13475204,0.13064422,0.4792545,0.85737336,0.036941666,0.1840145,0.8808556,0.43458876,-1.0,0
1763545344218,1009.914,1.8777676,1.7575282,10.447063,-0.045891218,-0.47777262,-0.6672934,66.58125,-35.550003,22.6875,46.950733,0.3361091,49.741684,0.13561529,0.1264905,0.4732583,0.86118245,0.039997336,0.18108441,0.87810045,0.44107625,-1.0,0
1763545344243,1009.914,1.0420742,2.9192436,9.040682,0.18593197,-0.08956805,-0.6333904,64.818756,-36.73125,25.25625,46.950733,0.3361091,49.741684,0.13625711,0.124494635,0.46741965,0.8645542,0.041667163,0.17980202,0.8751788,0.44721037,-1.0,0
1763545344269,1009.884,0.79142606,3.309872,7.772486,0.32200208,-0.074907295,-0.621784,66.95625,-35.756252,23.587502,46.950733,0.3361091,49.741684,0.13754447,0.12488076,0.4618584,0.8672791,0.042539764,0.18084261,0.8720648,0.45275745,-1.0,0
1763545344294,1009.884,0.7375876,3.4289148,6.6101727,0.39698574,-0.12255475,-0.6747765,66.693756,-36.412502,23.025002,46.950733,0.3361091,49.741684,0.14340648,0.12755683,0.4499351,0.87219393,0.045988996,0.1863362,0.86468756,0.46419743,-1.0,0
1763545344320,1009.8183,0.25962126,3.735196,5.063213,0.2841285,-0.19234605,-0.8580359,66.693756,-36.16875,25.181252,46.950733,0.3361091,49.741684,0.14685163,0.12868865,0.44281304,0.87509453,0.048281748,0.18919577,0.86022586,0.47104707,-1.0,0
1763545344345,1009.7553,0.036490545,3.9637108,4.979464,0.10300707,-0.22059855,-0.96402097,68.625,-35.34375,24.937502,46.950733,0.3361091,49.741684,0.14942771,0.12945904,0.43494868,0.8784824,0.05007452,0.19126114,0.8553965,0.47875732,-1.0,0
1763545344371,1009.7553,-0.23808585,4.011567,5.5710893,-0.07322741,-0.21968225,-1.0454187,67.875,-34.800003,23.737501,46.950733,0.3361091,49.741684,0.14988217,0.12887083,0.41718018,0.88706726,0.050879862,0.19100676,0.8453384,0.49631706,-1.0,0
1763545344397,1009.7375,-0.4564309,4.1222353,7.646863,-0.2013563,-0.25083634,-1.0671045,70.387505,-32.550003,23.6625,46.950733,0.3361091,49.741684,0.14819121,0.12786965,0.40794688,0.89177805,0.050060038,0.18922283,0.8403539,0.50546414,-1.0,0
1763545344423,1009.7441,-0.81236327,4.112066,8.650652,-0.14622575,-0.28031057,-1.0510693,71.512505,-32.79375,23.400002,46.950733,0.3361091,49.741684,0.14641607,0.1264507,0.39863795,0.8964711,0.049402203,0.18704778,0.8353079,0.5146195,-1.0,0
1763545344448,1009.7441,-1.3417753,4.06062,9.491729,-0.03565923,-0.19723296,-0.93454677,71.11875,-32.475002,24.0375,46.950733,0.3361091,49.741684,0.14455596,0.124452464,0.38092172,0.9047175,0.048969034,0.1843553,0.8254234,0.531311,-1.0,0
1763545344474,1009.7802,-1.6295122,4.1198425,9.706485,0.2616792,0.029856017,-0.57047135,71.3625,-33.45,24.225,46.950733,0.3361091,49.741684,0.1448001,0.12600844,0.37408987,0.90731007,0.048228186,0.18579352,0.82143366,0.5370303,-1.0,0
1763545344499,1009.80194,-1.052842,4.3782673,9.479765,0.25541782,-0.2296088,-0.4767036,71.775,-33.54375,25.10625,46.950733,0.3361091,49.741684,0.14631008,0.12811187,0.36879173,0.9089408,0.048222464,0.18839821,0.8181642,0.54109883,-1.0,0
1763545344525,1009.80194,-0.36370903,4.53081,9.676575,0.049556404,-0.42004588,-0.529238,70.443756,-32.175003,25.181252,46.950733,0.3361091,49.741684,0.1503919,0.12484445,0.35866502,0.91277355,0.053383723,0.18802673,0.81213456,0.5497578,-1.0,0
1763545344550,1009.8461,-1.0133604,4.694718,11.301301,-0.415159,0.09613484,-0.56787515,69.881256,-32.100002,24.300001,46.950733,0.3361091,49.741684,0.14860857,0.12284882,0.35344723,0.9153681,0.053037204,0.18537366,0.80931467,0.5548274,-1.0,0
1763545344575,1009.8461,-1.2059826,4.4285164,11.96531,-0.50556695,-0.13293944,-0.4832704,73.725006,-31.95,23.4375,46.950733,0.3361091,49.741684,0.14410613,0.12297607,0.34907505,0.91774553,0.049216025,0.18294117,0.8071664,0.5591,-1.0,0
1763545344600,1009.8896,-0.25902304,3.9391842,13.291532,-0.5799397,-0.7137191,-0.49243337,71.100006,-30.487501,23.15625,46.950733,0.3361091,49.741684,0.13621318,0.11280617,0.3405653,0.92343706,0.048357703,0.17011994,0.8037261,0.5681066,-1.0,0
1763545344625,1009.95746,0.22432712,2.8522446,15.002998,-0.3775908,-0.6582832,-0.58192503,72.225006,-30.000002,23.325,46.950733,0.3361091,49.741684,0.13414043,0.105875455,0.33494908,0.9266098,0.050466057,0.16326801,0.80127877,0.5733664,-1.0,0
1763545344651,1009.95746,-1.625923,1.6307086,11.826526,0.6729439,0.03810269,-0.28565565,72.80625,-30.056252,22.331251,46.950733,0.3361091,49.741684,0.13517074,0.10578512,0.32974443,0.9283356,0.05116568,0.16384046,0.7986758,0.57676286,-1.0,0
1763545344677,1009.9538,-1.0313065,2.4305096,9.452846,0.63461214,-0.4482984,-0.11339177,72.7125,-31.81875,24.618752,46.950733,0.3361091,49.741684,0.14679341,0.10648965,0.32419157,0.9284457,0.05998846,0.17114244,0.79532915,0.5784143,-1.0,0
1763545344702,1009.91473,0.53240305,2.7834508,8.741579,0.28199047,-0.6831759,-0.20074543,72.075005,-30.6375,24.45,46.950733,0.3361091,49.741684,0.15122992,0.10126286,0.32114962,0.9293752,0.06655262,0.16939719,0.7935627,0.58063203,-1.0,0
1763545344727,1009.91473,0.6233303,2.5968108,9.138189,-0.022678355,0.21555892,-0.5495492,72.787506,-30.806252,23.775002,46.950733,0.3361091,49.741684,0.15161058,0.09875694,0.3169923,0.9310087,0.068291724,0.1675558,0.7910841,0.5843348,-1.0,0
1763545344752,1009.8803,-0.2883351,2.841477,8.440681,0.16195552,0.2447277,-0.545884,72.76875,-30.806252,24.393751,46.950733,0.3361091,49.741684,0.15035594,0.10420354,0.307735,0.9337204,0.064022936,0.17136613,0.7854845,0.5912266,-1.0,0
1763545344777,1009.80316,-0.73818576,3.048456,7.2616186,0.32811075,-0.099800035,-0.48571387,73.481255,-30.243752,23.98125,46.950733,0.3361091,49.741684,0.15316866,0.104957744,0.30287668,0.93476677,0.06585269,0.1736093,0.7822624,0.59463334,-1.0,0
1763545344802,1009.80316,-0.44925246,3.3230324,6.1357956,0.13889538,-0.6645445,-0.48479757,73.14375,-30.300001,26.175001,46.950733,0.3361091,49.741684,0.15718871,0.1017219,0.2975411,0.9361697,0.07096706,0.17326082,0.77879786,0.5986804,-1.0,0
1763545344827,1009.74994,-0.36550367,3.31047,6.55095,-0.032757625,-0.45623964,-0.49777845,72.543755,-31.331251,22.893751,46.950733,0.3361091,49.741684,0.1600935,0.096886866,0.29200593,0.9379315,0.07608874,0.1709605,0.77534336,0.60317963,-1.0,0
1763545344852,1009.74994,-0.2955136,3.403192,7.024131,-0.10254893,-0.27084216,-0.5287798,72.600006,-29.456251,24.337502,46.950733,0.3361091,49.741684,0.16034913,0.0914916,0.28170043,0.9415744,0.07933068,0.16670091,0.7691441,0.61182904,-1.0,0
1763545344878,1009.72235,-0.32303107,3.5587256,7.25444,-0.12087487,-0.32734716,-0.60269445,72.80625,-28.556252,22.875,46.950733,0.3361091,49.741684,0.15981111,0.089092754,0.2758243,0.9436333,0.08023629,0.16443615,0.76558536,0.61676735,-1.0,0
1763545344903,1009.7111,-0.89013004,3.7980077,8.115258,-0.06620247,-0.48937905,-0.73280865,74.08125,-28.800001,23.212502,46.950733,0.3361091,49.741684,0.15962443,0.08574732,0.26901057,0.9459391,0.08197113,0.16159606,0.76140255,0.62244165,-1.0,0
1763545344928,1009.7111,-1.3435699,3.7686956,8.403593,-0.003894263,-0.4331795,-0.68302315,74.08125,-28.800001,22.59375,46.950733,0.3361091,49.741684,0.15985829,0.0823089,0.26160175,0.9482801,0.084106445,0.15891992,0.7567477,0.62849295,-1.0,0
1763545344953,1009.7155,-1.1754742,3.6077783,8.675179,0.04421134,-0.36781695,-0.608345,74.137505,-28.5375,22.575,46.950733,0.3361091,49.741684,0.16138709,0.077440955,0.24843383,0.9519652,0.08807097,0.15584093,0.74834853,0.6386952,-1.0,0
1763545344978,1009.7155,-0.7680961,3.5060835,8.848659,0.12331833,-0.32459828,-0.610483,73.912506,-27.45,23.625,46.950733,0.3361091,49.741684,0.16288309,0.0757674,0.2422074,0.9534485,0.09020839,0.15535136,0.74428463,0.6432486,-1.0,0
1763545345004,1009.7319,-0.83748794,3.4223347,9.22134,0.074449144,-0.795575,-0.7124974,75.9,-27.112501,22.462502,46.950733,0.3361091,49.741684,0.16701089,0.06674358,0.22718628,0.9570993,0.09863894,0.15039182,0.73457336,0.65425885,-1.0,0
1763545345029,1009.7509,-0.94755775,3.5467613,10.371092,-0.100105464,-0.8872047,-0.7066942,74.606255,-28.612501,20.53125,46.950733,0.3361091,49.741684,0.1674926,0.059564613,0.21925126,0.9593369,0.10307955,0.14483204,0.7296594,0.6602995,-1.0,0
1763545345054,1009.7509,-1.4554343,3.859623,12.620943,0.093996815,0.032757625,-0.5116756,74.08125,-26.062502,21.50625,46.950733,0.3361091,49.741684,0.16686542,0.056123536,0.21261896,0.96114475,0.10445177,0.14171714,0.7256696,0.66513884,-1.0,0
1763545345080,1009.81146,-1.2209377,4.4093738,11.797214,0.26488623,0.057497647,-0.39515316,73.5,-27.35625,22.425001,46.950733,0.3361091,49.741684,0.16714498,0.057599965,0.2078383,0.9620541,0.10373439,0.14315858,0.7227391,0.6681265,-1.0,0
1763545345105,1009.8442,-0.1477568,5.0572305,11.006386,0.1343139,-0.35575238,-0.44203702,75.01875,-26.343752,22.518751,46.950733,0.3361091,49.741684,0.17103574,0.05718891,0.1993098,0.9631987,0.107062675,0.14512539,0.71684575,0.67350453,-1.0,0
1763545345130,1009.8442,1.1928221,3.8129628,12.734004,-0.15615231,-0.041157015,-0.80030924,75.318756,-26.306252,22.48125,46.950733,0.3361091,49.741684,0.17074105,0.053751517,0.19296408,0.9647399,0.10876828,0.14216611,0.71268076,0.67826575,-1.0,0
1763545345155,1009.90204,0.6125626,2.8055844,12.757932,-0.04085158,0.101632625,-0.8340595,74.925,-25.462502,21.075,46.950733,0.3361091,49.741684,0.16890714,0.05391969,0.18556397,0.9665035,0.10708607,0.14131361,0.70805335,0.6835375,-1.0,0
1763545345180,1009.9379,0.4881358,2.0727825,12.243475,0.0674242,-0.12545635,-0.6966149,75.075005,-26.94375,20.53125,46.950733,0.3361091,49.741684,0.1675727,0.05544765,0.17125553,0.9692866,0.10483477,0.14200257,0.6993258,0.6926676,-1.0,0
1763545345206,1009.9379,1.288535,1.6983058,11.85524,0.14026983,-0.33910632,-0.5503128,77.25,-25.48125,21.91875,46.950733,0.3361091,49.741684,0.16862059,0.05289385,0.16551419,0.97024447,0.10699907,0.14064798,0.6960099,0.69594514,-1.0,0
1763545345232,1009.95575,2.0584257,1.7204394,10.278968,0.19463679,-0.08681916,-0.5423716,78.637505,-24.35625,23.56875,46.950733,0.3361091,49.741684,0.1700222,0.050596874,0.16014373,0.9710234,0.10929988,0.13971806,0.6929338,0.6988384,-1.0,0
1763545345257,1009.9233,1.4578272,1.9740787,9.102298,0.21067199,0.010002911,-0.52221304,76.425,-24.45,23.025002,46.950733,0.3361091,49.741684,0.17272972,0.050943714,0.14996132,0.97215265,0.11101704,0.14179577,0.6867258,0.70425624,-1.0,0
1763545345282,1009.9233,0.93619186,2.457429,8.087142,0.21372631,-0.06131555,-0.45440704,77.606255,-23.7,22.087502,46.950733,0.3361091,49.741684,0.17447121,0.051054362,0.14552644,0.9725098,0.11227534,0.142972,0.6837931,0.7066684,-1.0,0
1763545345307,1009.86346,0.802792,2.6213372,6.8446693,0.35376707,-0.009850195,-0.46204284,77.025,-22.275002,22.21875,46.950733,0.3361091,49.741684,0.17671947,0.050863575,0.14120843,0.97275037,0.11420167,0.14413485,0.680488,0.709309,-1.0,0
1763545345332,1009.86346,0.41874397,2.6374888,5.8079786,0.42523825,0.07536544,-0.5096903,76.9875,-23.268751,21.056252,46.950733,0.3361091,49.741684,0.18356536,0.05367416,0.13186984,0.97264236,0.11801049,0.15050142,0.6734289,0.7140843,-1.0,0
1763545345357,1009.79535,-0.07537391,2.815754,4.942375,0.36430448,0.04054615,-0.5093849,77.83125,-22.575,22.78125,46.950733,0.3361091,49.741684,0.186837,0.055352855,0.12697843,0.9725762,0.11965502,0.1538008,0.66959226,0.7167107,-1.0,0
1763545345382,1009.7282,-0.6227321,3.5048869,4.7282176,0.006185006,-0.18532111,-0.43180504,77.418755,-23.868752,23.362501,46.950733,0.3361091,49.741684,0.18895257,0.055757556,0.12214917,0.9727628,0.12113,0.15536891,0.66581756,0.7196353,-1.0,0
1763545345408,1009.7282,-0.52941203,3.8955152,5.489733,-0.20899211,-0.22365287,-0.3569741,76.818756,-23.175001,23.681252,46.950733,0.3361091,49.741684,0.18932818,0.05491409,0.1177455,0.97328067,0.12193078,0.15489869,0.66251963,0.72263896,-1.0,0
1763545345433,1009.69745,-0.12562318,4.3501515,6.832705,-0.31696245,-0.1787543,-0.34109163,77.025,-22.9125,23.493752,46.950733,0.3361091,49.741684,0.18521343,0.05190342,0.11073088,0.97505933,0.12035401,0.15004298,0.6577806,0.72823536,-1.0,0
1763545345458,1009.7211,-0.76630145,4.9082775,9.129815,-0.09964732,-0.10957387,-0.32368198,77.606255,-23.081251,21.431252,46.950733,0.3361091,49.741684,0.18305045,0.051037367,0.107234195,0.9759039,0.11909906,0.14807999,0.6554333,0.7309548,-1.0,0
1763545345483,1009.7211,-1.1318051,5.0327044,9.608977,0.076434456,-0.16042836,-0.22197299,77.34375,-21.487501,21.225,46.950733,0.3361091,49.741684,0.18237318,0.05051209,0.10404295,0.9764034,0.1188551,0.147258,0.6531259,0.7332224,-1.0,0
1763545345508,1009.76044,-1.0666007,5.1936216,9.793823,0.20150901,-0.18501566,-0.119653136,78.543755,-20.5125,23.19375,46.950733,0.3361091,49.741684,0.1857055,0.048429713,0.100054994,0.9762976,0.122759625,0.14751962,0.6499074,0.73538315,-1.0,0
1763545345533,1009.76044,-0.5353941,5.460421,9.768699,0.21235187,-0.20486878,-0.11064288,78.450005,-21.112501,20.456251,46.950733,0.3361091,49.741684,0.18817881,0.04696003,0.09854704,0.9760492,0.1256233,0.1477677,0.648551,0.73604697,-1.0,0
1763545345558,1009.8044,-0.37268212,5.2737813,10.275977,-0.32704175,-0.06421716,-0.30550876,77.775,-22.2,21.825,46.950733,0.3361091,49.741684,0.18883339,0.045260288,0.09601677,0.9762552,0.12714408,0.14676826,0.6466204,0.7376825,-1.0,0
1763545345583,1009.85394,-1.1449656,5.2893343,11.852847,-0.5237402,0.3012327,-0.23388486,78.375,-20.868752,19.837502,46.950733,0.3361091,49.741684,0.1859791,0.044846762,0.09317692,0.97709703,0.119197324,0.14412753,0.64432335,0.74152994,-1.0,0
1763545345609,1009.85394,-1.6827525,5.441877,13.434503,-0.38064513,0.50388706,-0.06101012,79.33125,-20.41875,20.94375,46.950733,0.3361091,49.741684,0.1768455,0.052409217,0.09219096,0.97850895,0.113172725,0.1456468,0.645143,0.7414644,-1.0,0
1763545345634,1009.914,-0.9523434,4.3005004,13.686347,0.4418843,-0.021303909,0.058261227,79.5,-20.268751,20.775002,46.950733,0.3361091,49.741684,0.17668207,0.055465743,0.093218066,0.9782727,0.11120868,0.14807308,0.6460904,0.7404554,-1.0,0
1763545345659,1009.94354,-0.9595219,2.9946175,12.02214,0.7774018,-0.16668972,0.013973532,77.625,-20.71875,22.06875,46.950733,0.3361091,49.741684,0.1807231,0.05553367,0.09348821,0.97750455,0.11436058,0.15055394,0.64631236,0.7392804,-1.0,0
1763545345685,1009.94354,-1.2574283,2.6117659,9.658628,0.73662657,-0.3001637,-0.0054214248,78.39375,-20.625,21.206251,46.950733,0.3361091,49.741684,0.19461294,0.0525064,0.09188051,0.97515476,0.1271318,0.15642446,0.64493424,0.7371762,-1.0,0
1763545345711,1009.90985,-1.0857433,2.55374,8.272586,0.27359107,-0.4560869,-0.023136504,77.2125,-22.7625,22.5375,46.950733,0.3361091,49.741684,0.19732636,0.048631184,0.09063223,0.97492725,0.1314923,0.15495956,0.6442986,0.7372765,-1.0,0
1763545345736,1009.90985,0.014955142,1.9369899,9.84826,-0.45517063,-0.039477136,-0.24762931,78.168755,-21.150002,19.725,46.950733,0.3361091,49.741684,0.194945,0.04533382,0.08914157,0.97570235,0.13137886,0.15099105,0.6440996,0.7382933,-1.0,0
1763545345761,1009.89105,-0.37746778,1.8358932,10.016953,-0.32001677,0.11980586,-0.360792,78.09375,-19.931252,21.825,46.950733,0.3361091,49.741684,0.18637009,0.046241507,0.08388923,0.9777988,0.12359273,0.14695893,0.64262253,0.7417305,-1.0,0
1763545345786,1009.86127,-1.5822539,2.1445673,8.209176,-0.0051159924,0.011835505,-0.23098324,77.5875,-20.962502,21.31875,46.950733,0.3361091,49.741684,0.18465103,0.047639035,0.08067085,0.9783285,0.12124743,0.1471888,0.6410031,0.7434713,-1.0,0
1763545345814,1009.86127,-1.6073786,2.239682,7.689934,0.039477136,0.039171703,-0.06253728,79.481255,-18.16875,21.581251,46.950733,0.3361091,49.741684,0.18418765,0.048375487,0.078470044,0.9785587,0.12034115,0.14759162,0.63985497,0.7445269,-1.0,0
1763545345839,1009.8173,-1.535594,2.4346972,7.4901333,0.08391755,0.06818778,0.13996439,78.693756,-19.85625,21.45,46.950733,0.3361091,49.741684,0.18491751,0.049836718,0.079254135,0.97828454,0.11991452,0.1493275,0.64110243,0.74317527,-1.0,0
1763545345867,1009.7685,-1.1772687,2.6811578,7.4566336,0.19081889,0.03367392,0.31146467,78.1875,-20.38125,19.06875,46.950733,0.3361091,49.741684,0.18673275,0.049920466,0.0821383,0.9776973,0.12125744,0.1505251,0.6434462,0.74068606,-1.0,0
1763545345891,1009.7685,-0.34396824,3.354139,6.5365934,0.3739256,-0.16760603,0.37041312,77.26875,-21.0,22.425001,46.950733,0.3361091,49.741684,0.19400032,0.047114626,0.08859555,0.97585595,0.12873684,0.1525868,0.64777917,0.73520494,-1.0,0
1763545345917,1009.72797,-0.31106696,3.6179478,6.017949,0.24793474,-0.28168502,0.28748822,78.131256,-20.41875,21.993752,46.950733,0.3361091,49.741684,0.19692755,0.044134185,0.09067055,0.9752182,0.13284408,0.15192343,0.64915013,0.7334002,-1.0,0
1763545345942,1009.7109,-0.6329016,3.7447674,7.8610206,-0.13614649,-0.2635118,0.21403174,78.28125,-19.7625,20.868752,46.950733,0.3361091,49.741684,0.19767314,0.04058162,0.092140675,0.9750839,0.13553707,0.14950329,0.6502908,0.7323936,-1.0,0
1763545345967,1009.7109,-0.7322037,3.7411783,9.393025,-0.0655916,-0.117362395,0.24335326,77.756256,-21.45,22.725,46.950733,0.3361091,49.741684,0.19683124,0.03765765,0.09369646,0.97522324,0.13655809,0.1466715,0.6517618,0.7314684,-1.0,0
1763545345992,1009.73846,-0.6969096,3.9583268,9.998409,0.12179117,-0.033521205,0.2946659,77.3625,-21.487501,20.60625,46.950733,0.3361091,49.741684,0.19756001,0.035454996,0.098431766,0.9746918,0.1383251,0.14544132,0.6558807,0.7276905,-1.0,0
1763545346018,1009.76434,0.19501504,4.5565324,9.558728,0.3898081,-0.12194388,0.19387321,75.637505,-21.91875,21.4125,46.950733,0.3361091,49.741684,0.20055145,0.034415916,0.10097455,0.9738577,0.14129733,0.14642544,0.65770733,0.72526944,-1.0,0
1763545346043,1009.76434,0.41156548,4.867001,9.02154,0.29161158,-0.14317143,0.030619597,76.6125,-21.675001,19.29375,46.950733,0.3361091,49.741684,0.20445351,0.033199992,0.10244484,0.97293454,0.14510876,0.14780708,0.6586085,0.72341645,-1.0,0
1763545346068,1009.7951,0.5276174,5.169095,8.959326,0.023747368,-0.13385575,-0.13599378,76.4625,-22.3125,20.4375,46.950733,0.3361091,49.741684,0.2080922,0.030848654,0.10085132,0.9724068,0.14939788,0.14810225,0.6571849,0.7237776,-1.0,0
1763545346094,1009.7951,0.48394838,5.3676996,9.746565,-0.26885685,-0.08223767,-0.29924738,77.043755,-21.525002,21.243752,46.950733,0.3361091,49.741684,0.2058284,0.03026144,0.09798078,0.9732002,0.1479128,0.14629725,0.6553857,0.7260775,-1.0,0
1763545346119,1009.83075,-0.2620141,4.5966125,11.939587,-0.3910298,0.20471606,-0.4870883,77.4375,-21.84375,19.987501,46.950733,0.3361091,49.741684,0.20203866,0.030766897,0.0941337,0.97435755,0.14452533,0.14449444,0.65314645,0.729132,-1.0,0
1763545346144,1009.892,-0.85902333,4.112066,12.123834,-0.4171443,0.3342194,-0.49243337,78.525,-20.1,19.462502,46.950733,0.3361091,49.741684,0.19795913,0.033226777,0.09006771,0.97549784,0.13972239,0.14411622,0.6508472,0.7321927,-1.0,0
1763545346169,1009.892,-1.1030912,3.2027931,12.753745,-0.42752898,0.33559385,-0.4238638,79.387505,-20.775002,21.581251,46.950733,0.3361091,49.741684,0.18853793,0.04068182,0.08294081,0.97771126,0.1275178,0.14470926,0.6474293,0.73731524,-1.0,0
1763545346194,1009.9516,-0.18305093,1.558924,12.362518,0.029245151,-0.06314815,-0.15752676,77.625,-19.575,18.768751,46.950733,0.3361091,49.741684,0.18538706,0.04281911,0.08058354,0.97841936,0.123549245,0.14469768,0.6467925,0.7385511,-1.0,0
1763545346219,1009.977,0.46660042,1.5403795,10.589437,0.054443322,-0.25373796,-0.029092435,77.325005,-18.6375,21.825,46.950733,0.3361091,49.741684,0.1848737,0.042364202,0.07896576,0.9786682,0.12321235,0.14419338,0.6466397,0.7388397,-1.0,0
1763545346245,1009.977,1.099502,1.774278,9.476176,-0.13324489,-0.21281002,0.049709123,76.93125,-19.9125,20.7,46.950733,0.3361091,49.741684,0.18340582,0.037202347,0.078413025,0.97919846,0.124804184,0.13944757,0.6481325,0.73817515,-1.0,0
1763545346270,1009.9775,0.9822537,2.6069803,9.053245,-0.18119776,0.18913901,0.17249294,77.90625,-18.806252,19.931252,46.950733,0.3361091,49.741684,0.18052924,0.036640782,0.07960617,0.9796578,0.12272203,0.13737775,0.6499629,0.7373024,-1.0,0
1763545346296,1009.94183,1.0468599,3.1902308,8.575278,0.09124792,0.108963005,0.1787543,76.65,-18.45,21.112501,46.950733,0.3361091,49.741684,0.17853327,0.03761775,0.081676744,0.9798162,0.120441325,0.13705151,0.65223724,0.7357291,-1.0,0
1763545346321,1009.94183,0.96729857,3.5958142,7.6480594,0.35911214,-0.07078396,0.105908684,78.65625,-17.362501,19.143751,46.950733,0.3361091,49.741684,0.18296467,0.037155904,0.08436701,0.9787878,0.12416149,0.13942939,0.65432876,0.73280096,-1.0,0
1763545346348,1009.88104,0.29671,3.74058,5.6093745,0.50602514,-0.028787002,-0.07093667,77.64375,-18.581251,20.400002,46.950733,0.3361091,49.741684,0.1880394,0.03612473,0.084091865,0.97788787,0.12882632,0.14166015,0.6536466,0.7321764,-1.0,0
1763545346373,1009.88104,-0.119042926,3.7064822,5.0452666,0.42233664,0.05780308,-0.12515092,78.075005,-20.268751,18.6,46.950733,0.3361091,49.741684,0.19313265,0.036251415,0.083220944,0.97696465,0.13283485,0.14480777,0.65235347,0.7319976,-1.0,0
1763545346398,1009.81195,-0.33020952,3.7238302,4.692325,0.22685991,-0.022067491,-0.16913319,78.881256,-19.706251,20.493752,46.950733,0.3361091,49.741684,0.19985148,0.03769789,0.08029339,0.97580284,0.13738534,0.14995669,0.6491161,0.7329983,-1.0,0
1763545346423,1009.75726,0.020937199,3.851248,5.4089756,-0.038408123,-0.16027565,-0.2135736,77.512505,-19.21875,20.456251,46.950733,0.3361091,49.741684,0.19990362,0.03656927,0.077992715,0.9760217,0.13812421,0.14906533,0.6473037,0.73464215,-1.0,0
1763545346448,1009.75726,0.4749753,3.958925,7.87119,-0.290848,-0.008475749,-0.31436628,76.6875,-19.050001,19.612501,46.950733,0.3361091,49.741684,0.19820008,0.03549807,0.07507496,0.97663724,0.13739643,0.14719239,0.64536595,0.7368578,-1.0,0
1763545346473,1009.7736,0.6891329,4.124628,8.672786,-0.3285689,0.11843141,-0.3438405,77.325005,-19.3875,21.712502,46.950733,0.3361091,49.741684,0.19237977,0.036905773,0.06935034,0.978171,0.13188875,0.14483565,0.641726,0.74149555,-1.0,0
1763545346498,1009.7736,0.40737805,4.2167516,9.376275,-0.2870301,0.21968225,-0.43073604,79.293755,-17.681252,20.643751,46.950733,0.3361091,49.741684,0.19237977,0.036905773,0.06935034,0.978171,0.13188875,0.14483565,0.641726,0.74149555,-1.0,0
1763545346524,1009.81805,-2.2103698,4.3070807,10.326824,-0.017180571,0.27649269,-0.11766783,79.21875,-17.306252,20.475,46.950733,0.3361091,49.741684,0.1875643,0.04266698,0.06272293,0.9793186,0.12450942,0.14662279,0.6374737,0.746074,-1.0,0
1763545346549,1009.8498,-1.736591,4.6492543,10.356136,0.10300707,0.07399099,0.13278674,79.18125,-17.550001,20.175001,46.950733,0.3361091,49.741684,0.18719721,0.045823447,0.062071405,0.97928774,0.12229893,0.14894815,0.63705325,0.7463381,-1.0,0
1763545346574,1009.8498,-0.8003992,5.10748,10.452448,0.04405862,-0.16882776,0.1645517,78.543755,-19.125,21.73125,46.950733,0.3361091,49.741684,0.18901019,0.04486666,0.0646004,0.97882015,0.12429149,0.14929663,0.6389557,0.74431026,-1.0,0
1763545346600,1009.8813,-1.049851,5.643472,12.274582,-0.17768529,0.118125975,0.14026983,79.668755,-17.268751,20.737501,46.950733,0.3361091,49.741684,0.1882471,0.04350895,0.06550011,0.97896874,0.1244875,0.14775947,0.63980556,0.74385405,-1.0,0
1763545346625,1009.92816,-0.92482597,5.596214,13.009178,-0.07994693,0.130496,0.21021384,78.5625,-17.625,20.868752,46.950733,0.3361091,49.741684,0.1867196,0.044298798,0.06711717,0.97911626,0.12277752,0.1474865,0.64125854,0.74294066,-1.0,0
1763545346650,1009.92816,-0.08015956,4.8035913,13.1491585,0.07276927,-0.15569416,0.15218168,80.043755,-16.85625,20.6625,46.950733,0.3361091,49.741684,0.18690215,0.043317426,0.070518985,0.97888625,0.123446696,0.1468664,0.6441736,0.7404266,-1.0,0
1763545346677,1009.9738,-1.2574283,3.0520453,11.514262,0.48617202,0.029550584,-0.009086614,79.33125,-16.9125,19.050001,46.950733,0.3361091,49.741684,0.18922803,0.041488666,0.070357636,0.9785301,0.12630835,0.14688347,0.6443162,0.73981625,-1.0,0
1763545346702,1009.9731,-2.015953,2.9605198,9.323035,0.5248092,0.019013166,0.044516772,79.875,-17.737501,20.4375,46.950733,0.3361091,49.741684,0.19337934,0.042148747,0.07011312,0.9777075,0.12911274,0.15000662,0.64420253,0.7388038,-1.0,0
1763545346727,1009.9731,-1.9968106,2.845066,7.8071823,0.28993168,-0.22899793,0.081015944,79.856255,-19.237501,20.831251,46.950733,0.3361091,49.741684,0.19802846,0.042905085,0.070299126,0.9767302,0.1322805,0.15348612,0.6442001,0.73752975,-1.0,0
1763545346752,1009.90546,-1.2628121,2.4418755,8.306684,-0.14836378,-0.16623157,-0.029397868,77.55,-18.243752,21.6375,46.950733,0.3361091,49.741684,0.2008046,0.038191997,0.07030554,0.97635853,0.1372213,0.1514973,0.64453346,0.7367466,-1.0,0
1763545346777,1009.85443,-1.4285151,2.283351,8.041678,-0.2022726,0.0014508038,-0.07735075,78.787506,-18.84375,19.6875,46.950733,0.3361091,49.741684,0.1992509,0.03677905,0.069722764,0.97677284,0.1367555,0.14950436,0.64470047,0.7370941,-1.0,0
1763545346802,1009.85443,-1.6342978,2.2331018,7.585248,-0.26137376,-0.0002290743,-0.05780308,79.875,-17.1,19.462502,46.950733,0.3361091,49.741684,0.19429615,0.037249096,0.068524346,0.9778374,0.13236271,0.14703266,0.6451756,0.73797697,-1.0,0
1763545346829,1009.80536,-1.8747765,2.4035904,7.536793,-0.31299183,-0.07475458,0.020998476,78.787506,-17.456251,18.825,46.950733,0.3361091,49.741684,0.19119899,0.03664859,0.0686394,0.9784623,0.13019566,0.14473857,0.64595675,0.73813254,-1.0,0
1763545346854,1009.80536,-1.6325033,2.6004,8.199007,-0.13125958,-0.012599086,0.31757334,77.043755,-15.900001,19.3875,46.950733,0.3361091,49.741684,0.1884397,0.035787664,0.06996848,0.9789352,0.12846456,0.1424329,0.64757514,0.73746604,-1.0,0
1763545346880,1009.7778,-1.0366904,2.9467611,7.969296,0.05688678,-0.0037415468,0.4351648,78.918755,-17.34375,20.8125,46.950733,0.3361091,49.741684,0.18712375,0.03533238,0.07294421,0.978987,0.12763524,0.14132558,0.65027016,0.7354489,-1.0,0
1763545346905,1009.7609,-0.31286156,3.3469608,7.498508,0.16913319,-0.107741274,0.43180504,78.637505,-17.362501,19.7625,46.950733,0.3361091,49.741684,0.18955618,0.033138208,0.08082691,0.9779761,0.13082018,0.14112324,0.6563457,0.7295071,-1.0,0
1763545346931,1009.7609,-0.052043892,3.6987057,7.055238,0.07002038,-0.2587776,0.21036656,78.76875,-18.206251,18.712502,46.950733,0.3361091,49.741684,0.19158153,0.030499153,0.08340133,0.9774511,0.1340185,0.1402595,0.6581358,0.72747755,-1.0,0
1763545346957,1009.7421,-0.27816564,3.603591,7.673184,0.010613776,-0.17905974,0.17524183,78.356255,-17.493752,17.493752,46.950733,0.3361091,49.741684,0.19312021,0.02572631,0.08620926,0.9770418,0.13811731,0.13740769,0.660204,0.72537816,-1.0,0
1763545346982,1009.74677,-0.34516466,3.6227336,8.166703,0.03489565,-0.12163845,0.17371467,77.55,-18.46875,19.0125,46.950733,0.3361091,49.741684,0.19364628,0.024340197,0.08760625,0.9768489,0.13934684,0.13665207,0.66134965,0.7242412,-1.0,0
1763545347008,1009.74677,-0.039481573,3.932006,9.120842,0.18639012,-0.21952952,0.1532507,77.25,-19.237501,18.9375,46.950733,0.3361091,49.741684,0.1947124,0.022661183,0.08902917,0.97654873,0.1411938,0.13598074,0.6623973,0.72305137,-1.0,0
1763545347032,1009.7585,0.148355,4.0157547,9.202796,0.2766454,-0.28825182,0.07032581,76.950005,-17.90625,18.431252,46.950733,0.3361091,49.741684,0.19671759,0.020474987,0.090019785,0.9761042,0.14408608,0.13548523,0.6630627,0.72196317,-1.0,0
1763545347057,1009.778,0.3278167,4.0217366,9.023932,0.21281002,-0.35651594,-0.06253728,76.443756,-18.825,19.143751,46.950733,0.3361091,49.741684,0.20194425,0.014735665,0.088776335,0.97525394,0.1516903,0.13412187,0.6617267,0.7218858,-1.0,0
1763545347082,1009.778,0.014356935,4.1425743,9.476774,-0.25389066,-0.020693045,-0.37453645,76.631256,-18.675001,18.35625,46.950733,0.3361091,49.741684,0.20215553,0.012736082,0.08625086,0.9754649,0.15304008,0.13269436,0.66001076,0.723434,-1.0,0
1763545347107,1009.8073,-0.6221339,4.1174498,9.91825,-0.48204866,0.08116866,-0.4322632,77.4375,-18.337502,18.5625,46.950733,0.3361091,49.741684,0.19976678,0.013045069,0.082711995,0.97625905,0.15092961,0.13151881,0.65780795,0.7260935,-1.0,0
1763545347133,1009.8073,-0.75553375,3.9218364,10.375279,-0.6653081,-0.026648976,-0.3757582,77.175,-16.7625,18.337502,46.950733,0.3361091,49.741684,0.18873446,0.014548297,0.07529326,0.97902936,0.1411921,0.12608388,0.65390164,0.7325164,-1.0,0
1763545347158,1009.8378,0.069391854,3.6604204,11.0811615,-0.86597717,-0.21219915,-0.3107011,79.2375,-15.4125,16.5,46.950733,0.3361091,49.741684,0.18053827,0.012514784,0.072082266,0.98084325,0.13587025,0.11954065,0.6527012,0.7356837,-1.0,0
1763545347183,1009.88226,1.174876,2.8809586,13.771891,-0.7409026,0.040393434,-0.3181842,78.61875,-14.85,16.21875,46.950733,0.3361091,49.741684,0.17119657,0.0108181555,0.06904108,0.9827553,0.12942557,0.11258026,0.65178055,0.73875356,-1.0,0
1763545347208,1009.88226,1.2933207,2.2085752,13.680366,-0.18180864,-0.037033677,-0.29787293,78.5625,-14.868751,19.1625,46.950733,0.3361091,49.741684,0.16147263,0.010568345,0.06335895,0.9847845,0.12166494,0.10668994,0.64980876,0.74267316,-1.0,0
1763545347233,1009.9299,1.14018,2.050649,11.641681,0.16684245,-0.36583164,-0.2748128,77.418755,-14.118751,17.7,46.950733,0.3361091,49.741684,0.16277398,0.0072958646,0.060192645,0.9847986,0.124595754,0.10499759,0.64797133,0.7440327,-1.0,0
1763545347258,1009.9167,0.82612205,1.9363917,10.165309,-0.11797326,-0.29237515,-0.067118764,77.9625,-12.918751,16.95,46.950733,0.3361091,49.741684,0.16338722,0.0026313644,0.05755388,0.9848783,0.12785752,0.10175838,0.64642274,0.7452753,-1.0,0
1763545347284,1009.9167,1.1772687,2.1487548,10.701301,-0.03657553,0.026648976,-0.021609342,77.25,-13.6125,16.29375,46.950733,0.3361091,49.741684,0.16209817,-0.00026238733,0.056474973,0.9851572,0.12853518,0.098765336,0.64623845,0.7457211,-1.0,0
1763545347309,1009.90204,1.3112668,2.4658036,10.021739,0.21800236,0.09185879,-0.061162837,77.55,-12.093751,16.95,46.950733,0.3361091,49.741684,0.16317277,0.00055376854,0.05593939,0.98501027,0.12876047,0.10023172,0.6466731,0.74510956,-1.0,0
1763545347335,1009.90204,1.230509,2.9300113,7.692925,0.3520872,-0.032604907,-0.29512405,77.53125,-13.087501,15.31875,46.950733,0.3361091,49.741684,0.16646765,0.00033810234,0.054423578,0.9845438,0.13145588,0.10213202,0.64550513,0.7453936,-1.0,0
1763545347360,1009.8669,0.69571316,2.9874392,7.029515,0.2948186,0.14149155,-0.42920887,78.1125,-13.031251,15.712501,46.950733,0.3361091,49.741684,0.16987015,0.00040755045,0.05159674,0.9841147,0.13408177,0.10429821,0.6431694,0.7466439,-1.0,0
1763545347385,1009.81976,-0.15553348,2.9910283,6.430113,0.24518585,0.3079522,-0.48006335,79.537506,-14.625001,15.95625,46.950733,0.3361091,49.741684,0.17500722,0.0062518544,0.043715388,0.9835763,0.13454801,0.11208677,0.6367336,0.7509352,-1.0,0
1763545347410,1009.81976,-0.8045866,3.2805598,5.971887,0.1164461,0.045585785,-0.39668033,76.818756,-14.400001,15.468751,46.950733,0.3361091,49.741684,0.17688808,0.009773265,0.039888214,0.98337376,0.13388711,0.11601359,0.63353276,0.7531609,-1.0,0
1763545347435,1009.7575,-0.6095716,3.437888,6.526424,0.015806125,-0.11400264,-0.3919461,78.412506,-13.63125,17.1,46.950733,0.3361091,49.741684,0.17816459,0.011139264,0.03615831,0.983273,0.13407457,0.11785884,0.6304299,0.75544125,-1.0,0
1763545347460,1009.7343,-0.5138587,3.3230324,7.3621173,-0.05169443,-0.012599086,-0.383394,77.86875,-13.5375,15.150001,46.950733,0.3361091,49.741684,0.17817135,0.0115283085,0.028543089,0.9835178,0.13386302,0.118146636,0.6244212,0.7604079,-1.0,0
1763545347485,1009.7343,-0.8243274,3.4654055,8.001,-0.051389,0.19494222,-0.34063348,80.100006,-12.468751,17.325,46.950733,0.3361091,49.741684,0.17769638,0.014091909,0.025629431,0.9836506,0.13191594,0.119886465,0.62221485,0.7622822,-1.0,0
1763545347510,1009.7392,-2.204986,3.8709888,9.01795,0.0721584,0.17753258,-0.022831071,77.475006,-14.08125,14.906251,46.950733,0.3361091,49.741684,0.17771071,0.017025601,0.023767432,0.9836484,0.13013734,0.122209825,0.6207076,0.76344687,-1.0,0
1763545347535,1009.7392,-2.2528424,4.165306,9.402596,0.14057526,0.15263984,0.21815509,77.850006,-12.806251,16.35,46.950733,0.3361091,49.741684,0.17845695,0.01923353,0.023783457,0.98347217,0.1293832,0.12440576,0.62057114,0.7633313,-1.0,0
1763545347560,1009.75824,-1.8951155,4.551149,9.685548,0.11537708,0.11873684,0.38950264,78.80625,-12.58125,15.000001,46.950733,0.3361091,49.741684,0.18121801,0.021750038,0.029857738,0.982749,0.13006073,0.12805171,0.62473506,0.7592055,-1.0,0
1763545347586,1009.7924,-0.3900301,4.726423,11.648261,0.019929463,0.39988735,0.404927,80.231255,-13.312501,16.743752,46.950733,0.3361091,49.741684,0.1816949,0.022697236,0.034436405,0.98248965,0.12987293,0.12907834,0.6281149,0.75626945,-1.0,0
1763545347611,1009.7924,-0.9068798,4.838886,11.753545,0.12454005,0.74777484,0.37255114,80.25,-12.562501,16.5375,46.950733,0.3361091,49.741684,0.18190987,0.02579901,0.0389793,0.98220354,0.12813479,0.13167486,0.63159865,0.7532107,-1.0,0
1763545347636,1009.84906,-1.7198412,5.1625147,10.945967,0.16058108,0.7253256,0.46036297,79.74375,-14.868751,18.431252,46.950733,0.3361091,49.741684,0.1844406,0.038678326,0.049366277,0.9808408,0.12228336,0.14339152,0.6388576,0.7458865,-1.0,0
1763545347661,1009.862,-1.3998013,4.9375896,10.639088,0.08147409,0.3661371,0.5180897,81.05625,-13.593751,16.518751,46.950733,0.3361091,49.741684,0.18541263,0.041488137,0.05487339,0.9802499,0.121350065,0.14619602,0.64277333,0.7421208,-1.0,0
1763545347686,1009.862,-0.31046873,3.4594233,11.799008,0.10621411,0.24426955,0.43073604,81.65625,-13.425,17.681252,46.950733,0.3361091,49.741684,0.18557623,0.0419673,0.060007326,0.9798976,0.121163286,0.1466944,0.6467376,0.73860055,-1.0,0
1763545347711,1009.89325,-0.6771688,3.0448668,10.956735,0.21296273,0.19631667,0.348422,80.662506,-14.025001,17.98125,46.950733,0.3361091,49.741684,0.18636833,0.043437086,0.06449135,0.97939825,0.12081827,0.14840108,0.6503411,0.7351439,-1.0,0
1763545347736,1009.89325,-0.71306115,2.8642087,9.8117695,0.043905906,-0.2070068,0.3165043,80.025,-15.712501,18.13125,46.950733,0.3361091,49.741684,0.18850002,0.04225676,0.07063541,0.9786178,0.123059526,0.14891018,0.6555423,0.7300318,-1.0,0
1763545347761,1009.8835,-0.16869399,2.7128627,10.076176,-0.25633413,-0.38476846,0.24976733,80.025,-15.712501,18.13125,46.950733,0.3361091,49.741684,0.18617272,0.03793085,0.07239977,0.97911143,0.12379892,0.14412792,0.65760636,0.7290095,-1.0,0
1763545347786,1009.8962,0.29790643,2.181058,10.475778,-0.39011353,0.24197881,-0.003130682,79.818756,-14.606251,17.79375,46.950733,0.3361091,49.741684,0.18192877,0.036270913,0.07347043,0.9798921,0.121365294,0.14030011,0.6594463,0.7285032,-1.0,0
1763545347812,1009.8962,-0.4235296,2.4107687,9.680164,-0.20975569,0.37972882,-0.027259842,81.918755,-14.38125,17.081251,46.950733,0.3361091,49.741684,0.17507362,0.041408278,0.07449872,0.9808591,0.11261363,0.14029825,0.66182005,0.72775596,-1.0,0
1763545347837,1009.8715,-1.0893325,2.9180472,7.2987075,0.099341884,0.13950625,0.19891284,81.037506,-15.1125,17.23125,46.950733,0.3361091,49.741684,0.17465511,0.044426095,0.0756391,0.9807143,0.110374056,0.1424628,0.66290617,0.7266893,-1.0,0
1763545347863,1009.8044,-0.7190432,3.2757742,6.79442,0.10483967,-0.008628465,0.2711476,79.575005,-15.750001,17.868752,46.950733,0.3361091,49.741684,0.17556068,0.04564244,0.07769466,0.98033607,0.11031856,0.14399515,0.6644012,0.72502846,-1.0,0
1763545347888,1009.8044,-0.5371887,3.3792639,6.7848487,0.093996815,-0.108963005,0.2928333,80.55,-15.281251,18.525002,46.950733,0.3361091,49.741684,0.17809513,0.043872584,0.08273755,0.9795467,0.113427624,0.14414176,0.66778004,0.7214064,-1.0,0
1763545347913,1009.758,-0.3924229,3.676572,7.4907312,0.1155298,-0.303218,0.34246606,81.375,-14.94375,16.25625,46.950733,0.3361091,49.741684,0.179524,0.041487228,0.085450955,0.9791568,0.116030194,0.14313297,0.6696357,0.7194706,-1.0,0
1763545347939,1009.73334,-0.039481573,3.714259,8.105088,0.14744748,-0.3192532,0.29741478,80.418755,-15.39375,15.150001,46.950733,0.3361091,49.741684,0.18118241,0.0381656,0.08811672,0.9787501,0.119396694,0.14152071,0.67140716,0.7175853,-1.0,0
1763545347965,1009.73334,0.14057833,3.671188,8.72483,0.20609051,-0.25923574,0.211741,81.75,-14.531251,16.650002,46.950733,0.3361091,49.741684,0.1854219,0.0319841,0.091812335,0.97783756,0.12654081,0.13925405,0.6737623,0.71459085,-1.0,0
1763545347991,1009.7392,-0.6765706,3.510869,9.217153,0.35254532,-0.05093085,0.16714787,80.756256,-15.750001,17.1375,46.950733,0.3361091,49.741684,0.18823794,0.030283606,0.09273294,0.9772666,0.12979074,0.13966024,0.67422086,0.7134953,-1.0,0
1763545348017,1009.75116,-0.56769717,3.3314073,9.148359,0.4785362,0.050625417,0.23327398,80.981255,-16.96875,15.4875,46.950733,0.3361091,49.741684,0.19160251,0.02990386,0.09410169,0.97649324,0.13265438,0.1414517,0.67493904,0.71193504,-1.0,0
1763545348043,1009.75116,-0.0017946169,3.35055,8.657232,0.5820778,-0.025121814,0.21006113,82.350006,-15.31875,14.775001,46.950733,0.3361091,49.741684,0.20146789,0.030373977,0.09800095,0.9741067,0.14006683,0.14796339,0.67690724,0.7073081,-1.0,0
1763545348068,1009.7541,0.927817,3.196811,7.6977105,0.42722356,-0.13645191,-0.12438734,78.918755,-19.050001,17.362501,46.950733,0.3361091,49.741684,0.20694484,0.02927012,0.098250344,0.9729666,0.14501637,0.15050969,0.6766183,0.7060487,-1.0,0
1763545348094,1009.7541,0.22432712,3.7573297,6.9361944,0.07658717,0.10682498,-0.35178176,79.51875,-18.35625,15.8625,46.950733,0.3361091,49.741684,0.21098152,0.028363526,0.09673316,0.97227824,0.14870957,0.1523258,0.67520976,0.7062394,-1.0,0
1763545348119,1009.7541,-1.1330016,4.2598224,6.934998,-0.4379137,0.34888014,-0.46662432,79.5,-16.143751,18.225,46.950733,0.3361091,49.741684,0.20726553,0.034016084,0.090083614,0.97353417,0.142325,0.1544658,0.6706311,0.71143365,-1.0,0
1763545348145,1009.75116,-1.3848461,3.8997028,8.520244,-0.8021418,0.2511418,-0.45730865,81.543755,-15.656251,14.887501,46.950733,0.3361091,49.741684,0.19945003,0.036898468,0.086501986,0.97538483,0.13440453,0.15191193,0.668894,0.71514964,-1.0,0
1763545348170,1009.75116,-0.68135625,3.5060835,12.094522,-1.1074215,-0.42233664,-0.5255728,80.287506,-15.3,16.06875,46.950733,0.3361091,49.741684,0.19011724,0.035416562,0.08197408,0.9776918,0.12792708,0.14502953,0.66693443,0.7195829,-1.0,0
1763545348195,1009.7829,-1.2053844,2.7834508,14.281562,-0.923093,-0.14240785,-0.48311767,81.8625,-15.39375,17.00625,46.950733,0.3361091,49.741684,0.17959225,0.03156297,0.07659681,0.98024654,0.12197938,0.1355383,0.6644432,0.7247521,-1.0,0
1763545348220,1009.85785,-2.2211375,2.1337996,14.542379,-0.3777435,0.16821688,-0.20715952,81.506256,-12.3,14.700001,46.950733,0.3361091,49.741684,0.16583602,0.032429993,0.070388034,0.9831034,0.110398695,0.12792741,0.6625318,0.7297248,-1.0,0
1763545348246,1009.85785,-1.8999012,2.3114667,12.537792,0.07536544,-0.076434456,0.17692171,80.4,-14.043751,15.525001,46.950733,0.3361091,49.741684,0.16606116,0.03184389,0.07186215,0.98297787,0.11084154,0.12768905,0.66416264,0.7282154,-1.0,0
1763545348272,1009.851,1.9764715,2.7786653,9.518648,-0.26687154,-0.5258782,0.13614649,81.506256,-13.05,14.26875,46.950733,0.3361091,49.741684,0.16467983,0.02037386,0.07448467,0.9833196,0.11674875,0.117916375,0.66703826,0.7263095,-1.0,0
1763545348297,1009.851,2.0889342,2.9078777,9.602996,-0.6332377,-0.11293363,-0.14744748,81.61875,-14.00625,12.618751,46.950733,0.3361091,49.741684,0.15869202,0.018488063,0.07309295,0.9844453,0.11318416,0.11275777,0.6668235,0.72788835,-1.0,0
1763545348322,1009.8691,-0.13758731,2.9724839,10.556536,-0.5248092,0.270384,-0.28886268,81.1875,-11.8125,13.1625,46.950733,0.3361091,49.741684,0.15141554,0.020388566,0.07069168,0.9857283,0.106269084,0.10976903,0.66589135,0.7302372,-1.0,0
1763545348347,1009.8903,-0.5665008,2.8103702,10.102497,-0.1711185,0.050778136,-0.14301872,81.543755,-11.306251,14.793751,46.950733,0.3361091,49.741684,0.14612928,0.02293024,0.0684463,0.98662835,0.100528054,0.10850656,0.6647957,0.73223436,-1.0,0
1763545348372,1009.8903,-0.46121657,2.8516464,9.212965,0.13492475,-0.10804671,-0.020387612,80.30625,-11.793751,13.70625,46.950733,0.3361091,49.741684,0.14570461,0.022711372,0.06680231,0.9868089,0.10030786,0.10809242,0.6637682,0.73325723,-1.0,0
1763545348397,1009.8708,-0.19322042,3.3427732,7.167102,0.3427715,0.14118612,-0.017180571,80.231255,-12.168751,13.125001,46.950733,0.3361091,49.741684,0.14873704,0.022439318,0.0668429,0.98635983,0.1028527,0.10976134,0.66354954,0.73285455,-1.0,0
1763545348422,1009.8278,-0.17587246,3.5742788,6.5898337,0.29038984,0.23953535,-0.097814724,81.675,-11.418751,15.093751,46.950733,0.3361091,49.741684,0.15212613,0.024038648,0.06681125,0.9858073,0.10454112,0.11309895,0.66305995,0.7325512,-1.0,0
1763545348447,1009.8278,-0.3361916,3.644269,6.4002023,0.19326234,0.21968225,-0.17905974,81.95625,-12.243751,14.343751,46.950733,0.3361091,49.741684,0.15704829,0.029173587,0.064748615,0.98503417,0.10530391,0.12010973,0.66047883,0.7336569,-1.0,0
1763545348472,1009.7753,-0.6969096,3.676572,7.48774,0.037491824,0.1805869,-0.19921827,81.15,-13.312501,13.875001,46.950733,0.3361091,49.741684,0.15799008,0.031116512,0.06303946,0.984935,0.10488843,0.12217822,0.6587911,0.73489124,-1.0,0
1763545348498,1009.7753,-0.6969096,3.676572,7.48774,0.037491824,0.1805869,-0.19921827,80.25,-12.7875,13.312501,46.950733,0.3361091,49.741684,0.1584722,0.033242848,0.06140601,0.98489124,0.103984326,0.12412002,0.6572886,0.73603886,-1.0,0
1763545348523,1009.76483,-1.3082758,3.4450665,7.967501,0.12133302,0.2700786,-0.011071924,82.36875,-11.587501,15.337501,46.950733,0.3361091,49.741684,0.16040766,0.03909471,0.060858995,0.9843969,0.10192326,0.12988712,0.65634614,0.73617303,-1.0,0
1763545348548,1009.8046,-1.3896317,3.8111682,8.5938225,0.1466839,0.12560907,0.09674571,83.34375,-11.85,14.475,46.950733,0.3361091,49.741684,0.16195023,0.04045798,0.061896376,0.98402447,0.10232133,0.13189037,0.656774,0.73537964,-1.0,0
1763545348574,1009.8046,-0.5712864,4.074379,9.265608,0.23174682,-0.10636683,0.025579963,81.65625,-11.418751,15.712501,46.950733,0.3361091,49.741684,0.16448545,0.040315595,0.062811784,0.9835516,0.104419544,0.1333318,0.65710753,0.7345263,-1.0,0
1763545348599,1009.83856,-0.49232325,4.171288,8.983254,-0.023747368,-0.09644028,-0.08895718,81.262505,-12.69375,14.906251,46.950733,0.3361091,49.741684,0.16696598,0.03864451,0.06181284,0.983264,0.10744247,0.13351832,0.65592396,0.7351141,-1.0,0
1763545348624,1009.8625,-0.8141579,4.3322053,9.745967,-0.3661371,0.06482802,-0.12331833,81.262505,-12.69375,15.356251,46.950733,0.3361091,49.741684,0.16363293,0.039288532,0.060883354,0.9838566,0.10444993,0.13194521,0.65541106,0.7362859,-1.0,0
1763545348649,1009.8625,-1.5433706,4.874778,11.902498,-0.46494445,0.30367616,0.107435845,83.418755,-12.225,15.1125,46.950733,0.3361091,49.741684,0.15870863,0.04249094,0.061349142,0.98450106,0.09862793,0.13140184,0.6560139,0.73664904,-1.0,0
1763545348674,1009.8754,-1.1174482,4.273581,12.165709,-0.37224573,-0.16943862,0.19372049,83.4,-11.493751,15.525001,46.950733,0.3361091,49.741684,0.1543846,0.045130767,0.06301554,0.9849658,0.093628295,0.13078657,0.65743303,0.7361457,-1.0,0
1763545348699,1009.89374,-0.4755735,3.4259238,12.795021,-0.19524765,-0.36338818,0.2314414,83.25,-11.625,14.625001,46.950733,0.3361091,49.741684,0.14955215,0.03915847,0.066521764,0.9857361,0.093499936,0.12311375,0.6607363,0.7345259,-1.0,0
1763545348725,1009.89374,-1.0115658,2.3718855,10.697114,0.50602514,0.016416991,0.1882227,82.51875,-11.700001,14.1,46.950733,0.3361091,49.741684,0.15114158,0.038333826,0.06824537,0.9854082,0.09520051,0.12349137,0.66224,0.73288804,-1.0,0
1763545348751,1009.8437,-1.3435699,2.0638096,8.327621,0.30367616,-0.43501207,0.12224931,82.40625,-12.093751,15.525001,46.950733,0.3361091,49.741684,0.15571107,0.038597744,0.06985933,0.984573,0.098574184,0.1265656,0.66332465,0.7309341,-1.0,0
1763545348777,1009.8586,-1.6612171,1.791626,8.142178,-0.31299183,-0.7268527,0.12224931,81.693756,-12.150001,13.743751,46.950733,0.3361091,49.741684,0.15608373,0.027680459,0.070326544,0.98484814,0.10555742,0.11826228,0.66420746,0.7305478,-1.0,0
1763545348802,1009.8586,-1.0049855,0.80937225,11.884552,-0.68821555,0.06498074,0.15462515,82.0875,-11.606251,14.2875,46.950733,0.3361091,49.741684,0.14887287,0.023034068,0.07127202,0.9860155,0.102706365,0.11020481,0.666048,0.7305384,-1.0,0
1763545348827,1009.8598,-1.3764713,0.82971126,11.949757,-0.28260133,0.32994333,0.2352593,81.65625,-11.64375,12.937501,46.950733,0.3361091,49.741684,0.14168271,0.023085391,0.072962694,0.9869496,0.096937835,0.10587719,0.66856134,0.72967035,-1.0,0
1763545348852,1009.8598,-1.4392828,1.3040884,10.746765,0.14179699,0.2532798,0.33727372,82.443756,-11.325001,13.462501,46.950733,0.3361091,49.741684,0.13887347,0.028196419,0.07917227,0.9867375,0.09139861,0.108292066,0.67443144,0.72461116,-1.0,0
1763545348878,1009.8239,-1.1581261,1.8125632,9.262616,0.39515316,0.18226677,0.40324712,83.287506,-12.1125,15.281251,46.950733,0.3361091,49.741684,0.14231102,0.029897436,0.08312502,0.9858722,0.092992514,0.1117975,0.67729104,0.7212008,-1.0,0
1763545348903,1009.7707,-1.0504491,2.6303103,7.1485577,0.41683885,0.36109746,0.45425433,80.9625,-12.731251,14.925,46.950733,0.3361091,49.741684,0.14643596,0.03242898,0.087446414,0.98481363,0.094633766,0.116359696,0.680147,0.71756876,-1.0,0
1763545348929,1009.7707,-0.7932207,2.661417,7.0522466,0.45547605,0.36384633,0.49350238,81.4875,-14.531251,14.83125,46.950733,0.3361091,49.741684,0.15028344,0.03575704,0.092129245,0.9836913,0.09558431,0.12135616,0.6831095,0.7137911,-1.0,0
1763545348953,1009.71967,-0.42652065,2.789433,6.674779,0.54008085,0.21952952,0.47823077,81.168755,-14.700001,14.400001,46.950733,0.3361091,49.741684,0.15971743,0.040974658,0.101831585,0.98104113,0.0997442,0.13129996,0.68903655,0.70571953,-1.0,0
1763545348978,1009.71967,-0.19441684,3.0927234,6.1040907,0.47349656,-0.12255475,0.38293585,81.637505,-15.900001,15.50625,46.950733,0.3361091,49.741684,0.16466965,0.039692003,0.10508593,0.9799313,0.10444077,0.13335544,0.690801,0.7029242,-1.0,0
1763545349003,1009.7004,-0.49471608,3.054438,7.0151577,-0.058108512,-0.3165043,0.19677481,82.481255,-15.95625,16.96875,46.950733,0.3361091,49.741684,0.16751489,0.036256496,0.10678202,0.9793987,0.10883936,0.1324,0.6916136,0.7016372,-1.0,0
1763545349028,1009.73724,-0.35413775,2.8468606,8.600403,-0.17004949,-0.17004949,0.21342088,81.731255,-16.987501,13.70625,46.950733,0.3361091,49.741684,0.16615671,0.030887906,0.109933235,0.9794655,0.11111333,0.12734184,0.69408894,0.6997703,-1.0,0
1763545349053,1009.73724,0.4660022,2.8037899,10.300504,0.17646356,-0.19341506,0.10377065,83.662506,-14.793751,13.06875,46.950733,0.3361091,49.741684,0.16577071,0.029370986,0.11156295,0.97939324,0.11171878,0.12594244,0.695507,0.69851804,-1.0,0
1763545349078,1009.767,0.63170516,2.8965118,9.696914,0.23006694,-0.35162905,-0.038560838,80.137505,-16.1625,14.75625,46.950733,0.3361091,49.741684,0.16749354,0.027405098,0.11220418,0.9790838,0.11424566,0.12551118,0.6960634,0.69763213,-1.0,0
1763545349103,1009.8088,0.6203393,2.978466,9.422338,0.035964664,-0.37316203,-0.1796706,81.7125,-15.525001,15.468751,46.950733,0.3361091,49.741684,0.17051816,0.020814782,0.10893474,0.97909325,0.12064165,0.12229182,0.6938949,0.69928545,-1.0,0
1763545349129,1009.8088,0.28115666,3.187838,9.715458,-0.23174682,-0.03581195,-0.31024295,79.818756,-15.58125,14.75625,46.950733,0.3361091,49.741684,0.16824605,0.02062561,0.10600021,0.97981215,0.1189564,0.12075396,0.6921761,0.70154124,-1.0,0
1763545349155,1009.8327,-0.7603194,3.5766716,10.415359,-0.5455786,0.26244277,-0.39530587,80.4375,-14.64375,14.94375,46.950733,0.3361091,49.741684,0.16360258,0.023709856,0.10291757,0.9808568,0.11338939,0.12029468,0.6904844,0.704204,-1.0,0
1763545349180,1009.8327,-0.61016977,3.610171,10.919048,-0.53733194,0.02573268,-0.3684278,80.4375,-14.64375,14.94375,46.950733,0.3361091,49.741684,0.15809304,0.02640038,0.09969435,0.9820238,0.10739788,0.11897932,0.68870676,0.7071016,-1.0,0
1763545349205,1009.872,0.2416751,3.5288153,11.050055,-0.57337296,-0.20609051,-0.41149378,81.95625,-12.993751,13.462501,46.950733,0.3361091,49.741684,0.14756273,0.024861982,0.09230187,0.9844224,0.10010032,0.11123311,0.68445444,0.7135329,-1.0,0
1763545349230,1009.9328,0.9092726,3.3487554,11.622538,-0.69600403,-0.24152066,-0.5180897,82.78125,-13.275001,13.5375,46.950733,0.3361091,49.741684,0.14106986,0.022419833,0.08722001,0.98589516,0.09652652,0.10529001,0.68144304,0.7177966,-1.0,0
1763545349257,1009.94696,0.31585258,1.9357935,13.476975,-0.24961463,-0.1353829,-0.4672352,81.787506,-10.14375,14.400001,46.950733,0.3361091,49.741684,0.1321155,0.02052894,0.07717391,0.98801225,0.09060719,0.09831724,0.6755074,0.7251302,-1.0,0
1763545349282,1009.94696,0.53359944,1.5966109,12.636497,0.26519167,-0.36231917,-0.24869832,81.356255,-9.337501,15.468751,46.950733,0.3361091,49.741684,0.1343888,0.017394748,0.07429824,0.98798627,0.09426644,0.0973487,0.6737712,0.7264086,-1.0,0
1763545349307,1009.9245,1.9734805,1.7934206,9.503095,0.29161158,-0.6011673,-0.25282165,80.45625,-10.275001,13.762501,46.950733,0.3361091,49.741684,0.13902336,0.012304238,0.0720021,0.9875914,0.10100661,0.09631488,0.6721574,0.7271351,-1.0,0
1763545349332,1009.9245,1.7718852,1.7126628,9.40798,-0.04650208,-0.31299183,-0.3520872,79.443756,-11.75625,12.88125,46.950733,0.3361091,49.741684,0.14150918,0.0036374154,0.065055326,0.9877903,0.108277656,0.09118126,0.667468,0.73105973,-1.0,0
1763545349358,1009.90497,1.1210374,1.6079768,9.745967,-0.24518585,0.09598213,-0.3853793,80.7375,-9.75,12.168751,46.950733,0.3361091,49.741684,0.1388322,0.0045937737,0.061549805,0.9883906,0.105543956,0.09031032,0.66547316,0.7333826,-1.0,0
1763545349384,1009.8564,-0.08673982,2.1732812,9.5455675,0.10789399,0.37071857,-0.17692171,79.05,-9.9375,14.19375,46.950733,0.3361091,49.741684,0.13658786,0.008012707,0.059129823,0.9888292,0.10162498,0.09161229,0.6641038,0.7350141,-1.0,0
1763545349409,1009.8564,-0.17168503,2.461018,8.187641,0.38599017,0.23464844,-0.099800035,80.64375,-10.762501,13.781251,46.950733,0.3361091,49.741684,0.13723892,0.011837446,0.057918396,0.9887724,0.09971541,0.0950341,0.6633367,0.73553365,-1.0,0
1763545349434,1009.7863,-0.2321038,2.5938199,6.847062,0.4841867,0.10392337,-0.077961616,81.0,-11.1,14.83125,46.950733,0.3361091,49.741684,0.1454088,0.01582967,0.056553762,0.98762715,0.10358933,0.10326443,0.6616053,0.73544824,-1.0,0
1763545349459,1009.7204,-1.1162517,2.9515467,5.7834525,0.2615265,0.09353867,0.022372922,81.09375,-11.475,14.38125,46.950733,0.3361091,49.741684,0.14953844,0.016986944,0.056015402,0.98702174,0.106106915,0.10673156,0.66068214,0.7354242,-1.0,0
1763545349484,1009.7204,-1.4476577,3.1052856,6.136992,0.10224349,0.0721584,0.19020802,81.84375,-9.7875,15.450001,46.950733,0.3361091,49.741684,0.15222813,0.018217308,0.05629694,0.98657256,0.107468665,0.1093424,0.6604105,0.7350868,-1.0,0
1763545349509,1009.69086,-1.3316058,3.4331024,7.0689964,0.056734066,0.035048366,0.3523926,84.4875,-9.75,15.31875,46.950733,0.3361091,49.741684,0.15428706,0.019192355,0.061525118,0.9859218,0.10853261,0.11132618,0.6636543,0.7317036,-1.0,0
1763545349534,1009.69086,-1.2658032,3.8015969,7.867601,0.12515092,0.01244637,0.47884163,80.68125,-11.26875,15.187501,46.950733,0.3361091,49.741684,0.15582632,0.018976644,0.06604863,0.98539114,0.10990627,0.11208285,0.66661817,0.7286826,-1.0,0
1763545349559,1009.68915,-0.863809,4.314259,8.656634,0.26778784,-0.053985175,0.68760467,80.793755,-12.88125,15.262501,46.950733,0.3361091,49.741684,0.15829527,0.018122243,0.07163292,0.98462325,0.11240345,0.11292155,0.67027825,0.7248043,-1.0,0
1763545349584,1009.70966,-0.86979103,4.6695933,9.022138,0.21219915,-0.0037415468,0.7399863,82.05,-12.375001,15.562501,46.950733,0.3361091,49.741684,0.16129704,0.016981784,0.07801707,0.9836708,0.11549913,0.113864236,0.67443144,0.7203035,-1.0,0
1763545349610,1009.70966,-0.94396853,4.7545385,9.908679,0.1277471,0.11155918,0.7909935,80.043755,-13.687501,14.775001,46.950733,0.3361091,49.741684,0.16533251,0.016360551,0.09261549,0.9817433,0.11913383,0.115799986,0.68407345,0.7102401,-1.0,0
1763545349635,1009.7536,-0.6658029,4.516453,11.250454,0.11995857,0.26198465,0.8442915,82.40625,-14.83125,17.212502,46.950733,0.3361091,49.741684,0.1665353,0.017550955,0.1008314,0.9807094,0.11935969,0.11745343,0.6896963,0.70446926,-1.0,0
1763545349660,1009.8007,-0.7268199,4.540381,11.5722885,0.08926262,0.3050506,0.8668935,80.86875,-15.243751,16.78125,46.950733,0.3361091,49.741684,0.16767387,0.018977184,0.1092078,0.97959125,0.119372815,0.11926775,0.69549096,0.6984395,-1.0,0
1763545349686,1009.8007,-0.75553375,4.7132626,11.801999,0.031077746,0.38599017,0.93195057,80.8125,-15.50625,17.41875,46.950733,0.3361091,49.741684,0.16855438,0.023113063,0.12726739,0.97716844,0.117501825,0.12303705,0.7080247,0.6853877,-1.0,0
1763545349712,1009.841,0.3900301,3.5635111,12.211172,-0.20777038,-0.04772381,0.8331432,80.662506,-16.368752,15.4875,46.950733,0.3361091,49.741684,0.16784678,0.02368573,0.13628395,0.97606,0.11659421,0.123042025,0.7143752,0.6789216,-1.0,0
1763545349737,1009.8515,0.014955142,2.8444679,12.799807,-0.06513346,0.2286925,0.7876338,81.787506,-16.40625,17.681252,46.950733,0.3361091,49.741684,0.16604458,0.021519095,0.14412038,0.9752925,0.11650671,0.12025002,0.72017676,0.6732842,-1.0,0
1763545349763,1009.8515,-1.0857433,2.3234308,11.4394865,0.28137958,0.5275581,0.8592577,80.7375,-18.112501,16.5,46.950733,0.3361091,49.741684,0.16494487,0.022247944,0.15192875,0.97427714,0.115130946,0.12019422,0.7259947,0.66725546,-1.0,0
1763545349788,1009.8039,-1.7078772,2.5202405,9.204591,0.4134791,0.10407609,1.0235803,80.68125,-19.10625,16.40625,46.950733,0.3361091,49.741684,0.17019756,0.026754115,0.17038809,0.9701984,0.11629412,0.12711677,0.73858935,0.6517689,-1.0,0
1763545349813,1009.8039,0.36251262,2.6213372,8.550752,-0.12438734,-0.60910857,0.9232457,80.86875,-18.975,15.918751,46.950733,0.3361091,49.741684,0.17321937,0.020549454,0.17942637,0.96818334,0.1225037,0.124177605,0.7445169,0.6444124,-1.0,0
1763545349838,1009.80316,0.6945168,2.2546372,9.3200445,-0.34994915,-0.11140647,0.66988957,78.4875,-19.837502,16.6875,46.950733,0.3361091,49.741684,0.17001867,0.010219545,0.19317818,0.9662667,0.12639612,0.114170074,0.7543692,0.6339687,-1.0,0
1763545349864,1009.76996,-0.1698904,2.1092732,9.445069,-0.415159,0.2937496,0.54405147,78.637505,-19.706251,17.587502,46.950733,0.3361091,49.741684,0.16536152,0.0113213,0.19877568,0.96592736,0.12202402,0.11217281,0.75879216,0.6298904,-1.0,0
1763545349889,1009.76996,-1.0456635,2.1834507,8.901898,-0.13889538,0.1833358,0.6747765,80.100006,-19.6875,17.587502,46.950733,0.3361091,49.741684,0.1614532,0.013127831,0.20470005,0.96532816,0.11779701,0.111190595,0.76330674,0.6253985,-1.0,0
1763545349914,1009.7402,-0.88354975,2.1517458,8.372486,0.039477136,0.07460186,0.78351045,79.443756,-20.118752,16.59375,46.950733,0.3361091,49.741684,0.1596215,0.013824814,0.21125852,0.9642094,0.11589058,0.110632375,0.76795626,0.62013954,-1.0,0
1763545349939,1009.716,-0.37208393,2.2558336,7.785647,0.14530946,0.06330086,0.8728494,79.21875,-20.5125,16.800001,46.950733,0.3361091,49.741684,0.16089338,0.013435763,0.226797,0.9604665,0.117067665,0.11118613,0.77805847,0.6070897,-1.0,0
1763545349964,1009.716,0.4001996,2.7732813,7.204789,0.17921245,0.093996815,0.8250492,79.818756,-20.456251,17.19375,46.950733,0.3361091,49.741684,0.16244571,0.013490477,0.23504238,0.95821947,0.1182323,0.11221287,0.78314525,0.6000941,-1.0,0
1763545349989,1009.70795,0.55752766,3.0957143,7.298109,0.14256057,0.045433067,0.7589231,79.40625,-23.23125,17.25,46.950733,0.3361091,49.741684,0.16405714,0.01350196,0.24279436,0.9560094,0.11948199,0.11323032,0.78780544,0.5935196,-1.0,0
1763545350015,1009.70795,0.695115,3.3547373,7.786245,0.092469655,-0.0067958706,0.6582832,78.5625,-23.0625,16.85625,46.950733,0.3361091,49.741684,0.16660601,0.012176828,0.25588572,0.9521642,0.122326724,0.11376294,0.7954661,0.58251846,-1.0,0
1763545350040,1009.73114,0.6053841,3.539583,9.285348,0.17004949,0.07628174,0.5490911,77.925,-24.018751,17.4375,46.950733,0.3361091,49.741684,0.16758017,0.011673993,0.26128054,0.95053303,0.12341409,0.11396646,0.79858786,0.57796025,-1.0,0
1763545350067,1009.7597,0.738784,3.6681972,9.91825,0.35559967,0.091706075,0.48754644,76.21875,-23.7,18.056252,46.950733,0.3361091,49.741684,0.1690809,0.011959647,0.26641762,0.94883627,0.12441151,0.11512238,0.80150574,0.5734607,-1.0,0
1763545350093,1009.7597,0.48933223,3.8123646,9.921839,0.53916454,0.06971494,0.4418843,77.325005,-24.075,17.5125,46.950733,0.3361091,49.741684,0.17701739,0.014300124,0.27506918,0.94487953,0.12913306,0.12191925,0.80580217,0.56492764,-1.0,0
1763545350118,1009.7839,0.8350951,3.8793638,9.299107,0.5602394,0.09918917,0.37026042,76.21875,-26.550001,18.54375,46.950733,0.3361091,49.741684,0.18252455,0.015800862,0.27897584,0.94265985,0.13248578,0.12654012,0.80747855,0.56072587,-1.0,0
1763545350144,1009.80414,0.99960166,3.8877387,9.199206,0.43821913,0.25801402,0.2694677,76.481255,-26.550001,20.04375,46.950733,0.3361091,49.741684,0.1874659,0.01756984,0.28243044,0.94062793,0.13523749,0.13100761,0.80888355,0.55700564,-1.0,0
1763545350170,1009.80414,0.59760743,4.110271,8.919247,0.3012327,0.50648326,0.15630503,75.506256,-27.6375,21.150002,46.950733,0.3361091,49.741684,0.19230391,0.025692092,0.2875681,0.9379039,0.13394724,0.14035319,0.811115,0.5517713,-1.0,0
1763545350196,1009.7946,-0.27218357,4.579264,8.428718,0.10361794,0.57444197,0.092469655,76.537506,-26.2875,20.34375,46.950733,0.3361091,49.741684,0.19184023,0.031216111,0.2894096,0.9372646,0.13015205,0.1443522,0.81206584,0.55024713,-1.0,0
1763545350221,1009.8234,-0.30209386,4.3058844,9.275777,-0.553978,-0.29955283,0.09414954,76.96875,-26.250002,21.075,46.950733,0.3361091,49.741684,0.18975312,0.033219077,0.29053202,0.9372734,0.1273034,0.14458077,0.81282306,0.54973537,-1.0,0
1763545350246,1009.8234,0.48394838,3.7118661,11.627922,-0.8571196,-0.4652499,0.06101012,78.0,-26.38125,18.806252,46.950733,0.3361091,49.741684,0.17921282,0.022434188,0.29089484,0.9395529,0.12581913,0.12957653,0.8145449,0.5512677,-1.0,0
1763545350272,1009.9069,-0.86560357,1.762912,14.453247,-0.23663375,0.36506808,0.15752676,75.375,-26.2875,20.00625,46.950733,0.3361091,49.741684,0.17203745,0.019660996,0.29117474,0.9408686,0.12188782,0.12299106,0.81588346,0.55167997,-1.0,0
1763545350298,1009.89935,-1.5164514,1.5409778,12.454642,0.24686573,0.20120358,0.5115229,77.625,-24.656252,17.962502,46.950733,0.3361091,49.741684,0.16900869,0.024186013,0.2981434,0.93912816,0.11642235,0.12487889,0.82141566,0.5441759,-1.0,0
1763545350324,1009.89935,-0.31764722,1.9860427,10.46501,0.33864817,-0.19631667,0.7775545,74.90625,-25.706251,20.025002,46.950733,0.3361091,49.741684,0.17227843,0.022320777,0.30477104,0.93644893,0.120045535,0.12556729,0.82529414,0.5373188,-1.0,0
1763545350349,1009.88934,2.091327,2.5495524,8.917452,0.09812015,0.16668972,0.5419134,75.9375,-27.093752,20.2875,46.950733,0.3361091,49.741684,0.17467621,0.020155685,0.31123793,0.93392336,0.12322486,0.12543392,0.82893676,0.5309857,-1.0,0
1763545350374,1009.88934,1.8305093,2.9832516,8.336594,-0.01763872,0.3635409,0.30596688,74.83125,-25.35,20.15625,46.950733,0.3361091,49.741684,0.17507055,0.020650698,0.3164476,0.9320862,0.12320845,0.12607868,0.83188605,0.52620286,-1.0,0
1763545350399,1009.8488,0.99960166,3.162115,8.054241,-0.075212725,0.3835467,0.14118612,76.18125,-26.56875,20.400002,46.950733,0.3361091,49.741684,0.17220119,0.025861155,0.32181492,0.93065196,0.11773431,0.12829916,0.835029,0.52192384,-1.0,0
1763545350425,1009.8112,0.17407785,3.086143,7.839485,-0.06391173,0.33498296,0.09506583,74.662506,-27.6,20.60625,46.950733,0.3361091,49.741684,0.17066231,0.028569004,0.32323304,0.9303647,0.11484004,0.12943563,0.8359354,0.520836,-1.0,0
1763545350450,1009.8112,-0.8009974,2.8899314,7.1306114,0.050014555,0.4163807,0.22548546,75.225006,-26.41875,18.6375,46.950733,0.3361091,49.741684,0.1694341,0.031723317,0.32503346,0.92985964,0.111894965,0.13112512,0.8370504,0.51926136,-1.0,0
1763545350475,1009.76483,-0.8285148,3.0622149,6.722037,0.09124792,0.3908771,0.30657777,74.925,-27.6,22.44375,46.950733,0.3361091,49.741684,0.1683344,0.039147235,0.33098957,0.92767286,0.10635151,0.13622898,0.84040093,0.51367044,-1.0,0
1763545350501,1009.72723,-0.6478567,3.399603,6.759724,0.10468695,0.2635118,0.32230753,74.418755,-28.0125,21.28125,46.950733,0.3361091,49.741684,0.16866513,0.04161062,0.33422148,0.9263459,0.10507527,0.13834219,0.84202814,0.5106949,-1.0,0
1763545350526,1009.72723,-0.6562316,3.6281173,7.5236325,-0.058719378,0.1268308,0.35483608,76.05,-27.206251,20.4375,46.950733,0.3361091,49.741684,0.16887958,0.042943195,0.33725116,0.9251472,0.10442473,0.13949879,0.84355974,0.50797886,-1.0,0
1763545350551,1009.73456,-0.5449654,3.434897,8.535198,-0.07200569,0.24274239,0.45165816,76.78125,-26.400002,22.331251,46.950733,0.3361091,49.741684,0.16700576,0.045047916,0.34502533,0.9225168,0.1016526,0.13995352,0.84792775,0.50109714,-1.0,0
1763545350577,1009.7487,-0.5706882,3.4163525,9.2793665,0.022525638,0.37621635,0.57047135,77.5875,-26.175001,20.23125,46.950733,0.3361091,49.741684,0.16615173,0.047763538,0.35067075,0.9204033,0.09926634,0.14154135,0.85104895,0.49581042,-1.0,0
1763545350601,1009.7487,-0.85184485,3.559922,9.279964,0.39530587,0.5781072,0.84566593,76.387505,-29.906252,20.400002,46.950733,0.3361091,49.741684,0.16643582,0.052016098,0.3576798,0.91741955,0.09678392,0.14504977,0.8547354,0.48889762,-1.0,0
1763545350627,1009.7426,-1.18684,3.7477584,8.588439,0.46387544,0.440968,0.987692,74.793755,-28.237501,22.800001,46.950733,0.3361091,49.741684,0.16826569,0.057364963,0.36585435,0.9135352,0.094821505,0.15037608,0.8587324,0.48059818,-1.0,0
1763545350652,1009.7426,-0.89013004,3.8297126,8.473583,0.34888014,0.22472188,1.0900118,74.0625,-29.775002,20.962502,46.950733,0.3361091,49.741684,0.17418514,0.06338374,0.384617,0.9042742,0.095608026,0.15879883,0.86760604,0.46141285,-1.0,0
1763545350677,1009.7651,-0.05383851,3.6352959,10.402198,-0.1645517,0.3201695,0.9811252,73.0875,-30.0375,23.85,46.950733,0.3361091,49.741684,0.1750865,0.06334645,0.39395738,0.900072,0.09632495,0.15934101,0.87224895,0.45223194,-1.0,0
1763545350702,1009.8007,-0.81236327,3.6975093,11.594422,-0.21662793,0.6963095,1.0309107,72.20625,-31.500002,24.187502,46.950733,0.3361091,49.741684,0.1729492,0.06387631,0.40310848,0.8963883,0.0943125,0.15841956,0.8770975,0.44351816,-1.0,0
1763545350728,1009.8007,-1.3603196,4.006183,11.557333,-0.15905392,0.7607557,1.2315798,74.325005,-31.25625,22.556252,46.950733,0.3361091,49.741684,0.16485916,0.07165148,0.4251638,0.8870869,0.08301066,0.15944187,0.8887219,0.42173564,-1.0,0
1763545350752,1009.8305,-0.7052845,4.2681975,11.268998,-0.24671301,0.26106834,1.3247366,71.943756,-32.1375,23.325,46.950733,0.3361091,49.741684,0.1624683,0.0710175,0.4370309,0.88179624,0.08151053,0.15746576,0.8947209,0.40992078,-1.0,0
1763545350777,1009.86566,-1.1276177,3.5162528,13.03849,-0.17463097,0.17096578,1.1349103,70.668755,-32.756252,21.9375,46.950733,0.3361091,49.741684,0.16072191,0.06679728,0.44747165,0.8771976,0.08278698,0.15310037,0.89999944,0.39963436,-1.0,0
1763545350802,1009.86566,-2.8480573,3.2279177,11.810374,0.10193806,0.48953176,1.2265401,70.443756,-33.65625,24.187502,46.950733,0.3361091,49.741684,0.15887171,0.06588002,0.4574209,0.8724596,0.08185177,0.15126364,0.90493906,0.3892363,-1.0,0
1763545350828,1009.83295,-3.4139597,3.2925239,9.894321,0.142866,0.26687154,1.4550035,69.0,-34.3125,24.375002,46.950733,0.3361091,49.741684,0.15816158,0.07049028,0.48066965,0.85963523,0.078102544,0.15454435,0.9156004,0.3628938,-1.0,0
1763545350853,1009.83295,-1.4679967,3.2368908,9.62812,-0.18028148,-0.21815509,1.4119376,67.93125,-33.80625,24.150002,46.950733,0.3361091,49.741684,0.15957995,0.067643836,0.49310976,0.8525264,0.08088224,0.1532955,0.9210237,0.34881774,-1.0,0
1763545350879,1009.8366,-1.1736795,2.89711,10.192228,-0.35850126,0.14836378,1.2367721,67.012505,-34.7625,23.681252,46.950733,0.3361091,49.741684,0.15974453,0.06325087,0.50441056,0.84619796,0.083707176,0.15004033,0.925958,0.33627793,-1.0,0
1763545350904,1009.82855,-1.5278172,2.4197419,10.454242,-0.39454228,0.55061823,1.1599559,66.43125,-35.4375,23.925001,46.950733,0.3361091,49.741684,0.15077263,0.062172733,0.5252971,0.83514374,0.07727318,0.14361995,0.93550754,0.31341314,-1.0,0
1763545350929,1009.82855,-1.5870396,2.085345,9.696914,0.0112246405,0.5133555,1.3048835,64.818756,-34.74375,24.056252,46.950733,0.3361091,49.741684,0.14558853,0.06483328,0.53608185,0.8289855,0.07146059,0.14245264,0.9401963,0.30105072,-1.0,0
1763545350955,1009.80023,-0.849452,2.1505494,8.766704,0.24350597,0.31757334,1.3549744,64.725006,-35.11875,24.093752,46.950733,0.3361091,49.741684,0.14330167,0.06747245,0.5471648,0.8219019,0.06791176,0.143094,0.94448966,0.28783914,-1.0,0
1763545350980,1009.80023,0.025722843,2.3515465,7.748558,0.35437793,0.22518003,1.3233622,65.475006,-36.412502,24.862501,46.950733,0.3361091,49.741684,0.14405476,0.069604486,0.5581334,0.8141809,0.0670646,0.1452546,0.94820863,0.27441543,-1.0,0
1763545351005,1009.76117,1.0037891,2.804388,6.3050876,0.22808164,0.32902706,1.0391574,63.862503,-36.3375,26.1,46.950733,0.3361091,49.741684,0.14843518,0.07370917,0.57799214,0.7990363,0.06782361,0.15121508,0.9539586,0.24999397,-1.0,0
1763545351033,1009.73016,1.1730813,3.0263224,6.29432,0.06391173,0.30566147,0.8742238,61.10625,-37.74375,25.706251,46.950733,0.3361091,49.741684,0.14927311,0.07598128,0.586297,0.79259086,0.06706276,0.15348682,0.9562236,0.23995994,-1.0,0
1763545351059,1009.7316,1.0809577,3.077768,7.131808,-0.01809687,0.27267477,0.7286853,61.068752,-37.987503,24.956251,46.950733,0.3361091,49.741684,0.14802426,0.07826136,0.59929943,0.7828181,0.06475671,0.15441045,0.9599071,0.22481619,-1.0,0
1763545351084,1009.7316,0.43669012,2.9515467,8.306684,0.1834885,0.20044,0.64881474,63.093754,-35.925003,25.237501,46.950733,0.3361091,49.741684,0.14740202,0.07975675,0.6045377,0.7787462,0.063351505,0.15516147,0.9613378,0.21849741,-1.0,0
1763545351112,1009.7436,0.51206404,3.196811,8.652447,0.291917,0.087124586,0.67218035,61.800003,-37.29375,23.90625,46.950733,0.3361091,49.741684,0.15032229,0.082854845,0.614456,0.77005327,0.06365246,0.15940538,0.9634791,0.20553902,-1.0,0
1763545351137,1009.7675,0.80817586,3.417549,8.968898,0.38736463,0.030008731,0.6457604,59.906254,-37.237503,24.4125,46.950733,0.3361091,49.741684,0.15359314,0.08443012,0.61897933,0.7656013,0.065195024,0.16269268,0.9641357,0.19930626,-1.0,0
1763545351162,1009.7675,0.8530413,3.4851463,8.976674,0.4237111,0.023441937,0.58849186,61.425003,-38.34375,26.00625,46.950733,0.3361091,49.741684,0.15712714,0.08624002,0.6230102,0.76140136,0.0667946,0.16632727,0.9645704,0.19359161,-1.0,0
1763545351187,1009.8012,0.94337034,3.5174494,9.335598,0.16027565,-0.019776747,0.49228066,59.175003,-38.68125,24.73125,46.950733,0.3361091,49.741684,0.16015312,0.087442294,0.62670314,0.7575936,0.06838891,0.16916896,0.96499175,0.18840328,-1.0,0
1763545351212,1009.8012,0.67417777,3.6831522,10.225728,0.037797257,0.16500984,0.4654026,59.5125,-39.037502,25.95,46.950733,0.3361091,49.741684,0.16153227,0.08813918,0.6337576,0.7513256,0.069029145,0.17057598,0.9664554,0.17917247,-1.0,0
1763545351237,1009.8371,-0.50368917,4.9920263,10.042078,-0.024358233,0.35422522,0.55458885,60.825,-37.7625,24.656252,46.950733,0.3361091,49.741684,0.15956625,0.090544984,0.6378549,0.74798495,0.065965414,0.1711968,0.967524,0.17388935,-1.0,0
1763545351262,1009.8503,0.093918286,5.3593245,9.93799,-0.21479532,-0.12835796,0.5654317,59.643753,-38.5125,24.825,46.950733,0.3361091,49.741684,0.15767375,0.09245555,0.64235735,0.7442903,0.0632528,0.17148796,0.96869963,0.16796428,-1.0,0
1763545351287,1009.8503,1.154537,5.1613183,10.974681,-0.5209913,-0.6379719,0.39606944,57.187504,-38.268753,25.218752,46.950733,0.3361091,49.741684,0.15841043,0.08156514,0.6485777,0.7400002,0.07073295,0.16353467,0.9707845,0.16071947,-1.0,0
1763545351312,1009.9174,1.1539388,4.508078,12.896117,-0.65629786,-0.50663596,0.20379977,56.756252,-37.55625,24.750002,46.950733,0.3361091,49.741684,0.15711382,0.07357165,0.64974064,0.74009424,0.07480612,0.15652981,0.9717377,0.1600887,-1.0,0
1763545351338,1009.9316,-0.93738824,2.838486,13.096517,0.22258386,0.5435933,0.3447568,60.206253,-36.581253,23.71875,46.950733,0.3361091,49.741684,0.15324634,0.072269425,0.65137446,0.7395972,0.0725839,0.15309763,0.97274566,0.1582989,-1.0,0
1763545351362,1009.9316,-0.7292127,3.1190443,10.19821,0.45150542,0.085597426,0.563141,59.41875,-37.537502,24.16875,46.950733,0.3361091,49.741684,0.15102054,0.077131316,0.6544816,0.7368157,0.06766007,0.15549456,0.97349936,0.15343584,-1.0,0
1763545351387,1009.90106,0.8668,3.2859437,8.836694,0.21876594,-0.41118836,0.55061823,56.7,-36.45,24.243752,46.950733,0.3361091,49.741684,0.15819165,0.07778236,0.6613246,0.72909194,0.0726578,0.1606099,0.9739929,0.14234892,-1.0,0
1763545351412,1009.90106,1.8735801,2.836093,8.790632,-0.11400264,-0.22792892,0.33849543,56.8875,-39.037502,25.143751,46.950733,0.3361091,49.741684,0.15921016,0.07474265,0.6634655,0.7272408,0.07541552,0.15889253,0.9744342,0.13979848,-1.0,0
1763545351437,1009.9084,0.6723832,2.6470602,9.317652,-0.30611962,0.5749001,0.08605558,55.968754,-37.875,23.925001,46.950733,0.3361091,49.741684,0.15546641,0.07399548,0.665248,0.7264985,0.07302269,0.15592568,0.9753185,0.13823435,-1.0,0
1763545351463,1009.8913,0.30388847,2.4275186,9.169894,-0.08040508,0.62254757,0.06666062,57.525,-37.4625,23.587502,46.950733,0.3361091,49.741684,0.14959535,0.0758803,0.66693187,0.7259927,0.06728285,0.15365417,0.9763051,0.1367176,-1.0,0
1763545351488,1009.8913,-0.5593223,2.6566312,7.288538,0.32811075,0.31696245,0.052305296,56.643753,-36.825,23.643751,46.950733,0.3361091,49.741684,0.14321034,0.08393046,0.6691666,0.7243359,0.057176482,0.15583444,0.97702986,0.13363785,-1.0,0
1763545351513,1009.8466,-0.91585284,2.748755,6.2691956,0.28932083,0.35529423,0.1060614,57.412502,-38.625,25.218752,46.950733,0.3361091,49.741684,0.14334616,0.08837475,0.6696737,0.72331107,0.054420985,0.15936303,0.97679853,0.13231182,-1.0,0
1763545351538,1009.799,-0.85902333,3.0526435,5.77747,0.11934771,0.40095636,0.1579849,56.437504,-36.975002,25.218752,46.950733,0.3361091,49.741684,0.14134245,0.09660936,0.672091,0.72040457,0.04755844,0.16446654,0.97687745,0.12806028,-1.0,0
1763545351563,1009.799,-0.47318068,3.257828,5.9838514,-0.08391755,0.38492116,0.15386157,56.643753,-38.193752,24.337502,46.950733,0.3361091,49.741684,0.1384559,0.09887252,0.67370456,0.7191497,0.04388367,0.16437772,0.97732985,0.12601827,-1.0,0
1763545351588,1009.7895,-0.3714857,3.464209,7.879565,-0.16226095,0.30718863,0.18654284,58.275,-37.3875,23.5125,46.950733,0.3361091,49.741684,0.13514392,0.099832825,0.6752844,0.7181647,0.040712878,0.16301206,0.97792536,0.12422378,-1.0,0
1763545351613,1009.7895,-0.6658029,3.6867416,8.261818,-0.047876526,0.26855144,0.27450737,57.281254,-37.7625,25.95,46.950733,0.3361091,49.741684,0.13221782,0.10090543,0.6770923,0.71685606,0.037761163,0.1619801,0.97849613,0.12199129,-1.0,0
1763545351639,1009.7885,-0.72263247,3.8321054,8.518449,0.020845762,0.16439898,0.43379036,56.60625,-38.4375,22.96875,46.950733,0.3361091,49.741684,0.12985367,0.10344829,0.68245536,0.71182245,0.03425393,0.16245058,0.9794752,0.11430161,-1.0,0
1763545351664,1009.8254,-0.41994038,4.086343,9.256036,0.07933606,0.033368487,0.5762746,55.500004,-38.175003,22.9125,46.950733,0.3361091,49.741684,0.13075969,0.10377729,0.6863223,0.70787984,0.034727354,0.16328451,0.9799568,0.10870511,-1.0,0
1763545351689,1009.8254,0.6831509,4.2574296,9.882956,0.18028148,0.17707443,0.65354896,57.412502,-38.100002,22.556252,46.950733,0.3361091,49.741684,0.13227592,0.10435336,0.6906286,0.70331043,0.0355406,0.16469188,0.98036015,0.10250565,-1.0,0
1763545351714,1009.8591,1.1335998,4.434499,9.780065,0.13309216,0.24274239,0.53824824,55.18125,-38.9625,23.456251,46.950733,0.3361091,49.741684,0.13320442,0.1078857,0.6988712,0.69440365,0.03410467,0.16798693,0.98099124,0.090958774,-1.0,0
1763545351739,1009.8969,0.7639086,4.1922255,10.47159,-0.20166174,0.16210824,0.3087158,55.912502,-38.8875,24.150002,46.950733,0.3361091,49.741684,0.13279217,0.108474314,0.70166343,0.69156915,0.033479072,0.16816536,0.9813069,0.08738603,-1.0,0
1763545351764,1009.8969,0.7639086,4.1922255,10.47159,-0.20166174,0.16210824,0.3087158,55.350002,-38.0625,23.85,46.950733,0.3361091,49.741684,0.13085505,0.10780829,0.7041362,0.6895263,0.03245524,0.16641013,0.9818917,0.08451654,-1.0,0
1763545351789,1009.94257,-0.31106696,4.330411,12.416357,-0.28458664,0.61002487,0.5683333,56.812504,-37.29375,24.281252,46.950733,0.3361091,49.741684,0.12092744,0.10915912,0.7121978,0.6828142,0.023929259,0.1611414,0.98384845,0.07418265,-1.0,0
1763545351814,1009.94257,-0.058624156,4.5726843,12.254841,-0.108657576,0.5477166,0.6992111,56.175003,-36.975002,22.78125,46.950733,0.3361091,49.741684,0.11715499,0.11132848,0.7175201,0.67752904,0.019634131,0.16041765,0.9845977,0.06669424,-1.0,0
1763545351839,1009.9604,-0.0424726,3.7292142,11.899507,-0.03810269,-0.14118612,0.5504655,54.693752,-37.7625,23.1375,46.950733,0.3361091,49.741684,0.116840914,0.11093708,0.7219529,0.6729229,0.019656042,0.15991396,0.9850843,0.060415804,-1.0,0
1763545351865,1009.95624,-0.9774681,2.8438697,11.604591,0.09369139,-0.07612903,0.5834522,54.862503,-38.475002,22.237501,46.950733,0.3361091,49.741684,0.11814248,0.10917783,0.7253963,0.6692704,0.021782016,0.15938316,0.98541903,0.055424865,-1.0,0
1763545351889,1009.95624,-1.2065809,2.5220351,10.822737,0.2325104,0.0026725335,0.68348134,54.15,-37.55625,22.875,46.950733,0.3361091,49.741684,0.1212474,0.10963574,0.7331033,0.6601808,0.023757044,0.1617298,0.98562396,0.042713538,-1.0,0
1763545351914,1009.9213,-0.5246264,2.1182463,9.444471,0.20532693,-0.14439316,0.52221304,52.36875,-38.49375,22.5,46.950733,0.3361091,49.741684,0.12364066,0.1105322,0.7368575,0.6553905,0.024979576,0.16395243,0.9854832,0.03631038,-1.0,0
1763545351939,1009.88617,-0.48873404,1.9220347,9.185448,0.10147991,-0.0881936,0.38965538,52.575,-38.850002,23.41875,46.950733,0.3361091,49.741684,0.1261673,0.110418454,0.7397743,0.6516315,0.026957244,0.16548032,0.9853477,0.03129723,-1.0,0
1763545351964,1009.88617,-0.7615158,1.7796619,8.841479,-0.0025198173,0.10315979,0.30673048,52.968754,-39.05625,23.550001,46.950733,0.3361091,49.741684,0.12665313,0.11024032,0.744093,0.646631,0.027362084,0.16566612,0.9855052,0.0241967,-1.0,0
1763545351989,1009.8422,-0.9625129,1.8005991,8.32463,-0.10651954,0.2522108,0.30367616,50.662502,-39.43125,25.031252,46.950733,0.3361091,49.741684,0.124077,0.11068834,0.7464139,0.6443752,0.025031954,0.16437885,0.9858639,0.020623934,-1.0,0
1763545352014,1009.8422,-0.3822534,2.0985055,8.370093,-0.21952952,0.13507748,0.36002842,52.987503,-38.287502,21.956251,46.950733,0.3361091,49.741684,0.12122122,0.11021626,0.7489323,0.6420734,0.023085324,0.16220136,0.98634183,0.016957046,-1.0,0
1763545352039,1009.8195,-0.019142581,2.2959132,8.560323,-0.13248129,0.110490166,0.3888918,51.675003,-38.831253,24.431252,46.950733,0.3361091,49.741684,0.11761247,0.10829633,0.75422764,0.63685155,0.021487387,0.1584269,0.98709315,0.009292321,-1.0,0
1763545352064,1009.7968,0.25842485,2.53041,8.458628,-0.0034361144,0.16775873,0.41500625,49.800003,-39.393753,24.206251,46.950733,0.3361091,49.741684,0.11672465,0.108798146,0.75697595,0.63366055,0.020491598,0.15824594,0.98717374,0.0051319837,-1.0,0
1763545352089,1009.7968,0.9020941,2.8193433,7.4907312,0.25083634,0.19341506,0.40462157,50.775,-38.4,21.88125,46.950733,0.3361091,49.741684,0.11632841,0.110814616,0.759764,0.6300369,0.01892243,0.15954347,0.9870093,0.0007005254,-1.0,0
1763545352114,1009.77045,0.951147,3.0640094,6.936793,0.23464844,0.06772963,0.32948518,49.74375,-39.65625,24.993752,46.950733,0.3361091,49.741684,0.11700122,0.11332292,0.7621739,0.6265457,-0.017890098,-0.16189909,-0.98663986,0.0032254716,-1.0,0
1763545352139,1009.75433,0.86859465,3.1441689,6.882356,0.12484549,0.0022143847,0.26778784,51.43125,-39.5625,21.4125,46.950733,0.3361091,49.741684,0.11976735,0.11576845,0.76544094,0.62157357,-0.01856923,-0.16553468,-0.9859925,0.008500246,-1.0,0
1763545352165,1009.75433,0.8578269,3.12383,7.3830543,0.008628465,-0.008323032,0.22288929,50.831253,-38.775,22.81875,46.950733,0.3361091,49.741684,0.12032973,0.11555518,0.76674986,0.619889,-0.01918456,-0.16572326,-0.9859313,0.010359216,-1.0,0
1763545352190,1009.7702,1.0378869,3.1603205,9.052647,-0.055970486,-0.03199404,0.12056944,50.662502,-40.40625,22.0125,46.950733,0.3361091,49.741684,0.12047906,0.11484381,0.767873,0.61860067,-0.019798549,-0.16526438,-0.98598003,0.011794385,-1.0,0
1763545352215,1009.8088,0.9559326,3.3062828,9.777672,-0.0184023,-0.03718639,0.054290608,50.775,-40.518753,22.3125,46.950733,0.3361091,49.741684,0.12097206,0.11350568,0.7689424,0.617422,-0.02111026,-0.16453612,-0.9860607,0.0129067805,-1.0,0
1763545352240,1009.8088,0.60658056,3.418147,10.399805,0.0834594,0.023136504,0.033979353,49.125004,-40.6875,22.800001,46.950733,0.3361091,49.741684,0.12135499,0.114168294,0.76908934,0.61704147,-0.021017674,-0.1652867,-0.9859346,0.013093624,-1.0,0
1763545352266,1009.85175,0.55513483,3.3589249,10.561919,0.25450155,0.08223767,0.16959134,49.612503,-40.518753,22.59375,46.950733,0.3361091,49.741684,0.1221895,0.115900576,0.7694864,0.61605793,-0.02057149,-0.16715272,-0.98561645,0.014035608,-1.0,0
1763545352291,1009.85175,0.91465646,3.8177485,10.250254,0.1343139,0.19616395,0.10377065,48.375004,-40.7625,23.19375,46.950733,0.3361091,49.741684,0.12274349,0.11998121,0.7710236,0.6132383,-0.018463163,-0.17064749,-0.98501515,0.016844999,-1.0,0
1763545352316,1009.8842,0.77826554,4.276572,10.028918,-0.111253746,0.31406087,-0.12438734,51.187504,-41.25,24.937502,46.950733,0.3361091,49.741684,0.11978592,0.121206835,0.77077335,0.6138963,-0.015438291,-0.16970983,-0.98524386,0.015961874,-1.0,0
1763545352341,1009.9018,-1.1820544,3.5635111,10.588839,-0.50587237,0.21204643,-0.43684468,51.093754,-41.006252,24.468752,46.950733,0.3361091,49.741684,0.1150881,0.121076494,0.7692801,0.6166874,-0.011912857,-0.16662194,-0.9858665,0.01274824,-1.0,0
1763545352366,1009.9018,-1.6791633,3.2919257,11.713465,-0.510912,0.07246383,-0.2738965,51.750004,-39.300003,22.7625,46.950733,0.3361091,49.741684,0.10978789,0.119269624,0.7674557,0.6202686,-0.008920185,-0.16186123,-0.98673105,0.009120895,-1.0,0
1763545352391,1009.9362,-1.3567305,3.2045877,12.562319,-0.30459246,0.015958842,-0.084833845,52.7625,-40.18125,22.237501,46.950733,0.3361091,49.741684,0.10296612,0.11448264,0.7662638,0.62380403,-0.0065494957,-0.15383562,-0.9880528,0.006586496,-1.0,0
1763545352416,1009.9582,0.9601201,2.716452,11.804392,0.14622575,-0.124234624,-0.028481571,52.2,-39.375,21.7875,46.950733,0.3361091,49.741684,0.10288816,0.11378051,0.76639867,0.6237797,-0.0069098244,-0.15324566,-0.98814017,0.006861558,-1.0,0
1763545352441,1009.9582,1.5702899,2.4305096,10.7126665,0.18104506,-0.06391173,-0.16653702,50.643753,-39.675003,23.6625,46.950733,0.3361091,49.741684,0.10459145,0.113876216,0.7659834,0.62398905,-0.008198235,-0.15440191,-0.9879546,0.0062065935,-1.0,0
1763545352466,1009.9484,1.6630118,2.2331018,9.762716,0.09231694,0.09353867,-0.2796997,51.675003,-39.5625,23.868752,46.950733,0.3361091,49.741684,0.10575532,0.115723975,0.7631393,0.6269308,-0.00809273,-0.15655905,-0.9876349,0.0010375932,-1.0,0
1763545352491,1009.9484,1.6115661,2.1385853,9.304491,0.022220206,0.19708025,-0.33864817,52.8375,-39.80625,22.2,46.950733,0.3361091,49.741684,0.104210496,0.11702816,0.7613209,0.62915426,0.0061634094,0.15658043,0.987643,0.002416607,-1.0,0
1763545352516,1009.9118,1.5864414,2.373082,8.790632,0.08300125,0.18486296,-0.37911797,54.581253,-40.612503,21.91875,46.950733,0.3361091,49.741684,0.10275099,0.11837399,0.75930834,0.6315701,0.004278798,0.15669033,0.9876192,0.0061753574,-1.0,0
1763545352542,1009.88666,1.3884354,2.801397,8.635697,0.18211406,0.26305366,-0.38064513,52.256252,-40.36875,23.23125,46.950733,0.3361091,49.741684,0.10167878,0.120114826,0.7571351,0.6340192,0.0024409257,0.15735371,0.9874882,0.010046885,-1.0,0
1763545352567,1009.88666,1.2179468,3.0227332,8.122437,0.3502546,0.3830886,-0.4030944,52.8375,-40.331253,24.562502,46.950733,0.3361091,49.741684,0.09985152,0.12827933,0.7523798,0.6383564,-0.0039683483,0.16251205,0.98654306,0.017517,-1.0,0
1763545352592,1009.8332,0.4869394,3.3409786,5.953941,0.5283217,0.3191005,-0.47929978,55.2,-39.581253,23.643751,46.950733,0.3361091,49.741684,0.09965662,0.13477853,0.74943143,0.6405122,-0.008152811,0.16742231,0.98561627,0.021538131,-1.0,0
1763545352617,1009.7756,0.2973082,3.4241292,5.2887363,0.42920887,0.18669555,-0.51014847,54.80625,-42.112503,24.750002,46.950733,0.3361091,49.741684,0.100301795,0.14109509,0.7460588,0.6429836,-0.011590808,0.17272499,0.9845605,0.02593107,-1.0,0
1763545352642,1009.7756,0.23030917,3.5844483,5.099105,0.22319472,0.101632625,-0.563141,56.193752,-41.850002,24.13125,46.950733,0.3361091,49.741684,0.10145002,0.14899245,0.73867726,0.6495114,-0.015586003,0.1795771,0.9829515,0.036269587,-1.0,0
1763545352667,1009.7548,0.02213361,3.5934215,5.553143,-0.050014555,0.07887791,-0.6410262,55.312504,-41.081253,25.25625,46.950733,0.3361091,49.741684,0.09997403,0.14996476,0.73476255,0.65394175,-0.017292906,0.17940232,0.98270696,0.04245865,-1.0,0
1763545352692,1009.7548,-1.3794622,3.4558342,7.4913297,-0.42554367,0.23693918,-0.45226902,55.350002,-41.04375,23.400002,46.950733,0.3361091,49.741684,0.09598944,0.14979343,0.7315075,0.6582134,-0.02025702,0.17675322,0.9828796,0.047913413,-1.0,0
1763545352717,1009.7734,-1.5062819,3.391228,8.938987,-0.3436878,0.037644543,-0.3105484,58.65,-39.225002,22.95,46.950733,0.3361091,49.741684,0.090934806,0.14899392,0.7294028,0.6614402,-0.023687188,0.17293712,0.98329276,0.051643144,-1.0,0
1763545352743,1009.8132,-1.6719848,3.3607194,9.836296,-0.15615231,0.04421134,-0.1268308,57.468754,-39.225002,23.23125,46.950733,0.3361091,49.741684,0.08625498,0.14674,0.7273126,0.6648637,-0.025947217,0.16822396,0.9838554,0.05528024,-1.0,0
1763545352768,1009.8132,-1.6211374,4.1228333,10.336395,0.05459604,0.30428702,0.108963005,58.65,-39.225002,23.268751,46.950733,0.3361091,49.741684,0.08414678,0.14835395,0.7276458,0.66441107,-0.028630177,0.1681365,0.9838368,0.054548096,-1.0,0
1763545352794,1009.8525,-1.4470595,4.02054,10.396216,0.06345358,0.13599378,0.16898046,56.49375,-41.081253,24.993752,46.950733,0.3361091,49.741684,0.082449466,0.15080667,0.72847414,0.6631627,-0.03151664,0.16895938,0.9836956,0.052937347,-1.0,0
1763545352819,1009.88055,-1.0109676,3.8207395,10.629517,-0.02527453,-0.054901473,0.19112432,57.206253,-40.36875,24.862501,46.950733,0.3361091,49.741684,0.08258463,0.15155095,0.7307426,0.66047513,-0.03190627,0.16961694,0.9837597,0.049284134,-1.0,0
1763545352846,1009.88055,-0.9882358,3.8931224,11.3677025,-0.39438957,0.16485713,0.18837543,58.8375,-40.443752,23.775002,46.950733,0.3361091,49.741684,0.08181545,0.1498829,0.73213106,0.6594129,-0.03141958,0.16784355,0.9841555,0.047742862,-1.0,0
1763545352871,1009.9089,-1.0492527,3.9050865,12.173485,-0.60391617,0.14301872,0.23281583,56.68125,-40.93125,24.337502,46.950733,0.3361091,49.741684,0.073887266,0.14445873,0.736461,0.65673256,-0.03409826,0.15863468,0.98580545,0.04312681,-1.0,0
1763545352896,1009.9089,-0.63529444,3.5772698,13.907085,-0.610483,-0.014737112,0.24060437,58.031254,-41.006252,21.2625,46.950733,0.3361091,49.741684,0.07044178,0.13969176,0.7388386,0.65547055,-0.033724558,0.1527694,0.98684186,0.040832218,-1.0,0
1763545352921,1009.9653,-1.5780666,2.464009,13.494922,0.43715012,0.13171771,0.20028728,56.250004,-39.46875,23.212502,46.950733,0.3361091,49.741684,0.069134355,0.1383577,0.7403643,0.6541699,-0.033856288,0.15091774,0.98719203,0.03910862,-1.0,0
1763545352946,1009.9538,-1.8053846,2.6805596,10.787442,0.6952405,-0.098272875,0.22930336,55.95,-39.506252,23.56875,46.950733,0.3361091,49.741684,0.07086826,0.14186384,0.74115795,0.6523322,-0.034733675,0.15472956,0.986647,0.037147988,-1.0,0
1763545352972,1009.9538,-1.4650056,2.5812573,8.816954,0.5487856,-0.27267477,0.16134466,57.131252,-40.0125,25.0125,46.950733,0.3361091,49.741684,0.08129843,0.14814356,0.7415649,0.64925003,-0.030688224,0.16617517,0.9850288,0.034092695,-1.0,0
1763545352997,1009.90326,-1.6923238,2.0368903,8.151749,-0.08040508,0.1702022,0.06849321,56.531254,-40.3125,23.23125,46.950733,0.3361091,49.741684,0.083497524,0.14868219,0.7416133,0.64879227,-0.02935834,0.16797714,0.9847836,0.033512663,-1.0,0
1763545353022,1009.8571,-1.9980069,1.8717855,8.492725,-0.13523018,0.30932665,0.13965896,56.925003,-41.15625,24.6375,46.950733,0.3361091,49.741684,0.081575975,0.14915822,0.742276,0.6481694,-0.031193214,0.1671221,0.98491174,0.032343667,-1.0,0
1763545353047,1009.8571,-2.126621,1.9142581,8.331808,-0.07841977,0.09521855,0.25007278,56.662502,-40.93125,25.10625,46.950733,0.3361091,49.741684,0.07831867,0.15003397,0.7435652,0.64689016,-0.034319,0.16572931,0.98510975,0.030244952,-1.0,0
1763545353072,1009.8188,-1.9830518,2.0668006,8.218149,-0.085292,-0.18593197,0.37224573,56.86875,-39.28125,23.75625,46.950733,0.3361091,49.741684,0.078042716,0.14796874,0.74755424,0.6427886,-0.033349812,0.1639305,0.98562074,0.023797888,-1.0,0
1763545353099,1009.8188,-1.0833504,2.376073,8.7164545,-0.06024654,0.0080176005,0.50526154,56.30625,-39.956253,23.081251,46.950733,0.3361091,49.741684,0.07885798,0.14586574,0.7504727,0.6397619,-0.031425614,0.16281223,0.9859662,0.019371891,-1.0,0
1763545353124,1009.80023,-0.8811569,2.5435705,8.69791,0.09109521,0.060093824,0.5113702,53.456253,-40.143753,24.6375,46.950733,0.3361091,49.741684,0.0796378,0.14568563,0.75672746,0.6322951,-0.030732546,0.16316247,0.9860748,0.009485025,-1.0,0
1763545353150,1009.77386,-0.67776704,2.7696922,8.267202,0.24167338,-0.08086322,0.49716756,54.05625,-40.068752,24.562502,46.950733,0.3361091,49.741684,0.08233761,0.14657246,0.7593503,0.62858903,-0.029202305,0.16556025,0.98575467,0.004979686,-1.0,0
1763545353175,1009.77386,-0.5623133,3.1633115,8.151749,0.38751733,-0.1957058,0.4736493,53.343754,-40.0125,23.71875,46.950733,0.3361091,49.741684,0.08668524,0.14721766,0.7616189,0.6250995,-0.02623859,0.16881618,0.98529786,0.00089884846,-1.0,0
1763545353201,1009.76215,-0.18065812,3.2321053,8.247461,0.40721774,-0.034284785,0.45532334,52.85625,-39.5625,23.8875,46.950733,0.3361091,49.741684,0.09450894,0.15097319,0.7658436,0.6178664,0.02254241,-0.17668243,-0.9839831,0.007239828,-1.0,0
1763545353226,1009.7668,0.4235296,3.313461,8.5346,0.46097383,0.09888373,0.37728536,53.60625,-40.0125,25.837502,46.950733,0.3361091,49.741684,0.09721734,0.15453187,0.76752293,0.61447316,0.022643099,-0.18115903,-0.9831359,0.010609975,-1.0,0
1763545353251,1009.7668,-0.111266255,3.3984063,8.516056,0.5585595,0.022678355,0.22105668,52.443752,-41.381252,26.6625,46.950733,0.3361091,49.741684,0.10031078,0.15858723,0.76837784,0.6118688,0.022755962,-0.18626414,-0.9821522,0.012840966,-1.0,0
1763545353276,1009.7641,-0.17048861,3.394219,8.479566,0.5327504,0.03932442,0.18868086,53.343754,-41.175003,28.10625,46.950733,0.3361091,49.741684,0.10383812,0.16259879,0.7688495,0.6096308,0.02253102,-0.19160655,-0.9811031,0.014696337,-1.0,0
1763545353301,1009.7819,0.083748795,3.5001013,8.353344,0.37652177,0.24579671,0.09063706,52.74375,-40.59375,26.737501,46.950733,0.3361091,49.741684,0.107575096,0.17060731,0.76935554,0.60614586,0.024629872,-0.20018148,-0.97929573,0.01733681,-1.0,0
1763545353326,1009.7819,-1.0833504,3.9786658,8.950353,-0.15279256,1.1882083,-0.1476002,53.250004,-41.662502,27.056252,46.950733,0.3361091,49.741684,0.10363719,0.17494339,0.7694838,0.60543275,0.030370036,-0.201056,-0.9789486,0.01771344,-1.0,0
1763545353351,1009.8127,-2.3318057,4.7880383,9.422338,-0.36323547,1.4976114,-0.15065452,53.2125,-42.037502,24.91875,46.950733,0.3361091,49.741684,0.09365284,0.18091741,0.77001417,0.60462904,0.041865334,-0.19937216,-0.9788526,0.01858875,-1.0,0
1763545353377,1009.831,-2.4041886,4.994419,9.882358,-0.5133555,1.1326196,-0.1419497,54.300003,-41.568752,26.94375,46.950733,0.3361091,49.741684,0.06822563,0.19058785,0.77182937,0.6027445,0.06779539,-0.1907413,-0.9790538,0.021799648,-1.0,0
1763545353401,1009.831,-1.7922242,4.910072,11.120045,-0.5817723,0.26702428,-0.1625664,54.600002,-40.162502,26.212502,46.950733,0.3361091,49.741684,0.062552586,0.18809329,0.77208465,0.6038156,0.07061618,-0.18521681,-0.97992855,0.021169996,-1.0,0
1763545353426,1009.9023,-0.9834501,3.7010984,13.901701,-0.22594361,-0.21846052,-0.25526512,53.831253,-40.987503,27.112501,46.950733,0.3361091,49.741684,0.061667684,0.18257917,0.7714459,0.60641015,0.06776929,-0.18040338,-0.98108035,0.018528111,-1.0,0
1763545353451,1009.9023,-0.90149593,2.8761728,13.037294,0.07994693,0.0029779659,-0.2013563,55.143753,-40.350002,26.175001,46.950733,0.3361091,49.741684,0.06146601,0.17964983,0.7690319,0.61035883,0.06594451,-0.17805463,-0.9817192,0.013240073,-1.0,0
1763545353476,1009.9277,-0.8428718,2.481357,11.223535,0.19295691,-0.039477136,-0.07322741,54.975002,-39.112503,25.500002,46.950733,0.3361091,49.741684,0.06261875,0.18045804,0.7683089,0.6109134,0.06550926,-0.17942895,-0.98151326,0.012063388,-1.0,0
1763545353501,1009.8891,0.6053841,2.1601207,9.150154,-0.05856666,-0.1833358,0.011530072,55.125004,-38.98125,26.400002,46.950733,0.3361091,49.741684,0.06455563,0.17973857,0.76828206,0.6109577,0.06347838,-0.18012182,-0.98152536,0.011602803,-1.0,0
1763545353527,1009.8891,0.30987054,2.333002,8.82114,-0.199371,-0.092469655,-0.0060322895,55.500004,-39.956253,27.337502,46.950733,0.3361091,49.741684,0.06571888,0.1777122,0.7684348,0.61123425,0.061184254,-0.17932397,-0.9818255,0.010869494,-1.0,0
1763545353552,1009.84906,-0.16271193,2.548356,8.860622,-0.19234605,0.043905906,0.06421716,55.350002,-39.45,25.0125,46.950733,0.3361091,49.741684,0.064086564,0.17377348,0.7695516,0.61113507,0.05979091,-0.17529789,-0.98264015,0.0106778825,-1.0,0
1763545353577,1009.79974,-0.48215377,2.9832516,8.076973,0.26488623,0.03932442,0.28031057,54.075,-38.568752,24.16875,46.950733,0.3361091,49.741684,0.06356587,0.174166,0.7706949,0.6096351,0.06038798,-0.17529322,-0.982586,0.0122570135,-1.0,0
1763545353602,1009.79974,-0.1692922,3.187838,7.055238,0.46112654,-0.12072215,0.30703592,54.562504,-39.65625,25.25625,46.950733,0.3361091,49.741684,0.06537215,0.17608726,0.7719432,0.6073084,0.060148653,-0.17793927,-0.98209316,0.014588598,-1.0,0
1763545353627,1009.7414,0.21894327,3.446861,6.1435723,0.5096903,-0.23312128,0.20639594,53.156254,-40.800003,26.400002,46.950733,0.3361091,49.741684,0.07501907,0.18091908,0.7730565,0.603344,0.055580232,-0.18780418,-0.98047215,0.017744029,-1.0,0
1763545353653,1009.7414,0.096909314,3.6197424,5.260022,0.18211406,-0.086361006,-0.09873102,54.787502,-39.2625,26.1375,46.950733,0.3361091,49.741684,0.07937276,0.18279904,0.7723635,0.60310787,0.05330429,-0.19202648,-0.9797918,0.017102877,-1.0,0
1763545353677,1009.6972,-0.12562318,3.738187,5.487939,-0.08804089,0.032452192,-0.20242532,53.437504,-40.143753,25.406252,46.950733,0.3361091,49.741684,0.08124636,0.18387845,0.7713887,0.6037774,0.05246735,-0.19406037,-0.9794602,0.015668094,-1.0,0
1763545353702,1009.6777,-0.6041877,3.938586,6.410372,-0.28458664,0.11247548,-0.2607629,54.187504,-39.206253,26.98125,46.950733,0.3361091,49.741684,0.07772847,0.18271574,0.76940435,0.60711634,0.054398812,-0.19096471,-0.9800215,0.011451961,-1.0,0
1763545353727,1009.6777,-1.0289137,3.9954157,7.55115,-0.32612544,0.1004109,-0.2587776,53.812504,-39.09375,24.375002,46.950733,0.3361091,49.741684,0.07474898,0.18128064,0.76850015,0.60906273,0.05580361,-0.18797882,-0.98054224,0.009315503,-1.0,0
1763545353753,1009.6801,-1.7647067,4.260421,8.984451,-0.2786307,-0.10315979,-0.14225514,53.925003,-39.975002,25.500002,46.950733,0.3361091,49.741684,0.07293379,0.17926194,0.76765734,0.6109403,0.055953156,-0.18526581,-0.9810666,0.007360188,-1.0,0
1763545353778,1009.71893,-2.1738794,4.467998,9.705887,-0.28229588,-0.039171703,-0.027412556,55.968754,-38.5125,25.2,46.950733,0.3361091,49.741684,0.07028949,0.17491256,0.76741225,0.612816,0.055338252,-0.1802018,-0.9820529,0.0060871495,-1.0,0
1763545353803,1009.71893,-2.2474587,4.518247,10.605588,-0.27267477,0.039629854,0.12133302,54.693752,-37.7625,22.81875,46.950733,0.3361091,49.741684,0.06846343,0.17331913,0.768559,0.6120379,0.05580251,-0.17779998,-0.9824533,0.0076697636,-1.0,0
1763545353828,1009.7697,-1.9573289,4.3836513,11.631511,-0.20303617,0.07353285,0.24717116,55.29375,-37.575,24.300001,46.950733,0.3361091,49.741684,0.06700919,0.17222829,0.770373,0.6102234,0.056272794,-0.17602894,-0.98272055,0.010366311,-1.0,0
1763545353853,1009.7697,-1.3698909,4.167699,12.077174,0.0014508038,0.17661628,0.41363183,53.250004,-38.287502,24.093752,46.950733,0.3361091,49.741684,0.06641067,0.1719319,0.77250236,0.6076752,0.05654668,-0.17542356,-0.9827728,0.013659484,-1.0,0
1763545353878,1009.81903,-1.2951152,4.7252264,11.624332,-0.044669487,0.28779367,0.47624546,54.9,-38.23125,22.987501,46.950733,0.3361091,49.741684,0.064137965,0.17370452,0.77807033,0.6002663,0.05938934,-0.17538486,-0.98244476,0.022702204,-1.0,0
1763545353903,1009.8542,-0.79860455,4.814957,11.463415,-0.15737404,0.08743002,0.4295143,54.018753,-36.7125,23.925001,46.950733,0.3361091,49.741684,0.0634527,0.17282613,0.78087115,0.5969466,0.059338074,-0.1742817,-0.9825391,0.026866768,-1.0,0
1763545353929,1009.8542,-0.52582276,2.9892337,12.403196,-0.0297033,-0.14362958,0.22090398,53.175003,-37.18125,24.337502,46.950733,0.3361091,49.741684,0.064538896,0.16967651,0.78290147,0.5950713,0.05644404,-0.17253827,-0.9829504,0.029209001,-1.0,0
1763545353954,1009.86786,-1.1760724,2.4161527,11.19841,0.23648103,-0.03901899,0.20013458,53.943752,-37.725002,24.45,46.950733,0.3361091,49.741684,0.06754976,0.16919507,0.78498006,0.59212863,0.053722344,-0.17408,-0.9827321,0.03236814,-1.0,0
1763545353979,1009.86786,-1.5768701,2.6566312,9.432507,0.25251624,-0.20822853,0.19967642,53.943752,-37.725002,24.45,46.950733,0.3361091,49.741684,0.07062551,0.16966525,0.7855761,0.59084344,0.05163638,-0.17637442,-0.98238623,0.033808637,-1.0,0
1763545354004,1009.84686,-0.33559337,2.5788646,8.673982,-0.3088685,-0.36140287,0.0655916,53.343754,-37.893753,23.587502,46.950733,0.3361091,49.741684,0.07406745,0.16700202,0.78634316,0.59016,0.047304418,-0.1764595,-0.9825499,0.034928534,-1.0,0
1763545354029,1009.8254,-0.10229317,2.300699,9.084352,-0.4486038,-0.039477136,-0.10636683,52.8375,-38.193752,23.5125,46.950733,0.3361091,49.741684,0.07511224,0.16242933,0.7869655,0.5904745,0.043597337,-0.17356382,-0.983236,0.034954496,-1.0,0
1763545354054,1009.8254,-0.7052845,2.1655045,9.078967,-0.39774933,0.16882776,-0.17172936,52.443752,-37.256252,24.112501,46.950733,0.3361091,49.741684,0.06877251,0.15645564,0.78683734,0.59302527,0.044702582,-0.16495365,-0.9847535,0.03244343,-1.0,0
1763545354079,1009.8066,-1.3669,2.1924238,8.7367935,-0.23480114,0.13889538,-0.08498656,52.575,-37.350002,23.493752,46.950733,0.3361091,49.741684,0.06602332,0.15543683,0.7867984,0.59365696,0.046214763,-0.16243115,-0.9851174,0.032000363,-1.0,0
1763545354104,1009.769,-1.7946169,2.0859432,8.193623,0.014278964,0.005574141,0.2844339,53.381252,-36.28125,23.19375,46.950733,0.3361091,49.741684,0.065419145,0.15477724,0.78736687,0.59314233,0.046300493,-0.16152994,-0.9852306,0.032938767,-1.0,0
1763545354129,1009.769,-1.9495523,2.0500507,8.544171,0.091706075,0.19585852,0.5165625,52.912502,-37.818752,23.475,46.950733,0.3361091,49.741684,0.06556833,0.15476854,0.7889574,0.59101075,0.046215832,-0.16160631,-0.9851215,0.035821415,-1.0,0
1763545354155,1009.7507,-1.527219,1.7347964,8.843274,0.19998185,0.42875072,0.7715986,52.125004,-36.768753,22.425001,46.950733,0.3361091,49.741684,0.06365655,0.15965177,0.7961756,0.58014107,0.05084732,-0.164181,-0.983886,0.049270052,-1.0,0
1763545354181,1009.7414,0.8458628,2.4939194,8.551949,0.42890343,0.51198107,0.8552871,51.318752,-37.85625,22.40625,46.950733,0.3361091,49.741684,0.06227084,0.16459377,0.801299,0.5717964,0.055000678,-0.16716366,-0.9826362,0.0587992,-1.0,0
1763545354206,1009.7414,0.9296116,3.1980073,8.257032,0.52022773,0.29100072,0.60605425,50.906254,-37.7625,22.29375,46.950733,0.3361091,49.741684,0.06413462,0.17484224,0.8083465,0.5584737,0.059771713,-0.17638141,-0.97983646,0.07236992,-1.0,0
1763545354231,1009.7226,0.22432712,3.429513,7.670791,0.5816196,0.049861837,0.40721774,52.575,-38.850002,23.1,46.950733,0.3361091,49.741684,0.06785815,0.17928837,0.8096081,0.5547844,0.059579346,-0.18220688,-0.97853833,0.075588726,-1.0,0
1763545354257,1009.7055,-0.5288138,4.033701,7.100103,0.34628397,-0.2853502,0.34445137,50.925003,-38.90625,24.525002,46.950733,0.3361091,49.741684,0.07253639,0.18237108,0.81051064,0.5518621,0.05784537,-0.18754907,-0.9774184,0.07830996,-1.0,0
1763545354283,1009.7055,-0.1268196,4.2281175,7.810173,0.18486296,-0.3777435,0.23587017,50.86875,-39.9,25.050001,46.950733,0.3361091,49.741684,0.081917115,0.18292324,0.8121042,0.5480105,0.05083597,-0.19387373,-0.97626513,0.082067564,-1.0,0
1763545354308,1009.7133,0.40917268,4.3441696,8.86481,0.100869045,-0.42157304,0.038713556,50.1375,-39.862503,24.956251,46.950733,0.3361091,49.741684,0.0860871,0.18146941,0.8117952,0.54831237,0.046608243,-0.19537094,-0.97624165,0.08130222,-1.0,0
1763545354333,1009.7133,0.23030917,4.7419763,9.311071,-0.15202898,-0.0712421,-0.5493965,49.518753,-40.050003,25.2,46.950733,0.3361091,49.741684,0.08862894,0.18009143,0.81017226,0.55075663,0.043669455,-0.19591068,-0.976546,0.07790994,-1.0,0
1763545354359,1009.74554,-1.0612168,4.9142594,9.647263,-0.36873326,0.0692568,-0.724562,52.687504,-39.7125,23.456251,46.950733,0.3361091,49.741684,0.08772824,0.17899488,0.8074488,0.55523974,0.043610536,-0.19450843,-0.97725755,0.07233475,-1.0,0
1763545354384,1009.7724,-1.995614,4.586443,10.649257,-0.45654505,-0.017333288,-0.67111135,50.531254,-38.8125,23.325,46.950733,0.3361091,49.741684,0.080432534,0.17445697,0.8012482,0.56665397,0.04650802,-0.18639107,-0.9795504,0.059802495,-1.0,0
1763545354410,1009.7724,-1.5774683,3.8602211,11.820544,-0.44677123,0.13782637,-0.43715012,52.0125,-39.525,22.425001,46.950733,0.3361091,49.741684,0.077640645,0.17103389,0.79898626,0.571262,0.046586525,-0.18196252,-0.98065823,0.05503398,-1.0,0
1763545354435,1009.82025,-2.033301,3.4217365,11.710474,-0.5116756,0.5840631,-0.33116508,52.612503,-38.5875,23.400002,46.950733,0.3361091,49.741684,0.073185064,0.16864781,0.7973936,0.574774,0.048579175,-0.1773082,-0.98161227,0.051372908,-1.0,0
1763545354461,1009.84784,-2.7026932,2.7451658,11.376676,-0.46494445,0.9214132,-0.061620984,53.081253,-37.912502,21.45,46.950733,0.3361091,49.741684,0.05483578,0.16969207,0.797697,0.57608765,0.06360452,-0.1666038,-0.9826512,0.050934564,-1.0,0
1763545354487,1009.84784,-0.9954142,1.975275,10.156336,0.014889829,0.041920595,0.5923098,52.85625,-37.443752,23.00625,46.950733,0.3361091,49.741684,0.047490146,0.17162235,0.8002888,0.5725629,0.07058509,-0.16348484,-0.9824463,0.05558504,-1.0,0
1763545354512,1009.8288,0.8117651,2.236691,9.539586,0.14500403,-0.81313735,0.49670944,52.85625,-38.193752,22.425001,46.950733,0.3361091,49.741684,0.047969464,0.17141159,0.8035782,0.5679605,0.07006639,-0.16362672,-0.9821289,0.061153974,-1.0,0
1763545354537,1009.81976,1.4147564,2.609373,9.17468,0.015042545,-1.1617885,0.1824195,49.8375,-38.625,22.612501,46.950733,0.3361091,49.741684,0.065782465,0.16062424,0.80611074,0.56573665,0.04921491,-0.16644932,-0.98278904,0.06323133,-1.0,0
1763545354563,1009.81976,1.1312069,2.6949165,9.204591,-0.33696827,-0.26656613,-0.10361794,52.443752,-36.73125,21.618752,46.950733,0.3361091,49.741684,0.07127783,0.15399636,0.80575716,0.5674152,0.04066551,-0.16474745,-0.9836067,0.06101229,-1.0,0
1763545354588,1009.81146,0.5838487,2.8899314,9.382257,-0.20181446,0.11217005,-0.08895718,50.2125,-36.84375,22.462502,46.950733,0.3361091,49.741684,0.07156514,0.1497015,0.80555016,0.5688206,0.03767104,-0.16159517,-0.9843551,0.05926975,-1.0,0
1763545354613,1009.81146,0.91884387,3.1561332,8.782257,0.116904244,0.1758527,-0.14592032,51.3375,-37.0875,21.75,46.950733,0.3361091,49.741684,0.06899565,0.1503679,0.80465615,0.5702258,0.03993098,-0.16055039,-0.9845931,0.056617107,-1.0,0
1763545354638,1009.769,0.19501504,3.6311083,6.4755764,0.49701485,-0.3569741,-0.50602514,52.893753,-38.8125,21.993752,46.950733,0.3361091,49.741684,0.071878046,0.15317166,0.80218506,0.57260036,0.03933862,-0.1645615,-0.98417306,0.052681502,-1.0,0
1763545354663,1009.7209,-0.24765715,3.4187453,5.721239,0.3578904,-0.41317368,-0.562072,51.937504,-37.66875,22.48125,46.950733,0.3361091,49.741684,0.07697402,0.15551792,0.7983684,0.5766256,0.036766127,-0.16958502,-0.9837144,0.046851914,-1.0,0
1763545354688,1009.7209,-0.3505485,3.3254254,5.7248282,0.09308052,-0.31879506,-0.5501601,51.750004,-37.59375,26.362501,46.950733,0.3361091,49.741684,0.08382314,0.15622166,0.7908003,0.58583564,0.03181239,-0.17441188,-0.983546,0.034722935,-1.0,0
1763545354714,1009.68964,-0.14596218,3.3284163,6.4821568,-0.12545635,-0.29405504,-0.541608,50.906254,-37.537502,24.45,46.950733,0.3361091,49.741684,0.08471362,0.15420865,0.78764594,0.590472,0.029842867,-0.17339583,-0.98397195,0.029026074,-1.0,0
1763545354739,1009.675,-0.23449662,3.6610186,8.658429,-0.18562654,-0.5029708,-0.5916989,52.593754,-38.831253,22.331251,46.950733,0.3361091,49.741684,0.08584279,0.15089113,0.7844338,0.59542125,0.026861006,-0.17150976,-0.98454815,0.022973428,-1.0,0
1763545354764,1009.675,-0.63529444,3.5419757,9.202198,-0.11308634,-0.55336714,-0.5794816,51.487503,-38.34375,23.6625,46.950733,0.3361091,49.741684,0.08785397,0.14716509,0.7808481,0.60074985,0.022939306,-0.16985191,-0.9850658,0.016413862,-1.0,0
1763545354789,1009.68915,-0.9846465,3.4205399,9.509077,-0.061926417,-0.54221886,-0.44631308,51.768753,-37.800003,22.66875,46.950733,0.3361091,49.741684,0.09353379,0.14055803,0.77409184,0.6101448,0.014400997,-0.16821934,-0.9856318,0.0049761133,-1.0,0
1763545354814,1009.68915,0.005383851,3.92064,11.267802,0.20013458,-0.5939896,-0.4134791,53.756252,-38.2125,21.09375,46.950733,0.3361091,49.741684,0.096617095,0.13798782,0.77134883,0.6137144,0.010388035,-0.16812968,-0.98571,0.0004756452,-1.0,0
1763545354839,1009.7089,0.17766708,4.409972,11.763116,0.43653923,-0.6135373,-0.3737729,51.956253,-39.15,21.487501,46.950733,0.3361091,49.741684,0.10167831,0.13626574,0.7680676,0.6173858,-0.0053293193,0.16993654,0.9854299,0.00459619,-1.0,0
1763545354864,1009.74115,0.41994038,4.42732,11.799008,0.645455,-0.383394,-0.3598757,52.987503,-39.037502,22.143751,46.950733,0.3361091,49.741684,0.114677735,0.13897415,0.76121765,0.62296295,0.003214988,0.18015121,0.9835402,0.013561264,-1.0,0
1763545354889,1009.74115,0.011964113,4.5338006,11.250454,0.78015065,0.027107125,-0.31558803,53.718754,-38.23125,23.268751,46.950733,0.3361091,49.741684,0.11878004,0.14518346,0.7582849,0.62435335,0.002591852,0.18756391,0.98210794,0.016645825,-1.0,0
1763545354914,1009.7526,-0.46181476,5.023731,10.255638,0.49472412,-0.09414954,0.013362667,53.550003,-39.75,23.5125,46.950733,0.3361091,49.741684,0.12142503,0.15272215,0.7566229,0.62406224,-3.8662227e-05,0.19511044,0.9806267,0.017411891,-1.0,0
1763545354939,1009.757,-0.20578274,4.5726843,10.146765,-0.023747368,-0.42126763,-0.0193186,52.65,-41.23125,25.406252,46.950733,0.3361091,49.741684,0.12803252,0.15336978,0.7551935,0.62431425,0.0047179284,0.19973071,0.9796659,0.018442923,-1.0,0
1763545354964,1009.757,-0.29192436,3.345166,10.095917,-0.3910298,-0.113544494,-0.07551816,53.60625,-39.487503,23.8125,46.950733,0.3361091,49.741684,0.12625927,0.14987114,0.75517887,0.62554145,0.0055114357,0.1958887,0.98041815,0.01942838,-1.0,0
1763545354990,1009.7575,-1.5439688,2.5351956,10.428519,-0.5432879,0.17157665,0.13477205,53.850002,-41.2125,23.268751,46.950733,0.3361091,49.741684,0.12112213,0.14706108,0.75605136,0.6261699,0.0032164666,0.19049196,0.98149467,0.01925327,-1.0,0
1763545355016,1009.7575,-1.2520444,2.6458635,10.437492,-0.45853037,-0.05108357,0.30596688,52.725002,-39.46875,24.206251,46.950733,0.3361091,49.741684,0.11627991,0.14390284,0.7578366,0.6256634,0.0013258089,0.18500617,0.9825827,0.01738478,-1.0,0
1763545355041,1009.7548,-0.1896312,2.5507488,9.990034,-0.31574073,-0.16898046,0.37713265,52.74375,-39.45,22.66875,46.950733,0.3361091,49.741684,0.11340699,0.13598773,0.76278573,0.6219357,0.003919688,0.17702669,0.984138,0.01089048,-1.0,0
1763545355067,1009.7482,0.657428,2.7032914,8.794222,-0.056734066,0.088651754,0.19921827,51.750004,-39.300003,23.212502,46.950733,0.3361091,49.741684,0.11303917,0.13397145,0.7649351,0.61979693,0.004928167,0.17521963,0.9844837,0.008099434,-1.0,0
1763545355093,1009.7482,0.44207397,3.0185459,8.475378,0.0026725335,0.086361006,0.1437823,53.025,-37.537502,20.98125,46.950733,0.3361091,49.741684,0.111953154,0.13392843,0.7673002,0.61707383,0.004176366,0.17450756,0.9846348,0.0048951954,-1.0,0
1763545355119,1009.736,0.43070808,3.1369905,8.183454,0.026190827,0.10117448,0.124998204,50.925003,-38.90625,24.825,46.950733,0.3361091,49.741684,0.11161121,0.13455138,0.76812756,0.61596996,0.00355444,0.17478128,0.98459387,0.0037054687,-1.0,0
1763545355144,1009.72943,-0.008973085,3.226123,8.103293,0.07765619,0.1476002,0.08132137,50.86875,-39.28125,23.775002,46.950733,0.3361091,49.741684,0.111203596,0.1353092,0.76871973,0.61513835,0.002793567,0.17512001,0.984539,0.0028544415,-1.0,0
1763545355170,1009.72943,0.033499517,3.2644083,8.096115,0.18119776,0.18577924,0.1164461,51.73125,-39.318752,23.831251,46.950733,0.3361091,49.741684,0.11058922,0.13908224,0.7698933,0.61293596,-4.4227304e-06,0.1776903,0.9840863,0.00057549804,-1.0,0
1763545355195,1009.72406,0.38285163,3.2907293,7.9722867,0.29741478,0.1871537,0.10804671,51.562504,-39.45,23.71875,46.950733,0.3361091,49.741684,0.11119923,0.14228192,0.7703305,0.61154026,0.0014839367,-0.18057466,-0.98355997,0.00060125027,-1.0,0
1763545355221,1009.72015,-0.109471634,3.641876,7.832307,0.30062184,0.03718639,-0.039477136,52.537502,-39.600002,24.393751,46.950733,0.3361091,49.741684,0.11256506,0.14551012,0.7701533,0.6107535,0.0023756183,-0.18395227,-0.9829319,0.0008513922,-1.0,0
1763545355246,1009.72015,-0.44985065,3.6466618,8.065607,0.1833358,-0.07903063,-0.031230463,50.5875,-39.91875,23.681252,46.950733,0.3361091,49.741684,0.11409374,0.14809772,0.7695192,0.61064714,0.0027678674,-0.18692955,-0.9823693,0.0004330588,-1.0,0
1763545355272,1009.7248,-0.25722843,3.6951163,8.886345,0.11415535,-0.084375694,0.033826638,51.656254,-40.331253,25.612501,46.950733,0.3361091,49.741684,0.11702631,0.14957717,0.76887935,0.6105376,0.0014070524,-0.18991184,-0.98180014,0.00020054441,-1.0,0
1763545355297,1009.7248,0.44805604,3.6568313,9.724431,0.18471023,0.04130973,0.051389,52.55625,-40.350002,23.8125,46.950733,0.3361091,49.741684,0.117914215,0.15104689,0.76897824,0.60988,0.0015885915,-0.19161524,-0.9814687,0.00058526645,-1.0,0
1763545355322,1009.7448,0.66699934,3.6873398,9.7399845,0.38263044,0.10651954,-0.1051451,52.050003,-39.9,24.0,46.950733,0.3361091,49.741684,0.11890742,0.15408404,0.7685886,0.60941833,0.0026298878,-0.1946123,-0.9808767,0.0003537084,-1.0,0
1763545355347,1009.7675,0.38464624,3.9128633,9.325428,0.28092143,0.0834594,-0.15767947,51.43125,-40.725002,25.031252,46.950733,0.3361091,49.741684,0.12029964,0.15746146,0.7675586,0.60958,-0.003572484,0.19812456,0.9801701,0.000740479,-1.0,0
1763545355372,1009.7675,-0.035294134,4.35075,9.242876,0.065744326,0.14485131,-0.17432554,51.093754,-40.03125,27.337502,46.950733,0.3361091,49.741684,0.120302856,0.16166092,0.76535666,0.6112464,-0.006096018,0.20141965,0.9794786,0.0038186493,-1.0,0
1763545355398,1009.7907,-0.005383851,4.8394837,10.143773,-0.3821723,0.067271486,-0.2070068,53.68125,-41.11875,25.593752,46.950733,0.3361091,49.741684,0.117624454,0.16200909,0.76489246,0.61225575,-0.008400753,0.2000297,0.97974133,0.0049511534,-1.0,0
1763545355424,1009.79926,0.33499518,4.7605205,10.990832,-0.5918516,-0.14714205,-0.3965276,52.912502,-39.318752,23.25,46.950733,0.3361091,49.741684,0.11178871,0.15510607,0.76270276,0.6178429,-0.008616206,0.19099835,0.9814902,0.011062332,-1.0,0
1763545355450,1009.79926,0.0017946169,3.842275,11.934801,-0.6633228,-0.19341506,-0.577649,53.025,-40.18125,23.90625,46.950733,0.3361091,49.741684,0.10840366,0.14954175,0.7600355,0.6230826,-0.007781725,0.18453598,0.98264766,0.017013118,-1.0,0
1763545355474,1009.82806,-1.0283155,1.5260227,11.660823,-0.2729802,-0.12255475,-0.28962627,52.781254,-39.825,24.69375,46.950733,0.3361091,49.741684,0.1049452,0.14530118,0.7573608,0.6279161,-0.007868216,0.17906427,0.98355013,0.022432076,-1.0,0
1763545355499,1009.8376,-0.3792624,1.3734802,10.975878,-0.051389,-0.22197299,0.057650365,55.125004,-39.956253,23.0625,46.950733,0.3361091,49.741684,0.104138285,0.14027636,0.7561721,0.6306199,-0.005435253,0.17462158,0.9843033,0.024994843,-1.0,0
1763545355524,1009.8376,1.0636097,1.7461623,10.258031,0.06849321,-0.29527676,0.2277762,52.612503,-38.60625,24.16875,46.950733,0.3361091,49.741684,0.10685461,0.13822421,0.75725293,0.6293205,-0.00198012,0.17469952,0.98433703,0.023596305,-1.0,0
1763545355549,1009.83636,2.588436,2.629712,9.1052885,0.0011453715,-0.14149155,-0.05535962,52.10625,-39.65625,23.98125,46.950733,0.3361091,49.741684,0.109589174,0.13622507,0.75784993,0.628567,0.0015257399,0.17482771,0.9843218,0.023315946,-1.0,0
1763545355574,1009.83636,2.1702902,2.9431717,8.522636,-0.021609342,0.16394083,-0.25450155,52.162502,-40.65,25.725,46.950733,0.3361091,49.741684,0.11092276,0.13487148,0.7574606,0.62909406,0.0035600907,0.17458951,0.98432225,0.024809703,-1.0,0
1763545355599,1009.82416,1.1060823,3.2410784,7.728817,-0.03611738,0.40905032,-0.37026042,52.912502,-39.318752,23.56875,46.950733,0.3361091,49.741684,0.10630733,0.13797638,0.75444394,0.6328314,-0.001742363,0.17417146,0.9842259,0.030992405,-1.0,0
1763545355625,1009.8007,-0.41994038,3.17049,6.486344,0.018249584,0.55917037,-0.31329727,54.075,-37.818752,23.98125,46.950733,0.3361091,49.741684,0.10200215,0.14136869,0.75271994,0.6348411,-0.0071803327,0.17417805,0.98410493,0.033881415,-1.0,0
1763545355650,1009.8007,-0.67836523,3.2219357,6.070591,0.082543105,0.53641564,-0.23067781,54.375004,-37.800003,24.243752,46.950733,0.3361091,49.741684,0.09772923,0.14538799,0.7512877,0.6363004,-0.01300846,0.17469817,0.9838777,0.035998963,-1.0,0
1763545355675,1009.7641,-0.63170516,3.6221352,5.9449677,0.10346522,0.3850739,-0.17982332,54.825,-39.99375,23.400002,46.950733,0.3361091,49.741684,0.09182039,0.1532744,0.7492591,0.6377199,-0.022538517,0.17724572,0.9831625,0.03830759,-1.0,0
1763545355700,1009.7299,-0.3906283,4.0211387,6.0430737,0.03733911,0.13416117,-0.22059855,54.15,-39.693752,24.225,46.950733,0.3361091,49.741684,0.091000885,0.15487713,0.7479186,0.6390224,-0.024156807,0.17800151,0.98290986,0.040251065,-1.0,0
1763545355726,1009.7299,-0.7686943,4.354937,7.569096,-0.2323577,-0.082084954,-0.33498296,54.112503,-39.075,24.35625,46.950733,0.3361091,49.741684,0.09096819,0.15410428,0.7460702,0.64137036,-0.023669848,0.17737834,0.9828989,0.043433674,-1.0,0
1763545355751,1009.7275,-1.2544373,4.1150565,8.605188,-0.2664134,0.13477205,-0.22899793,53.925003,-40.95,22.462502,46.950733,0.3361091,49.741684,0.086968906,0.15196289,0.74324954,0.6456964,-0.025491957,0.17322376,0.98335344,0.04857706,-1.0,0
1763545355776,1009.7541,-1.4470595,3.9804604,9.520443,-0.18272492,0.27068946,-0.05169443,56.68125,-39.43125,23.94375,46.950733,0.3361091,49.741684,0.083780535,0.15261298,0.7433796,0.64581496,-0.028422352,0.17176168,0.983535,0.048466243,-1.0,0
1763545355801,1009.7541,-1.3830515,4.406383,10.520643,0.1220966,0.07933606,0.24686573,54.7125,-39.131252,23.362501,46.950733,0.3361091,49.741684,0.082271636,0.15375565,0.74425,0.6447345,-0.030341685,0.17172304,0.9835592,0.046924792,-1.0,0
1763545355826,1009.77826,-0.8554341,4.738387,10.807781,0.15386157,0.010155627,0.292986,55.143753,-38.456253,22.96875,46.950733,0.3361091,49.741684,0.082796656,0.15513118,0.74563223,0.6427376,-0.030796103,0.1731259,0.98341614,0.04440359,-1.0,0
1763545355851,1009.77826,-0.34337005,4.8137608,11.210374,0.13584106,0.16623157,0.22533275,55.725002,-39.2625,22.5,46.950733,0.3361091,49.741684,0.084389836,0.15811081,0.74852526,0.6384272,-0.03133053,0.17646267,0.983014,0.03953232,-1.0,0
1763545355877,1009.82074,-0.8913264,4.741378,10.6408825,-0.017486004,0.38599017,0.19142975,55.987503,-39.99375,24.206251,46.950733,0.3361091,49.741684,0.08257449,0.16127218,0.7496845,0.63651067,-0.03466442,0.17783602,0.98273164,0.037567392,-1.0,0
1763545355902,1009.84296,-0.56410795,4.7455654,11.000404,-0.2711476,-0.07918335,0.18898629,56.756252,-39.16875,23.15625,46.950733,0.3361091,49.741684,0.08010725,0.1634606,0.7511828,0.6344981,-0.037932467,0.17803837,0.9826622,0.035191648,-1.0,0
1763545355928,1009.84296,-0.08853444,3.8691943,12.163316,-0.42936158,-0.4344012,0.08956805,54.61875,-39.61875,22.63125,46.950733,0.3361091,49.741684,0.080311485,0.15497592,0.7535963,0.63373905,-0.032443505,0.17150769,0.98407453,0.033613842,-1.0,0
1763545355953,1009.8654,-0.32422748,2.690131,12.852448,-0.2589303,-0.1834885,0.014737112,56.1375,-37.96875,22.21875,46.950733,0.3361091,49.741684,0.08000007,0.1515656,0.7539872,0.63413817,-0.030538192,0.16864035,0.9846192,0.033954006,-1.0,0
1763545355978,1009.86395,-1.7838492,2.3635106,10.223334,0.083612114,-0.18913901,0.10728313,55.275,-38.568752,22.35,46.950733,0.3361091,49.741684,0.07906347,0.15217966,0.7542339,0.63381505,-0.03164581,0.16854739,0.9846124,0.033596244,-1.0,0
1763545356003,1009.86395,-1.0588241,2.7619154,9.772886,-0.102396205,-0.61872965,0.11369721,55.8375,-38.737503,21.375,46.950733,0.3361091,49.741684,0.08450689,0.1467953,0.754962,0.63351566,-0.024125528,0.16765511,0.9850174,0.03240919,-1.0,0
1763545356028,1009.8566,0.0424726,2.172683,9.550353,-0.3050506,-0.4741074,-0.086361006,53.23125,-39.2625,22.143751,46.950733,0.3361091,49.741684,0.08591274,0.141501,0.7545007,0.6350789,-0.019727008,0.16436051,0.98561436,0.034070626,-1.0,0
1763545356053,1009.8566,-1.8221345,1.7001005,9.096315,-0.41363183,0.267177,-0.10377065,54.825,-37.237503,21.69375,46.950733,0.3361091,49.741684,0.08302427,0.13788548,0.7535702,0.63735896,-0.019761397,0.1597339,0.9862878,0.036482602,-1.0,0
1763545356079,1009.83685,-2.079961,1.6031911,8.687142,-0.17783801,0.30108,0.20181446,55.36875,-37.537502,20.268751,46.950733,0.3361091,49.741684,0.07450269,0.1369911,0.75535506,0.63649154,-0.026037341,0.15375067,0.9871842,0.033912312,-1.0,0
1763545356104,1009.80194,-1.7300107,1.9202402,8.091928,0.09705114,0.07994693,0.45517063,54.187504,-37.537502,21.018751,46.950733,0.3361091,49.741684,0.074736916,0.13792229,0.75805193,0.6330475,-0.026485398,0.15461788,0.9871883,0.029173985,-1.0,0
1763545356130,1009.80194,-0.9379865,2.9300113,7.521838,0.3427715,-0.3965276,0.68439764,53.325,-37.5,20.94375,46.950733,0.3361091,49.741684,0.07835762,0.13837567,0.7612062,0.62871087,-0.023961037,0.15720563,0.9869942,0.023552446,-1.0,0
1763545356155,1009.7751,-0.27098715,2.9425735,7.248458,0.3907244,-0.3853793,0.7077632,53.11875,-39.15,21.206251,46.950733,0.3361091,49.741684,0.08418838,0.13814063,0.76454955,0.6239338,-0.019259168,0.16062255,0.98667157,0.01756885,-1.0,0
1763545356180,1009.7751,0.33260235,3.2309089,6.986444,0.32933247,-0.23968807,0.6436224,51.206253,-39.975002,21.300001,46.950733,0.3361091,49.741684,0.09035619,0.13823341,0.767937,0.61887,-0.0144691905,0.16450945,0.98620236,0.011495387,-1.0,0
1763545356205,1009.7629,0.18723837,3.851248,8.124829,0.10881029,-0.21998768,0.3429242,50.718754,-38.662502,22.368752,46.950733,0.3361091,49.741684,0.098413914,0.13896489,0.77371544,0.61021954,-0.008515537,0.17007066,0.9853939,0.001549769,-1.0,0
1763545356230,1009.7641,-0.12263216,3.5934215,9.107083,0.1117119,-0.23800819,0.23327398,51.2625,-39.7125,21.28125,46.950733,0.3361091,49.741684,0.10137907,0.13829899,0.7753547,0.6077999,0.0057404065,-0.17138082,-0.9851874,0.0011786286,-1.0,0
1763545356255,1009.7641,-0.3068795,3.4887354,10.094721,0.23449571,-0.118125975,0.25053093,50.8875,-39.2625,21.91875,46.950733,0.3361091,49.741684,0.10671522,0.13843217,0.77735275,0.6042939,0.0016345441,-0.17478253,-0.9845919,0.0052122306,-1.0,0
1763545356280,1009.8039,0.05922236,3.2871401,10.453644,0.4822014,0.12728895,0.25541782,50.49375,-39.787502,21.675001,46.950733,0.3361091,49.741684,0.10882518,0.14242242,0.77833897,0.6017154,0.0024282094,-0.17922376,-0.9837746,0.007777544,-1.0,0
1763545356305,1009.83,0.0041874396,3.5946178,9.360723,0.77052957,0.1503491,0.0457385,50.11875,-40.0875,23.118752,46.950733,0.3361091,49.741684,0.11138457,0.14882837,0.77861243,0.5993382,0.0043533472,-0.18584254,-0.98252195,0.009707927,-1.0,0
1763545356331,1009.83,0.25842485,3.8781674,8.358727,0.55825406,0.16592614,-0.1589012,49.0125,-41.943752,23.34375,46.950733,0.3361091,49.741684,0.114734866,0.15537204,0.77792144,0.59794116,0.005746145,-0.19305842,-0.98111635,0.010302617,-1.0,0
1763545356356,1009.8442,-0.01794617,4.598407,7.792825,0.053527027,0.18807,-0.4258491,50.062504,-40.4625,22.5375,46.950733,0.3361091,49.741684,0.114989966,0.16280039,0.77397627,0.60102755,0.010072197,-0.19906081,-0.97992194,0.0051338146,-1.0,0
1763545356381,1009.86884,-1.0313065,4.7007003,10.3232355,-0.94202983,0.05902481,-0.65293807,51.206253,-40.48125,23.34375,46.950733,0.3361091,49.741684,0.11003493,0.16040023,0.7712929,0.6060291,-0.012495383,0.19411282,0.9808995,0.00041898977,-1.0,0
1763545356406,1009.86884,-0.6759724,4.219743,12.128021,-1.0257183,0.069104075,-0.61842424,50.1375,-40.0875,22.81875,46.950733,0.3361091,49.741684,0.103058286,0.15469886,0.76889336,0.61175996,-0.0144871,0.1853183,0.9825517,0.006277895,-1.0,0
1763545356431,1009.92035,-0.5844469,3.9565322,13.728222,-0.86628264,0.013973532,-0.5790235,52.0125,-39.506252,21.65625,46.950733,0.3361091,49.741684,0.09548772,0.1481427,0.7667777,0.61724216,-0.01639808,0.17548579,0.9842739,0.01186339,-1.0,0
1763545356456,1009.9587,0.27816564,1.8514465,13.17548,-0.1306487,-0.48556113,-0.46005753,52.987503,-39.037502,21.69375,46.950733,0.3361091,49.741684,0.0865399,0.13793111,0.7619215,0.6268664,-0.017106723,0.16193055,0.98639584,0.022563728,-1.0,0
1763545356481,1009.9587,0.5377869,1.8305093,11.877972,-0.010613776,-0.65324354,-0.33864817,52.912502,-38.15625,19.95,46.950733,0.3361091,49.741684,0.0884648,0.1338449,0.7589684,0.63105184,-0.013034091,0.15990807,0.98665154,0.027897067,-1.0,0
1763545356506,1009.9687,0.8542377,1.7617157,10.743773,-0.02328922,-0.44906196,-0.23266312,51.206253,-38.475002,21.69375,46.950733,0.3361091,49.741684,0.09531912,0.12634164,0.7546809,0.6367172,-0.0029232197,0.15823843,0.9867568,0.03554045,-1.0,0
1763545356532,1009.9687,0.58624154,2.1619153,8.915657,0.07765619,0.17508912,-0.047876526,52.575,-36.825,20.362501,46.950733,0.3361091,49.741684,0.09571113,0.12552103,0.75372535,0.6379513,-0.0020533456,0.15783514,0.9867531,0.037445806,-1.0,0
1763545356557,1009.9411,0.39840496,2.6554348,8.091928,0.14439316,0.22502731,0.077961616,52.8375,-38.41875,20.587502,46.950733,0.3361091,49.741684,0.09486811,0.12690297,0.75354373,0.6380185,-0.00352191,0.15840428,0.9866402,0.037904922,-1.0,0
1763545356582,1009.8835,0.62512493,2.842075,7.4626155,0.25663957,0.18150319,0.16012293,51.05625,-38.60625,20.475,46.950733,0.3361091,49.741684,0.094936565,0.13191168,0.754914,0.635367,-0.0064666965,0.16239405,0.98606557,0.03551111,-1.0,0
1763545356608,1009.8835,0.87278205,2.7619154,6.663413,0.43485937,0.1042288,0.15263984,52.237503,-38.60625,19.893751,46.950733,0.3361091,49.741684,0.097295076,0.1354876,0.7554056,0.63367116,-0.006744984,0.16666651,0.98539466,0.034265272,-1.0,0
1763545356634,1009.83075,0.08015956,3.225525,5.3246284,0.55825406,-0.17768529,0.027870705,51.99375,-38.381252,19.125,46.950733,0.3361091,49.741684,0.10140462,0.13921402,0.755171,0.63249767,-0.0057421997,0.17213503,0.98447585,0.0338203,-1.0,0
1763545356658,1009.7878,0.20458634,3.1561332,5.2013984,0.42981973,-0.19509494,-0.028939718,51.43125,-41.68125,21.375,46.950733,0.3361091,49.741684,0.11060152,0.1444882,0.75337607,0.6319137,-0.001681297,0.18195249,0.9826908,0.03477472,-1.0,0
1763545356683,1009.7878,0.2440679,3.2787652,5.469394,0.14424044,-0.16867504,-0.09873102,51.43125,-39.5625,21.4125,46.950733,0.3361091,49.741684,0.11280946,0.1447611,0.75236714,0.63266253,-7.574066e-05,0.18352589,0.9823496,0.03616048,-1.0,0
1763545356708,1009.77435,-0.19800608,3.6993039,8.472985,-0.5031235,-0.1514181,-0.19540037,51.393753,-39.80625,20.04375,46.950733,0.3361091,49.741684,0.11258915,0.14251366,0.75148845,0.6342544,0.00115309,0.1816181,0.9826314,0.03806635,-1.0,0
1763545356733,1009.77435,-0.26081768,3.551547,10.657034,-0.44875655,0.009086614,-0.2115883,50.4,-38.925003,20.56875,46.950733,0.3361091,49.741684,0.11042386,0.13829765,0.75078255,0.6364007,0.0020383946,0.17696191,0.9833945,0.04019478,-1.0,0
1763545356759,1009.8066,-0.89730847,3.4672,11.602797,-0.07551816,0.2946659,-0.1306487,52.0125,-40.48125,19.087502,46.950733,0.3361091,49.741684,0.104324095,0.13667928,0.7496782,0.63907576,-0.0017971337,0.1719346,0.98417366,0.042866427,-1.0,0
1763545356785,1009.83344,-2.012364,4.505685,10.591231,0.62224215,0.23938264,0.4191296,53.60625,-39.7125,20.268751,46.950733,0.3361091,49.741684,0.1034291,0.14181383,0.75034463,0.63731796,-0.005727785,0.17543073,0.9836337,0.040694047,-1.0,0
1763545356810,1009.83344,-1.0552348,4.9106703,10.076775,0.6735548,0.12912154,0.6138427,51.506252,-39.9375,21.28125,46.950733,0.3361091,49.741684,0.105801105,0.14770079,0.7522252,0.6333623,-0.0075713964,0.18152705,0.98270035,0.035925426,-1.0,0
1763545356835,1009.84247,0.3487539,5.123033,9.776475,0.55336714,0.20074543,0.5946005,50.2125,-40.331253,23.75625,46.950733,0.3361091,49.741684,0.11274627,0.15782537,0.758021,0.62272274,-0.008369226,0.19377956,0.98072094,0.023787519,-1.0,0
1763545356860,1009.85175,0.8458628,5.49751,9.664013,0.3407862,0.3580431,0.46112654,51.525,-39.9375,20.493752,46.950733,0.3361091,49.741684,0.11328859,0.16202526,0.7606512,0.61832297,-0.010441709,0.19742711,0.98007524,0.01913208,-1.0,0
1763545356885,1009.85175,0.53599226,6.076573,9.97508,-0.14607304,0.22685991,0.32520914,50.68125,-41.025,21.88125,46.950733,0.3361091,49.741684,0.11129143,0.16545126,0.7633997,0.6143785,-0.014058032,0.19890268,0.97980875,0.014658742,-1.0,0
1763545356910,1009.86444,1.1784651,5.057829,10.874183,-0.33757916,-0.37224573,0.06956223,51.600002,-40.18125,21.13125,46.950733,0.3361091,49.741684,0.110994,0.16080123,0.7663334,0.6120101,-0.011275274,0.19506298,0.98065525,0.0117726615,-1.0,0
1763545356936,1009.86444,0.69092757,3.7178483,11.6686,-0.3429242,-0.5086213,-0.1514181,49.687504,-40.125,22.556252,46.950733,0.3361091,49.741684,0.11262473,0.15512161,0.765468,0.61425704,-0.006422247,0.19158758,0.9813479,0.014465728,-1.0,0
1763545356961,1009.88763,-0.9421739,2.1852453,10.567303,-0.13965896,-0.1523344,-0.11262819,50.98125,-39.61875,21.150002,46.950733,0.3361091,49.741684,0.11304144,0.15177274,0.76429635,0.61647195,-0.0040271087,0.18920125,0.9817833,0.016980464,-1.0,0
1763545356986,1009.88983,-1.2197413,2.4448664,9.945169,-0.26198465,-0.22518003,0.020998476,51.375004,-39.825,21.431252,46.950733,0.3361091,49.741684,0.11274526,0.14968856,0.7637034,0.6177693,-0.0030194367,0.18737406,0.98211604,0.01816487,-1.0,0
1763545357012,1009.88983,-0.49292147,2.3407788,9.94158,-0.37514734,-0.17814344,0.040088,48.506252,-40.875,22.25625,46.950733,0.3361091,49.741684,0.111236334,0.14226969,0.76455945,0.6187363,0.0002463393,0.18059382,0.9833958,0.017846042,-1.0,0
1763545357037,1009.8835,-0.5210371,2.0153549,9.334401,-0.3513236,0.28794637,-0.069867656,48.656254,-38.100002,20.85,46.950733,0.3361091,49.741684,0.10805247,0.13940015,0.7648515,0.61959213,-0.0004972579,0.17637315,0.9841521,0.018357566,-1.0,0
1763545357062,1009.8559,-1.1455638,2.0961127,8.788837,-0.18761185,0.38125598,0.067271486,49.968754,-39.7125,19.40625,46.950733,0.3361091,49.741684,0.103474304,0.13837273,0.7652324,0.62013346,-0.0034895097,0.1727477,0.9847867,0.018473538,-1.0,0
1763545357087,1009.8559,-1.4219348,2.3108685,8.128419,0.054748755,0.33208138,0.27511823,51.393753,-39.1875,19.087502,46.950733,0.3361091,49.741684,0.09719693,0.14130521,0.7681349,0.61689085,-0.010347843,0.17119385,0.98509014,0.013528391,-1.0,0
1763545357113,1009.81464,-1.2400804,2.653042,7.443473,0.2862665,0.20486878,0.47334385,49.781254,-39.862503,20.362501,46.950733,0.3361091,49.741684,0.09777934,0.14434215,0.7707167,0.6128624,-0.011811302,0.17394236,0.98464864,0.008461029,-1.0,0
1763545357139,1009.77655,-0.10348958,3.5156546,6.409774,0.50694144,-0.007101303,0.58620113,50.062504,-38.456253,20.56875,46.950733,0.3361091,49.741684,0.10057418,0.14769088,0.7736176,0.6079375,-0.01170337,0.17829973,0.98390317,0.002612945,-1.0,0
1763545357166,1009.77655,0.37328035,3.8213377,5.875576,0.43608108,-0.10529782,0.46005753,49.443752,-40.65,21.69375,46.950733,0.3361091,49.741684,0.10881111,0.15343171,0.7781709,0.5992237,0.008722791,-0.18789642,-0.9821257,0.006921841,-1.0,0
1763545357191,1009.7453,0.51864433,4.28734,6.77109,-0.109268434,-0.17936517,-0.020845762,48.131252,-40.7625,19.96875,46.950733,0.3361091,49.741684,0.112314336,0.15351799,0.77889276,0.597615,0.0059664343,-0.19012283,-0.9817064,0.008381221,-1.0,0
1763545357216,1009.74896,-0.1160519,3.792624,8.213962,-0.2277762,0.042684175,-0.102396205,48.3375,-39.6375,20.962502,46.950733,0.3361091,49.741684,0.11337902,0.15190549,0.7787009,0.5980759,0.0040894016,-0.18950818,-0.9818407,0.007664376,-1.0,0
1763545357242,1009.74896,-0.57607204,3.519244,9.6173525,-0.07536544,0.117056966,-0.041615162,48.61875,-39.84375,19.875,46.950733,0.3361091,49.741684,0.110249974,0.15088584,0.77844924,0.5992455,0.005934447,-0.18677895,-0.98236173,0.006618213,-1.0,0
1763545357268,1009.7746,0.21296121,3.2333016,10.073185,0.52297664,-0.26610798,-0.10377065,47.737503,-39.075,20.7,46.950733,0.3361091,49.741684,0.111647114,0.15260124,0.7779713,0.599173,0.005901499,-0.18899044,-0.98194003,0.006448127,-1.0,0
1763545357293,1009.7746,0.6334998,3.3894334,9.236894,0.47929978,-0.46967867,-0.29680392,47.362503,-40.10625,21.2625,46.950733,0.3361091,49.741684,0.11641447,0.15489545,0.7763369,0.5997968,0.0035378088,-0.19373284,-0.9810359,0.004861138,-1.0,0
1763545357318,1009.7934,0.43070808,3.6484563,8.644072,0.051541716,-0.35391977,-0.55183995,47.193752,-40.256252,21.13125,46.950733,0.3361091,49.741684,0.12448247,0.15478101,0.76968485,0.606739,0.0029707113,0.1986057,0.98006177,0.0050898986,-1.0,0
1763545357343,1009.81757,-0.49351966,3.8291144,9.090932,-0.5277108,0.043600474,-0.68729925,47.625,-41.7,21.9375,46.950733,0.3361091,49.741684,0.12000935,0.15199813,0.7664564,0.6124041,0.0011508345,0.19366041,0.9810003,0.011521809,-1.0,0
1763545357368,1009.81757,-1.3058829,3.8063827,10.97169,-1.060843,0.45089456,-0.57154036,49.48125,-39.15,20.5125,46.950733,0.3361091,49.741684,0.110304065,0.1487561,0.7643166,0.61767685,-0.00456729,0.18513376,0.9825611,0.016681634,-1.0,0
1763545357393,1009.8403,-0.7004988,4.152744,12.279367,-1.1521673,0.16302454,-0.5180897,49.875004,-39.35625,20.643751,46.950733,0.3361091,49.741684,0.09957597,0.14435004,0.7628234,0.62237304,-0.010371411,0.17505638,0.9842802,0.020977933,-1.0,0
1763545357418,1009.88153,-0.276371,3.7411783,13.951352,-1.0177771,0.05184715,-0.5193114,50.250004,-37.55625,19.10625,46.950733,0.3361091,49.741684,0.083371244,0.13056082,0.75962347,0.6316449,-0.014660884,0.154214,0.9874664,0.030219052,-1.0,0
1763545357443,1009.88153,-0.42053857,1.7581264,12.782458,-0.040698867,0.013057235,-0.27511823,52.331253,-37.575,17.493752,46.950733,0.3361091,49.741684,0.078728676,0.12720886,0.75762165,0.6353181,-0.016247122,0.1487156,0.9881477,0.034407943,-1.0,0
1763545357469,1009.89716,0.083748795,1.7054844,10.783256,0.08147409,-0.20273075,-0.05459604,52.55625,-37.18125,17.60625,46.950733,0.3361091,49.741684,0.077748224,0.1267827,0.7560387,0.6374063,-0.016757358,0.14777629,0.9881853,0.037029214,-1.0,0
1763545357494,1009.89716,1.1335998,2.0207388,9.783653,-0.10331251,-0.2937496,0.05856666,51.750004,-37.40625,18.9375,46.950733,0.3361091,49.741684,0.08110833,0.12279286,0.75580925,0.6380406,-0.0115813,0.14670555,0.9883762,0.0381562,-1.0,0
1763545357519,1009.88763,1.3136597,2.4149563,9.650852,-0.19585852,0.12072215,-0.0080176005,52.050003,-37.36875,18.900002,46.950733,0.3361091,49.741684,0.08072709,0.1196412,0.7563025,0.6381032,-0.009854985,0.14399223,0.98878014,0.038508534,-1.0,0
1763545357544,1009.8725,0.6203393,2.6685956,9.150752,0.04772381,0.22227842,-0.0012980876,52.10625,-36.600002,16.5375,46.950733,0.3361091,49.741684,0.07889093,0.11858704,0.7566286,0.63814306,-0.010573724,0.14203824,0.98903966,0.038908817,-1.0,0
1763545357569,1009.8725,0.11425728,2.8396823,8.208578,0.29863653,0.10957387,0.05459604,52.818752,-36.65625,17.400002,46.950733,0.3361091,49.741684,0.079003066,0.12288872,0.7568433,0.6370597,-0.013042583,0.14550948,0.9885216,0.038496707,-1.0,0
1763545357595,1009.841,0.1591227,2.8983064,7.2233334,0.4736493,-0.010461059,0.10545053,53.081253,-36.75,17.53125,46.950733,0.3361091,49.741684,0.08228168,0.12625161,0.7569118,0.63590467,-0.012495254,0.1501786,0.98786116,0.03769135,-1.0,0
1763545357620,1009.79926,0.634098,3.196811,6.1399827,0.6263655,0.030772313,-0.08575014,50.812504,-38.60625,17.25,46.950733,0.3361091,49.741684,0.086190775,0.13052365,0.7565976,0.6348976,-0.01199187,0.15595339,0.9869859,0.03732915,-1.0,0
1763545357645,1009.79926,0.33918262,3.2542388,5.971887,0.5897136,-0.015042545,-0.24610215,51.843754,-37.7625,18.337502,46.950733,0.3361091,49.741684,0.09373614,0.13994014,0.7529792,0.6361231,-0.011709966,0.16802554,0.98485607,0.04109584,-1.0,0
1763545357670,1009.7653,0.0071784677,3.2925239,5.8450675,0.4406626,-0.059941106,-0.32811075,53.025,-37.537502,20.212502,46.950733,0.3361091,49.741684,0.09667351,0.14323258,0.7502825,0.63813376,-0.011382865,0.17242904,0.9839515,0.04447575,-1.0,0
1763545357695,1009.7653,-0.5024927,3.4103706,7.1802626,-0.038713556,0.03932442,-0.36002842,50.8875,-37.987503,19.837502,46.950733,0.3361091,49.741684,0.097888336,0.14479445,0.7477015,0.64062077,-0.011365108,0.1744087,0.9834318,0.048106924,-1.0,0
1763545357720,1009.73676,-0.57487565,3.173481,8.601001,-0.09796744,0.122707464,-0.31360272,51.05625,-39.3375,19.59375,46.950733,0.3361091,49.741684,0.09698007,0.1452881,0.7455323,0.64317024,-0.012385526,0.17424223,0.98327976,0.05145005,-1.0,0
1763545357745,1009.7458,-0.96729857,3.2799616,9.720243,0.057497647,0.16210824,-0.19830199,53.381252,-39.99375,21.54375,46.950733,0.3361091,49.741684,0.093872696,0.14732175,0.7426438,0.6465017,-0.016110485,0.17394318,0.98304594,0.055721804,-1.0,0
1763545357771,1009.7458,-1.7605193,4.0031924,10.031909,0.29130614,-0.017944153,0.24213153,52.968754,-39.28125,20.625,46.950733,0.3361091,49.741684,0.09436807,0.14995088,0.7423341,0.6461807,-0.01737324,0.17632009,0.982618,0.055418935,-1.0,0
1763545357796,1009.7795,-0.8787641,4.442275,10.442278,0.2523635,-0.112017326,0.43623382,53.5875,-39.73125,21.65625,46.950733,0.3361091,49.741684,0.09646055,0.15193588,0.7433553,0.6442312,-0.01700108,0.17916505,0.9822486,0.05290155,-1.0,0
1763545357821,1009.82245,0.40438703,4.7742796,10.975878,0.1625664,-0.11995857,0.39606944,51.956253,-39.15,21.1875,46.950733,0.3361091,49.741684,0.10206823,0.15286438,0.74765205,0.6381465,-0.013130998,0.18333855,0.9819077,0.045516383,-1.0,0
1763545357847,1009.82245,0.77706915,4.930411,11.25823,0.037949976,0.0051159924,0.25541782,52.537502,-39.206253,20.5125,46.950733,0.3361091,49.741684,0.10297042,0.15281315,0.74920315,0.6361916,-0.012303084,0.183857,0.9819143,0.043469135,-1.0,0
1763545357872,1009.861,0.5946164,5.2905307,11.997015,-0.3174206,0.11675153,0.12637265,51.487503,-40.6875,21.7875,46.950733,0.3361091,49.741684,0.101516075,0.15264046,0.75086707,0.63450295,-0.013275276,0.18283434,0.98217785,0.041496847,-1.0,0
1763545357897,1009.861,0.3290131,4.549354,13.049856,-0.3652208,-0.061926417,-0.03978257,52.2,-39.375,21.487501,46.950733,0.3361091,49.741684,0.09924911,0.15092626,0.75223243,0.6336539,-0.013944047,0.18009633,0.9827206,0.04038669,-1.0,0
1763545357923,1009.8979,-0.7645068,3.2368908,13.333406,-0.114308074,0.07475458,-0.10621411,52.0125,-38.775,22.237501,46.950733,0.3361091,49.741684,0.09604662,0.14724213,0.7521096,0.6351583,-0.0141515,0.17522824,0.9835282,0.04203713,-1.0,0
1763545357948,1009.9189,-1.7240287,2.260021,11.947364,0.18684827,0.098578304,-0.040240716,52.162502,-40.875,23.268751,46.950733,0.3361091,49.741684,0.09591578,0.149001,0.7517091,0.6352419,-0.015395381,0.17653362,0.983278,0.041991968,-1.0,0
1763545357973,1009.9189,-1.3698909,2.385046,9.747761,0.026954409,-0.29955283,0.23021966,51.9,-40.143753,21.393751,46.950733,0.3361091,49.741684,0.10055738,0.14728203,0.7529983,0.63339543,-0.01085814,0.17800528,0.98320746,0.038720295,-1.0,0
1763545357998,1009.9052,-0.31465617,2.1571295,9.334401,-0.124234624,0.07841977,0.18929173,52.218754,-39.35625,20.7,46.950733,0.3361091,49.741684,0.09927406,0.14646176,0.7544371,0.6320746,-0.011377279,0.17656994,0.98353606,0.036748916,-1.0,0
1763545358023,1009.9052,-0.846461,2.4131618,7.84786,-0.15905392,0.44493863,0.0778089,51.112503,-38.98125,21.112501,46.950733,0.3361091,49.741684,0.094914794,0.1476909,0.7557261,0.6309173,-0.015570456,0.17486845,0.9838439,0.035067804,-1.0,0
1763545358048,1009.9052,-1.2723835,2.5992036,7.146165,-0.13355032,0.18486296,0.1485165,52.312504,-38.737503,22.2,46.950733,0.3361091,49.741684,0.090668656,0.14911167,0.7568321,0.62988096,-0.01981464,0.17338534,0.98408586,0.03346492,-1.0,0
1763545358073,1009.8591,-1.3034902,2.7116663,6.8506513,-0.13981168,-0.15080725,0.2680933,51.05625,-39.35625,20.362501,46.950733,0.3361091,49.741684,0.08904706,0.14726964,0.7597238,0.6270582,-0.020059949,0.1709249,0.9846552,0.028921073,-1.0,0
1763545358099,1009.83026,-0.19501504,2.8636105,7.732406,-0.069867656,-0.19494222,0.4466185,48.862503,-39.09375,22.59375,46.950733,0.3361091,49.741684,0.09083566,0.14412771,0.76194674,0.6248306,-0.016754324,0.16953821,0.98504865,0.02559685,-1.0,0
1763545358124,1009.83026,0.4977071,3.0436704,7.9034934,0.09720386,-0.031230463,0.40294167,48.825,-38.71875,21.337502,46.950733,0.3361091,49.741684,0.09247335,0.14208448,0.7645549,0.6218653,-0.01420756,0.16893037,0.98528767,0.021653403,-1.0,0
1763545358149,1009.82806,0.53180486,3.374478,7.5092754,0.23770276,0.016111558,0.2560287,49.331253,-39.037502,22.06875,46.950733,0.3361091,49.741684,0.09588346,0.14377986,0.76805174,0.61662817,-0.012466562,0.1723684,0.98482555,0.015883803,-1.0,0
1763545358174,1009.82806,-0.12023934,3.5694933,7.0869427,0.269315,-0.063759014,0.14546217,49.18125,-39.693752,23.212502,46.950733,0.3361091,49.741684,0.09835007,0.14539056,0.76846516,0.61534554,-0.011484281,0.17515497,0.9843635,0.014741919,-1.0,0
1763545358199,1009.8117,-0.19381863,3.242873,7.8538423,0.21861324,-0.1966221,0.15202898,48.693752,-39.975002,22.181252,46.950733,0.3361091,49.741684,0.10121865,0.14610611,0.7687519,0.6143519,-0.009667661,0.17747888,0.98398143,0.013724153,-1.0,0
1763545358225,1009.8107,0.38404804,3.3469608,8.809774,0.33131778,-0.21678063,0.09689843,49.406254,-41.643753,20.8125,46.950733,0.3361091,49.741684,0.108000554,0.14753032,0.7690265,0.6125103,-0.0051623695,0.18276396,0.98306733,0.012221243,-1.0,0
1763545358250,1009.8107,0.85483587,3.3056846,9.193225,0.49044806,-0.23770276,-0.059177525,51.000004,-40.875,22.462502,46.950733,0.3361091,49.741684,0.112715065,0.1496335,0.7677562,0.6127443,-0.0026708534,0.1873172,0.9822033,0.013485386,-1.0,0
1763545358275,1009.83026,0.16630118,3.6664026,9.226126,0.49380782,-0.39026624,-0.33131778,50.175003,-41.9625,23.53125,46.950733,0.3361091,49.741684,0.11812123,0.15201372,0.76537585,0.6141165,0.00019316896,0.1925117,0.9811594,0.016292524,-1.0,0
1763545358300,1009.8488,-0.15613168,3.868596,9.068798,0.22655447,-0.25053093,-0.4482984,50.025,-42.09375,22.63125,46.950733,0.3361091,49.741684,0.12346675,0.15363783,0.7622371,0.61655986,0.003443442,0.19707045,0.98017406,0.020252401,-1.0,0
1763545358325,1009.8488,-0.64606214,4.276572,9.089735,-0.22670719,0.12194388,-0.5029708,49.631252,-40.912502,25.706251,46.950733,0.3361091,49.741684,0.122938484,0.15416776,0.7563539,0.62373656,0.0026801443,0.19716589,0.9799248,0.029423984,-1.0,0
1763545358351,1009.8747,-1.2640085,4.638487,10.068399,-0.6129264,0.39316785,-0.46265373,51.80625,-39.675003,24.0,46.950733,0.3361091,49.741684,0.11557972,0.15287206,0.75486773,0.6272529,-0.0023972103,0.1916319,0.98091483,0.03282644,-1.0,0
1763545358376,1009.903,-0.56590253,4.282554,12.290135,-0.6788998,0.05902481,-0.45318532,50.8875,-41.268753,24.656252,46.950733,0.3361091,49.741684,0.1079661,0.15030238,0.7536998,0.63062596,-0.006882657,0.18493272,0.9820687,0.035966124,-1.0,0
1763545358401,1009.903,-0.25184458,3.7962132,12.994224,-0.5961277,-0.087124586,-0.47807804,52.237503,-40.3875,24.618752,46.950733,0.3361091,49.741684,0.098883115,0.14165765,0.74978536,0.63873094,-0.008761373,0.17253405,0.98394793,0.044740647,-1.0,0
1763545358426,1009.9384,-0.19680966,2.6769702,13.044473,-0.43653923,-0.08880447,-0.45761406,52.443752,-40.237503,23.362501,46.950733,0.3361091,49.741684,0.096006185,0.1380455,0.7475071,0.6426192,-0.008815308,0.16791677,0.9845317,0.04922935,-1.0,0
1763545358451,1009.9384,0.13040884,1.4081762,11.246864,-0.25740314,-0.19463679,-0.19982915,50.831253,-38.775,22.81875,46.950733,0.3361091,49.741684,0.09460618,0.13496141,0.745564,0.6457317,-0.0080318,0.16462201,0.9849061,0.052868634,-1.0,0
1763545358477,1009.9482,0.59760743,1.6319051,10.5996065,-0.34032804,-0.11308634,-0.055206906,52.2,-39.15,24.393751,46.950733,0.3361091,49.741684,0.09383664,0.13157998,0.7445376,0.64772314,-0.006561125,0.16147928,0.9853148,0.055101402,-1.0,0
1763545358502,1009.9421,0.96909314,2.0949163,10.310673,-0.3682751,0.03199404,0.0410043,52.55625,-39.600002,23.306252,46.950733,0.3361091,49.741684,0.08982576,0.12507364,0.7453841,0.6486065,-0.005661628,0.15388316,0.98649704,0.055780556,-1.0,0
1763545358527,1009.9421,1.1587243,3.153142,9.174082,-0.09338595,0.13492475,0.07612903,53.156254,-39.768753,21.09375,46.950733,0.3361091,49.741684,0.08736068,0.123673484,0.7463985,0.64804494,-0.0066864644,0.151269,0.98693085,0.055140324,-1.0,0
1763545358552,1009.91693,1.2669996,3.3792639,8.319246,0.060399257,0.027412556,0.0077121677,51.881252,-39.412502,22.29375,46.950733,0.3361091,49.741684,0.08618876,0.12357074,0.74713767,0.6473693,-0.007477335,0.15047365,0.98707515,0.054629795,-1.0,0
1763545358578,1009.91693,1.1006985,3.35713,7.500303,0.14973822,-0.045433067,-0.12286018,52.518753,-39.84375,22.85625,46.950733,0.3361091,49.741684,0.08830721,0.1248892,0.7461986,0.6479137,-0.006449393,0.15281977,0.9866071,0.05666608,-1.0,0
1763545358602,1009.8732,-0.253041,3.2004004,6.841678,0.16989677,-0.052458014,-0.26671883,52.818752,-39.80625,22.837502,46.950733,0.3361091,49.741684,0.089872554,0.12590905,0.7444879,0.6494672,-0.0057772463,0.15458585,0.986181,0.059302587,-1.0,0
1763545358627,1009.82367,-0.3361916,2.8295128,7.1455665,0.23984079,-0.048334677,-0.21418446,53.68125,-39.975002,21.975,46.950733,0.3361091,49.741684,0.091182634,0.12719752,0.74253976,0.6512612,-0.0055082096,0.15640697,0.9857273,0.06203357,-1.0,0
1763545358652,1009.82367,0.47018966,2.8743782,7.7665043,0.39683303,-0.074907295,-0.20181446,53.831253,-39.09375,23.306252,46.950733,0.3361091,49.741684,0.09574656,0.13145289,0.7389996,0.6537831,-0.004467706,0.16256475,0.98445415,0.066353574,-1.0,0
1763545358677,1009.78217,0.9182457,3.2727833,8.035098,0.59307337,-0.14637847,-0.34811658,51.468754,-40.6875,22.556252,46.950733,0.3361091,49.741684,0.10037207,0.13495032,0.73592305,0.6558438,-0.0028686908,0.16816038,0.98324645,0.07028753,-1.0,0
1763545358702,1009.77386,-1.4273187,3.7076788,8.230712,0.78427404,-0.21296273,-0.36964956,55.65,-40.78125,25.518751,46.950733,0.3361091,49.741684,0.10568494,0.13932344,0.73176676,0.65873903,-0.0012971808,0.17486751,0.98170745,0.07530054,-1.0,0
1763545358727,1009.77386,-1.4422739,3.5467613,8.276773,0.86933696,-0.10560325,-0.14805835,53.718754,-41.100002,23.41875,46.950733,0.3361091,49.741684,0.11748537,0.1499975,0.7257167,0.66108483,0.0014154413,0.19052574,0.97839767,0.080224566,-1.0,0
1763545358752,1009.77997,-1.5936198,4.1461635,8.078768,0.8233694,0.022067491,0.016416991,52.518753,-41.100002,25.087502,46.950733,0.3361091,49.741684,0.12245731,0.1561974,0.7245682,0.66000575,0.0014934235,0.19847213,0.9768582,0.079715915,-1.0,0
1763545358777,1009.77997,-1.4931214,4.667799,8.048857,0.63934636,0.11186461,0.12408191,53.41875,-40.78125,27.768751,46.950733,0.3361091,49.741684,0.12586541,0.1616322,0.7244331,0.65820175,0.0007974487,0.2048571,0.9756769,0.078022994,-1.0,0
1763545358803,1009.7902,-0.56350976,4.720441,8.7577305,0.022983788,0.015500694,0.101327196,54.6375,-42.787502,27.750002,46.950733,0.3361091,49.741684,0.12788802,0.16493143,0.7248684,0.65651196,0.0003393451,0.20870459,0.97500366,0.07622412,-1.0,0
1763545358828,1009.8056,-0.72023964,4.644469,9.826126,-0.34628397,0.15340342,0.12484549,52.725002,-41.362503,27.712502,46.950733,0.3361091,49.741684,0.12511092,0.16379087,0.726958,0.65502053,-0.0011799035,0.20610386,0.97575194,0.07367504,-1.0,0
1763545358853,1009.8056,-0.88354975,5.276174,12.695121,-0.46830422,0.4218785,0.6265182,54.187504,-42.1875,26.681252,46.950733,0.3361091,49.741684,0.11905006,0.16259599,0.7304697,0.6525364,-0.005277025,0.20145106,0.97702235,0.06940438,-1.0,0
1763545358879,1009.8569,0.6801598,5.3180485,13.730017,-0.2587776,-0.040240716,0.6379719,51.750004,-41.193752,26.268751,46.950733,0.3361091,49.741684,0.11399291,0.16131485,0.7355949,0.647984,-0.0085275555,0.19734271,0.97830296,0.06250189,-1.0,0
1763545358905,1009.9089,1.3040884,4.503292,13.799408,0.0561232,-0.1333976,0.36506808,51.487503,-41.831253,25.556252,46.950733,0.3361091,49.741684,0.11582476,0.15707508,0.7420928,0.64125687,-0.004329591,0.19511332,0.97928435,0.053983293,-1.0,0
1763545358930,1009.9089,0.014356935,3.5090744,12.18186,0.32520914,0.10300707,0.15218168,52.575,-41.475002,26.04375,46.950733,0.3361091,49.741684,0.117245495,0.15945522,0.74273103,0.6396704,-0.004615662,0.19786656,0.97880816,0.052556004,-1.0,0
1763545358955,1009.9421,-1.1647065,3.6574295,9.316455,-0.073380135,-0.34307694,0.17157665,53.925003,-41.34375,25.575,46.950733,0.3361091,49.741684,0.11901839,0.16131479,0.7432376,0.63828677,-0.004401626,0.20042072,0.97837734,0.05089143,-1.0,0
1763545358980,1009.9421,0.010169496,3.182454,9.725628,-0.47777262,-0.25587597,0.061620984,53.925003,-41.34375,25.575,46.950733,0.3361091,49.741684,0.12103536,0.1585958,0.74397933,0.63772446,-0.0012124865,0.19950117,0.978638,0.049654014,-1.0,0
1763545359005,1009.92426,0.2961118,2.4029922,10.037891,-0.62239486,0.1702022,-0.123929195,51.45,-41.23125,26.75625,46.950733,0.3361091,49.741684,0.11456765,0.14979146,0.7451917,0.63962966,-0.00093026756,0.18857986,0.980758,0.050502956,-1.0,0
1763545359030,1009.9074,-0.45224348,2.021337,9.52822,-0.53855366,0.4661662,-0.17325652,52.3875,-40.893753,26.79375,46.950733,0.3361091,49.741684,0.1073931,0.1486735,0.74544317,0.6408412,-0.0059224716,0.18330851,0.9816973,0.051315587,-1.0,0
1763545359055,1009.9074,-1.3734802,2.2223341,7.8107715,-0.08651373,0.36980227,0.18745913,51.675003,-40.95,25.0125,46.950733,0.3361091,49.741684,0.10116184,0.14944692,0.74629295,0.64068615,-0.011371869,0.18010768,0.9822878,0.050424058,-1.0,0
1763545359081,1009.86224,-1.1611172,2.440679,7.146763,0.14607304,0.093996815,0.38828093,52.706253,-40.85625,26.456251,46.950733,0.3361091,49.741684,0.09848245,0.15228298,0.7501658,0.63589483,-0.015338986,0.1807031,0.9824488,0.043651834,-1.0,0
1763545359107,1009.7951,-0.036490545,2.8313074,6.105885,0.3684278,-0.19830199,0.5842158,51.581253,-39.84375,26.5125,46.950733,0.3361091,49.741684,0.10192376,0.15325995,0.7528548,0.6319276,-0.013241827,0.18358028,0.9821522,0.038729135,-1.0,0
1763545359132,1009.7951,0.2536392,3.225525,5.8103714,0.35559967,-0.18501566,0.51870054,52.0875,-40.912502,26.831251,46.950733,0.3361091,49.741684,0.10653673,0.1541962,0.7556572,0.6275792,-0.010157235,0.18714532,0.9817039,0.033630032,-1.0,0
1763545359157,1009.758,0.1052842,3.682554,5.7009,0.24274239,-0.20960298,0.37056586,51.2625,-40.631252,27.056252,46.950733,0.3361091,49.741684,0.11479013,0.1555032,0.75966674,0.6209255,-0.00437994,0.19323258,0.980794,0.02617491,-1.0,0
1763545359183,1009.7336,-0.30867413,3.859623,6.087939,0.045433067,-0.31192282,0.23128867,50.4,-40.59375,27.300001,46.950733,0.3361091,49.741684,0.11788153,0.15397944,0.7605867,0.6195984,-0.000999723,0.19391938,0.9807091,0.024576476,-1.0,0
1763545359208,1009.7336,-0.3469593,3.7848473,9.139386,-0.031535894,-0.18990259,0.22930336,50.268753,-42.09375,25.85625,46.950733,0.3361091,49.741684,0.119732216,0.1513709,0.76161116,0.61862713,0.0020320287,0.19298917,0.9809283,0.023037706,-1.0,0
1763545359233,1009.7443,0.13998012,3.7740796,10.119845,0.25358525,-0.09582941,0.1645517,51.656254,-40.96875,26.56875,46.950733,0.3361091,49.741684,0.12121728,0.14985065,0.7627838,0.6172617,0.0041092164,0.19269654,0.98102295,0.021099119,-1.0,0
1763545359258,1009.779,0.11784652,4.1174498,9.722636,0.44539678,-0.2615265,0.0049632764,49.687504,-42.65625,27.487501,46.950733,0.3361091,49.741684,0.12767752,0.15301274,0.7628975,0.61503905,0.007290413,0.19915143,0.9797512,0.01931566,-1.0,0
1763545359284,1009.779,0.3487539,4.1521454,9.428319,0.26855144,-0.1390481,-0.11950042,50.850002,-42.675003,27.525002,46.950733,0.3361091,49.741684,0.13222767,0.15471122,0.76194036,0.6148392,0.009846913,0.20327999,0.9788722,0.019735299,-1.0,0
1763545359308,1009.8132,0.2847459,4.384249,9.353543,0.008628465,0.17356196,-0.27343833,50.60625,-42.45,27.54375,46.950733,0.3361091,49.741684,0.13313325,0.15742539,0.75923985,0.6172905,0.0089462595,0.20597857,0.97823244,0.023539511,-1.0,0
1763545359334,1009.8132,-0.33320054,4.749753,9.723235,-0.23327398,0.34888014,-0.40523243,49.631252,-42.91875,27.50625,46.950733,0.3361091,49.741684,0.12861267,0.15841794,0.757595,0.62001,0.0047610765,0.20399703,0.97859615,0.026684511,-1.0,0
1763545359359,1009.86835,-0.8632108,4.6085763,11.001002,-0.440968,-0.07108939,-0.35666868,50.062504,-42.99375,27.000002,46.950733,0.3361091,49.741684,0.12427101,0.1577988,0.7557498,0.62329644,0.0016563296,0.2008507,0.9791558,0.030168822,-1.0,0
1763545359385,1009.93695,-0.34097722,4.759324,12.052648,-0.5831468,-0.2031889,-0.25648686,50.68125,-42.05625,27.50625,46.950733,0.3361091,49.741684,0.11892496,0.14960125,0.7532009,0.6294162,0.0023780118,0.19109687,0.98090017,0.0362102,-1.0,0
1763545359410,1009.93695,0.15134603,4.3836513,13.737793,-0.52709997,-0.13843723,-0.16332997,50.11875,-39.862503,26.362501,46.950733,0.3361091,49.741684,0.116420664,0.1449639,0.7528237,0.63141763,0.003249191,0.18589716,0.9818257,0.038078398,-1.0,0
1763545359436,1009.96747,0.62871414,2.6129622,13.110873,0.52435106,-0.15065452,0.09613484,52.350002,-41.25,24.656252,46.950733,0.3361091,49.741684,0.116135724,0.1440356,0.75262034,0.63192475,0.0036090778,0.18498845,0.9819721,0.03869194,-1.0,0
1763545359461,1009.9628,1.0677971,3.0227332,10.711471,0.6613375,-0.39500043,0.20761767,50.062504,-42.35625,26.04375,46.950733,0.3361091,49.741684,0.120278075,0.1462306,0.7524017,0.6309053,0.005569295,0.1892596,0.981169,0.038173165,-1.0,0
1763545359486,1009.9628,2.103291,3.2338998,8.920443,0.36216646,-0.42019862,0.13599378,51.206253,-40.893753,27.375002,46.950733,0.3361091,49.741684,0.13303807,0.14745831,0.75218886,0.62830627,0.015060674,0.19803096,0.97938097,0.03701116,-1.0,0
1763545359512,1009.9311,1.8448663,3.1890345,7.841878,-0.39530587,0.07582359,-0.26534438,51.6375,-41.71875,27.075,46.950733,0.3361091,49.741684,0.13427542,0.14548306,0.7516237,0.62917936,0.017397719,0.19721189,0.9794386,0.038792603,-1.0,0
1763545359537,1009.89056,0.99661064,3.2721848,7.9148593,-0.53733194,0.18974987,-0.3183369,50.643753,-40.818752,26.98125,46.950733,0.3361091,49.741684,0.13129757,0.14309941,0.7507164,0.63143355,0.016619299,0.19349493,0.9800716,0.041750956,-1.0,0
1763545359562,1009.89056,0.33439696,3.24048,8.093124,-0.46051568,0.19127703,-0.28092143,52.443752,-39.2625,26.38125,46.950733,0.3361091,49.741684,0.1219275,0.13873447,0.7489083,0.636414,0.01196365,0.1843107,0.9816547,0.04733431,-1.0,0
1763545359588,1009.8359,-0.25663024,2.7876384,7.7258263,0.25923574,0.18654284,-0.12102758,51.562504,-40.2,23.90625,46.950733,0.3361091,49.741684,0.11941368,0.13883056,0.74803954,0.63788974,0.009918883,0.18285286,0.98186517,0.049063753,-1.0,0
1763545359613,1009.8359,-0.43489552,2.7858438,6.355337,0.5736784,0.1466839,-0.016569708,51.112503,-42.24375,25.612501,46.950733,0.3361091,49.741684,0.11942725,0.1419768,0.74715775,0.638228,0.008005116,0.18535426,0.98137426,0.04984285,-1.0,0
1763545359638,1009.76874,-0.27816564,3.0681968,5.15414,0.6424007,-0.0067958706,0.045585785,51.45,-42.600002,27.150002,46.950733,0.3361091,49.741684,0.12593485,0.15181799,0.7457234,0.6363869,0.007128799,0.19712299,0.97912157,0.049118455,-1.0,0
1763545359664,1009.7326,-0.005383851,3.3032916,4.5684967,0.51946414,-0.12331833,0.02649626,51.99375,-39.9375,27.712502,46.950733,0.3361091,49.741684,0.13022976,0.15499176,0.7449231,0.6356943,0.008601275,0.20225792,0.97806334,0.049089897,-1.0,0
1763545359689,1009.7326,0.104087785,3.6137605,5.0548377,0.10651954,-0.17921245,-0.060704686,53.475002,-40.537502,27.431252,46.950733,0.3361091,49.741684,0.13373123,0.15650919,0.7440362,0.6356342,0.010465759,0.20559582,0.97732013,0.04966097,-1.0,0
1763545359714,1009.72723,0.17527425,3.795615,5.9748783,-0.12011129,-0.1918879,-0.08300125,51.375004,-40.96875,25.050001,46.950733,0.3361091,49.741684,0.1358034,0.15648434,0.7432254,0.6361494,0.012141803,0.20683931,0.9769873,0.050654095,-1.0,0
1763545359739,1009.7597,0.034695927,4.0235314,7.391429,-0.2615265,-0.20914483,-0.09689843,51.768753,-41.193752,25.95,46.950733,0.3361091,49.741684,0.1364096,0.15186341,0.74209136,0.63845927,0.01546978,0.20354548,0.9774904,0.053313717,-1.0,0
1763545359765,1009.7597,-0.3894319,4.214957,9.158528,-0.3024544,-0.13232858,-0.06482802,51.412502,-39.975002,25.9125,46.950733,0.3361091,49.741684,0.13539383,0.14909983,0.74193025,0.6395132,0.016332181,0.2007374,0.97801054,0.054158177,-1.0,0
1763545359790,1009.8139,-0.44985065,4.3094735,11.169098,-0.06666062,0.19417864,0.17340924,51.24375,-41.381252,28.031252,46.950733,0.3361091,49.741684,0.13346499,0.14830908,0.74262524,0.6392959,0.015245364,0.19893733,0.9784396,0.05336138,-1.0,0
1763545359817,1009.8764,0.1160519,4.587041,11.364711,-0.09063706,0.120264,0.22350015,49.818752,-42.018753,27.13125,46.950733,0.3361091,49.741684,0.13056429,0.1486065,0.7456976,0.6362423,0.012724076,0.19740573,0.9790208,0.048860785,-1.0,0
1763545359840,1009.8764,0.24526432,5.1218367,12.579667,-0.3354411,0.41103563,0.18471023,51.768753,-40.443752,26.062502,46.950733,0.3361091,49.741684,0.12855859,0.14752363,0.7472527,0.63507706,0.011831709,0.19532165,0.97953296,0.04716665,-1.0,0
1763545359866,1009.936,0.096909314,5.4963136,13.067204,-0.3493383,0.63277954,0.3429242,50.362503,-41.5875,26.437502,46.950733,0.3361091,49.741684,0.12386143,0.14732686,0.74937713,0.6335512,0.008257958,0.19229837,0.9802785,0.044801705,-1.0,0
1763545359892,1009.936,0.82672024,5.6853466,13.487144,-0.28993168,0.36873326,0.38369945,51.037502,-41.025,27.2625,46.950733,0.3361091,49.741684,0.11400333,0.1479126,0.75588334,0.6275073,0.00016290206,0.18674815,0.9817322,0.036428563,-1.0,0
1763545359917,1009.9792,0.5240282,3.4055848,12.952948,0.25663957,0.1862374,0.092164226,49.875004,-39.54375,27.750002,46.950733,0.3361091,49.741684,0.113630444,0.14690325,0.7574456,0.6259263,0.0005732518,0.18572052,0.9819895,0.034700897,-1.0,0
1763545359943,1009.9494,-0.83688974,3.0029924,10.653444,0.47685632,0.21097742,0.1589012,51.825,-38.7,25.95,46.950733,0.3361091,49.741684,0.11392291,0.14937209,0.75791687,0.6247172,-0.0006428285,0.18785642,0.98161626,0.033750195,-1.0,0
1763545359968,1009.9494,-1.2335001,3.612564,8.695518,0.30825764,-0.22853978,0.2766454,51.3375,-40.36875,25.95,46.950733,0.3361091,49.741684,0.11886355,0.15442717,0.7593598,0.620803,0.00010029028,0.19487506,0.9803908,0.029285263,-1.0,0
1763545359993,1009.92816,0.6436693,3.1070802,9.084352,-0.415159,-0.48479757,0.0938441,49.593754,-40.93125,27.862501,46.950733,0.3361091,49.741684,0.12309597,0.14979382,0.7603167,0.6199417,0.00623862,0.19378309,0.9806303,0.02781093,-1.0,0
1763545360020,1009.91327,0.6203393,2.6961129,9.578469,-0.5258782,-0.07429643,-0.12072215,51.281254,-39.24375,25.893751,46.950733,0.3361091,49.741684,0.12432252,0.143618,0.76090574,0.62043554,0.01100365,0.18963422,0.98139423,0.027984997,-1.0,0
1763545360045,1009.91327,-0.26620153,2.5142584,9.462418,-0.44035715,0.2748128,-0.1740201,51.300003,-39.862503,25.462502,46.950733,0.3361091,49.741684,0.11645675,0.13761848,0.76074207,0.62351465,0.008456271,0.18008196,0.98313624,0.03069313,-1.0,0
1763545360070,1009.8659,-1.1539388,2.5531418,8.964112,-0.20120358,0.38797548,-0.069867656,50.081253,-38.625,25.81875,46.950733,0.3361091,49.741684,0.111989826,0.13854742,0.7610138,0.6237955,0.004295853,0.17809734,0.983532,0.030458366,-1.0,0
1763545360095,1009.8659,-1.2969099,2.5585256,7.2765737,0.29649848,0.02008218,0.3191005,50.081253,-38.625,25.518751,46.950733,0.3361091,49.741684,0.11044184,0.14070792,0.7618617,0.62255174,0.0016741218,0.17886676,0.98345816,0.028529547,-1.0,0
1763545360120,1009.811,-0.7495517,2.8779674,6.7519474,0.37804893,-0.108657576,0.4597521,51.018753,-39.037502,26.062502,46.950733,0.3361091,49.741684,0.11220451,0.14281453,0.7633624,0.6199129,0.0017108048,0.181612,0.98304796,0.025117716,-1.0,0
1763545360145,1009.7812,0.12143575,3.117848,6.6035924,0.4011091,-0.05780308,0.4767036,50.812504,-39.300003,27.018751,46.950733,0.3361091,49.741684,0.11925997,0.14680012,0.7676157,0.6123667,0.0048118215,0.18907686,0.98181593,0.01625794,-1.0,0
1763545360170,1009.7812,0.631107,3.4546378,6.370292,0.35056004,-0.014431681,0.22563818,48.54375,-39.65625,26.362501,46.950733,0.3361091,49.741684,0.122133285,0.14958158,0.7691849,0.60914975,0.0054314802,0.19303288,0.98109156,0.012968183,-1.0,0
1763545360195,1009.75775,0.32063824,3.5401812,6.399006,0.22670719,-0.11491894,0.13828452,49.74375,-39.412502,27.45,46.950733,0.3361091,49.741684,0.12485792,0.15188047,0.76997685,0.6070242,0.0062285615,0.19651562,0.9804191,0.011011972,-1.0,0
1763545360220,1009.76776,0.019740786,3.641876,7.0193453,0.092164226,-0.110490166,0.10621411,49.050003,-39.768753,30.16875,46.950733,0.3361091,49.741684,0.129042,0.15286857,0.7706189,0.60508335,0.00897301,0.19985025,0.97974175,0.009243133,-1.0,0
1763545360246,1009.76776,0.123828575,3.8183467,8.82473,0.17554727,0.06406444,0.094760396,49.875004,-38.268753,25.518751,46.950733,0.3361091,49.741684,0.12940988,0.15349165,0.77116317,0.6041529,0.008877291,0.20056868,0.9796056,0.00813953,-1.0,0
1763545360272,1009.78656,0.31944183,4.0672,9.376874,0.35758498,-0.025885396,0.050472703,49.687504,-39.675003,27.937502,46.950733,0.3361091,49.741684,0.13009691,0.15506671,0.7715326,0.60313064,0.008465684,0.20223558,0.9792744,0.007128846,-1.0,0
1763545360297,1009.78656,0.45822555,4.253242,9.536594,0.4954877,-0.28183773,-0.035964664,49.312504,-39.975002,29.081251,46.950733,0.3361091,49.741684,0.13741927,0.15953556,0.76993316,0.6023846,0.011569391,0.21024226,0.9775509,0.0076471944,-1.0,0
1763545360322,1009.8132,0.4319045,4.980062,9.304491,0.23541202,-0.3352884,-0.2851975,48.112503,-40.96875,28.181252,46.950733,0.3361091,49.741684,0.14374278,0.16034299,0.7676741,0.60357654,0.016112462,0.21473764,0.9764868,0.010083274,-1.0,0
1763545360348,1009.85443,-0.14297116,5.2283173,9.705887,-0.07918335,0.14576761,-0.3730093,50.5875,-40.443752,26.812502,46.950733,0.3361091,49.741684,0.14727125,0.16059203,0.76515734,0.6058512,0.018774947,0.21708553,0.9758786,0.013502807,-1.0,0
1763545360373,1009.85443,-0.721436,5.227121,10.127622,-0.28840452,0.4814378,-0.37041312,47.4,-40.78125,28.556252,46.950733,0.3361091,49.741684,0.1393129,0.16300794,0.7621466,0.6108624,0.010945877,0.21414916,0.9765531,0.019088587,-1.0,0
1763545360398,1009.8874,-0.6628119,5.2749777,10.587044,-0.44539678,0.22212571,-0.32627815,50.1375,-39.6375,28.2,46.950733,0.3361091,49.741684,0.13444555,0.16169643,0.7611643,0.6135206,0.007839278,0.21014255,0.9774015,0.02156185,-1.0,0
1763545360423,1009.9694,0.4331009,4.6875396,13.526627,-0.769766,-0.30352345,-0.43592837,48.656254,-39.037502,27.075,46.950733,0.3361091,49.741684,0.13166131,0.15606059,0.75973463,0.617344,0.009062055,0.20397913,0.9786034,0.025412327,-1.0,0
1763545360448,1009.9694,0.40558344,3.478566,15.035301,-0.5173261,-0.122707464,-0.43944085,50.850002,-39.91875,26.1375,46.950733,0.3361091,49.741684,0.1286093,0.14901434,0.7579027,0.62196296,0.010962103,0.19653359,0.9799682,0.030277677,-1.0,0
1763545360474,1010.01776,0.293719,2.4227328,14.69253,-0.04085158,-0.100105464,-0.29863653,50.86875,-39.675003,27.975,46.950733,0.3361091,49.741684,0.12510623,0.14341539,0.7541515,0.6285188,0.011617461,0.1899594,0.9809939,0.037833683,-1.0,0
1763545360499,1010.00116,1.4506488,2.2127628,11.223535,0.5145772,-0.14958552,0.16699515,50.362503,-39.46875,25.5375,46.950733,0.3361091,49.741684,0.12779348,0.14445621,0.7534635,0.628565,0.013106909,0.19242395,0.98047787,0.038266703,-1.0,0
1763545360524,1010.00116,2.2713869,2.3521447,9.512667,0.49502954,-0.058108512,0.15401429,50.4,-39.84375,27.4125,46.950733,0.3361091,49.741684,0.13203873,0.14646038,0.7536814,0.6269605,0.015299597,0.19659804,0.9796617,0.037122324,-1.0,0
1763545360549,1009.9482,2.1487548,2.6829524,7.978269,0.3436878,0.13782637,0.043753188,51.075,-40.03125,28.125002,46.950733,0.3361091,49.741684,0.13714586,0.15162966,0.75400674,0.6242382,0.01644891,0.20378904,0.97821474,0.03599156,-1.0,0
1763545360574,1009.9482,0.9589237,3.1603205,6.3278193,-0.013668099,0.51198107,-0.012599086,50.193752,-39.375,27.862501,46.950733,0.3361091,49.741684,0.13555002,0.15452881,0.7542253,0.62361145,0.013521392,0.20511007,0.9779884,0.035856128,-1.0,0
1763545360600,1009.8764,0.94277215,3.144767,6.4211397,0.009850195,0.5295434,-0.025121814,49.537502,-39.581253,29.175001,46.950733,0.3361091,49.741684,0.13195264,0.15743582,0.7548539,0.6228949,0.008970878,0.20522444,0.97803867,0.03525342,-1.0,0
1763545360626,1009.8039,0.86560357,3.2033913,6.425327,0.1957058,0.4276817,-0.10804671,50.68125,-39.075,28.25625,46.950733,0.3361091,49.741684,0.12646507,0.16466159,0.7549702,0.6220234,0.00036476794,0.20762157,0.9775766,0.035172638,-1.0,0
1763545360651,1009.8039,0.10887343,3.673581,5.1822557,0.42019862,0.10392337,-0.27893612,50.006252,-40.162502,29.325,46.950733,0.3361091,49.741684,0.12683013,0.16920133,0.7534442,0.6225809,-0.0020473807,0.21144922,0.97669363,0.03680529,-1.0,0
1763545360677,1009.74457,-0.38703907,4.057629,4.6755753,0.29069528,0.04864011,-0.30642503,51.80625,-40.8375,28.087502,46.950733,0.3361091,49.741684,0.12836787,0.1733609,0.75117505,0.62386197,-0.0033112946,0.21568808,0.97566193,0.03938939,-1.0,0
1763545360702,1009.7209,-0.7118647,4.226921,4.8364925,0.06055197,0.008628465,-0.26320636,51.000004,-41.04375,29.41875,46.950733,0.3361091,49.741684,0.12951678,0.1776981,0.747067,0.6273274,-0.005044566,0.21983121,0.9745055,0.044585165,-1.0,0
1763545360727,1009.7209,-0.48095736,4.4189453,5.9353967,-0.11186461,-0.030161448,-0.19326234,51.656254,-40.725002,29.343752,46.950733,0.3361091,49.741684,0.12889154,0.17730755,0.7459784,0.6288603,-0.0053136894,0.21914095,0.9745738,0.046421222,-1.0,0
1763545360752,1009.7409,-0.18783657,5.08415,8.251649,-0.07750347,-0.040088,-0.24167338,51.05625,-40.800003,29.1,46.950733,0.3361091,49.741684,0.12819093,0.17652568,0.7448855,0.63051677,-0.005377516,0.21809474,0.97470784,0.04848045,-1.0,0
1763545360777,1009.77655,-0.59581286,5.1720862,8.755338,-0.003894263,0.02573268,-0.21754421,52.068752,-39.43125,28.29375,46.950733,0.3361091,49.741684,0.12736458,0.17682563,0.7421278,0.6338433,-0.0061832815,0.21783206,0.9745295,0.052945185,-1.0,0
1763545360802,1009.77655,-0.9619147,5.341378,9.201599,0.057192214,0.06131555,-0.12163845,50.287502,-40.875,30.2625,46.950733,0.3361091,49.741684,0.12711582,0.1780182,0.74130756,0.6345188,-0.007130846,0.21862769,0.9742944,0.053865243,-1.0,0
1763545360827,1009.8183,-0.276371,5.488537,9.707084,-0.009697478,-0.14301872,-0.07170025,53.86875,-38.5125,28.968752,46.950733,0.3361091,49.741684,0.1275218,0.1789571,0.74086297,0.63469255,-0.0074008727,0.2196194,0.9740522,0.054174352,-1.0,0
1763545360852,1009.8183,-0.3786642,5.4795637,10.353146,-0.21204643,-0.16317725,-0.12881611,51.787502,-40.8375,28.85625,46.950733,0.3361091,49.741684,0.12826952,0.1760063,0.73958427,0.6368546,-0.0049860734,0.2177302,0.9743423,0.056795757,-1.0,0
1763545360877,1009.8781,-1.1150553,5.5890355,11.301301,-0.39591673,0.13950625,-0.0561232,50.062504,-41.4,29.38125,46.950733,0.3361091,49.741684,0.12472405,0.1742483,0.7400483,0.6375029,-0.006752991,0.21417972,0.97510946,0.05694772,-1.0,0
1763545360902,1009.9194,-1.649253,5.948557,12.164512,-0.4644863,0.4174497,0.1787543,51.862503,-39.825,27.562502,46.950733,0.3361091,49.741684,0.11904625,0.17353612,0.7423636,0.6360892,-0.010892597,0.2101622,0.976106,0.05413211,-1.0,0
1763545360927,1009.9194,-0.08853444,5.577071,13.347165,-0.29527676,-0.3824777,0.24396412,50.718754,-39.80625,26.2875,46.950733,0.3361091,49.741684,0.11620247,0.17108847,0.7451241,0.63404715,-0.011694587,0.20648853,0.9770652,0.050688185,-1.0,0
1763545360952,1009.966,-0.06999006,4.278965,13.443476,-0.03901899,-0.28092143,0.11018474,51.9,-39.581253,28.1625,46.950733,0.3361091,49.741684,0.11948176,0.16391286,0.7471427,0.632957,-0.004688715,0.20278394,0.97799593,0.04879238,-1.0,0
1763545360977,1009.9277,-0.73519474,3.0598218,12.001202,0.33284494,0.10957387,0.061773703,51.862503,-39.825,27.562502,46.950733,0.3361091,49.741684,0.120485455,0.16654564,0.7471785,0.6320365,-0.0055124066,0.20548432,0.97747004,0.04793832,-1.0,0
1763545361002,1009.9277,-1.9962122,3.5126636,7.885547,0.21128285,-0.33819002,0.14133884,52.706253,-39.24375,28.050001,46.950733,0.3361091,49.741684,0.122553475,0.17019756,0.7470555,0.6308103,-0.006172487,0.2096389,0.9766459,0.046650752,-1.0,0
1763545361027,1009.89154,-1.3609179,2.9952157,7.852646,-0.15340342,-0.49121165,0.15080725,51.3375,-41.006252,27.225,46.950733,0.3361091,49.741684,0.12869732,0.16563194,0.7476172,0.6301362,0.0012691321,0.20975064,0.97672784,0.044786185,-1.0,0
1763545361053,1009.89154,-0.8111669,2.574079,8.42453,-0.337121,-0.30275986,0.1060614,50.250004,-39.75,28.35,46.950733,0.3361091,49.741684,0.12869363,0.1611738,0.74842036,0.6303395,0.0039210417,0.20621268,0.9775015,0.044178206,-1.0,0
1763545361078,1009.8598,-0.5270192,2.466402,8.193025,-0.43012518,-0.020845762,-0.023594651,49.968754,-41.1375,28.143751,46.950733,0.3361091,49.741684,0.12679107,0.15751864,0.74912417,0.6308128,0.0046013794,0.20215571,0.978356,0.04394787,-1.0,0
1763545361103,1009.8217,-0.8422736,2.4885356,8.193025,-0.40004006,-0.041615162,-0.018707734,49.875004,-39.525,27.300001,46.950733,0.3361091,49.741684,0.12405586,0.15419078,0.7496204,0.631589,0.004425329,0.19785112,0.97922987,0.044092793,-1.0,0
1763545361128,1009.8217,-1.1700903,2.4185455,8.222935,-0.2935969,-0.045585785,0.11064288,51.131252,-38.5125,26.025002,46.950733,0.3361091,49.741684,0.11999988,0.14849041,0.7510905,0.6319918,0.004567334,0.19086254,0.9806671,0.042926162,-1.0,0
1763545361153,1009.7944,-0.050847482,2.408376,8.110473,0.16775873,0.07628174,0.49670944,50.831253,-38.550003,26.062502,46.950733,0.3361091,49.741684,0.11961197,0.14740676,0.7532973,0.62968826,0.004859942,0.18976869,0.98102427,0.03944096,-1.0,0
1763545361180,1009.76556,0.6681957,2.914458,7.3268228,0.3210858,0.051999863,0.4901426,50.98125,-38.41875,26.962502,46.950733,0.3361091,49.741684,0.12059341,0.14838427,0.7561814,0.62580276,0.005022426,0.19114245,0.9809428,0.034505684,-1.0,0
1763545361205,1009.76556,1.0803595,3.3176486,6.547361,0.2850448,-0.052763447,0.33177593,49.575,-39.5625,27.31875,46.950733,0.3361091,49.741684,0.12573992,0.15162621,0.76028967,0.61899805,0.0072181094,0.19684748,0.98003334,0.02708467,-1.0,0
1763545361231,1009.73944,0.7405786,3.7064822,6.3810596,0.116904244,-0.087888174,0.1333976,48.225002,-39.7125,27.937502,46.950733,0.3361091,49.741684,0.12757765,0.15183741,0.7608037,0.6179378,0.008604453,0.19813281,0.97978663,0.026220137,-1.0,0
1763545361256,1009.75165,-0.37507495,3.6580276,8.001,-0.115071654,-0.07903063,0.07139482,49.312504,-40.2,26.456251,46.950733,0.3361091,49.741684,0.12786674,0.15125538,0.7609898,0.61779165,0.0092062885,0.19784673,0.9798427,0.02607952,-1.0,0
1763545361281,1009.75165,-0.12263216,3.6436708,9.365508,0.009697478,-0.15722132,0.16714787,49.312504,-40.2,26.456251,46.950733,0.3361091,49.741684,0.12785552,0.14999004,0.76145893,0.61752427,0.009949365,0.19683765,0.98005426,0.025486344,-1.0,0
1763545361306,1009.7878,0.47736812,3.842275,10.284351,0.25068364,-0.28107417,0.16989677,49.0125,-40.237503,26.493752,46.950733,0.3361091,49.741684,0.13297124,0.14879853,0.76255566,0.6153751,0.014716142,0.19901204,0.9796156,0.023039244,-1.0,0
1763545361331,1009.7878,0.9589237,3.9673,10.222736,0.41241008,-0.2984838,0.07276927,47.68125,-40.893753,28.687502,46.950733,0.3361091,49.741684,0.13776444,0.1497827,0.7620394,0.6147211,0.017958295,0.20271015,0.978803,0.023039216,-1.0,0
1763545361356,1009.81366,0.88235337,4.3704906,9.104092,0.2212094,0.24915648,-0.21907139,49.4625,-40.068752,28.143751,46.950733,0.3361091,49.741684,0.13993056,0.15537968,0.7598158,0.61559445,0.016367748,0.20845985,0.9775596,0.025567913,-1.0,0
1763545361382,1009.81366,0.1052842,4.858028,8.690732,-0.023900084,0.36506808,-0.36369362,49.4625,-40.068752,28.143751,46.950733,0.3361091,49.741684,0.13993056,0.15537968,0.7598158,0.61559445,0.016367748,0.20845985,0.9775596,0.025567913,-1.0,0
1763545361407,1009.8171,-0.7615158,5.056034,10.10489,-0.36949682,-0.2031889,-0.4143954,49.631252,-40.6875,28.1625,46.950733,0.3361091,49.741684,0.1335028,0.15799727,0.75619173,0.62079626,0.009657607,0.20662251,0.97785556,0.03181725,-1.0,0
1763545361432,1009.8459,-0.2009971,4.773681,11.110474,-0.46692976,-0.3775908,-0.40737045,49.068752,-39.975002,26.475,46.950733,0.3361091,49.741684,0.13208736,0.15491655,0.7539359,0.6246075,0.010356126,0.20331985,0.9783974,0.03594852,-1.0,0
1763545361457,1009.8945,0.18604197,4.581059,12.212369,-0.5341249,-0.26122105,-0.439899,48.487503,-39.91875,26.85,46.950733,0.3361091,49.741684,0.12932609,0.14490148,0.7494121,0.63297695,0.014244424,0.19369763,0.979915,0.0452204,-1.0,0
1763545361483,1009.8945,-0.64965135,3.266801,12.566506,-0.2589303,-0.026648976,-0.31879506,52.48125,-39.225002,23.75625,46.950733,0.3361091,49.741684,0.12586291,0.14189717,0.74737304,0.6367552,0.01332097,0.1892058,0.98060274,0.04941594,-1.0,0
1763545361507,1009.90936,-0.7178468,2.9413772,11.656635,-0.13599378,-0.18577924,-0.11003202,51.693752,-38.5875,26.118752,46.950733,0.3361091,49.741684,0.1236648,0.14006436,0.7457573,0.63948035,0.0126471175,0.18641636,0.9809958,0.05230901,-1.0,0
1763545361533,1009.90936,0.021535404,2.6099713,10.964512,-0.11476622,-0.3256673,0.11262819,50.60625,-38.943752,26.250002,46.950733,0.3361091,49.741684,0.12507431,0.13472286,0.7455535,0.6405905,0.016933288,0.18304941,0.9815363,0.052844867,-1.0,0
1763545361558,1009.91034,1.8000008,2.3976083,10.1497555,-0.045280352,-0.029856017,0.18272492,50.006252,-39.112503,24.468752,46.950733,0.3361091,49.741684,0.12656194,0.13166264,0.7467893,0.6394941,0.020007154,0.18152876,0.9818389,0.05137577,-1.0,0
1763545361586,1009.89496,1.5876378,2.6015964,9.442677,0.04864011,0.13645191,0.09537126,50.006252,-39.131252,24.7875,46.950733,0.3361091,49.741684,0.12677327,0.1304099,0.74802816,0.6382598,0.021011662,0.18065636,0.9820478,0.050039124,-1.0,0
1763545361611,1009.89496,1.1132607,2.754139,8.505886,0.17066035,0.22090398,0.03932442,50.4,-38.475002,26.718752,46.950733,0.3361091,49.741684,0.12591629,0.13330935,0.74914074,0.6365232,0.018703047,0.18241847,0.9818347,0.048727356,-1.0,0
1763545361636,1009.8354,0.25902304,2.8366911,6.384649,0.33757916,0.26320636,0.04054615,50.175003,-40.350002,25.612501,46.950733,0.3361091,49.741684,0.12580843,0.13681914,0.7493114,0.63559836,0.016515953,0.18513364,0.98139757,0.048079073,-1.0,0
1763545361662,1009.76166,0.0317049,3.098107,5.6739807,0.30841035,0.15263984,0.045433067,51.787502,-39.675003,24.468752,46.950733,0.3361091,49.741684,0.12610172,0.14081606,0.7494309,0.6345255,0.014332299,0.1884818,0.980835,0.0472432,-1.0,0
1763545361688,1009.76166,0.03708875,3.3714871,5.3407803,0.20929754,0.0457385,0.0193186,52.706253,-39.693752,22.6875,46.950733,0.3361091,49.741684,0.12817934,0.14600831,0.7492992,0.6330894,0.012839395,0.1938647,0.97985184,0.046281457,-1.0,0
1763545361714,1009.71063,0.23688944,3.6975093,5.4909296,-0.1004109,0.04497492,-0.11919499,51.16875,-37.7625,24.431252,46.950733,0.3361091,49.741684,0.12842064,0.14713791,0.74896747,0.6331716,0.012355259,0.1949071,0.9796358,0.04660838,-1.0,0
1763545361739,1009.7033,0.15194423,3.8087754,6.2877398,-0.2683987,0.053221595,-0.18547381,50.718754,-39.075,26.868752,46.950733,0.3361091,49.741684,0.12755974,0.14706075,0.7483972,0.6340373,0.011742679,0.19432051,0.9797043,0.047761377,-1.0,0
1763545361764,1009.7033,-0.25663024,3.9631126,7.519445,-0.3398699,0.14500403,-0.1833358,51.468754,-38.34375,24.73125,46.950733,0.3361091,49.741684,0.12223882,0.14473501,0.7471589,0.6370738,0.008959818,0.18923603,0.9805627,0.051051263,-1.0,0
1763545361789,1009.7253,-0.9062816,4.01396,8.913264,-0.24610215,0.24930918,-0.082543105,51.843754,-39.43125,24.45,46.950733,0.3361091,49.741684,0.11877121,0.1448145,0.747244,0.6376116,0.006120132,0.18719077,0.9809682,0.051220484,-1.0,0
1763545361814,1009.7253,-1.0689936,4.0498524,10.147363,0.2540434,0.20654866,0.35300347,52.425003,-39.487503,23.775002,46.950733,0.3361091,49.741684,0.11662634,0.1467081,0.7483158,0.63631636,0.0032073443,0.1873891,0.9810459,0.04923439,-1.0,0
1763545361839,1009.7619,-0.2213361,4.575675,10.156934,0.36125016,0.060093824,0.46189013,51.73125,-37.818752,24.525002,46.950733,0.3361091,49.741684,0.119397916,0.15213327,0.7526591,0.6293679,0.0020264992,0.1933812,0.98027754,0.040688563,-1.0,0
1763545361864,1009.8056,0.6299106,4.752744,10.059426,0.2955822,0.049709123,0.36690065,52.2,-39.15,24.712502,46.950733,0.3361091,49.741684,0.121564366,0.15416358,0.754509,0.62623626,0.0025475374,0.1963105,0.97982967,0.037275493,-1.0,0
1763545361890,1009.8056,0.14536397,4.8562336,10.72164,-0.1392008,0.48082694,0.24320054,51.018753,-39.037502,26.531252,46.950733,0.3361091,49.741684,0.12116679,0.15571125,0.75604504,0.62407404,0.0013446349,0.19729564,0.9797218,0.03489767,-1.0,0
1763545361923,1009.86346,0.017347964,5.3826547,11.36531,-0.24258968,0.65538156,0.34017533,52.143753,-38.662502,24.843752,46.950733,0.3361091,49.741684,0.11172634,0.1591367,0.7614055,0.6184289,-0.008172534,0.19426906,0.98053014,0.027447758,-1.0,0
1763545361948,1009.90375,1.3920245,5.456234,12.67179,-0.19708025,-0.1966221,0.14928009,50.756252,-39.037502,24.393751,46.950733,0.3361091,49.741684,0.10868987,0.15901044,0.76415896,0.6155998,-0.010452893,0.19232409,0.98098725,0.023794763,-1.0,0
1763545361973,1009.90375,0.82313097,4.2891345,12.808182,-0.027717989,-0.08926262,-0.07765619,50.531254,-39.318752,25.2,46.950733,0.3361091,49.741684,0.10959592,0.156088,0.7651773,0.6149219,-0.007854213,0.19055982,0.98137087,0.023161888,-1.0,0
1763545361998,1009.93915,-0.8979067,3.4097722,11.512468,0.18547381,0.33116508,-0.081779525,51.80625,-38.943752,24.281252,46.950733,0.3361091,49.741684,0.10850033,0.1583181,0.76434356,0.6155826,-0.009990799,0.1916693,0.9810991,0.02464856,-1.0,0
1763545362023,1009.8979,-2.140978,3.6951163,8.758329,0.015042545,-0.20685409,0.23556472,51.206253,-39.506252,26.681252,46.950733,0.3361091,49.741684,0.10745771,0.16167763,0.76481795,0.61430186,-0.012955899,0.19369811,0.9807093,0.02285676,-1.0,0
1763545362048,1009.8979,-1.1718849,3.2979078,9.163913,-0.26534438,-0.46906778,0.23266312,48.73125,-37.275,26.98125,46.950733,0.3361091,49.741684,0.10906879,0.16062388,0.7659055,0.61293775,-0.011148395,0.19383432,0.9807558,0.020544292,-1.0,0
1763545362073,1009.8945,-0.50009996,2.678765,9.909875,-0.39500043,-0.18119776,0.14072797,49.687504,-39.16875,25.593752,46.950733,0.3361091,49.741684,0.110050224,0.15151411,0.76839393,0.6119666,-0.0049240193,0.18719864,0.9821493,0.017753972,-1.0,0
1763545362101,1009.8798,-0.82911307,2.4299114,9.963714,-0.35819584,0.20181446,0.07903063,49.800003,-40.03125,26.250002,46.950733,0.3361091,49.741684,0.10625445,0.14977181,0.76961946,0.6115262,-0.006901827,0.18350469,0.98285586,0.016514037,-1.0,0
1763545362126,1009.8798,-1.605584,2.4598217,8.919247,-0.0014508038,0.2596939,0.29420775,49.443752,-38.193752,25.725,46.950733,0.3361091,49.741684,0.10224376,0.15004946,0.7711481,0.6102147,-0.010313214,0.18127951,0.9832748,0.014213351,-1.0,0
1763545362151,1009.83514,-1.5541383,2.565106,8.135597,0.20196716,0.10758856,0.46860963,50.475002,-38.100002,26.212502,46.950733,0.3361091,49.741684,0.101031326,0.15305986,0.7756493,0.6039318,-0.013256861,0.18291774,0.98302233,0.005691424,-1.0,0
1763545362177,1009.7912,-0.46959144,3.1465619,6.8614187,0.28962627,0.051389,0.6246856,50.550003,-37.818752,24.806252,46.950733,0.3361091,49.741684,0.103255525,0.15495315,0.77871203,0.59911215,0.012705152,-0.18577072,-0.9825109,0.0002957937,-1.0,0
1763545362202,1009.7912,-0.043070808,3.2452657,6.641279,0.26977316,0.13614649,0.56100297,48.61875,-38.643753,25.837502,46.950733,0.3361091,49.741684,0.10543379,0.1569303,0.7819053,0.59403765,0.012205603,-0.18866487,-0.98194504,0.0063708825,-1.0,0
1763545362227,1009.7553,0.020338992,3.464209,6.5431733,0.2589303,0.118889555,0.45471248,48.91875,-37.875,25.9125,46.950733,0.3361091,49.741684,0.10827656,0.16153643,0.7871137,0.5853496,0.012741217,-0.19405021,-0.9807731,0.016320232,-1.0,0
1763545362252,1009.7553,-0.2644069,3.7363925,6.524031,0.211741,-0.009086614,0.3513236,49.66875,-39.16875,26.212502,46.950733,0.3361091,49.741684,0.11021062,0.1629142,0.78872156,0.58243525,0.0120469965,-0.1963219,-0.98026955,0.019599583,-1.0,0
1763545362277,1009.7338,-0.67836523,3.7800615,7.5517483,0.14714205,-0.05780308,0.31971136,47.175003,-38.550003,25.81875,46.950733,0.3361091,49.741684,0.112239644,0.163439,0.79008085,0.5800536,0.010783419,-0.19797415,-0.9798911,0.02243516,-1.0,0
1763545362302,1009.748,-0.58624154,3.8500516,8.001,0.18898629,-0.06345358,0.3504073,45.91875,-39.5625,27.712502,46.950733,0.3361091,49.741684,0.11397912,0.16409545,0.7915331,0.57754374,0.009840609,-0.19955379,-0.9795061,0.025481293,-1.0,0
1763545362327,1009.748,-0.04426722,4.0241294,8.433503,0.22258386,-0.1392008,0.32169667,47.11875,-39.318752,28.500002,46.950733,0.3361091,49.741684,0.11883095,0.16563417,0.79433024,0.5722621,0.0069817174,-0.203732,-0.9784919,0.03159253,-1.0,0
1763545362353,1009.78314,0.8470592,4.0241294,9.307482,0.18073961,-0.26320636,-0.061773703,46.875,-38.475002,27.075,46.950733,0.3361091,49.741684,0.12228568,0.16589262,0.79461056,0.5710691,0.004371246,-0.20604621,-0.97799075,0.032557707,-1.0,0
1763545362379,1009.78314,0.43908295,3.9852462,9.48156,0.04405862,-0.07887791,-0.28076872,46.575,-39.24375,26.531252,46.950733,0.3361091,49.741684,0.1253441,0.16578256,0.7936901,0.57171774,0.0018316802,-0.20782597,-0.9776648,0.031248754,-1.0,0
1763545362404,1009.83124,-0.63888365,4.135994,9.275777,-0.2022726,0.24976733,-0.39332056,47.30625,-38.41875,27.656252,46.950733,0.3361091,49.741684,0.122076206,0.1662594,0.7904226,0.57679063,0.0046890364,-0.20621055,-0.97817373,0.02512777,-1.0,0
1763545362430,1009.8515,-1.9004993,4.58405,9.461221,-0.50342894,0.37957612,-0.3165043,48.656254,-39.037502,27.862501,46.950733,0.3361091,49.741684,0.11560976,0.16521385,0.7898316,0.5792278,0.009273067,-0.20143297,-0.97918093,0.023311937,-1.0,0
1763545362455,1009.8515,-0.7363912,4.5649076,11.930016,-0.74410963,-0.14775293,0.015806125,47.550003,-38.756252,26.250002,46.950733,0.3361091,49.741684,0.10971411,0.16147073,0.790409,0.5806408,0.011783279,-0.19486183,-0.9804861,0.023174688,-1.0,0
1763545362480,1009.9089,0.31465617,4.601398,13.551153,-0.647593,-0.20044,0.031688612,47.831253,-38.98125,24.843752,46.950733,0.3361091,49.741684,0.10442392,0.14884719,0.7924004,0.5822729,0.008290203,-0.18163456,-0.9830559,0.023264408,-1.0,0
1763545362505,1009.9699,0.49351966,4.1491547,14.623137,-0.3108538,0.16210824,0.0035888306,47.756252,-37.125,25.987501,46.950733,0.3361091,49.741684,0.10142453,0.14706661,0.79307866,0.58233213,0.0095284395,-0.17839487,-0.9836353,0.023366915,-1.0,0
1763545362530,1009.9699,-0.51864433,3.1076784,11.914462,0.6637809,0.110490166,0.3342194,48.881252,-38.11875,24.525002,46.950733,0.3361091,49.741684,0.09947849,0.15074743,0.7937456,0.58081585,0.013294892,-0.18012218,-0.98324037,0.02485094,-1.0,0
1763545362555,1009.9528,0.6041877,2.7756743,9.841082,0.69875294,-0.32368198,0.4907535,47.100002,-38.925003,25.3875,46.950733,0.3361091,49.741684,0.1025333,0.15585999,0.79478145,0.57750946,0.014010722,-0.18603525,-0.98203933,0.028166806,-1.0,0
1763545362581,1009.94257,2.0404794,2.71705,8.59442,0.3589594,-0.4125628,0.4492147,46.21875,-38.15625,26.5125,46.950733,0.3361091,49.741684,0.1156036,0.15820317,0.79773337,0.5702886,0.0049452805,-0.19587745,-0.9799929,0.03494901,-1.0,0
1763545362606,1009.94257,1.783251,2.7948167,8.873184,-0.4153117,0.20807582,0.013057235,46.275,-39.2625,26.56875,46.950733,0.3361091,49.741684,0.11703026,0.15576993,0.7990127,0.5688746,0.0021778354,-0.19482201,-0.9801723,0.036083043,-1.0,0
1763545362631,1009.92816,0.657428,2.7278178,9.204591,-0.439899,0.49533498,-0.022372922,47.943752,-38.11875,28.331251,46.950733,0.3361091,49.741684,0.1134632,0.1532703,0.80001676,0.568865,0.0033570551,-0.19066834,-0.98098624,0.036060423,-1.0,0
1763545362657,1009.8803,-0.14536397,2.6865416,8.970692,-0.211741,0.56695884,0.08300125,49.0875,-36.99375,26.156252,46.950733,0.3361091,49.741684,0.101733305,0.15353194,0.8024957,0.56751996,0.012748128,-0.18373677,-0.9821481,0.038253963,-1.0,0
1763545362683,1009.8803,-0.43429732,2.961118,6.852446,0.291917,0.10117448,0.3429242,45.506252,-37.237503,27.150002,46.950733,0.3361091,49.741684,0.09948139,0.15619346,0.8040076,0.5650477,0.01616558,-0.18447661,-0.98184025,0.04119251,-1.0,0
1763545362708,1009.8151,-0.0317049,3.3164523,6.017949,0.30108,-0.077198036,0.38079783,46.443752,-39.131252,27.468752,46.950733,0.3361091,49.741684,0.10074059,0.15874209,0.8055161,0.5619574,0.016734494,-0.18726365,-0.9811518,0.044647966,-1.0,0
1763545362733,1009.8151,0.5347959,3.4929228,5.5980086,0.19326234,-0.060704686,0.29909468,45.65625,-38.081253,25.650002,46.950733,0.3361091,49.741684,0.105863795,0.16147847,0.8082368,0.5563011,0.014313974,-0.19255531,-0.9798721,0.050677497,-1.0,0
1763545362758,1009.76483,0.47916272,3.8673997,5.881558,-0.1749364,0.027412556,0.051236283,48.693752,-37.631252,24.056252,46.950733,0.3361091,49.741684,0.106575765,0.1614718,0.8090466,0.55498827,0.013698697,-0.19298677,-0.979728,0.051976644,-1.0,0
1763545362783,1009.74506,0.09092726,4.025924,6.611967,-0.26702428,0.09918917,0.012751802,45.112503,-38.5125,26.643751,46.950733,0.3361091,49.741684,0.1058179,0.16039449,0.8095903,0.5546529,0.013610714,-0.19167307,-0.97996444,0.05240107,-1.0,0
1763545362808,1009.74506,-0.31585258,4.1276193,7.518847,-0.2323577,0.12866339,0.047571093,45.0,-39.15,25.612501,46.950733,0.3361091,49.741684,0.10181526,0.1581353,0.8108265,0.5542448,0.015410636,-0.187445,-0.9806978,0.053466465,-1.0,0
1763545362833,1009.759,-0.634098,4.085745,8.294122,-0.07322741,0.10621411,0.1673006,46.93125,-38.2125,26.2875,46.950733,0.3361091,49.741684,0.10086324,0.15820105,0.811895,0.55283415,0.016234754,-0.18691549,-0.9806791,0.055385955,-1.0,0
1763545362858,1009.78925,0.08853444,4.447659,9.24826,0.20044,-0.24442227,0.47563457,47.4375,-37.893753,25.9125,46.950733,0.3361091,49.741684,0.10197177,0.15888599,0.81355786,0.54998237,0.015805898,-0.18813074,-0.98025256,0.05883792,-1.0,0
1763545362883,1009.78925,1.0426725,4.7078786,9.964312,0.22731806,-0.33819002,0.42035133,45.75,-38.2125,27.337502,46.950733,0.3361091,49.741684,0.11049599,0.1584457,0.81700635,0.54331034,0.008742638,-0.19297144,-0.9789385,0.06606811,-1.0,0
1763545362908,1009.8459,1.4524434,4.6259246,10.3746805,0.16852233,-0.13507748,0.21113014,44.362503,-38.5875,26.41875,46.950733,0.3361091,49.741684,0.11308757,0.1587497,0.817729,0.5415985,0.006791384,-0.19479257,-0.9784979,0.06746534,-1.0,0
1763545362933,1009.8459,-0.104087785,4.139583,10.700703,-0.24976733,0.5513818,0.07551816,45.91875,-37.55625,25.425001,46.950733,0.3361091,49.741684,0.11160976,0.15949558,0.8182427,0.5409097,0.00834118,-0.19448908,-0.9785136,0.06793761,-1.0,0
1763545362959,1009.8908,-0.83030945,4.692325,11.145768,-0.34781113,0.70150185,0.32001677,44.175003,-38.11875,26.737501,46.950733,0.3361091,49.741684,0.10607339,0.16024026,0.81961846,0.5397196,0.013167388,-0.19171622,-0.97889054,0.06960455,-1.0,0
1763545362984,1009.9157,-0.07597212,5.1762733,11.446067,-0.33483025,0.29161158,0.474871,43.818752,-37.7625,25.35,46.950733,0.3361091,49.741684,0.09578033,0.1594733,0.82571465,0.53253144,0.020922761,-0.18484546,-0.97934175,0.07927277,-1.0,0
1763545363009,1009.9157,1.570888,4.7485566,12.899109,-0.22747077,-0.46509716,-0.019929463,44.475002,-37.350002,26.812502,46.950733,0.3361091,49.741684,0.09820525,0.15440384,0.8274704,0.53085583,0.015862655,-0.18229973,-0.9797403,0.0813882,-1.0,0
1763545363034,1009.9599,0.4456632,3.4540396,12.144173,0.019471316,-0.028023422,-0.23831362,43.631252,-35.79375,25.25625,46.950733,0.3361091,49.741684,0.10107807,0.1500416,0.82728994,0.5318478,0.010837303,-0.18058741,-0.9802412,0.07998761,-1.0,0
1763545363059,1009.9382,-1.096511,3.2033913,10.130014,0.0891099,0.12056944,-0.24656029,44.0625,-37.875,26.56875,46.950733,0.3361091,49.741684,0.09994826,0.15148194,0.824784,0.5355324,0.012592149,-0.18104658,-0.9804957,0.07544347,-1.0,0
1763545363084,1009.9382,-2.178665,3.5682967,8.993423,-0.13217586,-0.1465312,-0.07918335,42.6375,-37.7625,25.63125,46.950733,0.3361091,49.741684,0.099891774,0.15004209,0.82436824,0.53658736,0.0118729,-0.17986113,-0.98076034,0.07495439,-1.0,0
1763545363109,1009.9172,-1.3112668,2.5561328,9.997213,-0.56421,-0.27939427,0.14576761,44.4375,-36.206253,24.281252,46.950733,0.3361091,49.741684,0.10041681,0.14492339,0.8248446,0.53716403,0.008458072,-0.17611016,-0.9814407,0.0754171,-1.0,0
1763545363134,1009.9172,-0.85184485,2.2845473,10.745568,-0.46586075,0.046807513,0.2088394,45.45,-36.35625,23.868752,46.950733,0.3361091,49.741684,0.099484935,0.13888437,0.82609296,0.53701425,0.005602218,-0.17074756,-0.9823055,0.07674496,-1.0,0
1763545363159,1009.91376,-0.62093747,2.242673,10.700703,-0.20471606,0.2935969,0.2323577,42.506252,-36.28125,25.10625,46.950733,0.3361091,49.741684,0.09311516,0.13457151,0.8296162,0.5338136,0.008100834,-0.16344512,-0.9831179,0.08184904,-1.0,0
1763545363185,1009.8837,-1.0187442,2.3670998,8.916255,0.32459828,0.35346162,0.37407833,45.206253,-35.268753,24.91875,46.950733,0.3361091,49.741684,0.09063517,0.13667688,0.83123744,0.53117687,0.011380745,-0.16360253,-0.98278207,0.08511209,-1.0,0
1763545363210,1009.8837,-0.96789676,2.4095724,7.8496547,0.50571966,0.34154978,0.5115229,45.3375,-35.381252,25.06875,46.950733,0.3361091,49.741684,0.08964351,0.14073579,0.83302575,0.5274708,0.014676736,-0.16621405,-0.9819228,0.08935927,-1.0,0
1763545363236,1009.8354,-0.3894319,2.5842485,7.003194,0.5913935,0.3504073,0.6127737,44.1375,-36.131252,26.00625,46.950733,0.3361091,49.741684,0.090775624,0.15218051,0.8377287,0.5165381,0.02082349,-0.17597017,-0.97894937,0.10128671,-1.0,0
1763545363261,1009.78754,1.6654046,3.377469,6.5635123,0.53885907,0.21784966,0.2945132,44.25,-37.10625,25.425001,46.950733,0.3361091,49.741684,0.09222856,0.1579918,0.8398472,0.5110668,0.023183465,-0.18146639,-0.9773114,0.10674699,-1.0,0
1763545363287,1009.78754,1.3669,3.7022948,6.305686,0.4250855,0.2248746,-0.045280352,44.025,-36.862503,24.206251,46.950733,0.3361091,49.741684,0.093976095,0.16310106,0.84067696,0.5077683,0.024825266,-0.1865936,-0.9760099,0.109412715,-1.0,0
1763545363312,1009.7624,0.18005991,3.9391842,6.0921264,0.23541202,0.22640176,-0.23571745,42.91875,-36.375,25.518751,46.950733,0.3361091,49.741684,0.09385396,0.17111903,0.8386238,0.5085467,0.029693374,-0.19289528,-0.9749186,0.10697391,-1.0,0
1763545363337,1009.747,-1.2843475,4.347759,7.5637126,-0.098578304,-0.057497647,-0.10377065,43.893753,-37.275,27.16875,46.950733,0.3361091,49.741684,0.09255175,0.17263642,0.83755916,0.510025,0.031688955,-0.19330019,-0.9749526,0.10534862,-1.0,0
1763545363362,1009.747,-1.0857433,4.3040895,9.118449,-0.06696605,-0.13171771,0.026801692,45.80625,-37.21875,27.431252,46.950733,0.3361091,49.741684,0.09228721,0.1720438,0.8370826,0.51105446,0.03161497,-0.1926564,-0.97515965,0.1046314,-1.0,0
1763545363387,1009.779,-0.7328019,4.176672,10.269995,0.10621411,-0.042836893,0.1295797,45.2625,-37.65,28.125002,46.950733,0.3361091,49.741684,0.093899705,0.1717174,0.8375595,0.51008844,0.030233081,-0.1933649,-0.97489685,0.106170416,-1.0,0
1763545363412,1009.779,-0.4109673,4.1174498,10.402797,0.32032222,0.06666062,0.1786016,43.800003,-37.78125,26.75625,46.950733,0.3361091,49.741684,0.09514088,0.1744474,0.83796734,0.5082589,0.030925956,-0.19628365,-0.97409797,0.10793263,-1.0,0
1763545363437,1009.8105,-0.69571316,4.624728,9.152547,0.18654284,0.2201404,0.17142393,45.24375,-37.256252,25.63125,46.950733,0.3361091,49.741684,0.096252374,0.17776237,0.838341,0.5062809,0.032077476,-0.19958708,-0.97318196,0.10978586,-1.0,0
1763545363463,1009.8217,-1.1593226,5.0847483,9.29492,-0.07475458,0.25679228,0.14103341,44.737503,-36.80625,25.518751,46.950733,0.3361091,49.741684,0.09564897,0.18034431,0.83902854,0.50433946,0.034155164,-0.20126158,-0.97252923,0.11186617,-1.0,0
1763545363488,1009.8217,-1.4099708,5.400601,10.140184,-0.31421357,0.06482802,0.13568833,44.04375,-36.6375,26.04375,46.950733,0.3361091,49.741684,0.09147268,0.17915459,0.84120977,0.50189894,0.036880963,-0.19774583,-0.9726875,0.11582483,-1.0,0
1763545363514,1009.8686,-0.71665037,5.0368915,11.678171,-0.46082112,-0.29008442,0.13858995,44.86875,-37.443752,28.462502,46.950733,0.3361091,49.741684,0.09174051,0.1740633,0.8423736,0.50168943,0.03360432,-0.1938688,-0.97345585,0.11691618,-1.0,0
1763545363539,1009.94257,0.12801601,3.731607,14.276776,-0.16195552,0.0041996953,0.12515092,44.925003,-36.65625,25.331251,46.950733,0.3361091,49.741684,0.09232126,0.16871093,0.84349805,0.5015221,0.029860528,-0.18998669,-0.9742543,0.11765187,-1.0,0
1763545363564,1009.94257,0.24526432,2.9186454,13.366307,0.22915065,0.1995237,0.14424044,44.550003,-36.3375,25.500002,46.950733,0.3361091,49.741684,0.091562055,0.1669146,0.8444407,0.50067556,0.030965397,-0.18952557,-0.97402096,0.120018095,-1.0,0
1763545363589,1009.95087,1.2352947,2.9653056,10.127622,0.2694677,-0.22151484,0.06498074,44.4,-36.225002,26.75625,46.950733,0.3361091,49.741684,0.09346337,0.17154056,0.8451827,0.49749845,0.0305023,-0.19295382,-0.9732463,0.120954864,-1.0,0
1763545363614,1009.95087,1.4111671,2.7672994,9.369097,0.019929463,-0.013973532,-0.08681916,43.725002,-36.675003,27.150002,46.950733,0.3361091,49.741684,0.09675982,0.17220333,0.8449249,0.497077,0.02820121,-0.19550227,-0.97284204,0.12067269,-1.0,0
1763545363639,1009.93036,0.86261255,2.6446671,9.055637,-0.118584126,0.3907244,-0.1673006,45.581253,-35.475002,26.268751,46.950733,0.3361091,49.741684,0.09309626,0.172659,0.8443708,0.49855798,0.03118538,-0.1936634,-0.97342664,0.118163384,-1.0,0
1763545363664,1009.88275,0.1680958,2.6578279,8.629117,-0.07185297,0.5813142,-0.13584106,45.7125,-36.3375,26.306252,46.950733,0.3361091,49.741684,0.08778465,0.174724,0.8443964,0.49875852,0.036606085,-0.19207968,-0.97360027,0.1177619,-1.0,0
1763545363689,1009.88275,-0.23928227,3.1657043,7.312466,0.28840452,0.16287182,0.012140937,45.581253,-36.225002,26.475,46.950733,0.3361091,49.741684,0.08466489,0.17747663,0.84440506,0.4983111,0.040733896,-0.19237165,-0.973349,0.11800686,-1.0,0
1763545363714,1009.8215,-0.25722843,3.1872396,6.370292,0.394695,0.041462447,0.020998476,44.04375,-36.6375,26.04375,46.950733,0.3361091,49.741684,0.0847522,0.18058795,0.8441004,0.49769422,0.0425445,-0.19489719,-0.97273946,0.11824955,-1.0,0
1763545363739,1009.75726,-0.3822534,3.2877383,5.502894,0.36460993,0.11827869,0.009544762,46.3875,-37.275,26.437502,46.950733,0.3361091,49.741684,0.08726099,0.18773632,0.84299064,0.49649525,0.04490617,-0.20209612,-0.9711258,0.11855513,-1.0,0
1763545363764,1009.75726,-0.590429,3.4791641,4.883153,0.24136795,0.2296088,-0.016111558,45.975002,-36.318752,27.675001,46.950733,0.3361091,49.741684,0.08659056,0.19108385,0.8426128,0.4959767,0.047508243,-0.20433778,-0.9704907,0.11889864,-1.0,0
1763545363790,1009.6989,-1.0492527,4.004987,5.0141597,-0.18577924,0.0561232,-0.06849321,45.24375,-37.03125,27.7875,46.950733,0.3361091,49.741684,0.085281365,0.19272982,0.84233665,0.49603543,0.04959322,-0.20483702,-0.9702815,0.11889545,-1.0,0
1763545363817,1009.6989,-1.0091729,3.9810586,5.940182,-0.3739256,-0.026648976,-0.018707734,45.35625,-36.61875,26.062502,46.950733,0.3361091,49.741684,0.08226141,0.18921536,0.84280974,0.49709386,0.049973723,-0.20017996,-0.97122836,0.11893717,-1.0,0
1763545363842,1009.6989,-0.8925229,4.3034916,8.242078,-0.50465065,-0.03810269,0.17066035,45.881252,-36.206253,26.1375,46.950733,0.3361091,49.741684,0.08043818,0.1853418,0.84389246,0.4970148,0.049102325,-0.19598684,-0.9720138,0.11986368,-1.0,0
1763545363867,1009.7299,-0.8650054,4.389633,9.524631,-0.3899608,0.020998476,0.28870997,46.425003,-36.506252,24.862501,46.950733,0.3361091,49.741684,0.07863085,0.18115604,0.8455275,0.49606735,0.04802149,-0.19155744,-0.97271097,0.12179113,-1.0,0
1763545363893,1009.7299,-0.90807617,4.3334017,10.515259,-0.109268434,0.09338595,0.44539678,46.10625,-35.0625,26.343752,46.950733,0.3361091,49.741684,0.0764842,0.17732184,0.8499252,0.49023888,0.04742991,-0.1871985,-0.9726179,0.12931181,-1.0,0
1763545363918,1009.7736,-0.94755775,4.7976093,10.493724,0.3768272,0.015958842,0.83283776,44.1375,-36.131252,26.00625,46.950733,0.3361091,49.741684,0.07763951,0.1791269,0.852653,0.48463237,0.04764194,-0.18932666,-0.97134364,0.13556235,-1.0,0
1763545363944,1009.81635,0.07836494,4.8006005,10.350753,0.36277732,-0.008933897,0.8710168,44.0625,-36.61875,24.956251,46.950733,0.3361091,49.741684,0.08059801,0.18181935,0.8558486,0.47746086,0.04697673,-0.19325502,-0.9694766,0.14339037,-1.0,0
1763545363970,1009.81635,0.77826554,4.838886,10.386645,0.223042,0.120264,0.73540485,43.800003,-35.662502,26.156252,46.950733,0.3361091,49.741684,0.08550679,0.18588996,0.8622118,0.46338347,0.045492552,-0.19949163,-0.9659966,0.15806325,-1.0,0
1763545363996,1009.8503,0.046061836,5.011767,10.377672,-0.1353829,0.36002842,0.57337296,43.425003,-35.325,26.025002,46.950733,0.3361091,49.741684,0.08427113,0.18730475,0.86507833,0.4576622,0.047273796,-0.19987465,-0.9648325,0.16405345,-1.0,0
1763545364022,1009.8691,0.17288144,5.1332026,10.724033,-0.4502837,-0.083612114,0.50465065,43.21875,-34.85625,26.493752,46.950733,0.3361091,49.741684,0.08183187,0.18733527,0.86812866,0.45228496,0.0492028,-0.19841886,-0.9639963,0.17005935,-1.0,0
1763545364048,1009.8691,-0.13998012,4.570291,12.023335,-0.6587413,-0.2926806,0.38201955,40.350002,-34.65,25.687502,46.950733,0.3361091,49.741684,0.08196413,0.1757331,0.8736188,0.44630706,0.041996326,-0.18930545,-0.96474224,0.17796683,-1.0,0
1763545364073,1009.9157,-1.9884356,2.7499514,11.922837,-0.073380135,0.3267363,0.46509716,43.78125,-34.29375,26.081251,46.950733,0.3361091,49.741684,0.07943379,0.1717117,0.876089,0.4434787,0.04156042,-0.18457347,-0.9649736,0.18174498,-1.0,0
1763545364098,1009.9006,-2.7954152,3.2919257,10.247263,0.09750929,-0.038408123,0.66561353,43.36875,-33.581253,24.393751,46.950733,0.3361091,49.741684,0.07656556,0.17187315,0.87847954,0.43917093,0.043970343,-0.18294609,-0.96420914,0.18681021,-1.0,0
1763545364123,1009.9006,-1.9148563,3.362514,9.375677,0.03733911,-0.52328205,0.73403037,42.018753,-32.23125,24.45,46.950733,0.3361091,49.741684,0.083023004,0.16982993,0.88362646,0.428333,0.0378247,-0.18521427,-0.9614528,0.19968346,-1.0,0
1763545364149,1009.8891,-1.1186446,2.9778678,9.323035,-0.14362958,-0.48265955,0.6271291,42.487503,-32.79375,24.431252,46.950733,0.3361091,49.741684,0.08721798,0.1661173,0.8860392,0.42394868,0.032290038,-0.1848223,-0.96062976,0.204911,-1.0,0
1763545364174,1009.8891,-1.1228321,2.3928227,9.339785,-0.22456917,0.23510659,0.58375764,40.706253,-31.500002,25.0125,46.950733,0.3361091,49.741684,0.08736042,0.16310482,0.8887153,0.41946408,0.03037227,-0.18251725,-0.959974,0.21027341,-1.0,0
1763545364199,1009.86395,-1.1066805,2.487339,8.88455,-0.110490166,0.28886268,0.6776781,40.425003,-31.500002,23.19375,46.950733,0.3361091,49.741684,0.08268399,0.16108343,0.89475125,0.40821013,0.032908365,-0.1780493,-0.95780224,0.22322711,-1.0,0
1763545364224,1009.8239,-0.5605187,2.4837499,8.348558,0.048334677,0.17692171,0.75266176,39.1875,-32.5125,24.468752,46.950733,0.3361091,49.741684,0.08224309,0.16152887,0.897774,0.40143034,0.033550482,-0.17812878,-0.95602787,0.2305541,-1.0,0
1763545364249,1009.8239,0.5401797,2.7451658,7.192227,0.33727372,0.09750929,0.79313153,39.075,-33.15,23.41875,46.950733,0.3361091,49.741684,0.083462246,0.16297445,0.9005653,0.39427847,0.03346182,-0.18001924,-0.95387775,0.23788777,-1.0,0
1763545364274,1009.7924,0.7148558,2.8528428,6.2674007,0.37438375,0.21968225,0.7538835,40.66875,-31.10625,22.518751,46.950733,0.3361091,49.741684,0.08518036,0.1655761,0.9031146,0.38692755,0.033666283,-0.18313307,-0.9514387,0.24513914,-1.0,0
1763545364299,1009.7546,0.4636094,2.9563324,5.13739,0.2438114,0.35743225,0.7124974,37.55625,-30.45,24.206251,46.950733,0.3361091,49.741684,0.08508337,0.17199561,0.90794516,0.3725774,0.03762526,-0.18816485,-0.94655293,0.25926027,-1.0,0
1763545364324,1009.7546,0.7423732,3.5569308,5.482555,-0.29222244,0.07139482,0.57184577,38.60625,-30.337502,23.625,46.950733,0.3361091,49.741684,0.0836122,0.17244625,0.91065305,0.36603612,0.039088693,-0.1876187,-0.9446709,0.2662107,-1.0,0
1763545364350,1009.73944,0.85902333,3.7944186,7.0289164,-0.37545276,-0.18837543,0.41103563,39.225002,-30.900002,24.35625,46.950733,0.3361091,49.741684,0.083138734,0.16992095,0.9131521,0.361065,0.037928566,-0.18532833,-0.9436043,0.27170905,-1.0,0
1763545364375,1009.73944,0.6149554,3.7477584,8.615956,-0.27511823,-0.32169667,0.29436046,37.29375,-31.2,21.806252,46.950733,0.3361091,49.741684,0.086891256,0.16213478,0.9161622,0.35610235,0.030195983,-0.18145517,-0.942967,0.27744445,-1.0,0
1763545364400,1009.7812,0.51505506,3.6460636,10.094721,0.16867504,-0.016111558,0.360792,38.4375,-29.718752,23.60625,46.950733,0.3361091,49.741684,0.0893015,0.16051258,0.9170748,0.35388538,0.027288055,-0.18164362,-0.9423492,0.27971235,-1.0,0
1763545364425,1009.82806,0.82672024,3.95055,9.75494,0.2842812,0.023136504,0.32352927,37.425003,-29.812502,22.0125,46.950733,0.3361091,49.741684,0.09052823,0.16158052,0.91803885,0.35057262,0.026954336,-0.1832405,-0.9411119,0.28285104,-1.0,0
1763545364450,1009.82806,0.9595219,4.255037,9.315857,0.16378812,-0.08513928,0.19921827,36.73125,-30.900002,24.0,46.950733,0.3361091,49.741684,0.09357553,0.16493563,0.91902137,0.34560007,0.026556212,-0.18776293,-0.93890494,0.2872235,-1.0,0
1763545364475,1009.8737,0.49052864,4.6025944,9.533604,-0.1211803,0.0066431547,0.08590286,36.73125,-29.400002,24.225,46.950733,0.3361091,49.741684,0.09332465,0.16398226,0.9194714,0.34492418,0.026185943,-0.1868528,-0.9388288,0.28809857,-1.0,0
1763545364500,1009.9355,-0.90508515,4.8855457,11.420942,-0.5495492,0.6451496,0.19341506,38.0625,-28.7625,22.35,46.950733,0.3361091,49.741684,0.08885492,0.1617857,0.9205841,0.34417304,0.028429858,-0.1823775,-0.9391809,0.2896021,-1.0,0
1763545364526,1009.9355,-0.89013004,4.768297,12.160325,-0.5926152,0.5103012,0.33101234,38.1375,-28.500002,21.243752,46.950733,0.3361091,49.741684,0.075059645,0.15550682,0.9249035,0.33872825,0.03565869,-0.16895203,-0.9390333,0.2973216,-1.0,0
1763545364551,1009.9826,-0.67477596,4.6725845,12.739986,-0.6634755,0.014431681,0.38965538,37.987503,-29.1375,22.3875,46.950733,0.3361091,49.741684,0.07308428,0.14952561,0.927135,0.3357402,0.033622503,-0.16299924,-0.93886757,0.30137756,-1.0,0
1763545364576,1010.0507,1.1784651,3.3074791,14.670396,-0.2551124,-0.07994693,0.2937496,37.7625,-28.1625,22.2,46.950733,0.3361091,49.741684,0.07363852,0.14302796,0.9291374,0.33290276,0.029226068,-0.15819436,-0.9386859,0.30494136,-1.0,0
1763545364601,1010.0507,1.5349957,2.5489542,13.270595,0.10270164,0.060093824,0.17508912,38.4375,-28.575,20.306252,46.950733,0.3361091,49.741684,0.073920555,0.13996197,0.93042004,0.33055243,0.02707142,-0.15595107,-0.9383739,0.3072471,-1.0,0
1763545364626,1010.059,1.878964,2.193022,11.30848,0.19326234,0.024969097,0.046349365,36.787502,-28.63125,21.393751,46.950733,0.3361091,49.741684,0.07460805,0.14180247,0.93092674,0.32817858,0.02746362,-0.15786088,-0.93769336,0.30831298,-1.0,0
1763545364652,1010.059,1.7802601,2.0440688,10.085149,0.06849321,-0.09262237,-0.09262237,37.95,-27.900002,22.63125,46.950733,0.3361091,49.741684,0.07574287,0.14177945,0.93053305,0.32904378,0.02645083,-0.15855204,-0.93810314,0.30679652,-1.0,0
1763545364677,1010.02924,1.3573287,2.0051854,9.857831,-0.00083993905,0.005268709,-0.12621993,37.10625,-27.843752,20.400002,46.950733,0.3361091,49.741684,0.07673142,0.14073099,0.930104,0.33047467,0.024944806,-0.15833725,-0.93879616,0.30490783,-1.0,0
1763545364702,1009.9887,1.1700903,2.1254246,9.256635,0.13553563,0.26671883,-0.08468113,37.068752,-27.862501,23.025002,46.950733,0.3361091,49.741684,0.07463424,0.14231448,0.9295435,0.33185145,0.02742723,-0.15833959,-0.939469,0.30261248,-1.0,0
1763545364727,1009.9887,1.0211371,2.3545375,8.2761755,0.3265836,0.5113702,-0.04772381,38.7,-28.575,22.425001,46.950733,0.3361091,49.741684,0.071144804,0.14672892,0.92932373,0.33131063,0.032827966,-0.15972877,-0.93906957,0.30258444,-1.0,0
1763545364753,1009.91205,0.69332033,2.5680969,5.8654065,0.52267116,0.2618319,-0.19540037,38.925003,-28.181252,22.5375,46.950733,0.3361091,49.741684,0.06833176,0.15264507,0.9286553,0.3311032,0.03861704,-0.16272207,-0.93849343,0.30209318,-1.0,0
1763545364778,1009.81854,0.22791636,2.7003005,5.1332026,0.4218785,0.14332415,-0.2796997,38.68125,-27.825,23.00625,46.950733,0.3361091,49.741684,0.0672989,0.16287802,0.9259257,0.3340708,0.045634396,-0.17022304,-0.9381794,0.29792807,-1.0,0
1763545364803,1009.81854,-0.21535404,2.7194428,4.9417768,0.2483929,0.19723296,-0.2984838,39.318752,-30.50625,23.25,46.950733,0.3361091,49.741684,0.065891095,0.16613758,0.92465466,0.33625984,0.048761107,-0.17194673,-0.93845546,0.29556385,-1.0,0
1763545364828,1009.77167,-0.52223355,2.902494,5.7200427,-0.084070265,0.2070068,-0.17325652,39.2625,-30.13125,21.993752,46.950733,0.3361091,49.741684,0.06322815,0.16797994,0.9238416,0.33808526,0.052028526,-0.1717792,-0.93886405,0.2938014,-1.0,0
1763545364853,1009.77167,-0.4851448,3.2093735,6.7908306,-0.15279256,0.022220206,-0.045433067,38.7,-30.056252,21.900002,46.950733,0.3361091,49.741684,0.06077017,0.1682206,0.9234975,0.3393543,0.054162133,-0.17046301,-0.93930024,0.29278633,-1.0,0
1763545364878,1009.75507,-0.2009971,3.571886,8.073982,-0.10102176,-0.14607304,0.08147409,39.393753,-29.493752,22.25625,46.950733,0.3361091,49.741684,0.061021376,0.16588472,0.9238895,0.3393912,0.0525983,-0.16874471,-0.93953484,0.29331374,-1.0,0
1763545364903,1009.78143,0.3290131,4.0564327,9.3511505,0.09918917,-0.067271486,0.27725625,38.8125,-29.437502,22.931252,46.950733,0.3361091,49.741684,0.06310011,0.1654581,0.92432564,0.3380299,0.05070516,-0.1696673,-0.93902457,0.29474542,-1.0,0
1763545364928,1009.78143,0.52522457,4.453043,9.665807,0.100869045,0.13614649,0.3504073,39.206253,-31.125002,22.518751,46.950733,0.3361091,49.741684,0.06455573,0.16604865,0.9250115,0.3355803,0.04990636,-0.17102322,-0.9380836,0.2970852,-1.0,0
1763545364953,1009.81586,1.1012967,4.71087,10.2347,0.09598213,0.21968225,0.29985824,37.3125,-30.206251,23.75625,46.950733,0.3361091,49.741684,0.06346778,0.16879824,0.9269587,0.32897758,0.05241673,-0.17255,-0.935655,0.30336234,-1.0,0
1763545364978,1009.85394,1.5014962,4.7222357,10.619347,0.09888373,0.14179699,0.083764836,38.850002,-29.175001,23.23125,46.950733,0.3361091,49.741684,0.063035786,0.17011584,0.92714524,0.32785514,0.053507417,-0.17334898,-0.9352145,0.30407387,-1.0,0
1763545365003,1009.85394,-0.6197411,4.7808595,11.402996,-0.22884522,0.24915648,-0.06696605,38.11875,-31.48125,22.050001,46.950733,0.3361091,49.741684,0.06254257,0.17010102,0.9268581,0.32876748,0.05385907,-0.17304663,-0.93559575,0.3030093,-1.0,0
1763545365029,1009.9003,-0.76689965,4.599005,12.192628,-0.31589344,0.41576985,0.11262819,39.24375,-30.13125,23.081251,46.950733,0.3361091,49.741684,0.05943532,0.16904128,0.9271383,0.32910028,0.0557065,-0.17030649,-0.9359739,0.30305994,-1.0,0
1763545365054,1009.9003,-0.401396,4.5302114,13.004992,-0.3099375,0.19433136,0.21723878,41.04375,-28.575,21.5625,46.950733,0.3361091,49.741684,0.052270986,0.16529569,0.929502,0.32553178,0.059144378,-0.16296278,-0.93561727,0.30751485,-1.0,0
1763545365080,1009.95135,-1.018146,3.5407794,12.58864,0.31772605,0.16317725,0.099341884,38.49375,-28.725,23.7,46.950733,0.3361091,49.741684,0.0516611,0.16485868,0.930257,0.32368925,0.059343223,-0.16225176,-0.9351309,0.30932662,-1.0,0
1763545365105,1009.94696,-1.8909281,3.4570305,10.275977,0.3653735,0.009392046,0.10331251,38.475002,-30.225,24.562502,46.950733,0.3361091,49.741684,0.051122844,0.16797134,0.9301698,0.32242212,0.061649732,-0.16439962,-0.9343189,0.31019393,-1.0,0
1763545365131,1009.94696,-2.207977,3.539583,8.9928255,0.0787252,-0.31329727,0.13263401,39.787502,-29.587502,23.15625,46.950733,0.3361091,49.741684,0.054723363,0.17107448,0.9299732,0.32076222,0.060808897,-0.16900712,-0.93291694,0.31209743,-1.0,0
1763545365156,1009.9172,-1.2077773,2.7188447,9.970294,-0.43470666,-0.21433719,0.10071633,38.34375,-29.60625,22.6875,46.950733,0.3361091,49.741684,0.05752995,0.1674322,0.9305751,0.32044765,0.056441408,-0.16780229,-0.9330591,0.31314138,-1.0,0
1763545365181,1009.9096,-0.9284152,2.4999015,10.31187,-0.41057748,0.10102176,0.06788235,39.393753,-29.493752,21.956251,46.950733,0.3361091,49.741684,0.057894345,0.16275217,0.93146694,0.32020202,0.053330608,-0.1643042,-0.93355787,0.31405357,-1.0,0
1763545365206,1009.9096,-1.0504491,2.464009,10.275977,-0.17890702,0.30902123,0.088651754,39.7125,-27.73125,24.281252,46.950733,0.3361091,49.741684,0.051999155,0.158288,0.9331317,0.31860045,0.055281743,-0.1571717,-0.9339016,0.31633654,-1.0,0
1763545365232,1009.8808,-1.2502499,2.3371894,9.428319,0.16012293,0.33651012,0.17936517,38.0625,-28.7625,22.35,46.950733,0.3361091,49.741684,0.049391564,0.16053495,0.9336204,0.31645185,0.05872638,-0.15736015,-0.9329634,0.318384,-1.0,0
1763545365256,1009.8293,-0.7148558,2.6679974,7.0450683,0.4909062,0.05215258,0.4408153,38.11875,-29.775002,24.73125,46.950733,0.3361091,49.741684,0.048833914,0.1646043,0.9340891,0.31304684,0.06166723,-0.1602388,-0.931223,0.32147232,-1.0,0
1763545365281,1009.8293,0.09990034,2.8366911,6.5342007,0.5159517,-0.08605558,0.43745553,38.11875,-29.775002,24.73125,46.950733,0.3361091,49.741684,0.050353378,0.16903032,0.9346363,0.30878535,0.063186444,-0.16466387,-0.92900956,0.32532215,-1.0,0
1763545365307,1009.7751,0.59700924,3.0819557,6.1525455,0.5014436,-0.12240203,0.32032222,38.49375,-29.475,23.587502,46.950733,0.3361091,49.741684,0.056672014,0.17736533,0.93503493,0.30172715,0.06325066,-0.17512721,-0.9250432,0.3310964,-1.0,0
1763545365333,1009.7751,0.3493521,3.37388,5.68415,0.39698574,-0.04176788,0.19234605,38.456253,-29.718752,22.987501,46.950733,0.3361091,49.741684,0.05871875,0.18089816,0.9348517,0.2998,0.06378407,-0.17917486,-0.92372084,0.33251727,-1.0,0
1763545365358,1009.74115,-1.4596218,3.9535413,6.0664034,-0.008170316,0.057192214,0.3916407,36.131252,-30.843752,25.462502,46.950733,0.3361091,49.741684,0.05899352,0.1834097,0.93614185,0.29414108,0.06526112,-0.18127425,-0.9209879,0.33861765,-1.0,0
1763545365383,1009.7365,-1.0037891,3.9768713,7.637292,-0.08575014,-0.12912154,0.6419425,37.256252,-29.737501,24.656252,46.950733,0.3361091,49.741684,0.060817413,0.1822228,0.9379629,0.2886549,0.06317772,-0.181418,-0.9189177,0.34450883,-1.0,0
1763545365408,1009.7365,1.2179468,4.235894,10.924432,0.541608,-0.3013854,0.5961277,36.975002,-29.75625,23.925001,46.950733,0.3361091,49.741684,0.06530938,0.18198815,0.93961346,0.2823857,0.059497662,-0.1839702,-0.9163571,0.35057756,-1.0,0
1763545365433,1009.7968,1.204188,4.208377,10.029516,0.81512266,-0.17478369,0.37194028,37.48125,-29.343752,24.768751,46.950733,0.3361091,49.741684,0.070712626,0.18558022,0.940089,0.2771142,0.0573604,-0.1901318,-0.913615,0.3547779,-1.0,0
1763545365458,1009.82684,0.92183495,4.240082,8.927023,0.7483857,-0.06956223,0.23189954,34.7625,-30.375002,26.04375,46.950733,0.3361091,49.741684,0.07850601,0.19852665,0.9386447,0.27086928,0.058991775,-0.20517308,-0.9088412,0.35837367,-1.0,0
1763545365483,1009.82684,0.3188436,4.948357,8.842078,0.06940951,0.38751733,-0.017791437,35.737503,-30.750002,24.562502,46.950733,0.3361091,49.741684,0.079012044,0.20269382,0.9381903,0.2692053,0.06113654,-0.2087822,-0.907462,0.35942328,-1.0,0
1763545365508,1009.8588,-0.068793654,5.372485,9.462418,-0.17753258,0.5014436,-0.20044,35.5125,-32.41875,26.23125,46.950733,0.3361091,49.741684,0.075706884,0.20449667,0.93826324,0.26853663,0.0648707,-0.2081879,-0.90708447,0.36006573,-1.0,0
1763545365533,1009.8588,0.0029910284,5.279165,9.886545,-0.3161989,0.24610215,-0.3995819,38.8875,-30.937502,26.250002,46.950733,0.3361091,49.741684,0.06646482,0.20279624,0.9380928,0.27283347,0.07122255,-0.20117462,-0.909449,0.35687345,-1.0,0
1763545365559,1009.87836,0.37746778,4.8011985,10.49492,-0.46937323,-0.19540037,-0.6306415,38.2125,-30.6375,26.306252,46.950733,0.3361091,49.741684,0.06582045,0.1984806,0.9371842,0.27921093,0.06909322,-0.19736518,-0.9126315,0.35125038,-1.0,0
1763545365584,1009.9257,-0.4319045,3.14716,12.277573,-0.64209527,0.050319985,-0.76640624,37.331253,-31.35,26.75625,46.950733,0.3361091,49.741684,0.06501498,0.19247645,0.936062,0.28725213,0.066031456,-0.19213012,-0.9167124,0.34404105,-1.0,0
1763545365609,1009.9257,-0.47736812,2.097309,12.264413,-0.48479757,0.2616792,-0.60544336,37.03125,-32.1375,26.212502,46.950733,0.3361091,49.741684,0.056015745,0.18311124,0.9345635,0.29987288,0.067307875,-0.17926833,-0.9234775,0.33244836,-1.0,0
1763545365634,1009.95966,-0.6520442,2.2055843,11.447862,-0.31528258,0.124234624,-0.4003455,37.162502,-30.750002,26.737501,46.950733,0.3361091,49.741684,0.056015745,0.18311124,0.9345635,0.29987288,0.067307875,-0.17926833,-0.9234775,0.33244836,-1.0,0
1763545365659,1009.95306,-0.17467605,2.400001,9.679565,-0.29497132,-0.117820546,-0.016264275,38.04375,-31.518751,25.29375,46.950733,0.3361091,49.741684,0.05246436,0.17731252,0.93400025,0.3056985,0.06647271,-0.17255032,-0.92679733,0.32688597,-1.0,0
1763545365684,1009.95306,0.32542387,2.4185455,9.255438,-0.25480697,-0.06818778,0.15554145,37.03125,-31.612501,24.31875,46.950733,0.3361091,49.741684,0.052489772,0.17402752,0.9344439,0.30622572,0.064407006,-0.16997789,-0.92755383,0.3265014,-1.0,0
1763545365709,1009.93207,1.0049855,2.7391837,9.078369,-0.1164461,-0.08132137,0.25663957,38.0625,-30.150002,24.13125,46.950733,0.3361091,49.741684,0.053546585,0.16952153,0.93628925,0.3029158,0.060702525,-0.16709276,-0.9272397,0.3295781,-1.0,0
1763545365734,1009.93207,1.6935202,3.101098,8.675179,0.059177525,-0.22273657,0.18974987,37.3125,-30.225,24.225,46.950733,0.3361091,49.741684,0.056385327,0.16912735,0.93666226,0.30146366,0.05812735,-0.16853659,-0.92681473,0.33050123,-1.0,0
1763545365759,1009.89764,1.244866,3.2745779,7.4033933,0.0028252497,-0.23052509,-0.17783801,38.53125,-29.98125,24.54375,46.950733,0.3361091,49.741684,0.06034658,0.16901784,0.9362896,0.30191562,0.0548389,-0.1708843,-0.92694396,0.32949385,-1.0,0
1763545365784,1009.8664,0.30867413,3.150151,7.3136625,-0.108199425,0.14103341,-0.22899793,38.34375,-30.112501,24.712502,46.950733,0.3361091,49.741684,0.060666442,0.16811454,0.93520087,0.30570602,0.053970117,-0.17038235,-0.9285095,0.3254647,-1.0,0
1763545365810,1009.8664,-0.3924229,3.0095727,7.3046894,-0.08620829,0.38721192,-0.16210824,39.3375,-31.0125,24.50625,46.950733,0.3361091,49.741684,0.056604475,0.16865785,0.9350656,0.30659848,0.057538144,-0.16834164,-0.92892146,0.32473895,-1.0,0
1763545365835,1009.81244,-0.52582276,3.4331024,7.0283184,0.116293386,-0.06482802,-0.0049632764,37.78125,-32.0625,26.906252,46.950733,0.3361091,49.741684,0.053916946,0.1699824,0.93495935,0.30667508,0.060505547,-0.16775024,-0.9288293,0.32476926,-1.0,0
1763545365861,1009.78314,-0.29970104,3.7794633,7.3196445,0.10361794,-0.25068364,0.0034361144,39.206253,-29.643751,23.212502,46.950733,0.3361091,49.741684,0.05731912,0.17147288,0.93434197,0.3071102,0.05877696,-0.17097865,-0.9284763,0.32441232,-1.0,0
1763545365886,1009.78314,-0.2943172,3.9493537,7.8107715,0.03932442,-0.11537708,0.02451095,38.41875,-31.218752,24.468752,46.950733,0.3361091,49.741684,0.058515783,0.17171717,0.9342403,0.30705735,0.05800891,-0.17188905,-0.9283005,0.32457253,-1.0,0
1763545365912,1009.79095,-0.11425728,4.2999024,9.835697,0.08422298,0.20654866,0.17997603,40.331253,-30.4125,24.993752,46.950733,0.3361091,49.741684,0.05790251,0.17201021,0.9345284,0.3061312,0.05870751,-0.17173713,-0.92790216,0.3256645,-1.0,0
1763545365938,1009.8215,0.24705894,4.5678983,10.505688,0.3194059,0.21662793,0.20379977,38.100002,-32.643753,25.968752,46.950733,0.3361091,49.741684,0.05597293,0.17691576,0.93516546,0.301717,0.0632361,-0.17445156,-0.92569834,0.32962167,-1.0,0
1763545365963,1009.8215,0.38584265,4.7880383,10.112667,0.4982366,0.106672265,0.16241367,39.80625,-32.325,24.225,46.950733,0.3361091,49.741684,0.056870755,0.18174626,0.93481266,0.29976496,0.06545546,-0.17883393,-0.9242445,0.3309171,-1.0,0
1763545365988,1009.84125,0.573081,4.7192445,9.1669035,0.107435845,0.09720386,-0.035048366,37.2,-31.48125,24.768751,46.950733,0.3361091,49.741684,0.05839028,0.18566678,0.9342706,0.29875907,0.06662776,-0.18287238,-0.9232154,0.33134836,-1.0,0
1763545366013,1009.84125,-0.052043892,4.557131,9.966106,-0.23968807,0.43638653,-0.09995275,37.350002,-31.35,25.35,46.950733,0.3361091,49.741684,0.05797936,0.18709606,0.9340011,0.29879034,0.067814976,-0.18375978,-0.92303586,0.33111677,-1.0,0
1763545366038,1009.8681,-1.1078769,4.41416,11.000404,-0.3420079,0.79603314,0.022678355,39.24375,-32.025,26.2875,46.950733,0.3361091,49.741684,0.045011368,0.18561631,0.9354025,0.29756096,0.07722123,-0.17468922,-0.92337227,0.33302286,-1.0,0
1763545366064,1009.88763,-1.1569297,4.4135613,11.22832,-0.25999933,0.45104727,0.23403756,40.95,-31.706251,24.69375,46.950733,0.3361091,49.741684,0.04039239,0.18450855,0.93671036,0.29478648,0.08024743,-0.17098328,-0.92265344,0.3362078,-1.0,0
1763545366089,1009.88763,0.052043892,3.982255,12.400804,-0.11018474,-0.48174325,0.22273657,39.018753,-30.525002,23.2875,46.950733,0.3361091,49.741684,0.043433253,0.18143328,0.9377851,0.29283923,0.07595401,-0.17039797,-0.92233884,0.33835858,-1.0,0
1763545366114,1009.9206,-0.47377887,3.2093735,12.17528,0.15722132,-0.12988512,0.17676899,40.275,-30.7875,23.94375,46.950733,0.3361091,49.741684,0.04790108,0.17881885,0.9384234,0.2917034,0.07077418,-0.17106052,-0.9222406,0.33941355,-1.0,0
1763545366139,1009.9223,-1.1790633,3.5150564,8.875577,0.076739885,-0.29161158,0.28214318,39.131252,-30.6375,23.4375,46.950733,0.3361091,49.741684,0.050647285,0.1817808,0.938781,0.28823745,0.070319794,-0.1751129,-0.92056614,0.3419775,-1.0,0
1763545366168,1009.9223,-0.27098715,3.2733815,9.093923,-0.24243696,-0.45104727,0.1928042,37.987503,-30.393751,24.768751,46.950733,0.3361091,49.741684,0.05369446,0.18156824,0.93927133,0.2862159,0.067809135,-0.17678246,-0.9196526,0.34407702,-1.0,0
1763545366193,1009.9091,0.10049855,2.905485,9.845867,-0.38644832,-0.22273657,-0.008781182,37.612503,-30.187502,23.71875,46.950733,0.3361091,49.741684,0.058208644,0.17374238,0.9405181,0.28609616,0.059436847,-0.17332606,-0.92062783,0.3447749,-1.0,0
1763545366219,1009.9013,-1.1682956,2.1433709,9.671191,-0.22945608,0.16134466,-0.050319985,39.018753,-31.050001,25.312502,46.950733,0.3361091,49.741684,0.056505863,0.17043684,0.94081485,0.28744707,0.058742914,-0.16967882,-0.9217573,0.34368858,-1.0,0
1763545366245,1009.9013,-1.3651053,2.0422742,9.080164,-0.105908684,0.0410043,0.12942697,39.018753,-30.525002,23.2875,46.950733,0.3361091,49.741684,0.05397043,0.16858435,0.9411796,0.2878331,0.059613496,-0.16667244,-0.92231524,0.34351298,-1.0,0
1763545366270,1009.8703,-0.9798609,2.2534406,8.68475,-0.012599086,-0.17676899,0.28657195,35.943752,-31.743752,26.1375,46.950733,0.3361091,49.741684,0.054773636,0.16656646,0.94251096,0.28447944,0.05775225,-0.1655573,-0.9213277,0.34700242,-1.0,0
1763545366295,1009.84076,0.29850462,2.7056842,8.646464,0.27527094,-0.26778784,0.34109163,39.825,-30.31875,21.487501,46.950733,0.3361091,49.741684,0.058036767,0.16640173,0.9431932,0.28165329,0.055054177,-0.1674122,-0.920166,0.34962365,-1.0,0
1763545366320,1009.84076,0.71724856,2.7391837,8.325827,0.47426015,-0.09628756,0.30382887,38.325,-31.725,24.206251,46.950733,0.3361091,49.741684,0.06172432,0.16787305,0.94353884,0.27882487,0.05299504,-0.17082971,-0.9187731,0.35194424,-1.0,0
1763545366345,1009.8066,0.8249256,3.0161529,7.8741813,0.61750793,0.17356196,0.27359107,37.36875,-31.331251,24.900002,46.950733,0.3361091,49.741684,0.0650721,0.17742512,0.9433548,0.27270457,0.056044325,-0.18048014,-0.91509867,0.35620272,-1.0,0
1763545366371,1009.8066,0.2835495,4.0301113,7.0749784,0.61689705,0.28825182,0.076434456,37.050003,-31.368752,25.706251,46.950733,0.3361091,49.741684,0.06429031,0.18430725,0.9429243,0.2697984,0.060813103,-0.18548366,-0.91305304,0.35809454,-1.0,0
1763545366396,1009.76996,-0.2542374,4.1635113,7.175477,0.50480336,0.18974987,0.058261227,38.25,-32.850002,23.643751,46.950733,0.3361091,49.741684,0.06353157,0.19080558,0.94214725,0.26817113,0.065363996,-0.1901856,-0.9114424,0.3589286,-1.0,0
1763545366421,1009.7526,-0.13459627,4.174279,7.687541,0.42600182,0.15370885,0.1532507,36.46875,-33.54375,24.956251,46.950733,0.3361091,49.741684,0.06317422,0.20046364,0.94105166,0.26503745,0.0715806,-0.19761798,-0.9085437,0.36107013,-1.0,0
1763545366446,1009.7526,0.4636094,4.4201417,8.422736,0.44310603,0.19524765,0.18119776,37.10625,-33.24375,25.95,46.950733,0.3361091,49.741684,0.06296107,0.20498735,0.9407416,0.26271856,0.074495636,-0.20108289,-0.9068927,0.36271435,-1.0,0
1763545366471,1009.7553,0.9984053,4.44407,8.670393,0.5157989,0.16592614,-0.1220966,37.068752,-33.487503,25.66875,46.950733,0.3361091,49.741684,0.062815756,0.21020675,0.939962,0.26141694,0.077739604,-0.20515664,-0.9055565,0.36309054,-1.0,0
1763545366497,1009.7673,0.38823548,4.4458647,8.465208,0.382325,0.32826346,-0.21204643,37.818752,-33.1875,27.73125,46.950733,0.3361091,49.741684,0.060319036,0.2197933,0.9375519,0.26277205,0.085453205,-0.21129416,-0.9046205,0.36015862,-1.0,0
1763545366522,1009.7673,-0.36430725,4.7431726,8.3174515,0.15645774,0.5791762,-0.23984079,37.95,-34.03125,27.000002,46.950733,0.3361091,49.741684,0.0549811,0.22291893,0.93690693,0.2636084,0.0915961,-0.21053725,-0.90460974,0.35911754,-1.0,0
1763545366548,1009.7719,-1.1928221,5.426922,8.627322,-0.09369139,0.679358,-0.22380558,38.71875,-33.206253,27.018751,46.950733,0.3361091,49.741684,0.047994513,0.2241782,0.93681395,0.26423508,0.097971596,-0.20727013,-0.90481484,0.35881853,-1.0,0
1763545366573,1009.7719,-0.23150559,5.663213,10.457831,-0.5164098,-0.292986,-0.2757291,38.8875,-33.80625,27.0375,46.950733,0.3361091,49.741684,0.04340897,0.22268826,0.9370644,0.2653975,0.10079678,-0.20325947,-0.9055678,0.3584306,-1.0,0
1763545366599,1009.79047,0.4432704,5.1296134,12.281162,-0.6133846,-0.49625129,-0.4182133,39.84375,-32.831253,24.712502,46.950733,0.3361091,49.741684,0.044167668,0.21757242,0.93728334,0.26872173,0.097113706,-0.19964337,-0.9077124,0.3560473,-1.0,0
1763545366624,1009.86176,-0.56350976,3.3020952,13.131811,-0.09918917,0.17066035,-0.38675377,38.98125,-33.412502,25.931252,46.950733,0.3361091,49.741684,0.04532451,0.2061293,0.93690145,0.2786968,0.08907156,-0.19133706,-0.9137798,0.34707764,-1.0,0
1763545366651,1009.86176,-0.70947194,3.1118658,11.429915,0.20257804,0.115835235,-0.12377647,41.8125,-32.49375,25.10625,46.950733,0.3361091,49.741684,0.04260149,0.20531064,0.93623614,0.28194758,0.09064451,-0.18907915,-0.9153956,0.3436328,-1.0,0
1763545366675,1009.8752,0.31585258,3.3290145,9.724431,0.27435464,-0.12530364,0.04176788,40.143753,-33.43125,25.650002,46.950733,0.3361091,49.741684,0.043612655,0.20885256,0.93521285,0.2825867,0.09182201,-0.19258809,-0.9152657,0.3417123,-1.0,0
1763545366701,1009.8486,1.7784654,3.1573296,8.514261,0.14729477,-0.28290674,-0.06895136,40.631252,-33.131252,26.6625,46.950733,0.3361091,49.741684,0.046797175,0.2091392,0.9346769,0.28363732,0.08933229,-0.1948048,-0.9157021,0.3399419,-1.0,0
1763545366727,1009.8486,1.2987045,3.2189445,8.0201435,-0.26534438,-0.01687514,-0.43577567,40.162502,-32.79375,24.056252,46.950733,0.3361091,49.741684,0.048632193,0.20766763,0.93397266,0.28671324,0.08683262,-0.19481024,-0.9172595,0.3363689,-1.0,0
1763545366752,1009.82294,0.58504516,3.2380872,8.118847,-0.2928333,0.23938264,-0.45257443,39.5625,-31.987501,25.781252,46.950733,0.3361091,49.741684,0.043911565,0.20330173,0.9327737,0.2944035,0.08776202,-0.18856736,-0.9212874,0.32858735,-1.0,0
1763545366777,1009.7758,-0.6113662,3.3900316,7.2957163,0.1004109,0.24197881,-0.28122687,40.18125,-33.1875,27.018751,46.950733,0.3361091,49.741684,0.03958429,0.20319447,0.9320649,0.29732218,0.09110545,-0.18588896,-0.9225567,0.32562906,-1.0,0
1763545366802,1009.7758,-0.7405786,3.417549,6.562316,0.28916812,-0.022067491,-0.19417864,40.65,-33.112503,25.575,46.950733,0.3361091,49.741684,0.03711861,0.20492752,0.9311386,0.2993453,0.09411128,-0.18578525,-0.9230504,0.32342672,-1.0,0
1763545366828,1009.7341,-0.8673982,3.5700915,5.870192,0.3363574,-0.23968807,-0.13981168,39.15,-33.28125,26.04375,46.950733,0.3361091,49.741684,0.04051376,0.21021247,0.92874426,0.30266005,0.09464114,-0.19202529,-0.9230653,0.3195619,-1.0,0
1763545366854,1009.7341,-0.657428,3.65384,5.5016975,0.19158247,-0.27603453,-0.11384992,39.84375,-34.725002,28.218752,46.950733,0.3361091,49.741684,0.043291725,0.21142799,0.9278513,0.30416468,0.093203135,-0.19465132,-0.9231926,0.3180242,-1.0,0
1763545366879,1009.70844,-0.23688944,4.040281,7.1222367,-0.25816673,-0.07154754,-0.16821688,40.800003,-35.11875,27.525002,46.950733,0.3361091,49.741684,0.044593114,0.21064062,0.9274647,0.30569825,0.09171883,-0.19479644,-0.9237646,0.31670332,-1.0,0
1763545366905,1009.72235,-0.45583272,4.049254,8.687741,-0.23464844,0.03459022,-0.11369721,41.456253,-34.162502,26.625002,46.950733,0.3361091,49.741684,0.043023046,0.20649128,0.92755353,0.30847168,0.09046546,-0.19054034,-0.92550737,0.31455764,-1.0,0
1763545366930,1009.72235,-0.55334026,4.082155,9.64128,0.011377357,0.10499238,0.0035888306,40.912502,-33.3375,24.7875,46.950733,0.3361091,49.741684,0.042103022,0.20686106,0.9275934,0.30823123,0.09140233,-0.19028866,-0.9254263,0.31467754,-1.0,0
1763545366955,1009.74457,-0.1591227,4.658826,9.232706,0.4011091,0.07383828,0.2606102,42.412502,-33.80625,25.425001,46.950733,0.3361091,49.741684,0.04227406,0.20960994,0.9275091,0.3066001,0.09290803,-0.19259153,-0.9244041,0.31583804,-1.0,0
1763545366981,1009.7729,0.49292147,4.974678,9.149555,0.36781695,0.04619665,0.2532798,41.11875,-32.9625,26.1375,46.950733,0.3361091,49.741684,0.043393243,0.21334936,0.92748356,0.3039304,0.09425386,-0.1962578,-0.9228048,0.31785282,-1.0,0
1763545367006,1009.7729,0.89491564,5.231907,9.332008,0.21616977,0.08880447,0.102396205,39.99375,-34.818752,27.45,46.950733,0.3361091,49.741684,0.045221206,0.21894306,0.9273532,0.30005795,0.09607519,-0.20186774,-0.920521,0.320406,-1.0,0
1763545367032,1009.809,-0.17527425,4.8341,10.416555,-0.19616395,0.5617665,-0.22563818,40.6875,-33.61875,26.831251,46.950733,0.3361091,49.741684,0.04304391,0.21956469,0.92717075,0.30048782,0.0981056,-0.20108882,-0.9207634,0.31958312,-1.0,0
1763545367057,1009.809,-1.5565311,4.8699923,10.671391,-0.20532693,0.7804561,-0.12652537,41.287502,-32.8125,26.56875,46.950733,0.3361091,49.741684,0.037170485,0.21945393,0.9271734,0.30134368,0.10266136,-0.19749,-0.92138183,0.31861234,-1.0,0
1763545367083,1009.8337,-1.7910278,4.867001,10.289138,-0.18990259,0.45990482,0.042073313,42.018753,-32.9625,24.337502,46.950733,0.3361091,49.741684,0.02442825,0.21959728,0.9281109,0.2996507,0.112938076,-0.18990706,-0.92106754,0.32064766,-1.0,0
1763545367107,1009.8388,-0.7363912,4.505685,12.116655,-0.21326816,-0.12545635,0.1485165,41.568752,-33.65625,25.81875,46.950733,0.3361091,49.741684,0.025576796,0.21652523,0.9290071,0.2990128,0.11018818,-0.18813795,-0.92136544,0.3217894,-1.0,0
1763545367132,1009.8388,-0.90029955,3.6753755,11.611172,0.08849903,0.3116174,0.12179117,41.15625,-32.7,26.737501,46.950733,0.3361091,49.741684,0.026379853,0.21405676,0.92987996,0.29800484,0.1080164,-0.18667795,-0.92152745,0.32291025,-1.0,0
1763545367157,1009.8735,-1.7784654,4.057629,9.669994,0.24167338,0.13752094,0.13187043,41.643753,-33.28125,26.250002,46.950733,0.3361091,49.741684,0.023570428,0.21773987,0.93012244,0.29479834,0.11238107,-0.1879806,-0.91995597,0.32513812,-1.0,0
1763545367182,1009.84564,-1.8448663,4.206582,8.160722,0.027259842,-0.3852266,0.1277471,40.29375,-32.662502,26.6625,46.950733,0.3361091,49.741684,0.027121384,0.21701807,0.9302862,0.29450846,0.10916694,-0.18951249,-0.9198178,0.32573423,-1.0,0
1763545367208,1009.84564,-1.2077773,3.1896327,8.994022,-0.6923389,-0.2154062,-0.017027855,39.206253,-33.018753,25.406252,46.950733,0.3361091,49.741684,0.030577727,0.21214566,0.9310947,0.2951636,0.10352083,-0.18768117,-0.92077357,0.32593757,-1.0,0
1763545367234,1009.83514,-1.463211,2.7816563,9.702297,-0.73387766,0.008323032,-0.04130973,41.0625,-32.5875,25.2,46.950733,0.3361091,49.741684,0.027825197,0.19844608,0.9337312,0.29663223,0.09742814,-0.17510813,-0.9238152,0.32620615,-1.0,0
1763545367259,1009.83295,-1.7006987,2.5704896,10.062417,-0.5138136,0.04405862,0.052458014,40.2,-31.050001,25.35,46.950733,0.3361091,49.741684,0.02572248,0.19366378,0.93490326,0.29629162,0.09620549,-0.17003472,-0.9245783,0.32708958,-1.0,0
1763545367284,1009.83295,-1.3842479,3.00718,8.556135,0.053679742,-0.09369139,0.31009024,40.3125,-31.1625,25.500002,46.950733,0.3361091,49.741684,0.025160447,0.19178835,0.93580747,0.29470077,0.095512,-0.16820605,-0.9243636,0.32884052,-1.0,0
1763545367309,1009.8127,-0.8703892,3.2871401,7.643872,0.13767365,-0.113544494,0.37316203,40.66875,-33.112503,24.487501,46.950733,0.3361091,49.741684,0.028467491,0.19271909,0.93731916,0.28893265,0.09449854,-0.16904652,-0.9234096,0.33137304,-1.0,0
1763545367334,1009.8127,-0.5694918,3.4594233,7.0857463,0.1220966,-0.03657553,0.37453645,39.768753,-31.087502,24.31875,46.950733,0.3361091,49.741684,0.029822718,0.19373214,0.9380979,0.28557107,0.09298372,-0.17255598,-0.92064863,0.3376159,-1.0,0
1763545367360,1009.7753,-0.17766708,3.8434713,7.0289164,0.0994946,0.02649626,0.29069528,39.225002,-31.518751,25.331251,46.950733,0.3361091,49.741684,0.030453438,0.19473317,0.9388767,0.28224507,0.09309452,-0.17372915,-0.91924417,0.34079573,-1.0,0
1763545367385,1009.7531,-0.48275197,4.1294136,7.374081,0.130496,-0.06055197,0.20059273,38.25,-32.11875,24.225,46.950733,0.3361091,49.741684,0.031133743,0.19579497,0.93945533,0.27949816,0.09319608,-0.17498416,-0.9180414,0.3433585,-1.0,0
1763545367411,1009.7531,-1.3884354,4.136592,8.343174,0.19723296,-0.17066035,0.19723296,38.100002,-32.025,25.781252,46.950733,0.3361091,49.741684,0.034808565,0.19846088,0.9397353,0.27622223,0.09193934,-0.17929174,-0.9161589,0.34648877,-1.0,0
1763545367436,1009.76044,-0.51445687,3.4971104,9.479765,0.6430115,0.08895718,0.41683885,38.71875,-31.725,27.393751,46.950733,0.3361091,49.741684,0.037085917,0.2015954,0.9398071,0.2733979,0.09204228,-0.183151,-0.9144577,0.34892854,-1.0,0
1763545367462,1009.7807,0.14177474,4.0791645,8.829515,0.81496996,0.16546799,0.36567894,36.525,-32.325,28.743752,46.950733,0.3361091,49.741684,0.03865996,0.20735714,0.9396925,0.26923278,0.094233386,-0.18871047,-0.9119086,0.3520385,-1.0,0
1763545367487,1009.7807,0.26081768,4.633103,8.106883,0.7445678,-0.015806125,0.15630503,38.625,-32.34375,25.593752,46.950733,0.3361091,49.741684,0.042637218,0.22166222,0.93787235,0.26352102,0.09961372,-0.20255663,-0.9071442,0.35515815,-1.0,0
1763545367512,1009.7834,-0.13100705,4.7575297,8.058429,0.4295143,-0.22090398,-0.042073313,40.93125,-31.725,26.250002,46.950733,0.3361091,49.741684,0.04575035,0.22516048,0.9367101,0.26416576,0.09924306,-0.20722248,-0.90659857,0.35396135,-1.0,0
1763545367537,1009.80927,-0.55812585,4.549952,9.671789,-0.2587776,0.19219333,-0.19509494,38.756252,-32.9625,27.468752,46.950733,0.3361091,49.741684,0.04678821,0.22506869,0.9361978,0.2658725,0.098358706,-0.20777544,-0.90722054,0.35228655,-1.0,0
1763545367562,1009.80927,-0.90388876,5.163113,10.269995,-0.3617083,0.21403174,-0.22136213,38.268753,-31.7625,26.681252,46.950733,0.3361091,49.741684,0.04049696,0.22068858,0.93662494,0.2690544,0.10072301,-0.20049524,-0.9095046,0.34993988,-1.0,0
1763545367587,1009.83,-0.65922266,5.5190454,10.748559,-0.44218975,-0.16592614,-0.2202931,39.075,-32.175003,26.775002,46.950733,0.3361091,49.741684,0.040328987,0.21645433,0.936892,0.27157837,0.098323934,-0.19700582,-0.9112048,0.3481766,-1.0,0
1763545367612,1009.83,0.36550367,4.8825545,12.679567,-0.66988957,-0.17142393,-0.4304306,37.21875,-31.875002,27.093752,46.950733,0.3361091,49.741684,0.042032305,0.21019664,0.93713015,0.27538657,0.09316398,-0.19305395,-0.91374147,0.34514806,-1.0,0
1763545367638,1009.8808,-0.37686956,3.9631126,13.364512,-0.46708247,0.30703592,-0.45257443,37.66875,-32.568752,27.243752,46.950733,0.3361091,49.741684,0.036206458,0.20009401,0.93715256,0.2835428,0.09156316,-0.18156189,-0.9189733,0.33784539,-1.0,0
1763545367664,1009.9206,-1.2215359,3.1250265,12.641282,-0.030619597,0.38018698,-0.24824017,40.4625,-31.275002,24.562502,46.950733,0.3361091,49.741684,0.031976458,0.20046741,0.9367436,0.28513396,0.095089376,-0.17935355,-0.9197474,0.33593908,-1.0,0
1763545367689,1009.9206,1.0767702,3.1974092,9.989436,0.36980227,-0.45532334,0.19204062,39.375,-31.406252,26.85,46.950733,0.3361091,49.741684,0.033605464,0.2026207,0.9364165,0.28449896,0.09502863,-0.1820825,-0.9192061,0.33596975,-1.0,0
1763545367714,1009.91595,2.7385855,3.1866415,8.959925,0.21372631,-0.27801985,-0.008323032,38.4,-31.237501,25.237501,46.950733,0.3361091,49.741684,0.039261725,0.2042914,0.93613476,0.28350568,0.09141114,-0.18687017,-0.9185702,0.33608374,-1.0,0
1763545367740,1009.9001,2.6488547,3.4163525,8.135597,-0.035964664,0.12163845,-0.30398157,38.5875,-32.5875,24.525002,46.950733,0.3361091,49.741684,0.0418671,0.20490229,0.9350459,0.28627178,0.0893418,-0.18909216,-0.91998553,0.33149487,-1.0,0
1763545367765,1009.9001,1.5367904,3.5874393,7.820941,-0.18501566,0.3888918,-0.47548187,38.9625,-32.0625,26.306252,46.950733,0.3361091,49.741684,0.037431784,0.20436342,0.93428147,0.2897455,0.09245329,-0.18605898,-0.9216596,0.32768595,-1.0,0
1763545367790,1009.86053,0.19082761,3.394817,7.1246295,0.047265664,0.18898629,-0.43608108,38.025,-31.5375,26.38125,46.950733,0.3361091,49.741684,0.033100415,0.20431085,0.93330544,0.2934326,0.09583287,-0.18345194,-0.92318743,0.3238617,-1.0,0
1763545367817,1009.86053,-0.06819545,3.463611,6.393024,0.19723296,-0.05535962,-0.38721192,39.73125,-31.10625,26.79375,46.950733,0.3361091,49.741684,0.03131267,0.20720178,0.9305002,0.3004272,0.098934874,-0.18472935,-0.92523354,0.31627494,-1.0,0
1763545367842,1009.8105,-0.4779663,3.696911,5.892924,0.118584126,-0.28397575,-0.35285076,39.75,-33.3375,24.750002,46.950733,0.3361091,49.741684,0.033524808,0.20872201,0.92887056,0.30415568,0.09808417,-0.18726529,-0.92614067,0.31236953,-1.0,0
1763545367868,1009.76434,-0.20518455,3.583252,6.317052,-0.03978257,-0.23067781,-0.35056004,40.18125,-33.1875,27.018751,46.950733,0.3361091,49.741684,0.035762936,0.20930746,0.9274434,0.30783185,0.09666806,-0.18906051,-0.92715484,0.3086994,-1.0,0
1763545367893,1009.76434,-0.25543383,3.609573,7.304091,-0.16241367,-0.1589012,-0.34689483,40.4625,-34.0125,25.95,46.950733,0.3361091,49.741684,0.037428416,0.20682096,0.9255681,0.3148779,0.09384022,-0.1880686,-0.92987967,0.30190736,-1.0,0
1763545367918,1009.7636,-0.6861419,3.6717863,8.955139,0.09338595,0.3181842,-0.19585852,41.04375,-31.837502,26.081251,46.950733,0.3361091,49.741684,0.03638937,0.20589909,0.9249157,0.31750977,0.09410017,-0.18671845,-0.9309654,0.29930705,-1.0,0
1763545367943,1009.7775,-0.9290134,4.186243,8.385647,0.30810493,0.4825068,-0.07857248,40.6875,-33.61875,26.531252,46.950733,0.3361091,49.741684,0.033429876,0.2076989,0.92425007,0.31859943,0.0975236,-0.18640153,-0.9311239,0.2979126,-1.0,0
1763545367969,1009.7775,-1.1216356,4.791029,7.81795,0.3617083,0.31665704,0.01687514,40.162502,-34.162502,24.45,46.950733,0.3361091,49.741684,0.028214699,0.21643236,0.9228619,0.31731203,0.106962435,-0.19025792,-0.9291882,0.29827878,-1.0,0
1763545367993,1009.7736,-1.2442678,5.2570314,7.745567,0.25389066,0.0796415,0.09598213,41.1375,-34.331253,26.5125,46.950733,0.3361091,49.741684,0.02848677,0.21927664,0.92256415,0.31619936,0.10850748,-0.19266513,-0.9281898,0.2992824,-1.0,0
1763545368018,1009.779,-0.34456646,5.5136614,9.37807,-0.008323032,0.06788235,0.08605558,41.98125,-33.975002,23.94375,46.950733,0.3361091,49.741684,0.02903596,0.22045766,0.92272127,0.31486624,0.10883968,-0.19390357,-0.92741716,0.30075365,-1.0,0
1763545368044,1009.779,0.23688944,5.0943193,10.032507,-0.022372922,0.2609156,-0.055817768,40.93125,-33.09375,26.625002,46.950733,0.3361091,49.741684,0.026557205,0.22143792,0.92293507,0.31376866,0.109292254,-0.19401407,-0.9270168,0.30175093,-1.0,0
1763545368070,1009.8129,-0.4989035,5.056034,10.013365,-0.0712421,0.38033968,-0.15080725,42.1875,-33.581253,25.125002,46.950733,0.3361091,49.741684,0.022856878,0.22198111,0.92273676,0.31425893,0.11461022,-0.1914747,-0.9272064,0.3008159,-1.0,0
1763545368095,1009.8129,-2.0195422,5.758926,10.42493,-0.31971136,0.0184023,0.11980586,41.643753,-33.2625,25.781252,46.950733,0.3361091,49.741684,0.019107534,0.22151336,0.923026,0.3139899,0.11736682,-0.18883406,-0.927223,0.3013705,-1.0,0
1763545368120,1009.8393,-0.9726824,5.3180485,11.682359,-0.4311942,-0.5606975,0.15737404,40.350002,-34.631252,24.91875,46.950733,0.3361091,49.741684,0.0180881,0.21898073,0.9240023,0.31295353,0.11673629,-0.18615146,-0.92727035,0.30313364,-1.0,0
1763545368145,1009.8796,-0.10827523,4.338187,13.487743,-0.37423104,-0.6059015,0.09231694,40.256252,-33.65625,25.181252,46.950733,0.3361091,49.741684,0.026726805,0.20798641,0.926221,0.3132768,0.10315208,-0.18257135,-0.9293736,0.30379596,-1.0,0
1763545368170,1009.8796,-1.3884354,2.856432,11.474183,0.48540843,0.4229475,-0.006185006,40.143753,-32.79375,25.462502,46.950733,0.3361091,49.741684,0.026373882,0.20809694,0.9262368,0.3131857,0.103341214,-0.18253909,-0.9295976,0.303065,-1.0,0
1763545368195,1009.914,-2.3551357,3.7944186,9.116056,0.4869356,-0.0022143847,0.09842559,42.24375,-33.206253,25.725,46.950733,0.3361091,49.741684,0.023883995,0.21311554,0.9254513,0.31233206,0.10823003,-0.1851349,-0.9286349,0.30273524,-1.0,0
1763545368220,1009.8791,-1.8448663,3.7334015,7.8604226,0.1390481,-0.41302094,0.062384564,40.537502,-34.3875,25.81875,46.950733,0.3361091,49.741684,0.029149378,0.21746647,0.92447364,0.31178087,0.1066928,-0.19172375,-0.92738956,0.3029971,-1.0,0
1763545368245,1009.8791,-1.4751751,2.9880373,7.8287177,-0.2871828,-0.2503782,-0.066813335,42.9375,-32.756252,24.843752,46.950733,0.3361091,49.741684,0.030163668,0.21414806,0.92479074,0.313038,0.10391365,-0.1896607,-0.9283664,0.30226904,-1.0,0
1763545368270,1009.85614,-2.379662,2.3300111,8.662616,-0.53473574,0.3843103,0.04940369,40.068752,-33.80625,25.987501,46.950733,0.3361091,49.741684,0.026440801,0.20962934,0.9257447,0.31361288,0.10419827,-0.18381047,-0.9294685,0.30239823,-1.0,0
1763545368296,1009.85614,-2.400001,2.4412773,8.557332,-0.3097848,0.28489205,0.24778202,39.9,-32.456253,25.7625,46.950733,0.3361091,49.741684,0.021035865,0.2058059,0.9270704,0.31263667,0.106260285,-0.17750303,-0.92991704,0.3040653,-1.0,0
1763545368321,1009.8278,-2.047658,2.6542385,7.972885,-0.04329504,0.039935283,0.4380664,40.03125,-31.181252,24.750002,46.950733,0.3361091,49.741684,0.017573154,0.20325245,0.9298803,0.30610836,0.10755157,-0.17335811,-0.9281842,0.3112132,-1.0,0
1763545368346,1009.78973,-1.1216356,3.3690944,6.5898337,0.14928009,-0.07948878,0.70241815,39.46875,-32.49375,25.2,46.950733,0.3361091,49.741684,0.01986786,0.20383924,0.93135655,0.3010479,0.10609225,-0.17518449,-0.9262882,0.31629896,-1.0,0
1763545368371,1009.78973,-0.6855437,3.5246277,6.416952,0.14179699,0.016722424,0.7483857,40.237503,-32.4,24.337502,46.950733,0.3361091,49.741684,0.02399411,0.20627229,0.93483007,0.28804338,0.10431037,-0.17956422,-0.9211635,0.3291411,-1.0,0
1763545368396,1009.7631,-0.22013968,3.5850465,6.485746,0.15279256,-0.020387612,0.73662657,39.1875,-32.5125,24.468752,46.950733,0.3361091,49.741684,0.02614693,0.2075652,0.9365197,0.28136155,0.1033674,-0.18188497,-0.91850245,0.33553877,-1.0,0
1763545368421,1009.74774,0.6945168,4.28734,7.6743803,0.05688678,-0.3815614,0.32429284,37.7625,-31.5375,24.862501,46.950733,0.3361091,49.741684,0.029951608,0.20798641,0.93780994,0.27632758,0.10056241,-0.18450652,-0.9165403,0.3402916,-1.0,0
1763545368447,1009.74774,0.67058855,4.1982074,8.5346,-0.005726857,-0.31329727,0.035506517,38.9625,-32.79375,25.425001,46.950733,0.3361091,49.741684,0.03451608,0.2075188,0.938422,0.27405965,0.096600294,-0.18687908,-0.91572094,0.34234452,-1.0,0
1763545368473,1009.7714,0.14117654,4.1491547,9.446864,-0.015347977,0.023594651,-0.122707464,38.30625,-32.49375,25.0125,46.950733,0.3361091,49.741684,0.03738734,0.20659001,0.93814665,0.2753252,0.09365552,-0.18789859,-0.9164193,0.34073207,-1.0,0
1763545368498,1009.7714,-0.17587246,3.9008992,9.8015995,0.13034327,0.35621053,-0.19708025,38.006252,-33.037502,27.075,46.950733,0.3361091,49.741684,0.03418815,0.20865966,0.9375126,0.27633736,0.0974098,-0.18766731,-0.91660285,0.33931038,-1.0,0
1763545368523,1009.8095,-0.9320044,3.99063,8.804989,0.2787834,0.038713556,-0.25373796,38.49375,-34.331253,25.725,46.950733,0.3361091,49.741684,0.031431563,0.21224673,0.93637264,0.27779377,0.101732545,-0.18891034,-0.9166176,0.33730644,-1.0,0
1763545368548,1009.8227,-0.79740816,4.148556,8.817552,0.07735075,-0.09109521,-0.28825182,39.84375,-32.831253,25.181252,46.950733,0.3361091,49.741684,0.031223878,0.21493535,0.93512446,0.2799462,0.10350296,-0.19094314,-0.91691107,0.33481622,-1.0,0
1763545368574,1009.8227,-1.0408778,4.639085,9.152547,-0.21021384,0.07582359,-0.31039566,38.8125,-33.5625,25.800001,46.950733,0.3361091,49.741684,0.02966008,0.21398462,0.93373173,0.2854396,0.10419688,-0.18924099,-0.919064,0.32962444,-1.0,0
1763545368599,1009.8554,-1.5302101,5.369494,9.911072,-0.44616038,0.19738568,-0.26290092,38.381252,-34.21875,25.10625,46.950733,0.3361091,49.741684,0.026004845,0.21080194,0.93392026,0.28754026,0.10527108,-0.18447684,-0.92038584,0.32829282,-1.0,0
1763545368625,1009.893,-0.6305088,6.0634127,12.282957,-0.50465065,-0.31589344,-0.16623157,39.300003,-33.15,27.4125,46.950733,0.3361091,49.741684,0.02508185,0.20113342,0.9348565,0.2914783,0.10030656,-0.17613162,-0.92334414,0.32611626,-1.0,0
1763545368650,1009.893,0.07597212,5.7224355,13.302897,-0.39026624,-0.4001928,-0.23648103,38.643753,-32.831253,26.550001,46.950733,0.3361091,49.741684,0.02508185,0.20113342,0.9348565,0.2914783,0.10030656,-0.17613162,-0.92334414,0.32611626,-1.0,0
1763545368675,1009.9504,-0.6119644,3.6083765,12.368501,0.22273657,0.38385215,-0.31451902,38.381252,-34.21875,25.10625,46.950733,0.3361091,49.741684,0.02672794,0.195267,0.9342227,0.29729465,0.09536173,-0.1724811,-0.92653143,0.3204621,-1.0,0
1763545368700,1009.97284,-1.1527423,3.1998022,10.575678,0.4389827,0.20456335,-0.15859577,39.225002,-33.0,24.337502,46.950733,0.3361091,49.741684,0.023360547,0.1980893,0.93306035,0.29935515,0.0996615,-0.17277926,-0.92699194,0.31764898,-1.0,0
1763545368728,1009.97284,-0.48454657,2.7702904,9.333204,0.4134791,-0.2769508,-0.0026725335,40.4625,-32.756252,24.0375,46.950733,0.3361091,49.741684,0.025944538,0.2050266,0.93101084,0.30084828,0.10163858,-0.17994063,-0.92641175,0.31472558,-1.0,0
1763545368753,1009.9477,1.7282162,2.4179473,8.548957,0.01687514,-0.21693335,-0.15202898,39.581253,-33.975002,26.362501,46.950733,0.3361091,49.741684,0.030514138,0.20561987,0.93055606,0.30142143,0.09821573,-0.18320563,-0.9265811,0.31342766,-1.0,0
1763545368778,1009.92694,1.451247,2.5513473,8.532805,-0.14836378,0.10270164,-0.33941174,40.2,-32.41875,26.19375,46.950733,0.3361091,49.741684,0.031034611,0.20338923,0.92955273,0.3059436,0.09615196,-0.18189315,-0.9290089,0.30759087,-1.0,0
1763545368804,1009.92694,0.5593223,2.635694,8.285149,-0.18852814,0.3333031,-0.41332638,40.068752,-33.80625,25.66875,46.950733,0.3361091,49.741684,0.026945045,0.20248072,0.9288655,0.30900544,0.09878462,-0.17879058,-0.9304709,0.30413732,-1.0,0
1763545368829,1009.90326,-0.7746763,3.1603205,7.3459654,-0.013362667,0.2551124,-0.22182028,40.65,-33.112503,25.575,46.950733,0.3361091,49.741684,0.02279608,0.20225173,0.9281745,0.31155515,0.10193356,-0.17616744,-0.9315176,0.30141264,-1.0,0
1763545368855,1009.90326,-0.6969096,3.2919257,6.689734,0.12163845,0.14683662,-0.107435845,41.30625,-32.0625,26.062502,46.950733,0.3361091,49.741684,0.020029848,0.2029362,0.9275861,0.3130495,0.10455113,-0.17508098,-0.9319561,0.2997892,-1.0,0
1763545368880,1009.8542,-0.51206404,3.5162528,6.056234,0.18303037,0.040698867,-0.06146827,41.362503,-32.550003,25.1625,46.950733,0.3361091,49.741684,0.01888606,0.20456222,0.9270352,0.31369308,0.10643699,-0.17570871,-0.93189687,0.29894125,-1.0,0
1763545368906,1009.81244,-0.18424734,3.9774694,5.8097734,0.08834632,-0.028481571,-0.11323906,41.662502,-33.2625,24.712502,46.950733,0.3361091,49.741684,0.019633282,0.20812866,0.9259101,0.31462264,0.10797581,-0.17900904,-0.931513,0.29762486,-1.0,0
1763545368931,1009.81244,-0.48753762,4.3154554,5.982655,-0.013668099,-0.010002911,-0.15554145,39.9,-33.956253,25.85625,46.950733,0.3361091,49.741684,0.020134104,0.20911594,0.92534006,0.3156119,0.10816885,-0.18009543,-0.9316287,0.29653507,-1.0,0
1763545368956,1009.7819,-1.0474582,4.5098724,6.2751775,-0.18196134,0.016722424,-0.116904244,41.737503,-33.73125,23.175001,46.950733,0.3361091,49.741684,0.019192386,0.20817618,0.92476684,0.31796318,0.10845414,-0.17872705,-0.9324227,0.29475805,-1.0,0
1763545368981,1009.7707,-1.4566308,4.5475593,7.4327054,-0.31115925,0.03291034,0.036728244,40.125,-34.18125,26.625002,46.950733,0.3361091,49.741684,0.017979195,0.20586637,0.9254294,0.31761032,0.10811897,-0.17610933,-0.9326372,0.29577637,-1.0,0
1763545369006,1009.7707,-0.8739785,4.6432724,10.23829,0.05627592,0.0077121677,0.29069528,41.68125,-33.018753,26.550001,46.950733,0.3361091,49.741684,0.01731566,0.20411378,0.9264702,0.31573853,0.10764171,-0.17428575,-0.9323026,0.29807657,-1.0,0
1763545369031,1009.80536,-1.1694921,5.1553364,10.283753,0.29206973,-0.042989608,0.33925903,40.78125,-34.706253,24.4125,46.950733,0.3361091,49.741684,0.018044468,0.20463893,0.9272375,0.31309423,0.107359536,-0.17514747,-0.9313605,0.30060765,-1.0,0
1763545369056,1009.80536,-1.1174482,5.285147,10.062417,0.32261297,-0.074143715,0.38644832,40.912502,-34.0875,25.143751,46.950733,0.3361091,49.741684,0.022423893,0.20997404,0.9280935,0.30667672,0.10705372,-0.1820204,-0.92816675,0.30645484,-1.0,0
1763545369082,1009.8405,-0.5820541,5.2163534,10.037891,0.18761185,0.07383828,0.37056586,40.0875,-32.30625,25.593752,46.950733,0.3361091,49.741684,0.023176812,0.21193242,0.92879575,0.30312636,0.10761494,-0.18404226,-0.92661715,0.3097226,-1.0,0
1763545369108,1009.87396,-0.5946164,5.3240304,10.931012,-0.18669555,0.42813987,0.23373213,40.143753,-33.43125,25.650002,46.950733,0.3361091,49.741684,0.017775984,0.2121326,0.9308594,0.29695845,0.112025216,-0.18101545,-0.9246834,0.31566495,-1.0,0
1763545369133,1009.87396,-0.8177471,5.665606,11.249856,-0.28137958,0.35834855,0.19891284,40.800003,-33.225002,24.337502,46.950733,0.3361091,49.741684,0.014287658,0.21071284,0.9320413,0.29443952,0.11397541,-0.17780231,-0.9241459,0.31835577,-1.0,0
1763545369158,1009.9091,-0.41994038,4.478766,12.803994,-0.5913935,-0.43913543,-0.09598213,40.10625,-32.30625,24.806252,46.950733,0.3361091,49.741684,0.01524492,0.20622416,0.93304557,0.29438916,0.11050962,-0.1747811,-0.9249668,0.3188661,-1.0,0
1763545369184,1009.9533,-1.3734802,3.176472,13.515859,-0.42905614,0.05978839,-0.06253728,42.15,-33.075,23.868752,46.950733,0.3361091,49.741684,0.017513154,0.1994953,0.9339029,0.29617596,0.10461787,-0.17076357,-0.92683774,0.31759512,-1.0,0
1763545369209,1009.9533,-2.152344,2.0291135,12.091531,-0.046807513,0.47044224,0.12927426,38.7,-34.18125,24.45,46.950733,0.3361091,49.741684,0.011005917,0.19569328,0.935238,0.2948099,0.10744468,-0.16392875,-0.9273732,0.31868798,-1.0,0
1763545369234,1009.96356,-2.184049,3.1453655,9.099904,0.17310381,-0.38171414,0.57612187,39.09375,-32.15625,25.368752,46.950733,0.3361091,49.741684,0.010174374,0.19753031,0.93612283,0.29077873,0.10920888,-0.16490951,-0.9256818,0.32247704,-1.0,0
1763545369259,1009.9118,-0.77647096,2.882155,8.550752,0.05184715,-0.405996,0.48479757,38.643753,-33.05625,23.925001,46.950733,0.3361091,49.741684,0.014775838,0.19792256,0.93733585,0.2863735,0.10578164,-0.16793424,-0.92396086,0.32696277,-1.0,0
1763545369284,1009.9118,-0.46301118,2.705086,8.001,-0.07857248,-0.0009926553,0.31665704,37.59375,-32.943752,26.6625,46.950733,0.3361091,49.741684,0.019805642,0.1961558,0.93955886,0.27992812,0.100631006,-0.16953687,-0.9220264,0.3331635,-1.0,0
1763545369309,1009.87616,-1.0193424,2.7667012,7.3525457,-0.17783801,0.26778784,0.25007278,38.34375,-31.500002,25.575,46.950733,0.3361091,49.741684,0.017284976,0.19516335,0.94062275,0.2772025,0.10205938,-0.16724652,-0.9212812,0.33593667,-1.0,0
1763545369335,1009.87616,-1.0767702,2.9252257,7.094719,-0.15340342,-0.027107125,0.40187266,39.300003,-31.25625,24.225,46.950733,0.3361091,49.741684,0.015328901,0.1937372,0.9418607,0.2740975,0.10280148,-0.16492708,-0.9203986,0.33925998,-1.0,0
1763545369360,1009.8195,-0.40857446,3.0299118,7.223932,-0.06849321,-0.26137376,0.42905614,39.675003,-31.593752,23.268751,46.950733,0.3361091,49.741684,0.018771855,0.19092034,0.94437504,0.2671196,0.09837155,-0.1646997,-0.9182466,0.3464393,-1.0,0
1763545369385,1009.7858,0.06699903,3.2338998,7.4997044,0.019013166,-0.26213735,0.39897105,38.7,-30.45,25.312502,46.950733,0.3361091,49.741684,0.022063268,0.19036478,0.94531244,0.26392895,0.09537284,-0.16622145,-0.9171496,0.34944388,-1.0,0
1763545369410,1009.7858,0.5802595,3.4456646,7.13121,0.13416117,0.097814724,0.14454588,38.11875,-31.25625,24.187502,46.950733,0.3361091,49.741684,0.023720358,0.19108158,0.94588554,0.2612008,0.09442706,-0.16780452,-0.9160708,0.35176623,-1.0,0
1763545369435,1009.7795,0.11724831,3.525824,6.722037,0.032604907,0.08620829,-0.008475749,38.287502,-31.10625,24.31875,46.950733,0.3361091,49.741684,0.02370739,0.19255576,0.9460267,0.25960386,0.09527469,-0.16900437,-0.91531605,0.35292608,-1.0,0
1763545369460,1009.7658,-0.57906306,3.4857445,7.1024957,-0.09766201,0.021456625,-0.051541716,40.18125,-31.275002,23.212502,46.950733,0.3361091,49.741684,0.02270889,0.19252054,0.94597775,0.2598969,0.09605558,-0.16838402,-0.91545403,0.35265282,-1.0,0
1763545369486,1009.7658,-0.93320084,3.2745779,8.838489,-0.010002911,-0.011377357,0.12805253,37.143753,-31.725,24.018751,46.950733,0.3361091,49.741684,0.022505939,0.19145049,0.94621,0.259859,0.09559752,-0.16739455,-0.9155889,0.35289815,-1.0,0
1763545369511,1009.77606,-0.47377887,3.3864422,9.209974,0.15783219,-0.09582941,0.18196134,37.706253,-31.800001,25.35,46.950733,0.3361091,49.741684,0.022696722,0.19127624,0.94654757,0.25873923,0.09533742,-0.16736941,-0.9152019,0.35398263,-1.0,0
1763545369536,1009.7929,-0.18185452,3.522235,9.183055,0.24197881,-0.2212094,0.13553563,36.43125,-30.187502,24.468752,46.950733,0.3361091,49.741684,0.027182337,0.1939085,0.9465482,0.25633386,0.09325022,-0.17217371,-0.91385996,0.3556973,-1.0,0
1763545369562,1009.7929,-0.2961118,4.127021,9.59163,-0.08575014,-0.25083634,0.098272875,38.4,-31.237501,25.237501,46.950733,0.3361091,49.741684,0.030573908,0.1944972,0.94640833,0.2560223,0.090845354,-0.1746741,-0.91361374,0.35573304,-1.0,0
1763545369587,1009.82587,0.05802595,4.482355,10.220344,-0.33849543,0.05108357,0.1107956,37.03125,-30.862501,23.98125,46.950733,0.3361091,49.741684,0.032859817,0.19308275,0.9467312,0.2556153,0.0881575,-0.17489707,-0.91364974,0.35620704,-1.0,0
1763545369612,1009.82587,0.18604197,4.974678,10.953146,-0.4739547,0.30184355,0.07032581,35.98125,-32.475002,24.16875,46.950733,0.3361091,49.741684,0.028258659,0.186581,0.9487532,0.25348863,0.08796844,-0.1669508,-0.9140855,0.3589382,-1.0,0
1763545369637,1009.8737,0.26739794,5.556134,11.709876,-0.48281226,0.13691007,-0.052763447,37.443752,-30.31875,23.90625,46.950733,0.3361091,49.741684,0.025969911,0.18267207,0.9494966,0.25379598,0.087483786,-0.16245033,-0.9148829,0.35909012,-1.0,0
1763545369662,1009.9196,-0.020338992,4.948357,13.546368,-0.43883,-0.42416924,-0.41592255,37.18125,-30.73125,25.35,46.950733,0.3361091,49.741684,0.02741771,0.17782205,0.9495227,0.2569714,0.08343282,-0.15940945,-0.9168053,0.35650474,-1.0,0
1763545369687,1009.9196,-0.72323066,3.9373896,14.339588,-0.15477787,-0.040393434,-0.37041312,37.125,-31.10625,24.6,46.950733,0.3361091,49.741684,0.028970096,0.17125413,0.94844365,0.26511788,0.078225605,-0.15507415,-0.9209069,0.34894586,-1.0,0
1763545369712,1009.98065,-0.82911307,2.8899314,13.369897,0.28947353,0.19860741,-0.18501566,36.525,-29.79375,23.962502,46.950733,0.3361091,49.741684,0.02739616,0.17404504,0.9476075,0.2664538,0.08108752,-0.15641946,-0.9211601,0.3470185,-1.0,0
1763545369737,1009.9775,0.8045866,3.3056846,9.694521,0.42707083,-0.2775617,0.012751802,37.875,-31.031252,24.206251,46.950733,0.3361091,49.741684,0.028567417,0.17846783,0.94685274,0.2660888,0.08270547,-0.16070674,-0.92046505,0.34652156,-1.0,0
1763545369762,1009.9775,1.6546369,2.9736803,8.668598,0.15874848,-0.20364705,-0.23678645,38.4375,-28.7625,26.643751,46.950733,0.3361091,49.741684,0.032388173,0.18147075,0.9460988,0.26630184,0.08134157,-0.16542119,-0.9201188,0.34554413,-1.0,0
1763545369788,1009.9472,1.1712867,2.7038896,8.222337,-0.13645191,0.07979421,-0.5002219,39.28125,-31.25625,24.525002,46.950733,0.3361091,49.741684,0.033077843,0.1811796,0.9441963,0.27308112,0.08041167,-0.16569294,-0.9230115,0.3378307,-1.0,0
1763545369812,1009.9472,-1.282553,2.3347967,8.455637,-0.091706075,0.33498296,-0.38568476,37.66875,-31.81875,26.737501,46.950733,0.3361091,49.741684,0.028589739,0.17969286,0.9432908,0.27766058,0.08310264,-0.16186677,-0.9250919,0.3333137,-1.0,0
1763545369837,1009.913,-1.6971095,2.3258235,7.911868,0.24533857,0.19142975,-0.11140647,38.568752,-31.087502,25.368752,46.950733,0.3361091,49.741684,0.024429655,0.17971852,0.94251394,0.28066334,0.08646222,-0.15943605,-0.9262639,0.3303627,-1.0,0
1763545369862,1009.86444,-1.579263,2.7272196,6.7782683,0.52694726,0.03642281,0.11950042,39.393753,-32.11875,24.88125,46.950733,0.3361091,49.741684,0.023852883,0.18729895,0.94120336,0.2801542,0.09145455,-0.16518451,-0.9248085,0.33027163,-1.0,0
1763545369888,1009.86444,-1.0863415,3.321836,5.5429735,0.6117047,-0.05688678,0.20715952,39.5625,-31.237501,25.575,46.950733,0.3361091,49.741684,0.026248338,0.19289118,0.94057417,0.2782524,0.09287846,-0.1710835,-0.9230777,0.33171004,-1.0,0
1763545369913,1009.799,-0.16450655,4.345366,4.9435716,0.17432554,-0.17066035,0.02481638,38.475002,-31.368752,27.862501,46.950733,0.3361091,49.741684,0.028820038,0.19714166,0.94001395,0.27690867,0.09338017,-0.17599875,-0.92171305,0.33279064,-1.0,0
1763545369938,1009.75946,0.043070808,4.2514477,6.174679,-0.038713556,-0.15661046,-0.111253746,38.325,-30.768751,27.54375,46.950733,0.3361091,49.741684,0.03234327,0.19839588,0.9392627,0.2781695,0.09137828,-0.17904478,-0.921674,0.3318283,-1.0,0
1763545369963,1009.75946,-0.05383851,3.9684963,7.3776703,-0.07383828,-0.015195262,-0.16607887,38.86875,-30.956251,27.337502,46.950733,0.3361091,49.741684,0.032122478,0.19792712,0.93891895,0.2796858,0.0912828,-0.17853415,-0.9222869,0.3304237,-1.0,0
1763545369988,1009.7714,-0.61016977,4.107878,8.485547,0.042989608,0.15477787,-0.05933024,39.206253,-31.5375,25.95,46.950733,0.3361091,49.741684,0.030788086,0.19820595,0.93860555,0.28068897,0.092522785,-0.1779692,-0.922629,0.32942706,-1.0,0
1763545370013,1009.7714,-0.68494546,4.0881376,8.906086,0.13858995,0.1295797,0.029550584,40.66875,-29.400002,26.1375,46.950733,0.3361091,49.741684,0.029408319,0.19915429,0.9383835,0.28090802,0.09420489,-0.17791209,-0.9225637,0.32916403,-1.0,0
1763545370039,1009.80023,-0.8003992,4.1838503,9.226724,0.20166174,0.08513928,0.12988512,38.568752,-33.112503,28.275002,46.950733,0.3361091,49.741684,0.028658668,0.20290513,0.938186,0.27895403,0.09703987,-0.18048567,-0.921229,0.33067396,-1.0,0
1763545370065,1009.81366,-0.62093747,4.447061,9.406784,0.21510077,0.09598213,0.2163225,39.018753,-31.687502,26.587502,46.950733,0.3361091,49.741684,0.028784987,0.2051147,0.9383565,0.27674267,0.09824791,-0.18234026,-0.92005426,0.33256504,-1.0,0
1763545370090,1009.81366,-0.035294134,5.3036914,9.806385,-0.13629921,-0.08009964,0.09628756,37.893753,-31.425001,26.85,46.950733,0.3361091,49.741684,0.029208718,0.20629643,0.93864536,0.27483392,0.09860392,-0.18354459,-0.91916084,0.33426338,-1.0,0
1763545370116,1009.8464,-0.4648058,5.5184474,10.979466,-0.3540725,0.03825541,0.053985175,39.99375,-31.218752,26.925001,46.950733,0.3361091,49.741684,0.029969035,0.20500058,0.9391187,0.27410343,0.09723169,-0.18294641,-0.9190957,0.3351711,-1.0,0
1763545370141,1009.8837,-0.92243314,5.886942,12.250653,-0.41302094,0.3117701,0.33116508,38.5125,-31.125002,28.612501,46.950733,0.3361091,49.741684,0.025212312,0.19915205,0.9413169,0.27133968,0.09762574,-0.17540358,-0.91918486,0.33882448,-1.0,0
1763545370167,1009.8837,-0.09332009,5.625526,12.516855,-0.45517063,-0.11369721,0.23907721,37.3125,-29.868752,28.050001,46.950733,0.3361091,49.741684,0.021918233,0.19632024,0.9430016,0.26781693,0.098631054,-0.1711548,-0.9183999,0.34281132,-1.0,0
1763545370192,1009.9206,-0.33559337,4.619942,13.329817,-0.4001928,-0.24686573,0.065286174,37.5,-29.737501,27.88125,46.950733,0.3361091,49.741684,0.023886057,0.18755816,0.9452995,0.26582003,0.0918012,-0.16529107,-0.9191817,0.34547994,-1.0,0
1763545370217,1009.9206,-1.250848,2.9748766,12.985848,-0.066813335,0.068340495,0.004657844,38.006252,-30.16875,26.60625,46.950733,0.3361091,49.741684,0.022936469,0.18672846,0.94551575,0.2657184,0.092012405,-0.16409548,-0.9194281,0.34533793,-1.0,0
1763545370242,1009.90204,-2.7858438,2.6045876,9.412766,0.34109163,0.08468113,0.52053314,37.125,-30.13125,27.16875,46.950733,0.3361091,49.741684,0.020844031,0.18940003,0.94565207,0.26350653,0.095246956,-0.16502985,-0.91829854,0.34701726,-1.0,0
1763545370267,1009.87177,-1.6073786,2.9102705,8.830712,0.22518003,-0.24228424,0.65354896,36.825,-30.16875,27.206251,46.950733,0.3361091,49.741684,0.024865618,0.19367675,0.9475073,0.2531813,0.09459266,-0.17082511,-0.9135653,0.35674843,-1.0,0
1763545370292,1009.87177,-0.1477568,2.722434,8.872586,0.15095995,-0.14454588,0.5500074,37.256252,-30.243752,27.468752,46.950733,0.3361091,49.741684,0.027529895,0.19437435,0.9485573,0.24839377,0.09281681,-0.17298652,-0.91166425,0.36101112,-1.0,0
1763545370318,1009.8488,-0.32303107,2.8313074,7.583453,0.18226677,0.3278053,0.2126573,35.98125,-30.750002,27.31875,46.950733,0.3361091,49.741684,0.027099509,0.19600411,0.9491907,0.24471505,0.09405138,-0.17408708,-0.9101582,0.3639506,-1.0,0
1763545370343,1009.79926,-0.7375876,2.8426733,6.77767,0.09063706,0.20471606,0.19173518,36.018753,-29.00625,27.993752,46.950733,0.3361091,49.741684,0.024960939,0.19826163,0.9494537,0.2420888,0.09706966,-0.17466597,-0.908904,0.3660093,-1.0,0
1763545370368,1009.79926,-0.34516466,2.75713,6.8632135,-0.022372922,-0.0063377223,0.18028148,36.600002,-28.331251,28.050001,46.950733,0.3361091,49.741684,0.02389748,0.19925445,0.9502305,0.23830374,0.0985032,-0.17484437,-0.9073165,0.3694636,-1.0,0
1763545370393,1009.78534,-0.029910283,2.8079774,7.472785,-0.0060322895,-0.06589704,-0.025121814,36.43125,-29.85,29.081251,46.950733,0.3361091,49.741684,0.025088428,0.19846798,0.95051897,0.23768516,0.097038135,-0.17493597,-0.9072676,0.36992776,-1.0,0
1763545370418,1009.78534,-0.47377887,2.9359934,7.4733834,0.07841977,0.06207913,-0.06436988,36.225002,-28.85625,27.0375,46.950733,0.3361091,49.741684,0.025712715,0.19816042,0.9504809,0.238028,0.09631167,-0.1750793,-0.9075259,0.3694158,-1.0,0
1763545370443,1009.77386,-0.5940182,3.0089746,7.0325055,0.15095995,0.21006113,-0.06635518,37.818752,-28.95,26.868752,46.950733,0.3361091,49.741684,0.023430098,0.20085686,0.9498143,0.23866434,0.09971408,-0.17592484,-0.90743124,0.3683423,-1.0,0
1763545370469,1009.7519,-0.78843504,3.2715867,6.50429,0.12331833,0.2578613,-0.057955798,36.16875,-29.625002,29.400002,46.950733,0.3361091,49.741684,0.021176323,0.20269024,0.94947475,0.23867671,0.10262916,-0.17606533,-0.907136,0.36820167,-1.0,0
1763545370495,1009.7519,-1.0402796,3.906283,7.119844,-0.07826705,-0.088651754,0.047876526,35.456253,-28.95,27.581251,46.950733,0.3361091,49.741684,0.020021433,0.20324406,0.9494081,0.23857008,0.103930466,-0.1758051,-0.90693074,0.36846656,-1.0,0
1763545370520,1009.7602,-0.89072824,4.0845485,8.178668,-0.061620984,-0.06543889,0.102396205,36.206253,-28.875002,28.125002,46.950733,0.3361091,49.741684,0.02123582,0.20197539,0.9499089,0.23754522,0.102281496,-0.17545234,-0.90656036,0.37000445,-1.0,0
1763545370545,1009.79193,-0.7148558,4.241876,8.949755,0.054901473,0.10804671,0.20013458,37.143753,-28.650002,27.075,46.950733,0.3361091,49.741684,0.020726064,0.20278533,0.9502597,0.23548917,0.10318361,-0.17579706,-0.9056018,0.37193266,-1.0,0
1763545370571,1009.79193,-0.11306087,4.8819566,9.158528,0.25648686,-0.12728895,0.26855144,35.325,-29.587502,27.937502,46.950733,0.3361091,49.741684,0.020607915,0.20514332,0.9504254,0.2327723,0.104681894,-0.17762367,-0.9041106,0.37426662,-1.0,0
1763545370596,1009.83026,0.4869394,5.645267,9.321838,0.062384564,-0.32322383,0.11155918,34.96875,-30.618752,28.2,46.950733,0.3361091,49.741684,0.022985982,0.20730083,0.95046204,0.23047712,0.104045615,-0.18076643,-0.90277106,0.3761681,-1.0,0
1763545370622,1009.8808,0.25603202,6.2805614,10.23829,-0.21326816,-0.20899211,-0.16577344,35.4,-28.575,26.643751,46.950733,0.3361091,49.741684,0.02801213,0.20534238,0.9503998,0.2319263,0.0988596,-0.18214548,-0.90352565,0.3750882,-1.0,0
1763545370646,1009.8808,-0.35174492,5.488537,11.69851,-0.42554367,-0.0674242,-0.41806057,34.987503,-29.118752,27.7875,46.950733,0.3361091,49.741684,0.026898544,0.20254724,0.9502636,0.23505306,0.09812942,-0.17921923,-0.90521306,0.37261292,-1.0,0
1763545370671,1009.94916,-0.30329028,5.1290154,12.740584,-0.6098721,-0.24518585,-0.5267945,35.756252,-28.1625,27.656252,46.950733,0.3361091,49.741684,0.025817858,0.19872303,0.9500901,0.23910701,0.09675366,-0.1754882,-0.907439,0.36931983,-1.0,0
1763545370697,1009.98676,-0.82911307,3.9978085,14.426328,-0.59047717,-0.094760396,-0.56970775,34.55625,-29.156252,26.306252,46.950733,0.3361091,49.741684,0.024097282,0.18692568,0.94969785,0.2501043,0.091094956,-0.16499573,-0.913774,0.35985443,-1.0,0
1763545370722,1009.98676,-1.6139588,1.6247265,13.003197,0.31436628,0.077961616,-0.105908684,35.53125,-30.056252,27.6375,46.950733,0.3361091,49.741684,0.021186978,0.18522845,0.9491042,0.253857,0.09235564,-0.16195333,-0.915696,0.35600886,-1.0,0
1763545370748,1009.97894,-0.5808577,1.7928224,10.910075,0.46922052,-0.22594361,0.1833358,36.46875,-27.712502,25.85625,46.950733,0.3361091,49.741684,0.020628585,0.18757808,0.94841677,0.25474426,0.0941033,-0.16357152,-0.91586375,0.3543763,-1.0,0
1763545370773,1009.97894,0.77766734,2.295315,9.746565,0.34643668,-0.31146467,0.22258386,35.11875,-28.593752,26.212502,46.950733,0.3361091,49.741684,0.028165957,0.1925437,0.9479887,0.25189513,0.0907388,-0.17214198,-0.9142766,0.35529125,-1.0,0
1763545370799,1009.9555,1.463211,2.5202405,9.196814,0.21021384,-0.068340495,0.11980586,35.5875,-29.79375,27.618752,46.950733,0.3361091,49.741684,0.029865947,0.19385943,0.94795877,0.25080007,0.09000735,-0.17427602,-0.9138801,0.355457,-1.0,0
1763545370824,1009.9025,1.0462617,3.1339993,7.60798,0.20670137,0.31344998,-0.023747368,33.975002,-28.987501,28.968752,46.950733,0.3361091,49.741684,0.028409915,0.1958061,0.94780993,0.2500182,0.092210375,-0.17505543,-0.9135434,0.3553748,-1.0,0
1763545370851,1009.9025,0.9302098,3.4528432,6.8925257,0.23464844,0.16516256,-0.06696605,37.5,-28.987501,27.993752,46.950733,0.3361091,49.741684,0.026335487,0.19831479,0.94748247,0.2495085,0.09528226,-0.17590795,-0.91314334,0.35517165,-1.0,0
1763545370876,1009.84076,0.86201435,3.4187453,6.4055862,0.32139122,0.067118764,-0.14897464,36.600002,-28.968752,29.00625,46.950733,0.3361091,49.741684,0.02581419,0.2040744,0.9459497,0.2507318,0.09898963,-0.18031578,-0.91281885,0.3527733,-1.0,0
1763545370901,1009.7824,-0.13878371,3.4558342,4.726423,0.38018698,0.07551816,-0.23098324,35.850002,-29.906252,27.750002,46.950733,0.3361091,49.741684,0.025828432,0.20818603,0.94458944,0.25247175,0.1013684,-0.18366542,-0.9127881,0.3504417,-1.0,0
1763545370926,1009.7824,-0.28773692,3.7172499,4.334,0.20502149,-0.042226028,-0.20242532,35.8875,-29.6625,28.81875,46.950733,0.3361091,49.741684,0.026314203,0.21430229,0.94222146,0.2561274,0.10463743,-0.1888621,-0.91289,0.34643033,-1.0,0
1763545370951,1009.75336,-0.106480606,3.8895333,4.816154,-0.020387612,-0.17264566,-0.20639594,37.125,-30.150002,27.6375,46.950733,0.3361091,49.741684,0.027548732,0.21410555,0.94163203,0.25831932,0.10357191,-0.18940163,-0.91361225,0.34454682,-1.0,0
1763545370976,1009.75336,0.13040884,4.205984,6.9858456,-0.25862488,-0.0561232,-0.24992006,34.331253,-30.806252,28.425001,46.950733,0.3361091,49.741684,0.028358564,0.21230653,0.941347,0.26074412,0.101884484,-0.18840866,-0.9147611,0.34254017,-1.0,0
1763545371001,1009.7607,-0.16031912,4.503292,8.049456,-0.2212094,0.015347977,-0.26320636,35.4,-30.69375,27.993752,46.950733,0.3361091,49.741684,0.027914077,0.2100834,0.94119143,0.26314324,0.1009408,-0.18634693,-0.9160388,0.34052703,-1.0,0
1763545371026,1009.7939,-0.4019942,4.6085763,9.157332,-0.09842559,-0.0778089,-0.25679228,35.5125,-30.075,29.025002,46.950733,0.3361091,49.741684,0.026878243,0.20746832,0.9404296,0.26800448,0.10025285,-0.18361622,-0.9182594,0.33620545,-1.0,0
1763545371051,1009.7939,0.32362926,5.239683,11.550753,0.26045746,-0.25495967,-0.40813404,37.237503,-30.2625,27.7875,46.950733,0.3361091,49.741684,0.028956207,0.20761007,0.93952173,0.27084813,0.09862789,-0.1849674,-0.9192466,0.33323452,-1.0,0
1763545371076,1009.8559,-1.1276177,5.419145,11.5352,0.30734134,-0.051236283,-0.4730384,37.59375,-30.825,25.7625,46.950733,0.3361091,49.741684,0.03140946,0.20934342,0.9378727,0.274924,0.09759921,-0.18784468,-0.9204196,0.32865867,-1.0,0
1763545371101,1009.8991,-2.2851455,5.221139,11.376676,0.2013563,0.26977316,-0.22609633,37.78125,-29.7,28.612501,46.950733,0.3361091,49.741684,0.029090183,0.21486893,0.93498003,0.2807089,0.10277616,-0.19092396,-0.9213879,0.32253593,-1.0,0
1763545371126,1009.8991,-2.3581266,5.2456656,11.323435,0.11384992,0.5362629,0.12148573,37.256252,-31.612501,27.54375,46.950733,0.3361091,49.741684,0.024456711,0.21739253,0.93517697,0.27854386,0.10807077,-0.19020605,-0.92016727,0.32470688,-1.0,0
1763545371151,1009.9145,-1.6420746,5.608178,11.166705,0.07170025,0.35391977,0.32948518,36.675003,-30.91875,26.94375,46.950733,0.3361091,49.741684,0.021942722,0.21904182,0.935948,0.27484614,0.11112596,-0.19003111,-0.9185267,0.32840207,-1.0,0
1763545371176,1009.9145,0.19322042,4.4147577,12.421741,-0.12301289,-0.4079813,0.057955798,36.018753,-29.75625,27.88125,46.950733,0.3361091,49.741684,0.02486537,0.21778892,0.93672574,0.2729368,0.10801285,-0.19074468,-0.9180543,0.33034235,-1.0,0
1763545371201,1009.9445,-0.72442704,2.882155,12.074183,0.06543889,0.10545053,-0.04253146,36.9,-31.275002,27.2625,46.950733,0.3361091,49.741684,0.028559068,0.21533582,0.93699753,0.2734412,0.104288094,-0.19076115,-0.9189417,0.3290598,-1.0,0
1763545371226,1009.92303,-2.4837499,3.4456646,8.968898,0.060857404,-0.28351763,0.30932665,36.46875,-32.5875,29.081251,46.950733,0.3361091,49.741684,0.026226724,0.21749885,0.9369456,0.27228555,0.106491186,-0.19145028,-0.9182806,0.32979858,-1.0,0
1763545371252,1009.92303,-1.0139586,3.414558,9.081959,-0.12667808,-0.45242172,0.30657777,36.525,-31.575,28.087502,46.950733,0.3361091,49.741684,0.03323161,0.2146377,0.9384821,0.2684727,0.0992187,-0.193208,-0.91715133,0.33415526,-1.0,0
1763545371277,1009.9025,-0.2542374,3.097509,9.050254,-0.23648103,-0.12912154,0.12072215,35.943752,-31.518751,29.062502,46.950733,0.3361091,49.741684,0.034019597,0.21188101,0.9392907,0.26773503,0.096906275,-0.1914682,-0.91746867,0.33496314,-1.0,0
1763545371303,1009.8659,-1.5038891,3.144767,8.167302,-0.4011091,0.18852814,0.0051159924,35.081253,-31.706251,26.081251,46.950733,0.3361091,49.741684,0.031668987,0.20901105,0.9400437,0.26763707,0.09709386,-0.18777995,-0.9180728,0.33534133,-1.0,0
1763545371328,1009.8659,-1.6390835,3.0789645,8.167302,-0.30932665,0.13889538,0.11400264,35.2125,-31.575,27.750002,46.950733,0.3361091,49.741684,0.028691296,0.20580573,0.94091666,0.26738897,0.09764234,-0.18342616,-0.91859657,0.3361564,-1.0,0
1763545371354,1009.8227,-1.3776677,3.1016963,7.900502,-0.099800035,0.03718639,0.23907721,34.912502,-32.362503,27.993752,46.950733,0.3361091,49.741684,0.026178794,0.2024025,0.94266456,0.26406723,0.09773433,-0.179165,-0.91795236,0.34016368,-1.0,0
1763545371379,1009.79535,-0.5306084,3.418147,6.7351975,0.13080142,-0.076434456,0.32734716,34.706253,-32.006252,26.906252,46.950733,0.3361091,49.741684,0.027447365,0.20282277,0.94330883,0.26130134,0.09697028,-0.18024202,-0.9168189,0.3428595,-1.0,0
1763545371404,1009.79535,-0.43489552,3.5042887,6.5814586,0.123929195,-0.022831071,0.31329727,35.0625,-30.337502,25.237501,46.950733,0.3361091,49.741684,0.02909431,0.20382915,0.9438327,0.25843206,0.096244596,-0.18201588,-0.9155274,0.3455674,-1.0,0
1763545371429,1009.7736,-0.19860429,3.5539398,6.5407805,0.115835235,0.027717989,0.27542365,34.350002,-30.056252,28.218752,46.950733,0.3361091,49.741684,0.030868264,0.2061259,0.9447606,0.2529553,0.09619268,-0.18489921,-0.912996,0.35071012,-1.0,0
1763545371454,1009.7736,-0.101694964,3.7704902,6.419345,0.06879865,0.025121814,0.19158247,33.768753,-30.862501,27.4125,46.950733,0.3361091,49.741684,0.03129002,0.20692782,0.94506526,0.25110465,0.0963366,-0.18578869,-0.9121284,0.3524537,-1.0,0
1763545371479,1009.758,-0.9206385,4.066004,7.522436,-0.09308052,0.008781182,0.09231694,33.7125,-32.60625,26.8875,46.950733,0.3361091,49.741684,0.031201065,0.20687374,0.94534147,0.25011796,0.096410565,-0.18567517,-0.9117076,0.3535802,-1.0,0
1763545371505,1009.77704,-0.9726824,4.078566,8.783454,0.0193186,-0.032299474,0.15569416,34.0875,-32.193752,26.831251,46.950733,0.3361091,49.741684,0.03154087,0.20638649,0.94600606,0.247956,0.09593145,-0.18543835,-0.91081595,0.35612372,-1.0,0
1763545371530,1009.77704,-0.8751749,4.077968,9.4534445,0.24136795,-0.026801692,0.21891867,34.3125,-30.4125,26.081251,46.950733,0.3361091,49.741684,0.03267933,0.20846032,0.94603306,0.2459622,0.09624512,-0.18777788,-0.90963817,0.3578195,-1.0,0
1763545371555,1009.811,-0.12981063,3.982255,9.630513,0.28550294,0.21036656,0.3229184,34.575,-31.893751,27.375002,46.950733,0.3361091,49.741684,0.03351231,0.21160041,0.9460487,0.24309297,0.0974147,-0.19080925,-0.90797096,0.36012623,-1.0,0
1763545371581,1009.84174,0.22731815,4.7210393,9.609575,0.13110685,0.40416342,0.1758527,34.36875,-30.7875,27.0375,46.950733,0.3361091,49.741684,0.032915585,0.2144755,0.9463086,0.23961876,0.0995547,-0.19280048,-0.90620124,0.36292717,-1.0,0
1763545371606,1009.84174,-0.41934216,5.6823554,9.613763,-0.06849321,0.46326458,-0.058261227,34.575,-33.393753,27.150002,46.950733,0.3361091,49.741684,0.025691137,0.21713936,0.94667906,0.23662044,0.10693251,-0.19072227,-0.90479726,0.3654208,-1.0,0
1763545371633,1009.8693,-1.4279169,6.001797,9.9038925,-0.2135736,0.31512988,-0.20777038,33.787502,-32.9625,27.056252,46.950733,0.3361091,49.741684,0.021830497,0.21630338,0.946644,0.23790906,0.10963896,-0.18773133,-0.9053799,0.3647238,-1.0,0
1763545371659,1009.92596,-0.8775677,5.555536,10.986047,-0.64957833,-0.38736463,-0.3099375,31.725,-32.41875,25.556252,46.950733,0.3361091,49.741684,0.022251822,0.20654267,0.9471885,0.24429241,0.103662066,-0.18002556,-0.90936095,0.3604271,-1.0,0
1763545371683,1009.92596,-0.3062813,5.076373,12.817753,-0.78091425,-0.34048074,-0.38186684,34.03125,-31.06875,26.00625,46.950733,0.3361091,49.741684,0.022840463,0.19866577,0.94773626,0.2486085,0.09853121,-0.17401545,-0.9123783,0.35717794,-1.0,0
1763545371708,1009.97284,-0.51445687,3.0436704,13.482958,-0.10193806,-0.18669555,-0.31680974,33.862503,-31.2,25.875002,46.950733,0.3361091,49.741684,0.022507517,0.1930574,0.9477329,0.25303024,0.095420934,-0.16932985,-0.9151397,0.35318786,-1.0,0
1763545371733,1009.97284,-0.4019942,2.7708886,11.891132,0.19372049,-0.23083054,-0.06360629,34.55625,-32.11875,25.237501,46.950733,0.3361091,49.741684,0.023312684,0.19119783,0.94720256,0.25633374,0.09357955,-0.1683537,-0.91685474,0.3496817,-1.0,0
1763545371758,1009.97284,0.637089,2.7397819,10.283753,0.25954118,-0.21846052,0.084070265,35.175003,-30.45,26.625002,46.950733,0.3361091,49.741684,0.028591115,0.19330621,0.9464773,0.2568961,0.0903646,-0.17325991,-0.9169719,0.34781852,-1.0,0
1763545371783,1009.9533,1.5302101,2.7984061,9.120243,0.16287182,-0.12927426,0.0074067353,34.3125,-31.050001,26.737501,46.950733,0.3361091,49.741684,0.030551681,0.19411555,0.94623536,0.25695187,0.08912973,-0.17512895,-0.91705287,0.34698665,-1.0,0
1763545371809,1009.9533,1.0977074,2.9437702,8.006983,-0.07887791,0.11323906,-0.28275403,35.0625,-31.48125,29.306252,46.950733,0.3361091,49.741684,0.03073148,0.1941519,0.9458567,0.25829455,0.088886224,-0.17532429,-0.91776854,0.34505302,-1.0,0
1763545371834,1009.90546,0.6161518,2.8235307,7.710273,-0.08895718,0.2352593,-0.33009607,34.331253,-31.031252,25.968752,46.950733,0.3361091,49.741684,0.026594117,0.19333401,0.94480866,0.26315668,0.091605425,-0.17231868,-0.9200726,0.33967796,-1.0,0
1763545371859,1009.8532,0.1794617,2.7008986,7.327421,0.03046688,0.32826346,-0.32795802,35.0625,-32.456253,26.2875,46.950733,0.3361091,49.741684,0.023217114,0.1944072,0.9440223,0.265497,0.09492274,-0.17123921,-0.9209013,0.33705726,-1.0,0
1763545371884,1009.8532,-0.23449662,2.745764,5.9700923,0.3276526,0.19051345,-0.32001677,34.74375,-33.24375,27.6,46.950733,0.3361091,49.741684,0.020368626,0.1972409,0.9428856,0.26767164,0.098859765,-0.17188834,-0.92131215,0.33446237,-1.0,0
1763545371909,1009.79974,-0.4941179,2.800799,5.386842,0.29634577,0.106977694,-0.31360272,35.456253,-31.931252,27.13125,46.950733,0.3361091,49.741684,0.018948162,0.2007889,0.9414615,0.27013904,0.102070145,-0.17394508,-0.92163324,0.33153725,-1.0,0
1763545371934,1009.79974,-0.6586244,2.922833,5.1822557,0.1476002,0.062995434,-0.27374378,36.5625,-33.675003,27.281252,46.950733,0.3361091,49.741684,0.018175516,0.20391095,0.94006175,0.27271506,0.10452922,-0.17602183,-0.921993,0.32866222,-1.0,0
1763545371960,1009.7668,-0.80937225,3.4372897,6.451648,-0.21281002,0.12438734,-0.08544471,35.86875,-33.506252,27.337502,46.950733,0.3361091,49.741684,0.016215622,0.20548905,0.9385877,0.27670252,0.10709495,-0.1761232,-0.9230319,0.3248436,-1.0,0
1763545371985,1009.7702,-0.7052845,3.7878382,7.537391,-0.23831362,0.14958552,0.009697478,35.943752,-33.225002,25.931252,46.950733,0.3361091,49.741684,0.014335135,0.20408681,0.93876123,0.27725565,0.1078295,-0.17386697,-0.9234398,0.3246568,-1.0,0
1763545372010,1009.7702,-0.8249256,4.1988053,8.617152,-0.16577344,0.028481571,0.077198036,35.381252,-33.675003,27.54375,46.950733,0.3361091,49.741684,0.011894567,0.2011543,0.9397591,0.27613127,0.1081209,-0.17004235,-0.9235352,0.32630986,-1.0,0
1763545372035,1009.80145,-0.7908279,4.4339004,9.647263,-0.03932442,-0.11476622,0.15584688,36.61875,-32.68125,26.737501,46.950733,0.3361091,49.741684,0.01317605,0.20057172,0.9402194,0.2749274,0.10674809,-0.17031579,-0.9231898,0.32759422,-1.0,0
1763545372060,1009.8625,-0.3589234,5.233701,10.59841,0.0034361144,-0.15859577,0.21113014,36.581253,-33.45,28.800001,46.950733,0.3361091,49.741684,0.0154011,0.20068789,0.9406487,0.2732528,0.105006695,-0.17171611,-0.9225682,0.3291733,-1.0,0
1763545372086,1009.8625,-0.23688944,5.3970113,11.25165,-0.1503491,0.0041996953,0.14362958,35.7,-32.90625,27.31875,46.950733,0.3361091,49.741684,0.017472321,0.19914386,0.9418067,0.27025256,0.10240867,-0.17168583,-0.9217794,0.33220348,-1.0,0
1763545372110,1009.9216,-0.50488555,5.2235317,12.063416,-0.23861906,0.24457498,0.16042836,35.568752,-32.775,26.868752,46.950733,0.3361091,49.741684,0.015092224,0.19761992,0.9427206,0.26832157,0.10342565,-0.16906962,-0.9214307,0.33419156,-1.0,0
1763545372135,1009.9216,-0.54735816,5.9473605,12.4630165,-0.021762058,0.1220966,0.324751,35.11875,-32.081253,27.806252,46.950733,0.3361091,49.741684,0.011652084,0.19720343,0.9438067,0.26495984,0.105957985,-0.16672696,-0.9203709,0.33747953,-1.0,0
1763545372160,1009.95013,0.016151553,5.59741,12.495918,0.04344776,-0.32719445,0.18562654,34.518753,-32.15625,27.862501,46.950733,0.3361091,49.741684,0.011253377,0.19742219,0.9446684,0.26172358,0.106407724,-0.166672,-0.9191789,0.34059942,-1.0,0
1763545372186,1009.95844,-0.23090738,4.2017965,12.351152,0.19478951,-0.1663843,0.0025198173,36.693752,-31.66875,25.7625,46.950733,0.3361091,49.741684,0.017158806,0.19822575,0.94466305,0.26081365,0.10199971,-0.1708331,-0.91882104,0.34085193,-1.0,0
1763545372211,1009.95844,-2.6835506,3.173481,8.510672,0.27908885,0.015806125,0.047876526,34.631252,-33.018753,27.900002,46.950733,0.3361091,49.741684,0.016010152,0.20185138,0.9438694,0.2609796,0.10500989,-0.1731278,-0.91835636,0.3400314,-1.0,0
1763545372236,1009.91156,-2.3742783,3.3236306,7.8311105,-0.130496,-0.43501207,0.14607304,34.875,-31.125002,27.45,46.950733,0.3361091,49.741684,0.016196016,0.20437625,0.9434325,0.26058236,0.106384076,-0.17525522,-0.91767454,0.34035486,-1.0,0
1763545372261,1009.904,-1.2861422,2.9515467,9.178867,-0.48357582,-0.45211628,0.099341884,35.775,-32.625,25.9125,46.950733,0.3361091,49.741684,0.022484832,0.19655693,0.94502354,0.26036537,0.09680766,-0.17253546,-0.9186449,0.3419814,-1.0,0
1763545372286,1009.904,-0.849452,2.1385853,10.450055,-0.336052,0.14821106,-0.018249584,34.893753,-31.63125,28.875002,46.950733,0.3361091,49.741684,0.022044128,0.19121441,0.9460017,0.2608293,0.09398937,-0.16797289,-0.9198088,0.3419106,-1.0,0
1763545372311,1009.8896,-1.5672989,2.3138595,9.758529,-0.085292,0.25831944,0.09705114,36.225002,-30.975,27.000002,46.950733,0.3361091,49.741684,0.0195973,0.18809852,0.94667214,0.26085758,0.094096154,-0.16404578,-0.92048323,0.34197295,-1.0,0
1763545372336,1009.8896,-1.5248263,2.4346972,8.624331,0.15722132,0.291917,0.22166756,35.006252,-31.35,26.23125,46.950733,0.3361091,49.741684,0.016896658,0.1876333,0.9471632,0.25959563,0.09598928,-0.16210435,-0.9201979,0.34313852,-1.0,0
1763545372361,1009.8481,-1.3357933,2.6165516,7.242476,0.28199047,0.24365869,0.3352884,36.28125,-31.462502,27.16875,46.950733,0.3361091,49.741684,0.013601786,0.192651,0.9478398,0.25357515,0.10160074,-0.16424586,-0.9172167,0.3484453,-1.0,0
1763545372386,1009.8017,-0.17467605,3.2925239,6.4277196,0.25572327,0.02527453,0.47334385,35.04375,-30.35625,26.775002,46.950733,0.3361091,49.741684,0.013759254,0.19551006,0.9483941,0.24926847,0.10316675,-0.16664372,-0.91510177,0.35238507,-1.0,0
1763545372411,1009.8017,0.5162515,3.5072799,6.416952,0.25694498,-0.024205517,0.36567894,35.8125,-31.63125,26.775002,46.950733,0.3361091,49.741684,0.015091451,0.19797279,0.9490199,0.24482703,0.10354222,-0.16941066,-0.91297823,0.3564404,-1.0,0
1763545372436,1009.77264,0.62931234,3.7998023,6.1716876,0.19219333,-0.048792824,0.17783801,32.7,-30.975,28.612501,46.950733,0.3361091,49.741684,0.01842367,0.20211841,0.94937986,0.23976465,0.10322816,-0.17474331,-0.910383,0.36057118,-1.0,0
1763545372462,1009.7636,-0.24945176,3.9176488,6.856035,-0.17157665,-0.15966478,-0.09995275,34.143753,-31.181252,26.456251,46.950733,0.3361091,49.741684,0.019676229,0.20236555,0.9492672,0.23990242,0.10235955,-0.17567436,-0.910366,0.36040923,-1.0,0
1763545372487,1009.7636,-0.5353941,3.5838501,8.176873,-0.20899211,-0.1268308,-0.09674571,33.43125,-31.650002,28.725,46.950733,0.3361091,49.741684,0.020686492,0.20067857,0.94929475,0.24112171,0.10057446,-0.17488454,-0.91105855,0.3595448,-1.0,0
1763545372512,1009.78046,-0.6269195,3.431906,9.218947,-0.06772963,-0.11568252,-0.06879865,34.36875,-30.056252,27.45,46.950733,0.3361091,49.741684,0.021925101,0.19761683,0.9493873,0.24316713,0.09776919,-0.17313096,-0.9123507,0.35788688,-1.0,0
1763545372537,1009.7985,-0.43968117,3.9224346,9.346964,0.21097742,-0.28825182,-0.07506001,33.506252,-32.756252,28.462502,46.950733,0.3361091,49.741684,0.023656653,0.19834222,0.9489906,0.2439623,0.096773304,-0.17474037,-0.9125251,0.35692954,-1.0,0
1763545372563,1009.7985,-0.23808585,4.2999024,9.226724,0.077198036,-0.3194059,-0.17615813,32.175003,-32.1375,27.6375,46.950733,0.3361091,49.741684,0.02663986,0.19958374,0.94834304,0.24515755,0.095065735,-0.17749888,-0.91272515,0.355513,-1.0,0
1763545372588,1009.82587,-0.26679972,4.5882373,9.405587,-0.20654866,-0.09414954,-0.31039566,33.46875,-30.88125,26.812502,46.950733,0.3361091,49.741684,0.029315852,0.19771601,0.9472818,0.25041178,0.09180199,-0.17754842,-0.91493744,0.35062578,-1.0,0
1763545372613,1009.82587,-0.67477596,4.755735,10.086944,-0.46204284,0.1862374,-0.3983602,33.6375,-30.750002,26.94375,46.950733,0.3361091,49.741684,0.025770755,0.19418636,0.9472091,0.25381565,0.09262749,-0.1726054,-0.91684264,0.34788945,-1.0,0
1763545372638,1009.8659,-0.7800602,5.352744,11.887543,-0.6130792,-0.109268434,-0.41302094,35.9625,-30.768751,28.406252,46.950733,0.3361091,49.741684,0.02201506,0.18970676,0.9472611,0.25733894,0.09308821,-0.16675697,-0.9188765,0.34524286,-1.0,0
1763545372663,1009.9233,-0.28594232,5.032106,13.152149,-0.5585595,-0.18990259,-0.46509716,35.756252,-30.50625,25.63125,46.950733,0.3361091,49.741684,0.020736553,0.18410422,0.9472741,0.2614331,0.09087761,-0.16144855,-0.9212206,0.34209394,-1.0,0
1763545372688,1009.9233,-0.28713873,4.1479583,13.976477,-0.25098908,-0.063759014,-0.5161044,37.050003,-29.8875,25.931252,46.950733,0.3361091,49.741684,0.019511059,0.17610057,0.94614094,0.27097067,0.08712508,-0.15427674,-0.92602026,0.3333082,-1.0,0
1763545372713,1009.9516,-0.6861419,2.650051,11.346167,0.16852233,-0.17951788,-0.31757334,36.300003,-29.325,25.050001,46.950733,0.3361091,49.741684,0.019393718,0.17632301,0.94481283,0.27543154,0.08728671,-0.15442456,-0.9276862,0.3285306,-1.0,0
1763545372739,1009.9372,-0.048454657,2.4311078,10.149158,0.12301289,-0.19310963,-0.17692171,36.881252,-31.518751,25.10625,46.950733,0.3361091,49.741684,0.020834029,0.17708457,0.94369835,0.2786404,0.08650754,-0.15591486,-0.92877185,0.3249459,-1.0,0
1763545372764,1009.9372,0.7471589,2.452045,9.290133,0.030161448,-0.14026983,-0.16195552,37.40625,-31.087502,24.88125,46.950733,0.3361091,49.741684,0.023893988,0.17699729,0.9425678,0.28225318,0.08382676,-0.15770869,-0.93026114,0.32049227,-1.0,0
1763545372789,1009.9057,0.9637093,2.612364,8.632706,-0.13095413,-0.018555017,-0.31696245,36.300003,-30.712502,26.212502,46.950733,0.3361091,49.741684,0.02426856,0.1759964,0.94207007,0.28450012,0.08285198,-0.15715988,-0.93134284,0.317863,-1.0,0
1763545372814,1009.9057,0.14476576,2.914458,7.905886,-0.13996439,0.058108512,-0.33192864,35.15625,-29.94375,25.2,46.950733,0.3361091,49.741684,0.023822846,0.17466326,0.9414513,0.2873929,0.08236692,-0.155854,-0.93266803,0.31473097,-1.0,0
1763545372839,1009.872,-0.30867413,3.162115,7.9070826,-0.042989608,0.14928009,-0.2738965,37.050003,-31.368752,25.706251,46.950733,0.3361091,49.741684,0.02068259,0.17369452,0.9401196,0.29253665,0.08430569,-0.15326482,-0.93468165,0.3094715,-1.0,0
1763545372865,1009.8266,-0.3792624,3.033501,7.6719875,0.20379977,0.22227842,-0.21006113,37.29375,-31.593752,25.687502,46.950733,0.3361091,49.741684,0.018949496,0.17625326,0.93921816,0.2940152,0.087195024,-0.15434155,-0.9348284,0.30768755,-1.0,0
1763545372891,1009.8266,-0.3056831,3.2356944,5.563911,0.5182424,0.05933024,-0.16882776,37.5,-30.69375,24.225,46.950733,0.3361091,49.741684,0.018187722,0.18104139,0.9380216,0.2949722,0.0906005,-0.15779205,-0.9344151,0.30620524,-1.0,0
1763545372917,1009.77655,-0.40079778,3.6149569,4.81077,0.31283912,-0.13507748,-0.22319472,36.54375,-30.300001,25.3875,46.950733,0.3361091,49.741684,0.018930944,0.18611969,0.9366018,0.29627353,0.09296613,-0.162346,-0.9339924,0.30439982,-1.0,0
1763545372943,1009.7695,-0.38584265,3.7244284,5.3365927,-0.041920595,-0.2183078,-0.26656613,36.581253,-31.5375,25.143751,46.950733,0.3361091,49.741684,0.022255352,0.18838336,0.9345013,0.30120358,0.09166427,-0.16607606,-0.935005,0.29963657,-1.0,0
1763545372969,1009.7695,-0.37447673,3.3254254,8.630911,-0.3409389,0.073380135,-0.26412266,37.55625,-31.181252,24.393751,46.950733,0.3361091,49.741684,0.021803886,0.18571858,0.93418497,0.30386084,0.09048761,-0.1636423,-0.9362799,0.2973435,-1.0,0
1763545372994,1009.79144,-1.5188441,3.4163525,9.503095,-0.23006694,0.09582941,-0.09705114,39.787502,-30.093752,25.800001,46.950733,0.3361091,49.741684,0.017954752,0.18115105,0.9341604,0.3069304,0.090949625,-0.15769032,-0.9380576,0.29480472,-1.0,0
1763545373020,1009.80096,-2.5202405,3.7256248,9.680164,-0.046349365,-0.039477136,0.25663957,37.518753,-31.425001,22.875,46.950733,0.3361091,49.741684,0.018253922,0.18068917,0.93495405,0.30476123,0.0904984,-0.1574542,-0.9373236,0.2973933,-1.0,0
1763545373045,1009.80096,-0.45882374,4.69412,10.0061865,-0.07231112,-0.23205225,0.80030924,38.943752,-30.91875,23.306252,46.950733,0.3361091,49.741684,0.020548401,0.1805166,0.9367089,0.2992792,0.088623956,-0.15860097,-0.93538094,0.30340403,-1.0,0
1763545373070,1009.84564,1.2532408,5.0183473,11.461022,-0.13782637,-0.16134466,0.5330559,38.550003,-30.581251,24.112501,46.950733,0.3361091,49.741684,0.023802405,0.17925246,0.93903136,0.29244173,0.08528043,-0.15945299,-0.93320656,0.31052774,-1.0,0
1763545373096,1009.84564,0.7609176,4.9417768,12.52523,-0.14301872,0.12454005,0.2070068,37.125,-29.625002,24.50625,46.950733,0.3361091,49.741684,0.02552387,0.17645831,0.94159925,0.28566018,0.08212842,-0.15825276,-0.93158185,0.31680638,-1.0,0
1763545373120,1009.9067,-1.1922239,4.7802615,12.668799,0.03932442,0.6614902,0.3001637,36.975002,-29.75625,23.925001,46.950733,0.3361091,49.741684,0.020700622,0.17723714,0.9423426,0.28310564,0.08647439,-0.15608877,-0.93075174,0.3191546,-1.0,0
1763545373145,1009.9213,-0.9086744,4.534997,12.470794,0.10468695,0.19036074,0.33391395,34.93125,-29.718752,23.8125,46.950733,0.3361091,49.741684,0.015249621,0.1793624,0.9431995,0.2792337,0.092149146,-0.15463491,-0.9291775,0.32284,-1.0,0
1763545373170,1009.9213,-0.8105687,3.638885,12.685549,0.29222244,-0.026038112,0.29619306,37.350002,-29.456251,22.1625,46.950733,0.3361091,49.741684,0.015886523,0.1831216,0.94424504,0.2731585,0.09377432,-0.15808949,-0.9265866,0.32810268,-1.0,0
1763545373195,1009.91693,-1.5625132,3.0215368,11.358729,0.5191587,0.042989608,0.27939427,36.506252,-27.675001,23.38125,46.950733,0.3361091,49.741684,0.017150093,0.18760921,0.94410485,0.27050805,0.09532543,-0.1624943,-0.9250025,0.3299682,-1.0,0
1763545373220,1009.90424,-1.262214,2.946163,8.714062,0.045280352,-0.53870636,0.2511418,35.756252,-29.1375,24.618752,46.950733,0.3361091,49.741684,0.020387448,0.19104394,0.9440335,0.26811853,0.09471988,-0.1671573,-0.92350185,0.33201048,-1.0,0
1763545373246,1009.90424,-0.76749784,2.9467611,9.673584,-0.33956447,-0.3749946,0.13248129,33.956253,-30.187502,23.493752,46.950733,0.3361091,49.741684,0.028273363,0.18572512,0.9453569,0.2664714,0.08522345,-0.16742212,-0.92359483,0.33418468,-1.0,0
1763545373271,1009.915,-0.51864433,2.3862424,10.551749,-0.39866564,0.08147409,-0.020387612,35.175003,-29.19375,24.375002,46.950733,0.3361091,49.741684,0.026379848,0.18196756,0.94609165,0.2666507,0.08452211,-0.16329147,-0.9244011,0.33417735,-1.0,0
1763545373296,1009.87006,-2.103291,2.3581266,8.944969,0.028939718,0.5173261,0.13675736,36.65625,-28.518751,22.331251,46.950733,0.3361091,49.741684,0.021509008,0.18089439,0.9465317,0.2662557,0.0878131,-0.15960667,-0.92462075,0.33450118,-1.0,0
1763545373321,1009.87006,-2.3162522,2.4837499,7.5756764,0.15187626,0.34735298,0.40095636,35.362503,-29.775002,22.85625,46.950733,0.3361091,49.741684,0.014165769,0.18446624,0.94772595,0.2599751,0.095921986,-0.1582006,-0.9218091,0.34064582,-1.0,0
1763545373347,1009.80975,-1.6002002,2.678765,7.031309,0.22518003,0.085597426,0.6769145,34.631252,-29.85,22.3125,46.950733,0.3361091,49.741684,0.014824239,0.18670276,0.9489892,0.25365692,0.09673503,-0.1603746,-0.91905725,0.3467796,-1.0,0
1763545373373,1009.80975,0.5982057,3.3876386,6.6771717,0.4916698,-0.26595524,0.75327265,34.631252,-29.1,22.425001,46.950733,0.3361091,49.741684,0.018311271,0.18958652,0.95028627,0.24632855,0.095590346,-0.16474475,-0.915822,0.3535416,-1.0,0
1763545373399,1009.769,1.2370893,3.6011982,6.067002,0.50801045,-0.20532693,0.48357582,34.612503,-30.093752,20.475,46.950733,0.3361091,49.741684,0.027857278,0.197611,0.9511713,0.23547205,0.09245242,-0.17685778,-0.91032976,0.36259288,-1.0,0
1763545373425,1009.73505,0.8069794,3.554538,5.4759746,0.34338236,0.009392046,0.21097742,34.48125,-30.50625,23.456251,46.950733,0.3361091,49.741684,0.029317526,0.20091614,0.9509638,0.23332629,0.09317227,-0.18040437,-0.9089481,0.36412436,-1.0,0
1763545373450,1009.73505,-0.25244278,3.551547,5.471787,0.06207913,0.16332997,0.109268434,34.5,-29.23125,20.1375,46.950733,0.3361091,49.741684,0.028288651,0.20207769,0.9510856,0.23194955,0.09471497,-0.1807338,-0.908185,0.36546463,-1.0,0
1763545373475,1009.7231,-0.5276174,3.702893,8.082356,-0.14210242,-0.06406444,0.16623157,33.862503,-30.581251,24.900002,46.950733,0.3361091,49.741684,0.027512906,0.201031,0.95165205,0.23062514,0.09478393,-0.17940578,-0.90777564,0.3671144,-1.0,0
1763545373500,1009.7563,-0.33020952,3.8877387,9.360124,0.06482802,-0.18868086,0.14271328,33.15,-29.8875,22.931252,46.950733,0.3361091,49.741684,0.030204872,0.19975989,0.9523983,0.22830053,0.09187391,-0.17993203,-0.90698975,0.36953107,-1.0,0
1763545373525,1009.7563,-0.116650105,4.0719857,9.444471,0.38125598,-0.24075708,-0.01809687,34.65,-31.85625,23.04375,46.950733,0.3361091,49.741684,0.033422586,0.20196263,0.9518934,0.2280194,0.09052177,-0.1836077,-0.9064582,0.36936107,-1.0,0
1763545373551,1009.7944,-0.42053857,4.1587257,8.974281,0.18028148,-0.14561489,-0.08391755,33.956253,-30.91875,22.9125,46.950733,0.3361091,49.741684,0.03647444,0.20489064,0.95103484,0.22852276,0.089731656,-0.18777321,-0.90608495,0.36837408,-1.0,0
1763545373575,1009.7944,-0.5288138,4.371089,9.095717,-0.1955531,0.10575596,-0.15050182,35.1375,-30.281252,21.056252,46.950733,0.3361091,49.741684,0.036269248,0.2048495,0.9505073,0.23077537,0.08989938,-0.18760827,-0.9069201,0.3663566,-1.0,0
1763545373601,1009.831,-1.3704891,5.1290154,11.0398855,-0.46173742,0.3079522,-0.2438114,34.537502,-31.725,22.125,46.950733,0.3361091,49.741684,0.03141956,0.2017173,0.951005,0.23219079,0.09205175,-0.18221833,-0.90807617,0.36567828,-1.0,0
1763545373626,1009.85614,-1.0767702,5.1421757,11.249257,-0.4615847,-0.025579963,-0.2871828,35.081253,-31.29375,21.88125,46.950733,0.3361091,49.741684,0.026896693,0.19838588,0.95139974,0.23400497,0.09383477,-0.17684855,-0.9093515,0.36469087,-1.0,0
1763545373651,1009.85614,-0.5916254,4.7946186,11.897713,-0.5657371,-0.22899793,-0.3097848,34.78125,-29.212502,21.1875,46.950733,0.3361091,49.741684,0.025608469,0.18872313,0.9518444,0.24024948,0.08930249,-0.16821799,-0.91323495,0.36018017,-1.0,0
1763545373677,1009.9067,-0.30089745,4.243671,12.967304,-0.542677,-0.06543889,-0.30703592,35.4,-31.25625,20.775002,46.950733,0.3361091,49.741684,0.024417097,0.1835142,0.9521139,0.24332242,0.08720016,-0.16330883,-0.91531426,0.3576677,-1.0,0
1763545373702,1009.9262,-0.38344982,2.7798617,12.147164,0.011530072,-0.108504854,-0.29405504,35.268753,-30.618752,18.28125,46.950733,0.3361091,49.741684,0.022366216,0.18100514,0.9519439,0.24604833,0.087345034,-0.16010606,-0.9168941,0.3550242,-1.0,0
1763545373728,1009.9262,-0.20638095,2.4125633,10.762917,0.015195262,-0.45425433,-0.24167338,34.03125,-31.63125,19.237501,46.950733,0.3361091,49.741684,0.026549356,0.17919905,0.9506209,0.25199822,0.08275841,-0.16114654,-0.91957986,0.3486485,-1.0,0
1763545373753,1009.92377,0.65922266,2.0727825,10.270593,-0.15370885,-0.55474156,-0.21723878,35.25,-31.3875,19.556252,46.950733,0.3361091,49.741684,0.026549356,0.17919905,0.9506209,0.25199822,0.08275841,-0.16114654,-0.91957986,0.3486485,-1.0,0
1763545373778,1009.924,1.477568,2.0620148,10.547563,-0.11339177,0.035964664,-0.24656029,35.625,-30.337502,17.90625,46.950733,0.3361091,49.741684,0.033416156,0.17250638,0.950092,0.25777894,0.073064916,-0.15980177,-0.92297524,0.34240565,-1.0,0
1763545373804,1009.924,0.8356933,2.425724,9.604192,0.123929195,0.31299183,-0.20853396,35.756252,-30.956251,19.95,46.950733,0.3361091,49.741684,0.032714635,0.17110252,0.9497749,0.2599636,0.07268277,-0.15831469,-0.9242816,0.3396428,-1.0,0
1763545373828,1009.8908,0.2213361,2.8899314,8.306086,0.36018115,0.3333031,-0.13370302,34.55625,-31.725,21.50625,46.950733,0.3361091,49.741684,0.02782421,0.17675072,0.94838715,0.26181453,0.07979625,-0.16014858,-0.9245358,0.33647954,-1.0,0
1763545373854,1009.8908,-0.047856454,3.0909286,5.771488,0.6155226,0.123471044,-0.024663666,35.11875,-31.893751,20.38125,46.950733,0.3361091,49.741684,0.027177751,0.18236388,0.94733083,0.2618572,0.08356044,-0.1643559,-0.9237339,0.33573875,-1.0,0
1763545373878,1009.8234,0.024526432,3.2841492,5.0596237,0.553978,0.09582941,-0.029856017,36.43125,-32.643753,21.35625,46.950733,0.3361091,49.741684,0.027658157,0.18844067,0.94617766,0.26167315,0.08669646,-0.1695836,-0.9226776,0.33524793,-1.0,0
1763545373906,1009.7651,0.10468599,3.391228,4.8436713,0.4344012,0.094760396,-0.092469655,35.4375,-33.24375,20.56875,46.950733,0.3361091,49.741684,0.028487487,0.19847628,0.9439872,0.2620754,0.09187988,-0.17822027,-0.92104757,0.33386672,-1.0,0
1763545373931,1009.7651,-0.38404804,3.671188,5.4664035,0.06543889,-0.059941106,-0.17279838,37.143753,-33.45,21.6375,46.950733,0.3361091,49.741684,0.02889639,0.20126435,0.9430181,0.26339057,0.09318738,-0.1807165,-0.92097646,0.3323553,-1.0,0
1763545373956,1009.73334,-0.37627137,3.9619162,6.6771717,-0.11843141,-0.073685564,-0.14989094,35.60625,-33.73125,22.44375,46.950733,0.3361091,49.741684,0.029347245,0.2020444,0.94237673,0.2650343,0.093311734,-0.18159325,-0.9213357,0.33084336,-1.0,0
1763545373982,1009.7443,-0.4552345,4.0510488,8.047661,-0.1390481,-0.02008218,-0.12331833,37.85625,-32.98125,19.21875,46.950733,0.3361091,49.741684,0.029130297,0.19996059,0.94206536,0.2677317,0.09233781,-0.17974016,-0.9225404,0.32876486,-1.0,0
1763545374007,1009.7443,-0.98883396,4.4135613,9.403194,-0.042684175,-0.061773703,0.092011504,34.96875,-33.300003,22.0125,46.950733,0.3361091,49.741684,0.0290201,0.19928375,0.9420958,0.26813987,0.09205435,-0.17911501,-0.92276645,0.3285512,-1.0,0
1763545374032,1009.77704,-0.80937225,4.963312,9.882358,-0.077198036,-0.08743002,0.17279838,37.40625,-34.29375,21.35625,46.950733,0.3361091,49.741684,0.029555537,0.19882135,0.94237286,0.2674507,0.09138118,-0.17903337,-0.9225344,0.3294341,-1.0,0
1763545374057,1009.82513,-0.5288138,5.2983074,10.729417,-0.13706279,-0.039171703,0.17295109,37.706253,-32.8875,20.475,46.950733,0.3361091,49.741684,0.030813564,0.19681284,0.94356036,0.26459342,0.08925357,-0.17809702,-0.92172444,0.33277512,-1.0,0
1763545374082,1009.82513,-0.5168497,5.0889354,11.651252,-0.15493058,0.06635518,0.18196134,35.625,-35.2125,20.98125,46.950733,0.3361091,49.741684,0.03020182,0.19559336,0.94432324,0.2628404,0.08904523,-0.176748,-0.921323,0.33465657,-1.0,0
1763545374107,1009.88666,-0.4432704,5.24746,12.696916,0.07383828,0.40065095,0.38064513,36.600002,-33.99375,20.79375,46.950733,0.3361091,49.741684,0.028630616,0.19507237,0.9453007,0.25987315,0.090009265,-0.17541738,-0.9204182,0.33757585,-1.0,0
1763545374133,1009.88666,-0.26261228,5.5274205,11.567503,0.17356196,0.32719445,0.3345248,37.425003,-33.54375,21.150002,46.950733,0.3361091,49.741684,0.025912318,0.19659133,0.9462267,0.25560883,0.09308813,-0.17508334,-0.9187263,0.34150013,-1.0,0
1763545374158,1009.9069,-0.14476576,5.3216376,10.890334,0.028328855,-0.11491894,0.18394665,35.943752,-33.693752,20.23125,46.950733,0.3361091,49.741684,0.025736682,0.19906873,0.9471218,0.2503385,0.09466482,-0.17700088,-0.9164044,0.34628335,-1.0,0
1763545374184,1009.9367,-0.4444668,4.1198425,11.7158575,-0.106672265,-0.23052509,0.05856666,35.550003,-34.10625,20.925001,46.950733,0.3361091,49.741684,0.027750177,0.19742665,0.9474289,0.25026327,0.09204183,-0.1768492,-0.91666955,0.34636635,-1.0,0
1763545374209,1009.9367,-2.25703,2.7535408,10.682158,0.35712683,0.34765843,0.33284494,36.65625,-33.6375,22.3125,46.950733,0.3361091,49.741684,0.024226895,0.20168817,0.94793546,0.24526101,0.09732762,-0.17830427,-0.91429025,0.35044003,-1.0,0
1763545374234,1009.90814,-1.8598214,3.385844,8.863613,0.42630726,0.013973532,0.4794525,36.225002,-34.29375,22.40625,46.950733,0.3361091,49.741684,0.024226895,0.20168817,0.94793546,0.24526101,0.09732762,-0.17830427,-0.91429025,0.35044003,-1.0,0
1763545374259,1009.8781,-0.096311115,3.330809,7.8610206,-0.051389,-0.26855144,0.12637265,36.80625,-32.11875,21.900002,46.950733,0.3361091,49.741684,0.030111486,0.20664947,0.9485126,0.23814479,0.095472686,-0.18573014,-0.9105192,0.356853,-1.0,0
1763545374284,1009.8781,-0.37806597,2.868396,8.045268,-0.2680933,0.061926417,-0.061620984,35.25,-33.16875,23.681252,46.950733,0.3361091,49.741684,0.032739777,0.20551154,0.9488268,0.23753017,0.09265837,-0.1863366,-0.91044456,0.3574686,-1.0,0
1763545374310,1009.85736,-1.2167503,2.8253253,8.12124,-0.37239844,0.23663375,-0.083612114,35.362503,-34.256252,21.88125,46.950733,0.3361091,49.741684,0.02804343,0.2001297,0.9498772,0.2385257,0.09332452,-0.17924531,-0.91194373,0.35709974,-1.0,0
1763545374335,1009.85736,-1.605584,2.9150562,8.339585,-0.33376125,0.1786016,0.03978257,36.24375,-33.54375,21.112501,46.950733,0.3361091,49.741684,0.02539688,0.19740643,0.9506582,0.23797967,0.093925625,-0.17547733,-0.91220844,0.35813612,-1.0,0
1763545374360,1009.82904,-0.5192425,3.0293136,8.068,0.055970486,-0.0041996953,0.28596106,36.881252,-33.975002,21.84375,46.950733,0.3361091,49.741684,0.02474479,0.19599709,0.9513952,0.23626263,0.09364957,-0.17394519,-0.91178834,0.36002067,-1.0,0
1763545374385,1009.8095,0.08793623,3.2727833,7.3639116,0.15615231,0.0009926553,0.292986,34.8375,-32.456253,22.743752,46.950733,0.3361091,49.741684,0.026321499,0.19770412,0.9523159,0.23089908,0.093324006,-0.17626794,-0.9094922,0.3647523,-1.0,0
1763545374410,1009.8095,0.42771706,3.5234313,6.876972,0.14500403,0.029550584,0.2115883,35.4375,-33.881252,22.143751,46.950733,0.3361091,49.741684,0.026966155,0.1991252,0.95250636,0.22880965,0.093604505,-0.17780946,-0.9084742,0.366465,-1.0,0
1763545374435,1009.77655,-0.24227329,3.6167514,6.4869423,0.13645191,0.102396205,0.051999863,35.25,-34.125,20.643751,46.950733,0.3361091,49.741684,0.02672279,0.2007017,0.9524851,0.22754519,0.09470426,-0.17895918,-0.90775067,0.3674146,-1.0,0
1763545374460,1009.7507,-0.8596215,3.6340995,6.3451676,0.057192214,-0.035964664,0.090178914,34.36875,-33.35625,22.087502,46.950733,0.3361091,49.741684,0.026276628,0.20232874,0.9523301,0.22680402,0.09602087,-0.18002047,-0.9071757,0.36797404,-1.0,0
1763545374485,1009.7507,-0.8709874,3.8781674,7.199405,-0.02527453,-0.21097742,0.20593779,34.893753,-33.5625,23.118752,46.950733,0.3361091,49.741684,0.029015172,0.20243777,0.9527529,0.22458635,0.09395098,-0.18164842,-0.90603524,0.37050936,-1.0,0
1763545374510,1009.7597,0.44745782,4.2634115,9.652048,0.2560287,-0.326889,0.17325652,34.706253,-32.34375,22.612501,46.950733,0.3361091,49.741684,0.032601763,0.20209694,0.9530971,0.22293401,0.09084952,-0.18344596,-0.90532315,0.3721344,-1.0,0
1763545374535,1009.7597,0.49830532,4.298706,9.656236,0.48601928,-0.22227842,0.063759014,35.081253,-34.66875,24.243752,46.950733,0.3361091,49.741684,0.036645446,0.20367318,0.9528658,0.22185747,0.08843809,-0.18709458,-0.9045802,0.37270495,-1.0,0
1763545374560,1009.7768,0.1369891,4.334,8.761918,0.49380782,-0.1503491,-0.0457385,34.0875,-33.787502,25.218752,46.950733,0.3361091,49.741684,0.042465847,0.21182676,0.9508128,0.22199374,0.088359945,-0.19714572,-0.9031277,0.37106135,-1.0,0
1763545374586,1009.789,-0.08554341,4.3794637,8.389834,0.17737986,-0.12515092,-0.10881029,32.9625,-35.1375,23.1,46.950733,0.3361091,49.741684,0.043798126,0.2133237,0.95014226,0.22316873,0.08815053,-0.19913505,-0.90325123,0.36974576,-1.0,0
1763545374611,1009.789,-0.3930211,5.3886366,10.06481,-0.47639817,0.24152066,-0.33742642,32.737503,-34.66875,24.487501,46.950733,0.3361091,49.741684,0.042224772,0.21150123,0.9502316,0.22481994,0.08837858,-0.1967357,-0.9042738,0.36847416,-1.0,0
1763545374636,1009.82245,-0.7926225,5.7870417,11.046466,-0.5419134,0.054748755,-0.46234828,36.037502,-34.443752,23.19375,46.950733,0.3361091,49.741684,0.038317986,0.20796087,0.9505162,0.22760251,0.089527026,-0.1915748,-0.90607834,0.36647797,-1.0,0
1763545374661,1009.86005,-0.46002015,5.495117,11.851052,-0.6549234,-0.3589594,-0.5643627,36.75,-32.381252,23.00625,46.950733,0.3361091,49.741684,0.036329772,0.19703518,0.9503633,0.23804744,0.08487716,-0.18148991,-0.9118717,0.358256,-1.0,0
1763545374686,1009.86005,-0.77647096,4.2352962,16.05584,-0.53381944,-0.28794637,-0.5446623,34.706253,-32.9625,23.56875,46.950733,0.3361091,49.741684,0.038227867,0.18839414,0.95028794,0.24494755,0.07829458,-0.17556672,-0.9158548,0.3525,-1.0,0
1763545374711,1009.93085,-0.80578303,2.9808588,16.094723,0.23037238,0.055665053,-0.40187266,33.65625,-34.575,24.075,46.950733,0.3361091,49.741684,0.038425684,0.18267073,0.9498936,0.25071335,0.07477158,-0.17103897,-0.9189595,0.3473734,-1.0,0
1763545374737,1009.9262,-0.64008003,2.210968,12.878172,0.77220947,0.03367392,-0.19310963,35.943752,-34.725002,24.768751,46.950733,0.3361091,49.741684,0.03844009,0.19087069,0.94691896,0.2558032,0.079303935,-0.17782056,-0.9199086,0.3403806,-1.0,0
1763545374763,1009.9262,1.0552348,2.6189444,7.9651084,0.2485456,-0.1550833,-0.1107956,35.1375,-33.675003,24.806252,46.950733,0.3361091,49.741684,0.04164363,0.1964581,0.9455237,0.25623235,0.07984742,-0.18426709,-0.91917557,0.3388012,-1.0,0
1763545374788,1009.9062,1.1557333,2.5998018,7.704889,-0.21067199,0.15615231,-0.25251624,36.0,-35.2125,24.956251,46.950733,0.3361091,49.741684,0.04364894,0.19811802,0.94476974,0.25739914,0.0790807,-0.18682134,-0.9194056,0.3369532,-1.0,0
1763545374813,1009.9062,0.4534399,2.5477579,8.206185,-0.3436878,0.49029535,-0.26687154,35.49375,-35.5125,25.331251,46.950733,0.3361091,49.741684,0.035841603,0.19441065,0.9448724,0.2610293,0.083120674,-0.17936294,-0.92192656,0.33312362,-1.0,0
1763545374838,1009.8803,-0.41635114,3.057429,7.7276206,0.2589303,0.22792892,0.029856017,36.6375,-33.6375,23.400002,46.950733,0.3361091,49.741684,0.030725885,0.19447607,0.9449451,0.26136854,0.08728118,-0.17648521,-0.9222802,0.33261728,-1.0,0
1763545374863,1009.83124,-0.029312078,3.4079776,6.4875402,0.5128973,-0.07047852,0.10346522,37.66875,-35.025,22.9125,46.950733,0.3361091,49.741684,0.029321218,0.19732046,0.94461185,0.2606022,0.09004528,-0.17800829,-0.9216134,0.33291692,-1.0,0
1763545374889,1009.83124,0.51146585,3.7525442,5.1942196,0.54985464,-0.14882194,0.049556404,35.49375,-35.5125,24.712502,46.950733,0.3361091,49.741684,0.034574244,0.20671126,0.94280183,0.2592303,0.091175325,-0.18871132,-0.9193546,0.33295983,-1.0,0
1763545374914,1009.77167,0.8662018,4.0534415,4.3316073,0.40828675,-0.108504854,-0.108657576,37.03125,-33.73125,24.91875,46.950733,0.3361091,49.741684,0.036729783,0.21054858,0.94160455,0.26019415,0.09163974,-0.19308531,-0.9189213,0.33151746,-1.0,0
1763545374939,1009.7275,-0.24466611,4.0121655,4.502694,-0.014584397,-0.08055779,-0.32078037,36.24375,-34.6875,24.73125,46.950733,0.3361091,49.741684,0.03771001,0.21272284,0.9403649,0.26275668,0.09212435,-0.19541276,-0.91934097,0.32884508,-1.0,0
1763545374964,1009.7275,-0.27158538,3.95055,5.3982077,-0.20273075,-0.06055197,-0.26595524,38.1375,-34.631252,26.85,46.950733,0.3361091,49.741684,0.037891064,0.21293189,0.9394573,0.2657899,0.092151664,-0.19566242,-0.9202624,0.32610038,-1.0,0
1763545374989,1009.72235,-0.046660043,4.066004,6.695716,-0.28061602,0.0193186,-0.22502731,37.93125,-34.275,25.612501,46.950733,0.3361091,49.741684,0.036214847,0.20920165,0.93903625,0.27043304,0.09142958,-0.19161806,-0.9224913,0.32238623,-1.0,0
1763545375014,1009.72235,-0.38883367,4.302295,8.72782,-0.14775293,0.042226028,-0.1740201,37.575,-36.05625,25.7625,46.950733,0.3361091,49.741684,0.034660984,0.20730582,0.938956,0.27236837,0.09159262,-0.18917683,-0.9235592,0.32072005,-1.0,0
1763545375039,1009.7558,-0.8739785,4.3292146,9.324232,-0.026190827,-0.003130682,-0.027412556,36.525,-35.193752,28.44375,46.950733,0.3361091,49.741684,0.03362809,0.2062328,0.93878835,0.2738863,0.09181133,-0.18770584,-0.9243061,0.31936723,-1.0,0
1763545375065,1009.80365,-1.0540384,4.636094,9.3511505,-0.06666062,0.0037415468,0.14790563,39.2625,-35.006252,25.050001,46.950733,0.3361091,49.741684,0.033461273,0.205537,0.93924785,0.27285254,0.091582365,-0.18702349,-0.9240194,0.32066035,-1.0,0
1763545375090,1009.80365,-0.16271193,5.041079,11.194222,-0.55443615,0.13034327,0.2314414,35.943752,-36.206253,25.1625,46.950733,0.3361091,49.741684,0.032767147,0.20290601,0.9404919,0.2706108,0.090664834,-0.18445712,-0.92367136,0.32339865,-1.0,0
1763545375116,1009.8671,-0.0029910284,4.944768,12.891332,-0.5965858,0.29405504,0.19601123,38.49375,-34.350002,26.025002,46.950733,0.3361091,49.741684,0.030682597,0.19822991,0.9421927,0.26839635,0.08965272,-0.17944053,-0.92379,0.32615274,-1.0,0
1763545375141,1009.9433,-0.613759,5.4107704,13.784453,-0.404927,0.47227484,0.2775617,37.518753,-32.7,25.425001,46.950733,0.3361091,49.741684,0.022251712,0.19076172,0.9455274,0.26285568,0.09212066,-0.16851984,-0.9234788,0.33211705,-1.0,0
1763545375167,1009.9433,-0.42053857,6.1160545,12.945768,-0.009697478,0.00038179048,0.4426479,37.706253,-32.550003,25.087502,46.950733,0.3361091,49.741684,0.018935837,0.19041997,0.94695145,0.25819498,0.094638824,-0.16631845,-0.9219264,0.33679885,-1.0,0
1763545375192,1009.9753,0.5312066,5.1966124,13.122838,0.04772381,-0.3853793,0.25755587,36.6375,-34.162502,25.743752,46.950733,0.3361091,49.741684,0.01982298,0.19044791,0.9480316,0.25411156,0.09394247,-0.16684775,-0.92042375,0.34081772,-1.0,0
1763545375217,1010.00165,-0.1692922,3.673581,12.923037,0.28290674,-0.11339177,0.06131555,36.43125,-33.5625,27.13125,46.950733,0.3361091,49.741684,0.026185054,0.19184919,0.9481726,0.25194633,0.089421846,-0.17174251,-0.919566,0.3419162,-1.0,0
1763545375242,1010.00165,-1.8047864,2.8283165,10.797612,0.4983893,0.17371467,0.058413945,37.40625,-34.706253,25.5375,46.950733,0.3361091,49.741684,0.02561042,0.19646844,0.947482,0.25104174,0.09251939,-0.1752025,-0.91855675,0.3420494,-1.0,0
1763545375267,1009.95966,-2.6183462,2.8313074,8.495118,0.39347327,-0.053221595,0.20211989,36.9375,-34.125,26.025002,46.950733,0.3361091,49.741684,0.026887337,0.19978514,0.9472053,0.24932876,0.093441054,-0.17862199,-0.9172469,0.34354204,-1.0,0
1763545375292,1009.95966,-0.9284152,2.6045876,8.45803,-0.19509494,-0.27420193,0.18974987,34.162502,-33.91875,27.225,46.950733,0.3361091,49.741684,0.03276765,0.19671167,0.9483834,0.2465755,0.086941205,-0.1794727,-0.9164723,0.34685624,-1.0,0
1763545375318,1009.93207,-0.65264237,2.3605196,8.820542,-0.29924738,-0.010766491,0.03810269,35.04375,-33.956253,27.300001,46.950733,0.3361091,49.741684,0.032078605,0.19367634,0.94908136,0.24638292,0.085709035,-0.17661695,-0.91701,0.3472075,-1.0,0
1763545375343,1009.91156,-1.332204,2.179263,8.842078,-0.13843723,0.18409938,0.12530364,35.2125,-33.825,27.431252,46.950733,0.3361091,49.741684,0.02976047,0.19118321,0.9497215,0.24615517,0.08612198,-0.17326199,-0.9174786,0.34755754,-1.0,0
1763545375368,1009.91156,-1.2221341,2.2701905,8.43111,0.12286018,0.17310381,0.30367616,34.48125,-35.381252,25.893751,46.950733,0.3361091,49.741684,0.02768074,0.1900547,0.9503662,0.24477895,0.08714926,-0.17114915,-0.91724855,0.3489528,-1.0,0
1763545375393,1009.87665,-0.71425754,2.5387847,7.550552,0.34246606,0.1514181,0.44509134,35.775,-33.15,28.25625,46.950733,0.3361091,49.741684,0.026712557,0.19452702,0.95138747,0.23729263,0.090488456,-0.17425883,-0.91382796,0.35547745,-1.0,0
1763545375418,1009.8212,0.23748764,3.2219357,5.7547383,0.42752898,0.1625664,0.44020444,34.66875,-33.0,26.04375,46.950733,0.3361091,49.741684,0.02710429,0.19880794,0.95170677,0.23236881,0.09262412,-0.17798878,-0.91127825,0.3596008,-1.0,0
1763545375444,1009.8212,0.37986058,3.4899318,5.094918,0.30657777,0.08391755,0.3191005,34.256252,-32.90625,25.931252,46.950733,0.3361091,49.741684,0.027540358,0.20308234,0.95188224,0.22785711,0.09472288,-0.18173745,-0.9088425,0.36332414,-1.0,0
1763545375469,1009.7802,0.07597212,3.7363925,4.7563334,0.08849903,-0.033521205,0.20150901,34.78125,-33.862503,26.85,46.950733,0.3361091,49.741684,0.0293444,0.2072194,0.95214474,0.22275367,0.09567097,-0.1861399,-0.90604496,0.36780632,-1.0,0
1763545375494,1009.7802,-0.11066805,3.8524444,5.246862,-0.16226095,-0.17631085,0.13874267,33.7125,-33.975002,27.581251,46.950733,0.3361091,49.741684,0.03100051,0.20565572,0.95264465,0.22184075,0.093462385,-0.18579578,-0.9058336,0.3690666,-1.0,0
1763545375520,1009.7636,0.0047856453,4.0307097,7.8173513,-0.3398699,-0.17783801,0.041462447,33.65625,-34.350002,26.23125,46.950733,0.3361091,49.741684,0.032626428,0.20254137,0.9533479,0.22145034,0.09036358,-0.18417905,-0.90612805,0.369925,-1.0,0
1763545375545,1009.79095,-0.20039889,4.3034916,9.015557,-0.2777144,-0.15370885,0.0041996953,32.25,-34.74375,27.16875,46.950733,0.3361091,49.741684,0.034582537,0.19639902,0.9544751,0.22183111,0.08523031,-0.18028954,-0.90724415,0.37032357,-1.0,0
1763545375570,1009.79095,-0.17766708,4.2592244,9.809975,-0.1146135,-0.12851068,-0.043905906,33.881252,-32.456253,27.337502,46.950733,0.3361091,49.741684,0.035454635,0.19512689,0.95454496,0.22251312,0.08377641,-0.17975834,-0.90771013,0.36977118,-1.0,0
1763545375595,1009.8293,-0.4139583,4.5266223,9.886545,-0.039629854,-0.08239039,-0.16653702,33.825,-32.71875,27.0375,46.950733,0.3361091,49.741684,0.036833804,0.19490132,0.95424324,0.22377813,0.082508296,-0.18037635,-0.90821904,0.3685037,-1.0,0
1763545375621,1009.8735,-0.74895346,4.8418765,9.792626,-0.25816673,0.17829616,-0.27893612,33.7125,-31.85625,27.000002,46.950733,0.3361091,49.741684,0.034373637,0.1927768,0.9538087,0.22782621,0.08332918,-0.17720234,-0.91012055,0.3651523,-1.0,0
1763545375647,1009.8735,-1.4673985,5.176872,10.295119,-0.47624546,0.39500043,-0.36308277,33.9375,-32.831253,28.275002,46.950733,0.3361091,49.741684,0.02884926,0.18964575,0.9539482,0.2306188,0.086090714,-0.17142397,-0.91171736,0.36328185,-1.0,0
1763545375671,1009.91327,-1.9962122,5.3096733,11.962318,-0.51198107,-0.07353285,-0.2173915,34.8375,-33.600002,25.743752,46.950733,0.3361091,49.741684,0.023926545,0.18593188,0.95417595,0.233249,0.08806164,-0.16549407,-0.91320294,0.36182484,-1.0,0
1763545375697,1009.97064,-0.7393822,4.7742796,13.103695,-0.55733776,-0.30764678,-0.1476002,37.03125,-32.1375,26.98125,46.950733,0.3361091,49.741684,0.023892082,0.17565665,0.95504856,0.2376051,0.082246356,-0.15704022,-0.91620266,0.3593697,-1.0,0
1763545375722,1009.97064,-0.31465617,4.2855453,14.852848,-0.37927067,-0.1295797,-0.14057526,33.5625,-34.10625,26.681252,46.950733,0.3361091,49.741684,0.023989966,0.17170237,0.9553646,0.23921119,0.07983178,-0.15389636,-0.9174943,0.35797632,-1.0,0
1763545375747,1010.0275,-0.9176475,2.1894326,12.999009,0.7141773,-0.012751802,0.09353867,33.862503,-31.725,27.900002,46.950733,0.3361091,49.741684,0.023083122,0.17324811,0.9549251,0.23993789,0.08138664,-0.15467371,-0.9177403,0.35665816,-1.0,0
1763545375772,1010.0275,-0.19980069,2.1421745,10.445868,0.7688497,-0.36338818,0.32719445,34.95,-31.593752,26.250002,46.950733,0.3361091,49.741684,0.024765166,0.17916155,0.95402586,0.23900305,0.08334643,-0.1605165,-0.9166632,0.35639355,-1.0,0
1763545375798,1010.0146,1.5547365,2.356332,9.223733,0.43699738,-0.4655553,0.3354411,34.74375,-32.49375,27.862501,46.950733,0.3361091,49.741684,0.030296264,0.18483937,0.9534131,0.23647395,0.082033105,-0.16838652,-0.9148747,0.35766023,-1.0,0
1763545375823,1009.98895,2.7762725,2.3653052,9.032906,0.07246383,-0.16073379,0.09644028,33.018753,-32.925003,28.687502,46.950733,0.3361091,49.741684,0.03881272,0.1871284,0.95344263,0.23328933,0.076104015,-0.17530438,-0.91367286,0.35871783,-1.0,0
1763545375849,1009.98895,0.7639086,2.6632116,8.718249,-0.054290608,0.36247188,-0.24732387,32.775,-32.831253,27.768751,46.950733,0.3361091,49.741684,0.036579378,0.1864595,0.9534104,0.23431437,0.07736901,-0.17354897,-0.9145976,0.35693982,-1.0,0
1763545375874,1009.94574,-0.04546363,2.7481568,8.13141,0.10254893,0.25831944,-0.1805869,35.756252,-31.893751,27.093752,46.950733,0.3361091,49.741684,0.030516826,0.18802159,0.95263815,0.23705882,0.08308931,-0.1714047,-0.915828,0.35351905,-1.0,0
1763545375900,1009.94574,-0.25842485,2.7888348,7.3429747,0.27801985,0.09445497,-0.07948878,35.756252,-31.893751,27.093752,46.950733,0.3361091,49.741684,0.030130517,0.1907492,0.95198804,0.23754086,0.08494971,-0.17342623,-0.91562045,0.35262746,-1.0,0
1763545375925,1009.8835,-0.11066805,3.1860433,5.5920267,0.29970554,0.010002911,-0.019013166,34.162502,-34.66875,27.431252,46.950733,0.3361091,49.741684,0.030842746,0.19409709,0.95126116,0.23764971,0.08628444,-0.17657845,-0.9151003,0.35208887,-1.0,0
1763545375950,1009.8193,0.12263216,3.4193435,5.343173,0.17829616,0.049861837,-0.074143715,33.131252,-33.80625,29.175001,46.950733,0.3361091,49.741684,0.031454425,0.197029,0.9506256,0.23769882,0.08747891,-0.17932445,-0.9145881,0.35173678,-1.0,0
1763545375975,1009.8193,0.123828575,3.551547,5.369494,0.07170025,0.039171703,-0.16180281,33.881252,-33.09375,28.593752,46.950733,0.3361091,49.741684,0.0310438,0.2000694,0.9495429,0.23953517,0.08959306,-0.18156146,-0.91469735,0.3497674,-1.0,0
1763545376001,1009.77386,-0.4546363,3.8638103,5.9204416,-0.18501566,-0.013515383,-0.1645517,35.381252,-32.943752,28.125002,46.950733,0.3361091,49.741684,0.03079028,0.19994491,0.9491044,0.24140145,0.089758806,-0.18129912,-0.91535413,0.348139,-1.0,0
1763545376026,1009.7563,-0.35832518,4.0528436,6.6975107,-0.3012327,0.053985175,-0.102090776,35.006252,-32.49375,29.531252,46.950733,0.3361091,49.741684,0.03020072,0.19857574,0.94900995,0.24297294,0.08949831,-0.17981783,-0.9160948,0.3470245,-1.0,0
1763545376052,1009.7563,-0.3912265,4.2311087,7.905886,-0.31955865,0.09109521,-0.052763447,35.4375,-31.931252,28.218752,46.950733,0.3361091,49.741684,0.028851455,0.1962618,0.94930243,0.24387167,0.08930636,-0.17713125,-0.9167827,0.3466388,-1.0,0
1763545376077,1009.77094,-0.7537391,4.252644,9.902099,0.035201084,0.0064904382,0.10957387,34.93125,-32.98125,28.48125,46.950733,0.3361091,49.741684,0.026439143,0.1925119,0.9500778,0.24411587,0.08915653,-0.17265852,-0.91748816,0.3470672,-1.0,0
1763545376102,1009.8044,-0.8877372,4.6151567,10.328021,0.18043418,0.023900084,0.24045165,33.91875,-32.100002,29.156252,46.950733,0.3361091,49.741684,0.026630087,0.19287641,0.9502604,0.24309489,0.08921526,-0.17306384,-0.91703963,0.34803435,-1.0,0
1763545376127,1009.8044,-0.26679972,4.8735814,10.277771,0.2183078,0.07704532,0.27893612,33.46875,-32.775,30.6375,46.950733,0.3361091,49.741684,0.027538355,0.1968294,0.95070386,0.23803808,0.09077173,-0.17680684,-0.9144436,0.3525517,-1.0,0
1763545376152,1009.83905,0.21774685,5.279763,10.013365,0.082848534,0.09063706,0.14530946,32.1375,-32.90625,29.7,46.950733,0.3361091,49.741684,0.027375849,0.19792327,0.9508767,0.23645464,0.09152707,-0.17761153,-0.91368777,0.3539091,-1.0,0
1763545376177,1009.8818,-1.1419746,5.3365927,10.880164,-0.3927097,0.360792,0.01763872,35.0625,-31.48125,29.306252,46.950733,0.3361091,49.741684,0.025388643,0.19692792,0.95120674,0.23618019,0.092596196,-0.17564483,-0.9137654,0.3544117,-1.0,0
1763545376202,1009.8818,-1.2658032,5.1816573,11.708679,-0.48189595,0.16485713,0.15355614,34.518753,-31.518751,26.118752,46.950733,0.3361091,49.741684,0.018722143,0.1904658,0.95325863,0.23381679,0.0944086,-0.16647747,-0.91390926,0.35796943,-1.0,0
1763545376227,1009.92474,-0.17228323,4.598407,13.1689,-0.50068,-0.33589926,0.17188208,34.987503,-30.6,26.79375,46.950733,0.3361091,49.741684,0.02103666,0.18500485,0.95450246,0.23292817,0.089348614,-0.163359,-0.9144636,0.3592868,-1.0,0
1763545376252,1009.92474,-0.86201435,3.0299118,14.230715,0.16195552,0.2126573,0.15737404,34.4625,-30.16875,28.368752,46.950733,0.3361091,49.741684,0.023236824,0.18109016,0.95535207,0.23231225,0.085208185,-0.16147184,-0.9149978,0.35978526,-1.0,0
1763545376277,1009.988,-1.7557336,3.0526435,11.435898,0.5125919,0.24258968,0.28565565,34.612503,-31.650002,27.825,46.950733,0.3361091,49.741684,0.021787383,0.18248133,0.955562,0.23049305,0.09061425,-0.165268,-0.9124841,0.36310923,-1.0,0
1763545376302,1009.988,-1.4267205,3.2967114,9.027522,0.52328205,-0.16974404,0.37362018,34.612503,-31.650002,27.825,46.950733,0.3361091,49.741684,0.020854315,0.18732205,0.95538634,0.22740327,0.09061425,-0.165268,-0.9124841,0.36310923,-1.0,0
1763545376327,1009.94916,-0.23030917,2.5609183,7.463812,-0.07017309,-0.24136795,0.14500403,33.206253,-30.562502,29.456251,46.950733,0.3361091,49.741684,0.028563662,0.19309099,0.95519537,0.22249052,0.08764625,-0.17440796,-0.90945274,0.36714542,-1.0,0
1763545376353,1009.90424,-0.26919255,2.2091734,7.841878,-0.20059273,0.019776747,0.06818778,32.86875,-30.825,28.10625,46.950733,0.3361091,49.741684,0.030874034,0.19180349,0.955582,0.22163269,0.08499436,-0.17469329,-0.90932095,0.3679587,-1.0,0
1763545376378,1009.862,-0.44207397,2.199004,7.8783684,-0.1466839,0.008323032,0.074449144,33.506252,-29.268751,27.187502,46.950733,0.3361091,49.741684,0.02998349,0.18820032,0.95660955,0.22040889,0.08357429,-0.17127086,-0.90962523,0.36913893,-1.0,0
1763545376404,1009.862,-0.34456646,2.370689,7.50449,-0.09674571,-0.23968807,0.085292,32.550003,-30.862501,29.23125,46.950733,0.3361091,49.741684,0.032062974,0.186618,0.9569218,0.2201052,0.08093444,-0.1711839,-0.9097685,0.36941424,-1.0,0
1763545376429,1009.8261,-0.20518455,2.821138,7.835896,-0.25618142,-0.22838707,0.101327196,32.04375,-29.062502,29.025002,46.950733,0.3361091,49.741684,0.035430618,0.18405332,0.9573005,0.22010079,0.0766947,-0.17102307,-0.9100977,0.36958247,-1.0,0
1763545376454,1009.8261,-0.11485548,2.9192436,8.315657,-0.18028148,-0.0017562362,0.12866339,33.0,-30.206251,28.687502,46.950733,0.3361091,49.741684,0.036951527,0.17934492,0.95849055,0.21855329,0.07272864,-0.1680493,-0.9102207,0.3714409,-1.0,0
1763545376479,1009.81586,0.42771706,3.1932218,8.407183,0.018707734,-0.012751802,0.09766201,35.175003,-28.968752,27.150002,46.950733,0.3361091,49.741684,0.037347123,0.1794088,0.95866936,0.21764873,0.072416075,-0.16833964,-0.90990347,0.37214693,-1.0,0
1763545376505,1009.80414,-0.050847482,3.626921,7.3806615,0.18577924,-0.142866,-0.17844887,33.84375,-28.875002,28.81875,46.950733,0.3361091,49.741684,0.039139986,0.18087608,0.9581926,0.21821795,0.07175567,-0.1705849,-0.90991557,0.37122175,-1.0,0
1763545376531,1009.80414,-0.8488538,3.539583,7.082755,0.063759014,-0.066813335,-0.13874267,34.40625,-29.79375,27.900002,46.950733,0.3361091,49.741684,0.04100328,0.18320532,0.9569336,0.22143245,0.07162076,-0.17353946,-0.9106148,0.3681511,-1.0,0
1763545376555,1009.79535,-0.43429732,3.5772698,7.5104723,-0.044364054,-0.058108512,-0.052305296,33.84375,-29.625002,29.025002,46.950733,0.3361091,49.741684,0.04123865,0.18286611,0.95684284,0.22206059,0.07127359,-0.17338027,-0.9108156,0.3677965,-1.0,0
1763545376580,1009.79926,0.16570297,4.0797625,9.183055,0.08926262,-0.117056966,-0.16042836,34.0875,-29.325,26.6625,46.950733,0.3361091,49.741684,0.042019583,0.18247084,0.95665383,0.22305313,0.07041266,-0.17350303,-0.9112193,0.36690342,-1.0,0
1763545376605,1009.79926,-0.29312077,3.9930227,9.474381,0.2769508,-0.13874267,-0.11980586,33.1875,-30.056252,27.88125,46.950733,0.3361091,49.741684,0.043098465,0.18319881,0.9560842,0.22468536,0.0699396,-0.17472191,-0.91170764,0.36519837,-1.0,0
1763545376630,1009.8171,-0.2650051,4.0707893,9.4019985,0.3730093,-0.25282165,-0.03413207,34.5,-29.175001,29.23125,46.950733,0.3361091,49.741684,0.04772593,0.18852055,0.9543871,0.22655599,0.06922763,-0.1817286,-0.91135365,0.36279035,-1.0,0
1763545376655,1009.8171,0.27158538,4.347759,9.206984,0.23174682,-0.29542947,-0.031230463,34.912502,-29.493752,27.056252,46.950733,0.3361091,49.741684,0.050924756,0.19011411,0.9537358,0.22726859,0.067530766,-0.18486837,-0.911218,0.36186332,-1.0,0
1763545376680,1009.85004,-0.08075777,5.051847,10.106087,-0.20914483,0.07841977,-0.38064513,31.931252,-29.56875,29.681252,46.950733,0.3361091,49.741684,0.05143164,0.18988778,0.9533366,0.2290122,0.06698265,-0.18497542,-0.9118991,0.3601909,-1.0,0
1763545376705,1009.8742,-0.9062816,4.910072,10.619946,-0.2939023,-0.08086322,-0.46357,34.66875,-30.6375,28.218752,46.950733,0.3361091,49.741684,0.048693426,0.18605849,0.9522705,0.23704904,0.0671019,-0.18023913,-0.91549087,0.3533945,-1.0,0
1763545376730,1009.8742,-0.7262217,4.5631127,11.4191475,-0.3974439,-0.42157304,-0.4475348,34.6875,-29.025002,28.743752,46.950733,0.3361091,49.741684,0.05064094,0.18173684,0.95171916,0.2421532,0.06306483,-0.17780776,-0.9178937,0.34911075,-1.0,0
1763545376755,1009.91864,0.10827523,4.019942,14.831911,-0.23678645,-0.058413945,-0.3420079,32.79375,-28.987501,28.95,46.950733,0.3361091,49.741684,0.052847948,0.1764767,0.95133996,0.24701346,0.058237005,-0.17477234,-0.9203734,0.34492883,-1.0,0
1763545376780,1009.98944,0.69272214,3.0478578,14.389239,0.3333031,0.31482443,-0.2635118,35.11875,-29.737501,29.5125,46.950733,0.3361091,49.741684,0.0521176,0.17404236,0.95094216,0.2504042,0.05738652,-0.1723768,-0.9220933,0.34166795,-1.0,0
1763545376805,1009.98944,1.0372887,2.9066813,11.29532,0.644386,0.12224931,-0.23770276,35.8125,-29.925001,29.456251,46.950733,0.3361091,49.741684,0.049702656,0.18322456,0.9484486,0.25377855,0.064397395,-0.1785905,-0.92245096,0.33621818,-1.0,0
1763545376832,1009.96844,1.6624135,3.1286156,8.938987,0.3917934,-0.26137376,-0.31971136,35.193752,-30.862501,29.56875,46.950733,0.3361091,49.741684,0.05278467,0.18607925,0.94688046,0.25691587,0.06340864,-0.1827322,-0.9231516,0.3322339,-1.0,0
1763545376857,1009.96014,1.3112668,2.14038,9.072986,-0.39713848,0.19799654,-0.5950587,36.600002,-28.968752,29.00625,46.950733,0.3361091,49.741684,0.05031688,0.18149333,0.94511616,0.26699075,0.06254613,-0.17765018,-0.9279453,0.32163006,-1.0,0
1763545376883,1009.96014,0.19680966,2.0697916,9.643075,-0.34353507,0.39133525,-0.4890736,36.206253,-29.60625,27.225,46.950733,0.3361091,49.741684,0.045024768,0.17919667,0.9446991,0.2709338,0.065485395,-0.17277247,-0.93002033,0.31768465,-1.0,0
1763545376908,1009.9284,-0.036490545,2.5495524,8.703893,0.24686573,-0.124998204,-0.09445497,37.0875,-28.893751,27.093752,46.950733,0.3361091,49.741684,0.0427495,0.17894989,0.94420266,0.27318645,0.06715681,-0.17129083,-0.9310009,0.31525663,-1.0,0
1763545376933,1009.9284,0.40558344,2.905485,7.5870423,0.4098139,-0.1476002,-0.03046688,36.15,-30.393751,30.056252,46.950733,0.3361091,49.741684,0.04431512,0.18067904,0.9435125,0.27418098,0.06681869,-0.1736203,-0.93107724,0.31382546,-1.0,0
1763545376958,1009.8818,0.56769717,3.1794631,6.4731836,0.43852454,0.020693045,-0.07154754,37.93125,-30.431252,28.48125,46.950733,0.3361091,49.741684,0.04779509,0.18804502,0.94169474,0.27489263,0.06809701,-0.1816813,-0.93011546,0.31183317,-1.0,0
1763545376984,1009.82416,0.4642076,3.370889,5.346762,0.34582582,0.17982332,-0.15722132,37.875,-30.69375,28.81875,46.950733,0.3361091,49.741684,0.046994086,0.19191036,0.9406948,0.275781,0.07095442,-0.18440038,-0.92981297,0.3104993,-1.0,0
1763545377009,1009.82416,0.18005991,4.0073795,4.9974103,-0.07841977,0.0063377223,-0.38934994,37.3875,-30.13125,29.306252,46.950733,0.3361091,49.741684,0.045629095,0.19401968,0.9397583,0.27772063,0.07330347,-0.1853436,-0.93011063,0.30849403,-1.0,0
1763545377034,1009.7685,-0.14057833,4.024728,5.793622,-0.22548546,-0.06207913,-0.48204866,37.350002,-31.125002,28.125002,46.950733,0.3361091,49.741684,0.044031266,0.19224115,0.93778884,0.28575632,0.0736742,-0.18294132,-0.93295914,0.30115083,-1.0,0
1763545377060,1009.75653,-0.637089,4.0031924,6.6442704,-0.30825764,0.039935283,-0.46280643,37.40625,-30.750002,29.94375,46.950733,0.3361091,49.741684,0.04198637,0.19006553,0.9370268,0.28998822,0.07415627,-0.17996837,-0.9346743,0.297483,-1.0,0
1763545377085,1009.75653,-1.2556337,4.3274198,8.20798,-0.25053093,0.1625664,-0.13614649,37.818752,-31.06875,27.45,46.950733,0.3361091,49.741684,0.0389034,0.18814316,0.93664837,0.2928799,0.07565447,-0.17660046,-0.9359047,0.29524747,-1.0,0
1763545377110,1009.7702,-1.6265212,4.5852466,9.145967,-0.13614649,0.03932442,0.0712421,38.1375,-31.650002,27.150002,46.950733,0.3361091,49.741684,0.035423975,0.18587746,0.93710136,0.29331803,0.07738069,-0.17267752,-0.9362412,0.29605263,-1.0,0
1763545377135,1009.7702,-1.0959128,4.6031923,10.266405,0.01244637,-0.20013458,0.2511418,37.987503,-31.556252,28.5375,46.950733,0.3361091,49.741684,0.037553,0.18554574,0.93767375,0.29142854,0.07549929,-0.17360102,-0.93553567,0.2982206,-1.0,0
1763545377160,1009.8061,1.1551352,4.5224347,10.894522,-0.028328855,-0.31665704,0.13629921,38.662502,-30.487501,28.10625,46.950733,0.3361091,49.741684,0.041906625,0.18542378,0.9381379,0.28941178,0.07184567,-0.17600095,-0.93478674,0.30005938,-1.0,0
1763545377185,1009.86957,0.8350951,4.87418,11.636296,-0.3343721,0.10483967,-0.05459604,37.2,-29.00625,27.712502,46.950733,0.3361091,49.741684,0.04525111,0.18415664,0.938456,0.28868556,0.0683096,-0.17690429,-0.93474823,0.30047363,-1.0,0
1763545377211,1009.86957,-0.7004988,5.0596237,12.927822,-0.40355253,0.7920625,-0.06345358,38.662502,-29.737501,28.368752,46.950733,0.3361091,49.741684,0.035249572,0.18000956,0.9397767,0.28839868,0.07406278,-0.16781141,-0.9357997,0.30105305,-1.0,0
1763545377235,1009.934,-1.747957,5.072784,12.942778,-0.1353829,1.0858885,0.16500984,38.025,-28.556252,27.45,46.950733,0.3361091,49.741684,0.02510351,0.18181397,0.94076616,0.28508347,0.08344916,-0.16347092,-0.93465483,0.30452228,-1.0,0
1763545377260,1009.935,-0.97507524,5.3300123,11.592628,0.061162837,-0.08025236,0.36491534,37.4625,-28.593752,25.650002,46.950733,0.3361091,49.741684,0.020093175,0.18426104,0.9417146,0.28074536,0.08900641,-0.1625845,-0.9328591,0.3088981,-1.0,0
1763545377285,1009.935,-0.66041905,4.113262,12.574283,0.18730642,-0.13080142,0.30703592,38.98125,-28.312502,25.63125,46.950733,0.3361091,49.741684,0.023853373,0.18598565,0.94299716,0.27494815,0.08692837,-0.16614187,-0.93055856,0.31448543,-1.0,0
1763545377310,1009.9648,-0.95712906,2.7182465,11.76192,0.48265955,0.22563818,0.35376707,38.025,-30.150002,25.837502,46.950733,0.3361091,49.741684,0.023574524,0.19047062,0.9431804,0.27124864,0.08965717,-0.16969508,-0.9287172,0.31725308,-1.0,0
1763545377336,1009.9372,-0.86081797,2.966502,7.9627156,0.407065,-0.1220966,0.44585493,37.575,-28.706251,26.268751,46.950733,0.3361091,49.741684,0.023436451,0.19631685,0.943348,0.26646757,0.09308917,-0.17442472,-0.92616767,0.321129,-1.0,0
1763545377360,1009.9372,-0.07956135,2.7595227,7.7090764,-0.009850195,-0.40935576,0.30428702,37.2,-30.50625,27.018751,46.950733,0.3361091,49.741684,0.026281312,0.19952759,0.94368887,0.26258215,0.092591844,-0.17868607,-0.9242259,0.32450643,-1.0,0
1763545377385,1009.9184,0.22731815,2.5310082,8.865408,-0.34445137,-0.2683987,0.11491894,37.74375,-29.325,26.587502,46.950733,0.3361091,49.741684,0.0324645,0.19412133,0.9452947,0.26015607,0.0843332,-0.177834,-0.9243286,0.3269244,-1.0,0
1763545377411,1009.9184,-1.0552348,2.2983062,9.68136,-0.22609633,0.41088292,0.08590286,36.787502,-30.4125,26.906252,46.950733,0.3361091,49.741684,0.030215267,0.19037049,0.9461841,0.25996563,0.0839567,-0.17350832,-0.9250963,0.32717425,-1.0,0
1763545377436,1009.91327,-1.4356936,2.684747,8.741579,0.030161448,0.33131778,0.27130032,37.331253,-28.500002,26.587502,46.950733,0.3361091,49.741684,0.025860561,0.1889599,0.94698507,0.25854394,0.08667854,-0.16988653,-0.9250314,0.32854572,-1.0,0
1763545377462,1009.8649,-1.0576276,3.12383,7.737192,0.19616395,0.05291616,0.40523243,37.162502,-28.63125,25.987501,46.950733,0.3361091,49.741684,0.023667466,0.19166028,0.9483403,0.251708,0.09003838,-0.17084174,-0.92220616,0.3350254,-1.0,0
1763545377487,1009.8649,0.03888337,3.6687953,6.515656,0.22533275,-0.0712421,0.3673588,38.456253,-28.743752,26.325,46.950733,0.3361091,49.741684,0.025877094,0.19378498,0.94887066,0.24783449,0.089444935,-0.17384434,-0.92041606,0.338544,-1.0,0
1763545377512,1009.8217,0.09212367,3.778267,6.1495543,0.10682498,0.009544762,0.28382304,38.4375,-28.7625,27.4125,46.950733,0.3361091,49.741684,0.027879078,0.19574992,0.9492741,0.24450631,0.08893214,-0.17659663,-0.9188304,0.3415486,-1.0,0
1763545377537,1009.7885,0.09212367,3.9218364,6.27099,-0.022678355,0.010461059,0.22456917,35.90625,-28.3875,25.35,46.950733,0.3361091,49.741684,0.029168144,0.19692077,0.95022094,0.2396905,0.08857951,-0.17827576,-0.9167855,0.34623083,-1.0,0
1763545377562,1009.7885,0.11784652,4.211966,7.000801,-0.07841977,-0.13782637,0.15615231,36.956253,-29.531252,27.618752,46.950733,0.3361091,49.741684,0.030712256,0.19610466,0.9506419,0.23849422,0.08686706,-0.17847802,-0.91640645,0.34756133,-1.0,0
1763545377587,1009.78046,-0.01794617,4.0707893,9.24467,0.20777038,-0.30443972,0.12560907,38.081253,-28.518751,24.50625,46.950733,0.3361091,49.741684,0.033690207,0.1955464,0.95077085,0.23803651,0.08412511,-0.17971197,-0.91621023,0.34811687,-1.0,0
1763545377613,1009.78046,0.29192436,3.8991046,9.349955,0.45654505,-0.20074543,0.14362958,35.006252,-29.85,26.60625,46.950733,0.3361091,49.741684,0.03725643,0.19676484,0.9505524,0.23737313,0.08189319,-0.18275103,-0.9156556,0.34852594,-1.0,0
1763545377638,1009.8034,0.48993045,4.107878,8.727222,0.5500074,-0.10881029,0.08239039,35.625,-29.775002,25.44375,46.950733,0.3361091,49.741684,0.04306463,0.20511547,0.9490197,0.23544502,0.08182825,-0.19295356,-0.9134264,0.34889144,-1.0,0
1763545377663,1009.81683,0.56111693,4.1964126,8.477771,0.24457498,-0.16027565,-0.14530946,36.581253,-29.306252,26.1,46.950733,0.3361091,49.741684,0.045201443,0.20908314,0.9479905,0.23570083,0.08231305,-0.19744238,-0.912777,0.34796444,-1.0,0
1763545377689,1009.81683,0.6125626,4.058227,9.170493,0.017180571,-0.08544471,-0.2664134,37.612503,-29.85,27.712502,46.950733,0.3361091,49.741684,0.047107253,0.21105488,0.9470858,0.23720278,0.08184766,-0.20016046,-0.91293913,0.34609094,-1.0,0
1763545377714,1009.8388,0.111266255,4.3441696,9.762716,-0.1485165,0.2955822,-0.3916407,35.268753,-30.581251,28.1625,46.950733,0.3361091,49.741684,0.043819677,0.21049511,0.9459541,0.24278088,0.08413084,-0.19786447,-0.9153606,0.34042117,-1.0,0
1763545377739,1009.8693,-2.2241287,5.296513,10.004392,-0.2512945,0.57123494,-0.25083634,36.6375,-28.931252,26.831251,46.950733,0.3361091,49.741684,0.03643277,0.21020702,0.94570845,0.24519709,0.09005859,-0.19340055,-0.916492,0.33842003,-1.0,0
1763545377764,1009.8693,-1.713261,5.291727,10.1395855,-0.32154396,0.07261655,-0.094760396,36.91875,-29.775002,26.550001,46.950733,0.3361091,49.741684,0.029762723,0.20960455,0.9457397,0.24648876,0.095291585,-0.18904863,-0.91707665,0.33786172,-1.0,0
1763545377789,1009.884,-0.5270192,5.102096,10.929217,-0.4493674,-0.38293585,-0.0796415,36.9,-30.54375,27.525002,46.950733,0.3361091,49.741684,0.030081674,0.20226362,0.9466772,0.24897152,0.0909517,-0.1831482,-0.91905314,0.33693594,-1.0,0
1763545377814,1009.884,0.20638095,4.41416,12.157333,-0.47700903,-0.32719445,-0.19036074,37.7625,-27.825,26.5125,46.950733,0.3361091,49.741684,0.031676807,0.19704455,0.9470672,0.25146246,0.08660853,-0.17980252,-0.9208919,0.3348554,-1.0,0
1763545377839,1009.9306,0.06819545,2.8319056,12.154941,-0.19219333,-0.10835214,-0.27374378,38.025,-30.16875,26.306252,46.950733,0.3361091,49.741684,0.03184503,0.19317038,0.9470726,0.25441048,0.084157445,-0.17676659,-0.92276704,0.33192188,-1.0,0
1763545377865,1009.9721,0.13399807,2.4335005,11.15175,-0.15752676,-0.082084954,-0.22243114,37.068752,-29.8875,25.612501,46.950733,0.3361091,49.741684,0.031868078,0.19072963,0.9468164,0.257187,0.08263852,-0.17482634,-0.92434245,0.32893407,-1.0,0
1763545377890,1009.9721,0.32662028,2.155335,10.340583,-0.1928042,0.06269,-0.18471023,36.9375,-28.275002,25.5375,46.950733,0.3361091,49.741684,0.030480495,0.18662393,0.9466172,0.26107138,0.08123302,-0.17075934,-0.92678106,0.32452938,-1.0,0
1763545377916,1009.9753,0.29850462,2.5232315,8.885747,-0.10789399,0.26778784,-0.13019055,36.693752,-29.437502,26.7,46.950733,0.3361091,49.741684,0.02766942,0.1852233,0.9466851,0.2621329,0.08264809,-0.16805528,-0.92763007,0.3231551,-1.0,0
1763545377941,1009.9345,0.14596218,2.922833,8.231908,-0.0005345067,0.19417864,-0.10942116,38.2125,-27.88125,24.45,46.950733,0.3361091,49.741684,0.022992704,0.18502785,0.946473,0.26348558,0.08625678,-0.16529895,-0.92847,0.32121566,-1.0,0
1763545377967,1009.9345,0.0849452,3.0490541,7.52782,0.12011129,0.11339177,-0.09048434,39.5625,-28.368752,25.10625,46.950733,0.3361091,49.741684,0.022232076,0.18640201,0.94606286,0.2640547,0.08763362,-0.16601305,-0.928514,0.3203463,-1.0,0
1763545377992,1009.8786,0.02632105,3.254837,6.140581,0.16348268,0.042989608,-0.108657576,38.0625,-27.7875,26.156252,46.950733,0.3361091,49.741684,0.022180302,0.18824783,0.9455214,0.26468852,0.08870596,-0.16751258,-0.9284652,0.31941062,-1.0,0
1763545378017,1009.8786,0.0017946169,3.4510484,5.8169518,0.07658717,0.043905906,-0.14836378,39.43125,-29.00625,25.462502,46.950733,0.3361091,49.741684,0.022157114,0.19000064,0.9449359,0.26552776,0.089712836,-0.16894613,-0.9284755,0.31834266,-1.0,0
1763545378042,1009.8244,-0.011964113,3.629912,5.81755,-0.0410043,0.046043932,-0.2126573,39.787502,-29.587502,23.15625,46.950733,0.3361091,49.741684,0.021094697,0.19109453,0.9438845,0.26855147,0.091233596,-0.16922927,-0.92928165,0.31539425,-1.0,0
1763545378067,1009.78925,-0.4235296,3.7172499,6.9003024,-0.2853502,0.027107125,-0.2777144,38.68125,-29.1,25.556252,46.950733,0.3361091,49.741684,0.02013101,0.18983632,0.9434549,0.27101654,0.09133321,-0.16763455,-0.9302884,0.31324175,-1.0,0
1763545378092,1009.78925,-0.6029913,3.8727834,7.897511,-0.3024544,0.067576915,-0.22319472,38.71875,-29.7,24.656252,46.950733,0.3361091,49.741684,0.01872658,0.18759608,0.9432095,0.27351886,0.09123715,-0.16498111,-0.93146807,0.31116596,-1.0,0
1763545378118,1009.78436,-0.91585284,4.071388,8.856435,-0.19020802,0.07857248,-0.12041672,39.393753,-29.250002,24.4125,46.950733,0.3361091,49.741684,0.015545501,0.18392083,0.9431406,0.27643615,0.0918037,-0.16012688,-0.9329951,0.30895257,-1.0,0
1763545378144,1009.80023,-0.8530413,4.260421,9.866804,0.19814926,0.0112246405,0.22884522,41.04375,-28.35,24.806252,46.950733,0.3361091,49.741684,0.015159401,0.1842402,0.94324917,0.27587405,0.09232498,-0.16015732,-0.932722,0.30960524,-1.0,0
1763545378169,1009.80023,-0.45762733,4.5218368,9.966704,0.28367034,-0.039935283,0.3333031,37.59375,-30.825,25.7625,46.950733,0.3361091,49.741684,0.015978703,0.18614139,0.9434854,0.27373594,0.09275162,-0.16217606,-0.93166333,0.31160796,-1.0,0
1763545378195,1009.8459,-0.13758731,4.7509494,10.162916,0.28275403,-0.023594651,0.34506226,39.80625,-27.975,24.45,46.950733,0.3361091,49.741684,0.019520469,0.19124535,0.9441862,0.2675011,0.092731,-0.16839473,-0.92871404,0.31707168,-1.0,0
1763545378220,1009.8791,-0.05742774,4.895117,10.526625,0.2531271,0.014584397,0.28489205,36.768753,-30.656252,24.768751,46.950733,0.3361091,49.741684,0.0207613,0.19363865,0.9444402,0.26477548,0.09305761,-0.17107669,-0.92739904,0.31938067,-1.0,0
1763545378245,1009.8791,-0.8045866,4.9046884,10.916057,0.07551816,0.3363574,0.25831944,39.693752,-29.23125,24.375002,46.950733,0.3361091,49.741684,0.020787694,0.19557245,0.94466746,0.26253217,0.09411107,-0.17269565,-0.9263559,0.32122278,-1.0,0
1763545378270,1009.9211,-0.927817,5.0674,10.794621,-0.027259842,0.36766425,0.36934412,37.78125,-28.556252,24.843752,46.950733,0.3361091,49.741684,0.015728531,0.19785877,0.9462363,0.25542435,0.09958927,-0.17168996,-0.9235732,0.3280504,-1.0,0
1763545378295,1009.9211,-0.047856454,5.1218367,10.908878,-0.20975569,-0.18119776,0.32169667,37.5,-28.35,26.718752,46.950733,0.3361091,49.741684,0.017637666,0.19556394,0.94737893,0.25281677,0.09670631,-0.17089252,-0.9230451,0.3308042,-1.0,0
1763545378320,1009.9399,-0.5694918,3.4283166,13.720445,-0.21097742,-0.11110103,-0.0014508038,37.893753,-27.91875,25.25625,46.950733,0.3361091,49.741684,0.022748621,0.19048433,0.9482386,0.2530649,0.08956152,-0.16964819,-0.9239945,0.33080566,-1.0,0
1763545378346,1009.9919,-1.5720844,2.3371894,12.652648,0.26137376,0.47929978,0.12331833,37.3875,-28.237501,25.800001,46.950733,0.3361091,49.741684,0.023266945,0.18789127,0.94867,0.25333923,0.087578766,-0.16785243,-0.9246676,0.3303716,-1.0,0
1763545378370,1009.9919,-2.1852453,2.9760733,10.00798,0.5116756,0.32612544,0.3096321,38.2125,-27.900002,24.768751,46.950733,0.3361091,49.741684,0.017836047,0.19597399,0.9485784,0.24794127,0.09656271,-0.17146309,-0.9216763,0.33434838,-1.0,0
1763545378397,1009.9604,-0.77347994,3.1663027,7.690532,0.04421134,-0.4087449,0.17982332,37.40625,-29.60625,26.343752,46.950733,0.3361091,49.741684,0.021376189,0.1988069,0.9486123,0.24526225,0.09530649,-0.17577769,-0.92008734,0.33683553,-1.0,0
1763545378422,1009.9118,-0.8021938,2.774478,8.109874,-0.2520581,-0.082543105,0.049709123,36.6375,-28.931252,26.831251,46.950733,0.3361091,49.741684,0.025461422,0.1982367,0.9488495,0.24441543,0.09163591,-0.17762016,-0.91977143,0.33774906,-1.0,0
1763545378447,1009.9118,-1.0929217,2.5998018,8.483154,-0.3682751,0.26564983,0.031230463,36.75,-28.425001,27.112501,46.950733,0.3361091,49.741684,0.022183105,0.19272348,0.9502869,0.24355723,0.09118726,-0.17122887,-0.9204982,0.33918813,-1.0,0
1763545378473,1009.8913,-1.1970096,2.786442,8.330014,-0.117362395,0.13675736,0.1824195,36.73125,-28.66875,24.656252,46.950733,0.3361091,49.741684,0.01849953,0.19060668,0.9511278,0.24224585,0.09301859,-0.16739376,-0.9204423,0.34075347,-1.0,0
1763545378498,1009.8913,-0.7423732,2.8947172,7.8981094,0.050319985,-0.045127634,0.2540434,36.881252,-27.0375,26.550001,46.950733,0.3361091,49.741684,0.017092269,0.18973199,0.9518001,0.24038859,0.09368692,-0.16587077,-0.9199269,0.34270138,-1.0,0
1763545378523,1009.85004,-0.23449662,3.1375887,7.396215,0.11140647,-0.05337431,0.26473352,36.99375,-27.281252,25.63125,46.950733,0.3361091,49.741684,0.019232625,0.19085568,0.95268464,0.23578857,0.092553526,-0.16801676,-0.9180631,0.3469357,-1.0,0
1763545378550,1009.8173,0.096909314,3.35713,6.921838,0.06895136,0.10529782,0.20746495,37.74375,-28.575,26.7,46.950733,0.3361091,49.741684,0.018938597,0.19176792,0.9530376,0.23363589,0.093304336,-0.16860577,-0.9171503,0.34885773,-1.0,0
1763545378575,1009.8173,-0.27876383,3.7208393,6.9266233,-0.062995434,0.21021384,0.048792824,36.73125,-27.91875,25.237501,46.950733,0.3361091,49.741684,0.01715674,0.1922827,0.95335066,0.23206845,0.09506196,-0.16801846,-0.9165207,0.35031813,-1.0,0
1763545378600,1009.7929,-0.7004988,3.8733816,7.3459654,-0.06666062,0.07765619,0.04894554,36.73125,-27.91875,25.237501,46.950733,0.3361091,49.741684,0.015278728,0.19235781,0.9535771,0.23120472,0.096667096,-0.16700435,-0.916182,0.35202712,-1.0,0
1763545378625,1009.7734,-1.041476,3.9786658,8.245069,-0.0112246405,-0.09155336,0.11140647,39.112503,-26.306252,24.88125,46.950733,0.3361091,49.741684,0.015484445,0.19199415,0.9539971,0.22975701,0.096361265,-0.16678137,-0.9155571,0.35306326,-1.0,0
1763545378650,1009.7734,-0.738784,4.1868415,10.176675,0.36980227,-0.042836893,0.31192282,37.256252,-26.75625,25.725,46.950733,0.3361091,49.741684,0.017157082,0.19300456,0.95420516,0.22792014,0.09558647,-0.16854775,-0.91462696,0.35484147,-1.0,0
1763545378675,1009.79266,-0.7298109,4.3064823,9.762716,0.624991,0.0020616686,0.37820166,37.350002,-27.73125,25.612501,46.950733,0.3361091,49.741684,0.018893082,0.19627157,0.95418215,0.2250714,0.09601829,-0.17222065,-0.9129823,0.35718888,-1.0,0
1763545378701,1009.79315,-0.5132605,4.5128636,8.669795,0.6727912,-0.08132137,0.47914705,35.0625,-27.243752,27.843752,46.950733,0.3361091,49.741684,0.024006395,0.20801078,0.95343333,0.21707164,0.09850686,-0.18477336,-0.90777415,0.36345735,-1.0,0
1763545378726,1009.79315,1.3734802,4.939384,8.37129,0.15401429,-0.27221662,0.22731806,36.43125,-28.462502,27.6,46.950733,0.3361091,49.741684,0.028212832,0.21192774,0.9533391,0.21315448,0.09727552,-0.19038601,-0.9054654,0.36663744,-1.0,0
1763545378752,1009.7995,1.0001999,5.2313085,9.235099,-0.09124792,-0.22319472,-0.058872093,36.80625,-26.681252,27.468752,46.950733,0.3361091,49.741684,0.031920545,0.21287633,0.95338744,0.21146521,0.09473408,-0.19328918,-0.90460247,0.36791185,-1.0,0
1763545378777,1009.81635,0.18783657,5.3018966,9.766904,-0.19738568,-0.17386739,-0.20746495,35.756252,-27.54375,26.7,46.950733,0.3361091,49.741684,0.03502587,0.20980121,0.9532435,0.2146716,0.09039559,-0.19254085,-0.90637416,0.3650241,-1.0,0
1763545378802,1009.81635,0.41575295,5.250451,9.932009,-0.70119643,-0.5643627,-0.55168724,34.237503,-28.556252,26.1375,46.950733,0.3361091,49.741684,0.036602434,0.20624603,0.953113,0.21839985,0.087098815,-0.19050185,-0.9083461,0.36198092,-1.0,0
1763545378827,1009.83075,-0.26979074,4.6462636,11.632109,-1.0492367,-0.541608,-0.71952236,35.568752,-27.69375,27.656252,46.950733,0.3361091,49.741684,0.039402016,0.19899611,0.95305544,0.2247956,0.08068822,-0.186122,-0.9119085,0.35675052,-1.0,0
1763545378853,1009.83075,-1.4231312,3.824329,13.993227,-0.93256146,-0.27267477,-0.60269445,36.075,-26.75625,25.687502,46.950733,0.3361091,49.741684,0.040775724,0.18847086,0.9532075,0.2328335,0.07357401,-0.17824362,-0.9166052,0.35021573,-1.0,0
1763545378878,1009.88983,-0.18843478,2.070988,12.414562,0.33055422,-0.26290092,0.020693045,37.893753,-26.962502,28.593752,46.950733,0.3361091,49.741684,0.038838267,0.17585582,0.9533557,0.24223755,0.06796202,-0.16677785,-0.922146,0.34236386,-1.0,0
1763545378904,1009.9216,1.3537394,2.2055843,9.605987,0.5316814,-0.5289325,-0.0012980876,35.8125,-26.531252,26.475,46.950733,0.3361091,49.741684,0.04179693,0.17765367,0.95284706,0.24243404,0.066466674,-0.16997057,-0.9220046,0.3414671,-1.0,0
1763545378929,1009.9216,2.1571295,2.231307,7.5086775,0.2483929,-0.49350238,-0.3033707,34.96875,-26.8875,29.062502,46.950733,0.3361091,49.741684,0.05303758,0.18176144,0.9504543,0.24654934,0.059291407,-0.17981862,-0.92284757,0.3354135,-1.0,0
1763545378954,1009.9045,1.6642082,2.065006,6.7842503,-0.24610215,-0.14103341,-0.5738311,35.568752,-27.69375,27.656252,46.950733,0.3361091,49.741684,0.053130638,0.17921357,0.9494757,0.25210187,0.057656452,-0.17780918,-0.9254003,0.32968757,-1.0,0
1763545378979,1009.87177,-0.14117654,2.137389,8.188837,-0.60223633,0.33849543,-0.52328205,36.7125,-26.325,27.6,46.950733,0.3361091,49.741684,0.04883652,0.17442015,0.9490964,0.257698,0.058414485,-0.17145015,-0.92838484,0.3244906,-1.0,0
1763545379005,1009.87177,-0.42412782,2.2354946,8.750552,-0.3172679,0.2534325,-0.36323547,35.550003,-27.91875,26.118752,46.950733,0.3361091,49.741684,0.039464697,0.16748616,0.9486902,0.26528803,0.062162682,-0.16045211,-0.9324556,0.31767505,-1.0,0
1763545379030,1009.8564,-0.25184458,2.4071796,8.420342,0.049098257,0.098578304,-0.22991423,37.612503,-26.98125,27.243752,46.950733,0.3361091,49.741684,0.038229905,0.16811958,0.948081,0.26723894,0.06352059,-0.16028368,-0.93309313,0.31561285,-1.0,0
1763545379055,1009.8564,-0.15194423,2.940779,6.5342007,0.28779367,0.07017309,-0.16668972,37.275,-26.5125,27.243752,46.950733,0.3361091,49.741684,0.038563147,0.1707046,0.947167,0.26878887,0.06468998,-0.16261116,-0.933249,0.31371823,-1.0,0
1763545379080,1009.8212,-0.23330021,3.2506495,6.094519,0.108657576,0.23922992,-0.12744166,36.768753,-27.45,28.743752,46.950733,0.3361091,49.741684,0.03842196,0.17366417,0.9462665,0.2700818,0.066483885,-0.16497086,-0.93322873,0.31216773,-1.0,0
1763545379105,1009.78754,-0.1896312,3.4648073,6.8446693,-0.08468113,0.44234246,-0.06223185,38.04375,-27.16875,26.2875,46.950733,0.3361091,49.741684,0.032045364,0.17615281,0.94589233,0.27061146,0.07320046,-0.16339654,-0.9331247,0.31180373,-1.0,0
1763545379130,1009.78754,0.41874397,3.8817565,8.983852,0.09430225,0.43302676,0.035201084,38.775,-27.73125,28.25625,46.950733,0.3361091,49.741684,0.026644085,0.17693713,0.9462354,0.26948455,0.078089476,-0.16099285,-0.93278754,0.312875,-1.0,0
1763545379155,1009.799,0.09930214,4.57747,9.046664,0.28916812,0.15340342,0.0029779659,39.881252,-26.625002,27.750002,46.950733,0.3361091,49.741684,0.023230534,0.17894197,0.94627285,0.2683427,0.082003176,-0.16073382,-0.9322416,0.31363305,-1.0,0
1763545379181,1009.81,-0.4660022,4.6432724,8.785249,0.30902123,0.0891099,0.04497492,38.475002,-27.768751,27.50625,46.950733,0.3361091,49.741684,0.023014197,0.18545836,0.94533247,0.26724902,0.085877046,-0.1659807,-0.9308261,0.31406727,-1.0,0
1763545379205,1009.81,-0.6263213,4.640281,8.721839,0.20196716,0.21876594,0.1589012,38.68125,-28.35,25.66875,46.950733,0.3361091,49.741684,0.021877503,0.18809746,0.94537723,0.26533464,0.08833733,-0.16749868,-0.9297231,0.3158413,-1.0,0
1763545379230,1009.8349,-0.94755775,5.2941203,10.488938,-0.029245151,-0.015042545,0.24992006,41.006252,-27.000002,26.41875,46.950733,0.3361091,49.741684,0.02080947,0.18926781,0.945844,0.26291373,0.089917384,-0.16783984,-0.9286681,0.31830835,-1.0,0
1763545379256,1009.8349,-1.0229317,4.996214,11.954542,0.00923933,-0.14408773,0.33009607,37.162502,-28.406252,29.23125,46.950733,0.3361091,49.741684,0.021359436,0.18920858,0.94647205,0.26064292,0.08947577,-0.16807795,-0.92781454,0.32078663,-1.0,0
1763545379281,1009.86224,-0.57906306,4.773681,13.04866,0.14958552,-0.0005345067,0.384463,39.16875,-27.206251,28.48125,46.950733,0.3361091,49.741684,0.024292797,0.19018815,0.9479167,0.25434685,0.08762302,-0.17053995,-0.9254208,0.3268557,-1.0,0
1763545379306,1009.91425,-0.9696914,5.3126645,11.373684,0.37911797,0.5616138,0.4406626,37.55625,-27.993752,28.087502,46.950733,0.3361091,49.741684,0.022269916,0.19386648,0.9484015,0.2499092,0.09133365,-0.17244801,-0.9233835,0.33057958,-1.0,0
1763545379332,1009.91425,-0.7070791,5.2307105,10.322039,0.26122105,0.19478951,0.4351648,38.90625,-27.843752,27.937502,46.950733,0.3361091,49.741684,0.018854434,0.19866607,0.9488334,0.24472702,0.0968802,-0.1744647,-0.9207794,0.33517402,-1.0,0
1763545379358,1009.9267,-0.24227329,4.523033,10.671391,0.108199425,-0.1268308,0.34826928,38.850002,-27.243752,29.60625,46.950733,0.3361091,49.741684,0.020729678,0.20231056,0.9499086,0.23730701,0.0974143,-0.17852095,-0.91743267,0.34199134,-1.0,0
1763545379383,1009.936,-0.60000026,3.5216367,11.359327,0.234343,0.12545635,0.3287216,38.2125,-28.931252,29.456251,46.950733,0.3361091,49.741684,0.02075086,0.20441423,0.95027673,0.23400567,0.098528944,-0.18029927,-0.9159795,0.34462413,-1.0,0
1763545379408,1009.936,-1.4249259,3.2267213,8.277371,0.7218131,0.16959134,0.5463422,39.2625,-27.562502,27.562502,46.950733,0.3361091,49.741684,0.019264616,0.20998284,0.95023084,0.2293413,0.10284971,-0.18408112,-0.9134072,0.34817138,-1.0,0
1763545379434,1009.9003,-0.64845496,3.6634114,6.4959154,0.49243337,-0.2514472,0.47807804,38.04375,-28.331251,29.906252,46.950733,0.3361091,49.741684,0.02013884,0.21671295,0.9499955,0.22391655,0.10593595,-0.19012536,-0.9101426,0.35252008,-1.0,0
1763545379460,1009.8383,0.037686955,3.35713,7.1431737,-0.5147299,-0.13141228,-0.11308634,36.375,-28.500002,31.1625,46.950733,0.3361091,49.741684,0.028489146,0.21975486,0.95025444,0.21888888,0.10082347,-0.19732833,-0.90741485,0.35706356,-1.0,0
1763545379485,1009.8383,-0.8009974,2.8558338,8.255239,-0.7714459,0.17753258,-0.31528258,36.206253,-28.650002,30.73125,46.950733,0.3361091,49.741684,0.02848067,0.21483916,0.9510485,0.22031723,0.09803564,-0.19327706,-0.90890336,0.35626915,-1.0,0
1763545379510,1009.821,-1.9411774,2.6991038,9.154342,-0.7761801,0.19494222,-0.30108,36.581253,-27.6,30.018751,46.950733,0.3361091,49.741684,0.02007446,0.20123783,0.95297015,0.22571728,0.097255565,-0.1773161,-0.9135798,0.35280633,-1.0,0
1763545379535,1009.821,-2.2839491,2.5202405,9.75135,-0.5655844,0.063759014,-0.13629921,37.068752,-27.4125,28.725,46.950733,0.3361091,49.741684,0.017499156,0.19596623,0.95379615,0.22707696,0.09641718,-0.17150135,-0.9149908,0.35225406,-1.0,0
1763545379560,1009.82025,-1.1126626,2.7762725,8.639286,-0.04130973,0.09048434,0.18257222,38.11875,-26.56875,28.706251,46.950733,0.3361091,49.741684,0.016439956,0.19326952,0.95448756,0.22656171,0.095768146,-0.16867672,-0.9152634,0.35308573,-1.0,0
1763545379585,1009.81586,-0.56111693,3.1334012,7.381858,0.024358233,0.15401429,0.142866,37.29375,-27.768751,28.087502,46.950733,0.3361091,49.741684,0.014473024,0.19342084,0.955286,0.22317626,0.09746666,-0.16769418,-0.91402614,0.35627955,-1.0,0
1763545379611,1009.81586,-0.6119644,3.31047,6.509674,-0.032604907,0.17814344,0.0655916,38.0625,-27.562502,28.612501,46.950733,0.3361091,49.741684,0.012884244,0.19362864,0.955486,0.2222352,0.09891072,-0.16695727,-0.9136239,0.357258,-1.0,0
1763545379636,1009.7753,-0.96490574,3.269194,6.626324,-0.09369139,0.08315397,0.07185297,36.5625,-27.093752,27.675001,46.950733,0.3361091,49.741684,0.011270134,0.19317415,0.95576096,0.22153546,0.1000191,-0.16564855,-0.9133802,0.35818064,-1.0,0
1763545379662,1009.7482,-1.1850454,3.3559337,6.980462,0.006185006,0.04344776,0.11003202,37.612503,-26.98125,27.54375,46.950733,0.3361091,49.741684,0.010050293,0.19294097,0.95625395,0.21966043,0.10096482,-0.16472203,-0.9125688,0.3604039,-1.0,0
1763545379687,1009.7482,-1.6199409,3.4917264,7.346564,0.13767365,-0.0077121677,0.19753839,39.6375,-27.768751,28.612501,46.950733,0.3361091,49.741684,0.01056975,0.19434488,0.9563721,0.21787718,0.10138238,-0.16614234,-0.9115457,0.36221927,-1.0,0
1763545379712,1009.737,-0.9667004,3.6885362,8.512466,0.44341147,-0.037033677,0.47166398,36.5625,-28.35,29.906252,46.950733,0.3361091,49.741684,0.011995439,0.19705823,0.95650643,0.21475644,0.10179878,-0.16915326,-0.909771,0.36515862,-1.0,0
1763545379738,1009.7492,-0.014356935,4.3375893,8.79482,0.48097965,-0.09277509,0.43363765,36.6375,-27.975,30.6375,46.950733,0.3361091,49.741684,0.0167538,0.20532028,0.95650876,0.20652771,0.10257496,-0.1786491,-0.9050805,0.37201095,-1.0,0
1763545379763,1009.7492,0.45224348,4.7688956,9.073584,0.3617083,-0.10636683,0.2700786,36.7125,-28.462502,29.268751,46.950733,0.3361091,49.741684,0.019239055,0.20852052,0.95628744,0.20411682,0.10232095,-0.18270566,-0.90357333,0.37377045,-1.0,0
1763545379789,1009.7868,-0.0951147,5.087141,9.802796,-0.058413945,0.36598435,-0.038713556,35.86875,-26.681252,30.956251,46.950733,0.3361091,49.741684,0.019426819,0.2101563,0.95616376,0.20299771,0.103062674,-0.18417695,-0.90289944,0.37447238,-1.0,0
1763545379815,1009.7868,-0.7788638,5.6596236,9.950553,-0.27908885,0.52358747,-0.12835796,37.3875,-27.2625,28.81875,46.950733,0.3361091,49.741684,0.016036972,0.21043548,0.95625544,0.20257093,0.10599848,-0.18249549,-0.9027655,0.3747988,-1.0,0
1763545379841,1009.8339,-0.6233303,5.9228344,10.4668045,-0.51976955,0.17279838,-0.23480114,36.956253,-27.300001,28.10625,46.950733,0.3361091,49.741684,0.007448174,0.20502809,0.9571171,0.20453706,0.11009221,-0.17312331,-0.9044174,0.37408176,-1.0,0
1763545379866,1009.85834,-0.111266255,5.7200427,11.68834,-0.85024744,-0.45165816,-0.43394306,38.8125,-26.737501,28.650002,46.950733,0.3361091,49.741684,0.009298767,0.1965125,0.95782804,0.20943235,0.103745975,-0.16715384,-0.90776587,0.37048274,-1.0,0
1763545379891,1009.85834,-1.4793626,3.7651064,15.955939,-0.7305179,-0.08223767,-0.50571966,35.475002,-27.975,30.150002,46.950733,0.3361091,49.741684,0.0089098485,0.17887628,0.9587505,0.22072908,0.09399782,-0.15244842,-0.9150968,0.36127785,-1.0,0
1763545379917,1009.9355,-1.7760726,2.6165516,15.593427,-0.083306685,0.084833845,-0.19158247,36.05625,-26.75625,27.093752,46.950733,0.3361091,49.741684,0.0089098485,0.17887628,0.9587505,0.22072908,0.09399782,-0.15244842,-0.9150968,0.36127785,-1.0,0
1763545379943,1009.977,0.51445687,2.6315067,10.892727,0.51976955,-0.45257443,0.25954118,37.575,-27.000002,29.41875,46.950733,0.3361091,49.741684,0.0096568195,0.1805214,0.9582676,0.22145312,0.09415591,-0.15432402,-0.9154789,0.35946786,-1.0,0
1763545379969,1009.977,1.7258233,2.75713,9.223135,0.35636324,-0.45440704,0.1146135,37.21875,-26.775002,27.900002,46.950733,0.3361091,49.741684,0.015484936,0.18390244,0.95793223,0.21978559,0.09116525,-0.1604643,-0.91447747,0.36009872,-1.0,0
1763545379994,1009.955,1.5756737,3.0622149,8.175676,0.061620984,-0.16653702,-0.101632625,38.662502,-27.393751,29.775002,46.950733,0.3361091,49.741684,0.02303106,0.18593557,0.9572201,0.22051571,0.085858606,-0.16652557,-0.91479886,0.3578276,-1.0,0
1763545380019,1009.9101,0.18843478,2.9449666,8.176873,-0.110490166,0.36949682,-0.2520581,36.0,-27.54375,29.925001,46.950733,0.3361091,49.741684,0.020846875,0.18485592,0.9570811,0.22223748,0.08698617,-0.16443758,-0.91580045,0.3559539,-1.0,0
1763545380044,1009.9101,-0.21535404,2.6632116,7.728817,0.1636354,0.27145302,-0.21616977,38.006252,-26.437502,27.7875,46.950733,0.3361091,49.741684,0.01691703,0.18460372,0.95682156,0.22389226,0.090044275,-0.16203935,-0.9166188,0.35418245,-1.0,0
1763545380069,1009.8537,-0.45702913,2.669792,6.5928245,0.40614873,0.03901899,-0.1683696,38.193752,-27.675001,28.7625,46.950733,0.3361091,49.741684,0.01466009,0.19046725,0.95502347,0.22679865,0.09516131,-0.16564119,-0.91687983,0.35048357,-1.0,0
1763545380094,1009.8537,-0.62452674,2.8498518,5.4388857,0.45898852,-0.116904244,-0.15340342,38.34375,-29.156252,28.06875,46.950733,0.3361091,49.741684,0.016428474,0.19458497,0.95379007,0.22836632,0.09603676,-0.17002986,-0.91670793,0.34858772,-1.0,0
1763545380119,1009.7817,-0.6622137,3.24048,4.773681,0.088651754,-0.039629854,-0.20777038,39.84375,-28.125002,28.931252,46.950733,0.3361091,49.741684,0.01767131,0.19765049,0.95272046,0.2300992,0.09677745,-0.17324008,-0.9167187,0.34676903,-1.0,0
1763545380144,1009.72943,-0.56470615,3.377469,5.485546,-0.12698352,-0.013515383,-0.24549128,40.125,-28.331251,27.525002,46.950733,0.3361091,49.741684,0.017813986,0.19870378,0.95202154,0.23206565,0.09730345,-0.17416246,-0.9171497,0.34501582,-1.0,0
1763545380169,1009.72943,-0.70229346,3.3960135,6.3535423,-0.2636645,-0.041157015,-0.2625955,36.975002,-29.2875,28.987501,46.950733,0.3361091,49.741684,0.016465353,0.1955463,0.95151204,0.23688628,0.096709505,-0.17075345,-0.9193025,0.3411355,-1.0,0
1763545380195,1009.71014,-1.5248263,3.5593238,8.58784,-0.08895718,-0.16775873,-0.08391755,39.5625,-28.1625,28.650002,46.950733,0.3361091,49.741684,0.0163939,0.1930754,0.9514831,0.2390254,0.09541257,-0.16865145,-0.9204089,0.33955935,-1.0,0
1763545380220,1009.7277,-1.875973,3.5210385,8.800203,0.13568833,-0.21403174,0.12728895,37.912502,-27.468752,30.16875,46.950733,0.3361091,49.741684,0.01737541,0.19198656,0.9513992,0.24016461,0.09402679,-0.16828457,-0.92090404,0.33878458,-1.0,0
1763545380246,1009.7277,-1.7988044,4.000201,8.432905,0.20150901,-0.29100072,0.34399322,38.60625,-29.1375,29.587502,46.950733,0.3361091,49.741684,0.023030648,0.19403592,0.9516947,0.23684771,0.09063347,-0.17310666,-0.9190426,0.34231618,-1.0,0
1763545380271,1009.75116,-0.37746778,5.096712,9.563514,-0.23113596,-0.28229588,0.42829257,38.25,-28.687502,30.525002,46.950733,0.3361091,49.741684,0.027161768,0.19382858,0.9524735,0.2334239,0.08717769,-0.17523508,-0.91761297,0.34594673,-1.0,0
1763545380296,1009.8798,0.15254244,5.0943193,11.232508,-0.4710531,-0.06360629,0.3398699,37.4625,-27.6375,29.456251,46.950733,0.3361091,49.741684,0.030048361,0.19124343,0.95372677,0.23006044,0.08338356,-0.17471159,-0.9166485,0.34968358,-1.0,0
1763545380322,1009.8798,0.08554341,4.9657054,13.124632,-0.5193114,0.22105668,0.3171152,36.45,-26.737501,29.6625,46.950733,0.3361091,49.741684,0.027878737,0.1824032,0.9569759,0.2239391,0.080142915,-0.16620852,-0.9159301,0.35640413,-1.0,0
1763545380348,1009.9357,-0.2973082,4.9435716,14.260625,-0.28672466,0.474871,0.43501207,37.93125,-27.468752,29.550001,46.950733,0.3361091,49.741684,0.023679119,0.18052994,0.9585527,0.21914521,0.08251029,-0.1623078,-0.91460294,0.36103973,-1.0,0
1763545380373,1009.9357,-0.055633128,5.2372904,12.348162,0.16623157,-0.042684175,0.54298246,37.443752,-26.8875,30.187502,46.950733,0.3361091,49.741684,0.020679116,0.18177375,0.9597176,0.21324416,0.08566978,-0.16164774,-0.9122696,0.36646265,-1.0,0
1763545380398,1009.9643,0.148355,4.6689954,12.21536,0.087888174,-0.3256673,0.43485937,37.143753,-26.41875,28.031252,46.950733,0.3361091,49.741684,0.02246325,0.18319158,0.96050936,0.20822486,0.084991165,-0.16382998,-0.91010475,0.37100622,-1.0,0
1763545380423,1009.9533,-0.23449662,3.3499517,12.120245,0.17050762,0.01687514,0.36308277,37.725002,-25.500002,30.54375,46.950733,0.3361091,49.741684,0.027370464,0.1845243,0.96160823,0.20127332,0.08161178,-0.1677435,-0.9072716,0.3769082,-1.0,0
1763545380449,1009.9533,-1.0522437,3.3170505,9.1669035,0.25572327,0.02008218,0.4909062,37.55625,-26.38125,29.85,46.950733,0.3361091,49.741684,0.02619697,0.1874486,0.9619835,0.19688617,0.08418526,-0.16951731,-0.90520805,0.38049322,-1.0,0
1763545380474,1009.9223,-0.08015956,3.3086755,8.774481,0.067118764,-0.23922992,0.3821723,35.8875,-27.4125,28.987501,46.950733,0.3361091,49.741684,0.030119738,0.18969145,0.96297914,0.18915932,0.08221919,-0.1735801,-0.9016548,0.3874644,-1.0,0
1763545380500,1009.9223,0.45882374,2.8313074,8.92822,-0.056428634,-0.1295797,0.14225514,35.8125,-26.94375,30.675001,46.950733,0.3361091,49.741684,0.031581126,0.18871549,0.9633376,0.18806879,0.08040587,-0.17362542,-0.9014606,0.3882755,-1.0,0
1763545380525,1009.8996,-1.1228321,2.3018954,7.873583,-0.21601705,0.35605782,-0.06956223,34.518753,-26.081251,30.91875,46.950733,0.3361091,49.741684,0.029758817,0.1875527,0.9635761,0.18830639,0.08119979,-0.17166305,-0.9019151,0.38792735,-1.0,0
1763545380551,1009.862,-1.8574286,2.1972094,7.7413793,-0.24060437,0.31497714,0.085597426,35.34375,-27.112501,30.88125,46.950733,0.3361091,49.741684,0.02209698,0.184251,0.96463346,0.1872054,0.085672565,-0.1646114,-0.9021486,0.38947552,-1.0,0
1763545380576,1009.862,-1.8574286,2.1397817,7.899904,-0.1390481,0.17142393,0.33040148,36.91875,-26.062502,27.73125,46.950733,0.3361091,49.741684,0.020380668,0.18306771,0.9655218,0.18395202,0.08644414,-0.16265477,-0.90099514,0.39278316,-1.0,0
1763545380601,1009.8388,-0.98943216,2.2917259,7.984849,0.042836893,0.0816268,0.542677,36.91875,-26.062502,27.73125,46.950733,0.3361091,49.741684,0.020364547,0.18335192,0.96643543,0.17880034,0.08661367,-0.1628825,-0.8988535,0.39752963,-1.0,0
1763545380627,1009.8132,0.85483587,3.1244283,6.9152575,0.337121,0.0796415,0.4718167,34.537502,-25.331251,30.712502,46.950733,0.3361091,49.741684,0.020944748,0.18550873,0.9670513,0.17308748,0.08731991,-0.16500731,-0.8962158,0.40242395,-1.0,0
1763545380652,1009.8132,0.951147,3.4666018,6.142974,0.29710937,0.06895136,0.27603453,35.775,-25.81875,29.062502,46.950733,0.3361091,49.741684,0.02247806,0.19166368,0.9671333,0.16556798,0.08946625,-0.17098549,-0.89218265,0.4083747,-1.0,0
1763545380677,1009.78314,-0.15972091,3.5090744,5.9994044,-0.13843723,0.01809687,0.06635518,35.831253,-25.556252,28.743752,46.950733,0.3361091,49.741684,0.022628434,0.19293909,0.96708816,0.16432746,0.09007246,-0.17211758,-0.8914183,0.40943363,-1.0,0
1763545380702,1009.788,-0.24586253,3.2787652,7.252047,-0.24625486,-0.021303909,0.06223185,34.275,-26.60625,30.825,46.950733,0.3361091,49.741684,0.022422627,0.19192706,0.9674024,0.16368523,0.089706704,-0.17114764,-0.8912333,0.41032222,-1.0,0
1763545380727,1009.788,-0.13519448,3.0963125,8.395218,-0.1928042,-0.07704532,0.01962403,35.4,-26.85,30.093752,46.950733,0.3361091,49.741684,0.022789685,0.18774503,0.9682969,0.16319482,0.08704562,-0.16790077,-0.8916949,0.411233,-1.0,0
1763545380752,1009.82245,-0.46241298,3.293122,9.022736,-0.12056944,-0.016722424,-0.025427246,35.11875,-25.275002,30.956251,46.950733,0.3361091,49.741684,0.022651121,0.18652909,0.9684835,0.16350369,0.086457886,-0.16682687,-0.89206344,0.41099474,-1.0,0
1763545380777,1009.84564,-0.64965135,3.6023946,9.700503,0.14072797,0.55443615,-0.03459022,35.8875,-25.931252,30.300001,46.950733,0.3361091,49.741684,0.019840287,0.18679921,0.96851504,0.16337377,0.08892884,-0.16546679,-0.89202327,0.4111045,-1.0,0
1763545380802,1009.84564,-0.9457632,4.186243,8.965906,0.18654284,0.5834522,-0.031688612,37.85625,-24.862501,29.718752,46.950733,0.3361091,49.741684,0.009407339,0.19167617,0.9679651,0.16190946,0.10029847,-0.16361082,-0.8907356,0.4120216,-1.0,0
1763545380828,1009.8625,-1.2610176,4.8705907,8.459825,0.0014508038,0.4739547,-0.021914775,36.393753,-24.768751,31.25625,46.950733,0.3361091,49.741684,0.0048134546,0.19274648,0.9678971,0.16125044,0.10475908,-0.16186376,-0.89014626,0.4128744,-1.0,0
1763545380853,1009.8625,-1.4584254,5.9204416,10.529616,-0.47502372,0.13691007,-0.020693045,35.475002,-24.993752,30.900002,46.950733,0.3361091,49.741684,0.0012304723,0.19114845,0.9682868,0.16087681,0.10691214,-0.15845832,-0.89000696,0.4139425,-1.0,0
1763545380878,1009.92865,-0.42831525,5.9174504,11.909677,-0.7190642,-0.1871537,-0.022983788,38.79375,-24.0,28.650002,46.950733,0.3361091,49.741684,-0.0003204228,0.18072952,0.9702082,0.161348,0.10244813,-0.14888799,-0.8914718,0.41546932,-1.0,0
1763545380903,1010.04803,1.0289137,5.705087,14.263616,-0.91835886,-0.45058912,-0.15722132,37.03125,-24.581251,30.4125,46.950733,0.3361091,49.741684,0.0026128865,0.17156702,0.971506,0.16350643,0.09482259,-0.14300603,-0.8938368,0.41426286,-1.0,0
1763545380929,1010.04803,-0.6149554,3.501896,16.444674,-0.08727731,0.17524183,-0.358654,37.5,-24.6375,27.900002,46.950733,0.3361091,49.741684,0.002710818,0.16441083,0.97214603,0.16701579,0.090623856,-0.1372063,-0.89656717,0.41125298,-1.0,0
1763545380954,1010.061,-1.608575,2.3234308,13.991432,0.5480221,-0.12759438,-0.11980586,35.625,-23.71875,28.81875,46.950733,0.3361091,49.741684,0.00045678797,0.16345435,0.9717752,0.17010541,0.09185949,-0.13520114,-0.8982606,0.40793428,-1.0,0
1763545380979,1010.0297,-1.2963116,2.0907288,11.286944,0.7578541,-0.6398045,0.2164752,35.662502,-24.093752,30.056252,46.950733,0.3361091,49.741684,0.009379938,0.17339565,0.96992344,0.17057176,0.08997431,-0.14852153,-0.897346,0.40572912,-1.0,0
1763545381004,1010.0297,1.9202402,2.0249262,8.935996,0.40248352,-0.25068364,0.045127634,36.65625,-24.243752,31.050001,46.950733,0.3361091,49.741684,0.017466944,0.1776291,0.96933013,0.16894108,0.08559738,-0.15662155,-0.8961516,0.40626967,-1.0,0
1763545381029,1009.9821,1.4578272,2.4041886,7.8227353,0.18745913,0.31864235,-0.26244277,37.0125,-23.85,31.612501,46.950733,0.3361091,49.741684,0.020957645,0.1805621,0.9687451,0.1687931,0.08422672,-0.16108304,-0.8959314,0.40529618,-1.0,0
1763545381055,1009.9821,0.18065812,2.7206392,6.9966135,0.04085158,0.5148826,-0.43211046,37.40625,-24.16875,30.656252,46.950733,0.3361091,49.741684,0.012931712,0.18387105,0.96740556,0.17364007,0.0925775,-0.15939006,-0.8979177,0.39971,-1.0,0
1763545381081,1009.8842,-0.8063812,2.5860431,6.5515485,0.039935283,0.31467173,-0.42416924,37.96875,-24.337502,29.38125,46.950733,0.3361091,49.741684,0.009238612,0.18484648,0.9666428,0.17705289,0.09618346,-0.15812126,-0.89919734,0.39647266,-1.0,0
1763545381106,1009.8161,-1.0989038,2.5669005,5.8971114,0.15874848,-0.09689843,-0.17936517,38.25,-24.956251,31.3875,46.950733,0.3361091,49.741684,0.008692249,0.18595266,0.96590406,0.17993255,0.097278394,-0.15871632,-0.9001498,0.3937973,-1.0,0
1763545381131,1009.8161,-0.8751749,2.9365916,5.5447683,0.108504854,0.0051159924,-0.14408773,37.912502,-24.6,30.018751,46.950733,0.3361091,49.741684,0.009117513,0.18855077,0.9647899,0.18315531,0.09844687,-0.1610675,-0.90089166,0.3908448,-1.0,0
1763545381156,1009.7663,-0.90029955,3.2201412,5.499305,0.006185006,0.12545635,-0.12759438,38.381252,-25.06875,31.06875,46.950733,0.3361091,49.741684,0.0076334714,0.18909532,0.9645109,0.1841272,0.100028574,-0.16065371,-0.90109056,0.3901544,-1.0,0
1763545381181,1009.74603,-0.7722835,3.394219,5.749953,-0.093233235,0.1117119,-0.10468695,38.9625,-25.237501,29.775002,46.950733,0.3361091,49.741684,0.0061699236,0.18870565,0.96444863,0.18490952,0.10106846,-0.15947738,-0.9013591,0.3897486,-1.0,0
1763545381206,1009.74603,-0.61675006,3.7130625,7.0462646,-0.23128867,-0.025121814,-0.117820546,39.300003,-24.225,30.91875,46.950733,0.3361091,49.741684,0.0055327867,0.18733788,0.96452254,0.185931,0.10086718,-0.15796173,-0.90189284,0.38918278,-1.0,0
1763545381233,1009.7553,-0.9517452,3.6681972,7.8496547,-0.19005531,0.028634287,-0.042989608,38.756252,-24.768751,30.393751,46.950733,0.3361091,49.741684,0.00441132,0.18386224,0.9649055,0.18743666,0.09989775,-0.154419,-0.9029066,0.38850346,-1.0,0
1763545381257,1009.7778,-1.0887343,3.7704902,8.732606,0.12835796,0.0066431547,0.27130032,39.9,-24.150002,30.243752,46.950733,0.3361091,49.741684,0.0038291335,0.18360984,0.96517867,0.18628721,0.10026251,-0.15386574,-0.9024195,0.3897586,-1.0,0
1763545381282,1009.7778,-0.89371926,4.1162534,8.7780695,0.24075708,-0.15202898,0.3852266,38.925003,-25.275002,31.95,46.950733,0.3361091,49.741684,0.0043585305,0.18491603,0.9654112,0.18376148,0.10058683,-0.15522638,-0.9011234,0.3921271,-1.0,0
1763545381308,1009.8139,-0.6693921,4.429713,8.968898,0.21769693,-0.3024544,0.4240165,36.16875,-24.54375,29.8875,46.950733,0.3361091,49.741684,0.010745911,0.18871014,0.96588767,0.17701411,0.09750945,-0.16192251,-0.8975632,0.39831308,-1.0,0
1763545381332,1009.8139,-0.41575295,4.5003014,9.522238,0.052458014,-0.17356196,0.3239874,37.443752,-24.656252,30.843752,46.950733,0.3361091,49.741684,0.014782064,0.18874955,0.96639705,0.17387167,0.09422093,-0.16421731,-0.89615655,0.40132093,-1.0,0
1763545381357,1009.88983,-0.049052864,4.314259,11.672787,-0.40171996,0.21662793,0.23159412,37.18125,-23.7,31.743752,46.950733,0.3361091,49.741684,0.016724272,0.18666126,0.96725225,0.17117436,0.091440514,-0.16358718,-0.8953391,0.40403685,-1.0,0
1763545381383,1009.9499,-1.1156535,4.424927,12.598809,-0.4464658,0.6451496,0.3003164,36.61875,-23.625,31.181252,46.950733,0.3361091,49.741684,0.014558404,0.18319778,0.96839094,0.16866054,0.09124957,-0.15952075,-0.89492965,0.406605,-1.0,0
1763545381408,1009.9499,-1.6797615,4.8191447,12.903894,-0.35193446,0.5799397,0.54053897,37.893753,-24.618752,31.087502,46.950733,0.3361091,49.741684,0.0029471929,0.17756993,0.9712094,0.1587828,0.09767978,-0.14831874,-0.8916551,0.416427,-1.0,0
1763545381434,1010.01263,-0.5916254,4.71087,12.966706,-0.33971718,-0.21296273,0.58818644,38.15625,-23.456251,28.837502,46.950733,0.3361091,49.741684,0.0053606783,0.17408215,0.9726565,0.15364322,0.093724675,-0.1467958,-0.8899388,0.42151594,-1.0,0
1763545381459,1010.01605,-0.40498522,2.3431716,13.771293,0.07200569,0.2115883,0.32612544,37.4625,-23.15625,30.431252,46.950733,0.3361091,49.741684,0.008817897,0.17083196,0.97427887,0.14669399,0.08887471,-0.14615956,-0.8878353,0.4271851,-1.0,0
1763545381484,1010.01605,-2.2007985,2.288735,10.97169,0.33773187,0.5665007,0.39316785,37.8375,-22.85625,28.837502,46.950733,0.3361091,49.741684,0.004235647,0.17432135,0.97437024,0.1421146,0.09457715,-0.14649588,-0.88547736,0.43072492,-1.0,0
1763545381509,1009.9587,-1.9543378,2.8905299,8.52443,-0.15065452,-0.50281805,0.6141482,38.23125,-23.081251,29.587502,46.950733,0.3361091,49.741684,0.0043771854,0.1762678,0.97479355,0.13670905,0.0956135,-0.14814694,-0.88261414,0.43577844,-1.0,0
1763545381535,1009.9587,-0.8925229,2.3449662,9.650253,-0.36506808,-0.23755004,0.5116756,37.10625,-22.2,28.725,46.950733,0.3361091,49.741684,0.00946228,0.17421255,0.9757894,0.13188916,0.09030563,-0.14927983,-0.8805717,0.4406289,-1.0,0
1763545381560,1009.9526,-0.8249256,1.8490537,9.786046,-0.3501019,0.3116174,0.37239844,36.881252,-20.98125,30.375002,46.950733,0.3361091,49.741684,0.008940489,0.1669364,0.9781492,0.12359871,0.0865712,-0.14301439,-0.8780627,0.44839504,-1.0,0
1763545381585,1009.8991,-1.8173488,1.8987048,9.111869,-0.22991423,0.5156462,0.41317368,35.7,-21.73125,30.075,46.950733,0.3361091,49.741684,0.0041014994,0.16506234,0.97907376,0.11895681,0.08949431,-0.13875593,-0.8762861,0.45261493,-1.0,0
1763545381610,1009.8991,-1.925624,2.2031915,7.652247,0.019165883,0.051236283,0.76548994,36.2625,-21.16875,29.831251,46.950733,0.3361091,49.741684,0.0013917086,0.16446826,0.97987676,0.11308838,0.09140776,-0.13673475,-0.8736213,0.45796734,-1.0,0
1763545381635,1009.8566,-0.9206385,2.3042881,7.382456,0.085292,-0.010002911,0.8890373,34.143753,-20.643751,31.25625,46.950733,0.3361091,49.741684,0.0030320035,0.16536005,0.9813987,0.09748405,0.09059303,-0.13836925,-0.86596346,0.47196838,-1.0,0
1763545381660,1009.821,-0.034097724,2.5878377,7.192825,0.13355032,0.083764836,0.8755983,35.662502,-20.493752,30.468752,46.950733,0.3361091,49.741684,0.003749317,0.1666718,0.9819784,0.08903973,0.090730414,-0.13986224,-0.86171496,0.47922212,-1.0,0
1763545381685,1009.821,0.8219346,3.3613176,6.5485573,0.19891284,0.2164752,0.5637518,35.60625,-21.487501,30.393751,46.950733,0.3361091,49.741684,0.0035910145,0.16865174,0.982299,0.08144981,0.09196392,-0.14141744,-0.85774887,0.48560333,-1.0,0
1763545381710,1009.7836,0.57487565,3.8123646,5.9246287,0.027107125,0.23892449,0.32200208,33.65625,-20.19375,30.975,46.950733,0.3361091,49.741684,0.0013737874,0.17164052,0.98251134,0.07217443,0.095510505,-0.14261872,-0.8525949,0.49357828,-1.0,0
1763545381736,1009.7836,-0.008973085,4.019344,6.189036,-0.27359107,0.34246606,0.13110685,34.3125,-21.375,30.50625,46.950733,0.3361091,49.741684,0.0013737874,0.17164052,0.98251134,0.07217443,0.095510505,-0.14261872,-0.8525949,0.49357828,-1.0,0
1763545381761,1009.7751,-1.628914,3.6041892,9.193823,-0.36125016,0.474871,0.15599959,35.1375,-20.175001,30.35625,46.950733,0.3361091,49.741684,-0.0065464964,0.16607328,0.98367786,0.06893028,0.099020205,-0.13348515,-0.8513653,0.4975478,-1.0,0
1763545381786,1009.80707,-1.7682959,3.580261,10.48176,-0.04497492,0.26335907,0.33589926,35.925003,-19.331251,28.5375,46.950733,0.3361091,49.741684,-0.011301258,0.16313654,0.9842795,0.06670626,0.10133114,-0.12834844,-0.85045725,0.4999812,-1.0,0
1763545381811,1009.80707,-1.1760724,3.7166517,11.067403,0.3580431,0.0037415468,0.4541016,37.612503,-18.91875,29.41875,46.950733,0.3361091,49.741684,-0.012943973,0.16641235,0.9842077,0.05891635,0.104563,-0.13010491,-0.8458962,0.506556,-1.0,0
1763545381837,1009.84344,-0.17168503,3.993621,9.57488,0.7294489,-0.050778136,0.31238097,36.375,-20.643751,29.175001,46.950733,0.3361091,49.741684,-0.010411593,0.17286919,0.9833417,0.055160925,0.106106214,-0.13687135,-0.8430936,0.5091178,-1.0,0
1763545381862,1009.8615,-0.18245272,4.258028,8.550154,0.4654026,0.26458082,0.16012293,34.10625,-21.0,29.118752,46.950733,0.3361091,49.741684,-0.008976303,0.17985348,0.98225856,0.05233657,0.10885734,-0.14345023,-0.840616,0.5108198,-1.0,0
1763545381887,1009.8615,-0.70169526,4.6929235,8.270791,0.0712421,0.48647743,-0.0020616686,35.925003,-19.837502,30.88125,46.950733,0.3361091,49.741684,-0.015492891,0.18581311,0.9812141,0.049521107,0.11766088,-0.14464599,-0.8379485,0.5129091,-1.0,0
1763545381912,1009.8691,-1.6211374,5.415556,8.797213,-0.3256673,0.31467173,-0.101327196,34.48125,-20.475,30.45,46.950733,0.3361091,49.741684,-0.019006193,0.18331726,0.9816029,0.049892347,0.119238995,-0.1405294,-0.83816326,0.513338,-1.0,0
1763545381937,1009.9504,-0.46779683,4.7581277,12.774682,-0.9088904,-0.80030924,-0.17142393,35.662502,-19.85625,28.743752,46.950733,0.3361091,49.741684,-0.017036224,0.17721544,0.9826804,0.05149125,0.1142588,-0.13652924,-0.839604,0.51319563,-1.0,0
1763545381962,1009.9504,-0.4139583,4.112066,15.142978,-0.9017128,-0.62025684,-0.19524765,36.206253,-18.675001,27.993752,46.950733,0.3361091,49.741684,-0.005088779,0.15925638,0.98557,0.057110906,0.09424055,-0.12848054,-0.84520745,0.5101332,-1.0,0
1763545381987,1010.0041,-0.93978107,2.836093,16.348362,-0.40248352,0.05093085,-0.117820546,37.068752,-17.34375,28.143751,46.950733,0.3361091,49.741684,-0.006080092,0.15497278,0.986182,0.058166344,0.09256451,-0.12444094,-0.84660697,0.50911975,-1.0,0
1763545382012,1010.0041,-2.2151556,0.85124665,11.055439,0.83161604,0.087124586,0.44234246,34.18125,-18.50625,29.2875,46.950733,0.3361091,49.741684,-0.009570041,0.15778725,0.9857901,0.05685306,0.096924365,-0.124875925,-0.8459829,0.5092392,-1.0,0
1763545382037,1009.93646,-1.5565311,1.2843475,8.550154,0.873613,-0.3033707,0.7624356,36.375,-17.79375,29.00625,46.950733,0.3361091,49.741684,-0.009718483,0.16505302,0.9848285,0.052690417,0.10105601,-0.13086112,-0.84319514,0.51155156,-1.0,0
1763545382062,1009.87836,0.19561325,1.6683956,7.408777,0.62056226,-0.35850126,0.79694945,34.331253,-19.125,29.60625,46.950733,0.3361091,49.741684,-0.00061304355,0.1782912,0.98319787,0.039164048,0.10088049,-0.14700769,-0.8346346,0.52114964,-1.0,0
1763545382088,1009.87836,1.6959131,2.3688943,7.063014,0.019013166,0.26687154,0.2485456,36.018753,-18.075,29.681252,46.950733,0.3361091,49.741684,0.0014267692,0.18084292,0.9829324,0.033728756,0.10056093,-0.150312,-0.8316009,0.52510357,-1.0,0
1763545382112,1009.82587,0.6538388,2.7846475,7.076773,-0.16119194,0.30199626,0.0032833982,35.568752,-17.38125,29.23125,46.950733,0.3361091,49.741684,-0.00021407868,0.18099222,0.98300207,0.030800324,0.10193391,-0.14955838,-0.83024925,0.5271887,-1.0,0
1763545382137,1009.82587,-0.30149564,2.8965118,7.3525457,-0.23770276,0.16760603,-0.024663666,36.075,-18.45,29.85,46.950733,0.3361091,49.741684,-0.0028512802,0.17954794,0.983282,0.030179547,0.10327976,-0.14689751,-0.8302147,0.5277291,-1.0,0
1763545382162,1009.7829,-0.48095736,2.8283165,7.600203,-0.20089816,0.1503491,0.02649626,36.15,-18.1875,28.743752,46.950733,0.3361091,49.741684,-0.0060685636,0.1755313,0.98400974,0.02961095,0.10368885,-0.14176278,-0.83047515,0.5286426,-1.0,0
1763545382188,1009.7568,-0.5377869,3.2913275,7.140781,-0.105908684,0.30596688,0.07704532,35.15625,-17.2875,29.118752,46.950733,0.3361091,49.741684,-0.008419133,0.17441942,0.98421806,0.028668363,0.105015054,-0.1395165,-0.8300904,0.52958184,-1.0,0
1763545382214,1009.7568,-0.5688936,3.6370904,7.0492554,-0.13889538,0.27924156,0.06620247,35.25,-17.643751,27.73125,46.950733,0.3361091,49.741684,-0.013940906,0.17264237,0.98453426,0.02631694,0.10865565,-0.134884,-0.8287425,0.5321523,-1.0,0
1763545382239,1009.7421,-0.74177504,3.798606,7.3190465,-0.15340342,0.21571162,0.07551816,35.8875,-17.34375,28.725,46.950733,0.3361091,49.741684,-0.01599248,0.17153223,0.9847256,0.02522907,0.109771736,-0.13277508,-0.8281095,0.53343755,-1.0,0
1763545382264,1009.7338,-1.1419746,3.7830527,7.929216,-0.060704686,0.13309216,0.2870301,36.318752,-17.306252,29.1375,46.950733,0.3361091,49.741684,-0.017438745,0.17075866,0.9848757,0.023606524,0.110582896,-0.13127857,-0.8271117,0.5351855,-1.0,0
1763545382289,1009.7338,-0.9601201,3.897908,8.23131,-0.00068722287,0.06666062,0.4484511,34.93125,-16.2,29.7,46.950733,0.3361091,49.741684,-0.018489527,0.1708002,0.98499686,0.01632637,0.11155673,-0.13065094,-0.8227711,0.541787,-1.0,0
1763545382314,1009.7375,-0.5832505,4.1222353,8.535796,0.09750929,0.029092435,0.5483275,35.4,-17.5125,29.400002,46.950733,0.3361091,49.741684,-0.0179284,0.17207102,0.984859,0.011087442,0.11185499,-0.13197851,-0.8195163,0.5463179,-1.0,0
1763545382339,1009.7526,0.15254244,4.503292,8.749356,0.15615231,0.123471044,0.45471248,35.68125,-16.85625,28.725,46.950733,0.3361091,49.741684,-0.017411245,0.17408948,0.9845582,0.005902774,0.11260064,-0.13390817,-0.8162029,0.5506383,-1.0,0
1763545382364,1009.7526,0.13100705,4.4231324,9.065806,0.08193224,0.23953535,0.33192864,33.581253,-16.331251,29.212502,46.950733,0.3361091,49.741684,-0.017703338,0.1759584,0.98423743,0.0013655147,0.113939516,-0.13524996,-0.81320083,0.5544634,-1.0,0
1763545382389,1009.77484,-0.4761717,4.338187,9.2691965,-0.099800035,0.25557056,0.21555892,34.706253,-17.34375,29.156252,46.950733,0.3361091,49.741684,0.021307644,-0.176363,-0.9840831,0.0047374493,0.11719965,-0.13349968,-0.8093912,0.55975705,-1.0,0
1763545382415,1009.77484,-1.3058829,3.9834516,10.165309,-0.3331504,0.17295109,0.19295691,36.412502,-14.043751,28.331251,46.950733,0.3361091,49.741684,0.022773692,-0.17334394,-0.98457384,0.006905274,0.11673451,-0.13015306,-0.8084406,0.5620116,-1.0,0
1763545382440,1009.8261,-2.0691934,3.3499517,12.8686,-0.3259727,0.39438957,0.6230057,35.775,-14.3625,27.806252,46.950733,0.3361091,49.741684,0.024527147,-0.16922493,-0.9852172,0.010414424,0.1158587,-0.12575938,-0.80696696,0.5653014,-1.0,0
1763545382467,1009.88324,-1.591227,3.8380876,13.557734,-0.07506001,0.49243337,0.9832632,35.025,-15.168751,27.300001,46.950733,0.3361091,49.741684,0.027581114,-0.16596882,-0.98559874,0.016991772,0.11652043,-0.12136457,-0.80365,0.5708242,-1.0,0
1763545382491,1009.88324,-0.2847459,4.478766,13.734802,0.20013458,0.21448989,1.1086432,35.0625,-14.175,28.1625,46.950733,0.3361091,49.741684,0.03124879,-0.16724902,-0.9846884,0.037947547,0.12022336,-0.120395474,-0.79128766,0.58729476,-1.0,0
1763545382516,1009.91034,-0.41874397,3.3338,11.22174,0.8917862,0.2850448,0.7732785,35.831253,-15.468751,28.48125,46.950733,0.3361091,49.741684,0.030894853,-0.17266472,-0.9833693,0.04708794,0.122957066,-0.12509656,-0.7851898,0.59389335,-1.0,0
1763545382541,1009.85834,-1.7706888,3.5162528,8.626724,0.88140154,0.18043418,0.78335774,35.8875,-13.725,28.050001,46.950733,0.3361091,49.741684,0.033662442,-0.18938582,-0.97935796,0.06206972,0.13462195,-0.13739456,-0.773678,0.6036737,-1.0,0
1763545382567,1009.85834,-1.5194423,3.9714873,6.9822564,0.41561714,-0.30566147,0.7564797,35.8875,-15.225,28.143751,46.950733,0.3361091,49.741684,0.029999813,-0.19391748,-0.9781671,0.0684427,0.13420741,-0.14315154,-0.7688688,0.608553,-1.0,0
1763545382593,1009.8549,0.42951167,3.2207394,9.788439,-0.7557161,-0.43669197,0.19830199,35.662502,-12.637501,28.331251,46.950733,0.3361091,49.741684,0.022414677,-0.19204573,-0.9784766,0.07210099,0.12694989,-0.14583467,-0.76680624,0.6120655,-1.0,0
1763545382617,1009.8549,0.15553348,2.475375,11.342578,-0.804738,0.15340342,-0.072921984,35.943752,-13.462501,28.031252,46.950733,0.3361091,49.741684,0.01730125,-0.18520957,-0.9798051,0.07333856,0.11885845,-0.14308959,-0.7672508,0.6137787,-1.0,0
1763545382642,1009.8798,-0.9349955,1.9830518,11.553146,-0.45318532,0.6671407,-0.07903063,35.68125,-10.5,26.6625,46.950733,0.3361091,49.741684,0.024374852,-0.17182939,-0.9820754,0.07352201,0.11699873,-0.1281829,-0.769706,0.61435586,-1.0,0
1763545382667,1009.8422,-1.9357935,2.0380867,8.383852,0.44967285,0.647593,0.42004588,34.818752,-13.837501,28.95,46.950733,0.3361091,49.741684,0.03248934,-0.17134626,-0.98171747,0.076244906,0.12336026,-0.12327779,-0.7682168,0.6159771,-1.0,0
1763545382693,1009.8422,-1.5086746,2.353341,6.86441,0.6269763,0.37194028,0.5916989,36.3375,-12.937501,27.975,46.950733,0.3361091,49.741684,0.038617533,-0.17491761,-0.98048025,0.08107105,0.13039848,-0.12281556,-0.7646593,0.6190386,-1.0,0
1763545382718,1009.77313,-0.887139,2.4741786,5.7373905,0.60544336,0.25389066,0.6547707,35.568752,-12.281251,29.550001,46.950733,0.3361091,49.741684,0.04387125,-0.18640509,-0.97704196,0.09334325,0.14120829,-0.12935191,-0.754912,0.6272449,-1.0,0
1763545382743,1009.7155,-0.34396824,2.6279175,5.076373,0.44906196,0.2514472,0.6593522,36.3375,-12.937501,28.275002,46.950733,0.3361091,49.741684,0.045516334,-0.19078808,-0.97548276,0.09981799,0.14505422,-0.1320266,-0.74988407,0.63182443,-1.0,0
1763545382769,1009.7155,0.5204389,3.2207394,5.0847483,-0.0029779659,0.03733911,0.42844528,34.725002,-12.225,27.7875,46.950733,0.3361091,49.741684,0.046575285,-0.19319274,-0.9743393,0.10567906,0.1473095,-0.13338923,-0.7455177,0.6361687,-1.0,0
1763545382794,1009.6933,0.27876383,3.5186458,5.736792,-0.2334267,-0.21281002,0.24014622,37.66875,-11.55,26.98125,46.950733,0.3361091,49.741684,0.043134816,-0.19199967,-0.97404915,0.111826204,0.14387435,-0.13425578,-0.74143255,0.64152426,-1.0,0
1763545382820,1009.7138,-0.16031912,3.3511481,6.914659,-0.39729118,-0.3427715,0.1786016,34.85625,-10.837501,28.1625,46.950733,0.3361091,49.741684,0.039121807,-0.1888745,-0.9746881,0.113043435,0.13882661,-0.13390769,-0.7411378,0.643048,-1.0,0
1763545382845,1009.7138,-0.3260221,3.7998023,9.307482,-0.3351357,-0.14362958,0.33819002,36.600002,-12.4125,28.06875,46.950733,0.3361091,49.741684,0.03580278,-0.18520093,-0.97528654,0.11504238,0.13402236,-0.1327375,-0.7404639,0.6450829,-1.0,0
1763545382870,1009.7597,-0.021535404,4.278367,10.0265255,-0.117056966,-0.15935935,0.3682751,35.325,-11.53125,26.906252,46.950733,0.3361091,49.741684,0.031223744,-0.18162057,-0.9753579,0.12130964,0.12824205,-0.132344,-0.7368881,0.65041137,-1.0,0
1763545382896,1009.7597,0.60059845,4.4111686,10.028319,0.053679742,-0.37132943,0.2994001,35.8875,-10.743751,28.81875,46.950733,0.3361091,49.741684,0.02714707,-0.18277463,-0.9749906,0.12348907,0.12554316,-0.13558194,-0.7352785,0.6520905,-1.0,0
1763545382921,1009.8056,0.8739785,4.6618166,10.23829,-0.23464844,-0.2673297,-0.081015944,34.03125,-10.556251,28.06875,46.950733,0.3361091,49.741684,0.021783225,-0.18351951,-0.974956,0.12371981,0.12155826,-0.13920313,-0.7350106,0.65238446,-1.0,0
1763545382946,1009.85736,0.12921242,4.692325,10.789237,-0.39057165,0.19387321,-0.18486296,35.456253,-10.89375,26.868752,46.950733,0.3361091,49.741684,0.018932872,-0.18181622,-0.97548014,0.12257002,0.11827122,-0.13938251,-0.7359643,0.651875,-1.0,0
1763545382971,1009.85736,-0.5102694,4.642076,11.181062,-0.3768272,0.2994001,-0.16302454,36.7125,-10.40625,27.6375,46.950733,0.3361091,49.741684,0.023337524,-0.17421608,-0.9770553,0.120274514,0.11766717,-0.13057703,-0.7383075,0.65115756,-1.0,0
1763545382996,1009.88104,0.21714866,4.6558347,11.493325,-0.4956404,-0.4673879,-0.2607629,36.09375,-9.20625,26.7,46.950733,0.3361091,49.741684,0.022925574,-0.17100866,-0.97780895,0.11881794,0.11553969,-0.12814131,-0.7396299,0.65052134,-1.0,0
1763545383021,1009.9323,0.42412782,4.145565,12.86202,-0.598113,-0.50465065,-0.37743807,35.5125,-10.650001,26.85,46.950733,0.3361091,49.741684,0.018378552,-0.16696528,-0.9789797,0.11568769,0.109531075,-0.12735038,-0.7422221,0.6487613,-1.0,0
1763545383047,1009.9323,0.11784652,3.1812577,14.233108,-0.36277732,-0.26549712,-0.3652208,36.018753,-10.21875,27.69375,46.950733,0.3361091,49.741684,0.011099633,-0.15836203,-0.9814383,0.10759665,0.098620914,-0.12440118,-0.7490449,0.6432185,-1.0,0
1763545383072,1009.9594,0.18843478,2.0865414,13.969897,0.16607887,-0.16058108,-0.23006694,35.41875,-10.293751,28.06875,46.950733,0.3361091,49.741684,0.01005745,-0.15951303,-0.9815264,0.10516575,0.09831758,-0.12601283,-0.75096756,0.64070445,-1.0,0
1763545383097,1009.94916,1.3100704,2.0195422,9.9756775,0.5646681,-0.41882417,-0.053527027,36.225002,-10.70625,27.225,46.950733,0.3361091,49.741684,0.0077955597,-0.16460128,-0.9808354,0.10395561,0.099216,-0.13156964,-0.7515932,0.6387122,-1.0,0
1763545383123,1009.94916,2.2175484,1.8125632,8.707481,0.26229006,-0.27068946,-0.20502149,36.09375,-11.325001,27.281252,46.950733,0.3361091,49.741684,0.0018231798,-0.17246711,-0.97987294,0.10049323,0.098560646,-0.14154181,-0.7534484,0.63448185,-1.0,0
1763545383149,1009.9213,2.288735,1.8000008,8.446664,-0.07261655,0.044516772,-0.40950847,35.081253,-10.44375,28.25625,46.950733,0.3361091,49.741684,0.002310158,-0.17149091,-0.98041624,0.09680899,0.098339505,-0.1405124,-0.7563024,0.63134164,-1.0,0
1763545383174,1009.9213,0.64965135,1.9076779,8.541779,-0.102090776,0.41836601,-0.5958222,35.737503,-10.875,27.6,46.950733,0.3361091,49.741684,0.0055971825,-0.16902825,-0.9812781,0.09216349,0.0996079,-0.13667503,-0.7599259,0.6276232,-1.0,0
1763545383200,1009.87665,-0.010169496,1.989632,7.7551384,0.07628174,0.35636324,-0.5423716,36.018753,-10.21875,27.69375,46.950733,0.3361091,49.741684,0.010228041,-0.16740783,-0.9819652,0.08724604,0.102474526,-0.13277437,-0.7635119,0.6236341,-1.0,0
1763545383225,1009.81244,-0.3900301,2.178665,6.582057,0.1627191,0.23312128,-0.4663189,36.825,-11.26875,27.975,46.950733,0.3361091,49.741684,0.017658995,-0.16878793,-0.9823548,0.07858911,0.10935268,-0.12978148,-0.7689113,0.61642045,-1.0,0
1763545383251,1009.81244,-0.7609176,2.6141586,5.2749777,-0.09598213,0.08651373,-0.40416342,35.98125,-10.462501,26.625002,46.950733,0.3361091,49.741684,0.01979541,-0.16953422,-0.982486,0.07473385,0.11155487,-0.12918703,-0.7711123,0.61339384,-1.0,0
1763545383277,1009.76044,-0.85842514,2.681756,5.671588,-0.2890154,0.048029244,-0.33773187,37.96875,-10.14375,26.250002,46.950733,0.3361091,49.741684,0.0223742,-0.16594796,-0.9835411,0.0679151,0.1117451,-0.12470862,-0.7754703,0.60877466,-1.0,0
1763545383302,1009.76044,-0.71425754,2.7326035,6.506683,-0.37331474,0.012140937,-0.27175847,37.96875,-10.14375,26.250002,46.950733,0.3361091,49.741684,0.0223742,-0.16594796,-0.9835411,0.0679151,0.1117451,-0.12470862,-0.7754703,0.60877466,-1.0,0
1763545383327,1009.7431,-0.66400826,3.1393833,8.181659,-0.2917643,-0.11491894,-0.07185297,36.693752,-11.15625,28.143751,46.950733,0.3361091,49.741684,0.022546243,-0.15910111,-0.98495734,0.063520916,0.1080908,-0.11890311,-0.7788598,0.6062639,-1.0,0
1763545383352,1009.7587,-0.48215377,3.473182,9.106484,-0.15080725,-0.10392337,0.051236283,37.050003,-10.35,25.425001,46.950733,0.3361091,49.741684,0.021514809,-0.15648097,-0.9854523,0.06269971,0.10578699,-0.11729613,-0.7796165,0.6060106,-1.0,0
1763545383377,1009.7868,-0.2632105,3.7824545,9.520443,0.0043524117,0.023747368,0.14576761,36.1875,-9.5625,25.48125,46.950733,0.3361091,49.741684,0.020497825,-0.15543614,-0.9855257,0.06446272,0.104404114,-0.11696331,-0.7784483,0.60781384,-1.0,0
1763545383402,1009.7868,-0.10707881,4.243073,9.413962,0.1259145,0.21937682,0.22685991,37.875,-10.63125,25.2,46.950733,0.3361091,49.741684,0.021826336,-0.15649106,-0.9851894,0.06661282,0.106126264,-0.11705994,-0.7768,0.60960317,-1.0,0
1763545383427,1009.8066,-0.23629123,4.3722854,9.665209,0.08834632,0.11369721,0.25389066,36.84375,-9.13125,26.306252,46.950733,0.3361091,49.741684,0.023628423,-0.15785697,-0.98475766,0.06908565,0.10842245,-0.117139935,-0.77485603,0.6116542,-1.0,0
1763545383452,1009.8066,0.078963146,4.4075794,10.433903,-0.03199404,-0.035506517,0.25450155,38.362503,-10.21875,26.98125,46.950733,0.3361091,49.741684,0.023613416,-0.15898287,-0.98421776,0.074037835,0.10912164,-0.11800686,-0.771215,0.61594987,-1.0,0
1763545383477,1009.86127,0.70588267,4.0767717,12.774084,-0.31406087,0.20929754,0.16760603,36.825,-10.743751,25.63125,46.950733,0.3361091,49.741684,0.022639109,-0.15723525,-0.9843748,0.075950205,0.107342534,-0.11710291,-0.7702111,0.6176887,-1.0,0
1763545383502,1009.9233,0.46181476,4.2568316,13.387843,-0.3239874,0.35575238,0.21586435,38.456253,-9.95625,24.7875,46.950733,0.3361091,49.741684,0.023874925,-0.1541584,-0.9846764,0.07798153,0.10661975,-0.11387255,-0.7693594,0.6194767,-1.0,0
1763545383527,1009.9233,0.9984053,4.150949,13.683954,-0.30520332,0.032452192,0.17081307,36.206253,-10.06875,26.41875,46.950733,0.3361091,49.741684,0.026002258,-0.14801243,-0.9851965,0.08248738,0.10489573,-0.10761359,-0.7673482,0.62337226,-1.0,0
1763545383552,1009.96454,0.9349955,3.760919,14.180465,-0.27435464,-0.29237515,0.0009926553,37.96875,-10.125,25.781252,46.950733,0.3361091,49.741684,0.022644432,-0.14558199,-0.98566556,0.08221179,0.100729145,-0.10751966,-0.7680228,0.6232449,-1.0,0
1763545383577,1009.9543,-1.4530416,1.9124635,12.533007,0.6089558,0.49212793,0.23174682,38.287502,-8.606251,25.050001,46.950733,0.3361091,49.741684,0.023181917,-0.14581731,-0.98559725,0.08243588,0.101253554,-0.10746092,-0.76814634,0.62301767,-1.0,0
1763545383603,1009.9543,-1.8161523,2.6141586,9.595219,0.82901984,0.15951207,0.4832704,36.65625,-10.03125,26.38125,46.950733,0.3361091,49.741684,0.02817738,-0.1507199,-0.9844984,0.08516292,0.10807152,-0.10877038,-0.7661073,0.6241547,-1.0,0
1763545383628,1009.90375,-0.87996054,3.138187,7.780263,0.57031864,-0.53565204,0.50648326,37.4625,-8.325001,25.893751,46.950733,0.3361091,49.741684,0.024915729,-0.16439319,-0.98164296,0.093446955,0.11305846,-0.121916644,-0.75912213,0.629355,-1.0,0
1763545383653,1009.90375,0.47736812,2.2534406,8.888738,-0.106672265,-0.20593779,0.07460186,37.5,-9.675,24.562502,46.950733,0.3361091,49.741684,0.017959977,-0.16656427,-0.9812559,0.09524559,0.10853997,-0.12761371,-0.7577317,0.6306953,-1.0,0
1763545383678,1009.8925,-0.37627137,2.0608184,9.131609,-0.12240203,0.17646356,-0.012293654,36.05625,-10.200001,25.06875,46.950733,0.3361091,49.741684,0.01563561,-0.16561812,-0.9814128,0.09567011,0.10605564,-0.12816437,-0.75777423,0.63095504,-1.0,0
1763545383703,1009.85223,-1.0301101,2.070988,8.781061,-0.01962403,0.09124792,0.04405862,35.756252,-10.875,26.831251,46.950733,0.3361091,49.741684,0.018193444,-0.16352403,-0.9816521,0.09638014,0.106921956,-0.12505506,-0.757931,0.6312444,-1.0,0
1763545383728,1009.85223,-1.1204392,2.1014965,8.386844,0.06879865,-0.14882194,0.14897464,37.36875,-8.94375,23.775002,46.950733,0.3361091,49.741684,0.016870046,-0.1641199,-0.9814652,0.09749414,0.10613928,-0.12631081,-0.75726527,0.6319251,-1.0,0
1763545383754,1009.8332,-0.2416751,2.3054845,7.719844,0.12179117,0.14057526,0.36293003,36.43125,-9.7875,25.7625,46.950733,0.3361091,49.741684,0.015705436,-0.16500871,-0.9810997,0.099836424,0.1056562,-0.1277159,-0.7557408,0.6335466,-1.0,0
1763545383779,1009.80145,0.3164508,2.5232315,7.205387,0.1702022,0.3491856,0.3843103,37.443752,-8.55,23.737501,46.950733,0.3361091,49.741684,0.019476807,-0.16726005,-0.9798236,0.107650235,0.110019386,-0.12747961,-0.7504055,0.63916844,-1.0,0
1763545383805,1009.80145,0.75254273,2.9389844,6.6358953,0.2192241,0.3340667,0.3033707,37.18125,-9.712501,25.368752,46.950733,0.3361091,49.741684,0.022213953,-0.16916086,-0.9790588,0.11105494,0.11336291,-0.12750594,-0.74780476,0.64162225,-1.0,0
1763545383830,1009.76776,-0.014356935,3.437888,6.305686,0.12942697,0.0058795735,0.08315397,36.975002,-9.993751,25.875002,46.950733,0.3361091,49.741684,0.023524074,-0.1711646,-0.9784756,0.11285168,0.11560271,-0.12840055,-0.7461581,0.64295983,-1.0,0
1763545383855,1009.76776,-0.5192425,3.4851463,6.574878,-0.005268709,-0.06391173,0.09659299,37.237503,-8.71875,25.1625,46.950733,0.3361091,49.741684,0.023566145,-0.17266883,-0.97812045,0.11362176,0.11652652,-0.12958193,-0.7452137,0.643651,-1.0,0
1763545383880,1009.7585,-0.5180461,3.6245282,7.641479,-0.15706861,-0.116293386,0.1485165,38.25,-8.962501,22.9125,46.950733,0.3361091,49.741684,0.021563612,-0.17184272,-0.97807866,0.11561116,0.114496596,-0.12994415,-0.7436107,0.64579266,-1.0,0
1763545383905,1009.79755,-0.26979074,3.374478,10.682756,0.05535962,-0.08147409,0.17554727,36.075,-10.200001,24.431252,46.950733,0.3361091,49.741684,0.02031461,-0.17056724,-0.97816473,0.11699011,0.11276407,-0.12957688,-0.74281824,0.64708203,-1.0,0
1763545383932,1009.79755,-0.101694964,3.2925239,11.00519,0.32887432,-0.058413945,0.19433136,36.675003,-10.012501,25.29375,46.950733,0.3361091,49.741684,0.01938422,-0.17112784,-0.9779057,0.118491486,0.1122984,-0.13057393,-0.7418178,0.6481095,-1.0,0
1763545383957,1009.83954,0.2536392,3.4025939,10.413564,0.450131,-0.083764836,0.18547381,37.93125,-9.0,24.6375,46.950733,0.3361091,49.741684,0.018303927,-0.17838895,-0.9762339,0.12170049,0.11543122,-0.13723426,-0.73890877,0.6495046,-1.0,0
1763545383982,1009.86835,0.6364908,4.1778684,9.41815,0.13370302,0.15095995,-0.0041996953,37.256252,-10.200001,24.16875,46.950733,0.3361091,49.741684,0.018152123,-0.18171412,-0.9755017,0.122667365,0.11716548,-0.14007767,-0.7378053,0.64984137,-1.0,0
1763545384008,1009.86835,0.3714857,4.6929235,9.747761,-0.03092503,0.18929173,-0.093233235,34.3875,-10.6125,24.187502,46.950733,0.3361091,49.741684,0.019601546,-0.18290724,-0.9752215,0.12290056,0.11904816,-0.1402383,-0.73738074,0.64994645,-1.0,0
1763545384034,1009.89276,0.6358926,5.119444,10.257433,-0.13125958,-0.11751511,-0.21021384,37.10625,-10.087501,24.937502,46.950733,0.3361091,49.741684,0.020471994,-0.1817117,-0.97576,0.120231636,0.119174995,-0.13869217,-0.7389563,0.6484639,-1.0,0
1763545384059,1009.94696,1.2095718,4.450052,12.587443,-0.64010996,-0.655687,-0.6451496,35.925003,-8.83125,23.1375,46.950733,0.3361091,49.741684,0.014792189,-0.17911929,-0.9769653,0.1150418,0.11306157,-0.13971277,-0.7426876,0.6450679,-1.0,0
1763545384084,1009.94696,0.5832505,3.2943187,14.49213,-0.58727014,-0.14683662,-0.65385437,36.225002,-9.543751,23.625,46.950733,0.3361091,49.741684,0.008764327,-0.17379746,-0.9788069,0.10794778,0.1050876,-0.1387048,-0.7481853,0.6402627,-1.0,0
1763545384109,1010.0163,0.13339986,2.1894326,14.79901,-0.09598213,0.45257443,-0.45990482,35.11875,-10.425,26.1,46.950733,0.3361091,49.741684,0.0125721805,-0.16600579,-0.98116475,0.09798985,0.10367682,-0.13025759,-0.75657046,0.63236475,-1.0,0
1763545384134,1010.0163,0.09750752,1.6953149,12.559926,0.4663189,0.52526736,-0.17340924,39.09375,-9.75,23.94375,46.950733,0.3361091,49.741684,0.01816575,-0.16920544,-0.98061484,0.09714803,0.10997842,-0.12986577,-0.75718695,0.63064057,-1.0,0
1763545384160,1009.98846,1.2849457,2.4711876,7.996215,0.53366673,-0.26519167,-0.08422298,35.943752,-11.681251,23.306252,46.950733,0.3361091,49.741684,0.019247446,-0.1752692,-0.97953206,0.09709878,0.1141993,-0.13434377,-0.7566806,0.62955916,-1.0,0
1763545384184,1009.9394,1.4452649,2.3503501,7.1449685,0.16653702,-0.1494328,-0.24778202,36.9,-11.962501,23.831251,46.950733,0.3361091,49.741684,0.017094953,-0.18040776,-0.978766,0.09581268,0.1152551,-0.13984059,-0.7569581,0.6278338,-1.0,0
1763545384210,1009.9394,0.93619186,2.3688943,7.181459,-0.12866339,0.2031889,-0.3446041,35.850002,-11.325001,24.056252,46.950733,0.3361091,49.741684,0.01803398,-0.18050434,-0.97924143,0.09044323,0.11602671,-0.1394447,-0.760631,0.62332445,-1.0,0
1763545384238,1009.8918,0.0526421,2.9192436,7.530811,-0.09338595,0.19738568,-0.2532798,37.725002,-12.262501,23.60625,46.950733,0.3361091,49.741684,0.021697821,-0.17822376,-0.9798055,0.08802217,0.11777249,-0.13551421,-0.7625111,0.62156445,-1.0,0
1763545384263,1009.8461,0.34576288,3.042474,7.3770723,0.090942495,-0.019471316,-0.2532798,38.25,-11.83125,23.0625,46.950733,0.3361091,49.741684,0.024114067,-0.17800707,-0.98017937,0.0835588,0.119657665,-0.13397756,-0.7652985,0.61810213,-1.0,0
1763545384288,1009.8461,0.42951167,3.182454,6.6568327,0.20334162,-0.064522594,-0.33910632,36.09375,-13.1625,22.59375,46.950733,0.3361091,49.741684,0.024115704,-0.18003744,-0.98008686,0.08021831,0.1208112,-0.13564543,-0.76702416,0.6153689,-1.0,0
1763545384313,1009.79877,-0.2650051,3.3768709,5.3563333,-0.01886045,0.11018474,-0.5103012,38.25,-11.306251,20.56875,46.950733,0.3361091,49.741684,0.025257202,-0.1815714,-0.9801026,0.07608458,0.122651175,-0.1362458,-0.7691974,0.61215127,-1.0,0
1763545384338,1009.7712,-0.7722835,3.4037902,5.5896335,-0.22884522,0.021762058,-0.50633055,37.518753,-12.750001,21.0375,46.950733,0.3361091,49.741684,0.028272899,-0.17946118,-0.98109555,0.0667229,0.12407793,-0.13270321,-0.77475154,0.6056027,-1.0,0
1763545384363,1009.7712,-1.0139586,3.3960135,6.665806,-0.36980227,-0.09491312,-0.41668615,37.818752,-12.712501,20.53125,46.950733,0.3361091,49.741684,0.028060015,-0.1761272,-0.9819714,0.06266822,0.12208167,-0.13001586,-0.77752,0.60303783,-1.0,0
1763545384388,1009.779,-1.5481563,3.7016966,8.815159,-0.26977316,-0.082084954,-0.12148573,39.675003,-12.900001,21.28125,46.950733,0.3361091,49.741684,0.027499722,-0.17281474,-0.9827524,0.059793275,0.11979553,-0.12755486,-0.7796095,0.6013217,-1.0,0
1763545384413,1009.779,-2.193022,3.9451663,9.692726,-0.08743002,-0.0067958706,0.118584126,37.85625,-12.356251,22.66875,46.950733,0.3361091,49.741684,0.027049944,-0.1703695,-0.98326916,0.058516514,0.118082985,-0.12575327,-0.78059727,0.60075825,-1.0,0
1763545384438,1009.81195,-2.504687,3.9535413,10.1904335,0.1862374,0.028939718,0.4486038,37.143753,-11.793751,19.78125,46.950733,0.3361091,49.741684,0.027358286,-0.17156641,-0.9827317,0.06371544,0.11908546,-0.12649912,-0.7768705,0.605218,-1.0,0
1763545384464,1009.8493,-1.9190438,4.202395,10.180862,0.45196357,-0.055665053,0.738001,35.60625,-12.712501,21.69375,46.950733,0.3361091,49.741684,0.026351169,-0.17611527,-0.9814973,0.07041066,0.12084195,-0.13079756,-0.77193564,0.6102496,-1.0,0
1763545384489,1009.8493,0.38464624,5.4000025,9.6682,0.39393142,-0.26549712,0.61399543,38.006252,-12.450001,21.431252,46.950733,0.3361091,49.741684,0.02354868,-0.18180434,-0.9799933,0.07752772,0.12176891,-0.13703842,-0.7664909,0.615536,-1.0,0
1763545384515,1009.9001,0.80757767,5.291129,10.0014,0.06284271,-0.15431972,0.28275403,34.162502,-13.462501,20.19375,46.950733,0.3361091,49.741684,0.01812484,-0.1873432,-0.97842234,0.085214436,0.12052022,-0.14457156,-0.76036334,0.6216281,-1.0,0
1763545384539,1009.9677,0.43010986,4.8885365,10.901102,-0.32627815,0.13935353,0.087888174,36.15,-12.900001,22.275002,46.950733,0.3361091,49.741684,0.018874628,-0.18436226,-0.9788741,0.08638422,0.11948946,-0.14166114,-0.7599463,0.6230056,-1.0,0
1763545384564,1009.9677,0.09032906,4.2837505,13.210773,-0.42890343,0.45058912,0.17432554,36.35625,-14.118751,21.393751,46.950733,0.3361091,49.741684,0.022576952,-0.17899653,-0.97961444,0.08836466,0.11952885,-0.13513798,-0.75941974,0.6250858,-1.0,0
1763545384589,1010.007,0.02751746,4.1587257,13.638491,-0.19723296,0.028176138,0.14103341,37.0875,-11.306251,20.53125,46.950733,0.3361091,49.741684,0.026096098,-0.17448169,-0.98010755,0.090902396,0.11986995,-0.12944533,-0.7585031,0.6273342,-1.0,0
1763545384614,1010.007,-0.5712864,3.481557,13.607384,0.11873684,-0.08926262,0.19387321,37.518753,-12.0,21.150002,46.950733,0.3361091,49.741684,0.024798773,-0.17340197,-0.9800394,0.09401205,0.11810537,-0.12936142,-0.7571056,0.62937105,-1.0,0
1763545384639,1010.0336,-0.8063812,2.9114668,10.112068,0.5490911,0.067118764,0.474871,35.568752,-13.70625,20.831251,46.950733,0.3361091,49.741684,0.025679266,-0.177304,-0.9790015,0.097256646,0.12095331,-0.13216078,-0.7547857,0.63103276,-1.0,0
1763545384664,1009.9892,-0.21894327,3.6281173,8.8492565,0.3096321,-0.11476622,0.49609855,38.1375,-11.925,20.00625,46.950733,0.3361091,49.741684,0.026142709,-0.18221305,-0.97763556,0.10169644,0.12404494,-0.13600716,-0.7514045,0.6336452,-1.0,0
1763545384689,1009.9892,0.96550393,3.3583267,8.583653,0.0353538,-0.1268308,0.29802567,36.16875,-12.88125,20.71875,46.950733,0.3361091,49.741684,0.022703227,-0.18592769,-0.9762695,0.1086964,0.12328652,-0.1410139,-0.7463458,0.6386575,-1.0,0
1763545384715,1009.9594,1.049851,2.8516464,8.538189,-0.14744748,0.07353285,0.015347977,36.15,-11.53125,21.2625,46.950733,0.3361091,49.741684,0.022910917,-0.18440826,-0.9765096,0.10907363,0.12257812,-0.13966373,-0.7464534,0.6389648,-1.0,0
1763545384740,1009.9086,-0.7088737,2.513062,8.239685,-0.1164461,0.29817837,-0.017027855,34.65,-13.275001,19.518751,46.950733,0.3361091,49.741684,0.025826294,-0.18207417,-0.97688776,0.10895622,0.12364407,-0.13612558,-0.74699163,0.63889396,-1.0,0
1763545384765,1009.9086,-1.1425728,2.5310082,8.082955,0.026801692,0.022678355,0.13691007,36.225002,-12.525001,22.237501,46.950733,0.3361091,49.741684,0.028622165,-0.18048874,-0.9770618,0.109331734,0.12504171,-0.13326678,-0.74704444,0.63916284,-1.0,0
1763545384790,1009.8752,-0.7435696,2.501696,7.9501534,0.15477787,-0.20777038,0.31971136,36.525,-12.4875,22.518751,46.950733,0.3361091,49.741684,0.026679548,-0.18220322,-0.97636116,0.113177024,0.12436409,-0.1358064,-0.7444605,0.64177,-1.0,0
1763545384816,1009.8752,0.56829536,3.0179477,7.923234,0.3161989,0.02451095,0.34322965,36.80625,-13.44375,20.53125,46.950733,0.3361091,49.741684,0.02438423,-0.18476044,-0.97554886,0.1165065,0.12388145,-0.13922781,-0.7420055,0.64396954,-1.0,0
1763545384841,1009.8625,0.5479564,3.3589249,7.631908,0.358654,0.20349433,0.22319472,35.25,-13.743751,21.6375,46.950733,0.3361091,49.741684,0.026006995,-0.19099118,-0.973612,0.12216439,0.12870902,-0.14348532,-0.7372849,0.6475005,-1.0,0
1763545384867,1009.83734,0.12921242,3.539583,7.353742,0.3701077,0.17539455,0.098578304,36.037502,-13.63125,19.706251,46.950733,0.3361091,49.741684,0.02784792,-0.19439553,-0.97274035,0.12333705,0.13215868,-0.14525555,-0.7358347,0.6480603,-1.0,0
1763545384892,1009.83734,-0.6155536,3.4151561,7.452446,0.26977316,-0.067118764,0.07811433,35.8125,-13.293751,20.325,46.950733,0.3361091,49.741684,0.028536024,-0.19762133,-0.9720273,0.12367337,0.13455866,-0.14752096,-0.73496884,0.6480373,-1.0,0
1763545384918,1009.83026,-0.3924229,3.6023946,7.996215,0.21387903,-0.07918335,0.13828452,36.43125,-14.475,21.243752,46.950733,0.3361091,49.741684,0.02822233,-0.20029296,-0.9714265,0.12416891,0.13581572,-0.14989269,-0.7341203,0.6481926,-1.0,0
1763545384943,1009.8376,0.21535404,3.7824545,8.709276,0.21861324,-0.04329504,0.10835214,35.49375,-14.08125,20.550001,46.950733,0.3361091,49.741684,0.027210582,-0.20457569,-0.9703124,0.12610543,0.13739079,-0.153998,-0.7320797,0.64920545,-1.0,0
1763545384968,1009.8376,0.029910283,4.125226,9.239884,0.34017533,0.046654798,-0.055206906,33.768753,-14.7375,20.00625,46.950733,0.3361091,49.741684,0.027629865,-0.2072002,-0.9697331,0.1261867,0.1391982,-0.15594603,-0.73160964,0.64888525,-1.0,0
1763545384993,1009.8603,0.068793654,4.3316073,8.920443,0.26305366,-0.0009926553,-0.12881611,34.725002,-14.2875,20.493752,46.950733,0.3361091,49.741684,0.02856345,-0.21028444,-0.9691073,0.1256792,0.14169613,-0.15797988,-0.7314034,0.6480846,-1.0,0
1763545385018,1009.8803,0.04426722,4.6342993,8.699705,-0.00083993905,0.0043524117,-0.2618319,35.737503,-15.168751,19.5,46.950733,0.3361091,49.741684,0.029676335,-0.21277322,-0.9690051,0.12196535,0.14404517,-0.15938678,-0.7332792,0.64509565,-1.0,0
1763545385043,1009.8803,-0.67417777,4.9639106,9.205787,-0.32459828,0.109726585,-0.3580431,34.875,-16.5,20.2875,46.950733,0.3361091,49.741684,0.031164175,-0.20967372,-0.97001505,0.11890356,0.14357558,-0.15594952,-0.7356679,0.64331836,-1.0,0
1763545385068,1009.9191,-1.1503495,4.7742796,11.823535,-0.31879506,0.08620829,-0.10438152,34.55625,-15.168751,19.78125,46.950733,0.3361091,49.741684,0.033221968,-0.20516363,-0.9711847,0.116639316,0.14277282,-0.1510355,-0.73778665,0.64224225,-1.0,0
1763545385093,1009.9191,-0.05623133,4.933402,12.337992,-0.077198036,-0.10377065,-0.011988222,35.60625,-14.418751,19.0125,46.950733,0.3361091,49.741684,0.03311267,-0.20122603,-0.9721387,0.11557661,0.14044529,-0.14786305,-0.7392789,0.64177746,-1.0,0
1763545385119,1009.95795,0.9421739,4.8646083,12.126825,0.0655916,-0.19433136,-0.09888373,36.15,-15.243751,20.081251,46.950733,0.3361091,49.741684,0.031311832,-0.20196496,-0.972196,0.11430749,0.13934343,-0.14951128,-0.7401549,0.64062506,-1.0,0
1763545385144,1009.9865,0.91346,3.4743786,10.768898,0.030008731,0.02328922,-0.31039566,35.7,-15.4125,18.75,46.950733,0.3361091,49.741684,0.030997045,-0.20269223,-0.9723295,0.11193954,0.13944624,-0.150332,-0.7417888,0.6385174,-1.0,0
1763545385170,1009.9865,0.7076773,3.0119655,10.465608,-0.055206906,-0.13599378,-0.27435464,36.35625,-15.843751,18.243752,46.950733,0.3361091,49.741684,0.03152881,-0.20263009,-0.9726437,0.10913871,0.13979048,-0.15003885,-0.7438798,0.63607377,-1.0,0
1763545385195,1009.98065,1.1688938,2.5830522,10.500902,-0.08773545,-0.25007278,-0.23205225,35.831253,-16.25625,18.16875,46.950733,0.3361091,49.741684,0.028163854,-0.20084268,-0.97370183,0.10380392,0.1358292,-0.15060328,-0.7484739,0.63139206,-1.0,0
1763545385220,1009.97504,1.1874382,2.495714,9.527621,0.033979353,0.106977694,-0.2277762,35.90625,-16.3875,20.175001,46.950733,0.3361091,49.741684,0.027037539,-0.20014988,-0.9741232,0.10145534,0.13439505,-0.15076126,-0.7506115,0.6291195,-1.0,0
1763545385245,1009.97504,0.8033902,2.8540392,8.496315,0.074143715,0.21250458,-0.1636354,35.775,-15.150001,17.643751,46.950733,0.3361091,49.741684,0.028124379,-0.19994076,-0.9743256,0.09960421,0.13508017,-0.15006894,-0.7522286,0.62720394,-1.0,0
1763545385270,1009.9301,0.590429,3.2805598,7.7443705,0.13599378,0.17753258,-0.10804671,35.0625,-17.1,18.768751,46.950733,0.3361091,49.741684,0.0320362,-0.20123264,-0.9741175,0.097858146,0.13896732,-0.14902647,-0.7533597,0.62524265,-1.0,0
1763545385295,1009.9301,0.5557331,3.5180476,7.062416,0.23938264,0.091400646,-0.091706075,35.71875,-17.5125,18.4125,46.950733,0.3361091,49.741684,0.03312421,-0.20345387,-0.9736898,0.09714305,0.14111556,-0.15025687,-0.75338507,0.62443596,-1.0,0
1763545385320,1009.8686,0.5132605,3.7974095,5.563911,0.32047492,0.08452842,-0.15859577,35.79375,-17.25,16.987501,46.950733,0.3361091,49.741684,0.03409312,-0.2065611,-0.9730981,0.096183896,0.14368151,-0.15226758,-0.75331944,0.62344205,-1.0,0
1763545385345,1009.8,0.4229314,3.940979,5.0620165,0.2314414,0.083612114,-0.25083634,37.068752,-16.0125,17.41875,46.950733,0.3361091,49.741684,0.03673526,-0.21208732,-0.9721615,0.092566654,0.14906959,-0.15527044,-0.75413024,0.62044895,-1.0,0
1763545385370,1009.8,0.212363,4.0570307,4.9543395,0.07750347,0.00923933,-0.3523926,37.818752,-17.2875,17.400002,46.950733,0.3361091,49.741684,0.037531525,-0.2130803,-0.97222286,0.0892743,0.15035853,-0.15557696,-0.7557291,0.61811143,-1.0,0
1763545385395,1009.7609,-0.2638087,4.004987,6.2261243,-0.2787834,-0.13568833,-0.40401068,35.71875,-17.5125,18.09375,46.950733,0.3361091,49.741684,0.03739256,-0.21235597,-0.97275126,0.085212946,0.14991584,-0.15497914,-0.7581308,0.6154221,-1.0,0
1763545385420,1009.7697,-0.34516466,4.0977087,7.501499,-0.36460993,-0.10545053,-0.36094472,36.581253,-17.6625,17.1,46.950733,0.3361091,49.741684,0.03673592,-0.209992,-0.9736283,0.08123658,0.14810948,-0.15332928,-0.76083934,0.6129251,-1.0,0
1763545385445,1009.7697,-0.40917268,4.078566,8.727222,-0.32154396,-0.021303909,-0.32261297,36.99375,-17.75625,18.28125,46.950733,0.3361091,49.741684,0.036419507,-0.20366733,-0.97550005,0.07478299,0.14435783,-0.14821468,-0.7657797,0.60891277,-1.0,0
1763545385470,1009.8007,-1.3651053,4.4428735,10.010373,-0.0655916,0.16332997,-0.06406444,35.98125,-17.1,16.66875,46.950733,0.3361091,49.741684,0.03740508,-0.20162047,-0.9760378,0.07278268,0.14402825,-0.14596552,-0.76733917,0.60756934,-1.0,0
1763545385495,1009.8007,-1.5266209,4.706084,9.945767,0.038713556,0.2115883,0.12484549,36.9,-16.875,16.087502,46.950733,0.3361091,49.741684,0.03921066,-0.20085792,-0.97614616,0.07247482,0.14510599,-0.14431159,-0.7675595,0.6074297,-1.0,0
1763545385520,1009.8383,-1.035494,5.0045886,9.73819,0.014737112,0.11217005,0.2700786,36.525,-17.925001,17.737501,46.950733,0.3361091,49.741684,0.041959625,-0.20147151,-0.9755858,0.07670864,0.14778486,-0.1432162,-0.76446515,0.6109352,-1.0,0
1763545385545,1009.87616,-0.3684947,5.245067,10.014561,-0.1550833,-0.04253146,0.27908885,37.55625,-17.306252,15.731251,46.950733,0.3361091,49.741684,0.04090229,-0.20036247,-0.9756483,0.0793242,0.14632435,-0.14285415,-0.7628924,0.61333275,-1.0,0
1763545385570,1009.87616,-0.7106683,5.7966127,12.405589,-0.37331474,0.20395248,0.45257443,36.787502,-17.400002,17.5125,46.950733,0.3361091,49.741684,0.039850432,-0.19730438,-0.9760745,0.08223164,0.14377202,-0.14087819,-0.7614606,0.6161662,-1.0,0
1763545385595,1009.93964,-0.1471586,5.925227,13.07558,-0.18913901,0.29527676,0.5510764,35.15625,-16.06875,17.15625,46.950733,0.3361091,49.741684,0.040656194,-0.19393645,-0.9762993,0.08702492,0.14257456,-0.13761127,-0.75883454,0.62040776,-1.0,0
1763545385620,1009.97235,0.41635114,5.7248282,12.826726,0.02008218,0.09185879,0.45761406,38.006252,-17.90625,17.41875,46.950733,0.3361091,49.741684,0.041994005,-0.1926603,-0.9755159,0.09740186,0.14299111,-0.13577573,-0.7522327,0.6287007,-1.0,0
1763545385645,1009.97235,-0.45942193,3.4504502,11.32822,0.3662898,0.10392337,0.2447277,36.43125,-17.79375,16.181252,46.950733,0.3361091,49.741684,0.040847443,-0.19450772,-0.97492206,0.1001304,0.14306386,-0.13796546,-0.7502847,0.6305325,-1.0,0
1763545385670,1009.9726,-1.2717853,3.0317063,9.49472,0.4295143,0.22670719,0.31894776,35.68125,-16.3875,16.96875,46.950733,0.3361091,49.741684,0.041615523,-0.19766827,-0.9740053,0.102507524,0.14541566,-0.14021033,-0.74845916,0.6316678,-1.0,0
1763545385695,1009.9201,-1.2227324,3.1196425,7.9908314,0.2522108,0.014126248,0.39790204,37.425003,-15.187501,14.231251,46.950733,0.3361091,49.741684,0.043534476,-0.2036639,-0.9719424,0.10933412,0.15029998,-0.14416702,-0.7432261,0.63579935,-1.0,0
1763545385720,1009.9201,-0.46121657,3.0526435,7.6833534,-0.06696605,-0.29634577,0.35162905,35.49375,-17.268751,16.556252,46.950733,0.3361091,49.741684,0.040082324,-0.2034208,-0.97183204,0.112055026,0.1472961,-0.1459125,-0.74165106,0.6379397,-1.0,0
1763545385745,1009.9018,0.26979074,2.5351956,8.751151,-0.3835467,0.09735657,-0.030772313,34.96875,-16.96875,17.212502,46.950733,0.3361091,49.741684,0.037015595,-0.20068772,-0.97236544,0.11341206,0.1431897,-0.145404,-0.74148154,0.6391866,-1.0,0
1763545385770,1009.9018,-0.5395815,2.6069803,8.350951,-0.38812822,0.26992586,-0.115835235,36.09375,-15.843751,15.806251,46.950733,0.3361091,49.741684,0.039697602,-0.19251001,-0.9739531,0.11305128,0.14072482,-0.1372315,-0.7434634,0.63923883,-1.0,0
1763545385795,1009.86957,-0.9774681,2.6997023,7.928618,-0.3684278,0.21723878,-0.07063124,35.100002,-16.556252,14.55,46.950733,0.3361091,49.741684,0.041600823,-0.18862668,-0.9746508,0.11289914,0.14010642,-0.13296919,-0.7442211,0.63939375,-1.0,0
1763545385820,1009.8388,-0.7148558,2.9778678,7.533802,-0.22594361,0.0674242,0.12713623,38.006252,-15.262501,13.725,46.950733,0.3361091,49.741684,0.04246224,-0.18544415,-0.97515416,0.113491125,0.13902801,-0.12986086,-0.7443559,0.6401107,-1.0,0
1763545385845,1009.8388,-0.41635114,3.3020952,7.34776,-0.15767947,0.021914775,0.17692171,35.9625,-14.981251,16.06875,46.950733,0.3361091,49.741684,0.04273033,-0.18325959,-0.9753936,0.114877895,0.13802722,-0.12790023,-0.7437748,0.6413962,-1.0,0
1763545385870,1009.8044,-0.09451649,3.4743786,7.417152,-0.099036455,-0.04253146,0.18012875,34.96875,-16.44375,14.418751,46.950733,0.3361091,49.741684,0.041652095,-0.18121575,-0.97541285,0.11830981,0.13602304,-0.12677433,-0.7416962,0.6444476,-1.0,0
1763545385895,1009.8044,-0.07597212,3.5856447,7.400402,-0.032604907,-0.10789399,0.14805835,36.54375,-15.168751,14.94375,46.950733,0.3361091,49.741684,0.040295165,-0.18125042,-0.9753118,0.119541995,0.13494152,-0.12753916,-0.74080735,0.6455455,-1.0,0
1763545385920,1009.7858,-0.18664017,3.866203,7.8143606,-0.08620829,-0.41470084,0.15462515,34.912502,-16.06875,13.462501,46.950733,0.3361091,49.741684,0.0376496,-0.18153927,-0.9752564,0.12041394,0.13294776,-0.1292244,-0.74009544,0.64643997,-1.0,0
1763545385946,1009.79803,0.14596218,3.8129628,8.986245,-0.101327196,-0.45623964,0.16195552,35.15625,-16.29375,14.231251,46.950733,0.3361091,49.741684,0.028680861,-0.18121822,-0.9754343,0.12192997,0.12539402,-0.13393627,-0.7391336,0.6480887,-1.0,0
1763545385971,1009.79803,0.74835527,3.9248273,10.421939,0.23388486,-0.16623157,0.1146135,36.506252,-16.78125,14.887501,46.950733,0.3361091,49.741684,0.025257695,-0.18180102,-0.97530204,0.12287176,0.1228793,-0.13634591,-0.7385327,0.64875257,-1.0,0
1763545385996,1009.8378,0.79740816,4.0797625,9.83151,0.41195193,-0.12056944,0.011682789,32.737503,-15.806251,15.69375,46.950733,0.3361091,49.741684,0.023592602,-0.18420549,-0.9747951,0.123642944,0.12283506,-0.13928306,-0.737747,0.64903086,-1.0,0
1763545386021,1009.852,0.567099,4.202993,9.12503,0.44020444,-0.1844048,-0.098578304,33.43125,-16.10625,14.250001,46.950733,0.3361091,49.741684,0.021573735,-0.19270381,-0.97338444,0.12215628,0.12594028,-0.14744231,-0.737366,0.6470635,-1.0,0
1763545386046,1009.852,0.59940207,4.262215,8.747561,0.31757334,-0.2618319,-0.21372631,34.612503,-15.356251,14.08125,46.950733,0.3361091,49.741684,0.019778755,-0.19609223,-0.9730616,0.119613834,0.12637444,-0.1512378,-0.7384403,0.6448741,-1.0,0
1763545386071,1009.85736,-0.1692922,4.670192,9.110074,-0.20044,-0.06498074,-0.5452732,34.725002,-16.21875,14.118751,46.950733,0.3361091,49.741684,0.018543465,-0.19716658,-0.9733619,0.11553515,0.12598674,-0.15279351,-0.74084103,0.64182246,-1.0,0
1763545386097,1009.8742,-0.7788638,4.400999,9.865009,-0.38843364,-0.009544762,-0.56863874,33.9,-16.556252,15.618751,46.950733,0.3361091,49.741684,0.019536758,-0.19181858,-0.975606,0.104960024,0.12388418,-0.14774562,-0.7483055,0.6347148,-1.0,0
1763545386121,1009.8742,-1.0067801,4.226921,10.621141,-0.45196357,-0.120264,-0.48556113,31.63125,-18.4125,15.806251,46.950733,0.3361091,49.741684,0.019101571,-0.18757664,-0.9769418,0.1001853,0.12115481,-0.144469,-0.75203425,0.6315811,-1.0,0
1763545386146,1009.9108,0.22671995,3.9720855,12.497114,-0.58849186,-0.28733552,-0.47456557,34.74375,-16.95,13.5375,46.950733,0.3361091,49.741684,0.016382676,-0.18277797,-0.9783662,0.09552195,0.116212465,-0.14202397,-0.7558225,0.628535,-1.0,0
1763545386171,1009.9108,0.20279172,3.1776686,13.511073,-0.4249328,-0.052763447,-0.496404,33.9,-15.187501,14.45625,46.950733,0.3361091,49.741684,0.013935633,-0.17729609,-0.979877,0.09062296,0.11108809,-0.13887966,-0.75991875,0.6252163,-1.0,0
1763545386196,1009.9633,-0.09451649,2.4089742,12.880565,-0.102854356,0.03214676,-0.42844528,34.95,-14.325001,14.437501,46.950733,0.3361091,49.741684,0.01472378,-0.1713398,-0.98169124,0.081917636,0.10823494,-0.13363852,-0.7670507,0.6181094,-1.0,0
1763545386221,1009.97455,-0.078963146,2.2420747,11.210972,0.028023422,-0.12377647,-0.2861138,34.331253,-15.262501,14.250001,46.950733,0.3361091,49.741684,0.014044196,-0.17120898,-0.9819615,0.078995526,0.10751934,-0.13397534,-0.7692801,0.61538476,-1.0,0
1763545386246,1009.97455,1.6151553,1.9579271,10.137193,-0.15493058,-0.23861906,-0.1786016,33.91875,-15.918751,13.556251,46.950733,0.3361091,49.741684,0.011462281,-0.17047593,-0.9822911,0.07686156,0.104898155,-0.13486984,-0.77107495,0.6133921,-1.0,0
1763545386271,1009.9699,1.8317057,2.0632114,10.093524,-0.12988512,-0.0012980876,-0.1957058,32.625,-16.44375,15.1125,46.950733,0.3361091,49.741684,0.0090060085,-0.16881444,-0.9827569,0.07486892,0.1018467,-0.13493252,-0.772967,0.6115084,-1.0,0
1763545386296,1009.94476,1.4458631,2.5202405,9.537791,-0.023900084,0.2598466,-0.19173518,34.7625,-15.225,14.981251,46.950733,0.3361091,49.741684,0.01112175,-0.16660215,-0.9833439,0.07179903,0.10221121,-0.13203348,-0.7758723,0.60839313,-1.0,0
1763545386321,1009.94476,0.73340017,3.2165518,7.655836,0.40339983,0.37850708,-0.12163845,35.2125,-16.03125,13.89375,46.950733,0.3361091,49.741684,0.015094506,-0.16796753,-0.98311216,0.071014084,0.10624376,-0.13097094,-0.776243,0.6074585,-1.0,0
1763545386346,1009.8881,0.5922236,3.426522,6.4037914,0.51778424,0.23907721,-0.1155298,33.018753,-18.13125,14.718751,46.950733,0.3361091,49.741684,0.018947748,-0.17160197,-0.982461,0.07045784,0.111468665,-0.13183697,-0.7760116,0.60662985,-1.0,0
1763545386371,1009.8881,0.503091,3.5940197,5.3766723,0.47135854,0.124692775,-0.16195552,35.568752,-17.75625,15.0375,46.950733,0.3361091,49.741684,0.023231769,-0.18123783,-0.98079073,0.06830857,0.12048325,-0.13737011,-0.7754571,0.6043836,-1.0,0
1763545386396,1009.8151,0.4103691,3.6646078,4.8903313,0.06589704,0.073380135,-0.29604036,34.706253,-16.21875,15.20625,46.950733,0.3361091,49.741684,0.024570033,-0.1843188,-0.9803319,0.06618969,0.12338185,-0.13911766,-0.77596194,0.6027489,-1.0,0
1763545386421,1009.76874,-0.038285162,3.7908292,5.8414783,-0.12835796,0.026954409,-0.3077995,34.987503,-17.925001,13.406251,46.950733,0.3361091,49.741684,0.025762985,-0.18524286,-0.98030025,0.063521855,0.12496183,-0.13915141,-0.77711046,0.60093325,-1.0,0
1763545386446,1009.76874,-0.07956135,3.766901,6.9942207,-0.2248746,0.015653409,-0.28107417,36.3375,-17.6625,14.175,46.950733,0.3361091,49.741684,0.026963303,-0.18236765,-0.9811413,0.05812675,0.124459244,-0.13599563,-0.7803406,0.5975647,-1.0,0
1763545386471,1009.76996,-0.20338993,3.8733816,8.242078,-0.22334744,0.022372922,-0.2543488,35.30625,-17.75625,12.900001,46.950733,0.3361091,49.741684,0.027470037,-0.18036395,-0.98163015,0.05582178,0.12378868,-0.1340229,-0.7818972,0.59611326,-1.0,0
1763545386496,1009.76996,-1.6223338,3.7190447,10.269397,0.0787252,0.24182609,0.020845762,35.568752,-17.00625,15.150001,46.950733,0.3361091,49.741684,0.028414527,-0.17933145,-0.98188645,0.054231375,0.12401182,-0.13261946,-0.78290784,0.5950533,-1.0,0
1763545386521,1009.8193,-1.9028922,3.7334015,10.387243,0.25083634,0.4739547,0.3285689,35.006252,-16.95,15.056251,46.950733,0.3361091,49.741684,0.030957423,-0.17991205,-0.98167163,0.054772582,0.12644996,-0.13166973,-0.7823997,0.59541935,-1.0,0
1763545386546,1009.8459,-1.3387842,4.1467614,10.050453,0.30917394,0.52221304,0.5657371,36.393753,-17.306252,15.243751,46.950733,0.3361091,49.741684,0.0397183,-0.18484245,-0.97983265,0.06468195,0.13648579,-0.13082774,-0.7752504,0.6026961,-1.0,0
1763545386571,1009.8459,-0.08255238,5.1810594,10.269995,0.11950042,0.34154978,0.41363183,36.84375,-18.112501,13.387501,46.950733,0.3361091,49.741684,0.04287223,-0.18720053,-0.9788309,0.0707492,0.14044386,-0.13098738,-0.7709095,0.60730255,-1.0,0
1763545386597,1009.87933,-0.33320054,5.255835,10.670195,0.03367392,0.47242755,0.30459246,36.46875,-17.025002,13.81875,46.950733,0.3361091,49.741684,0.04532284,-0.1885064,-0.9781349,0.075262755,0.14323916,-0.13065726,-0.7676416,0.61084986,-1.0,0
1763545386622,1009.9084,-0.7106683,5.462216,10.640285,-0.014737112,0.58192503,0.31986406,36.412502,-17.2875,13.837501,46.950733,0.3361091,49.741684,0.05400972,-0.18864116,-0.9770294,0.083128,0.15057574,-0.12581544,-0.76198035,0.61715746,-1.0,0
1763545386647,1009.9084,-0.44685963,5.4346986,10.512268,-0.116598815,0.3682751,0.2749655,37.18125,-17.081251,14.681251,46.950733,0.3361091,49.741684,0.056824464,-0.18766671,-0.97676575,0.08648275,0.15240182,-0.12337567,-0.7596616,0.62005347,-1.0,0
1763545386673,1009.9216,-0.76510507,3.845266,11.569896,0.007101303,0.102396205,-0.020234896,37.66875,-17.75625,12.187501,46.950733,0.3361091,49.741684,0.057177264,-0.18622988,-0.97690904,0.0877441,0.15190758,-0.12196245,-0.7589646,0.62130666,-1.0,0
1763545386699,1009.93207,-1.6193427,3.6729827,10.271192,0.116904244,-0.044516772,-0.03459022,37.256252,-16.81875,13.575001,46.950733,0.3361091,49.741684,0.057919484,-0.1870087,-0.97676015,0.08725065,0.15290542,-0.12225727,-0.75939196,0.6204812,-1.0,0
1763545386724,1009.93207,-1.9531415,3.7238302,9.350553,-0.08422298,-0.5209913,-0.0041996953,35.756252,-16.875,15.281251,46.950733,0.3361091,49.741684,0.053237014,-0.18660907,-0.97719455,0.08624559,0.14881398,-0.12454464,-0.7602719,0.6199433,-1.0,0
1763545386749,1009.94305,-1.4440684,3.3044882,10.030712,-0.37820166,-0.76701707,-0.010002911,36.91875,-17.1,12.8625,46.950733,0.3361091,49.741684,0.045930553,-0.18354133,-0.97825885,0.08490234,0.14103734,-0.1261176,-0.7619523,0.61937994,-1.0,0
1763545386774,1009.94305,-0.634098,2.2007985,11.757134,-0.22716534,-0.010461059,-0.21433719,35.193752,-16.050001,14.512501,46.950733,0.3361091,49.741684,0.041027002,-0.17653099,-0.9800837,0.081176944,0.13290618,-0.123216674,-0.7662416,0.61646366,-1.0,0
1763545386800,1009.9548,-1.5379868,2.0261226,10.619347,0.10758856,0.2615265,-0.16149737,34.95,-16.44375,15.187501,46.950733,0.3361091,49.741684,0.043972906,-0.1767727,-0.9800084,0.08001195,0.13540356,-0.12185266,-0.7672257,0.6149655,-1.0,0
1763545386825,1009.90155,-2.184049,2.2342982,7.579864,0.37423104,0.053679742,0.34536767,38.41875,-15.450001,12.450001,46.950733,0.3361091,49.741684,0.04655364,-0.17921732,-0.9793808,0.08079847,0.13886888,-0.12248053,-0.766474,0.6150053,-1.0,0
1763545386851,1009.90155,-1.3411771,2.2815564,6.8662047,0.3691914,-0.06391173,0.54298246,34.612503,-16.85625,13.856251,46.950733,0.3361091,49.741684,0.047177777,-0.18263344,-0.97846,0.08388789,0.14128037,-0.12498198,-0.7640671,0.61694473,-1.0,0
1763545386875,1009.8339,-0.4971089,2.4861426,6.5198436,0.3068832,-0.08132137,0.61918783,36.412502,-17.2875,13.837501,46.950733,0.3361091,49.741684,0.044634268,-0.18943717,-0.9763417,0.09421788,0.14295745,-0.13206768,-0.7566347,0.6241996,-1.0,0
1763545386900,1009.7946,0.13519448,2.806781,6.4648085,0.21510077,-0.035506517,0.575511,37.237503,-14.718751,13.6125,46.950733,0.3361091,49.741684,0.043354593,-0.19176136,-0.9754208,0.09950962,0.14319347,-0.13471329,-0.7529254,0.6280536,-1.0,0
1763545386925,1009.7946,-0.06819545,3.4037902,7.0959153,0.050014555,-0.15599959,0.42264208,34.66875,-17.23125,14.64375,46.950733,0.3361091,49.741684,0.04199989,-0.19320688,-0.9747348,0.1039121,0.14289062,-0.13665724,-0.7498418,0.6313829,-1.0,0
1763545386950,1009.7817,-0.096909314,3.4486556,7.8981094,0.049709123,-0.22640176,0.41118836,35.11875,-16.3125,16.087502,46.950733,0.3361091,49.741684,0.039740566,-0.19411683,-0.9742505,0.1075943,0.14154513,-0.13865636,-0.747295,0.634263,-1.0,0
1763545386975,1009.7817,0.2321038,3.4971104,8.739784,0.15202898,-0.19540037,0.4003455,34.3125,-17.5125,14.38125,46.950733,0.3361091,49.741684,0.034351174,-0.19678241,-0.97314423,0.114392325,0.138567,-0.14388385,-0.74258804,0.6392649,-1.0,0
1763545387000,1009.79095,0.6556334,3.7274194,9.074182,0.30627233,-0.08315397,0.33895358,35.006252,-16.2,14.85,46.950733,0.3361091,49.741684,0.033078056,-0.19983004,-0.97221315,0.117365256,0.13919768,-0.14714019,-0.740236,0.6411119,-1.0,0
1763545387025,1009.79926,0.779462,4.0307097,8.344371,0.41210467,-0.12713623,0.06940951,34.55625,-16.35,13.9875,46.950733,0.3361091,49.741684,0.032559868,-0.2040108,-0.97114354,0.11916195,0.14251381,-0.15490457,-0.7374707,0.64174086,-1.0,0
1763545387051,1009.79926,1.0486546,4.080361,8.142178,0.20929754,-0.22258386,-0.07200569,33.975002,-19.800001,16.25625,46.950733,0.3361091,49.741684,0.031494737,-0.2081195,-0.9702671,0.1194847,0.14251381,-0.15490457,-0.7374707,0.64174086,-1.0,0
1763545387077,1009.8171,0.5617151,4.8047876,8.877372,-0.3982075,0.14714205,-0.48861545,35.625,-18.13125,16.59375,46.950733,0.3361091,49.741684,0.028732061,-0.2096196,-0.9705015,0.11559188,0.14108208,-0.15767606,-0.7397644,0.6387353,-1.0,0
1763545387102,1009.8366,-0.70947194,5.3790655,10.101899,-0.44509134,0.21433719,-0.52343476,35.11875,-17.2875,13.368751,46.950733,0.3361091,49.741684,0.030444575,-0.20579366,-0.9717493,0.11146831,0.14039245,-0.1535183,-0.7429765,0.6361667,-1.0,0
1763545387127,1009.8366,-0.8955139,5.505885,10.696515,-0.28458664,-0.06223185,-0.43287405,34.125,-17.6625,15.656251,46.950733,0.3361091,49.741684,0.033255234,-0.19888195,-0.97403455,0.10294342,0.13895419,-0.14612205,-0.7492084,0.6308937,-1.0,0
1763545387152,1009.8576,0.5796613,5.0506506,11.475977,-0.34796384,-0.37972882,-0.5634464,34.40625,-16.25625,15.225,46.950733,0.3361091,49.741684,0.029658737,-0.19706243,-0.97503513,0.09793334,0.1350008,-0.14658825,-0.7526524,0.6275357,-1.0,0
1763545387177,1009.91205,0.35653058,4.1258245,12.144173,-0.3107011,0.0075594517,-0.66683525,34.237503,-17.15625,15.3,46.950733,0.3361091,49.741684,0.026659373,-0.19411635,-0.97628844,0.09203584,0.13088329,-0.1458128,-0.7569175,0.6234454,-1.0,0
1763545387203,1009.91205,-0.43908295,3.3164523,11.634501,-0.14317143,0.12515092,-0.6480512,36.862503,-16.725,11.90625,46.950733,0.3361091,49.741684,0.029715251,-0.18896337,-0.9782663,0.08003057,0.1304307,-0.13992132,-0.76570284,0.61409205,-1.0,0
1763545387229,1009.91766,-0.0317049,2.562115,9.801002,-0.15279256,-0.43883,-0.42737627,34.66875,-17.962502,13.9125,46.950733,0.3361091,49.741684,0.02889274,-0.18792453,-0.9789139,0.07469446,0.12911803,-0.13956673,-0.7694422,0.6097609,-1.0,0
1763545387255,1009.91766,0.863809,2.2875385,9.518648,-0.28977898,-0.44402233,-0.4227948,35.025,-16.931252,13.968751,46.950733,0.3361091,49.741684,0.025396153,-0.1863823,-0.97966003,0.069895566,0.12530029,-0.14029638,-0.7729919,0.605888,-1.0,0
1763545387280,1009.9172,1.0642079,2.4191437,9.52822,-0.34964374,-0.32704175,-0.46998408,34.85625,-17.0625,13.368751,46.950733,0.3361091,49.741684,0.018712537,-0.1800396,-0.98162955,0.060318425,0.11606234,-0.13890277,-0.78063023,0.5982073,-1.0,0
1763545387305,1009.9028,0.6161518,2.6225336,9.302098,-0.32123852,-0.20257804,-0.45287988,34.800003,-16.575,14.2875,46.950733,0.3361091,49.741684,0.017158264,-0.17682368,-0.98251134,0.05577558,0.1129239,-0.13714662,-0.7841286,0.5946271,-1.0,0
1763545387330,1009.9028,0.083748795,2.8396823,8.579466,-0.16302454,-0.05780308,-0.2399935,33.862503,-16.9125,13.1625,46.950733,0.3361091,49.741684,0.016314594,-0.1742975,-0.9831619,0.052333012,0.110783204,-0.13554744,-0.78672934,0.5919552,-1.0,0
1763545387356,1009.88763,-0.1591227,3.062813,8.178069,-0.03581195,0.020998476,-0.15050182,33.91875,-15.918751,14.025001,46.950733,0.3361091,49.741684,0.016442694,-0.1722921,-0.98370856,0.048606757,0.10974898,-0.1338286,-0.7893524,0.58903974,-1.0,0
1763545387382,1009.85516,-0.33020952,3.1830523,7.533802,0.09888373,0.060093824,-0.08956805,34.95,-16.44375,15.4875,46.950733,0.3361091,49.741684,0.017251803,-0.17326894,-0.9835611,0.047831204,0.110982694,-0.13417375,-0.7895868,0.5884156,-1.0,0
1763545387407,1009.85516,-0.15433706,3.4247274,6.6705914,0.1627191,0.039935283,-0.04497492,33.487503,-17.962502,14.493751,46.950733,0.3361091,49.741684,0.01793883,-0.17487542,-0.9832844,0.047418904,0.112478964,-0.13509883,-0.7894572,0.5880936,-1.0,0
1763545387432,1009.8212,0.02751746,3.546163,6.7052875,0.14882194,0.05291616,-0.0938441,35.006252,-16.931252,14.587501,46.950733,0.3361091,49.741684,0.019201059,-0.17821038,-0.9827193,0.04620706,0.11546757,-0.13709433,-0.7893219,0.58723366,-1.0,0
1763545387457,1009.79315,-0.111864455,3.728616,6.6681986,0.07948878,0.06360629,-0.118584126,34.96875,-17.19375,14.306251,46.950733,0.3361091,49.741684,0.020025935,-0.17918612,-0.98257303,0.04518289,0.11674462,-0.1374023,-0.7895685,0.5865773,-1.0,0
1763545387482,1009.79315,-0.56829536,3.7483566,8.013563,-0.069867656,0.031535894,0.045585785,33.2625,-19.10625,14.2875,46.950733,0.3361091,49.741684,0.020518234,-0.17915203,-0.98259914,0.04452505,0.11719414,-0.13704737,-0.7896998,0.5863939,-1.0,0
1763545387507,1009.79755,-0.23389842,3.7022948,8.882756,0.0075594517,0.07826705,0.13248129,34.443752,-18.88125,16.143751,46.950733,0.3361091,49.741684,0.020820906,-0.17868312,-0.9826563,0.045004707,0.11722678,-0.13645165,-0.78928995,0.5870776,-1.0,0
1763545387533,1009.79755,0.047258247,3.815954,9.408579,0.11476622,0.124692775,0.17066035,34.10625,-16.40625,14.043751,46.950733,0.3361091,49.741684,0.022244096,-0.17996916,-0.9822379,0.048218705,0.119152516,-0.13669811,-0.78703016,0.58966076,-1.0,0
1763545387558,1009.8232,-0.13758731,4.210171,9.123833,0.21586435,0.19219333,0.1683696,33.975002,-17.04375,14.08125,46.950733,0.3361091,49.741684,0.023816304,-0.18199363,-0.98172754,0.050175652,0.12159251,-0.13749297,-0.7854976,0.5910198,-1.0,0
1763545387583,1009.83954,-0.04546363,4.3944187,8.833703,0.07032581,0.12698352,0.13752094,35.68125,-18.09375,12.731251,46.950733,0.3361091,49.741684,0.025404645,-0.1841179,-0.98119426,0.05207297,0.12411978,-0.13834424,-0.78389716,0.5924191,-1.0,0
1763545387608,1009.83954,-0.076570325,4.662415,9.112467,-0.17799072,0.15065452,0.08086322,34.537502,-17.118752,15.262501,46.950733,0.3361091,49.741684,0.027480233,-0.1834676,-0.9811162,0.054699216,0.12555291,-0.13657275,-0.7820273,0.5949938,-1.0,0
1763545387633,1009.8505,-0.48753762,4.999803,9.76152,-0.3786598,0.29206973,0.09598213,34.74375,-18.337502,14.38125,46.950733,0.3361091,49.741684,0.029899279,-0.18004403,-0.9815955,0.05622832,0.125694,-0.13232836,-0.7813143,0.5968569,-1.0,0
1763545387659,1009.8708,1.0654043,4.9429736,11.00519,-0.608345,-0.39332056,-0.07948878,35.7,-17.34375,12.075001,46.950733,0.3361091,49.741684,0.030671773,-0.17554994,-0.9823036,0.057649635,0.12386709,-0.12812263,-0.78085625,0.5987529,-1.0,0
1763545387683,1009.8708,1.4542379,4.243073,12.14178,-0.63843006,-0.7135664,-0.50923216,35.268753,-16.40625,14.062501,46.950733,0.3361091,49.741684,0.026464192,-0.17025314,-0.9834204,0.05646989,0.10865328,-0.12514126,-0.7867496,0.5946085,-1.0,0
1763545387708,1009.91766,-0.0424726,3.1633115,12.327224,-0.57520556,-0.6437751,-0.8540653,33.600002,-15.975,15.150001,46.950733,0.3361091,49.741684,0.014496356,-0.15907095,-0.98627996,0.041690942,0.101221986,-0.12356302,-0.793151,0.58770555,-1.0,0
1763545387734,1009.91766,-2.0141585,2.3551357,11.770294,-0.5817723,-0.6254492,-0.8526909,33.975002,-16.29375,14.19375,46.950733,0.3361091,49.741684,0.009943783,-0.15332256,-0.9875877,0.03261731,0.09419521,-0.12138349,-0.7994835,0.580706,-1.0,0
1763545387759,1009.92865,-3.507878,1.6821543,13.520644,-0.49197522,-0.7091377,0.060399257,33.881252,-15.431251,13.06875,46.950733,0.3361091,49.741684,0.0041861883,-0.1469531,-0.9887765,0.026612997,0.08585562,-0.119338006,-0.80383885,0.57639426,-1.0,0
1763545387785,1009.97064,-1.1288141,1.032503,13.83231,-0.11247548,-0.47349656,0.52038044,31.687502,-15.281251,14.231251,46.950733,0.3361091,49.741684,-0.006577768,-0.14024816,-0.9896313,0.030283762,0.0730819,-0.11988264,-0.80297923,0.5792336,-1.0,0
1763545387810,1009.97064,2.6919255,1.6719848,11.93181,0.5332086,0.39500043,0.38400486,33.1875,-14.26875,16.181252,46.950733,0.3361091,49.741684,-0.009063236,-0.1416946,-0.9892041,0.036272362,0.07170516,-0.12254743,-0.79987884,0.58312464,-1.0,0
1763545387835,1009.9899,1.5254245,2.0398812,9.575478,0.81451184,0.88277596,0.04848739,30.975,-15.000001,16.7625,46.950733,0.3361091,49.741684,-0.006214267,-0.14611003,-0.98841333,0.04064889,0.07640935,-0.12469311,-0.79737103,0.5855021,-1.0,0
1763545387860,1009.92865,-0.317049,2.4293132,6.8925257,0.9000329,1.0524436,-0.027412556,33.300003,-17.362501,15.262501,46.950733,0.3361091,49.741684,0.012403062,-0.16133244,-0.9858502,0.043787602,0.10026218,-0.12700194,-0.79391426,0.5861042,-1.0,0
1763545387886,1009.92865,-2.059622,3.07717,4.0354953,0.49350238,0.57047135,0.25831944,32.550003,-18.1875,15.543751,46.950733,0.3361091,49.741684,0.02173499,-0.1683948,-0.98441255,0.045855723,0.11199909,-0.12761435,-0.7913266,0.587344,-1.0,0
1763545387912,1009.8166,-1.6737795,3.2769706,4.345366,0.2514472,0.08452842,0.40171996,33.525,-18.337502,16.21875,46.950733,0.3361091,49.741684,0.027427228,-0.1732154,-0.98327976,0.049041618,0.11950028,-0.12835696,-0.78820634,0.589894,-1.0,0
1763545387937,1009.74457,-0.74895346,3.463611,5.2833524,0.083306685,-0.33971718,0.41561714,34.3125,-18.768751,16.931252,46.950733,0.3361091,49.741684,0.024440862,-0.1774611,-0.98222375,0.05614412,0.119565845,-0.13339275,-0.78259546,0.5962002,-1.0,0
1763545387963,1009.74457,0.071186475,3.6574295,8.020741,0.040698867,-0.46784607,0.22884522,31.2,-16.85625,16.6875,46.950733,0.3361091,49.741684,0.01888554,-0.17811987,-0.982101,0.05830618,0.11538636,-0.1370006,-0.7810402,0.5982416,-1.0,0
1763545387988,1009.7443,0.036490545,3.6077783,8.791828,0.17890702,-0.34399322,0.20761767,34.631252,-17.475,14.043751,46.950733,0.3361091,49.741684,0.014058283,-0.178986,-0.98193866,0.059669163,0.11190342,-0.140397,-0.7800128,0.5994551,-1.0,0
1763545388013,1009.7443,0.1788635,3.7244284,8.926425,0.31283912,-0.34597853,0.2022726,32.04375,-18.375,17.1375,46.950733,0.3361091,49.741684,0.0070840223,-0.18421957,-0.98088115,0.062303234,0.10907944,-0.1486231,-0.7775732,0.60115945,-1.0,0
1763545388039,1009.758,0.66400826,3.8458643,8.720642,0.34322965,-0.44127345,0.105908684,30.225,-19.556252,15.8625,46.950733,0.3361091,49.741684,0.0028285633,-0.18782881,-0.980206,0.06251657,0.10758685,-0.15398943,-0.7768532,0.6010087,-1.0,0
1763545388065,1009.78485,1.3375878,3.8751762,8.414361,-0.047876526,-0.35834855,-0.3256673,31.0125,-18.487501,16.181252,46.950733,0.3361091,49.741684,-0.0013795797,-0.19040234,-0.9798082,0.061005365,0.10555341,-0.15847209,-0.7773317,0.59958357,-1.0,0
1763545388090,1009.78485,1.0683953,4.249055,8.962915,-0.3974439,-0.09277509,-0.610483,31.518751,-20.306252,16.837502,46.950733,0.3361091,49.741684,-0.00464315,-0.18677257,-0.9810454,0.051386964,0.100843064,-0.15727797,-0.7836482,0.59244394,-1.0,0
1763545388116,1009.8249,0.012562319,4.458427,10.023534,-0.5788707,0.18654284,-0.83390677,32.7,-17.325,17.325,46.950733,0.3361091,49.741684,-0.0016823808,-0.18139291,-0.9824338,0.04379079,0.10031214,-0.1511413,-0.78892744,0.58710074,-1.0,0
1763545388141,1009.8571,-1.0947163,3.8350966,10.936995,-0.5978075,-0.08956805,-0.77999794,32.268753,-18.618752,18.206251,46.950733,0.3361091,49.741684,0.001139658,-0.1759363,-0.983748,0.035846904,0.09962717,-0.14501484,-0.79431826,0.5814668,-1.0,0
1763545388166,1009.8571,-0.63948184,3.4283166,11.54836,-0.74899656,-0.21586435,-0.747164,31.612501,-17.681252,16.6875,46.950733,0.3361091,49.741684,0.0017253753,-0.17027903,-0.9849902,0.02822122,0.096964754,-0.13998486,-0.79951745,0.5759982,-1.0,0
1763545388191,1009.9047,-0.67058855,2.8205397,13.104892,-0.8395573,-0.24503313,-0.727769,32.756252,-17.7,17.79375,46.950733,0.3361091,49.741684,-0.00030225102,-0.15488033,-0.98784256,0.013380635,0.08660883,-0.12840138,-0.81037205,0.56507444,-1.0,0
1763545388216,1009.9047,-1.2137593,1.8005991,14.686547,-0.5660426,-0.22334744,-0.5568796,34.068752,-19.40625,15.450001,46.950733,0.3361091,49.741684,-0.0013925973,-0.1489324,-0.9888166,0.007678334,0.08229295,-0.12413971,-0.8147263,0.5603912,-1.0,0
1763545388242,1009.97235,-0.57427746,0.8117651,13.157534,0.5156462,-0.28764096,0.4342485,32.68125,-18.075,17.831251,46.950733,0.3361091,49.741684,-0.0030102553,-0.14810902,-0.98894787,0.0060631195,0.080376394,-0.124438666,-0.816258,0.55837035,-1.0,0
1763545388267,1009.9865,1.1347961,1.3477573,11.288141,0.76823884,-0.32078037,0.7781654,32.006252,-19.368752,16.425001,46.950733,0.3361091,49.741684,-0.0060991463,-0.15219094,-0.98828393,0.00977734,0.07997168,-0.12962954,-0.8141858,0.5602698,-1.0,0
1763545388292,1009.9865,3.2099717,2.5609183,9.406186,0.8114575,-0.37636906,0.7732785,31.06875,-18.862501,17.118752,46.950733,0.3361091,49.741684,-0.015231113,-0.16585475,-0.98572946,0.024448115,0.07977965,-0.14620191,-0.80485535,0.56962097,-1.0,0
1763545388317,1009.9633,3.6346977,2.876771,8.493324,0.8720858,-0.45058912,0.58497936,30.73125,-18.900002,19.0125,46.950733,0.3361091,49.741684,-0.020498723,-0.17332889,-0.98414755,0.031472474,0.0794685,-0.15539582,-0.80000603,0.57404464,-1.0,0
1763545388342,1009.9345,3.9433718,3.2213376,7.030711,0.67156947,-0.50709414,0.31375542,30.13125,-18.862501,21.393751,46.950733,0.3361091,49.741684,-0.03213967,-0.18806888,-0.9808526,0.039055377,0.077841885,-0.17419386,-0.79358727,0.57776845,-1.0,0
1763545388367,1009.9345,3.8273199,3.6981075,6.29432,0.21571162,-0.27084216,0.0011453715,29.625002,-19.3875,18.84375,46.950733,0.3361091,49.741684,-0.035429426,-0.1904771,-0.980284,0.038814798,0.0764276,-0.17803256,-0.79330885,0.57716924,-1.0,0
1763545388392,1009.89276,1.9627128,3.3403804,7.3190465,-0.1344666,0.41378453,-0.48281226,31.575,-20.4375,20.25,46.950733,0.3361091,49.741684,-0.034392152,-0.18961632,-0.98057765,0.036473885,0.07681481,-0.17673895,-0.794843,0.57540196,-1.0,0
1763545388417,1009.89276,0.7375876,3.1770704,6.955337,0.021303909,0.55077094,-0.55382526,29.79375,-20.625,20.1375,46.950733,0.3361091,49.741684,-0.030044274,-0.18849279,-0.9810701,0.03269993,0.07979073,-0.17339444,-0.7973957,0.57247525,-1.0,0
1763545388443,1009.8527,-0.35653058,3.5252259,6.1842504,0.15263984,0.5067887,-0.52206033,31.7625,-19.556252,19.875,46.950733,0.3361091,49.741684,-0.018042292,-0.190373,-0.9812411,0.024464017,0.090864405,-0.16825894,-0.801943,0.56596816,-1.0,0
1763545388469,1009.79535,-1.2843475,4.0815573,5.7062836,0.16607887,0.29237515,-0.4400517,33.28125,-22.25625,19.087502,46.950733,0.3361091,49.741684,-0.014091892,-0.19231711,-0.9810117,0.020773407,0.095339224,-0.16761526,-0.80343366,0.5633027,-1.0,0
1763545388495,1009.79535,-1.8442681,4.5541396,6.611967,-0.08773545,-0.058719378,-0.117820546,31.0125,-19.63125,20.56875,46.950733,0.3361091,49.741684,-0.012320914,-0.19352737,-0.980853,0.017963894,0.09763573,-0.1675467,-0.80435795,0.5616081,-1.0,0
1763545388521,1009.75995,-1.7012969,4.6528435,8.160722,-0.17737986,0.020234896,0.07475458,30.937502,-21.393751,21.45,46.950733,0.3361091,49.741684,-0.011623662,-0.19180417,-0.98121357,0.017203925,0.097515,-0.16557409,-0.8041964,0.56244487,-1.0,0
1763545388546,1009.7963,-0.49950173,4.822734,11.3778715,0.09598213,0.17096578,0.37728536,31.81875,-21.4125,20.118752,46.950733,0.3361091,49.741684,-0.01055525,-0.19071084,-0.9813899,0.019795464,0.09788052,-0.16401657,-0.8025841,0.5651342,-1.0,0
1763545388571,1009.7963,0.26739794,4.666004,11.638689,0.3523926,0.18516839,0.36583164,30.562502,-21.91875,19.66875,46.950733,0.3361091,49.741684,-0.009340395,-0.19162703,-0.9811387,0.023635993,0.0994377,-0.16407408,-0.800098,0.5683617,-1.0,0
1763545388597,1009.852,0.48933223,4.6055856,11.103893,0.36186102,0.25679228,0.3077995,32.8125,-20.925001,19.06875,46.950733,0.3361091,49.741684,-0.0062213563,-0.19816527,-0.97966146,0.030907175,0.105655424,-0.16776504,-0.7948912,0.57344556,-1.0,0
1763545388622,1009.9018,-0.9320044,5.263612,10.526625,0.011988222,1.1457533,0.41760245,32.25,-21.375,21.150002,46.950733,0.3361091,49.741684,-0.00032870471,-0.19964434,-0.97924596,0.034919057,0.11136066,-0.16570082,-0.7923279,0.5765055,-1.0,0
1763545388647,1009.9018,-1.1958131,5.9880385,10.216755,-0.12652537,1.0183879,0.61796606,32.9625,-19.5375,18.806252,46.950733,0.3361091,49.741684,0.009875434,-0.19947457,-0.97899324,0.04104354,0.11976065,-0.15982808,-0.78856623,0.58161473,-1.0,0
1763545388673,1009.9067,-0.10707881,5.9706907,10.874781,-0.21952952,0.3354411,0.65431255,31.987501,-19.1625,20.2875,46.950733,0.3361091,49.741684,0.020441832,-0.19651037,-0.9787081,0.055658575,0.1270297,-0.15131949,-0.7794941,0.5944365,-1.0,0
1763545388698,1009.92914,0.4127619,3.6658044,11.76192,0.11110103,0.12805253,0.45226902,34.0875,-19.575,20.7,46.950733,0.3361091,49.741684,0.018477779,-0.19557147,-0.9786299,0.060791627,0.12487273,-0.15164551,-0.77656955,0.5986236,-1.0,0
1763545388724,1009.92914,-0.5952146,3.2817562,10.169497,0.2013563,0.34429866,0.45150542,32.175003,-19.650002,20.75625,46.950733,0.3361091,49.741684,0.0187122,-0.19638108,-0.97817034,0.065334424,0.12544698,-0.15224543,-0.7739347,0.60175526,-1.0,0
1763545388750,1009.92596,-0.9176475,3.3236306,8.730213,0.028023422,0.25373796,0.4899899,33.112503,-19.425001,20.34375,46.950733,0.3361091,49.741684,0.021262972,-0.19786769,-0.9774797,0.07021208,0.1283293,-0.152103,-0.77088535,0.6050884,-1.0,0
1763545388775,1009.92596,-0.06580263,3.0113673,8.758927,-0.2937496,-0.020693045,0.4276817,32.100002,-19.275002,20.4375,46.950733,0.3361091,49.741684,0.021744033,-0.1951604,-0.9773144,0.07932814,0.1271715,-0.14962597,-0.7658212,0.6123376,-1.0,0
1763545388800,1009.9045,0.3068795,2.1774685,10.366904,-0.4907535,0.124234624,0.16119194,30.375002,-18.45,20.1,46.950733,0.3361091,49.741684,0.019959416,-0.19049229,-0.9780629,0.08189645,0.123008974,-0.14681447,-0.76530653,0.61450815,-1.0,0
1763545388825,1009.9196,-0.14177474,2.0662024,10.031909,-0.41836601,0.4333322,0.1550833,29.79375,-17.75625,19.2,46.950733,0.3361091,49.741684,0.023707306,-0.180674,-0.97948015,0.086110026,0.12044935,-0.13673711,-0.7649433,0.61778367,-1.0,0
1763545388850,1009.9196,-0.67417777,2.2558336,9.385847,-0.2709949,0.7001274,0.27633995,30.35625,-18.69375,18.73125,46.950733,0.3361091,49.741684,0.029669864,-0.17725128,-0.9795929,0.08999323,0.1234241,-0.13063243,-0.7631824,0.62068856,-1.0,0
1763545388875,1009.90106,-0.12502499,2.629712,7.645068,0.15829034,0.46372274,0.5985711,32.006252,-18.4125,19.78125,46.950733,0.3361091,49.741684,0.035755765,-0.1760074,-0.9790834,0.09560148,0.1277446,-0.12624727,-0.7598267,0.624825,-1.0,0
1763545388900,1009.90106,0.5102694,2.7696922,7.1473613,0.3418552,0.0014508038,0.6285035,33.487503,-17.625,18.806252,46.950733,0.3361091,49.741684,0.03925608,-0.17719387,-0.97808796,0.10199755,0.13128999,-0.12530643,-0.7555513,0.629447,-1.0,0
1763545388925,1009.8432,0.89431745,2.7643085,6.8201427,0.4673879,-0.35376707,0.56695884,31.556252,-18.45,19.050001,46.950733,0.3361091,49.741684,0.034287043,-0.18569274,-0.9755489,0.11245545,0.1318688,-0.13515931,-0.74774677,0.6365669,-1.0,0
1763545388950,1009.7978,1.4656038,3.0735807,6.06102,0.27618724,-0.14072797,0.31146467,33.1875,-19.143751,18.91875,46.950733,0.3361091,49.741684,0.030318797,-0.19037725,-0.97433466,0.11623613,0.13116404,-0.14127508,-0.7447067,0.63894385,-1.0,0
1763545388975,1009.7978,1.1264212,3.4666018,6.062814,0.08544471,0.05337431,0.0891099,32.025,-17.6625,19.10625,46.950733,0.3361091,49.741684,0.028370062,-0.19336817,-0.97348017,0.118913844,0.13121346,-0.14484172,-0.74249244,0.6407097,-1.0,0
1763545389002,1009.76556,0.1363909,3.7615173,6.399006,-0.08040508,0.102854356,-0.055817768,30.73125,-16.66875,20.268751,46.950733,0.3361091,49.741684,0.02939141,-0.19374426,-0.9732896,0.11961246,0.13234143,-0.14452139,-0.741634,0.6415437,-1.0,0
1763545389027,1009.75116,-0.9954142,4.188636,8.215158,-0.19814926,-0.39515316,-0.053527027,31.63125,-17.212502,21.300001,46.950733,0.3361091,49.741684,0.028632998,-0.19229114,-0.97370887,0.11873025,0.13095269,-0.14369087,-0.74224716,0.6413061,-1.0,0
1763545389052,1009.75116,-0.9529416,4.281358,9.317652,-0.11140647,-0.5104539,-0.050319985,31.1625,-17.38125,20.8875,46.950733,0.3361091,49.741684,0.025048878,-0.19104706,-0.9742032,0.117486194,0.12733133,-0.14461367,-0.7431394,0.6407944,-1.0,0
1763545389078,1009.7729,-0.7118647,4.345366,9.877572,-0.05413789,-0.45318532,-0.092011504,31.781252,-16.35,23.081251,46.950733,0.3361091,49.741684,0.016549055,-0.19070205,-0.9748306,0.11428943,0.12013632,-0.14902511,-0.74521863,0.638755,-1.0,0
1763545389103,1009.8239,-0.37208393,4.456034,10.137792,-0.15538873,-0.2948186,-0.18501566,29.1,-16.612501,22.612501,46.950733,0.3361091,49.741684,0.014100621,-0.18960339,-0.9753504,0.111989446,0.11751111,-0.14946397,-0.7468491,0.6372347,-1.0,0
1763545389128,1009.8239,-0.58683974,4.469793,11.714064,-0.28916812,0.22456917,-0.35193446,29.531252,-17.4375,21.825,46.950733,0.3361091,49.741684,0.014312163,-0.18687981,-0.9761935,0.109168604,0.11619101,-0.14706641,-0.7490167,0.6354881,-1.0,0
1763545389153,1009.8874,-0.62931234,4.1611185,11.754143,-0.15019637,0.28855726,-0.3096321,31.312502,-17.475,19.650002,46.950733,0.3361091,49.741684,0.02017796,-0.18199627,-0.97759205,0.10383865,0.11832047,-0.13975015,-0.7532053,0.63178474,-1.0,0
1763545389178,1009.92303,-0.5389833,4.2999024,11.158929,-0.09078978,0.16775873,-0.29649848,30.13125,-16.743752,20.34375,46.950733,0.3361091,49.741684,0.022303501,-0.18087272,-0.97801995,0.10132535,0.11945012,-0.13763714,-0.7549921,0.62990046,-1.0,0
1763545389203,1009.92303,0.23928227,3.5928233,11.839686,-0.35621053,0.10377065,-0.2720639,31.687502,-17.8125,18.993752,46.950733,0.3361091,49.741684,0.023130408,-0.17849994,-0.9786978,0.09874696,0.11881951,-0.1352008,-0.7569624,0.6281804,-1.0,0
1763545389228,1009.9545,0.46899325,2.845066,12.574882,-0.21387903,0.115071654,-0.2775617,30.91875,-17.04375,21.975,46.950733,0.3361091,49.741684,0.024167731,-0.17486776,-0.9795587,0.09644675,0.117622495,-0.13163498,-0.75910395,0.6265767,-1.0,0
1763545389253,1009.9545,0.3792624,2.4197419,12.220145,-0.0040469794,0.041157015,-0.25526512,31.9125,-16.66875,19.6875,46.950733,0.3361091,49.741684,0.025324872,-0.17231923,-0.9802093,0.09410315,0.11707972,-0.12894799,-0.76134413,0.62451565,-1.0,0
1763545389278,1009.977,0.0023928226,2.0344975,10.780863,0.0072540194,-0.077961616,-0.018707734,30.075,-17.737501,19.931252,46.950733,0.3361091,49.741684,0.025619164,-0.17159213,-0.98069304,0.09024076,0.11672293,-0.12835842,-0.7648457,0.6204119,-1.0,0
1763545389304,1009.9841,0.23748764,2.1176481,10.4668045,0.011988222,-0.027870705,0.08895718,31.35,-17.23125,19.931252,46.950733,0.3361091,49.741684,0.024833553,-0.17129579,-0.9807909,0.08994801,0.11581793,-0.12862793,-0.76551175,0.61970377,-1.0,0
1763545389329,1009.9841,0.785444,2.370689,10.281959,0.07918335,0.061773703,0.12866339,30.975,-17.53125,21.375,46.950733,0.3361091,49.741684,0.024528163,-0.17147103,-0.9805671,0.092116185,0.115502164,-0.12908585,-0.76488703,0.6204385,-1.0,0
1763545389354,1009.97455,1.2107682,2.3928227,9.689137,0.21036656,0.19478951,0.092011504,32.5875,-15.4875,19.85625,46.950733,0.3361091,49.741684,0.026056508,-0.17306131,-0.98013383,0.09333575,0.11758253,-0.12962797,-0.7642002,0.620781,-1.0,0
1763545389379,1009.94086,1.4877375,2.856432,7.8664045,0.5793289,0.41149378,-0.12255475,31.10625,-17.643751,21.225,46.950733,0.3361091,49.741684,0.029053338,-0.17624524,-0.97940135,0.0941599,0.12177842,-0.13067712,-0.76343554,0.6206929,-1.0,0
1763545389404,1009.94086,0.88414794,3.0496526,6.3493547,0.6413317,0.4539489,-0.26320636,31.706251,-17.587502,21.150002,46.950733,0.3361091,49.741684,0.03823913,-0.186941,-0.9773238,0.09181335,0.13530213,-0.13454542,-0.7632227,0.61731833,-1.0,0
1763545389429,1009.8674,0.27098715,3.0388846,5.094918,0.528169,0.43485937,-0.33483025,31.593752,-18.206251,20.118752,46.950733,0.3361091,49.741684,0.043265183,-0.1916244,-0.97644126,0.089281395,0.14210527,-0.13563873,-0.76377547,0.614862,-1.0,0
1763545389454,1009.8674,-0.7112665,3.2087753,4.814359,0.019471316,0.26748243,-0.29680392,32.025,-18.16875,20.831251,46.950733,0.3361091,49.741684,0.047306698,-0.19414784,-0.9760006,0.08654931,0.1469091,-0.1354586,-0.7647353,0.6125754,-1.0,0
1763545389479,1009.80145,-1.1700903,3.3714871,5.725426,-0.15493058,0.22533275,-0.19784383,33.43125,-18.393751,21.487501,46.950733,0.3361091,49.741684,0.05049161,-0.19423679,-0.9760269,0.08423064,0.14966132,-0.13371167,-0.7658076,0.6109512,-1.0,0
1763545389504,1009.76483,-1.7910278,3.603591,6.669395,-0.18409938,0.1117119,-0.005574141,32.550003,-18.6,19.725,46.950733,0.3361091,49.741684,0.054240055,-0.1910573,-0.9765554,0.08301894,0.15111455,-0.12887734,-0.766473,0.61079794,-1.0,0
1763545389529,1009.76483,-1.7407784,4.5678983,8.650652,0.03367392,-0.34888014,0.45929396,33.46875,-18.393751,20.081251,46.950733,0.3361091,49.741684,0.053016704,-0.19047768,-0.9765551,0.08513527,0.14982264,-0.12901814,-0.76507103,0.6128407,-1.0,0
1763545389554,1009.769,-1.1880364,5.057829,9.072387,0.0721584,-0.5362629,0.57413656,33.675003,-17.25,20.775002,46.950733,0.3361091,49.741684,0.049237736,-0.19150151,-0.97623265,0.08873756,0.14729697,-0.13191175,-0.7625712,0.6159448,-1.0,0
1763545389579,1009.8,-0.4019942,5.5453663,9.579665,-0.06391173,-0.6068178,0.5559633,31.35,-17.23125,20.25,46.950733,0.3361091,49.741684,0.036692895,-0.19367236,-0.97555035,0.0971892,0.13820088,-0.14055565,-0.75673205,0.6232987,-1.0,0
1763545389605,1009.8,0.57188463,5.42094,10.8018,-0.302149,-0.53916454,0.415159,31.35,-17.23125,20.25,46.950733,0.3361091,49.741684,0.036692895,-0.19367236,-0.97555035,0.0971892,0.13820088,-0.14055565,-0.75673205,0.6232987,-1.0,0
1763545389630,1009.87396,0.5838487,5.426922,13.831113,-0.26794055,0.58742285,0.063759014,29.1375,-17.23125,21.712502,46.950733,0.3361091,49.741684,0.027944168,-0.1880189,-0.976437,0.10216891,0.12783262,-0.14067982,-0.7544904,0.6281817,-1.0,0
1763545389655,1009.87396,0.05802595,5.2552366,13.180265,0.13248129,1.1413245,-0.03367392,32.2125,-17.268751,20.775002,46.950733,0.3361091,49.741684,0.04358468,-0.1850379,-0.9760604,0.10568244,0.13913909,-0.12953338,-0.7523716,0.63071257,-1.0,0
1763545389681,1009.96136,-0.6538388,5.0129633,10.557134,0.31665704,0.8867466,-0.12988512,32.60625,-16.85625,19.63125,46.950733,0.3361091,49.741684,0.052428707,-0.18716933,-0.9751924,0.105922356,0.14769092,-0.1263664,-0.75143474,0.6305274,-1.0,0
1763545389706,1009.94135,-1.6779668,3.667599,9.712467,-0.07185297,-0.13324489,-0.04848739,32.325,-16.875,19.2,46.950733,0.3361091,49.741684,0.05475459,-0.18840392,-0.9749289,0.10497472,0.1503646,-0.12603407,-0.75147337,0.6299156,-1.0,0
1763545389731,1009.94135,-1.4961123,2.7152555,10.0881405,-0.07704532,-0.033215772,0.0064904382,32.8125,-16.462502,21.13125,46.950733,0.3361091,49.741684,0.053543434,-0.18684733,-0.9753739,0.10424662,0.14845307,-0.12546104,-0.75244296,0.6293257,-1.0,0
1763545389756,1009.9323,-1.8005991,2.3838496,9.435498,-0.10178535,-0.046807513,0.06895136,32.325,-16.650002,21.806252,46.950733,0.3361091,49.741684,0.0530823,-0.18559882,-0.975577,0.10480666,0.14731686,-0.12474938,-0.7525959,0.62955123,-1.0,0
1763545389781,1009.9113,-2.1326032,2.6745775,9.137591,-0.34597853,-0.06284271,0.41592255,32.7,-16.35,20.212502,46.950733,0.3361091,49.741684,0.052067287,-0.1831796,-0.9758596,0.10692147,0.14509769,-0.123338684,-0.7518101,0.63128114,-1.0,0
1763545389806,1009.9113,-1.3818551,2.6069803,9.3511505,-0.30184355,-0.13293944,0.5312233,30.750002,-16.44375,21.65625,46.950733,0.3361091,49.741684,0.050769992,-0.1799503,-0.97609323,0.11081262,0.14219856,-0.1214058,-0.7499785,0.63448596,-1.0,0
1763545389831,1009.89325,-0.62871414,2.8779674,9.404989,-0.20120358,-0.29710937,0.53290313,31.425001,-15.4875,19.81875,46.950733,0.3361091,49.741684,0.044619158,-0.17574051,-0.97604257,0.12027755,0.13467501,-0.121400975,-0.7450473,0.6418949,-1.0,0
1763545389856,1009.89325,-0.7160522,3.033501,9.59163,-0.11537708,-0.3296379,0.5132028,31.25625,-14.025001,21.45,46.950733,0.3361091,49.741684,0.040555544,-0.17511857,-0.975789,0.12459415,0.13092446,-0.123166844,-0.74257416,0.6451917,-1.0,0
1763545389881,1009.8859,-0.6257231,2.8666015,9.896116,0.26335907,0.106977694,0.75220364,29.962502,-14.64375,20.85,46.950733,0.3361091,49.741684,0.038501628,-0.17549087,-0.9750866,0.1301033,0.12939166,-0.12464837,-0.7390927,0.64920145,-1.0,0
1763545389907,1009.8869,0.10229317,3.03709,9.354142,0.5817723,0.2325104,0.8420007,29.962502,-13.14375,20.775002,46.950733,0.3361091,49.741684,0.038653407,-0.17788546,-0.9736651,0.1372515,0.13080518,-0.12659925,-0.73415816,0.6541211,-1.0,0
1763545389932,1009.8869,1.0073783,3.3984063,8.209774,0.8398627,0.12194388,0.7430406,29.868752,-13.556251,22.5,46.950733,0.3361091,49.741684,0.04086952,-0.1911528,-0.96881396,0.15227912,0.13994583,-0.13647312,-0.7220818,0.66361743,-1.0,0
1763545389957,1009.8664,1.1670992,3.8973098,6.265606,0.76472634,-0.18364123,0.28870997,29.5125,-14.56875,22.143751,46.950733,0.3361091,49.741684,0.0399873,-0.20004697,-0.96636295,0.1566017,0.14414594,-0.14435984,-0.71761906,0.6658867,-1.0,0
1763545389983,1009.8178,0.74895346,4.17069,5.9527445,0.4643336,-0.06284271,0.14072797,28.237501,-15.093751,22.462502,46.950733,0.3361091,49.741684,0.038583137,-0.20782678,-0.9644316,0.15871459,0.14732414,-0.15157928,-0.71468353,0.6667434,-1.0,0
1763545390009,1009.8178,0.6053841,4.4745784,6.5928245,0.18684827,0.07047852,0.046043932,30.337502,-14.868751,21.45,46.950733,0.3361091,49.741684,0.0390087,-0.21462141,-0.9626628,0.16029845,0.15157427,-0.15687352,-0.71178365,0.66766757,-1.0,0
1763545390034,1009.7917,0.8039884,4.235894,8.896515,0.24762931,-0.19692753,-0.2870301,29.475,-14.83125,21.69375,46.950733,0.3361091,49.741684,0.03917713,-0.21595363,-0.96250814,0.1593999,0.15249217,-0.15785089,-0.7119906,0.6670072,-1.0,0
1763545390059,1009.78925,0.23629123,4.0241294,8.86481,0.3099375,-0.28000516,-0.41882417,30.487501,-14.7375,23.4375,46.950733,0.3361091,49.741684,0.0380988,-0.21850733,-0.96248573,0.1562831,0.15300848,-0.16057822,-0.7137232,0.6643811,-1.0,0
1763545390085,1009.78925,-0.15672988,3.6520455,8.5525465,0.14576761,-0.1259145,-0.46983138,30.0375,-14.775001,23.475,46.950733,0.3361091,49.741684,0.036778934,-0.22287932,-0.96299446,0.14701751,0.1542822,-0.16499959,-0.7195137,0.6567131,-1.0,0
1763545390111,1009.79803,-1.4231312,3.9026937,8.763115,-0.26885685,0.56787515,-0.46860963,30.300001,-15.8625,21.35625,46.950733,0.3361091,49.741684,0.04000268,-0.22110218,-0.9638651,0.14310098,0.15594149,-0.16176721,-0.72255814,0.6537762,-1.0,0
1763545390136,1009.79803,-2.167299,4.269394,8.578269,-0.32062766,0.45623964,-0.4011091,29.587502,-17.0625,22.575,46.950733,0.3361091,49.741684,0.04613279,-0.21750137,-0.9648667,0.13999283,0.15902276,-0.15539244,-0.7252054,0.65164566,-1.0,0
1763545390161,1009.79193,-1.8143578,4.3328037,8.423932,-0.44997826,-0.0816268,-0.3427715,30.150002,-15.76875,22.59375,46.950733,0.3361091,49.741684,0.050966553,-0.20945357,-0.96725243,0.13399746,0.15862712,-0.14596504,-0.73031175,0.64821017,-1.0,0
1763545390186,1009.7819,-0.6125626,4.118646,9.090333,-0.7554107,-0.6291144,-0.4240165,29.56875,-14.962501,23.38125,46.950733,0.3361091,49.741684,0.045103095,-0.20302846,-0.96957624,0.12909517,0.15019852,-0.14385866,-0.7349014,0.6454959,-1.0,0
1763545390211,1009.7819,-0.5617151,3.2727833,13.044473,-1.2842668,-0.41317368,-0.4841867,30.431252,-14.250001,23.56875,46.950733,0.3361091,49.741684,0.03801831,-0.19292033,-0.9727099,0.1231762,0.1386718,-0.139405,-0.74089897,0.6421878,-1.0,0
1763545390237,1009.82684,-0.4971089,2.7589245,14.653048,-0.932256,-0.011682789,-0.2474766,29.718752,-14.306251,21.9375,46.950733,0.3361091,49.741684,0.03275947,-0.17138264,-0.97777504,0.11624004,0.122184336,-0.12456384,-0.7497929,0.6382519,-1.0,0
1763545390261,1009.9006,0.02213361,2.7421749,14.134403,-0.3334558,0.09735657,0.082543105,29.85,-13.781251,20.04375,46.950733,0.3361091,49.741684,0.03305225,-0.16757736,-0.978297,0.11730563,0.1202158,-0.121337466,-0.7501916,0.63877845,-1.0,0
1763545390286,1009.9006,2.7762725,2.9892337,10.013963,0.22930336,-0.24625486,0.14973822,29.587502,-12.825001,21.2625,46.950733,0.3361091,49.741684,0.031609036,-0.16847819,-0.97790694,0.11964074,0.11943477,-0.122960836,-0.74897563,0.64004016,-1.0,0
1763545390311,1009.91327,3.559922,3.039483,8.361719,0.05535962,-0.19051345,-0.16042836,28.837502,-13.650001,21.54375,46.950733,0.3361091,49.741684,0.028643765,-0.1708686,-0.9774497,0.12072594,0.11665722,-0.12862068,-0.7495165,0.63880575,-1.0,0
1763545390336,1009.88763,3.181856,3.21715,7.5272217,-0.2529744,0.040240716,-0.544815,28.9125,-13.275001,21.50625,46.950733,0.3361091,49.741684,0.026447393,-0.1692662,-0.97857094,0.11422964,0.11545644,-0.12657139,-0.75307906,0.6352334,-1.0,0
1763545390362,1009.88763,0.43130627,2.9856443,8.273783,-0.33895358,0.50251263,-0.79023,30.843752,-13.181251,20.831251,46.950733,0.3361091,49.741684,0.029878387,-0.16463666,-0.98002476,0.107499875,0.11576627,-0.1208141,-0.75798756,0.6304419,-1.0,0
1763545390388,1009.84564,-0.2620141,2.7726831,8.227122,0.0028252497,0.39606944,-0.6417898,30.937502,-13.425,20.681252,46.950733,0.3361091,49.741684,0.035294767,-0.16076331,-0.98118186,0.10095746,0.11814726,-0.114593916,-0.76255685,0.6256329,-1.0,0
1763545390413,1009.84564,-0.41994038,2.8833513,7.359724,0.3105484,0.093233235,-0.48647743,31.29375,-13.031251,21.712502,46.950733,0.3361091,49.741684,0.04190492,-0.16289113,-0.9815535,0.0909001,0.12483561,-0.11271922,-0.76840895,0.617461,-1.0,0
1763545390438,1009.8056,-0.084346995,2.8893332,5.4113684,0.2314414,-0.2447277,-0.47868893,32.831253,-13.593751,19.575,46.950733,0.3361091,49.741684,0.041253593,-0.16679567,-0.9813373,0.086319335,0.12647039,-0.11630997,-0.77063626,0.613675,-1.0,0
1763545390464,1009.73846,-0.48035914,2.905485,5.4203415,-0.08544471,-0.13370302,-0.46845692,31.25625,-15.39375,22.1625,46.950733,0.3361091,49.741684,0.039848197,-0.16921596,-0.9814098,0.08130625,0.12666452,-0.11907173,-0.773309,0.6097305,-1.0,0
1763545390489,1009.73846,-0.8811569,3.0843484,6.538388,-0.33559385,-0.010461059,-0.36140287,31.368752,-14.775001,22.875,46.950733,0.3361091,49.741684,0.0396825,-0.1654356,-0.98268753,0.07333328,0.12451395,-0.11593117,-0.7783871,0.60429275,-1.0,0
1763545390514,1009.75946,-1.0642079,3.4157543,8.149356,-0.34979644,0.013362667,-0.20990841,30.88125,-14.437501,21.206251,46.950733,0.3361091,49.741684,0.04004986,-0.16216874,-0.983354,0.07146797,0.123045176,-0.11297209,-0.77980906,0.60332,-1.0,0
1763545390539,1009.7829,-1.3160524,4.1665025,9.583255,0.1060614,-0.20044,0.16913319,30.187502,-14.137501,22.35,46.950733,0.3361091,49.741684,0.03960813,-0.16100308,-0.98359454,0.0710553,0.12205929,-0.11221583,-0.7800927,0.60329473,-1.0,0
1763545390566,1009.7829,-0.9343972,4.761717,9.599406,0.18745913,-0.37988153,0.33956447,31.050001,-14.175,23.19375,46.950733,0.3361091,49.741684,0.037719566,-0.16237609,-0.98335624,0.072273046,0.12128338,-0.11436374,-0.7790179,0.60443556,-1.0,0
1763545390591,1009.83295,0.0526421,5.311468,10.050453,0.1098793,-0.44768754,0.3323868,29.75625,-13.312501,22.650002,46.950733,0.3361091,49.741684,0.029194726,-0.1667122,-0.98254305,0.0772137,0.11671296,-0.122570015,-0.77496326,0.60892254,-1.0,0
1763545390617,1009.9084,1.2699906,4.9663033,11.764313,-0.28092143,0.033368487,-0.124692775,29.737501,-14.2875,20.400002,46.950733,0.3361091,49.741684,0.02535205,-0.16661435,-0.9826111,0.07792648,0.11351897,-0.12456529,-0.7743375,0.60991675,-1.0,0
1763545390642,1009.9084,0.17407785,4.981857,12.636497,-0.29054257,0.64957833,-0.2587776,30.843752,-12.95625,23.2875,46.950733,0.3361091,49.741684,0.031387676,-0.16104786,-0.9835424,0.07563386,0.11549282,-0.11654645,-0.7761774,0.6087914,-1.0,0
1763545390667,1009.9001,-1.4171492,5.2809596,12.5246315,-0.12408191,0.9366848,-0.15599959,30.562502,-14.475,22.331251,46.950733,0.3361091,49.741684,0.040545356,-0.15934624,-0.98348504,0.07562608,0.122205645,-0.11000462,-0.7759163,0.60903096,-1.0,0
1763545390693,1009.9001,-1.2257234,4.3471603,12.007184,0.17661628,-0.08727731,0.039477136,31.48125,-14.475,19.9125,46.950733,0.3361091,49.741684,0.046141595,-0.15954353,-0.9831455,0.07645656,0.1270246,-0.106994495,-0.7748522,0.6099352,-1.0,0
1763545390718,1009.9003,-0.8566305,2.8773692,12.292528,0.5040398,-0.2680933,0.01244637,31.06875,-13.5375,20.53125,46.950733,0.3361091,49.741684,0.04553453,-0.16143069,-0.98285425,0.07659083,0.12759681,-0.108868115,-0.77437955,0.61008453,-1.0,0
1763545390743,1009.8608,-1.3878372,2.1355941,10.728819,0.7570905,-0.077961616,0.009086614,32.100002,-12.69375,21.13125,46.950733,0.3361091,49.741684,0.04323549,-0.17292787,-0.98107004,0.07567247,0.13195847,-0.119834825,-0.7740153,0.60755813,-1.0,0
1763545390768,1009.8608,-1.8969102,2.364707,7.1784678,0.10636683,-0.09873102,0.07735075,30.656252,-14.08125,21.525002,46.950733,0.3361091,49.741684,0.043669757,-0.17855377,-0.9800274,0.07587777,0.13540837,-0.12431042,-0.77320063,0.60693675,-1.0,0
1763545390793,1009.8205,-1.4410775,2.0745773,7.7216387,-0.40355253,-0.069104075,0.07536544,31.087502,-14.681251,23.681252,46.950733,0.3361091,49.741684,0.043037735,-0.17953187,-0.9798411,0.0763124,0.13542175,-0.12547915,-0.77282447,0.60717237,-1.0,0
1763545390819,1009.8205,-0.74476606,1.6217356,9.014361,-0.6243802,-0.0072540194,0.035048366,31.237501,-13.387501,20.962502,46.950733,0.3361091,49.741684,0.04222804,-0.17562525,-0.98053014,0.07700973,0.13256615,-0.12269369,-0.7730807,0.608045,-1.0,0
1763545390844,1009.82855,-0.8327023,1.7120646,9.6783695,-0.34796384,0.24258968,0.05291616,31.687502,-13.35,20.90625,46.950733,0.3361091,49.741684,0.04204231,-0.16347629,-0.98257244,0.07786067,0.12554562,-0.11282852,-0.77498555,0.60902005,-1.0,0
1763545390869,1009.80634,-1.2215359,2.039283,8.71466,-0.15095995,0.26534438,0.21250458,31.050001,-13.031251,19.10625,46.950733,0.3361091,49.741684,0.043992806,-0.15960617,-0.9830422,0.07887594,0.12496396,-0.10859755,-0.77516365,0.60968184,-1.0,0
1763545390895,1009.80634,-1.3603196,2.4227328,7.845467,-0.07429643,0.12408191,0.4247801,30.656252,-14.08125,21.206251,46.950733,0.3361091,49.741684,0.046847664,-0.15707968,-0.9827567,0.08555379,0.12590353,-0.104962155,-0.77146953,0.6147894,-1.0,0
1763545390920,1009.78046,-0.010169496,3.2620156,7.7204423,0.065744326,-0.011377357,0.67508197,30.750002,-11.56875,19.66875,46.950733,0.3361091,49.741684,0.046182245,-0.157084,-0.9822483,0.09154476,0.12536535,-0.105317205,-0.7676507,0.6196,-1.0,0
1763545390945,1009.76337,0.6622137,3.5066817,7.4536424,0.18150319,-0.034742933,0.5298488,29.587502,-11.4375,20.25,46.950733,0.3361091,49.741684,0.04506297,-0.15815377,-0.98151416,0.09791759,0.12504572,-0.106802724,-0.7633899,0.624654,-1.0,0
1763545390970,1009.76337,0.6735796,3.760321,6.9188466,0.1589012,-0.14744748,0.30734134,32.0625,-11.55,19.3875,46.950733,0.3361091,49.741684,0.041922435,-0.1624743,-0.98015636,0.105532095,0.12488603,-0.11206652,-0.7576783,0.63068867,-1.0,0
1763545390995,1009.7624,0.27696922,4.02054,7.003194,-0.0035888306,-0.2767981,0.0816268,30.88125,-12.187501,21.243752,46.950733,0.3361091,49.741684,0.039031945,-0.16315332,-0.9801233,0.10590597,0.12291181,-0.11417171,-0.75713044,0.6313565,-1.0,0
1763545391020,1009.7868,-0.5982057,3.411567,9.372088,-0.10957387,-0.18913901,-0.037797257,31.5375,-11.868751,21.150002,46.950733,0.3361091,49.741684,0.03606401,-0.16242608,-0.9804492,0.105058864,0.12008435,-0.11516322,-0.75761855,0.6311349,-1.0,0
1763545391045,1009.7868,-0.45104706,3.1842487,10.307682,0.057344932,-0.08758274,0.0043524117,30.187502,-11.26875,21.88125,46.950733,0.3361091,49.741684,0.034282736,-0.16164619,-0.980707,0.10443064,0.11818722,-0.1154845,-0.7580882,0.63087034,-1.0,0
1763545391070,1009.82025,0.10707881,2.9850461,10.497911,0.28351763,-0.09506583,-0.050014555,30.075,-10.40625,21.375,46.950733,0.3361091,49.741684,0.032920305,-0.16483445,-0.9803116,0.103608504,0.11878683,-0.11892789,-0.7583996,0.62974274,-1.0,0
1763545391095,1009.82025,0.06999006,3.1405797,8.983852,0.20486878,-0.18700098,-0.32902706,31.237501,-11.90625,21.1875,46.950733,0.3361091,49.741684,0.031471886,-0.1683251,-0.97999686,0.101408474,0.11948645,-0.12266529,-0.7595114,0.6275497,-1.0,0
1763545391121,1009.8403,-0.6837491,3.7118661,8.645866,-0.10942116,0.014584397,-0.43012518,30.0375,-11.925,23.00625,46.950733,0.3361091,49.741684,0.030323302,-0.17030032,-0.9800441,0.097948246,0.11960873,-0.124961585,-0.76155,0.6245958,-1.0,0
1763545391145,1009.84686,-1.4979069,3.9451663,8.941978,-0.43531752,0.051541716,-0.40859216,31.10625,-11.793751,22.125,46.950733,0.3361091,49.741684,0.032159504,-0.16510476,-0.9816138,0.09020856,0.11832786,-0.11955091,-0.7667886,0.6194686,-1.0,0
1763545391171,1009.84686,-0.5246264,3.9260237,12.193226,-0.6078868,-0.5588649,-0.18303037,30.243752,-12.50625,21.487501,46.950733,0.3361091,49.741684,0.030165223,-0.15950254,-0.98285526,0.08744197,0.11360096,-0.11595593,-0.7691417,0.6181182,-1.0,0
1763545391195,1009.9086,0.25184458,3.609573,13.749757,-0.4550179,-0.6252965,-0.20502149,28.85625,-13.293751,24.13125,46.950733,0.3361091,49.741684,0.02475919,-0.15416932,-0.98407185,0.08499417,0.1061583,-0.11450569,-0.77143574,0.61685145,-1.0,0
1763545391220,1009.9621,0.38165522,2.870789,14.426328,-0.13293944,-0.4588358,-0.23861906,29.1375,-11.38125,22.29375,46.950733,0.3361091,49.741684,0.014393781,-0.14893481,-0.9855508,0.0793488,0.094546854,-0.11597308,-0.77624685,0.6124149,-1.0,0
1763545391245,1009.9621,0.45942193,1.7946169,13.0666065,0.13385575,-0.32322383,-0.19310963,28.687502,-12.806251,23.04375,46.950733,0.3361091,49.741684,0.0115436725,-0.14991269,-0.985625,0.07705606,0.09262322,-0.11843978,-0.77805865,0.60993254,-1.0,0
1763545391270,1009.96747,1.2095718,1.5918252,10.9992075,-0.16867504,-0.32749987,-0.07047852,28.987501,-12.01875,22.66875,46.950733,0.3361091,49.741684,0.008171454,-0.15036477,-0.98569804,0.07565416,0.08997689,-0.120749675,-0.77934307,0.6082336,-1.0,0
1763545391296,1009.96747,1.5870396,1.5104693,11.481959,-0.26564983,-0.09155336,-0.0994946,29.38125,-10.743751,24.243752,46.950733,0.3361091,49.741684,0.0047778045,-0.14858815,-0.98607135,0.07456967,0.08608451,-0.12120544,-0.7806683,0.6070055,-1.0,0
1763545391320,1009.96747,1.3591232,1.7473587,11.5316105,-0.12286018,0.16852233,-0.07612903,28.331251,-12.225,24.750002,46.950733,0.3361091,49.741684,0.0047515547,-0.14399351,-0.98686135,0.07315801,0.08334342,-0.117518075,-0.7830338,0.60506314,-1.0,0
1763545391345,1009.92474,1.0815558,2.3216362,10.839486,0.16959134,0.36476263,0.021456625,29.531252,-10.106251,23.118752,46.950733,0.3361091,49.741684,0.008041637,-0.14509661,-0.9866197,0.07391436,0.08663799,-0.11666864,-0.78272194,0.6051683,-1.0,0
1763545391370,1009.92474,1.1832508,3.1304102,7.8436728,0.70257086,0.34231335,0.002367101,30.50625,-11.75625,23.41875,46.950733,0.3361091,49.741684,0.011991873,-0.14941354,-0.9858538,0.07501606,0.09228747,-0.11811501,-0.78160346,0.6054981,-1.0,0
1763545391395,1009.8554,1.0875379,3.3792639,6.3475604,0.7436515,0.26687154,-0.10468695,30.187502,-13.500001,21.393751,46.950733,0.3361091,49.741684,0.018423166,-0.16309579,-0.9835925,0.074856974,0.105226435,-0.12596469,-0.7796335,0.6043442,-1.0,0
1763545391420,1009.78827,0.91465646,3.5611184,5.2546387,0.6430115,0.23510659,-0.24304782,30.656252,-13.106251,24.562502,46.950733,0.3361091,49.741684,0.021274745,-0.16937952,-0.98262507,0.07285266,0.111124285,-0.12958927,-0.77966654,0.60247666,-1.0,0
1763545391445,1009.78827,0.33200413,3.4803605,4.853841,0.23052509,0.076434456,-0.46189013,31.087502,-12.562501,22.78125,46.950733,0.3361091,49.741684,0.023804583,-0.17388967,-0.98201734,0.06949897,0.115792714,-0.13189596,-0.7806895,0.5997662,-1.0,0
1763545391471,1009.7553,-0.060418773,3.5198421,5.639883,0.06696605,-0.0075594517,-0.4896845,30.281252,-12.150001,23.306252,46.950733,0.3361091,49.741684,0.025350105,-0.17632563,-0.98184323,0.06521891,0.118497185,-0.13301009,-0.78257865,0.5965211,-1.0,0
1763545391496,1009.75507,-0.5341976,3.571886,6.6448684,0.015042545,-0.0014508038,-0.4588358,30.6375,-15.356251,24.525002,46.950733,0.3361091,49.741684,0.026960284,-0.17748384,-0.9821486,0.05618524,0.12060166,-0.13297594,-0.7872802,0.5898835,-1.0,0
1763545391521,1009.75507,-1.5942181,3.6927235,8.334201,0.13400847,-0.10804671,-0.18745913,30.16875,-14.156251,23.737501,46.950733,0.3361091,49.741684,0.027666299,-0.17807886,-0.9822129,0.052760508,0.12157103,-0.1330334,-0.7889959,0.58737385,-1.0,0
1763545391546,1009.78754,-1.6157535,3.8255253,9.083753,0.24136795,-0.17264566,-0.01763872,29.456251,-15.58125,22.66875,46.950733,0.3361091,49.741684,0.027338896,-0.17947344,-0.98206866,0.05069461,0.122114554,-0.13433763,-0.7898347,0.585835,-1.0,0
1763545391571,1009.78754,-1.3238292,4.191029,9.535996,0.29802567,-0.16500984,0.07933606,29.85,-14.925,23.6625,46.950733,0.3361091,49.741684,0.0248966,-0.18490298,-0.98114836,0.050417993,0.123160474,-0.14014398,-0.7888994,0.5855159,-1.0,0
1763545391598,1009.832,-0.94396853,4.314259,10.040284,0.028481571,0.06482802,0.030008731,29.437502,-14.85,23.85,46.950733,0.3361091,49.741684,0.024165574,-0.18711573,-0.9807203,0.050837558,0.12381923,-0.14235626,-0.7881463,0.58585733,-1.0,0
1763545391623,1009.88324,-1.41356,4.2963133,10.761122,-0.12912154,0.29619306,0.07918335,31.29375,-15.7875,24.187502,46.950733,0.3361091,49.741684,0.024895316,-0.18744288,-0.9806288,0.05119871,0.12463631,-0.14219739,-0.7877434,0.5862645,-1.0,0
1763545391648,1009.88324,-2.1732812,4.6414776,11.373684,-0.14164427,0.45303258,0.2955822,31.556252,-14.400001,25.1625,46.950733,0.3361091,49.741684,0.031773392,-0.18460263,-0.98069745,0.056040112,0.12883316,-0.13597737,-0.78492004,0.5906037,-1.0,0
1763545391673,1009.904,-1.8305093,4.915456,11.4287195,-0.09277509,0.18272492,0.51198107,31.893751,-13.593751,23.0625,46.950733,0.3361091,49.741684,0.032930966,-0.18385394,-0.98049515,0.061161976,0.12942635,-0.13466853,-0.7817089,0.5950163,-1.0,0
1763545391698,1009.94305,0.08135597,3.6484563,12.717853,-0.049098257,-0.35850126,0.41027206,30.656252,-13.856251,24.45,46.950733,0.3361091,49.741684,0.028416641,-0.18312192,-0.98049366,0.065459855,0.12527514,-0.13655582,-0.7792802,0.5986493,-1.0,0
1763545391724,1009.94305,-0.25064817,2.725425,11.794821,0.14240785,0.19494222,0.3239874,30.656252,-13.856251,24.45,46.950733,0.3361091,49.741684,0.024169283,-0.18276721,-0.98045176,0.06874467,0.121494316,-0.13866203,-0.7776389,0.6010738,-1.0,0
1763545391749,1009.9262,-1.0432707,2.9234312,9.829117,0.13125958,0.30443972,0.37850708,29.362501,-13.725,23.493752,46.950733,0.3361091,49.741684,0.027885536,-0.18444686,-0.97948694,0.0762018,0.12537819,-0.13812518,-0.7733136,0.60596025,-1.0,0
1763545391774,1009.9262,0.36311084,2.9515467,9.476774,-0.2022726,-0.21891867,0.19112432,31.181252,-13.425,23.90625,46.950733,0.3361091,49.741684,0.026334543,-0.18377471,-0.9793816,0.07964805,0.123717174,-0.13842238,-0.7713065,0.60878533,-1.0,0
1763545391801,1009.9101,0.22552353,2.2576282,9.279964,-0.28550294,0.05627592,-0.0072540194,30.73125,-13.593751,23.025002,46.950733,0.3361091,49.741684,0.023671988,-0.18196945,-0.9796637,0.08113967,0.120476976,-0.13841465,-0.770819,0.61005306,-1.0,0
1763545391826,1009.89716,-0.57846487,2.0470598,8.816954,-0.3595703,0.36384633,0.026801692,29.831251,-12.075001,24.581251,46.950733,0.3361091,49.741684,0.026971195,-0.17497998,-0.9807612,0.0822243,0.119241536,-0.13086994,-0.77165604,0.6109022,-1.0,0
1763545391851,1009.89716,-1.0576276,2.2546372,8.550752,-0.33895358,0.45914125,0.21662793,30.91875,-12.69375,21.88125,46.950733,0.3361091,49.741684,0.030845571,-0.1712188,-0.9810647,0.08510437,0.12035802,-0.12562379,-0.7704699,0.613277,-1.0,0
1763545391876,1009.8593,-0.1058824,2.9180472,7.929216,0.0193186,0.10881029,0.50266534,32.175003,-11.681251,20.60625,46.950733,0.3361091,49.741684,0.033504955,-0.169456,-0.9804249,0.09450253,0.121581346,-0.12270228,-0.76483077,0.6206416,-1.0,0
1763545391902,1009.82635,0.4319045,3.2823544,7.494919,0.17722714,-0.039171703,0.508774,31.2,-11.925,23.04375,46.950733,0.3361091,49.741684,0.032339215,-0.1714477,-0.9796499,0.09922852,0.1217255,-0.124992065,-0.7614996,0.6242421,-1.0,0
1763545391927,1009.82635,0.82313097,3.8602211,6.55095,0.25266895,0.020387612,0.28199047,30.656252,-10.35,22.3875,46.950733,0.3361091,49.741684,0.031615395,-0.17432696,-0.978748,0.1032725,0.122746356,-0.12776025,-0.75835234,0.6273056,-1.0,0
1763545391953,1009.7966,0.6017949,3.9230328,6.530611,0.15263984,-0.06482802,0.099036455,30.487501,-11.981251,21.73125,46.950733,0.3361091,49.741684,0.031371485,-0.17711417,-0.9779689,0.105946414,0.12413296,-0.13017131,-0.75599116,0.6293837,-1.0,0
1763545391978,1009.8044,0.089132644,3.9176488,6.978069,0.0028252497,-0.1918879,-0.043600474,30.581251,-12.1125,22.96875,46.950733,0.3361091,49.741684,0.02878247,-0.17953876,-0.97759724,0.10603456,0.12343612,-0.1335142,-0.75507516,0.6299199,-1.0,0
1763545392005,1009.8044,-0.5240282,3.69392,9.465408,-0.09308052,-0.08880447,-0.07857248,30.187502,-12.525001,23.643751,46.950733,0.3361091,49.741684,0.026903078,-0.17877187,-0.97792584,0.10477281,0.12149,-0.13387816,-0.75584626,0.6292958,-1.0,0
1763545392030,1009.8459,-0.43669012,3.5162528,10.296914,0.12530364,0.023594651,-0.066813335,28.85625,-11.175,24.16875,46.950733,0.3361091,49.741684,0.026207756,-0.17801362,-0.97817886,0.10387897,0.1205065,-0.13361835,-0.7564786,0.6287801,-1.0,0
1763545392055,1009.8459,-0.45702913,3.5820556,9.977472,0.38583747,-0.0028252497,-0.08926262,30.45,-12.750001,23.325,46.950733,0.3361091,49.741684,0.027304215,-0.18259892,-0.97747207,0.10228013,0.12393513,-0.13685006,-0.75689596,0.62691355,-1.0,0
1763545392080,1009.85516,-0.25064817,3.696911,8.303095,0.2154062,-0.4067596,-0.24579671,30.187502,-12.76875,21.50625,46.950733,0.3361091,49.741684,0.025656404,-0.18693668,-0.9769047,0.10026269,0.12497216,-0.14137031,-0.75752413,0.6249429,-1.0,0
1763545392105,1009.86957,-0.38763726,4.1234317,8.300702,-0.18852814,-0.17478369,-0.40065095,30.018751,-12.675,23.98125,46.950733,0.3361091,49.741684,0.02253314,-0.18935588,-0.97683185,0.09713668,0.12373025,-0.14510079,-0.7591244,0.62238795,-1.0,0
1763545392130,1009.86957,-1.1006985,4.447061,8.980862,-0.5984184,0.22411102,-0.49915287,29.00625,-12.01875,22.35,46.950733,0.3361091,49.741684,0.02420872,-0.18206802,-0.9789672,0.088823244,0.12117898,-0.13802336,-0.76508695,0.6171767,-1.0,0
1763545392155,1009.89716,-1.6648064,4.3669014,10.250254,-0.7755692,0.26305366,-0.42905614,29.98125,-12.168751,23.025002,46.950733,0.3361091,49.741684,0.027137212,-0.17454082,-0.9805699,0.08533274,0.11948925,-0.13008936,-0.7681151,0.6154659,-1.0,0
1763545392180,1009.9504,-0.47078785,3.879962,12.260225,-0.78015065,-0.36399904,-0.28092143,28.650002,-13.05,21.975,46.950733,0.3361091,49.741684,0.026823504,-0.16730046,-0.9820925,0.08237232,0.1152345,-0.124217354,-0.7708932,0.6140152,-1.0,0
1763545392205,1009.9504,0.0047856453,3.295515,13.806586,-0.6869938,-0.37530005,-0.32352927,29.7,-10.70625,22.81875,46.950733,0.3361091,49.741684,0.023301898,-0.16007872,-0.9836381,0.07930034,0.10829601,-0.12016715,-0.77387816,0.61232704,-1.0,0
1763545392230,1009.9924,0.047856454,2.120639,14.2851515,-0.34826928,-0.18959716,-0.3172679,31.218752,-10.5375,21.112501,46.950733,0.3361091,49.741684,0.017959295,-0.14984377,-0.9858799,0.072586276,0.098052524,-0.114722736,-0.78008235,0.60720336,-1.0,0
1763545392255,1009.9924,0.23808585,1.7048861,12.034701,0.05459604,-0.10331251,0.18028148,29.062502,-11.75625,22.03125,46.950733,0.3361091,49.741684,0.017294759,-0.14878872,-0.9861451,0.07130212,0.09681723,-0.11429589,-0.7815313,0.6056168,-1.0,0
1763545392280,1010.0004,1.7605193,1.7371893,11.163714,0.07276927,-0.037033677,0.28840452,29.94375,-11.043751,21.112501,46.950733,0.3361091,49.741684,0.016027192,-0.14890596,-0.98603356,0.07287322,0.09574298,-0.11516546,-0.7810102,0.60629475,-1.0,0
1763545392305,1009.9826,2.6171498,2.0751755,10.290932,0.07170025,0.15095995,0.16241367,31.406252,-11.025001,21.581251,46.950733,0.3361091,49.741684,0.015509254,-0.14960158,-0.98558,0.07751186,0.09552666,-0.11617185,-0.7789605,0.60876864,-1.0,0
1763545392330,1009.9826,2.4245276,2.5256243,9.391231,0.049556404,0.26290092,-0.028481571,30.2625,-11.75625,20.19375,46.950733,0.3361091,49.741684,0.01742624,-0.14978825,-0.9855027,0.077739626,0.09717517,-0.11531346,-0.7790485,0.60855836,-1.0,0
1763545392355,1009.94403,0.98883396,2.8947172,8.705687,0.2994001,0.40416342,-0.1833358,30.900002,-10.6875,21.300001,46.950733,0.3361091,49.741684,0.020165257,-0.1503286,-0.9854421,0.07678009,0.09973521,-0.114272915,-0.7796486,0.6075711,-1.0,0
1763545392381,1009.8752,0.28175488,2.89711,7.5882387,0.5287798,0.36567894,-0.12805253,30.69375,-10.33125,19.9125,46.950733,0.3361091,49.741684,0.028045401,-0.157697,-0.984248,0.07485727,0.11036456,-0.11607967,-0.77974993,0.60525626,-1.0,0
1763545392405,1009.8752,-0.059820566,2.9958138,6.355337,0.59887654,0.2587776,-0.019165883,30.50625,-11.231251,20.456251,46.950733,0.3361091,49.741684,0.030924952,-0.1633633,-0.9832301,0.074915975,0.11592031,-0.11919086,-0.778726,0.6049313,-1.0,0
1763545392430,1009.811,0.5407779,3.1465619,4.975875,0.32154396,0.2851975,0.0005345067,31.35,-12.01875,21.806252,46.950733,0.3361091,49.741684,0.033539783,-0.16822672,-0.98227406,0.07559967,0.12082481,-0.12176382,-0.7773468,0.6052329,-1.0,0
1763545392455,1009.77435,0.6873383,3.2327034,5.118846,0.12667808,0.17936517,-0.12438734,32.04375,-11.962501,19.59375,46.950733,0.3361091,49.741684,0.038119603,-0.17274916,-0.98135763,0.07512929,0.12724012,-0.122903384,-0.77635,0.60496724,-1.0,0
1763545392480,1009.77435,0.4336991,3.176472,5.7990055,-0.03886627,-0.07826705,-0.22609633,31.25625,-11.15625,20.681252,46.950733,0.3361091,49.741684,0.037540436,-0.17263757,-0.9815644,0.07291482,0.12673666,-0.123088926,-0.777549,0.6034936,-1.0,0
1763545392506,1009.7839,0.0017946169,3.2009985,6.9248285,-0.16791146,-0.23846634,-0.22701262,31.2,-12.150001,20.118752,46.950733,0.3361091,49.741684,0.03544631,-0.17131929,-0.9820505,0.070447795,0.1242922,-0.12311953,-0.77917886,0.6018915,-1.0,0
1763545392531,1009.7839,-0.72741807,3.2733815,9.113664,-0.2041052,-0.0043524117,0.0072540194,31.06875,-12.7875,20.94375,46.950733,0.3361091,49.741684,0.03397833,-0.16932303,-0.9825605,0.06892542,0.12198212,-0.12225038,-0.78035605,0.60101557,-1.0,0
1763545392557,1009.81683,-0.9912268,3.673581,9.926624,-0.13324489,0.006185006,0.17172936,29.306252,-12.731251,21.900002,46.950733,0.3361091,49.741684,0.033669755,-0.16620864,-0.9829745,0.07070137,0.12002533,-0.11980388,-0.7796039,0.6028754,-1.0,0
1763545392581,1009.85345,-0.92662054,4.165306,10.552348,-0.03459022,-0.0457385,0.29237515,31.2,-11.53125,19.63125,46.950733,0.3361091,49.741684,0.032878593,-0.16608891,-0.9828263,0.073390454,0.11932282,-0.12011907,-0.77787554,0.6051802,-1.0,0
1763545392606,1009.85345,-0.25184458,4.4751763,11.190634,0.13263401,-0.036880963,0.33208138,29.85,-11.6625,20.081251,46.950733,0.3361091,49.741684,0.03193534,-0.16702732,-0.9824566,0.076564364,0.11908561,-0.121394284,-0.7756656,0.60780334,-1.0,0
1763545392631,1009.903,-0.07238288,4.557131,11.226525,0.0891099,0.16119194,0.24274239,31.63125,-11.587501,18.65625,46.950733,0.3361091,49.741684,0.03226735,-0.16944548,-0.9815764,0.082177624,0.12074429,-0.12318207,-0.7716118,0.6122599,-1.0,0
1763545392656,1009.9228,-0.360718,4.7007003,10.93161,-0.03214676,0.55092365,0.18959716,31.81875,-10.70625,18.900002,46.950733,0.3361091,49.741684,0.037109524,-0.16892678,-0.9812623,0.08490137,0.12451719,-0.12003717,-0.7696923,0.61454076,-1.0,0
1763545392681,1009.9228,-0.41156548,4.3292146,11.038689,-0.3580431,-0.03291034,0.0410043,31.218752,-10.762501,18.65625,46.950733,0.3361091,49.741684,0.041505158,-0.16684353,-0.9812415,0.08722648,0.12706539,-0.1158177,-0.768147,0.6167583,-1.0,0
1763545392706,1009.9567,-0.74416786,3.0747771,11.937194,-0.29542947,-0.21998768,-0.08300125,31.2,-11.512501,19.3125,46.950733,0.3361091,49.741684,0.040806342,-0.16368227,-0.98175675,0.08771659,0.12476539,-0.11353733,-0.7681194,0.61768556,-1.0,0
1763545392731,1009.9567,-1.8442681,2.2444677,11.4598255,-0.13874267,-0.06895136,-0.09674571,31.5375,-10.725,17.23125,46.950733,0.3361091,49.741684,0.038164873,-0.15919296,-0.9827807,0.08567562,0.120009035,-0.1113412,-0.77047974,0.61608595,-1.0,0
1763545392757,1009.9489,-2.9515467,2.3186452,9.752547,-0.29588762,-0.16913319,0.32246023,29.19375,-10.725,17.775002,46.950733,0.3361091,49.741684,0.03812406,-0.15748541,-0.98301244,0.08622425,0.1189982,-0.10997473,-0.7705344,0.616459,-1.0,0
1763545392783,1009.93915,-1.753939,2.1942184,10.143773,-0.40523243,-0.21876594,0.4418843,31.10625,-10.012501,16.612501,46.950733,0.3361091,49.741684,0.036404096,-0.15466017,-0.98327595,0.08901337,0.11599577,-0.10858185,-0.76924056,0.6188893,-1.0,0
1763545392808,1009.93915,-0.52342993,2.036292,10.412966,-0.36293003,-0.07002038,0.36262462,29.38125,-10.44375,17.90625,46.950733,0.3361091,49.741684,0.032266773,-0.14732666,-0.98385155,0.09639042,0.10843761,-0.104821466,-0.7659338,0.6249793,-1.0,0
1763545392834,1009.9194,-0.37567315,2.1864417,9.984053,-0.25831944,0.08895718,0.20395248,29.925001,-9.262501,17.15625,46.950733,0.3361091,49.741684,0.03254302,-0.14462209,-0.9840308,0.09853955,0.1071385,-0.102449566,-0.76508796,0.62663054,-1.0,0
1763545392859,1009.8752,-1.5050855,2.2767708,8.363513,-0.11568252,0.15202898,0.2163225,30.225,-10.087501,15.618751,46.950733,0.3361091,49.741684,0.033926923,-0.14273687,-0.984103,0.10008731,0.10723583,-0.100126445,-0.7643672,0.6278677,-1.0,0
1763545392885,1009.8752,-1.4799608,2.2606192,7.984849,-0.053221595,0.052763447,0.37972882,29.5125,-8.4375,17.15625,46.950733,0.3361091,49.741684,0.035219446,-0.1414723,-0.984008,0.10234407,0.10761623,-0.09835416,-0.76301754,0.62972176,-1.0,0
1763545392910,1009.8461,-1.0474582,2.3641088,7.954939,0.01809687,-0.04405862,0.5333613,31.10625,-7.89375,16.331251,46.950733,0.3361091,49.741684,0.03453625,-0.14133972,-0.9831175,0.11095365,0.10698869,-0.098605655,-0.7574162,0.6365148,-1.0,0
1763545392935,1009.8461,0.67776704,2.8175488,7.9100733,0.234343,0.026801692,0.4805215,30.13125,-9.1125,15.431251,46.950733,0.3361091,49.741684,0.033515498,-0.1427341,-0.98231727,0.116435625,0.10691784,-0.10032385,-0.75366694,0.6406948,-1.0,0
1763545392960,1009.8256,0.64008003,3.1244283,7.4883385,0.28489205,0.05093085,0.3050506,29.025002,-8.85,14.606251,46.950733,0.3361091,49.741684,0.033353325,-0.14810711,-0.9806114,0.123909906,0.109791055,-0.10485264,-0.74789834,0.64621973,-1.0,0
1763545392985,1009.80585,0.049052864,3.2362926,7.2993054,0.2673297,0.07002038,0.20441063,29.493752,-9.431251,15.50625,46.950733,0.3361091,49.741684,0.03397138,-0.15085298,-0.9799193,0.12587745,0.11186419,-0.10675741,-0.7460049,0.6477391,-1.0,0
1763545393010,1009.80585,-0.52941203,3.3463624,7.652845,0.154167,0.1164461,0.21342088,30.45,-9.69375,15.731251,46.950733,0.3361091,49.741684,0.0348229,-0.15296318,-0.97931445,0.12779228,0.11377536,-0.10800732,-0.74424106,0.6492263,-1.0,0
1763545393035,1009.8049,-0.276371,3.5132618,8.306086,0.10331251,0.10102176,0.18516839,29.23125,-8.681251,13.031251,46.950733,0.3361091,49.741684,0.03589096,-0.15452825,-0.9787513,0.12991647,0.115567826,-0.10867947,-0.74237853,0.6509278,-1.0,0
1763545393060,1009.82733,-0.0017946169,3.4450665,9.170493,0.08620829,0.08987348,0.08834632,29.94375,-9.993751,15.806251,46.950733,0.3361091,49.741684,0.037526213,-0.15648687,-0.9780019,0.13272664,0.11807597,-0.10933627,-0.7398306,0.65326434,-1.0,0
1763545393086,1009.82733,-0.44745782,3.4211383,10.086944,0.07994693,-0.17264566,-0.14515674,30.900002,-9.01875,15.0375,46.950733,0.3361091,49.741684,0.037617672,-0.15765062,-0.9778503,0.13243583,0.11880783,-0.11024303,-0.7398085,0.6530043,-1.0,0
1763545393111,1009.8566,-0.8003992,3.5294135,10.340583,-0.029397868,-0.06482802,-0.24579671,28.593752,-10.368751,13.500001,46.950733,0.3361091,49.741684,0.0363158,-0.1585759,-0.97797424,0.13077036,0.11824491,-0.11172869,-0.74079937,0.65172935,-1.0,0
1763545393136,1009.8566,-1.3531412,3.6640096,10.294521,-0.18165591,0.18379395,-0.3418552,30.656252,-9.543751,14.475,46.950733,0.3361091,49.741684,0.038375158,-0.15623687,-0.9789746,0.12541096,0.1186741,-0.10862335,-0.744516,0.6479301,-1.0,0
1763545393161,1009.8886,-1.8987048,4.0588255,10.29811,-0.3991238,0.28779367,-0.32093307,31.85625,-10.1625,13.293751,46.950733,0.3361091,49.741684,0.041457295,-0.15210351,-0.9798185,0.1228894,0.118980676,-0.10343004,-0.7463777,0.64658034,-1.0,0
1763545393187,1009.9267,-0.39182472,4.0325046,12.037692,-0.8690315,-0.14210242,-0.22624904,29.906252,-9.618751,14.55,46.950733,0.3361091,49.741684,0.042267505,-0.14607239,-0.9809547,0.120841905,0.11634071,-0.097921155,-0.74821484,0.64579475,-1.0,0
1763545393212,1009.9267,0.3379862,3.906881,14.462818,-0.7867175,0.0037415468,-0.26534438,29.718752,-9.262501,12.8625,46.950733,0.3361091,49.741684,0.039529916,-0.13053544,-0.9837618,0.11666978,0.105456665,-0.08649268,-0.7526492,0.6441406,-1.0,0
1763545393237,1009.9902,0.22731815,2.9593234,15.426528,-0.19005531,0.3079522,-0.31894776,29.7,-10.012501,13.05,46.950733,0.3361091,49.741684,0.04232107,-0.1280718,-0.98426443,0.1141424,0.10637689,-0.08293035,-0.75469977,0.64205515,-1.0,0
1763545393263,1009.97943,0.038285162,1.50688,10.476974,0.5132028,-0.22380558,0.017333288,30.712502,-8.775001,11.793751,46.950733,0.3361091,49.741684,0.044999097,-0.13103631,-0.983967,0.112319015,0.11019448,-0.08397957,-0.75589406,0.63986623,-1.0,0
1763545393289,1009.97943,1.0755738,1.4673985,9.066405,0.28382304,-0.41378453,0.11904228,31.95,-9.88125,11.887501,46.950733,0.3361091,49.741684,0.03911814,-0.13871506,-0.9831422,0.11251387,0.10947033,-0.093746156,-0.75577044,0.6387792,-1.0,0
1763545393314,1009.9594,1.8305093,1.6875381,8.699705,-0.016416991,-0.15966478,0.02527453,30.393751,-9.5625,12.337501,46.950733,0.3361091,49.741684,0.037007254,-0.13857976,-0.98322886,0.11263935,0.10759751,-0.09485065,-0.7560497,0.6386039,-1.0,0
1763545393339,1009.913,0.7579266,2.2642083,8.156534,-0.0570395,0.25709772,-0.20089816,29.831251,-10.856251,12.618751,46.950733,0.3361091,49.741684,0.038259845,-0.13694036,-0.983507,0.11179422,0.10770199,-0.09282648,-0.75695455,0.63781136,-1.0,0
1763545393364,1009.913,0.20997019,2.3886352,7.493124,0.06849321,-0.012140937,-0.18761185,30.50625,-10.3125,14.212501,46.950733,0.3361091,49.741684,0.040557798,-0.13603662,-0.9837082,0.110306725,0.10910548,-0.09081237,-0.7580105,0.6366075,-1.0,0
1763545393390,1009.8554,-0.06759724,2.4849463,7.1880393,0.13385575,-0.31100652,-0.16332997,30.750002,-11.26875,14.1,46.950733,0.3361091,49.741684,0.037922442,-0.13831332,-0.9839136,0.10650815,0.10819165,-0.094144985,-0.7601534,0.63371766,-1.0,0
1763545393415,1009.8554,0.1680958,2.1337996,6.7375903,-0.03046688,0.10499238,-0.2352593,30.91875,-10.5,12.95625,46.950733,0.3361091,49.741684,0.035680424,-0.13955407,-0.98403627,0.10452071,0.10702433,-0.096406505,-0.76127726,0.63222504,-1.0,0
1763545393440,1009.8256,0.15074782,2.2325034,6.875776,-0.18012875,0.40187266,-0.33742642,30.225,-11.0625,12.6,46.950733,0.3361091,49.741684,0.03685321,-0.13912246,-0.98427176,0.10245627,0.10776762,-0.09539038,-0.76257575,0.6306862,-1.0,0
1763545393465,1009.80927,-0.16510476,2.2145574,7.387242,-0.20547964,0.38675377,-0.42447466,30.69375,-10.89375,12.843751,46.950733,0.3361091,49.741684,0.044761587,-0.13451225,-0.9851922,0.09644598,0.11181172,-0.08715063,-0.76656055,0.6263288,-1.0,0
1763545393490,1009.80927,-0.72442704,2.55374,8.196614,0.044822205,0.16959134,-0.34872743,32.04375,-10.762501,12.69375,46.950733,0.3361091,49.741684,0.04708891,-0.1331149,-0.9856174,0.09284866,0.11298109,-0.084689066,-0.7688614,0.62363064,-1.0,0
1763545393515,1009.8049,-0.94755775,2.818147,8.089535,0.1663843,0.31894776,-0.25999933,30.2625,-11.56875,12.918751,46.950733,0.3361091,49.741684,0.04921383,-0.13327186,-0.98578215,0.08972126,0.11484612,-0.08362874,-0.77066165,0.6212062,-1.0,0
1763545393540,1009.8044,-1.0396814,3.0795627,7.94118,0.20395248,0.4464658,-0.14592032,30.243752,-12.543751,11.606251,46.950733,0.3361091,49.741684,0.05278784,-0.13455203,-0.98561674,0.08756858,0.118548006,-0.0826872,-0.7715848,0.6194886,-1.0,0
1763545393565,1009.8044,-0.9882358,3.5736806,8.146365,0.17004949,0.36583164,-0.051541716,31.650002,-12.0375,12.50625,46.950733,0.3361091,49.741684,0.061241176,-0.13773182,-0.9847786,0.0865426,0.12740521,-0.08055097,-0.771,0.61873937,-1.0,0
1763545393590,1009.8205,-1.0301101,4.4488554,9.49472,0.05184715,-0.1060614,0.06666062,31.48125,-12.281251,10.6875,46.950733,0.3361091,49.741684,0.06260603,-0.13931087,-0.9844472,0.086831726,0.12946846,-0.08102392,-0.770168,0.61928535,-1.0,0
1763545393617,1009.8205,-0.89371926,4.529015,10.457831,-0.13736822,-0.15019637,0.0994946,31.968752,-13.368751,12.39375,46.950733,0.3361091,49.741684,0.061609548,-0.1403197,-0.9843256,0.08729905,0.12925375,-0.08233309,-0.7694077,0.62010205,-1.0,0
1763545393641,1009.8791,-0.6789634,4.4668016,12.125628,-0.22731806,-0.0072540194,0.12881611,31.725,-11.775001,10.78125,46.950733,0.3361091,49.741684,0.05942224,-0.13773441,-0.98462546,0.089510426,0.12607636,-0.081280306,-0.7678289,0.62284595,-1.0,0
1763545393667,1009.9384,-1.0307083,4.866403,13.054044,0.10071633,0.1220966,0.21113014,33.91875,-12.431251,12.281251,46.950733,0.3361091,49.741684,0.061054844,-0.13684501,-0.9844506,0.09166391,0.12695579,-0.07960204,-0.7663357,0.6247202,-1.0,0
1763545393692,1009.9384,-0.549751,3.9188452,12.436696,0.15813762,-0.40233082,0.09552398,30.056252,-14.08125,13.087501,46.950733,0.3361091,49.741684,0.061984222,-0.13805854,-0.9840235,0.09379267,0.12843332,-0.08004404,-0.7645616,0.62653285,-1.0,0
1763545393718,1009.96844,-0.57547385,2.580061,12.482758,0.17447825,-0.5967385,-0.02008218,30.50625,-12.01875,10.762501,46.950733,0.3361091,49.741684,0.052427948,-0.14210197,-0.9840778,0.09301269,0.12273725,-0.08875345,-0.76516604,0.62576294,-1.0,0
1763545393743,1009.9648,-1.9417756,1.7162521,10.489536,0.10651954,-0.45150542,-0.19921827,28.725,-12.825001,11.00625,46.950733,0.3361091,49.741684,0.048537955,-0.14434172,-0.9841325,0.09105856,0.120703556,-0.0928501,-0.76665694,0.623736,-1.0,0
1763545393768,1009.9648,-2.1768703,1.6139588,9.927821,-0.2494619,-0.46983138,-0.15630503,29.025002,-14.681251,14.475,46.950733,0.3361091,49.741684,0.044850323,-0.14525421,-0.9844157,0.088427536,0.11810717,-0.095712826,-0.76862526,0.6213734,-1.0,0
1763545393793,1009.9626,-1.5535401,1.4835501,10.561321,-0.4333322,-0.29787293,-0.15370885,30.300001,-12.918751,11.925,46.950733,0.3361091,49.741684,0.038045384,-0.13852656,-0.98600906,0.08454645,0.1086442,-0.09398682,-0.77254105,0.6185008,-1.0,0
1763545393818,1009.9626,-1.2335001,1.2412767,10.500902,-0.36018115,-0.024358233,-0.23755004,28.425001,-14.981251,11.625,46.950733,0.3361091,49.741684,0.037962172,-0.13459514,-0.9867425,0.08234835,0.10634143,-0.090821266,-0.77469736,0.6166741,-1.0,0
1763545393844,1009.93695,-1.8502501,1.541576,8.673982,-0.15737404,0.21036656,-0.055512335,29.437502,-12.13125,11.962501,46.950733,0.3361091,49.741684,0.03976155,-0.13165805,-0.98721904,0.080539584,0.10617209,-0.087419935,-0.7763321,0.61513716,-1.0,0
1763545393869,1009.8891,-1.6019948,1.6606189,7.9680996,-0.04818196,0.1918879,0.13355032,28.85625,-12.937501,11.15625,46.950733,0.3361091,49.741684,0.043912277,-0.12900296,-0.9872898,0.08176406,0.108130164,-0.082933605,-0.77586323,0.6160083,-1.0,0
1763545393894,1009.8891,-1.294517,1.9345971,7.248458,0.06543889,0.09369139,0.29206973,29.343752,-12.525001,12.618751,46.950733,0.3361091,49.741684,0.044703204,-0.1296135,-0.98693675,0.084601946,0.10913069,-0.0829972,-0.7739643,0.6182081,-1.0,0
1763545393919,1009.83563,-0.3188436,2.431706,6.6107707,0.15615231,-0.15080725,0.44417506,29.1375,-12.168751,12.3,46.950733,0.3361091,49.741684,0.04375376,-0.13102654,-0.98646885,0.08830435,0.109141015,-0.084679164,-0.77140355,0.62117165,-1.0,0
1763545393944,1009.79047,0.22253251,2.5070798,6.556334,0.18257222,-0.11293363,0.3814087,28.125002,-12.76875,12.3,46.950733,0.3361091,49.741684,0.041916594,-0.13295951,-0.98592615,0.092279345,0.108705655,-0.087282866,-0.7686071,0.624346,-1.0,0
1763545393969,1009.79047,0.3278167,2.760719,6.55095,0.16592614,-0.04405862,0.2749655,28.725,-12.825001,11.306251,46.950733,0.3361091,49.741684,0.03962849,-0.13704781,-0.9848833,0.098244615,0.109119624,-0.09189906,-0.7641134,0.629109,-1.0,0
1763545393994,1009.7653,-0.23569304,2.885744,7.3435726,0.025121814,-0.020693045,0.10224349,28.44375,-12.731251,11.793751,46.950733,0.3361091,49.741684,0.038925037,-0.13822879,-0.9845982,0.099732414,0.10922053,-0.09323717,-0.76284915,0.63042754,-1.0,0
1763545394019,1009.7697,-0.657428,2.8480573,8.233703,0.08468113,0.042226028,0.130496,28.706251,-12.843751,12.39375,46.950733,0.3361091,49.741684,0.03857024,-0.13872603,-0.98444337,0.100680925,0.109228395,-0.093817696,-0.76202,0.6313421,-1.0,0
1763545394044,1009.7697,-0.66041905,2.858825,8.764311,0.22808164,0.039171703,0.17600541,28.0125,-12.656251,12.450001,46.950733,0.3361091,49.741684,0.039367586,-0.14189911,-0.9836586,0.10356923,0.11169246,-0.09596896,-0.7595239,0.6335915,-1.0,0
1763545394069,1009.7895,-0.41994038,2.8701909,8.897711,0.2937496,-0.051389,0.1598175,27.656252,-12.937501,12.50625,46.950733,0.3361091,49.741684,0.038967144,-0.14483441,-0.983107,0.10490372,0.11300281,-0.0986196,-0.758262,0.634463,-1.0,0
1763545394094,1009.7895,-0.41336012,3.3768709,9.29492,0.087124586,0.06207913,-0.0193186,27.6375,-12.95625,13.593751,46.950733,0.3361091,49.741684,0.038541567,-0.14718077,-0.9826954,0.10565205,0.11396447,-0.10079547,-0.75744665,0.6349228,-1.0,0
1763545394119,1009.8271,-0.47318068,3.6670008,9.437292,-0.1579849,0.14210242,-0.1918879,29.04375,-13.181251,13.6125,46.950733,0.3361091,49.741684,0.040712766,-0.14647926,-0.9828909,0.10397145,0.115418404,-0.09895626,-0.75828373,0.6339495,-1.0,0
1763545394145,1009.86566,-0.99720883,4.0504503,10.1904335,-0.4246274,0.18226677,-0.3287216,28.556252,-12.1125,12.20625,46.950733,0.3361091,49.741684,0.042574164,-0.14235307,-0.9837014,0.10126216,0.1147026,-0.09444726,-0.76021534,0.63245213,-1.0,0
1763545394170,1009.86566,-1.3842479,3.972684,11.969497,-0.70119643,-0.20334162,-0.405996,27.956251,-13.650001,11.90625,46.950733,0.3361091,49.741684,0.043810852,-0.13692817,-0.9847556,0.09790937,0.112746455,-0.08920193,-0.7626677,0.63061017,-1.0,0
1763545394196,1009.9113,-0.10767702,3.501896,13.460824,-0.81558084,-0.37606362,-0.4437169,27.768751,-12.31875,13.2375,46.950733,0.3361091,49.741684,0.04188669,-0.13046014,-0.9860928,0.09405532,0.10757286,-0.08486715,-0.7656933,0.62844205,-1.0,0
1763545394220,1009.9924,0.06460621,2.7954152,15.337994,-0.6590467,-0.20517421,-0.55092365,27.31875,-13.106251,13.481251,46.950733,0.3361091,49.741684,0.035903238,-0.1164696,-0.9889428,0.08446578,0.09478455,-0.07661688,-0.77353173,0.621928,-1.0,0
1763545394245,1009.9924,-0.6693921,0.7710871,13.53859,0.35636324,0.1060614,-0.2154062,28.031252,-12.656251,11.3625,46.950733,0.3361091,49.741684,0.03682744,-0.11437633,-0.989553,0.079675265,0.094332635,-0.07442809,-0.7771293,0.61776364,-1.0,0
1763545394270,1009.99945,-0.43908295,0.79142606,11.044671,0.52603096,-0.12988512,0.12851068,28.44375,-12.731251,11.493751,46.950733,0.3361091,49.741684,0.038366012,-0.116986446,-0.989352,0.077584974,0.09699725,-0.07582479,-0.77868336,0.615219,-1.0,0
1763545394295,1009.99945,1.2125629,1.0235299,9.353543,0.30382887,-0.36247188,0.1966221,25.893751,-14.475,10.931251,46.950733,0.3361091,49.741684,0.033550132,-0.12452528,-0.9884291,0.07984593,0.09707133,-0.08490769,-0.7775406,0.615466,-1.0,0
1763545394320,1009.97626,2.2815564,1.3740784,9.031111,-0.06956223,-0.2758818,-0.008323032,27.018751,-13.89375,12.937501,46.950733,0.3361091,49.741684,0.03023086,-0.12387752,-0.9886411,0.07955567,0.09390117,-0.08626772,-0.7782367,0.61488867,-1.0,0
1763545394345,1009.95404,0.60598236,1.6384853,9.631111,-0.19310963,0.39332056,-0.2824486,27.281252,-13.35,11.94375,46.950733,0.3361091,49.741684,0.030478988,-0.120923005,-0.989164,0.07747187,0.09242474,-0.083719954,-0.7801446,0.61304414,-1.0,0
1763545394370,1009.95404,-0.27696922,1.8598214,9.150752,0.106672265,0.4344012,-0.15080725,29.118752,-14.2875,13.35,46.950733,0.3361091,49.741684,0.038348775,-0.11907441,-0.9893534,0.07437238,0.09790078,-0.07787662,-0.78239125,0.61009395,-1.0,0
1763545394395,1009.892,-0.44925246,1.9268204,8.075178,0.45333803,0.27542365,0.004657844,29.94375,-14.700001,11.587501,46.950733,0.3361091,49.741684,0.041278943,-0.123155616,-0.9887205,0.07456448,0.10259588,-0.0796577,-0.7818006,0.6098496,-1.0,0
1763545394420,1009.82,0.01794617,2.4131618,5.517849,0.63384855,-0.046807513,0.047571093,29.081251,-14.6625,11.83125,46.950733,0.3361091,49.741684,0.042369712,-0.12937698,-0.9878343,0.07514516,0.10695317,-0.08422992,-0.7807259,0.60986346,-1.0,0
1763545394446,1009.82,0.046061836,2.6404798,4.9064827,0.4484511,-0.10713041,-0.043142326,29.41875,-15.8625,11.400001,46.950733,0.3361091,49.741684,0.042243205,-0.13564953,-0.98698676,0.07529789,0.110344164,-0.08949575,-0.77979165,0.60970455,-1.0,0
1763545394472,1009.7646,0.21595225,2.612364,4.9519463,0.1589012,-0.10682498,-0.12301289,28.25625,-17.23125,12.075001,46.950733,0.3361091,49.741684,0.040703423,-0.14209808,-0.98629975,0.07322591,0.11271324,-0.09562642,-0.77988124,0.60822415,-1.0,0
1763545394497,1009.7568,-0.03589234,3.0622149,7.047461,-0.32261297,0.05535962,-0.26244277,30.281252,-15.900001,11.775001,46.950733,0.3361091,49.741684,0.040377878,-0.14094281,-0.9866154,0.07135404,0.11183178,-0.09481018,-0.7809883,0.60709304,-1.0,0
1763545394523,1009.7568,-0.70648086,3.0083764,8.239685,-0.3352884,0.089415334,-0.21952952,27.281252,-15.356251,14.231251,46.950733,0.3361091,49.741684,0.04092388,-0.13799323,-0.9871747,0.06908047,0.11068052,-0.092014484,-0.7824993,0.6057871,-1.0,0
1763545394549,1009.7663,-1.4087744,2.766103,8.943773,-0.2135736,-0.12408191,0.023594651,29.23125,-16.0125,11.90625,46.950733,0.3361091,49.741684,0.040674802,-0.13296178,-0.9879909,0.06736567,0.10772317,-0.08791503,-0.7838285,0.60521036,-1.0,0
1763545394574,1009.7663,-0.8997013,3.6448672,10.569695,0.083306685,-0.8841504,0.5309178,27.487501,-15.95625,12.843751,46.950733,0.3361091,49.741684,0.034685418,-0.13326271,-0.9880109,0.06979188,0.10293714,-0.09146588,-0.7823266,0.6074562,-1.0,0
1763545394599,1009.8027,0.36011982,3.7411783,11.7876425,0.087124586,-0.6831759,0.5918516,25.143751,-15.20625,12.900001,46.950733,0.3361091,49.741684,0.025827156,-0.13497648,-0.9877714,0.073658384,0.09656174,-0.0977827,-0.77976334,0.61080563,-1.0,0
1763545394625,1009.8886,1.7425731,3.5874393,12.79861,0.08926262,-0.10438152,0.4890736,25.237501,-16.800001,13.44375,46.950733,0.3361091,49.741684,0.01658673,-0.13760886,-0.9868658,0.08298187,0.09035302,-0.10510769,-0.7737982,0.6180817,-1.0,0
1763545394651,1009.8886,0.27098715,4.99083,11.986247,0.06620247,0.8055016,0.25022548,27.16875,-16.725,13.087501,46.950733,0.3361091,49.741684,0.020511823,-0.13829918,-0.98639286,0.086505145,0.09398111,-0.10351293,-0.7715488,0.6206167,-1.0,0
1763545394676,1009.93524,-0.28953153,5.556134,11.4598255,0.00038179048,0.6379719,0.2673297,25.462502,-16.5375,12.937501,46.950733,0.3361091,49.741684,0.027681697,-0.13861662,-0.9858583,0.08999604,0.100153096,-0.099751055,-0.7689324,0.62350786,-1.0,0
1763545394701,1009.94574,0.2883351,5.282156,11.199606,-0.20257804,-0.037491824,0.046654798,25.781252,-14.3625,11.08125,46.950733,0.3361091,49.741684,0.033401314,-0.13864698,-0.98536104,0.09340541,0.104994506,-0.09651321,-0.766147,0.6266419,-1.0,0
1763545394726,1009.94574,0.064008005,3.8530426,12.330215,-0.42019862,-0.33651012,-0.26534438,26.250002,-15.468751,13.725,46.950733,0.3361091,49.741684,0.029311994,-0.13377786,-0.9863834,0.0910795,0.09898656,-0.09464303,-0.7676224,0.62609917,-1.0,0
1763545394752,1009.97577,-2.9168508,1.0552348,12.439089,0.15095995,0.29145885,-0.24274239,26.343752,-15.187501,11.53125,46.950733,0.3361091,49.741684,0.029760139,-0.13108608,-0.9870582,0.087460294,0.097824104,-0.092193425,-0.77041906,0.62320566,-1.0,0
1763545394777,1009.97577,-3.7537405,1.1952149,10.714461,0.39393142,0.14660755,0.13477205,25.575,-16.0125,12.13125,46.950733,0.3361091,49.741684,0.033405066,-0.13160717,-0.9870532,0.08538476,0.101078525,-0.09066129,-0.7719949,0.62095696,-1.0,0
1763545394802,1009.9443,-2.664408,1.5403795,9.358928,0.39057165,-0.23411393,0.43531752,25.875002,-15.88125,13.781251,46.950733,0.3361091,49.741684,0.03385437,-0.13841563,-0.9856802,0.0901789,0.10517438,-0.09614208,-0.7686452,0.62360215,-1.0,0
1763545394827,1009.9052,0.2835495,1.7455641,8.52144,-0.019776747,-0.10293072,0.18898629,26.343752,-14.962501,13.687501,46.950733,0.3361091,49.741684,0.030387774,-0.14066587,-0.9851663,0.093447275,0.103518836,-0.09997122,-0.7665812,0.6258138,-1.0,0
1763545394852,1009.9052,0.35712877,1.9178474,8.545966,-0.17234023,0.27198756,-0.07108939,28.500002,-15.8625,14.137501,46.950733,0.3361091,49.741684,0.029027533,-0.14044146,-0.98507977,0.095128104,0.1022314,-0.100574285,-0.7657742,0.6269158,-1.0,0
1763545394877,1009.88544,-0.5724828,2.091327,8.284551,-0.18669555,0.43218684,-0.20013458,27.768751,-15.937501,13.593751,46.950733,0.3361091,49.741684,0.035534732,-0.13609047,-0.98562044,0.093632706,0.105180465,-0.09338325,-0.7673168,0.62565285,-1.0,0
1763545394902,1009.8381,-1.783251,2.3001008,7.6660056,0.066507906,0.14477496,0.08666644,25.968752,-16.743752,14.906251,46.950733,0.3361091,49.741684,0.03913957,-0.13479245,-0.9857236,0.09298842,0.10745852,-0.09029731,-0.76774144,0.6251977,-1.0,0
1763545394927,1009.8381,-1.5565311,2.5094728,7.3782687,0.19173518,-0.054061532,0.28275403,26.175001,-17.212502,13.837501,46.950733,0.3361091,49.741684,0.04079324,-0.13530746,-0.9854978,0.09391936,0.10912992,-0.089793555,-0.76696336,0.6259353,-1.0,0
1763545394952,1009.80194,-0.9487542,2.528017,7.13121,0.24549128,-0.12064579,0.39255697,27.206251,-15.731251,13.950001,46.950733,0.3361091,49.741684,0.04039906,-0.13733526,-0.98499364,0.09641036,0.10994939,-0.09167432,-0.7650227,0.62789106,-1.0,0
1763545394977,1009.7829,-0.50428736,2.620739,6.971489,0.23067781,-0.038331766,0.41088292,26.6625,-15.675,13.06875,46.950733,0.3361091,49.741684,0.03851934,-0.14250639,-0.98360103,0.10361648,0.11129665,-0.09697879,-0.7596382,0.63337034,-1.0,0
1763545395002,1009.7829,-0.46181476,2.641078,7.000801,0.18043418,0.097432934,0.39133525,25.3875,-16.9125,12.656251,46.950733,0.3361091,49.741684,0.0391246,-0.14438689,-0.9828976,0.10739857,0.11286562,-0.09818178,-0.7568206,0.6362737,-1.0,0
1763545395028,1009.77924,-0.6753742,3.0149565,7.827521,0.15599959,0.022449281,0.39545858,26.250002,-15.975,15.76875,46.950733,0.3361091,49.741684,0.040174406,-0.14588013,-0.98220587,0.11124832,0.11458793,-0.09881603,-0.7539805,0.63923264,-1.0,0
1763545395054,1009.77924,-0.36789647,3.013162,8.639884,0.22227842,-0.1847866,0.3853793,26.812502,-15.4125,15.056251,46.950733,0.3361091,49.741684,0.038073372,-0.1501563,-0.98082536,0.118255705,0.115260415,-0.10349663,-0.7487014,0.6445539,-1.0,0
1763545395081,1009.7961,-0.01375873,3.0604203,9.804591,0.38721192,-0.20708317,0.28932083,26.118752,-15.356251,14.19375,46.950733,0.3361091,49.741684,0.0352377,-0.15354809,-0.98007226,0.120997794,0.11479339,-0.10789425,-0.74655545,0.6464026,-1.0,0
1763545395107,1009.8317,0.42951167,2.9066813,9.8117695,0.38293585,-0.12095123,0.18761185,27.243752,-16.35,13.81875,46.950733,0.3361091,49.741684,0.03212649,-0.16126086,-0.97846043,0.12480518,0.11647177,-0.116066985,-0.743287,0.6484498,-1.0,0
1763545395132,1009.8317,0.65324056,3.0388846,9.530613,0.22350015,-0.015882485,0.030008731,25.35,-16.181252,14.475,46.950733,0.3361091,49.741684,0.03197744,-0.16334468,-0.97809094,0.12503928,0.117484935,-0.11790382,-0.74297595,0.6482921,-1.0,0
1763545395158,1009.8659,-0.30329028,4.243671,9.920643,-0.2239583,0.2784016,-0.326889,27.31875,-16.612501,14.75625,46.950733,0.3361091,49.741684,0.033720594,-0.16288295,-0.97824734,0.12394327,0.11867671,-0.116549715,-0.7437146,0.6474725,-1.0,0
1763545395183,1009.88666,-0.7507481,4.3932223,10.326824,-0.38492116,0.049480047,-0.4311942,26.118752,-16.837502,13.200001,46.950733,0.3361091,49.741684,0.03735717,-0.1568861,-0.9798922,0.11748816,0.11842585,-0.109471895,-0.74828464,0.64347595,-1.0,0
1763545395209,1009.88666,-0.15613168,3.9176488,11.153544,-0.642248,-0.2600757,-0.5325977,26.737501,-17.2875,15.01875,46.950733,0.3361091,49.741684,0.034973748,-0.15104276,-0.981508,0.112281665,0.11321159,-0.10592526,-0.7524029,0.64019746,-1.0,0
1763545395234,1009.9411,-0.45104706,2.2707887,14.940784,-0.73723745,-0.124616414,-0.70531976,26.437502,-15.825001,15.1125,46.950733,0.3361091,49.741684,0.032231573,-0.1427817,-0.98354,0.10594634,0.10631066,-0.10061571,-0.75775033,0.6359158,-1.0,0
1763545395260,1009.99774,-1.2861422,1.2161521,14.976079,-0.25175264,-0.0058032153,-0.48556113,27.337502,-15.093751,13.593751,46.950733,0.3361091,49.741684,0.031555332,-0.13208188,-0.9861983,0.094726324,0.09963734,-0.092269905,-0.7672347,0.62682503,-1.0,0
1763545395285,1009.99774,-1.3256238,1.1084751,13.209578,0.1466839,-0.027794348,-0.06055197,27.150002,-15.993751,14.2875,46.950733,0.3361091,49.741684,0.031657144,-0.13279873,-0.9861661,0.09403123,0.1000307,-0.09290577,-0.76819754,0.62548774,-1.0,0
1763545395310,1010.0002,1.9621146,2.1948166,10.295119,0.28260133,-0.20540328,0.19051345,26.2875,-14.475,14.906251,46.950733,0.3361091,49.741684,0.03034669,-0.13542865,-0.9856148,0.09644018,0.10033699,-0.09588716,-0.7668171,0.6266815,-1.0,0
1763545395335,1010.0002,2.3688943,2.6344976,9.288938,0.18089233,-0.107817635,-0.1098793,26.868752,-14.418751,15.150001,46.950733,0.3361091,49.741684,0.027911972,-0.13818502,-0.9851513,0.0979881,0.099785514,-0.09958437,-0.76590925,0.62730277,-1.0,0
1763545395360,1009.96405,1.7018951,2.9252257,8.653045,0.054290608,0.108581215,-0.3644572,25.650002,-15.4125,15.337501,46.950733,0.3361091,49.741684,0.027589543,-0.14043035,-0.98526716,0.0936288,0.10071517,-0.10167755,-0.7687003,0.62339234,-1.0,0
1763545395386,1009.92035,-0.07238288,2.5399811,7.759924,0.3334558,0.47174034,-0.41867146,29.41875,-14.906251,15.056251,46.950733,0.3361091,49.741684,0.031624287,-0.14101791,-0.98542374,0.089748,0.10440362,-0.09993005,-0.77095914,0.6202708,-1.0,0
1763545395410,1009.92035,-0.44685963,2.477768,6.541379,0.5442042,0.31413722,-0.3323868,27.6375,-15.6,16.987501,46.950733,0.3361091,49.741684,0.03686284,-0.14371169,-0.9851579,0.08632003,0.1102593,-0.09927141,-0.772625,0.6172833,-1.0,0
1763545395436,1009.8383,-0.47916272,2.6452653,5.4113684,0.577649,0.07192933,-0.3013854,28.275002,-17.00625,14.212501,46.950733,0.3361091,49.741684,0.042398475,-0.15407033,-0.9838716,0.080394305,0.12064096,-0.10479039,-0.77461696,0.61190957,-1.0,0
1763545395461,1009.7785,-0.5072784,2.8103702,4.8191447,0.4191296,-0.12049308,-0.360792,29.41875,-17.025002,15.4875,46.950733,0.3361091,49.741684,0.042178895,-0.15826432,-0.9835175,0.07660503,0.12282739,-0.10835142,-0.77616113,0.60889024,-1.0,0
1763545395487,1009.7785,-0.56590253,2.6662025,4.9806604,0.13095413,-0.16355905,-0.4107302,28.66875,-17.962502,13.762501,46.950733,0.3361091,49.741684,0.041432373,-0.15971212,-0.9836339,0.07238697,0.12305027,-0.10992378,-0.7783672,0.6057391,-1.0,0
1763545395512,1009.7714,-1.125823,2.6039891,7.4458656,-0.23312128,0.1707367,-0.32414013,28.9125,-17.212502,16.78125,46.950733,0.3361091,49.741684,0.04371256,-0.15600874,-0.9845934,0.06579137,0.12292741,-0.10553817,-0.78263086,0.601032,-1.0,0
1763545395539,1009.77655,-1.6917256,2.632703,8.647661,-0.122707464,0.2498437,-0.14225514,28.931252,-17.19375,16.0125,46.950733,0.3361091,49.741684,0.04645912,-0.15457824,-0.9847589,0.064818874,0.12442052,-0.10282168,-0.78329587,0.6003289,-1.0,0
1763545395564,1009.77655,-1.5517455,3.1986058,9.0544405,0.29756752,-0.14767656,0.28397575,28.5375,-15.6,14.56875,46.950733,0.3361091,49.741684,0.047930278,-0.15571524,-0.9844394,0.065813445,0.12627287,-0.102955304,-0.78249836,0.60095894,-1.0,0
1763545395589,1009.7944,-1.0899308,3.888935,9.101101,0.234343,-0.3675879,0.35758498,28.125002,-16.9125,15.937501,46.950733,0.3361091,49.741684,0.042804465,-0.16151214,-0.98339707,0.07080394,0.12526137,-0.11058006,-0.7786589,0.6047908,-1.0,0
1763545395614,1009.7944,-0.45702913,4.14736,9.631111,-0.0063377223,-0.33536476,0.3181842,30.112501,-18.675001,14.7375,46.950733,0.3361091,49.741684,0.039148998,-0.16202086,-0.9832803,0.0733036,0.12253745,-0.11299584,-0.7769938,0.60703963,-1.0,0
1763545395639,1009.83685,-0.51864433,4.3818564,12.479168,-0.3569741,0.2952004,0.2955822,28.931252,-16.575,15.525001,46.950733,0.3361091,49.741684,0.03791916,-0.15969165,-0.98352575,0.07576791,0.12024004,-0.1117208,-0.7757215,0.60935783,-1.0,0
1763545395664,1009.9035,-0.96909314,5.096114,13.45544,-0.1268308,0.57818353,0.42691812,29.1,-16.650002,12.731251,46.950733,0.3361091,49.741684,0.039943296,-0.15625827,-0.9837273,0.07917575,0.12002332,-0.107733496,-0.77395576,0.6123564,-1.0,0
1763545395689,1009.9035,-0.7704889,5.4346986,12.601202,0.1476002,0.31658068,0.48189595,29.306252,-16.1625,15.450001,46.950733,0.3361091,49.741684,0.04714403,-0.15650281,-0.9825156,0.08914393,0.12620388,-0.10386674,-0.7670682,0.62039554,-1.0,0
1763545395714,1009.9257,-0.12921242,5.2486563,11.824133,0.15202898,-0.2838994,0.3345248,29.325,-15.918751,16.518751,46.950733,0.3361091,49.741684,0.04399156,-0.15867679,-0.982063,0.09184451,0.124840245,-0.107371256,-0.76491505,0.6227289,-1.0,0
1763545395739,1009.95087,-1.2813566,2.5585256,11.273784,0.18455753,-0.016798781,-0.022372922,27.993752,-17.53125,15.20625,46.950733,0.3361091,49.741684,0.04060028,-0.16029267,-0.98192316,0.0921157,0.122921646,-0.110600136,-0.76464397,0.6228784,-1.0,0
1763545395764,1009.95087,-2.2337,2.3688943,10.040882,0.118889555,-0.028099779,0.09735657,28.66875,-16.462502,14.137501,46.950733,0.3361091,49.741684,0.040738516,-0.1626237,-0.98149323,0.09254218,0.124251075,-0.11255127,-0.7645065,0.6224336,-1.0,0
1763545395789,1009.92426,-1.8831514,2.349752,9.510872,-0.090942495,-0.28252497,0.20303617,26.587502,-16.66875,13.293751,46.950733,0.3361091,49.741684,0.038034663,-0.16184057,-0.9815933,0.09397844,0.12154539,-0.11342761,-0.763918,0.62353045,-1.0,0
1763545395815,1009.92426,-0.69332033,1.6863418,9.702896,-0.2540434,-0.05222894,0.0012980876,27.112501,-16.7625,16.331251,46.950733,0.3361091,49.741684,0.03499365,-0.15976107,-0.9819579,0.094921656,0.117820196,-0.1134309,-0.7639226,0.62423885,-1.0,0
1763545395841,1009.9123,-1.1210374,1.7964116,9.053843,-0.28916812,0.17027856,-0.055665053,28.518751,-15.618751,15.975,46.950733,0.3361091,49.741684,0.034299772,-0.15702812,-0.98242354,0.09492472,0.11566439,-0.11160656,-0.764649,0.6240815,-1.0,0
1763545395866,1009.8813,-1.378864,1.8987048,8.522636,-0.30718863,0.22983788,-0.014126248,28.66875,-16.462502,14.925,46.950733,0.3361091,49.741684,0.03798971,-0.15043521,-0.98331285,0.09498867,0.11500584,-0.10415178,-0.765774,0.62411237,-1.0,0
1763545395891,1009.8813,-1.5930216,2.2390838,7.9890366,-0.10942116,0.026572619,0.24594943,28.275002,-14.64375,15.7875,46.950733,0.3361091,49.741684,0.039310925,-0.14784725,-0.9835479,0.09606872,0.11465994,-0.10127811,-0.7654402,0.6250577,-1.0,0
1763545395917,1009.8349,-1.2131611,2.367698,7.6109705,0.03733911,-0.045051277,0.42615455,27.675001,-14.83125,15.243751,46.950733,0.3361091,49.741684,0.039396998,-0.14676939,-0.9834718,0.09843024,0.11413215,-0.100335725,-0.7640819,0.6269652,-1.0,0
1763545395942,1009.7924,-0.424726,2.548356,7.2352977,0.16165009,-0.0820086,0.53824824,28.575,-13.875001,16.1625,46.950733,0.3361091,49.741684,0.03734319,-0.14913477,-0.98227125,0.10727501,0.113743864,-0.10343122,-0.7581158,0.6337387,-1.0,0
1763545395968,1009.7924,0.4121637,2.9168508,6.8201427,0.23296855,-0.08429934,0.48479757,28.031252,-14.437501,15.95625,46.950733,0.3361091,49.741684,0.035974745,-0.15175764,-0.9814259,0.11169447,0.11407608,-0.106354594,-0.7548612,0.6370714,-1.0,0
1763545395994,1009.7734,0.19561325,3.5006995,6.407381,0.053679742,-0.107817635,0.08239039,26.306252,-13.481251,16.06875,46.950733,0.3361091,49.741684,0.0346905,-0.15398076,-0.98083913,0.11418919,0.11427893,-0.10887553,-0.75275916,0.63909316,-1.0,0
1763545396018,1009.7734,-0.52283174,3.2004004,7.031309,-0.04848739,-0.1385136,0.021303909,27.50625,-14.7375,16.95,46.950733,0.3361091,49.741684,0.03350585,-0.15499686,-0.9806475,0.11481497,0.11390983,-0.11032337,-0.75194514,0.6398686,-1.0,0
1763545396043,1009.7707,-0.6975078,3.2207394,9.3200445,0.06146827,-0.14004076,0.17844887,26.38125,-14.587501,15.825001,46.950733,0.3361091,49.741684,0.030866627,-0.1546359,-0.9807142,0.115472965,0.11158601,-0.11141627,-0.7512222,0.640937,-1.0,0
1763545396068,1009.7934,-0.09032906,3.2159536,10.021739,0.29878923,-0.22678354,0.16699515,28.687502,-14.231251,14.325001,46.950733,0.3361091,49.741684,0.029501967,-0.15546468,-0.9804555,0.11690596,0.11092475,-0.112850964,-0.75013775,0.6420699,-1.0,0
1763545396093,1009.7934,0.421735,3.2973096,9.778868,0.4314996,-0.33628106,0.045127634,27.656252,-14.85,16.0125,46.950733,0.3361091,49.741684,0.024588961,-0.16303265,-0.9792457,0.117876254,0.111029536,-0.1218879,-0.748679,0.6421025,-1.0,0
1763545396119,1009.82245,0.7609176,3.4432719,9.319446,0.3041343,-0.3251328,-0.16073379,26.587502,-14.212501,17.79375,46.950733,0.3361091,49.741684,0.021929337,-0.16629246,-0.9790069,0.11580652,0.11062868,-0.12607688,-0.7496357,0.6402438,-1.0,0
1763545396144,1009.86005,-0.5832505,4.0797625,9.633504,-0.41760245,0.2102902,-0.47166398,26.118752,-16.5,17.19375,46.950733,0.3361091,49.741684,0.021531468,-0.16590911,-0.9795085,0.11213034,0.1100962,-0.12596934,-0.75203806,0.6375337,-1.0,0
1763545396169,1009.86005,-1.2717853,4.421936,10.616954,-0.5915462,0.18371758,-0.41393724,28.462502,-14.38125,16.66875,46.950733,0.3361091,49.741684,0.023895051,-0.16179916,-0.98059607,0.108073875,0.109809555,-0.121209905,-0.75502855,0.6349661,-1.0,0
1763545396197,1009.88715,1.3375878,4.042674,12.539587,-0.7633519,-0.48502663,-0.43715012,26.906252,-14.925,16.40625,46.950733,0.3361091,49.741684,0.02444088,-0.15009186,-0.9831561,0.101382166,0.103839,-0.11109637,-0.7603988,0.6314022,-1.0,0
1763545396222,1009.9545,1.4536397,3.4600215,14.2546425,-0.6396518,-0.344375,-0.67034775,26.643751,-13.950001,16.6875,46.950733,0.3361091,49.741684,0.01943294,-0.14334972,-0.9847413,0.096754335,0.09593447,-0.10827411,-0.76423913,0.6284996,-1.0,0
1763545396247,1009.9545,0.32243285,2.0925233,14.349159,-0.14088069,0.0097738365,-0.7474694,28.06875,-14.19375,17.00625,46.950733,0.3361091,49.741684,0.016787007,-0.13558614,-0.9871376,0.083029084,0.08932024,-0.10337941,-0.77443904,0.61772066,-1.0,0
1763545396272,1009.9799,-0.3930211,0.99302137,12.085549,0.29833108,-0.00076358096,-0.5287798,29.118752,-13.33125,16.3875,46.950733,0.3361091,49.741684,0.017694542,-0.13774936,-0.9872377,0.07793269,0.091184594,-0.104753785,-0.77789706,0.6128525,-1.0,0
1763545396297,1009.9653,1.1288141,1.1030912,10.1802635,-0.13752094,-0.67668545,-0.06146827,26.98125,-14.531251,16.06875,46.950733,0.3361091,49.741684,0.013458156,-0.13983163,-0.98722494,0.0751964,0.088733226,-0.1089054,-0.7798721,0.6099717,-1.0,0
1763545396322,1009.9653,2.341377,1.0217353,11.5621195,-0.31283912,-0.18967351,-0.13003784,28.06875,-14.175,16.706251,46.950733,0.3361091,49.741684,0.0067813615,-0.13858388,-0.9875771,0.07374704,0.08240643,-0.111627445,-0.78139913,0.60841095,-1.0,0
1763545396349,1009.9775,2.1074786,1.1210374,11.8695965,-0.15386157,0.3611738,-0.2514472,28.050001,-13.44375,17.587502,46.950733,0.3361091,49.741684,0.0074579488,-0.13303362,-0.9885713,0.070545234,0.07967872,-0.10679331,-0.7852276,0.60470164,-1.0,0
1763545396374,1009.9775,0.1788635,2.3449662,9.353543,0.50617784,0.52916163,-0.18684827,28.875002,-13.837501,16.143751,46.950733,0.3361091,49.741684,0.013375802,-0.13394444,-0.9884955,0.068970695,0.08504585,-0.10434186,-0.7864381,0.6028226,-1.0,0
1763545396400,1009.9279,-0.13220344,2.3503501,7.5900335,0.7250201,0.37232208,-0.12331833,29.925001,-16.087502,14.306251,46.950733,0.3361091,49.741684,0.018877773,-0.1382882,-0.98788536,0.06782289,0.09200681,-0.10495141,-0.78670394,0.6013459,-1.0,0
1763545396425,1009.8481,-0.381057,2.5908287,6.1453667,0.74013907,0.26923865,-0.07200569,30.4125,-15.562501,17.775002,46.950733,0.3361091,49.741684,0.026215782,-0.15189515,-0.9858072,0.06652944,0.10564378,-0.1122442,-0.7856165,0.5992056,-1.0,0
1763545396450,1009.8481,-0.41575295,2.8073792,5.459823,0.612621,0.24709481,-0.045891218,29.7,-16.368752,15.58125,46.950733,0.3361091,49.741684,0.029093545,-0.15777208,-0.984816,0.0662898,0.1113266,-0.11552043,-0.78471345,0.5987372,-1.0,0
1763545396475,1009.7812,-0.293719,3.3212378,5.508876,0.22518003,0.16386448,-0.094760396,30.206251,-17.4375,15.900001,46.950733,0.3361091,49.741684,0.031832963,-0.16205846,-0.98405874,0.06595526,0.11602259,-0.11753764,-0.78403044,0.59834766,-1.0,0
1763545396501,1009.75385,-0.18185452,3.5682967,6.4055862,0.031535894,0.073303774,-0.16210824,31.031252,-16.987501,16.087502,46.950733,0.3361091,49.741684,0.034680493,-0.1649178,-0.983628,0.06381628,0.12008799,-0.11823523,-0.7842858,0.5970721,-1.0,0
1763545396526,1009.75385,-1.4763715,3.4139597,8.730812,-0.005726857,0.2197586,-0.08880447,30.618752,-16.78125,16.59375,46.950733,0.3361091,49.741684,0.035845518,-0.1645494,-0.98376656,0.06199658,0.12089489,-0.11724241,-0.7852018,0.5959,-1.0,0
1763545396551,1009.7695,-1.6354942,3.4480574,9.401401,0.1476002,0.33704466,0.115835235,30.750002,-16.25625,14.681251,46.950733,0.3361091,49.741684,0.03828217,-0.16443127,-0.98372704,0.061463222,0.122889,-0.11576472,-0.7853124,0.5956351,-1.0,0
1763545396576,1009.79095,-1.4943178,3.757928,9.504292,0.28305948,0.29367325,0.27328563,30.768751,-16.875,15.337501,46.950733,0.3361091,49.741684,0.04439481,-0.16835685,-0.9825216,0.06589852,0.13019195,-0.11560621,-0.7816458,0.59892833,-1.0,0
1763545396602,1009.79095,-1.375873,4.1431723,9.561719,0.32902706,0.20143266,0.38919723,31.050001,-17.71875,14.26875,46.950733,0.3361091,49.741684,0.04607412,-0.17163514,-0.98160607,0.06974265,0.13343857,-0.11736995,-0.7785931,0.60183984,-1.0,0
1763545396627,1009.81415,-0.41754755,4.546363,10.091729,0.24197881,0.18188499,0.4258491,30.056252,-17.34375,17.60625,46.950733,0.3361091,49.741684,0.04699546,-0.17481954,-0.9806877,0.07404769,0.13600394,-0.119470954,-0.7752661,0.60513806,-1.0,0
1763545396652,1009.81415,-0.36789647,4.7748775,10.235299,0.12148573,0.341168,0.35101816,30.35625,-17.53125,14.64375,46.950733,0.3361091,49.741684,0.050757572,-0.17858326,-0.97917473,0.082174174,0.1412763,-0.12045412,-0.76922286,0.6114148,-1.0,0
1763545396677,1009.85077,-0.8811569,5.118846,10.130014,-0.00083993905,0.5112938,0.3331504,31.781252,-16.1625,15.656251,46.950733,0.3361091,49.741684,0.05501663,-0.17858829,-0.9785946,0.086219415,0.14486925,-0.11803999,-0.7662583,0.61475825,-1.0,0
1763545396702,1009.8581,0.055633128,4.807181,10.289736,-0.4907535,-0.1913534,0.14133884,31.237501,-16.81875,14.512501,46.950733,0.3361091,49.741684,0.05762463,-0.17689992,-0.978414,0.089975014,0.14616361,-0.11510973,-0.7636916,0.6181918,-1.0,0
1763545396728,1009.8581,-0.01794617,3.5443685,11.924033,-0.57505286,-0.35766134,-0.081015944,30.768751,-15.50625,14.793751,46.950733,0.3361091,49.741684,0.05499989,-0.17282231,-0.9791703,0.09130149,0.14176208,-0.11311921,-0.7633335,0.6200238,-1.0,0
1763545396753,1009.90375,-1.4979069,2.5902305,12.484552,-0.3759109,-0.12186752,-0.108504854,30.73125,-15.525001,16.35,46.950733,0.3361091,49.741684,0.050984498,-0.16760993,-0.98038536,0.09029342,0.1355057,-0.1110436,-0.7650258,0.61971205,-1.0,0
1763545396778,1009.9123,-2.1978076,2.4999015,10.661819,0.0353538,-0.19654575,0.45761406,29.75625,-15.993751,16.63125,46.950733,0.3361091,49.741684,0.04976127,-0.1622632,-0.9813139,0.09064277,0.1313956,-0.107427984,-0.76631486,0.61964184,-1.0,0
1763545396804,1009.9123,-0.4534399,2.766103,9.904491,-0.0020616686,-0.43966994,0.4389827,32.23125,-14.7375,15.056251,46.950733,0.3361091,49.741684,0.047610037,-0.1626129,-0.98099333,0.09456487,0.12975934,-0.10895958,-0.76410097,0.62244684,-1.0,0
1763545396829,1009.9101,0.8069794,2.6015964,9.430713,-0.1702022,-0.23044874,0.15095995,30.562502,-15.675,16.5375,46.950733,0.3361091,49.741684,0.03995975,-0.16156234,-0.98105055,0.09920614,0.12274542,-0.11239524,-0.7619316,0.6259082,-1.0,0
1763545396855,1009.9101,0.5521438,2.4059832,9.005986,-0.32719445,0.22327107,-0.14072797,30.956251,-13.875001,14.231251,46.950733,0.3361091,49.741684,0.041655615,-0.15807512,-0.9816263,0.098406844,0.12218984,-0.108594,-0.7630666,0.62530506,-1.0,0
1763545396881,1009.8908,-1.8747765,2.4275186,8.356335,-0.2523635,0.34269515,-0.10178535,28.7625,-15.843751,15.95625,46.950733,0.3361091,49.741684,0.045743197,-0.15406542,-0.982228,0.096959256,0.12335994,-0.10300915,-0.76445526,0.6243233,-1.0,0
1763545396906,1009.85004,-2.0841484,2.3300111,8.096115,-0.062995434,0.083993904,0.1740201,31.218752,-14.606251,15.7875,46.950733,0.3361091,49.741684,0.050025664,-0.1505124,-0.98243576,0.098291695,0.124965064,-0.097674675,-0.7638654,0.6255821,-1.0,0
1763545396931,1009.85004,-0.74177504,2.7068806,7.620542,0.20181446,-0.2112065,0.50510883,31.087502,-13.743751,16.518751,46.950733,0.3361091,49.741684,0.048258573,-0.15174341,-0.9819792,0.101789735,0.124179356,-0.09967175,-0.7615176,0.62828016,-1.0,0
1763545396956,1009.82513,-0.12083755,2.9659038,7.4847493,0.2758818,-0.107817635,0.46479174,31.10625,-13.743751,15.431251,46.950733,0.3361091,49.741684,0.04583744,-0.1541184,-0.9812637,0.10615395,0.12348538,-0.10298007,-0.7584564,0.6315777,-1.0,0
1763545396982,1009.799,-0.02632105,3.3613176,7.0875406,0.2864192,-0.05864302,0.35071275,30.937502,-13.875001,14.85,46.950733,0.3361091,49.741684,0.043516785,-0.16026498,-0.97957045,0.11341659,0.12499688,-0.10933598,-0.75278294,0.63697666,-1.0,0
1763545397007,1009.799,-0.31106696,3.6143587,7.1096745,0.20089816,-0.14813471,0.22731806,30.900002,-14.118751,14.250001,46.950733,0.3361091,49.741684,0.041975312,-0.1626907,-0.979022,0.115260296,0.12510198,-0.11215934,-0.7510498,0.63850915,-1.0,0
1763545397032,1009.78973,-1.0079765,3.3032916,8.888738,0.15218168,-0.27336198,0.23296855,29.400002,-14.156251,15.937501,46.950733,0.3361091,49.741684,0.039408643,-0.1645054,-0.9786903,0.11641342,0.124012776,-0.11504714,-0.7499014,0.63955677,-1.0,0
1763545397057,1009.81024,-0.5312066,3.315854,9.710672,0.2447277,-0.19669846,0.27328563,28.518751,-14.887501,16.85625,46.950733,0.3361091,49.741684,0.034888092,-0.16896883,-0.97763646,0.120245144,0.12274164,-0.12125237,-0.7468173,0.64225876,-1.0,0
1763545397082,1009.81024,0.020338992,3.3720853,10.155738,0.36201373,-0.11575887,0.21311545,28.087502,-13.425,15.731251,46.950733,0.3361091,49.741684,0.033823013,-0.17252016,-0.97684133,0.12195637,0.12380925,-0.12481382,-0.7452878,0.64314765,-1.0,0
1763545397107,1009.841,0.08075777,3.4157543,9.136395,0.38278314,-0.0027488915,-0.115835235,29.493752,-15.0375,17.85,46.950733,0.3361091,49.741684,0.033877276,-0.17675507,-0.9760348,0.12232999,0.12617561,-0.12833466,-0.7445455,0.6428545,-1.0,0
1763545397132,1009.841,-0.27218357,3.6041892,8.627322,0.14485131,0.09300416,-0.2702313,30.900002,-15.375001,16.48125,46.950733,0.3361091,49.741684,0.034401894,-0.18029083,-0.975519,0.12112894,0.12855908,-0.13099967,-0.7448467,0.6414944,-1.0,0
1763545397157,1009.8471,-0.9834501,3.993621,8.447861,-0.1749364,0.29871288,-0.3861429,28.968752,-16.95,17.081251,46.950733,0.3361091,49.741684,0.039322276,-0.17949757,-0.9761499,0.11561734,0.13225406,-0.12757123,-0.74822843,0.63748616,-1.0,0
1763545397182,1009.85077,-1.6791633,4.360321,8.929416,-0.4721221,0.3121519,-0.4011091,32.100002,-14.625001,15.225,46.950733,0.3361091,49.741684,0.042740095,-0.17473976,-0.97723275,0.11249149,0.13251442,-0.12165797,-0.7505814,0.63581985,-1.0,0
1763545397207,1009.85077,-0.8321041,3.9894335,11.215159,-0.888121,-0.38713557,-0.32627815,30.150002,-14.718751,16.66875,46.950733,0.3361091,49.741684,0.042988304,-0.16841319,-0.9786836,0.10939475,0.12925823,-0.11620376,-0.7532455,0.6343581,-1.0,0
1763545397233,1009.8774,-0.15493527,3.6813576,13.388441,-1.0561088,-0.4696023,-0.32917976,31.5375,-14.45625,16.66875,46.950733,0.3361091,49.741684,0.03398391,-0.15062892,-0.9826681,0.10257292,0.11189999,-0.106406406,-0.76031727,0.63093084,-1.0,0
1763545397259,1009.97235,-0.2542374,3.0023942,16.018751,-0.805807,-0.14553854,-0.25557056,32.15625,-12.88125,15.731251,46.950733,0.3361091,49.741684,0.032048825,-0.14270338,-0.9841575,0.100209914,0.1058349,-0.10094735,-0.7632134,0.6293758,-1.0,0
1763545397284,1009.97235,-0.7070791,1.5535401,13.479966,0.7415135,0.24174973,0.27603453,33.2625,-13.25625,14.868751,46.950733,0.3361091,49.741684,0.034421213,-0.1416891,-0.9842281,0.1001676,0.10714154,-0.09890063,-0.76396066,0.6285726,-1.0,0
1763545397309,1009.9841,-0.06699903,2.0865414,10.267602,1.0440443,-0.07422007,0.5147299,32.381252,-13.856251,16.3875,46.950733,0.3361091,49.741684,0.03653591,-0.15766177,-0.9809688,0.107274875,0.117562465,-0.111225806,-0.7583742,0.6314083,-1.0,0
1763545397335,1009.9841,1.6671991,2.0823538,7.7682986,0.9372957,-0.27183482,0.4541016,31.425001,-15.712501,16.9125,46.950733,0.3361091,49.741684,0.03385215,-0.1668253,-0.9791447,0.110905364,0.12033887,-0.120395906,-0.75510776,0.63311577,-1.0,0
1763545397361,1009.9257,3.0598218,2.6751757,6.378069,-0.17172936,-0.2403753,-0.37178758,30.150002,-13.968751,17.550001,46.950733,0.3361091,49.741684,0.030052785,-0.1717913,-0.97836095,0.11134251,0.11987887,-0.12666649,-0.7543839,0.6328425,-1.0,0
1763545397386,1009.8796,1.9262222,2.4675984,7.8053875,-0.58696467,0.18723005,-0.7126501,31.2,-14.606251,16.85625,46.950733,0.3361091,49.741684,0.027427884,-0.17049593,-0.979077,0.10764352,0.11696119,-0.12704812,-0.757093,0.6300706,-1.0,0
1763545397411,1009.8796,0.00059820566,2.28036,8.989835,-0.52297664,0.57986337,-0.711123,29.718752,-14.64375,17.643751,46.950733,0.3361091,49.741684,0.035039816,-0.15874934,-0.9820295,0.0958489,0.11676856,-0.11311189,-0.7663859,0.6214688,-1.0,0
1763545397437,1009.863,-1.1515459,2.7397819,7.82453,0.36888596,0.28924447,-0.074907295,31.95,-14.531251,16.462502,46.950733,0.3361091,49.741684,0.04143396,-0.15698758,-0.9823575,0.09279825,0.12111185,-0.10813789,-0.7684517,0.618967,-1.0,0
1763545397462,1009.8024,-0.33918262,3.165106,6.2883377,0.5825359,-0.093615025,0.07475458,32.5125,-15.337501,16.7625,46.950733,0.3361091,49.741684,0.044810034,-0.1601493,-0.98174274,0.09233342,0.1256733,-0.10891261,-0.7681847,0.61825275,-1.0,0
1763545397487,1009.8024,0.401396,3.6532419,5.135596,0.46799877,-0.24999641,0.011071924,32.193752,-15.50625,16.96875,46.950733,0.3361091,49.741684,0.04230739,-0.17099321,-0.9800382,0.09216519,0.1296547,-0.11924059,-0.76638407,0.61775947,-1.0,0
1763545397512,1009.75775,0.28115666,3.7836509,5.980262,-0.22044583,0.0058032153,-0.21006113,30.6,-16.050001,17.775002,46.950733,0.3361091,49.741684,0.040775947,-0.17275015,-0.97994286,0.09059476,0.1294274,-0.121465266,-0.7667627,0.6169033,-1.0,0
1763545397539,1009.7541,-0.11545369,3.8004005,7.84786,-0.3001637,0.16065744,-0.17478369,33.05625,-14.175,16.650002,46.950733,0.3361091,49.741684,0.04085172,-0.17100325,-0.9804136,0.088740245,0.12859397,-0.11989445,-0.767831,0.61605555,-1.0,0
1763545397563,1009.7541,-0.46301118,3.9421754,9.309277,-0.11217005,0.15103632,-0.08727731,32.2125,-15.4875,15.58125,46.950733,0.3361091,49.741684,0.043781232,-0.167166,-0.9811093,0.08696325,0.12898098,-0.115000844,-0.7690283,0.61541384,-1.0,0
1763545397588,1009.7819,-0.6119644,4.0325046,9.932607,0.17524183,0.016493348,0.034437504,32.081253,-14.64375,16.3125,46.950733,0.3361091,49.741684,0.04403576,-0.16893743,-0.9807712,0.08724313,0.13019283,-0.11631312,-0.7684862,0.6155892,-1.0,0
1763545397613,1009.7819,-0.38703907,4.1587257,9.55813,0.29833108,0.023365578,0.23266312,31.63125,-16.931252,16.03125,46.950733,0.3361091,49.741684,0.043684326,-0.17237009,-0.9800842,0.08840293,0.13182145,-0.11934351,-0.7671653,0.61630964,-1.0,0
1763545397638,1009.81464,0.23988047,4.0683966,9.796814,0.13202316,0.13041963,0.22166756,31.725,-17.15625,16.331251,46.950733,0.3361091,49.741684,0.044591233,-0.17674705,-0.9788549,0.092822574,0.13503392,-0.12244884,-0.76352364,0.619519,-1.0,0
1763545397663,1009.8554,0.48753762,4.110271,10.547563,-0.03046688,0.24755295,0.12606722,33.2625,-16.650002,17.53125,46.950733,0.3361091,49.741684,0.046415612,-0.17635739,-0.97868013,0.09451254,0.13633151,-0.1211195,-0.7624675,0.62079555,-1.0,0
1763545397688,1009.8554,-0.74177504,4.9214377,10.762917,-0.116598815,0.56184286,0.07200569,32.756252,-17.0625,17.306252,46.950733,0.3361091,49.741684,0.050572943,-0.17522275,-0.9785301,0.096019536,0.13916232,-0.11787472,-0.7615203,0.62195355,-1.0,0
1763545397714,1009.8864,-0.83988076,5.091328,10.576875,-0.2841285,0.08704823,0.114308074,32.1375,-15.750001,16.987501,46.950733,0.3361091,49.741684,0.05559765,-0.17380506,-0.97834146,0.09772626,0.14258723,-0.11387764,-0.76027125,0.6234488,-1.0,0
1763545397739,1009.91473,-0.28055847,4.648058,11.8486595,-0.43715012,-0.37216938,0.07063124,34.912502,-15.093751,16.5,46.950733,0.3361091,49.741684,0.051853184,-0.16780984,-0.9794203,0.09942243,0.13622159,-0.11087213,-0.75981843,0.6259608,-1.0,0
1763545397764,1009.91473,-1.1784651,2.7499514,11.921042,0.038713556,0.1960876,-0.15370885,33.525,-15.4875,16.050001,46.950733,0.3361091,49.741684,0.050149135,-0.16521609,-0.9800115,0.09882404,0.13332976,-0.10970173,-0.7608419,0.6255464,-1.0,0
1763545397789,1009.9357,-2.7290142,3.1645079,10.061819,0.11232276,-0.004734202,-0.06269,31.237501,-15.8625,17.550001,46.950733,0.3361091,49.741684,0.052219477,-0.16495939,-0.9800623,0.09766365,0.13484757,-0.10841883,-0.7618913,0.62416595,-1.0,0
1763545397814,1009.9357,-2.3886352,2.8091738,9.060423,-0.030772313,-0.45998117,0.03138318,33.018753,-15.150001,15.468751,46.950733,0.3361091,49.741684,0.04882542,-0.16582282,-0.9802188,0.09638779,0.13249275,-0.111026,-0.76276726,0.6231412,-1.0,0
1763545397839,1009.9008,-1.6779668,2.3946173,9.172886,-0.2700786,-0.53007793,-0.01763872,32.943752,-15.431251,16.875,46.950733,0.3361091,49.741684,0.043877497,-0.16354789,-0.98092735,0.0954301,0.1270953,-0.111892685,-0.76398826,0.6226145,-1.0,0
1763545397864,1009.9052,-1.5290136,2.1708884,9.720842,-0.41989318,0.08872811,-0.15355614,33.5625,-15.975,16.5375,46.950733,0.3361091,49.741684,0.042061385,-0.15937069,-0.98179525,0.0944074,0.12323773,-0.10945574,-0.76545775,0.6220179,-1.0,0
1763545397889,1009.9052,-1.922633,2.2067807,9.412766,-0.25450155,0.14874557,-0.12224931,34.350002,-13.5375,17.1,46.950733,0.3361091,49.741684,0.044601265,-0.1521325,-0.98302925,0.092315584,0.121295266,-0.10208314,-0.7679583,0.6205695,-1.0,0
1763545397914,1009.87933,-2.1427727,2.1774685,8.623135,-0.039171703,0.09010255,0.025885396,33.112503,-14.55,17.268751,46.950733,0.3361091,49.741684,0.045749526,-0.15149112,-0.9830443,0.09263472,0.12188698,-0.10092645,-0.7678595,0.620765,-1.0,0
1763545397939,1009.8403,-1.5014962,2.4867408,7.160522,0.20822853,-0.123547405,0.37972882,33.09375,-16.03125,17.362501,46.950733,0.3361091,49.741684,0.045532793,-0.15267675,-0.9826928,0.09451577,0.12236274,-0.10203301,-0.76652056,0.62214375,-1.0,0
1763545397965,1009.8403,-0.61794645,2.687738,6.86441,0.24656029,-0.14874557,0.42600182,32.737503,-15.58125,18.618752,46.950733,0.3361091,49.741684,0.04429311,-0.15491113,-0.9820786,0.09778701,0.122575395,-0.104568645,-0.76414096,0.6246033,-1.0,0
1763545397990,1009.81366,0.1052842,2.92044,6.7208405,0.2163225,-0.12843432,0.31864235,33.2625,-13.89375,16.143751,46.950733,0.3361091,49.741684,0.041045558,-0.1600817,-0.98072606,0.104230106,0.12276241,-0.110636026,-0.7592639,0.6294501,-1.0,0
1763545398015,1009.81366,0.1591227,3.1393833,6.8602223,0.10575596,-0.11514801,0.03978257,33.15,-15.0375,18.225,46.950733,0.3361091,49.741684,0.039893597,-0.16195033,-0.9803391,0.1054277,0.12285974,-0.112804756,-0.75814945,0.6303888,-1.0,0
1763545398040,1009.79706,-1.0390832,3.0963125,7.696514,0.06696605,-0.17027856,0.06696605,33.956253,-15.337501,18.618752,46.950733,0.3361091,49.741684,0.03886332,-0.16326456,-0.98014474,0.10558369,0.12276053,-0.11443604,-0.7577293,0.63061917,-1.0,0
1763545398065,1009.79364,-0.96430755,3.2285159,8.679366,0.08651373,-0.24205516,0.1579849,32.90625,-15.450001,19.050001,46.950733,0.3361091,49.741684,0.03738141,-0.16419277,-0.9800153,0.105890915,0.122067,-0.1160013,-0.75730515,0.6309772,-1.0,0
1763545398090,1009.79364,-0.3924229,3.3780673,9.77468,0.20578507,-0.30573782,0.17295109,32.287502,-14.887501,18.46875,46.950733,0.3361091,49.741684,0.03222394,-0.16765495,-0.9793818,0.10799801,0.11970615,-0.12172525,-0.7555302,0.63247734,-1.0,0
1763545398115,1009.8215,0.28235307,3.4630125,9.917651,0.3749946,-0.24251331,-0.025885396,32.23125,-15.262501,18.0375,46.950733,0.3361091,49.741684,0.029709568,-0.17129914,-0.9787897,0.1083763,0.11961431,-0.12616834,-0.75491375,0.63236004,-1.0,0
1763545398140,1009.8498,0.36670008,3.650251,9.483355,0.15080725,-0.15515965,-0.19402592,32.79375,-16.706251,18.675001,46.950733,0.3361091,49.741684,0.026635962,-0.17658766,-0.9782486,0.10553457,0.11995674,-0.13229907,-0.75616884,0.6295364,-1.0,0
1763545398167,1009.8498,0.20937198,3.735196,9.645468,-0.17737986,0.041691523,-0.3830886,31.66875,-16.44375,19.706251,46.950733,0.3361091,49.741684,0.027386377,-0.17482518,-0.97891307,0.10205436,0.11960704,-0.13041477,-0.7586433,0.6270139,-1.0,0
1763545398191,1009.88934,-1.2598212,3.7878382,10.859227,-0.42798713,0.17684536,-0.4408153,32.71875,-16.331251,18.806252,46.950733,0.3361091,49.741684,0.029932009,-0.17079554,-0.9799796,0.09784124,0.119500235,-0.12564526,-0.7618408,0.6241246,-1.0,0
1763545398216,1009.88934,-0.7082755,3.6849468,11.011171,-0.4482984,-0.060322896,-0.3606393,33.768753,-16.987501,19.35,46.950733,0.3361091,49.741684,0.032145698,-0.1664325,-0.9810327,0.0940359,0.1189383,-0.12077568,-0.7647691,0.62160695,-1.0,0
1763545398241,1009.9091,-0.086141616,3.804588,11.600404,-0.5606975,-0.13775001,-0.3916407,32.775,-16.087502,18.487501,46.950733,0.3361091,49.741684,0.030636298,-0.1567787,-0.9833282,0.08688174,0.11233251,-0.11357611,-0.770657,0.61690325,-1.0,0
1763545398266,1009.9567,-0.997807,2.4293132,12.86202,-0.2994001,0.25977024,-0.32444555,33.2625,-16.650002,17.53125,46.950733,0.3361091,49.741684,0.032037072,-0.15112714,-0.9844902,0.08311249,0.110342,-0.1081229,-0.77387035,0.614214,-1.0,0
1763545398291,1009.9567,-1.2215359,1.9788643,12.013764,-0.034437504,-0.074067354,-0.07032581,32.2125,-16.7625,18.431252,46.950733,0.3361091,49.741684,0.03476926,-0.14762881,-0.98514915,0.080482766,0.11062597,-0.103754885,-0.7761942,0.61197984,-1.0,0
1763545398316,1009.97186,-0.42652065,1.8646071,11.12483,0.03611738,-0.42073312,0.17004949,34.3125,-15.056251,18.5625,46.950733,0.3361091,49.741684,0.03010149,-0.14723754,-0.98534596,0.08068035,0.10639929,-0.106132805,-0.77694947,0.6113629,-1.0,0
1763545398341,1009.98553,1.0103694,1.8903298,10.596615,-0.023900084,-0.35353798,0.2560287,36.075,-16.48125,17.7,46.950733,0.3361091,49.741684,0.026087927,-0.147037,-0.9853242,0.082667746,0.10287556,-0.108245626,-0.7762138,0.61252886,-1.0,0
1763545398366,1009.98553,1.7234305,2.626123,9.666406,0.0009926553,0.18463388,-0.010613776,35.8125,-14.887501,17.625,46.950733,0.3361091,49.741684,0.024874177,-0.14636768,-0.9853335,0.08411752,0.101428725,-0.108417876,-0.77578974,0.6132765,-1.0,0
1763545398391,1009.9653,1.1647065,2.8277183,8.776874,0.11384992,0.20784675,-0.10529782,33.7125,-16.48125,19.03125,46.950733,0.3361091,49.741684,0.026117625,-0.1461587,-0.98530996,0.08437637,0.10230712,-0.10759997,-0.77587855,0.61316234,-1.0,0
1763545398416,1009.9108,0.8344969,2.8474588,7.880761,0.23083054,0.16004658,-0.15157083,35.193752,-16.462502,19.181252,46.950733,0.3361091,49.741684,0.029591264,-0.1492128,-0.98491347,0.082489185,0.10686719,-0.10825681,-0.7767081,0.6112155,-1.0,0
1763545398441,1009.9108,0.6987042,2.885744,6.3828545,0.37621635,0.13744457,-0.2945132,34.425003,-17.175001,20.681252,46.950733,0.3361091,49.741684,0.031134892,-0.15232007,-0.98453856,0.08068192,0.10987295,-0.10999458,-0.777358,0.60954386,-1.0,0
1763545398467,1009.8432,0.57846487,3.0448668,6.056234,0.3664425,0.14034618,-0.42142034,34.85625,-15.88125,19.650002,46.950733,0.3361091,49.741684,0.032937333,-0.155889,-0.98413944,0.07801688,0.11335829,-0.11196456,-0.7784043,0.6072072,-1.0,0
1763545398493,1009.8432,0.10827523,3.2440693,6.169295,0.3117701,0.11117739,-0.5258782,35.175003,-17.831251,20.493752,46.950733,0.3361091,49.741684,0.0369311,-0.16235004,-0.9836064,0.06924798,0.12031028,-0.115095295,-0.7824817,0.60000074,-1.0,0
1763545398518,1009.7934,-1.1886346,3.295515,6.774679,0.081015944,0.22495095,-0.32169667,37.6875,-17.94375,18.54375,46.950733,0.3361091,49.741684,0.039173275,-0.16435166,-0.9835003,0.06469842,0.12332587,-0.11548424,-0.7846824,0.5964291,-1.0,0
1763545398543,1009.78094,-1.2610176,3.5760734,7.298109,-0.04619665,0.23793183,-0.12805253,37.706253,-18.45,19.800001,46.950733,0.3361091,49.741684,0.042047843,-0.16506694,-0.9834343,0.061938144,0.12616013,-0.1144504,-0.7859392,0.59437716,-1.0,0
1763545398568,1009.78094,-1.0277174,3.8697925,8.29472,-0.1051451,0.20250167,0.00068722287,36.375,-19.2,19.518751,46.950733,0.3361091,49.741684,0.04468899,-0.1646532,-0.98344225,0.061085306,0.12817848,-0.11259716,-0.78618133,0.593979,-1.0,0
1763545398593,1009.7858,-1.0713863,3.9170506,9.459426,-0.0297033,0.14966187,0.088651754,36.46875,-18.91875,17.325,46.950733,0.3361091,49.741684,0.04802652,-0.1636059,-0.98337334,0.06252348,0.13045305,-0.10979647,-0.78494257,0.5956441,-1.0,0
1763545398618,1009.8212,-1.372882,4.356732,10.454841,0.25282165,0.092087865,0.4218785,37.3125,-18.975,18.7875,46.950733,0.3361091,49.741684,0.049022645,-0.16496621,-0.98293847,0.064881146,0.1320536,-0.1103588,-0.7831851,0.597498,-1.0,0
1763545398643,1009.8212,-0.63170516,4.6731825,10.460224,0.2683987,0.034208428,0.46967867,36.45,-19.6875,18.300001,46.950733,0.3361091,49.741684,0.049312696,-0.17055635,-0.9813795,0.07327066,0.1354398,-0.11479291,-0.7769637,0.60399175,-1.0,0
1763545398668,1009.861,0.15553348,4.566104,10.395618,0.17172936,0.0368046,0.33498296,36.15,-18.225,18.862501,46.950733,0.3361091,49.741684,0.049047984,-0.17251478,-0.98080605,0.07647177,0.1363197,-0.11655099,-0.774627,0.60645354,-1.0,0
1763545398693,1009.861,0.032901313,4.5242295,10.842478,-0.32994333,0.25152358,-0.0040469794,37.612503,-19.6875,19.10625,46.950733,0.3361091,49.741684,0.04981587,-0.17213385,-0.98069876,0.0782485,0.13675827,-0.11579596,-0.7734963,0.6079407,-1.0,0
1763545398719,1009.90155,-0.11365908,4.089334,11.685947,-0.57154036,0.03970621,-0.14256057,36.24375,-19.10625,20.456251,46.950733,0.3361091,49.741684,0.051729634,-0.16899082,-0.9811002,0.078840606,0.13662359,-0.11210536,-0.7734418,0.60873157,-1.0,0
1763545398744,1009.9399,-0.62871414,3.266801,13.2819605,-0.608345,-0.160352,-0.18135048,36.037502,-18.862501,18.6,46.950733,0.3361091,49.741684,0.049853392,-0.15761732,-0.9832889,0.076236896,0.12872103,-0.103728145,-0.7769731,0.60744065,-1.0,0
1763545398769,1009.9399,-1.8430717,1.4991034,12.239287,0.3340667,0.43539387,0.15737404,35.268753,-20.325,20.15625,46.950733,0.3361091,49.741684,0.051145382,-0.15499207,-0.98366475,0.07589309,0.12825558,-0.10094084,-0.7780181,0.6066706,-1.0,0
1763545398794,1009.9775,-2.1164517,2.774478,9.952946,0.52343476,-0.0025961753,0.3684278,37.143753,-20.60625,18.75,46.950733,0.3361091,49.741684,0.055378012,-0.15723659,-0.9829318,0.07782813,0.13291919,-0.10061067,-0.7769635,0.6070731,-1.0,0
1763545398820,1009.9323,-0.738784,3.458227,8.876176,0.3171152,-0.64171344,0.32230753,36.24375,-19.837502,19.875,46.950733,0.3361091,49.741684,0.049259078,-0.16581169,-0.98143876,0.08281704,0.13250986,-0.11118041,-0.7731596,0.6101674,-1.0,0
1763545398845,1009.9323,0.025722843,2.5836504,9.777073,-0.27313292,-0.058032155,-0.22502731,37.5,-22.331251,20.34375,46.950733,0.3361091,49.741684,0.04298594,-0.16592254,-0.9817836,0.08200209,0.12732801,-0.114741445,-0.7739454,0.609615,-1.0,0
1763545398871,1009.92303,-1.2418749,2.4388845,9.71486,-0.2532798,0.3602575,-0.21662793,35.90625,-20.118752,19.931252,46.950733,0.3361091,49.741684,0.04235912,-0.16315171,-0.9824469,0.07992567,0.12523368,-0.11282384,-0.7758794,0.6079461,-1.0,0
1763545398896,1009.8984,-1.8281165,2.4849463,9.268599,-0.068035066,0.31093016,-0.05184715,37.4625,-21.206251,18.900002,46.950733,0.3361091,49.741684,0.049208876,-0.15906467,-0.9829143,0.0784821,0.12863663,-0.10571476,-0.77742064,0.60654277,-1.0,0
1763545398921,1009.8984,-1.6109679,2.589034,8.609376,0.1740201,0.033902995,0.099341884,37.162502,-19.612501,19.9125,46.950733,0.3361091,49.741684,0.04975598,-0.16060944,-0.98256534,0.07933997,0.12993711,-0.10671168,-0.7766966,0.6070184,-1.0,0
1763545398947,1009.8498,-1.2131611,3.013162,7.0731835,0.31574073,-0.2698495,0.24503313,38.943752,-20.41875,17.925001,46.950733,0.3361091,49.741684,0.048031796,-0.16385032,-0.98201174,0.08061078,0.13027762,-0.110370964,-0.77555597,0.60774904,-1.0,0
1763545398973,1009.8498,-1.1156535,3.161517,6.799206,0.20807582,-0.11026109,0.28565565,36.24375,-21.956251,20.925001,46.950733,0.3361091,49.741684,0.04436588,-0.16956249,-0.9808693,0.08472603,0.13040507,-0.11710766,-0.77210206,0.6108509,-1.0,0
1763545398998,1009.81195,-0.83988076,3.2584262,7.128817,0.14683662,0.061544627,0.30749404,36.05625,-20.737501,20.41875,46.950733,0.3361091,49.741684,0.044698954,-0.17117558,-0.98031473,0.08765422,0.13159917,-0.1182402,-0.7698847,0.6131708,-1.0,0
1763545399023,1009.79,-0.6538388,3.5443685,7.5050883,0.21800236,-0.15668681,0.17982332,37.40625,-22.837502,19.612501,46.950733,0.3361091,49.741684,0.04457286,-0.17324933,-0.97974545,0.09000333,0.13265559,-0.120018505,-0.7680134,0.61494184,-1.0,0
1763545399048,1009.79,-0.8679964,3.5162528,7.9657063,0.23388486,-0.14110976,0.155236,37.48125,-22.96875,21.9375,46.950733,0.3361091,49.741684,0.04175773,-0.17820917,-0.9787484,0.09245003,0.13308276,-0.12566331,-0.76562387,0.61669916,-1.0,0
1763545399073,1009.7829,-1.0737791,3.3373895,8.307282,0.29252788,-0.028710645,0.20028728,37.331253,-21.6,21.09375,46.950733,0.3361091,49.741684,0.04155186,-0.18110187,-0.97806466,0.09414423,0.13451026,-0.12818538,-0.7640972,0.61776286,-1.0,0
1763545399098,1009.7939,-0.54257256,3.6137605,8.717052,0.41317368,0.022754714,0.32704175,36.525,-22.800001,20.643751,46.950733,0.3361091,49.741684,0.041878555,-0.18451978,-0.97714895,0.09683154,0.13666391,-0.13086034,-0.7618675,0.6194808,-1.0,0
1763545399123,1009.7939,-0.18245272,3.9134614,8.8014,0.42050403,-0.06856957,0.23296855,37.800003,-23.6625,20.7,46.950733,0.3361091,49.741684,0.04196606,-0.1885311,-0.97608435,0.09977596,0.13893954,-0.13416739,-0.7593942,0.6213013,-1.0,0
1763545399149,1009.811,-0.11964113,4.179663,8.827123,0.33040148,-0.1404989,0.101327196,36.28125,-24.69375,20.925001,46.950733,0.3361091,49.741684,0.04002533,-0.19608693,-0.9744178,0.102260396,0.14148442,-0.14154255,-0.7566396,0.6224503,-1.0,0
1763545399175,1009.811,-0.55034924,4.476373,8.989835,-0.043905906,0.10262528,-0.13629921,34.96875,-23.831251,21.46875,46.950733,0.3361091,49.741684,0.039688136,-0.19771394,-0.9741504,0.10181286,0.14210288,-0.14308283,-0.7566493,0.62194526,-1.0,0
1763545399200,1009.841,-1.0157533,4.9716873,9.442677,-0.21097742,0.037415467,-0.22930336,36.99375,-25.3875,22.425001,46.950733,0.3361091,49.741684,0.040899307,-0.19727124,-0.9743005,0.10073848,0.14288548,-0.14202993,-0.7572981,0.62121725,-1.0,0
1763545399226,1009.8598,-1.1006985,5.1140604,10.148559,-0.3296379,-0.26816964,-0.3154353,36.506252,-25.66875,21.4125,46.950733,0.3361091,49.741684,0.039564367,-0.19258496,-0.97583675,0.09531886,0.13927233,-0.13877183,-0.76119345,0.618005,-1.0,0
1763545399251,1009.8598,-0.7645068,4.7222357,10.869397,-0.5266418,-0.4424188,-0.36460993,36.45,-24.562502,21.056252,46.950733,0.3361091,49.741684,0.03571081,-0.1879968,-0.97727,0.091228835,0.13354808,-0.1370513,-0.7645496,0.6155045,-1.0,0
1763545399277,1009.9001,0.046660043,3.7292142,14.114662,-0.5510764,0.14874557,-0.384463,37.125,-24.750002,22.3875,46.950733,0.3361091,49.741684,0.032856308,-0.18129835,-0.9789691,0.08756459,0.12745133,-0.13305977,-0.7680777,0.6132764,-1.0,0
1763545399303,1009.9694,-0.52941203,2.7589245,14.109279,0.03932442,0.4488329,-0.41103563,37.518753,-25.06875,20.493752,46.950733,0.3361091,49.741684,0.03913954,-0.17489427,-0.9804466,0.08125492,0.12895592,-0.12446024,-0.7737745,0.60757965,-1.0,0
1763545399329,1009.9694,-0.97926265,2.6350958,9.644272,0.6480512,-0.2600757,-0.058872093,37.0125,-25.368752,21.337502,46.950733,0.3361091,49.741684,0.041919753,-0.17947993,-0.97969323,0.07890446,0.13368997,-0.12687577,-0.77497244,0.60452235,-1.0,0
1763545399354,1009.95624,0.62452674,2.5226333,8.550752,0.3992765,-0.36132652,-0.020540329,39.131252,-25.781252,21.0,46.950733,0.3361091,49.741684,0.040201068,-0.1854501,-0.9787591,0.07758517,0.13546349,-0.132882,-0.77524835,0.60247993,-1.0,0
1763545399379,1009.9235,1.7389839,2.4951158,8.209774,0.028328855,-0.17944153,-0.15676318,38.23125,-26.493752,22.518751,46.950733,0.3361091,49.741684,0.03507871,-0.18945843,-0.9783994,0.07490891,0.13322002,-0.13920264,-0.77712554,0.5991252,-1.0,0
1763545399404,1009.9235,1.7665013,2.818147,8.596813,-0.2598466,0.023823727,-0.3267363,38.943752,-27.4125,20.94375,46.950733,0.3361091,49.741684,0.035171296,-0.18677332,-0.9791248,0.072073504,0.13176201,-0.13696721,-0.7795623,0.5967926,-1.0,0
1763545399430,1009.9047,0.65982085,3.1118658,8.926425,-0.27985242,0.20540328,-0.52542007,38.643753,-28.2,21.487501,46.950733,0.3361091,49.741684,0.036445666,-0.18309864,-0.9800517,0.06816794,0.13075349,-0.13325492,-0.7827493,0.59367514,-1.0,0
1763545399455,1009.9047,-0.2835495,3.225525,8.580064,-0.0655916,0.29764387,-0.46143198,39.05625,-26.79375,21.993752,46.950733,0.3361091,49.741684,0.04223872,-0.17906354,-0.9811031,0.059922725,0.13333999,-0.12676057,-0.78838235,0.58703107,-1.0,0
1763545399481,1009.8798,-0.80817586,3.199204,7.6307116,0.19891284,0.2751946,-0.33070692,39.881252,-27.581251,24.112501,46.950733,0.3361091,49.741684,0.04556795,-0.18068211,-0.9808211,0.05717323,0.13702027,-0.12628485,-0.78961444,0.5846252,-1.0,0
1763545399506,1009.82294,-1.0977074,3.6574295,5.4687963,0.32001677,-0.048716467,-0.124234624,40.29375,-27.281252,21.581251,46.950733,0.3361091,49.741684,0.047700938,-0.1839836,-0.98020643,0.055408895,0.14064847,-0.12784104,-0.78990096,0.5830362,-1.0,0
1763545399531,1009.82294,-0.9457632,3.8775692,5.2737813,0.11873684,-0.21181737,-0.1277471,40.050003,-28.425001,21.975,46.950733,0.3361091,49.741684,0.046251617,-0.1888349,-0.97952026,0.052295126,0.14225481,-0.13252054,-0.7903233,0.5810257,-1.0,0
1763545399556,1009.7587,-1.0229317,3.8321054,6.072386,-0.12851068,-0.17241658,-0.12866339,39.73125,-28.462502,23.400002,46.950733,0.3361091,49.741684,0.044937734,-0.18799387,-0.9798272,0.050796654,0.14077505,-0.13245136,-0.79104334,0.5804218,-1.0,0
1763545399581,1009.7519,-1.2406785,3.8195431,8.320442,-0.11843141,0.15363249,0.062995434,40.3125,-28.406252,23.79375,46.950733,0.3361091,49.741684,0.04548618,-0.18610194,-0.98017067,0.050487697,0.14024793,-0.13051413,-0.79127544,0.5806718,-1.0,0
1763545399606,1009.7519,-1.3686945,4.1162534,8.801998,0.073685564,0.06108648,0.18104506,40.350002,-27.656252,22.368752,46.950733,0.3361091,49.741684,0.046915177,-0.18504909,-0.9802662,0.05138348,0.1408957,-0.12881137,-0.7907043,0.5816724,-1.0,0
1763545399631,1009.77216,-1.1850454,4.2275195,8.895916,0.22670719,-0.0810923,0.28076872,39.037502,-29.04375,23.04375,46.950733,0.3361091,49.741684,0.04636878,-0.1883673,-0.9794279,0.055520255,0.14231789,-0.1318263,-0.78749496,0.584995,-1.0,0
1763545399657,1009.7956,-0.8781659,4.7210393,9.142377,0.123471044,0.0051923506,0.3540725,38.98125,-29.2875,23.38125,46.950733,0.3361091,49.741684,0.044956647,-0.19096634,-0.97882915,0.058403086,0.14258836,-0.13474996,-0.7853105,0.5871954,-1.0,0
1763545399682,1009.7956,-0.45762733,4.6672006,9.801002,-0.03046688,0.16065744,0.29222244,39.28125,-29.156252,24.562502,46.950733,0.3361091,49.741684,0.044516563,-0.19249469,-0.97834784,0.061692625,0.14311266,-0.13621464,-0.78287774,0.58997184,-1.0,0
1763545399707,1009.8293,-0.16450655,4.517649,10.552946,-0.15630503,0.27763805,0.18593197,39.675003,-29.456251,22.5375,46.950733,0.3361091,49.741684,0.04750469,-0.19090691,-0.978154,0.06715243,0.14472762,-0.13325232,-0.77974474,0.594387,-1.0,0
1763545399733,1009.8293,-0.37447673,4.3615174,11.254043,-0.24152066,0.37659815,0.10270164,40.21875,-30.300001,24.375002,46.950733,0.3361091,49.741684,0.050561607,-0.18840681,-0.97836137,0.06896357,0.14586562,-0.12952527,-0.77909505,0.59578294,-1.0,0
1763545399759,1009.88324,-0.92602235,4.516453,11.61835,-0.270384,0.20540328,0.21097742,40.48125,-30.50625,23.587502,46.950733,0.3361091,49.741684,0.054418437,-0.18581161,-0.978494,0.07115495,0.14762081,-0.12528121,-0.77818215,0.597449,-1.0,0
1763545399784,1009.9255,-0.465404,4.182654,12.100504,-0.3079522,-0.014355322,0.19494222,40.162502,-28.556252,22.893751,46.950733,0.3361091,49.741684,0.05496292,-0.18034284,-0.9791469,0.07567306,0.14504445,-0.12044329,-0.776365,0.60142577,-1.0,0
1763545399809,1009.9255,-0.76749784,3.4504502,12.496516,-0.09063706,0.22281294,0.14607304,41.25,-28.931252,22.95,46.950733,0.3361091,49.741684,0.056613036,-0.1791399,-0.9791303,0.07751071,0.14568241,-0.11862861,-0.775743,0.6024339,-1.0,0
1763545399835,1009.9655,-2.4281168,3.226123,9.066405,0.2627482,-0.07880156,0.34674212,38.737503,-30.431252,23.456251,46.950733,0.3361091,49.741684,0.059928596,-0.18066512,-0.9784624,0.07987252,0.14920537,-0.11819087,-0.7743257,0.6034802,-1.0,0
1763545399861,1009.9389,-1.5056837,3.234498,8.306684,-0.013209951,-0.58016884,0.40080366,39.3375,-29.5125,24.73125,46.950733,0.3361091,49.741684,0.05322865,-0.18375939,-0.9778015,0.08546535,0.1452553,-0.124505684,-0.77092516,0.60751426,-1.0,0
1763545399887,1009.9389,-0.2105684,2.914458,9.203394,-0.3588067,-0.5221367,0.28229588,41.0625,-29.081251,23.456251,46.950733,0.3361091,49.741684,0.047461137,-0.18083961,-0.9784706,0.08738964,0.13878445,-0.12527764,-0.77065915,0.6092035,-1.0,0
1763545399912,1009.9362,-0.90329057,2.541776,10.240683,-0.32337654,0.34941465,0.0193186,39.65625,-29.475,23.625,46.950733,0.3361091,49.741684,0.046710234,-0.1761784,-0.9792591,0.08847723,0.13551453,-0.121887594,-0.7711633,0.60998887,-1.0,0
1763545399937,1009.9299,-1.7006987,2.7116663,9.436694,-0.084070265,0.2414443,0.12820524,39.84375,-30.075,23.325,46.950733,0.3361091,49.741684,0.051841408,-0.17134887,-0.97962904,0.091007575,0.137035,-0.11519226,-0.77077883,0.61143446,-1.0,0
1763545399962,1009.9299,-1.6462619,2.7397819,8.375478,0.075670876,-0.027641632,0.26030475,40.631252,-28.25625,23.90625,46.950733,0.3361091,49.741684,0.05147398,-0.17208391,-0.9792995,0.09332784,0.13709693,-0.11604689,-0.7694065,0.6129855,-1.0,0
1763545399987,1009.90106,-0.43010986,3.106482,7.512865,0.03825541,-0.023060145,0.34536767,39.73125,-27.73125,23.212502,46.950733,0.3361091,49.741684,0.049677905,-0.17314437,-0.9789226,0.09624762,0.13615257,-0.117937915,-0.76759505,0.6151024,-1.0,0
1763545400012,1009.90106,-0.06520442,3.254837,7.4805617,0.058719378,0.15851942,0.26656613,38.4375,-29.737501,24.375002,46.950733,0.3361091,49.741684,0.048944756,-0.17375118,-0.9785323,0.0994533,0.13585651,-0.11886131,-0.7655845,0.6174912,-1.0,0
1763545400037,1009.8671,-0.3397808,3.5102708,7.1688967,0.11003202,0.170584,0.14958552,39.506252,-28.0125,24.487501,46.950733,0.3361091,49.741684,0.051379256,-0.17548887,-0.9776332,0.10389984,0.13883184,-0.119004056,-0.7624748,0.6206416,-1.0,0
1763545400062,1009.8239,-0.8111669,3.7483566,6.9415784,0.108963005,0.017867794,0.05291616,39.318752,-29.531252,25.81875,46.950733,0.3361091,49.741684,0.05164678,-0.17676294,-0.97733915,0.10436541,0.13979986,-0.1198693,-0.7617241,0.6211793,-1.0,0
1763545400087,1009.8239,-1.3752748,3.4767714,7.72463,0.083764836,-0.04214967,0.023900084,40.0125,-28.44375,23.831251,46.950733,0.3361091,49.741684,0.051039457,-0.17775875,-0.97721994,0.10411231,0.13985774,-0.121008165,-0.7616418,0.62104636,-1.0,0
1763545400112,1009.80707,-1.247857,3.5497525,8.193025,0.14989094,0.013744458,0.08681916,41.662502,-28.9125,24.768751,46.950733,0.3361091,49.741684,0.051232778,-0.18021505,-0.97667396,0.104906134,0.14136414,-0.1229571,-0.76073873,0.62142926,-1.0,0
1763545400137,1009.811,-0.7304091,3.8069808,8.605786,0.22930336,-0.0019853106,0.082848534,39.91875,-29.475,26.212502,46.950733,0.3361091,49.741684,0.051383786,-0.1825056,-0.97617096,0.10555483,0.14273532,-0.12480064,-0.75999576,0.6216574,-1.0,0
1763545400162,1009.811,-0.74416786,3.4761732,9.067601,0.41134107,-0.027947064,-0.008170316,40.66875,-30.13125,25.25625,46.950733,0.3361091,49.741684,0.051721063,-0.18569423,-0.9755499,0.1055712,0.14473763,-0.1273123,-0.75957423,0.6212001,-1.0,0
1763545400187,1009.8217,-0.7848458,3.359523,9.010772,0.3673588,-0.15958843,0.058872093,38.90625,-30.937502,25.48125,46.950733,0.3361091,49.741684,0.05189928,-0.18954864,-0.9748346,0.10523452,0.14695244,-0.13048847,-0.75934726,0.6202979,-1.0,0
1763545400212,1009.8217,-0.3684947,3.621537,9.129815,0.21876594,-0.17592905,0.09124792,39.45,-29.643751,25.650002,46.950733,0.3361091,49.741684,0.0490871,-0.19530085,-0.9737922,0.10572177,0.14763615,-0.13695082,-0.75865954,0.61958355,-1.0,0
1763545400238,1009.83563,-0.76570326,4.946563,9.909277,-0.15493058,-0.14126249,0.049861837,38.100002,-29.775002,26.268751,46.950733,0.3361091,49.741684,0.048273597,-0.19564818,-0.9737166,0.10614349,0.14711492,-0.13771626,-0.75849575,0.61973834,-1.0,0
1763545400264,1009.85345,-0.1896312,5.0823555,11.052447,-0.24732387,-0.3996583,0.035048366,38.49375,-29.250002,26.5125,46.950733,0.3361091,49.741684,0.046758074,-0.19451433,-0.973989,0.106404915,0.14523122,-0.13758667,-0.7585601,0.6201325,-1.0,0
1763545400290,1009.85345,0.86919284,4.7772703,12.150155,-0.27145302,-0.54534954,-0.060704686,38.60625,-30.112501,26.85,46.950733,0.3361091,49.741684,0.03710796,-0.19075328,-0.97533417,0.104681894,0.13504001,-0.13974282,-0.7608515,0.61914545,-1.0,0
1763545400316,1009.892,0.09272188,4.1228333,12.572489,-0.122707464,0.14446951,-0.3746892,41.193752,-30.975,27.712502,46.950733,0.3361091,49.741684,0.0342178,-0.18870409,-0.97611,0.10211435,0.131424,-0.13967068,-0.76323736,0.6169996,-1.0,0
1763545400342,1009.9499,-1.2753744,3.5126636,11.676376,0.04619665,0.2535089,-0.29313874,39.28125,-29.550001,28.44375,46.950733,0.3361091,49.741684,0.035907783,-0.18711184,-0.9766849,0.09893285,0.13188738,-0.1374987,-0.76584077,0.6141561,-1.0,0
1763545400368,1009.9499,-1.4853446,3.1609187,10.576276,0.18776456,-0.09682207,-0.040240716,40.48125,-30.281252,26.212502,46.950733,0.3361091,49.741684,0.038553845,-0.18847644,-0.9766239,0.095890716,0.1346904,-0.1373619,-0.76815605,0.61067706,-1.0,0
1763545400393,1009.9333,1.7312071,2.9030921,9.502497,0.040088,-0.42699447,0.067118764,40.8375,-30.000002,26.456251,46.950733,0.3361091,49.741684,0.03400439,-0.19036059,-0.9763981,0.09618443,0.13180628,-0.1414942,-0.7681788,0.61033416,-1.0,0
1763545400418,1009.9306,2.3946173,2.922833,9.145369,-0.11339177,-0.12950334,-0.15187626,39.5625,-31.0125,28.81875,46.950733,0.3361091,49.741684,0.029486338,-0.19097045,-0.9764342,0.09611028,0.12823407,-0.14455165,-0.76870006,0.6097221,-1.0,0
1763545400444,1009.9306,1.838286,3.1292138,8.797213,-0.21616977,0.080176,-0.32276568,39.24375,-30.54375,27.581251,46.950733,0.3361091,49.741684,0.028391287,-0.18758722,-0.9775256,0.0919033,0.12527436,-0.14248313,-0.7727775,0.6056565,-1.0,0
1763545400469,1009.9201,1.0283155,3.3128629,8.39821,-0.22701262,0.11102467,-0.39545858,39.65625,-28.500002,27.112501,46.950733,0.3361091,49.741684,0.02959856,-0.18524766,-0.978251,0.08851116,0.12496421,-0.13991657,-0.7754831,0.6028543,-1.0,0
1763545400494,1009.9201,0.044865426,3.3732817,7.6534433,-0.022831071,0.037568185,-0.33467755,39.45,-29.41875,28.275002,46.950733,0.3361091,49.741684,0.030691119,-0.18362351,-0.97882414,0.0851168,0.124970585,-0.13799222,-0.7779555,0.6001048,-1.0,0
1763545400519,1009.88104,-0.23988047,3.4193435,7.391429,0.15737404,-0.0029016077,-0.2748128,39.412502,-30.4125,28.031252,46.950733,0.3361091,49.741684,0.03209978,-0.18488099,-0.979021,0.079396114,0.1268,-0.13832296,-0.78136384,0.5951966,-1.0,0
1763545400544,1009.84344,-0.29790643,3.4570305,6.856633,0.29604036,-0.014966187,-0.22518003,40.875,-30.393751,28.48125,46.950733,0.3361091,49.741684,0.03261065,-0.18776579,-0.9786367,0.07714293,0.12878561,-0.1404767,-0.78225994,0.5930851,-1.0,0
1763545400570,1009.84344,0.010767702,3.7507496,6.318846,0.24793474,-0.032833982,-0.23861906,41.4,-29.325,26.6625,46.950733,0.3361091,49.741684,0.032799903,-0.1909293,-0.9781911,0.074893095,0.13066381,-0.1430277,-0.78305316,0.5910142,-1.0,0
1763545400595,1009.7902,0.032901313,3.8177485,6.5371914,0.12866339,-0.009010255,-0.23907721,39.75,-30.13125,28.44375,46.950733,0.3361091,49.741684,0.033072412,-0.19348028,-0.977861,0.070212185,0.13339071,-0.14596772,-0.78505814,0.5870128,-1.0,0
1763545400620,1009.7902,0.011964113,3.9511483,7.219146,0.06055197,0.064140804,-0.21067199,40.3875,-30.562502,28.706251,46.950733,0.3361091,49.741684,0.03444122,-0.19557236,-0.97770065,0.06834259,0.13459268,-0.14601162,-0.78600615,0.5854569,-1.0,0
1763545400645,1009.7946,-0.49172506,4.213761,8.500503,0.1042288,0.13316852,-0.14103341,41.362503,-30.093752,28.425001,46.950733,0.3361091,49.741684,0.035992987,-0.19632718,-0.97759813,0.06677849,0.1363418,-0.1457768,-0.78662676,0.58427596,-1.0,0
1763545400670,1009.81805,-0.8243274,4.4428735,8.969496,0.13217586,0.19303326,-0.061926417,41.60625,-31.050001,28.593752,46.950733,0.3361091,49.741684,0.037590858,-0.19732201,-0.97741383,0.0656643,0.1382154,-0.14575875,-0.7871069,0.5831927,-1.0,0
1763545400695,1009.81805,-1.2472588,4.7515473,9.307482,0.13629921,0.20967934,0.03138318,40.706253,-31.050001,30.393751,46.950733,0.3361091,49.741684,0.041839182,-0.19986424,-0.9767017,0.06600054,0.14316845,-0.14559907,-0.7863076,0.5831159,-1.0,0
1763545400720,1009.85297,-0.7471589,4.688736,10.265807,-0.0067958706,0.065667965,0.12148573,41.90625,-30.281252,29.456251,46.950733,0.3361091,49.741684,0.04298788,-0.2008384,-0.9763604,0.06734277,0.14467579,-0.1457841,-0.7852371,0.5841392,-1.0,0
1763545400745,1009.9008,-0.8919246,4.5822554,10.766505,-0.155236,0.21044292,0.083612114,40.74375,-30.281252,28.650002,46.950733,0.3361091,49.741684,0.043426562,-0.2008592,-0.97624993,0.06860721,0.14504088,-0.1455795,-0.78452116,0.5850609,-1.0,0
1763545400770,1009.9008,-1.7437695,4.6642094,11.249856,-0.25648686,0.4647154,0.1995237,42.09375,-29.38125,28.29375,46.950733,0.3361091,49.741684,0.049160924,-0.19659126,-0.97654945,0.07271242,0.14749056,-0.13896556,-0.7828562,0.5882782,-1.0,0
1763545400795,1009.9379,-1.8634106,5.027919,11.632708,-0.2625955,0.39614582,0.44112074,41.475002,-29.456251,29.75625,46.950733,0.3361091,49.741684,0.052150067,-0.19404,-0.9765192,0.07768824,0.14861946,-0.13521661,-0.78019387,0.59239024,-1.0,0
1763545400821,1009.9709,0.41994038,4.1808596,12.946367,0.027107125,-0.037568185,0.33819002,41.9625,-27.900002,27.618752,46.950733,0.3361091,49.741684,0.050741185,-0.1923538,-0.97653604,0.08249145,0.14648509,-0.13459827,-0.7777819,0.59622204,-1.0,0
1763545400846,1009.9709,-0.53359944,3.431906,11.472986,0.3617083,0.25900668,0.18883358,41.737503,-29.79375,27.581251,46.950733,0.3361091,49.741684,0.051643703,-0.19555038,-0.9753887,0.08779903,0.14874238,-0.13705027,-0.7749485,0.59878856,-1.0,0
1763545400871,1009.92084,-2.0153549,3.7489548,9.082557,0.4344012,0.033902995,0.2212094,41.41875,-29.831251,28.087502,46.950733,0.3361091,49.741684,0.052163545,-0.19957338,-0.9743771,0.0896637,0.1512945,-0.14021587,-0.7733072,0.59953773,-1.0,0
1763545400896,1009.91815,-0.8709874,3.3936207,7.870592,-0.38476846,-0.71425366,0.23357943,40.518753,-29.812502,30.0375,46.950733,0.3361091,49.741684,0.047268905,-0.20144166,-0.9741008,0.09120025,0.14818317,-0.14441156,-0.77220154,0.60074276,-1.0,0
1763545400921,1009.91815,0.16390835,2.8115666,9.205189,-0.73189235,-0.26251915,0.024205517,40.59375,-30.16875,29.587502,46.950733,0.3361091,49.741684,0.039959192,-0.19858293,-0.97492725,0.09212654,0.1404715,-0.14594373,-0.77244866,0.60190636,-1.0,0
1763545400947,1009.91595,-0.2656033,2.400001,10.0349,-0.7558688,0.23900084,-0.18028148,40.48125,-28.575,29.343752,46.950733,0.3361091,49.741684,0.03846699,-0.18403593,-0.9779249,0.09116994,0.13120355,-0.1346649,-0.77633333,0.6016291,-1.0,0
1763545400972,1009.91595,-2.0321047,2.6117659,8.851051,-0.16302454,0.14462224,-0.008628465,41.79375,-28.781252,27.375002,46.950733,0.3361091,49.741684,0.04200236,-0.17872731,-0.9788375,0.090397246,0.13124497,-0.12838355,-0.7779539,0.6008994,-1.0,0
1763545400997,1009.86884,-1.9040886,2.7308087,7.7425756,0.0012980876,-0.12538,0.1598175,41.2125,-27.993752,28.462502,46.950733,0.3361091,49.741684,0.043579668,-0.17680587,-0.9791018,0.09055174,0.13149044,-0.12597534,-0.77836585,0.60082203,-1.0,0
1763545401022,1009.8461,-1.6755741,2.8677979,7.3166533,0.005574141,-0.16859868,0.30428702,40.40625,-27.562502,28.368752,46.950733,0.3361091,49.741684,0.040720146,-0.17718469,-0.9788059,0.0942786,0.12923642,-0.12786877,-0.7763166,0.6035562,-1.0,0
1763545401048,1009.8461,-0.4325027,3.1669009,7.565507,0.069867656,0.034208428,0.45517063,42.6375,-28.087502,29.1,46.950733,0.3361091,49.741684,0.04027478,-0.17735025,-0.9783943,0.0983236,0.12893294,-0.12826349,-0.7738817,0.6066563,-1.0,0
1763545401073,1009.8256,-0.10887343,3.5186458,7.585248,0.18837543,-0.102778,0.37697992,39.84375,-28.125002,28.931252,46.950733,0.3361091,49.741684,0.039948948,-0.17819381,-0.9778112,0.10264466,0.12908927,-0.12917013,-0.77116954,0.6098759,-1.0,0
1763545401099,1009.81683,-0.2620141,3.7010984,7.4709907,0.23953535,-0.2243401,0.28229588,39.84375,-28.143751,29.400002,46.950733,0.3361091,49.741684,0.03612418,-0.18310733,-0.97645795,0.108151264,0.12847583,-0.13537805,-0.7671297,0.6137416,-1.0,0
1763545401123,1009.81683,-0.4671986,3.7298124,7.7976108,0.21907139,-0.18432845,0.24732387,39.956253,-28.987501,29.437502,46.950733,0.3361091,49.741684,0.034256812,-0.18560696,-0.9758396,0.11006506,0.1282385,-0.13848585,-0.76556873,0.6150456,-1.0,0
1763545401149,1009.8317,-0.14656039,3.7393837,8.765508,0.36201373,0.0377209,0.18303037,37.631252,-29.60625,30.16875,46.950733,0.3361091,49.741684,0.033820506,-0.1882042,-0.97512543,0.112100035,0.1292391,-0.14093219,-0.76396537,0.61627287,-1.0,0
1763545401174,1009.8317,-0.1692922,4.004389,8.933005,0.44249517,-0.09300416,0.12056944,40.875,-26.8875,26.587502,46.950733,0.3361091,49.741684,0.03421131,-0.19164805,-0.97424644,0.11378066,0.13137649,-0.14366469,-0.7624726,0.61703825,-1.0,0
1763545401199,1009.84467,-0.12502499,3.9924245,9.031111,0.47609273,-0.23121232,0.01687514,40.0875,-28.368752,29.681252,46.950733,0.3361091,49.741684,0.031915043,-0.20076117,-0.9724421,0.11416146,0.1342461,-0.15264863,-0.7609967,0.6160847,-1.0,0
1763545401224,1009.88275,-0.00059820566,4.1222353,9.132208,0.03733911,-0.26160285,-0.16470441,39.975002,-27.50625,29.343752,46.950733,0.3361091,49.741684,0.029285131,-0.20441115,-0.9719439,0.11261686,0.1339789,-0.15713438,-0.7613795,0.6145403,-1.0,0
1763545401250,1009.88275,0.23509483,4.1228333,9.951151,-0.20960298,0.14446951,-0.29023713,38.831253,-28.85625,28.931252,46.950733,0.3361091,49.741684,0.027197996,-0.20503186,-0.97211385,0.11053997,0.13251254,-0.15880215,-0.76276135,0.6127132,-1.0,0
1763545401275,1009.90643,-0.5072784,4.470989,10.512866,-0.2700786,0.3743074,-0.3994292,41.98125,-26.925001,29.56875,46.950733,0.3361091,49.741684,0.032829177,-0.19973472,-0.9736304,0.10522808,0.13434307,-0.15140548,-0.76728594,0.6085233,-1.0,0
1763545401300,1009.9277,-0.9098708,4.7365923,10.488938,-0.38369945,-0.2554942,-0.24961463,42.131252,-28.406252,29.475,46.950733,0.3361091,49.741684,0.035035815,-0.1968797,-0.9744399,0.10236649,0.13466424,-0.14783308,-0.76958597,0.60642254,-1.0,0
1763545401325,1009.9277,0.05682954,4.712664,11.56511,-0.55535245,-0.31184646,-0.22548546,40.18125,-28.48125,30.91875,46.950733,0.3361091,49.741684,0.032929376,-0.1934944,-0.9754757,0.09961319,0.13106957,-0.14609993,-0.77196056,0.6046093,-1.0,0
1763545401350,1009.9836,0.5210371,4.3064823,12.864412,-0.49991646,0.15073088,-0.27191117,40.706253,-28.9125,29.6625,46.950733,0.3361091,49.741684,0.031091519,-0.18350242,-0.97792614,0.094977684,0.12408918,-0.13871443,-0.7769218,0.60145885,-1.0,0
1763545401375,1009.9836,0.09212367,3.6921253,12.996616,-0.13828452,0.43401942,-0.27343833,41.68125,-28.556252,28.612501,46.950733,0.3361091,49.741684,0.03533642,-0.1814429,-0.9783347,0.09324374,0.12647498,-0.13481154,-0.7786738,0.5995807,-1.0,0
1763545401400,1009.9792,-0.12622139,3.1429725,10.199407,0.33574656,-0.4741838,-0.04253146,42.300003,-27.525002,30.187502,46.950733,0.3361091,49.741684,0.036485884,-0.18338978,-0.97807544,0.091686994,0.12838435,-0.13594283,-0.77972364,0.5975517,-1.0,0
1763545401425,1009.97797,1.1240284,2.8307092,9.625728,0.21189372,-0.43905905,0.0075594517,40.7625,-27.91875,29.437502,46.950733,0.3361091,49.741684,0.03235793,-0.18674602,-0.9777117,0.09032403,0.12658915,-0.14105432,-0.7804905,0.59442526,-1.0,0
1763545401450,1009.97797,2.0027926,2.8881369,9.263813,0.07475458,-0.093309596,-0.114308074,40.875,-28.031252,30.35625,46.950733,0.3361091,49.741684,0.026978632,-0.18950365,-0.97751576,0.08844657,0.12326108,-0.14644527,-0.78227234,0.5927989,-1.0,0
1763545401476,1009.9482,1.4883357,3.2081769,8.068,-0.0045051277,0.04886918,-0.41210467,41.53125,-28.462502,29.550001,46.950733,0.3361091,49.741684,0.027978877,-0.1893414,-0.9777366,0.08601532,0.123918235,-0.14586718,-0.78417283,0.59028804,-1.0,0
1763545401502,1009.9035,0.7686943,3.2769706,7.5589266,0.004657844,-0.093309596,-0.45150542,43.050003,-28.181252,29.98125,46.950733,0.3361091,49.741684,0.028734306,-0.18915348,-0.978069,0.08231749,0.124387294,-0.14537023,-0.7867051,0.5869331,-1.0,0
1763545401527,1009.9035,0.23988047,3.2626138,7.2329044,0.04741838,-0.15714496,-0.40339983,43.21875,-28.050001,30.112501,46.950733,0.3361091,49.741684,0.027557865,-0.18974426,-0.97866267,0.07385839,0.123620294,-0.14656195,-0.79200125,0.5796307,-1.0,0
1763545401553,1009.86224,0.18843478,3.3661032,6.658029,0.09277509,-0.20204352,-0.3662898,43.4625,-27.6375,29.1375,46.950733,0.3361091,49.741684,0.02644422,-0.19080289,-0.9787601,0.07014881,0.12321414,-0.14806557,-0.79412055,0.57642645,-1.0,0
1763545401578,1009.832,0.24227329,3.3044882,6.8949184,0.04741838,-0.18982624,-0.42737627,42.9375,-28.06875,28.593752,46.950733,0.3361091,49.741684,0.025199486,-0.19186641,-0.9788537,0.06630531,0.12270781,-0.14963481,-0.7962706,0.5731538,-1.0,0
1763545401606,1009.832,-0.22253251,3.1842487,7.286743,0.008323032,-0.108886644,-0.44524407,43.18125,-27.656252,28.406252,46.950733,0.3361091,49.741684,0.024126971,-0.19246475,-0.97905195,0.061922625,0.12209553,-0.1507229,-0.7988168,0.5694445,-1.0,0
1763545401631,1009.8349,-1.2466606,3.3918262,8.183454,0.0077121677,0.15210533,-0.087888174,43.912502,-28.218752,30.056252,46.950733,0.3361091,49.741684,0.024664765,-0.19219078,-0.97953284,0.054447602,0.12236119,-0.15024509,-0.8033501,0.56310105,-1.0,0
1763545401656,1009.8349,-1.0444671,3.818945,8.555537,0.1579849,0.22174391,0.12011129,44.193752,-27.562502,29.831251,46.950733,0.3361091,49.741684,0.026511729,-0.19215427,-0.97953314,0.05383965,0.12389282,-0.14925253,-0.80372924,0.56248873,-1.0,0
1763545401682,1009.82294,-0.5772685,4.246662,8.419147,0.32841617,0.17837252,0.24961463,45.018753,-28.593752,29.343752,46.950733,0.3361091,49.741684,0.030165778,-0.19679847,-0.97827053,0.057883084,0.12943484,-0.15128157,-0.80057365,0.56519234,-1.0,0
1763545401708,1009.8232,0.02632105,4.936991,8.221141,0.25801402,-0.04444041,0.21571162,44.850002,-27.993752,29.79375,46.950733,0.3361091,49.741684,0.030231332,-0.20068724,-0.97732216,0.06041235,0.13155434,-0.15454082,-0.7983914,0.56690544,-1.0,0
1763545401734,1009.8232,0.22073789,5.028517,8.88455,0.047571093,0.06887501,0.12041672,42.28125,-29.868752,29.23125,46.950733,0.3361091,49.741684,0.029485026,-0.20351133,-0.9766455,0.062306102,0.13243556,-0.15731126,-0.796721,0.56828666,-1.0,0
1763545401759,1009.8598,0.41934216,4.8341,9.720243,-0.1390481,0.3187187,-0.029245151,44.15625,-29.19375,30.54375,46.950733,0.3361091,49.741684,0.032620043,-0.20290183,-0.9765538,0.064035855,0.1347821,-0.15513662,-0.79572,0.5697333,-1.0,0
1763545401784,1009.884,-0.17647067,4.750351,10.406385,-0.24686573,0.5094612,-0.15829034,43.575,-29.00625,31.66875,46.950733,0.3361091,49.741684,0.037444774,-0.20028691,-0.9769466,0.06365355,0.13746785,-0.15039892,-0.79637784,0.56944275,-1.0,0
1763545401809,1009.884,-2.0697916,5.0105705,10.880164,-0.25908303,0.41141742,0.012599086,44.8125,-28.987501,28.9125,46.950733,0.3361091,49.741684,0.042762645,-0.19737434,-0.97734034,0.063448854,0.14046481,-0.14510241,-0.7967507,0.56956404,-1.0,0
1763545401835,1009.89325,-1.7790636,4.9926243,10.914262,-0.3003164,0.098654665,0.13996439,43.575,-27.018751,30.16875,46.950733,0.3361091,49.741684,0.04752973,-0.19200902,-0.9780173,0.06597446,0.14170259,-0.13801101,-0.79591954,0.572176,-1.0,0
1763545401860,1009.9189,-0.66699934,3.6083765,11.973086,-0.24228424,-0.06811142,0.16500984,44.49375,-27.54375,29.79375,46.950733,0.3361091,49.741684,0.045815617,-0.18872297,-0.9786225,0.06772009,0.13848923,-0.1361471,-0.7956058,0.57384336,-1.0,0
1763545401885,1009.9189,-1.3106686,2.9300113,11.159527,0.055817768,0.067195125,0.14240785,44.15625,-27.806252,29.081251,46.950733,0.3361091,49.741684,0.044678003,-0.18632926,-0.9790222,0.06926498,0.13617949,-0.13479611,-0.7954785,0.5748905,-1.0,0
1763545401911,1009.8842,-2.3521447,3.0412776,9.475577,0.20929754,-0.16416991,0.25816673,43.18125,-26.906252,28.518751,46.950733,0.3361091,49.741684,0.04362511,-0.18843548,-0.9784223,0.07265224,0.13623212,-0.13730219,-0.79386526,0.57651263,-1.0,0
1763545401936,1009.8842,-2.347359,3.3517463,8.282157,0.03046688,-0.55115277,0.40462157,42.09375,-27.0375,30.487501,46.950733,0.3361091,49.741684,0.038199037,-0.18921009,-0.9782964,0.07534092,0.13202421,-0.1408163,-0.7923473,0.5787281,-1.0,0
1763545401961,1009.8659,-0.14895321,2.7152555,9.492926,-0.53809553,-0.46517354,0.30581418,42.54375,-27.112501,29.212502,46.950733,0.3361091,49.741684,0.03108448,-0.18678081,-0.97878873,0.07824259,0.12467759,-0.14250866,-0.791312,0.58135366,-1.0,0
1763545401986,1009.86005,-0.07597212,2.4275186,10.175478,-0.5497019,-0.20891576,0.20532693,41.68125,-26.325,29.250002,46.950733,0.3361091,49.741684,0.025734622,-0.18195063,-0.97967327,0.08044776,0.11751665,-0.14127328,-0.79119664,0.58330053,-1.0,0
1763545402011,1009.86005,-0.25004998,2.440081,10.279566,-0.39622217,0.04138609,0.20746495,42.65625,-25.85625,28.968752,46.950733,0.3361091,49.741684,0.02261938,-0.17260216,-0.9811179,0.08429236,0.109754354,-0.13511886,-0.791269,0.58616567,-1.0,0
1763545402036,1009.84174,-0.24107689,2.8259234,8.83131,-0.03459022,0.27550003,0.32139122,43.3875,-26.00625,26.737501,46.950733,0.3361091,49.741684,0.02404168,-0.17033477,-0.98122793,0.08718615,0.109696686,-0.13250858,-0.7902007,0.58821,-1.0,0
1763545402061,1009.799,-0.08255238,3.1118658,7.978867,0.05535962,0.2771799,0.34490952,43.912502,-25.593752,27.112501,46.950733,0.3361091,49.741684,0.026110189,-0.16973035,-0.9809625,0.09069069,0.11108664,-0.13095734,-0.78838927,0.5907219,-1.0,0
1763545402087,1009.799,0.13220344,3.293122,7.5936227,0.12286018,0.2423606,0.34643668,41.90625,-27.4125,28.518751,46.950733,0.3361091,49.741684,0.029985687,-0.17127903,-0.97987056,0.09806464,0.11515665,-0.13028674,-0.7837977,0.5961758,-1.0,0
1763545402112,1009.77094,0.49471608,3.4719856,7.3842506,0.2154062,0.20799945,0.2777144,41.98125,-26.400002,27.225,46.950733,0.3361091,49.741684,0.031560216,-0.17337288,-0.97915334,0.10100756,0.11758228,-0.13125804,-0.7817002,0.59823954,-1.0,0
1763545402137,1009.7575,-0.119042926,4.226921,6.8691955,0.09460768,0.13545926,-0.009544762,42.206253,-26.75625,27.525002,46.950733,0.3361091,49.741684,0.033063244,-0.17575842,-0.97853374,0.10241357,0.12012048,-0.13249622,-0.7803922,0.59916925,-1.0,0
1763545402162,1009.7575,-0.4139583,4.0588255,7.6067834,-0.06788235,0.14966187,-0.041920595,43.18125,-27.656252,27.7875,46.950733,0.3361091,49.741684,0.035910375,-0.17640625,-0.97831655,0.10240717,0.12296765,-0.13148272,-0.77983904,0.5995351,-1.0,0
1763545402187,1009.7736,-0.41156548,3.912265,8.851649,-0.051236283,0.20784675,-0.008628465,42.16875,-26.268751,27.0375,46.950733,0.3361091,49.741684,0.03787548,-0.17587109,-0.97831,0.10269219,0.12436362,-0.12999555,-0.7796733,0.599787,-1.0,0
1763545402212,1009.7736,0.083748795,4.0127635,9.810573,0.3835467,0.07299834,-0.03886627,43.050003,-26.79375,28.368752,46.950733,0.3361091,49.741684,0.03959418,-0.17716081,-0.97797245,0.10302807,0.12648451,-0.13021278,-0.7792977,0.59978443,-1.0,0
1763545402237,1009.79584,0.29312077,3.9110687,9.366106,0.48647743,-0.060781047,-0.14072797,41.8875,-27.431252,29.2875,46.950733,0.3361091,49.741684,0.04061399,-0.18540524,-0.9766079,0.101072304,0.13160704,-0.13676281,-0.7794294,0.59704715,-1.0,0
1763545402262,1009.8151,0.3804588,3.6687953,8.7266245,0.3737729,-0.13805544,-0.25938845,41.925003,-27.91875,29.775002,46.950733,0.3361091,49.741684,0.03995544,-0.18900995,-0.9762282,0.09827236,0.13289127,-0.1402181,-0.7807438,0.59423727,-1.0,0
1763545402287,1009.8151,-0.37686956,3.746562,8.742776,-0.33956447,0.06597339,-0.497473,42.9,-28.312502,28.312502,46.950733,0.3361091,49.741684,0.039882004,-0.18926387,-0.9765565,0.094482735,0.13292404,-0.14050815,-0.7831616,0.59097093,-1.0,0
1763545402312,1009.83685,-1.0289137,3.973282,9.872188,-0.49258608,-0.025809037,-0.53931725,43.800003,-26.60625,29.962502,46.950733,0.3361091,49.741684,0.041046076,-0.18587327,-0.9775771,0.09005282,0.13212125,-0.13703145,-0.7864465,0.5875953,-1.0,0
1763545402337,1009.873,-1.5020944,3.991228,10.721042,-0.53656834,-0.3593412,-0.5167152,45.7125,-27.525002,27.656252,46.950733,0.3361091,49.741684,0.03871403,-0.17605701,-0.9803798,0.0797364,0.12497455,-0.12990876,-0.79435855,0.5800858,-1.0,0
1763545402362,1009.873,-1.6480566,3.9188452,11.86182,-0.58574295,-0.4405862,-0.33681557,43.537502,-26.625002,28.143751,46.950733,0.3361091,49.741684,0.034939192,-0.17063537,-0.98177856,0.075953536,0.11890269,-0.12727717,-0.7976241,0.5774586,-1.0,0
1763545402387,1009.90936,-0.4833502,3.418147,13.608581,0.30428702,0.22678354,0.102854356,45.375,-26.41875,26.081251,46.950733,0.3361091,49.741684,0.034263138,-0.16713236,-0.98246646,0.075201355,0.116475604,-0.12466166,-0.79869646,0.5770415,-1.0,0
1763545402412,1009.90936,0.26859435,3.275176,11.029716,0.85330176,-0.043218683,0.10102176,44.23125,-26.062502,28.66875,46.950733,0.3361091,49.741684,0.03633953,-0.17744435,-0.9804361,0.077052385,0.123426765,-0.13256297,-0.79688644,0.57633746,-1.0,0
1763545402437,1009.89105,1.5104693,3.359523,8.414361,0.676151,-0.8281799,-0.055206906,44.23125,-26.812502,28.3875,46.950733,0.3361091,49.741684,0.028739605,-0.18442656,-0.9795641,0.07493666,0.12050389,-0.14254095,-0.7975275,0.5736818,-1.0,0
1763545402462,1009.9167,2.3042881,2.4065814,9.361918,-0.7599921,-0.14278965,-0.7491493,43.55625,-27.243752,28.031252,46.950733,0.3361091,49.741684,0.020131895,-0.1842425,-0.98020476,0.06964804,0.1129834,-0.14691918,-0.8011116,0.56909555,-1.0,0
1763545402487,1009.9167,0.44805604,2.0434706,10.853844,-0.9258419,0.559094,-0.84856755,44.4375,-27.281252,27.7875,46.950733,0.3361091,49.741684,0.018942319,-0.17685996,-0.98205835,0.06257446,0.10800089,-0.1413305,-0.8068906,0.56328416,-1.0,0
1763545402512,1009.9128,-1.5487545,2.2474587,11.453844,-0.5173261,0.66355187,-0.5923098,45.600002,-26.6625,26.85,46.950733,0.3361091,49.741684,0.031902466,-0.16137242,-0.9850395,0.051220536,0.11081668,-0.12156843,-0.8163482,0.55363923,-1.0,0
1763545402537,1009.8776,-1.6139588,3.2219357,8.963513,0.45898852,-0.10445788,0.100869045,46.068752,-26.475,26.94375,46.950733,0.3361091,49.741684,0.03561947,-0.16147085,-0.9849798,0.049731262,0.113996476,-0.11977638,-0.8172961,0.55198324,-1.0,0
1763545402563,1009.8776,-0.5796613,3.6197424,7.6199436,0.6278926,-0.1754709,0.20777038,45.9,-27.375002,27.018751,46.950733,0.3361091,49.741684,0.035003796,-0.16585872,-0.98423964,0.050300226,0.11572561,-0.12386353,-0.8164326,0.55199933,-1.0,0
1763545402587,1009.8437,0.25962126,4.004987,6.689734,0.5953641,0.050396346,0.13110685,44.550003,-26.75625,27.281252,46.950733,0.3361091,49.741684,0.03388008,-0.17810981,-0.9820028,0.052927583,0.121124946,-0.1349061,-0.8130457,0.55325025,-1.0,0
1763545402612,1009.8437,0.4528417,4.2556353,6.1100726,0.48479757,0.26557347,-0.038560838,45.862503,-26.643751,29.2875,46.950733,0.3361091,49.741684,0.036532465,-0.18298662,-0.9810118,0.0529135,0.12595332,-0.1376749,-0.81206024,0.55293715,-1.0,0
1763545402637,1009.80414,-0.48454657,4.0151563,6.1938214,0.2438114,-0.0108428495,-0.2325104,46.256252,-28.35,28.725,46.950733,0.3361091,49.741684,0.0389145,-0.18657847,-0.98032105,0.051364195,0.12989953,-0.1394712,-0.8120832,0.5515386,-1.0,0
1763545402662,1009.79486,-0.8470592,3.7800615,6.672984,0.19631667,-0.07803798,-0.14026983,46.2,-28.612501,29.362501,46.950733,0.3361091,49.741684,0.03936206,-0.18917978,-0.97992605,0.049057595,0.1316765,-0.14142014,-0.81275195,0.54963255,-1.0,0
1763545402687,1009.79486,-0.91106725,3.8608193,7.092326,0.16210824,-0.021074835,0.0074067353,48.750004,-27.712502,27.35625,46.950733,0.3361091,49.741684,0.03905827,-0.19302656,-0.9792673,0.04744246,0.13346131,-0.14482017,-0.81282943,0.54820025,-1.0,0
1763545402712,1009.7961,-0.4564309,4.3878384,8.182257,0.20303617,0.1404989,0.1268308,47.287502,-26.98125,27.468752,46.950733,0.3361091,49.741684,0.039717745,-0.19474922,-0.9788448,0.048559785,0.13494046,-0.14593093,-0.8118054,0.5490602,-1.0,0
1763545402738,1009.7961,-0.70348984,4.5714874,8.596215,0.27633995,0.120034926,0.13797908,47.90625,-27.431252,28.968752,46.950733,0.3361091,49.741684,0.04089482,-0.19686605,-0.9783026,0.049954586,0.13705708,-0.14711893,-0.8105716,0.55004096,-1.0,0
1763545402763,1009.80707,-1.0175478,4.8029933,8.730213,0.3013854,0.016340632,0.18089233,46.275,-27.581251,28.06875,46.950733,0.3361091,49.741684,0.041976213,-0.20278455,-0.9768863,0.0529788,0.14108387,-0.15158841,-0.80767435,0.5520674,-1.0,0
1763545402788,1009.8293,-0.48394838,5.2737813,9.226126,-0.011988222,0.030237807,0.09078978,47.325,-26.737501,27.750002,46.950733,0.3361091,49.741684,0.041388314,-0.20498292,-0.9763644,0.05466202,0.14175662,-0.15373932,-0.80622315,0.5534198,-1.0,0
1763545402813,1009.8293,-0.16570297,4.9734817,9.677772,-0.27145302,0.14660755,-0.10713041,47.34375,-28.85625,28.031252,46.950733,0.3361091,49.741684,0.04150217,-0.20516834,-0.9762629,0.05558812,0.14197993,-0.15381278,-0.80555594,0.55431306,-1.0,0
1763545402838,1009.86835,-0.5820541,4.6468616,10.053444,-0.54130256,0.26480988,-0.26702428,46.5,-27.075,29.718752,46.950733,0.3361091,49.741684,0.045508113,-0.19743943,-0.97780603,0.05325037,0.14137438,-0.14514427,-0.80815494,0.55302083,-1.0,0
1763545402863,1009.9123,-1.3543376,4.302295,10.561919,-0.769766,0.16676609,-0.29817837,45.881252,-27.375002,28.10625,46.950733,0.3361091,49.741684,0.04734582,-0.18997756,-0.97931343,0.05107049,0.13905533,-0.13782908,-0.81064075,0.55184084,-1.0,0
1763545402888,1009.9123,-1.6271194,3.132803,13.205988,-0.7575487,-0.2083049,-0.058261227,48.206253,-27.50625,27.393751,46.950733,0.3361091,49.741684,0.045725953,-0.18122952,-0.9811463,0.04916319,0.13308516,-0.1312377,-0.81338775,0.55087686,-1.0,0
1763545402913,1009.95844,-1.8634106,2.5196424,13.15873,-0.28596106,0.12705988,0.14332415,48.018753,-26.175001,28.725,46.950733,0.3361091,49.741684,0.043637782,-0.17375058,-0.98262435,0.048537828,0.12733561,-0.12601252,-0.8153494,0.55055594,-1.0,0
1763545402938,1009.93353,-2.178665,2.676372,11.171491,0.11827869,0.17409647,0.4004982,47.04375,-26.643751,27.937502,46.950733,0.3361091,49.741684,0.04598123,-0.17128877,-0.9826599,0.05414214,0.12789671,-0.122867346,-0.8132322,0.5542558,-1.0,0
1763545402963,1009.93353,-0.5180461,3.5180476,8.653643,-0.081779525,-0.42500916,0.4586831,47.5125,-26.587502,27.581251,46.950733,0.3361091,49.741684,0.042874973,-0.17304431,-0.9822224,0.058810532,0.1261248,-0.12599629,-0.8105362,0.55789655,-1.0,0
1763545402988,1009.9196,-0.3182454,3.3008988,8.711669,-0.3314705,-0.102778,0.2775617,48.393753,-26.625002,26.868752,46.950733,0.3361091,49.741684,0.03809429,-0.17276825,-0.9822422,0.062472217,0.12187639,-0.12824242,-0.80871695,0.56096077,-1.0,0
1763545403013,1009.9196,-0.9553344,3.0005996,8.898309,-0.37896523,0.1424842,0.20532693,46.331253,-26.587502,28.1625,46.950733,0.3361091,49.741684,0.03725644,-0.16620922,-0.98308086,0.067366004,0.11771807,-0.12310974,-0.8071484,0.5652414,-1.0,0
1763545403038,1009.89496,-1.2526426,2.8863423,8.860024,-0.21937682,0.059253883,0.22594361,46.893753,-25.3875,25.875002,46.950733,0.3361091,49.741684,0.037499614,-0.16410835,-0.98326576,0.06964815,0.11681848,-0.1212073,-0.8062369,0.56713694,-1.0,0
1763545403063,1009.8515,-1.1270195,2.7684958,7.4123664,-0.021303909,-0.21487169,0.24320054,46.66875,-26.531252,25.968752,46.950733,0.3361091,49.741684,0.03615275,-0.16377303,-0.98322934,0.071616374,0.11546805,-0.1216381,-0.8053028,0.5686464,-1.0,0
1763545403088,1009.8515,-0.9822537,2.8085756,7.37109,-0.093233235,-0.194255,0.2738965,48.018753,-26.400002,25.500002,46.950733,0.3361091,49.741684,0.033908866,-0.16381672,-0.983159,0.073555134,0.11355856,-0.12284235,-0.8042878,0.5702064,-1.0,0
1763545403113,1009.82733,-0.4851448,2.6338995,7.877172,-0.08575014,-0.080634154,0.29726207,46.331253,-25.312502,25.143751,46.950733,0.3361091,49.741684,0.03054736,-0.16254838,-0.9830932,0.07854786,0.1100034,-0.12350891,-0.80175483,0.57431173,-1.0,0
1763545403138,1009.80927,0.29312077,2.8540392,7.900502,0.17524183,0.052381653,0.13309216,45.35625,-25.687502,26.6625,46.950733,0.3361091,49.741684,0.030246262,-0.16293004,-0.9828471,0.08096272,0.10989594,-0.12403146,-0.800509,0.5759553,-1.0,0
1763545403163,1009.80927,0.016749758,3.0478578,7.622935,0.24213153,0.019394957,0.031077746,45.24375,-27.69375,26.79375,46.950733,0.3361091,49.741684,0.030524299,-0.16460568,-0.9824453,0.08228852,0.11095729,-0.1253608,-0.79967296,0.57662493,-1.0,0
1763545403188,1009.8027,-0.21475583,3.1830523,7.6666036,0.24671301,-0.022754714,-0.026954409,47.53125,-26.56875,26.175001,46.950733,0.3361091,49.741684,0.030777838,-0.16943352,-0.98162556,0.08219938,0.11362729,-0.12939791,-0.79916656,0.57591474,-1.0,0
1763545403214,1009.8027,-0.3379862,3.1549366,8.693723,0.18776456,-0.16630794,-0.074449144,46.7625,-27.4125,27.075,46.950733,0.3361091,49.741684,0.030239666,-0.17165779,-0.9813244,0.08140662,0.114289366,-0.1316002,-0.79940915,0.57494724,-1.0,0
1763545403239,1009.81635,-0.033499517,3.298506,9.384052,0.20044,-0.15485422,-0.13019055,47.775,-24.675001,26.19375,46.950733,0.3361091,49.741684,0.028955637,-0.17354569,-0.9811141,0.08036492,0.114128865,-0.13390721,-0.79990363,0.5737575,-1.0,0
1763545403264,1009.8349,0.17407785,3.359523,9.449855,0.17004949,-0.14660755,-0.27924156,45.9375,-26.38125,27.88125,46.950733,0.3361091,49.741684,0.026928708,-0.17709704,-0.980892,0.075903006,0.11411983,-0.13807689,-0.8024159,0.5692453,-1.0,0
1763545403289,1009.8349,0.16630118,3.3918262,9.442677,-0.012751802,-0.13713914,-0.43195775,49.237503,-26.156252,25.968752,46.950733,0.3361091,49.741684,0.026251812,-0.17694229,-0.98126215,0.07159869,0.11340943,-0.13833311,-0.8051506,0.56545097,-1.0,0
1763545403314,1009.8737,-0.97926265,3.5641093,10.776076,-0.4663189,0.1802051,-0.5807033,47.86875,-25.781252,24.712502,46.950733,0.3361091,49.741684,0.026978355,-0.17409764,-0.9821073,0.06651029,0.112521194,-0.13556153,-0.8087007,0.5612176,-1.0,0
1763545403339,1009.89886,-1.2364911,3.290131,11.297712,-0.4721221,0.22678354,-0.53794277,48.787502,-25.331251,27.375002,46.950733,0.3361091,49.741684,0.032377183,-0.16442999,-0.98422444,0.056754295,0.112113774,-0.12456274,-0.81586677,0.55342215,-1.0,0
1763545403365,1009.89886,-0.907478,3.214159,11.179866,-0.49594584,0.007177661,-0.508774,50.23125,-24.91875,24.712502,46.950733,0.3361091,49.741684,0.033093344,-0.159406,-0.9852852,0.05206009,0.11010875,-0.11992265,-0.81938636,0.5496368,-1.0,0
1763545403391,1009.9382,-0.5910272,2.6829524,13.289737,-0.7717513,0.004581486,-0.5596285,48.112503,-26.737501,23.962502,46.950733,0.3361091,49.741684,0.03160709,-0.15248902,-0.986695,0.04670248,0.10524207,-0.11478685,-0.8235611,0.5454312,-1.0,0
1763545403417,1009.9672,-1.2610176,1.9244276,13.95853,-0.4256964,0.23548837,-0.3861429,50.268753,-24.150002,22.66875,46.950733,0.3361091,49.741684,0.034729574,-0.1399498,-0.98880565,0.03835746,0.10133997,-0.10257828,-0.8305006,0.5380303,-1.0,0
1763545403443,1009.9672,-1.6456637,1.8466609,13.0875435,0.09078978,0.05421425,-0.0067958706,47.71875,-26.41875,25.218752,46.950733,0.3361091,49.741684,0.035475157,-0.14027622,-0.9887357,0.038286638,0.10205643,-0.10256897,-0.8309551,0.53719425,-1.0,0
1763545403468,1009.9572,1.3124632,2.1427727,9.553943,0.4890736,-0.4101957,0.49579313,49.593754,-24.6,23.23125,46.950733,0.3361091,49.741684,0.03233087,-0.14442629,-0.98812914,0.04118964,0.10138869,-0.107817285,-0.82935125,0.5387692,-1.0,0
1763545403493,1009.9572,2.830111,2.5172493,8.2253275,0.24732387,-0.22266021,0.31467173,49.575,-25.35,23.8875,46.950733,0.3361091,49.741684,0.027597757,-0.14918526,-0.9873876,0.045252826,0.099642545,-0.11440822,-0.82710356,0.54118556,-1.0,0
1763545403519,1009.9323,2.934797,2.9216363,7.518847,-0.1476002,-0.05054906,-0.06314815,49.612503,-25.10625,24.187502,46.950733,0.3361091,49.741684,0.024417453,-0.1516933,-0.9869592,0.04800372,0.09807892,-0.11826916,-0.8258,0.54262996,-1.0,0
1763545403544,1009.9013,-0.1369891,2.7272196,8.55793,-0.48006335,0.24159703,-0.3180315,49.612503,-25.10625,24.187502,46.950733,0.3361091,49.741684,0.023708927,-0.14607331,-0.9879849,0.04456883,0.09452415,-0.11386266,-0.82885504,0.5395366,-1.0,0
1763545403569,1009.9013,-0.9912268,2.5070798,8.827721,-0.15340342,0.30879214,-0.07735075,50.1375,-25.650002,21.525002,46.950733,0.3361091,49.741684,0.026119493,-0.14139938,-0.98871595,0.042008035,0.09420423,-0.10863507,-0.8309161,0.53749645,-1.0,0
1763545403594,1009.8571,-0.9637093,2.533401,7.9920278,0.25709772,0.15118903,0.15187626,50.775,-24.581251,21.862501,46.950733,0.3361091,49.741684,0.03071992,-0.1422168,-0.98841244,0.043261774,0.098552816,-0.107035846,-0.8301754,0.5381816,-1.0,0
1763545403619,1009.8571,-0.40378883,2.7726831,6.7609205,0.45089456,-0.16111559,0.23571745,49.050003,-27.2625,23.118752,46.950733,0.3361091,49.741684,0.02911652,-0.14679612,-0.9877069,0.045145698,0.09949179,-0.1117956,-0.82860947,0.5394529,-1.0,0
1763545403644,1009.8095,0.424726,2.736791,6.4277196,0.22731806,-0.2159407,0.01809687,50.906254,-24.075,21.056252,46.950733,0.3361091,49.741684,0.025580399,-0.15086707,-0.987151,0.046018247,0.09850616,-0.11709724,-0.82768893,0.53992206,-1.0,0
1763545403669,1009.80194,-0.23988047,2.7649066,6.8099732,0.12133302,0.0632245,-0.025427246,50.5875,-26.868752,23.71875,46.950733,0.3361091,49.741684,0.024076652,-0.15457897,-0.98662966,0.04568988,0.09906766,-0.121078216,-0.82750916,0.53921634,-1.0,0
1763545403694,1009.80194,-1.0157533,3.05384,6.9595246,0.036728244,0.24434592,0.07170025,51.075,-25.2,24.0375,46.950733,0.3361091,49.741684,0.026465481,-0.15499905,-0.986455,0.04670443,0.10135402,-0.12021851,-0.8267821,0.54009837,-1.0,0
1763545403719,1009.8029,-0.8662018,3.7190447,8.437691,-0.099341884,-0.043524116,0.37148213,51.225002,-24.54375,22.59375,46.950733,0.3361091,49.741684,0.027873687,-0.1546117,-0.98635656,0.049183793,0.10240766,-0.11914022,-0.8252777,0.54243433,-1.0,0
1763545403745,1009.82635,-0.360718,3.9756749,9.51147,-0.07017309,-0.17837252,0.417297,50.943752,-25.312502,20.962502,46.950733,0.3361091,49.741684,0.027047051,-0.15402669,-0.9862939,0.05265449,0.10142824,-0.119029306,-0.82332534,0.54560035,-1.0,0
1763545403770,1009.82635,-0.08135597,4.369294,10.502697,-0.038408123,-0.15393792,0.43760824,50.30625,-27.000002,21.28125,46.950733,0.3361091,49.741684,0.022579324,-0.15383208,-0.9859958,0.060336333,0.09750452,-0.12110713,-0.8190576,0.5522414,-1.0,0
1763545403795,1009.8923,0.42592242,4.7784667,11.874981,0.055665053,0.17043127,0.30596688,51.093754,-25.181252,22.95,46.950733,0.3361091,49.741684,0.021773806,-0.15419666,-0.9857126,0.064150706,0.097003035,-0.1218246,-0.81684756,0.5554361,-1.0,0
1763545403820,1009.935,0.5724828,4.7485566,11.688938,0.053985175,0.26633704,0.17172936,49.93125,-25.9125,21.712502,46.950733,0.3361091,49.741684,0.022826843,-0.15492018,-0.9853636,0.06733835,0.098277204,-0.12191383,-0.8149299,0.5580035,-1.0,0
1763545403845,1009.935,0.47258246,4.664808,10.89811,-0.07170025,0.22204934,0.022831071,51.2625,-25.050001,22.462502,46.950733,0.3361091,49.741684,0.026763123,-0.15497695,-0.9850715,0.07001337,0.101693735,-0.119968556,-0.81333774,0.5601318,-1.0,0
1763545403870,1009.9626,0.5629115,4.421338,10.606186,-0.40935576,-0.15867212,-0.17722714,52.125004,-25.312502,20.681252,46.950733,0.3361091,49.741684,0.025050392,-0.15144126,-0.9857873,0.068234354,0.09843198,-0.117784776,-0.81482345,0.55901754,-1.0,0
1763545403896,1010.01044,-0.6586244,2.4119651,13.573885,-0.73632115,-0.40698865,-0.5122865,50.343754,-25.48125,19.800001,46.950733,0.3361091,49.741684,0.019884724,-0.14464267,-0.98722184,0.06385444,0.09049467,-0.114575684,-0.8184537,0.55571276,-1.0,0
1763545403921,1010.01044,-1.698904,1.387239,13.287344,-0.47319114,-0.11438443,-0.39881834,50.850002,-24.54375,18.300001,46.950733,0.3361091,49.741684,0.015722804,-0.13244617,-0.98956203,0.05459041,0.08061585,-0.10625551,-0.82571673,0.54809004,-1.0,0
1763545403946,1010.01263,-2.268994,1.2376875,11.993425,-0.3184896,-0.049938194,-0.09674571,50.625004,-24.825,19.575,46.950733,0.3361091,49.741684,0.015662458,-0.12888116,-0.9900893,0.053571068,0.07871259,-0.10324707,-0.82693374,0.547106,-1.0,0
1763545403971,1010.01263,-0.7495517,2.0787647,11.5316105,-0.19876012,-0.11255184,0.2578613,50.325,-24.13125,20.025002,46.950733,0.3361091,49.741684,0.013797938,-0.12560791,-0.99046004,0.0550529,0.07542983,-0.10138007,-0.82659906,0.54842174,-1.0,0
1763545403996,1010.00165,-0.2548356,2.070988,10.8682,0.08620829,0.16294818,0.23220497,51.91875,-22.81875,18.393751,46.950733,0.3361091,49.741684,0.013866091,-0.12414585,-0.9903679,0.05977969,0.07470416,-0.10011815,-0.824379,0.55208224,-1.0,0
1763545404021,1009.94745,-0.53659046,2.0656042,9.236296,0.35056004,0.33001968,0.27160576,51.525,-23.362501,18.9375,46.950733,0.3361091,49.741684,0.016959766,-0.1272222,-0.98974067,0.062717535,0.078914545,-0.101221174,-0.8224375,0.554187,-1.0,0
1763545404046,1009.94745,-1.1485549,2.690131,6.2267227,0.3296379,0.13377939,0.44585493,51.600002,-24.993752,20.25,46.950733,0.3361091,49.741684,0.019805754,-0.13132408,-0.9889094,0.06649404,0.0834576,-0.10331061,-0.819728,0.55714244,-1.0,0
1763545404072,1009.8754,-0.9738788,2.7188447,6.031708,0.15279256,-0.042455103,0.5319869,51.393753,-25.368752,19.06875,46.950733,0.3361091,49.741684,0.020981848,-0.1346493,-0.98813766,0.07081867,0.08617527,-0.105567336,-0.8167577,0.56065696,-1.0,0
1763545404098,1009.8298,-0.10707881,2.4017956,6.77767,0.09048434,-0.10980295,0.57184577,52.406254,-24.656252,20.456251,46.950733,0.3361091,49.741684,0.018587919,-0.13767718,-0.9869801,0.08104926,0.08570183,-0.109342225,-0.8102694,0.5693531,-1.0,0
1763545404123,1009.8298,0.64606214,2.7397819,7.251449,0.28855726,-0.008399391,0.24488042,50.23125,-24.618752,19.7625,46.950733,0.3361091,49.741684,0.017812954,-0.1395732,-0.98635966,0.08540814,0.08595957,-0.11139557,-0.8077007,0.5725571,-1.0,0
1763545404148,1009.80707,-0.030508488,2.8175488,6.916454,0.2483929,-0.08552107,0.07200569,51.375004,-25.3875,20.456251,46.950733,0.3361091,49.741684,0.017447472,-0.1425087,-0.98574454,0.08771608,0.087107524,-0.114129014,-0.80611,0.5740849,-1.0,0
1763545404173,1009.80707,-0.5940182,2.845066,7.3136625,0.09369139,-0.09575305,-0.0041996953,49.95,-26.1375,18.1875,46.950733,0.3361091,49.741684,0.016008534,-0.14626078,-0.9851929,0.08803614,0.087770656,-0.11808777,-0.80543315,0.57413334,-1.0,0
1763545404198,1009.81805,-0.91585284,2.8055844,8.49811,-0.008628465,0.013439025,-0.057344932,52.331253,-25.1625,19.10625,46.950733,0.3361091,49.741684,0.01640846,-0.14621863,-0.98524,0.08747511,0.088092126,-0.117851265,-0.80577123,0.5736581,-1.0,0
1763545404223,1009.84344,-1.0612168,2.9760733,10.583454,0.1372155,0.20662501,-0.09491312,51.562504,-25.237501,19.81875,46.950733,0.3361091,49.741684,0.01831346,-0.14615305,-0.9852633,0.08694946,0.089687765,-0.11684262,-0.8061289,0.5731144,-1.0,0
1763545404250,1009.84344,-1.2975081,3.3589249,11.243276,0.37331474,0.1443168,-0.13797908,53.2125,-25.706251,20.737501,46.950733,0.3361091,49.741684,0.020747472,-0.1471813,-0.9851214,0.0862728,0.09227969,-0.116521455,-0.80648583,0.5722655,-1.0,0
1763545404275,1009.87665,-1.3519448,3.4025939,10.87837,0.52312934,0.04780017,-0.12744166,53.49375,-25.9125,19.03125,46.950733,0.3361091,49.741684,0.024223847,-0.15535073,-0.9840051,0.08372698,0.09936538,-0.12184928,-0.8070095,0.5692231,-1.0,0
1763545404300,1009.915,-0.4325027,3.7471602,10.222736,0.22258386,0.35857764,-0.10651954,53.025,-26.812502,18.675001,46.950733,0.3361091,49.741684,0.025874216,-0.15925105,-0.9834129,0.08286794,0.10273358,-0.12440349,-0.80705017,0.5680137,-1.0,0
1763545404325,1009.915,-0.8039884,4.2125645,10.834701,0.17096578,0.53038335,-0.09078978,53.456253,-26.156252,18.581251,46.950733,0.3361091,49.741684,0.035026316,-0.16236386,-0.9826726,0.08225238,0.11217937,-0.1224935,-0.8068406,0.5669386,-1.0,0
1763545404350,1009.92914,-0.86141616,4.313661,11.011171,0.3314705,0.424551,-0.0184023,53.550003,-26.268751,19.81875,46.950733,0.3361091,49.741684,0.03944517,-0.1652615,-0.981992,0.082611844,0.11745307,-0.1227683,-0.80608743,0.56688255,-1.0,0
1763545404375,1009.92914,1.0438689,4.38066,9.345767,-0.09185879,-0.28344125,-0.13507748,56.268753,-26.625002,19.556252,46.950733,0.3361091,49.741684,0.040247478,-0.1685165,-0.9814055,0.08260481,0.11977675,-0.12518491,-0.80563897,0.5665052,-1.0,0
1763545404400,1009.9472,1.7204394,3.9014974,10.969297,-0.51854783,-0.20295982,-0.3899608,56.98125,-26.6625,19.78125,46.950733,0.3361091,49.741684,0.037419528,-0.16809349,-0.9817271,0.08096088,0.11711503,-0.12625273,-0.8067756,0.56520563,-1.0,0
1763545404425,1009.9924,1.0971092,2.7535408,12.640684,-0.50251263,0.015882485,-0.5985711,56.79375,-25.66875,17.4375,46.950733,0.3361091,49.741684,0.03541325,-0.15814112,-0.9841637,0.07182134,0.11019938,-0.1188227,-0.8142526,0.5574315,-1.0,0
1763545404450,1009.9924,-0.5515456,1.6462619,11.870793,0.108963005,-0.18982624,-0.17646356,56.4,-25.35,18.69375,46.950733,0.3361091,49.741684,0.035359208,-0.15551163,-0.98492646,0.06694463,0.10872739,-0.11667303,-0.81785107,0.5528882,-1.0,0
1763545404475,1009.99677,0.47377887,1.8394824,10.386046,0.29604036,-0.14477496,0.09491312,57.656254,-25.706251,17.493752,46.950733,0.3361091,49.741684,0.03387025,-0.15607473,-0.9850257,0.06493418,0.10762414,-0.11799826,-0.81940764,0.55051297,-1.0,0
1763545404500,1009.9643,1.500898,2.6859434,8.802596,0.2202931,-0.06368265,0.055206906,57.600002,-25.125002,19.800001,46.950733,0.3361091,49.741684,0.031368636,-0.16061558,-0.9843097,0.06599264,0.10757462,-0.12332478,-0.81899035,0.54997593,-1.0,0
1763545404525,1009.9643,1.7318054,3.1657043,8.279764,0.0014508038,-0.07223476,-0.15355614,55.575,-26.437502,19.612501,46.950733,0.3361091,49.741684,0.030408774,-0.16073978,-0.98441577,0.06452326,0.1067769,-0.12393824,-0.8199483,0.5485643,-1.0,0
1763545404551,1009.9333,-0.0017946169,2.6243281,8.720044,0.049709123,0.18875721,-0.35300347,55.706253,-26.550001,19.143751,46.950733,0.3361091,49.741684,0.030466866,-0.159971,-0.9847388,0.0614192,0.10641208,-0.12326952,-0.82191455,0.54583657,-1.0,0
1763545404576,1009.88446,-0.9098708,2.5082762,8.018947,0.25526512,0.30008733,-0.18974987,58.275,-25.406252,19.125,46.950733,0.3361091,49.741684,0.03601126,-0.16229987,-0.98443675,0.0569336,0.11234204,-0.122545674,-0.8240592,0.54156095,-1.0,0
1763545404601,1009.88446,-1.1551352,2.5603201,6.923034,0.38033968,0.2554942,0.028023422,59.062504,-25.725,21.056252,46.950733,0.3361091,49.741684,0.038784992,-0.16577376,-0.98372823,0.0574299,0.11649602,-0.12415217,-0.8231268,0.54173535,-1.0,0
1763545404627,1009.8212,0.17527425,3.0185459,5.9288163,0.270384,0.05131264,0.09995275,57.206253,-24.7875,20.4375,46.950733,0.3361091,49.741684,0.04000658,-0.16932909,-0.9829873,0.05885549,0.11936346,-0.12659067,-0.8216398,0.54280317,-1.0,0
1763545404651,1009.8212,0.29012975,3.1160533,6.096912,0.15905392,0.08261946,-0.005574141,59.9625,-23.625,18.69375,46.950733,0.3361091,49.741684,0.04039407,-0.17210196,-0.98243237,0.059808724,0.1211159,-0.1287698,-0.8205577,0.5435387,-1.0,0
1763545404676,1009.7944,-0.04127619,3.2398818,6.5401826,0.05780308,0.14691298,-0.041462447,58.912502,-25.218752,18.581251,46.950733,0.3361091,49.741684,0.042505637,-0.17442538,-0.98193973,0.05973206,0.12416193,-0.12967117,-0.8199369,0.54357404,-1.0,0
1763545404702,1009.7751,-0.5485546,3.6227336,7.9094753,-0.05459604,0.116980605,0.011377357,59.04375,-24.581251,18.525002,46.950733,0.3361091,49.741684,0.04392433,-0.17436095,-0.98189145,0.059693757,0.12538686,-0.12887608,-0.81979007,0.5437033,-1.0,0
1763545404728,1009.7751,-0.67058855,3.7878382,8.977272,-0.05413789,0.038179047,0.086361006,59.5125,-23.6625,18.73125,46.950733,0.3361091,49.741684,0.044972926,-0.17394914,-0.981895,0.060030177,0.12612048,-0.12796254,-0.81948775,0.5442049,-1.0,0
1763545404754,1009.7995,-0.65324056,3.9918263,10.125827,-0.0026725335,-0.008399391,0.15615231,60.656254,-23.79375,18.46875,46.950733,0.3361091,49.741684,0.04482127,-0.17369124,-0.9817978,0.06241172,0.12589902,-0.1277773,-0.8180448,0.546466,-1.0,0
1763545404779,1009.8493,-0.72502524,4.2352962,10.849058,0.065744326,0.08628465,0.22716534,59.550003,-25.425001,21.768751,46.950733,0.3361091,49.741684,0.045290943,-0.17440423,-0.98150474,0.06468644,0.12667045,-0.12815057,-0.816615,0.5483356,-1.0,0
1763545404804,1009.8493,-0.65264237,4.5936213,10.797014,-0.087888174,0.33887723,0.25358525,60.600002,-24.056252,19.25625,46.950733,0.3361091,49.741684,0.04721991,-0.17495678,-0.9811189,0.06755222,0.12862647,-0.12765147,-0.8148046,0.55068487,-1.0,0
1763545404830,1009.8962,-0.7465607,4.861019,11.1631155,-0.25266895,0.38072148,0.2483929,61.162502,-24.862501,19.25625,46.950733,0.3361091,49.741684,0.052879848,-0.17177811,-0.9809483,0.073716015,0.13197695,-0.12200887,-0.81134,0.5562584,-1.0,0
1763545404855,1009.8962,-0.44626144,4.7952166,11.4496565,-0.34322965,0.26068655,0.19326234,61.162502,-24.13125,19.987501,46.950733,0.3361091,49.741684,0.054689217,-0.16861601,-0.98120934,0.07618351,0.13197882,-0.1183382,-0.8102099,0.55869275,-1.0,0
1763545404880,1009.92523,-0.381057,3.382853,12.832707,-0.46082112,-0.31749696,-0.07246383,59.5125,-22.06875,20.8125,46.950733,0.3361091,49.741684,0.052325167,-0.1646188,-0.981984,0.07662234,0.12792687,-0.11606884,-0.81065786,0.55946094,-1.0,0
1763545404905,1009.9682,-1.5146568,2.5495524,13.361522,-0.18196134,-0.021227552,-0.043600474,60.300003,-21.956251,18.243752,46.950733,0.3361091,49.741684,0.04864175,-0.15814696,-0.98333704,0.0753154,0.12137695,-0.11244601,-0.81305254,0.5581837,-1.0,0
1763545404930,1009.9682,-2.3246272,2.0081763,11.813365,0.21448989,0.16065744,0.17799072,62.025,-22.1625,17.925001,46.950733,0.3361091,49.741684,0.050325144,-0.1596166,-0.98287666,0.07707839,0.12349968,-0.11295123,-0.8121224,0.5589697,-1.0,0
1763545404956,1009.94086,-0.997807,2.929413,8.79123,-0.019776747,-0.4566214,0.36323547,61.068752,-21.018751,18.73125,46.950733,0.3361091,49.741684,0.048645772,-0.1620192,-0.9823212,0.08016526,0.123227715,-0.115894824,-0.81020004,0.56121224,-1.0,0
1763545404982,1009.92255,0.019740786,2.46042,9.189037,-0.22334744,-0.2084576,0.15340342,60.318752,-20.34375,19.06875,46.950733,0.3361091,49.741684,0.043920927,-0.16231361,-0.98227197,0.082864076,0.119295076,-0.11850504,-0.80875796,0.5635919,-1.0,0
1763545405007,1009.92255,-0.41754755,2.1517458,8.98804,-0.27145302,0.20433427,-0.019013166,61.781254,-21.1875,18.0375,46.950733,0.3361091,49.741684,0.043053277,-0.15736859,-0.9829868,0.08436374,0.11599434,-0.1147336,-0.80898815,0.56472975,-1.0,0
1763545405032,1009.8857,-1.8143578,2.134996,7.8580294,-0.12301289,0.12049308,0.10835214,61.95,-21.7875,17.75625,46.950733,0.3361091,49.741684,0.046144634,-0.15471968,-0.9832228,0.08490936,0.117329404,-0.110910825,-0.809002,0.56519765,-1.0,0
1763545405057,1009.8322,-1.7623138,2.050649,7.420143,-0.031841327,-0.19685118,0.25740314,59.79375,-20.15625,18.35625,46.950733,0.3361091,49.741684,0.045350194,-0.15322302,-0.9832004,0.08821943,0.11589937,-0.11000582,-0.80729747,0.5680993,-1.0,0
1763545405082,1009.8322,-1.4147564,2.228316,7.4273214,-0.0040469794,-0.27885976,0.39897105,61.275,-20.118752,17.268751,46.950733,0.3361091,49.741684,0.04237603,-0.15351366,-0.9829832,0.09154435,0.11347763,-0.11173647,-0.80540425,0.57093066,-1.0,0
1763545405108,1009.81146,-0.6975078,2.3389843,7.732406,0.07078396,-0.098960094,0.4541016,61.143753,-19.275002,18.618752,46.950733,0.3361091,49.741684,0.04093424,-0.15439856,-0.9825141,0.09565952,0.11267066,-0.11322489,-0.80294514,0.5742513,-1.0,0
1763545405133,1009.81146,0.16869399,2.78046,7.1270223,0.3418552,0.017867794,0.30673048,60.131252,-19.125,18.712502,46.950733,0.3361091,49.741684,0.041080993,-0.15650612,-0.981782,0.09961828,0.11384559,-0.11498241,-0.80036104,0.5772698,-1.0,0
1763545405159,1009.78046,0.590429,3.0604203,6.9481587,0.41500625,-0.09987639,0.10942116,61.631252,-18.337502,17.587502,46.950733,0.3361091,49.741684,0.040110312,-0.16414563,-0.9802016,0.103202276,0.116840266,-0.12206971,-0.7971326,0.5796783,-1.0,0
1763545405185,1009.76654,0.17048861,3.3876386,6.7316084,0.35712683,-0.13072506,-0.1353829,61.218754,-18.993752,16.893751,46.950733,0.3361091,49.741684,0.039296325,-0.16783497,-0.97977734,0.10160812,0.118012376,-0.12564169,-0.7974164,0.5782857,-1.0,0
1763545405210,1009.76654,-1.8000008,3.2027931,7.7533436,0.08071051,0.15714496,-0.10025818,63.000004,-17.4375,16.78125,46.950733,0.3361091,49.741684,0.039984815,-0.16985624,-0.979633,0.09933681,0.119673446,-0.12699702,-0.79818696,0.5765827,-1.0,0
1763545405235,1009.76874,-1.6307086,3.2673993,8.865408,0.11217005,0.13377939,0.08743002,61.725002,-18.69375,16.987501,46.950733,0.3361091,49.741684,0.04203778,-0.17051423,-0.9795109,0.0985487,0.12182687,-0.12649357,-0.7982643,0.57613516,-1.0,0
1763545405260,1009.7973,-1.0139586,3.5964124,9.270991,0.18425208,-0.07651082,0.115071654,63.80625,-17.85,15.7875,46.950733,0.3361091,49.741684,0.043015286,-0.17332694,-0.9787953,0.100331105,0.124123074,-0.12839793,-0.7965659,0.5775727,-1.0,0
1763545405286,1009.7973,-0.6622137,4.107878,10.189237,-0.1372155,-0.38851,-0.1589012,63.73125,-18.13125,17.6625,46.950733,0.3361091,49.741684,0.040033814,-0.17459247,-0.9787466,0.099849485,0.12220514,-0.13096234,-0.7966451,0.57729656,-1.0,0
1763545405311,1009.85345,-0.97806627,3.9361932,11.236695,-0.36216646,-0.10384701,-0.26702428,63.112503,-17.56875,17.400002,46.950733,0.3361091,49.741684,0.03579325,-0.1702655,-0.9801417,0.09513022,0.11639967,-0.12931609,-0.8000715,0.5741202,-1.0,0
1763545405336,1009.9086,-1.5266209,4.0773697,12.434901,-0.42157304,0.19471315,-0.2248746,63.131252,-14.681251,15.375001,46.950733,0.3361091,49.741684,0.03782729,-0.16592848,-0.9809724,0.093419604,0.11598523,-0.12454185,-0.8016385,0.5730729,-1.0,0
1763545405362,1009.9086,-0.6364908,4.319643,12.167503,-0.25999933,0.0073303776,-0.09674571,62.925003,-14.962501,16.331251,46.950733,0.3361091,49.741684,0.039793927,-0.16284768,-0.98147357,0.09276621,0.1161452,-0.120885275,-0.80237544,0.572792,-1.0,0
1763545405387,1009.94086,0.012562319,4.3645086,11.873784,-0.4502837,-0.17211115,-0.29115343,64.275,-14.08125,15.993751,46.950733,0.3361091,49.741684,0.039855093,-0.16034561,-0.9819609,0.09194618,0.114950314,-0.1186826,-0.8031695,0.5723807,-1.0,0
1763545405412,1009.94086,-0.5796613,3.6664026,13.027124,-0.54893833,-0.09453133,-0.45150542,62.531254,-13.25625,16.59375,46.950733,0.3361091,49.741684,0.037377,-0.15091456,-0.98418367,0.08489839,0.10807502,-0.11176807,-0.8086232,0.56741184,-1.0,0
1763545405437,1009.9941,-2.065006,1.7958134,13.281363,0.19753839,-0.09483676,-0.03092503,65.287506,-11.981251,15.76875,46.950733,0.3361091,49.741684,0.03805876,-0.1476702,-0.9849297,0.081614114,0.10698849,-0.108666286,-0.81116205,0.56458944,-1.0,0
1763545405462,1009.9882,-0.971486,1.2472588,11.56511,0.5483275,-0.37568185,0.3077995,64.950005,-11.512501,15.468751,46.950733,0.3361091,49.741684,0.037667505,-0.1490478,-0.9847841,0.08104007,0.107271016,-0.110122636,-0.81168294,0.56350404,-1.0,0
1763545405487,1009.9882,0.83090764,1.3495519,9.953544,0.6417898,-0.53038335,0.4673879,62.718754,-12.356251,15.431251,46.950733,0.3361091,49.741684,0.028800014,-0.1602203,-0.98284656,0.08665901,0.104973376,-0.12442126,-0.80819905,0.56596315,-1.0,0
1763545405512,1009.9589,2.5788646,1.692922,8.535796,0.47823077,-0.47723812,0.31039566,61.36875,-12.50625,16.368752,46.950733,0.3361091,49.741684,0.023566041,-0.16494893,-0.9820089,0.08885922,0.10267842,-0.13122737,-0.80690074,0.56669897,-1.0,0
1763545405538,1009.92914,2.7702904,2.6536403,7.2987075,-0.14103341,0.22632541,-0.34490952,62.756252,-11.606251,14.45625,46.950733,0.3361091,49.741684,0.021111295,-0.16645917,-0.981829,0.08865365,0.1012112,-0.13383041,-0.8072379,0.5658733,-1.0,0
1763545405562,1009.92914,1.4823537,2.7278178,7.0983086,-0.24457498,0.5039635,-0.5796343,63.225002,-10.06875,13.856251,46.950733,0.3361091,49.741684,0.027942738,-0.16217282,-0.98300314,0.081385754,0.104914114,-0.12678276,-0.81225795,0.5596036,-1.0,0
1763545405587,1009.87054,0.23509483,2.6626134,6.8685975,-0.16577344,0.47204575,-0.5953641,65.568756,-8.56875,14.156251,46.950733,0.3361091,49.741684,0.033040825,-0.16015986,-0.98356247,0.07655123,0.10833592,-0.122500025,-0.81514627,0.555692,-1.0,0
1763545405612,1009.87054,-0.80817586,2.6781666,6.1716876,0.115071654,-0.04886918,-0.34872743,63.581253,-9.65625,14.118751,46.950733,0.3361091,49.741684,0.035702877,-0.15985909,-0.9838526,0.072143145,0.110511266,-0.120900236,-0.8175178,0.55211866,-1.0,0
1763545405637,1009.8056,-0.567099,2.7589245,5.8672013,0.1532507,-0.06963859,-0.23098324,63.675003,-9.150001,15.150001,46.950733,0.3361091,49.741684,0.03597712,-0.16097929,-0.9839059,0.06868937,0.11134013,-0.12170517,-0.819133,0.5493745,-1.0,0
1763545405662,1009.7629,-0.31166515,3.0263224,5.5573306,0.07979421,0.0048869182,-0.199371,64.14375,-7.7250004,13.481251,46.950733,0.3361091,49.741684,0.036311254,-0.16348153,-0.9837704,0.064399235,0.112963006,-0.123629265,-0.8207661,0.54616684,-1.0,0
1763545405687,1009.7629,-0.24945176,3.2715867,5.662615,-0.10361794,0.022601997,-0.21510077,64.725006,-7.55625,15.731251,46.950733,0.3361091,49.741684,0.036795143,-0.16271536,-0.98400986,0.062434997,0.11305776,-0.12267032,-0.8216936,0.5449675,-1.0,0
1763545405713,1009.7558,-0.97507524,3.5647075,8.1637125,-0.35605782,-0.035582874,-0.12744166,62.343754,-7.7812505,14.437501,46.950733,0.3361091,49.741684,0.03694269,-0.16020945,-0.98452836,0.06057099,0.112001486,-0.120364405,-0.82278025,0.5440595,-1.0,0
1763545405738,1009.7966,-1.0360922,3.7250266,9.982856,-0.1995237,0.027641632,-0.01687514,63.468754,-5.175,13.556251,46.950733,0.3361091,49.741684,0.037028432,-0.15522909,-0.98540133,0.05934036,0.10967627,-0.11592316,-0.82373697,0.54405,-1.0,0
1763545405763,1009.7966,-1.0492527,3.9308095,11.053644,0.15279256,0.12202024,0.06666062,61.575,-6.5062504,14.45625,46.950733,0.3361091,49.741684,0.038279824,-0.15670007,-0.9850781,0.060084887,0.111515895,-0.11655143,-0.82298636,0.5446773,-1.0,0
1763545405788,1009.84174,-0.83030945,4.1168513,11.025529,0.45242172,0.17486005,0.142866,63.206253,-6.58125,13.200001,46.950733,0.3361091,49.741684,0.040054634,-0.16102064,-0.98421985,0.061530583,0.11523146,-0.11938828,-0.82143974,0.5456234,-1.0,0
1763545405813,1009.84174,0.15074782,4.901697,9.792028,0.4400517,0.29810202,-0.0026725335,62.812504,-5.49375,14.26875,46.950733,0.3361091,49.741684,0.04505192,-0.17067054,-0.98226875,0.063199066,0.11973244,-0.12297067,-0.8197702,0.5463691,-1.0,0
1763545405838,1009.87933,0.02213361,5.014758,9.540782,0.15752676,0.3019199,-0.17508912,62.04375,-5.8125,12.656251,46.950733,0.3361091,49.741684,0.048107352,-0.17227705,-0.9819163,0.06202241,0.12794401,-0.12499619,-0.8187289,0.54560906,-1.0,0
1763545405863,1009.91595,-1.7497516,4.645665,11.074581,-0.16287182,0.64369875,-0.09185879,62.193752,-4.2000003,14.868751,46.950733,0.3361091,49.741684,0.051942807,-0.17118649,-0.98201245,0.060431216,0.13075978,-0.12208455,-0.81941617,0.54456806,-1.0,0
1763545405888,1009.91595,-2.0518453,5.026722,10.963913,-0.08590286,0.64537865,0.11064288,64.03125,-4.7250004,11.625,46.950733,0.3361091,49.741684,0.058218505,-0.16935621,-0.9819623,0.06068847,0.13530818,-0.11731375,-0.8190777,0.5450147,-1.0,0
1763545405913,1009.9289,-1.5756737,5.102096,10.631311,-0.10117448,0.12095123,0.17753258,63.318752,-3.825,13.35,46.950733,0.3361091,49.741684,0.06526155,-0.16778949,-0.9815292,0.064738825,0.14073238,-0.11227956,-0.8161013,0.5491506,-1.0,0
1763545405938,1009.9582,-0.7262217,3.1998022,12.430714,-0.2070068,-0.41462448,0.061773703,63.862503,-2.6437502,12.13125,46.950733,0.3361091,49.741684,0.06071499,-0.16629606,-0.98203236,0.06536338,0.13608842,-0.113228224,-0.8160426,0.5502125,-1.0,0
1763545405963,1009.9582,-1.1724831,2.161317,12.577872,0.08651373,0.08613193,0.114308074,61.612503,-2.0062501,14.043751,46.950733,0.3361091,49.741684,0.056432776,-0.16447026,-0.9825933,0.06542035,0.13142999,-0.11384704,-0.81668365,0.55026615,-1.0,0
1763545405988,1009.9775,-1.9639091,2.2564318,10.839486,0.42554367,0.26648977,0.2540434,60.61875,-2.1000001,11.3625,46.950733,0.3361091,49.741684,0.059578575,-0.16831942,-0.9814966,0.06914074,0.1359114,-0.115798146,-0.81469476,0.55171674,-1.0,0
1763545406013,1009.9775,-1.9968106,3.0604203,8.662018,0.40935576,-0.21349724,0.34674212,60.73125,-2.2125,11.83125,46.950733,0.3361091,49.741684,0.05756322,-0.17240842,-0.9807206,0.07177267,0.13621907,-0.12034321,-0.8126894,0.55362236,-1.0,0
1763545406038,1009.93207,-0.40857446,2.7631118,8.484949,-0.22548546,-0.35139996,0.09033163,57.750004,-1.03125,12.225,46.950733,0.3361091,49.741684,0.052000925,-0.17381555,-0.9806664,0.073303096,0.13213237,-0.124326564,-0.8117843,0.55505866,-1.0,0
1763545406064,1009.9157,-0.7477571,2.6368906,8.899506,-0.35559967,-0.016951498,-0.057497647,59.79375,-0.31875002,12.13125,46.950733,0.3361091,49.741684,0.04831944,-0.17192486,-0.9811604,0.07368559,0.12798604,-0.124549456,-0.8120768,0.55555224,-1.0,0
1763545406089,1009.9157,-1.463211,2.5525436,8.935398,-0.30092725,0.09269873,-0.042073313,58.275,1.40625,9.5625,46.950733,0.3361091,49.741684,0.048856504,-0.16532263,-0.9823102,0.07313224,0.12510207,-0.118608646,-0.8135328,0.555379,-1.0,0
1763545406114,1009.89056,-1.5098711,2.8642087,8.235497,0.075976305,-0.14004076,0.2192241,59.11875,1.35,11.793751,46.950733,0.3361091,49.741684,0.049088623,-0.1641073,-0.98244154,0.07397804,0.124693014,-0.11744106,-0.81322455,0.55617,-1.0,0
1763545406139,1009.85077,-0.9236295,2.984448,7.929216,0.22441645,-0.20036365,0.30474517,57.05625,0.63750005,12.656251,46.950733,0.3361091,49.741684,0.047708157,-0.16498272,-0.9822235,0.0757507,0.12395039,-0.11887714,-0.81208986,0.5576868,-1.0,0
1763545406164,1009.85077,-0.5401797,2.9473593,7.792825,0.3239874,-0.0858265,0.32032222,58.312504,0.91875005,10.05,46.950733,0.3361091,49.741684,0.04455702,-0.17071472,-0.9809767,0.08094587,0.12411801,-0.12539409,-0.808306,0.56170493,-1.0,0
1763545406189,1009.81903,-0.25782663,3.1489546,7.811968,0.38767007,0.126449,0.30535603,56.98125,1.5187501,9.993751,46.950733,0.3361091,49.741684,0.045525383,-0.17446189,-0.9800255,0.08389046,0.12683949,-0.12814583,-0.80598253,0.5638107,-1.0,0
1763545406214,1009.81903,-0.13160525,3.4881372,7.850851,0.48296496,0.23625195,0.016416991,56.193752,1.4250001,11.94375,46.950733,0.3361091,49.741684,0.04777073,-0.17863972,-0.97900206,0.08580935,0.1308758,-0.13063554,-0.8041348,0.5649541,-1.0,0
1763545406239,1009.8127,-0.951147,3.5497525,7.774879,0.46357,0.13820815,-0.06055197,54.43125,1.3687501,11.981251,46.950733,0.3361091,49.741684,0.05207851,-0.187435,-0.9771532,0.08562247,0.13904004,-0.13605794,-0.8025104,0.564033,-1.0,0
1763545406265,1009.81146,-1.6271194,3.2943187,7.9369926,0.42142034,0.06918044,0.022372922,55.781254,2.2687502,11.625,46.950733,0.3361091,49.741684,0.053270515,-0.19137174,-0.9763172,0.08569232,0.14207086,-0.13884081,-0.80165106,0.5638215,-1.0,0
1763545406290,1009.81146,-0.85244304,3.196811,8.608778,0.44325876,0.0697913,0.16699515,54.45,0.63750005,10.3125,46.950733,0.3361091,49.741684,0.054173853,-0.1953091,-0.9753776,0.08694183,0.14482285,-0.14179821,-0.8002279,0.5644067,-1.0,0
1763545406316,1009.8195,-0.57906306,3.4007993,8.568698,0.4003455,0.056199558,0.08239039,55.18125,2.0812502,10.78125,46.950733,0.3361091,49.741684,0.054955296,-0.19937408,-0.9743815,0.08839374,0.1475128,-0.14494817,-0.7987335,0.5650264,-1.0,0
1763545406341,1009.8271,-0.56470615,3.5850465,8.287541,0.27068946,0.014355322,-0.03657553,54.225002,0.99375004,10.78125,46.950733,0.3361091,49.741684,0.056050714,-0.20549586,-0.97302544,0.08861186,0.15148668,-0.14973971,-0.7976156,0.5643042,-1.0,0
1763545406366,1009.8271,-0.6263213,4.451248,8.651849,-0.27404922,-0.07864884,-0.31772605,54.675003,1.5562501,8.08125,46.950733,0.3361091,49.741684,0.055820644,-0.20570752,-0.9731476,0.08689263,0.15140374,-0.15002841,-0.79854697,0.5629308,-1.0,0
1763545406392,1009.84467,-0.91106725,4.5206404,9.611969,-0.4380664,-0.032375835,-0.43027788,50.79375,3.3937502,8.53125,46.950733,0.3361091,49.741684,0.055467382,-0.20315795,-0.9739651,0.08390378,0.14984986,-0.14796937,-0.8006405,0.56091434,-1.0,0
1763545406418,1009.84467,-1.1318051,4.4165525,9.998409,-0.54145527,-0.06780599,-0.48617202,51.862503,3.73125,10.25625,46.950733,0.3361091,49.741684,0.055607684,-0.1936651,-0.9765694,0.075587355,0.14525406,-0.13964121,-0.80689377,0.55526936,-1.0,0
1763545406444,1009.8742,-1.3142579,4.080361,12.312867,-0.8575778,-0.1404989,-0.50739956,49.443752,5.3812504,7.1625004,46.950733,0.3361091,49.741684,0.05468417,-0.18641971,-0.9783917,0.070760675,0.14084287,-0.13381313,-0.8107994,0.5521428,-1.0,0
1763545406469,1009.9289,-1.6504494,3.281158,13.691731,-0.6388882,-0.10980295,-0.35391977,51.24375,5.5687504,7.275,46.950733,0.3361091,49.741684,0.05373136,-0.17806202,-0.9803215,0.06614611,0.1358167,-0.12707098,-0.8148211,0.5490659,-1.0,0
1763545406494,1009.9289,-1.7497516,2.5830522,13.556537,-0.23281583,-0.18555018,-0.044364054,48.24375,6.1125,9.225,46.950733,0.3361091,49.741684,0.05126794,-0.16888785,-0.98233247,0.0622482,0.12893829,-0.120525226,-0.81916857,0.54572105,-1.0,0
1763545406519,1009.9587,-1.0031909,2.3503501,12.1764765,0.07841977,-0.2622137,0.27939427,48.0,7.0875,9.225,46.950733,0.3361091,49.741684,0.04841051,-0.16940673,-0.9822458,0.06440814,0.12663117,-0.12250244,-0.81843406,0.54692173,-1.0,0
1763545406544,1009.95526,1.265205,2.6991038,9.514461,0.11110103,-0.2753473,0.35575238,47.98125,9.075001,8.34375,46.950733,0.3361091,49.741684,0.0448471,-0.17104752,-0.98189974,0.06786879,0.1242803,-0.12578897,-0.8167734,0.5491928,-1.0,0
1763545406569,1009.95526,1.5062819,2.958127,8.748757,-0.0184023,-0.24709481,0.18257222,46.050003,6.76875,8.53125,46.950733,0.3361091,49.741684,0.041299775,-0.17225057,-0.9816342,0.07082582,0.12172914,-0.1286779,-0.81540704,0.55112195,-1.0,0
1763545406594,1009.92084,1.2616158,3.0933216,8.493922,-0.124234624,-0.13515383,0.03413207,45.300003,6.675,8.925,46.950733,0.3361091,49.741684,0.036283918,-0.17123413,-0.98189145,0.072495684,0.11677637,-0.13038716,-0.8152109,0.5520813,-1.0,0
1763545406620,1009.92084,0.8255238,2.9336007,8.3174515,-0.11980586,0.1018617,-0.046807513,45.037502,8.793751,6.20625,46.950733,0.3361091,49.741684,0.036903594,-0.17002816,-0.9820879,0.07233446,0.116681814,-0.1290612,-0.8155962,0.5518436,-1.0,0
1763545406645,1009.8764,-0.6023931,2.2737796,7.4159555,0.1955531,0.7202096,0.067576915,43.818752,5.90625,8.493751,46.950733,0.3361091,49.741684,0.040641535,-0.1698553,-0.9819483,0.07263235,0.11981085,-0.12707442,-0.81544095,0.5518636,-1.0,0
1763545406671,1009.8337,-0.90508515,2.5286152,6.3338017,0.32643086,0.8611666,0.20441063,43.631252,8.512501,7.9125004,46.950733,0.3361091,49.741684,0.055604886,-0.17366853,-0.9801692,0.07757182,0.13466626,-0.1229536,-0.8115285,0.55512965,-1.0,0
1763545406697,1009.7751,0.19441684,3.6891344,4.9262238,0.12484549,0.07513637,0.07979421,44.475002,7.5000005,6.1875005,46.950733,0.3361091,49.741684,0.060673203,-0.17632014,-0.9791643,0.080408484,0.1404235,-0.1226838,-0.8090591,0.5573628,-1.0,0
1763545406721,1009.7751,0.48993045,4.1234317,5.3473606,-0.10361794,-0.21013749,-0.13171771,44.100002,7.0875,5.925,46.950733,0.3361091,49.741684,0.061238423,-0.17788047,-0.9787776,0.08125868,0.14175555,-0.12368085,-0.80800635,0.55833155,-1.0,0
1763545406747,1009.75775,0.35832518,4.238287,6.259026,-0.3296379,-0.18967351,-0.30642503,41.98125,6.8437505,7.55625,46.950733,0.3361091,49.741684,0.057452686,-0.17481875,-0.97991556,0.07680755,0.1370959,-0.12274876,-0.8105432,0.55601907,-1.0,0
1763545406773,1009.75775,-0.9834501,4.302893,8.939586,-0.38079783,0.17653993,-0.25999933,41.025,8.512501,5.71875,46.950733,0.3361091,49.741684,0.057856653,-0.17078485,-0.9808429,0.07369135,0.13549861,-0.11897491,-0.8125866,0.5542456,-1.0,0
1763545406799,1009.7741,-1.1389836,4.345366,9.942178,-0.12286018,0.12690715,-0.07383828,40.256252,8.418751,7.18125,46.950733,0.3361091,49.741684,0.059707247,-0.16719662,-0.9814976,0.07173851,0.13536114,-0.11487779,-0.81386584,0.5532656,-1.0,0
1763545406824,1009.8017,-1.1096715,4.732405,10.191031,0.14912736,-0.1301142,0.101327196,39.0,7.93125,6.1125,46.950733,0.3361091,49.741684,0.05973768,-0.16787708,-0.9813605,0.07197947,0.13581054,-0.11535506,-0.81323284,0.5539865,-1.0,0
1763545406849,1009.8017,-0.55453664,4.9292145,11.402398,-0.041615162,-0.5907062,0.2013563,39.487503,8.212501,6.8250003,46.950733,0.3361091,49.741684,0.05477033,-0.17023444,-0.98117656,0.07291594,0.13274671,-0.11982386,-0.8123525,0.5550711,-1.0,0
1763545406876,1009.8549,-0.42532423,4.705486,13.380066,-0.18745913,-0.12675445,0.23770276,36.037502,8.493751,6.39375,46.950733,0.3361091,49.741684,0.046919484,-0.16904595,-0.981551,0.07604598,0.12539396,-0.12269569,-0.81094503,0.55820274,-1.0,0
1763545406901,1009.9467,-0.421735,4.730012,14.784653,-0.027717989,0.46318823,0.3165043,35.71875,8.45625,7.2000003,46.950733,0.3361091,49.741684,0.050589494,-0.16845953,-0.9811655,0.07984985,0.12823428,-0.120390534,-0.80889314,0.5610294,-1.0,0
1763545406926,1009.9467,0.5629115,4.682754,12.226128,0.31451902,-0.12751803,0.19051345,34.537502,7.70625,7.36875,46.950733,0.3361091,49.741684,0.054700036,-0.17078283,-0.9802076,0.08386719,0.13292569,-0.120372936,-0.80619067,0.5638242,-1.0,0
1763545406952,1009.9626,0.6729814,3.5653057,11.712269,0.20379977,-0.3686569,-0.045127634,34.2,5.9437504,6.7312503,46.950733,0.3361091,49.741684,0.05309846,-0.17404354,-0.97959197,0.085365646,0.13315722,-0.12401536,-0.80498415,0.56470335,-1.0,0
1763545406977,1009.96014,-0.7112665,2.9473593,11.201401,0.24045165,0.020616686,-0.19799654,32.68125,6.39375,6.8625,46.950733,0.3361091,49.741684,0.05000914,-0.17801803,-0.9792972,0.08236825,0.13233602,-0.12914549,-0.80683553,0.5610927,-1.0,0
1763545407002,1009.96014,-2.3862424,2.9150562,9.520443,0.33819002,0.27030766,-0.15187626,34.050003,7.2937503,5.8875003,46.950733,0.3361091,49.741684,0.05337763,-0.18066296,-0.9787375,0.08116106,0.13654897,-0.12977892,-0.80706745,0.55960155,-1.0,0
1763545407028,1009.8935,-2.6111677,3.0149565,7.1102724,-0.19891284,-0.50304717,0.1343139,31.087502,5.8500004,7.8375,46.950733,0.3361091,49.741684,0.053795774,-0.18237653,-0.97840416,0.081042096,0.13781357,-0.13100651,-0.8066465,0.55961245,-1.0,0
1763545407053,1009.8935,-1.585245,2.7990043,8.168498,-0.5665007,-0.5363393,0.10881029,30.843752,4.4812503,5.775,46.950733,0.3361091,49.741684,0.049212355,-0.1809739,-0.9788755,0.08140214,0.1332046,-0.13202295,-0.8066143,0.5605353,-1.0,0
1763545407078,1009.8637,-0.8895318,2.3132613,9.275777,-0.71677345,-0.1999055,-0.044364054,29.868752,7.8375,8.15625,46.950733,0.3361091,49.741684,0.041545942,-0.16917841,-0.981356,0.08119649,0.12065462,-0.12565774,-0.80889887,0.56154716,-1.0,0
1763545407103,1009.8576,-1.4404793,1.9657038,9.660423,-0.6419425,0.16279547,-0.1550833,26.79375,6.3,6.4125004,46.950733,0.3361091,49.741684,0.042964783,-0.16258001,-0.9824909,0.08020986,0.11853234,-0.1192825,-0.8105986,0.5609382,-1.0,0
1763545407128,1009.8576,-2.9706893,2.0464616,8.397013,-0.19814926,0.34498587,0.20761767,28.087502,6.9187503,6.8437505,46.950733,0.3361091,49.741684,0.046601143,-0.15778652,-0.98308796,0.08290255,0.12098852,-0.10966759,-0.80992204,0.5633481,-1.0,0
1763545407154,1009.80975,-2.6111677,2.2995026,7.5732837,-0.015653409,0.13301581,0.50694144,26.6625,5.775,8.606251,46.950733,0.3361091,49.741684,0.050967403,-0.15532617,-0.9826327,0.08781608,0.12182439,-0.10900753,-0.80695903,0.5675326,-1.0,0
1763545407180,1009.7724,-0.357727,2.8390841,6.715457,0.14622575,-0.01847866,0.65278536,27.4125,5.8500004,8.212501,46.950733,0.3361091,49.741684,0.050075725,-0.1567541,-0.9818629,0.0941466,0.12179081,-0.11066388,-0.8030038,0.57280487,-1.0,0
1763545407205,1009.7724,0.0741775,2.9718857,6.4127645,0.04772381,0.19410229,0.473802,26.5125,7.7625003,6.80625,46.950733,0.3361091,49.741684,0.04908714,-0.15857679,-0.9810184,0.10023489,0.12186893,-0.11271247,-0.79911166,0.57781005,-1.0,0
1763545407231,1009.7443,-0.20697916,2.8869405,6.3182483,-0.09750929,0.45585784,0.29787293,26.681252,6.525,7.8,46.950733,0.3361091,49.741684,0.053825155,-0.15819849,-0.9799393,0.10861967,0.12583287,-0.109954156,-0.7937045,0.58490115,-1.0,0
1763545407256,1009.7297,-1.5774683,2.7876384,7.2783685,-0.25022548,0.45295623,0.19356778,26.1,5.7375,6.20625,46.950733,0.3361091,49.741684,0.058940627,-0.15572451,-0.9797267,0.111398645,0.12904996,-0.105215445,-0.7919701,0.5874174,-1.0,0
1763545407281,1009.7297,-1.9040886,2.5950162,8.72782,-0.046349365,0.093309596,0.3004691,25.218752,5.7562504,7.2187505,46.950733,0.3361091,49.741684,0.062864415,-0.15307482,-0.97959965,0.1140206,0.13114688,-0.10091739,-0.79037195,0.58985454,-1.0,0
1763545407307,1009.7321,-1.5720844,2.5387847,9.251849,0.2711476,-0.23564109,0.35636324,24.993752,4.6125,6.99375,46.950733,0.3361091,49.741684,0.06127584,-0.15552297,-0.97862643,0.11978631,0.130994,-0.10383964,-0.786673,0.5943093,-1.0,0
1763545407333,1009.7321,-0.5712864,2.984448,9.227323,0.211741,-0.44715303,0.15157083,24.825,4.4812503,6.7125,46.950733,0.3361091,49.741684,0.05727918,-0.1595361,-0.9779704,0.12182446,0.12953791,-0.10932797,-0.7851398,0.5956701,-1.0,0
1763545407359,1009.76385,-0.44626144,3.3122647,9.580862,-0.09644028,-0.14294235,-0.06345358,24.0375,5.7562504,7.8,46.950733,0.3361091,49.741684,0.05307458,-0.16208751,-0.97771066,0.12244486,0.12716858,-0.113654844,-0.7846575,0.5960062,-1.0,0
1763545407384,1009.8244,-0.83030945,4.0037904,10.196416,-0.47731447,0.2614501,-0.26687154,22.81875,4.0125003,7.2562504,46.950733,0.3361091,49.741684,0.05398863,-0.15644817,-0.97890514,0.11980186,0.12514468,-0.1083035,-0.7869526,0.59440285,-1.0,0
1763545407409,1009.8244,-1.805983,4.7216372,12.233306,-0.7128028,0.24923283,-0.29512405,23.212502,4.6687503,9.1875,46.950733,0.3361091,49.741684,0.058143776,-0.14939612,-0.98006403,0.11736875,0.12524298,-0.100070305,-0.7889463,0.5931812,-1.0,0
1763545407435,1009.87885,-0.9068798,5.0015974,12.81536,-0.8420007,-0.14492767,-0.19509494,22.087502,4.70625,5.90625,46.950733,0.3361091,49.741684,0.0603365,-0.14238971,-0.9812178,0.11530115,0.12366828,-0.09285219,-0.79070854,0.59233826,-1.0,0
1763545407460,1009.95844,0.4971089,4.862814,14.925231,-0.92523104,-0.3017672,-0.24503313,20.456251,4.7625003,7.93125,46.950733,0.3361091,49.741684,0.054478474,-0.12646306,-0.9841682,0.11160518,0.1106706,-0.08193146,-0.7946457,0.5912507,-1.0,0
1763545407485,1009.95844,0.8709874,3.8530426,17.321045,-0.47059494,-0.053145237,-0.40905032,20.681252,4.51875,9.76875,46.950733,0.3361091,49.741684,0.053383082,-0.12183861,-0.9852139,0.10798622,0.10736803,-0.078526944,-0.79760146,0.5883345,-1.0,0
1763545407511,1010.0285,-0.65084773,1.0648061,12.595221,0.8624647,0.16111559,-0.24549128,20.7,3.7875001,8.56875,46.950733,0.3361091,49.741684,0.056203023,-0.12404787,-0.98521143,0.10398542,0.11083934,-0.07912824,-0.80017793,0.58409643,-1.0,0
1763545407537,1010.0285,-0.6861419,1.0025927,9.485149,0.92889625,-0.22678354,0.0064904382,20.94375,3.5812502,8.1,46.950733,0.3361091,49.741684,0.058654364,-0.1313613,-0.9843918,0.10138114,0.11653447,-0.08435528,-0.8014201,0.5805426,-1.0,0
1763545407563,1009.98065,0.7076773,1.7461623,7.1856465,0.4247801,-0.49571678,0.07506001,17.587502,-0.01875,8.6625,46.950733,0.3361091,49.741684,0.052906156,-0.14673927,-0.98260605,0.100762516,0.1191198,-0.10070732,-0.80097127,0.5780256,-1.0,0
1763545407587,1009.9172,1.0187442,2.0051854,6.7836523,0.25999933,-0.2819141,-0.06467531,17.4375,-1.40625,9.375,46.950733,0.3361091,49.741684,0.048236784,-0.1511629,-0.98219347,0.100599125,0.117240705,-0.10691861,-0.80092597,0.57735664,-1.0,0
1763545407612,1009.9172,1.0013963,2.2594228,6.2674007,0.12545635,-0.12782346,-0.199371,16.743752,-0.4875,9.8625,46.950733,0.3361091,49.741684,0.04441757,-0.15512134,-0.982073,0.097451106,0.11585197,-0.112311505,-0.80267334,0.5741776,-1.0,0
1763545407638,1009.84906,0.8703892,2.495714,6.101698,-0.008628465,-0.0707076,-0.33559385,16.5,-1.63125,9.9375,46.950733,0.3361091,49.741684,0.043933786,-0.1550958,-0.98241276,0.09422705,0.11541737,-0.11253332,-0.8045891,0.5715343,-1.0,0
1763545407663,1009.80316,-0.3804588,2.690131,6.567102,-0.027107125,0.090560704,-0.47594002,15.187501,-2.90625,12.0,46.950733,0.3361091,49.741684,0.044158656,-0.15444088,-0.98290914,0.08993526,0.115293056,-0.11184575,-0.80712086,0.5681144,-1.0,0
1763545407689,1009.80316,-0.8111669,2.6536403,6.510272,0.058719378,0.20525056,-0.3890445,15.8625,-4.05,10.3125,46.950733,0.3361091,49.741684,0.048310637,-0.15436381,-0.98340625,0.08214361,0.118898325,-0.109660186,-0.81121,0.5619397,-1.0,0
1763545407714,1009.7673,-0.68135625,2.766103,6.026922,0.0655916,0.2046397,-0.3259727,15.093751,-5.53125,12.468751,46.950733,0.3361091,49.741684,0.050863415,-0.15482868,-0.98344004,0.07931142,0.1213746,-0.1087526,-0.8124832,0.5597429,-1.0,0
1763545407739,1009.7353,-0.69332033,3.1196425,6.2255263,-0.35178176,0.20861033,-0.37346745,16.06875,-5.90625,10.2375,46.950733,0.3361091,49.741684,0.052520372,-0.1539537,-0.9837234,0.07632138,0.12241647,-0.10711877,-0.81400245,0.5576198,-1.0,0
1763545407764,1009.7353,-1.4524434,3.1633115,7.5942206,-0.52312934,0.4196641,-0.2939023,15.656251,-5.7000003,11.34375,46.950733,0.3361091,49.741684,0.05481587,-0.15053663,-0.9843597,0.07326762,0.12274239,-0.10295828,-0.81583667,0.55564773,-1.0,0
1763545407790,1009.7419,-1.7150556,2.8492537,8.944371,-0.46372274,0.52977246,-0.11262819,14.55,-5.6625004,8.0625,46.950733,0.3361091,49.741684,0.064087465,-0.14054194,-0.9854257,0.071242645,0.12583742,-0.08957802,-0.81738085,0.5550039,-1.0,0
1763545407815,1009.7419,-1.6959131,3.2763724,9.747163,-0.051541716,0.08185588,0.23892449,17.38125,-6.76875,9.675,46.950733,0.3361091,49.741684,0.0677692,-0.13808128,-0.98542124,0.07268926,0.12780054,-0.08559317,-0.81660235,0.55632854,-1.0,0
1763545407839,1009.76556,-1.7850457,3.6532419,10.079167,-0.06543889,-0.14401138,0.3728566,16.331251,-6.8625,9.01875,46.950733,0.3361091,49.741684,0.06833882,-0.13774838,-0.9852503,0.07508525,0.12814377,-0.08499383,-0.81514114,0.5584802,-1.0,0
1763545407864,1009.80365,-1.3435699,3.9720855,11.094322,-0.17539455,-0.15134175,0.43928814,14.681251,-7.7812505,9.4125,46.950733,0.3361091,49.741684,0.0645326,-0.13651161,-0.9850809,0.082548596,0.12428914,-0.08574455,-0.8108688,0.565413,-1.0,0
1763545407889,1009.80365,-0.6305088,3.918247,12.109477,-0.27893612,-0.01527162,0.36934412,15.675,-6.43125,10.14375,46.950733,0.3361091,49.741684,0.06355887,-0.13423699,-0.98514056,0.08624447,0.12231693,-0.0842489,-0.80899227,0.5687462,-1.0,0
1763545407914,1009.8671,-1.2125629,4.174279,13.863416,-0.22701262,0.49205157,0.4191296,13.931251,-7.8562503,9.95625,46.950733,0.3361091,49.741684,0.064754486,-0.13114594,-0.98516345,0.08977431,0.12180146,-0.08097424,-0.80723757,0.57181734,-1.0,0
1763545407940,1009.92255,-1.2107682,4.5355954,13.607983,0.015347977,0.5044216,0.4945714,15.000001,-6.99375,8.868751,46.950733,0.3361091,49.741684,0.07270751,-0.12905997,-0.98390925,0.09989566,0.12765175,-0.0751525,-0.8009488,0.5801191,-1.0,0
1763545407966,1009.92255,-0.61854464,4.3184466,12.537194,0.10025818,0.124616414,0.3919461,16.837502,-7.3125005,9.150001,46.950733,0.3361091,49.741684,0.073323816,-0.13038957,-0.9832902,0.10374856,0.12886864,-0.07596499,-0.7983511,0.58331615,-1.0,0
1763545407991,1009.9389,-1.302892,2.0811574,11.673984,0.41943502,0.0018325944,0.049861837,15.187501,-8.00625,11.83125,46.950733,0.3361091,49.741684,0.07156304,-0.13236628,-0.9829935,0.1052736,0.12832633,-0.078577615,-0.7974161,0.5843676,-1.0,0
1763545408017,1009.9389,-2.3976083,1.9842482,9.585648,0.5011382,0.07651082,0.08651373,14.475,-7.9500003,11.4375,46.950733,0.3361091,49.741684,0.07181343,-0.13608916,-0.98244685,0.1054667,0.13036534,-0.08174505,-0.79717284,0.58381337,-1.0,0
1763545408042,1009.92255,-2.3772693,2.260021,7.7593255,0.24992006,-0.1800524,0.13248129,17.15625,-8.418751,11.64375,46.950733,0.3361091,49.741684,0.071885884,-0.14304766,-0.981312,0.10674426,0.13389425,-0.08776446,-0.7957039,0.5841447,-1.0,0
1763545408067,1009.8664,-1.6325033,2.0991037,7.641479,-0.23296855,-0.4621192,0.028176138,14.56875,-9.5625,11.981251,46.950733,0.3361091,49.741684,0.06747383,-0.14127406,-0.9819125,0.10648205,0.1291948,-0.08842927,-0.7963028,0.58428663,-1.0,0
1763545408093,1009.8664,-0.9828519,1.3375878,10.040284,-0.52083856,0.051923506,-0.30001098,14.531251,-9.056251,11.8125,46.950733,0.3361091,49.741684,0.06445221,-0.13614343,-0.98297554,0.105209455,0.123984486,-0.085539415,-0.7980276,0.583492,-1.0,0
1763545408118,1009.86273,-1.6977077,1.0660025,9.837492,-0.35254532,0.2159407,-0.32536185,15.6,-10.200001,12.843751,46.950733,0.3361091,49.741684,0.06690898,-0.12646455,-0.98463714,0.10011023,0.121175185,-0.07606989,-0.80267876,0.57899636,-1.0,0
1763545408143,1009.8498,-2.6985056,1.1473584,8.964112,0.013515383,0.2706131,0.18990259,16.29375,-9.637501,13.668751,46.950733,0.3361091,49.741684,0.06964652,-0.12410023,-0.9848294,0.09929713,0.12232992,-0.07271103,-0.80352366,0.57801235,-1.0,0
1763545408168,1009.8498,-2.3318057,1.5481563,8.496913,0.1720348,0.30115634,0.45853037,16.1625,-10.5,11.25,46.950733,0.3361091,49.741684,0.07236904,-0.123721264,-0.98447293,0.10133748,0.12447606,-0.07106291,-0.8023828,0.5793423,-1.0,0
1763545408193,1009.8249,-1.7748762,2.0255244,7.966305,0.30382887,0.31902415,0.6106357,17.268751,-9.28125,12.468751,46.950733,0.3361091,49.741684,0.07797215,-0.12800989,-0.9823613,0.11179461,0.13145664,-0.07200964,-0.7954602,0.587177,-1.0,0
1763545408218,1009.8249,-1.2352947,2.2989044,7.2987075,0.39041895,0.2782489,0.68959,16.59375,-11.1,12.937501,46.950733,0.3361091,49.741684,0.08028136,-0.13193096,-0.9808861,0.11836937,0.13541968,-0.07424546,-0.79085886,0.592192,-1.0,0
1763545408243,1009.7846,-0.101694964,3.2679975,6.367301,0.2522108,0.04046979,0.4661662,19.2,-8.45625,11.4375,46.950733,0.3361091,49.741684,0.08158691,-0.13595654,-0.9794668,0.12451872,0.13857533,-0.07705494,-0.7864429,0.59696484,-1.0,0
1763545408268,1009.7443,-0.23868406,3.592225,6.6945195,0.093996815,-0.031917684,0.2334267,17.081251,-9.431251,12.637501,46.950733,0.3361091,49.741684,0.08152576,-0.13896202,-0.9784924,0.12882635,0.14005354,-0.079636,-0.7832186,0.6005096,-1.0,0
1763545408293,1009.7443,-0.63828546,3.6245282,7.387242,0.0028252497,-0.011300999,0.08009964,16.087502,-11.2875,14.400001,46.950733,0.3361091,49.741684,0.08063015,-0.14090355,-0.97790194,0.13173226,0.1403315,-0.0816216,-0.7806374,0.6035315,-1.0,0
1763545408319,1009.7338,-1.1904292,3.5347972,8.083553,0.017027855,-0.03451386,0.053068876,18.712502,-10.125,11.887501,46.950733,0.3361091,49.741684,0.080296434,-0.14140086,-0.9777964,0.13218,0.14032686,-0.08215914,-0.7800638,0.60420084,-1.0,0
1763545408345,1009.7426,-1.4452649,3.7908292,9.072387,0.28870997,-0.27046037,0.1589012,18.65625,-10.387501,11.925,46.950733,0.3361091,49.741684,0.07930363,-0.1431167,-0.9775219,0.13296376,0.14035857,-0.08408885,-0.7792064,0.6050338,-1.0,0
1763545408370,1009.7426,-0.9661021,4.0013976,9.031709,0.3238347,-0.49296787,0.10911572,18.618752,-11.3625,11.043751,46.950733,0.3361091,49.741684,0.07702532,-0.14648712,-0.97708344,0.13385376,0.14010845,-0.08809646,-0.7781611,0.60586625,-1.0,0
1763545408395,1009.76605,0.044865426,4.467998,10.022338,-0.223042,-0.34193155,-0.43394306,18.16875,-11.83125,15.750001,46.950733,0.3361091,49.741684,0.06667863,-0.15256572,-0.9771632,0.13202101,0.13428031,-0.09844354,-0.7786939,0.6049078,-1.0,0
1763545408421,1009.8193,-0.8811569,4.5541396,10.977672,-0.46021026,0.14309508,-0.7065415,17.587502,-12.618751,14.00625,46.950733,0.3361091,49.741684,0.063586675,-0.1509297,-0.9782083,0.12761195,0.13081934,-0.09853609,-0.7816024,0.6018926,-1.0,0
1763545408445,1009.8193,-1.6845472,4.1294136,11.383256,-0.60284716,0.2376264,-0.80030924,18.393751,-11.306251,16.3125,46.950733,0.3361091,49.741684,0.06809944,-0.13993698,-0.98115045,0.11456713,0.12926273,-0.086665995,-0.7902499,0.5926932,-1.0,0
1763545408470,1009.8588,-1.6426728,3.5569308,11.78525,-0.8276454,-0.021685699,-0.8615484,18.5625,-12.900001,13.931251,46.950733,0.3361091,49.741684,0.06824807,-0.131619,-0.9831547,0.10689527,0.12522271,-0.07937643,-0.795718,0.5872406,-1.0,0
1763545408495,1009.8588,-2.0297117,1.7670995,15.927226,-0.8865939,0.034666575,-0.79710215,19.5,-11.700001,15.6,46.950733,0.3361091,49.741684,0.06697419,-0.12079342,-0.98546976,0.098854795,0.11866428,-0.07067807,-0.8018377,0.5813603,-1.0,0
1763545408520,1009.93085,-2.2648067,0.6239285,16.324434,-0.19753839,0.2244928,-0.5164098,19.5,-11.700001,15.6,46.950733,0.3361091,49.741684,0.0673825,-0.1082392,-0.9878185,0.08724177,0.11477399,-0.058558416,-0.8107221,0.5710758,-1.0,0
1763545408545,1009.98553,-2.0584257,0.0041874396,14.135001,0.46005753,0.21624613,-0.1268308,20.925001,-10.5375,14.925,46.950733,0.3361091,49.741684,0.07247429,-0.11150808,-0.9873871,0.08589249,0.11855823,-0.060254123,-0.811785,0.568611,-1.0,0
1763545408570,1009.98553,-1.6067804,0.5389833,11.705688,0.842917,0.16294818,0.24075708,21.6,-11.475,15.375001,46.950733,0.3361091,49.741684,0.07445842,-0.11890313,-0.98621535,0.087729245,0.1239081,-0.06579373,-0.8104518,0.5687582,-1.0,0
1763545408596,1009.9528,0.5485546,1.7527425,7.7054873,0.8517746,-0.005345067,0.2824486,20.550001,-12.95625,16.650002,46.950733,0.3361091,49.741684,0.07552455,-0.13613348,-0.9834315,0.09286976,0.13334116,-0.08035192,-0.8061811,0.5708203,-1.0,0
1763545408621,1009.892,1.1288141,2.2295125,6.6418777,0.5749001,-0.052839804,0.026954409,20.550001,-12.95625,16.650002,46.950733,0.3361091,49.741684,0.07552455,-0.13613348,-0.9834315,0.09272524,0.13568473,-0.08547319,-0.80575997,0.57011825,-1.0,0
1763545408646,1009.892,0.3379862,2.3108685,6.329614,0.12240203,0.12614357,-0.49350238,22.125,-13.293751,15.262501,46.950733,0.3361091,49.741684,0.07510708,-0.14439996,-0.9825653,0.08985188,0.13706511,-0.08778137,-0.8071641,0.5674449,-1.0,0
1763545408672,1009.83685,-0.5838487,2.2905295,6.3074803,0.1306487,0.22632541,-0.5118283,23.1375,-13.200001,16.556252,46.950733,0.3361091,49.741684,0.076761626,-0.145209,-0.982722,0.08532374,0.13889563,-0.0876697,-0.8096016,0.5635311,-1.0,0
1763545408697,1009.83685,-1.1569297,2.3461626,5.8672013,0.20486878,0.14019346,-0.3982075,24.018751,-13.856251,17.268751,46.950733,0.3361091,49.741684,0.08171393,-0.14757675,-0.9826576,0.07696405,0.14438719,-0.08722692,-0.8136003,0.5564157,-1.0,0
1763545408723,1009.7695,-1.268196,2.7619154,5.285745,0.2126573,-0.109650224,-0.2778671,24.2625,-12.712501,16.875,46.950733,0.3361091,49.741684,0.08136077,-0.14962035,-0.98260957,0.07398468,0.14513104,-0.08912216,-0.8148416,0.55410045,-1.0,0
1763545408748,1009.7238,-1.1449656,2.806781,5.441877,-0.050014555,-0.24449863,-0.11980586,23.56875,-14.64375,17.5125,46.950733,0.3361091,49.741684,0.07924492,-0.15100847,-0.9827421,0.07166837,0.14403233,-0.09131249,-0.81585073,0.55254346,-1.0,0
1763545408773,1009.7238,-1.2197413,2.9479575,5.8067822,-0.27160576,-0.16615522,-0.04650208,24.937502,-13.125001,14.812501,46.950733,0.3361091,49.741684,0.07559917,-0.14859454,-0.9835373,0.06971583,0.13975365,-0.090909116,-0.81699705,0.55201477,-1.0,0
1763545408798,1009.7045,-1.2191432,3.1950164,6.9188466,-0.43394306,-0.13881902,0.0193186,24.468752,-11.8125,15.712501,46.950733,0.3361091,49.741684,0.07405944,-0.1448256,-0.98419446,0.07001315,0.1365774,-0.088350944,-0.8171607,0.55298203,-1.0,0
1763545408823,1009.7187,-1.9962122,3.4528432,9.440882,-0.15447243,-0.34574947,0.24014622,25.66875,-10.06875,16.875,46.950733,0.3361091,49.741684,0.07173389,-0.1416216,-0.9847818,0.07073835,0.13299562,-0.08668651,-0.81708306,0.5542318,-1.0,0
1763545408849,1009.7187,-2.1475582,3.595216,9.48156,0.033368487,-0.39645123,0.4896845,26.325,-10.5,16.518751,46.950733,0.3361091,49.741684,0.064078994,-0.14173247,-0.9848469,0.07668649,0.12649594,-0.090515256,-0.8137227,0.56005454,-1.0,0
1763545408874,1009.7514,-1.6528423,4.0923247,9.037093,0.012751802,-0.43875363,0.6727912,25.706251,-10.06875,15.4875,46.950733,0.3361091,49.741684,0.05924458,-0.14284597,-0.9845218,0.08244429,0.12292673,-0.09382974,-0.8102221,0.565354,-1.0,0
1763545408899,1009.7797,0.40857446,4.54397,10.091729,-0.5923098,-0.603229,0.29955283,24.7875,-7.8187504,17.925001,46.950733,0.3361091,49.741684,0.05304346,-0.14179629,-0.9845802,0.08765379,0.11710459,-0.09594938,-0.8072475,0.57046616,-1.0,0
1763545408924,1009.7797,0.32362926,4.106084,12.58206,-0.75266176,-0.23915356,-0.038560838,23.25,-7.4812503,18.056252,46.950733,0.3361091,49.741684,0.04618941,-0.13727327,-0.9853514,0.09002236,0.10895949,-0.09542149,-0.80640453,0.5733536,-1.0,0
1763545408949,1009.8486,-0.83030945,3.4630125,14.063815,-0.55061823,0.48227775,-0.1645517,26.625002,-6.8625,15.975,46.950733,0.3361091,49.741684,0.047205973,-0.12482015,-0.9870504,0.08900123,0.10358378,-0.084136255,-0.80832964,0.5734062,-1.0,0
1763545408974,1009.8486,-2.015953,2.4251258,11.985648,-0.3824777,0.039858926,0.042073313,26.343752,-6.15,15.95625,46.950733,0.3361091,49.741684,0.053220995,-0.12123646,-0.9871749,0.089194395,0.1069725,-0.07802327,-0.8083927,0.5735595,-1.0,0
1763545409000,1009.9047,-1.8568304,1.855634,12.908082,-0.51870054,-0.31658068,0.16943862,27.31875,-4.8,16.875,46.950733,0.3361091,49.741684,0.053454448,-0.11743493,-0.98756677,0.08980136,0.10525892,-0.074625015,-0.8084532,0.57424307,-1.0,0
1763545409025,1009.9401,-1.7204394,1.4560326,14.002798,-0.20731224,-0.07925971,0.3180315,28.500002,-3.43125,15.900001,46.950733,0.3361091,49.741684,0.04883685,-0.11038078,-0.98819894,0.09430459,0.097659454,-0.07093377,-0.80723226,0.57776046,-1.0,0
1763545409050,1009.9401,-1.422533,1.3399807,12.337394,0.24778202,0.00641408,0.43684468,26.94375,-2.25,18.150002,46.950733,0.3361091,49.741684,0.048755012,-0.11250375,-0.98757076,0.098336786,0.09860936,-0.07287202,-0.8050248,0.5804317,-1.0,0
1763545409075,1009.9465,0.14356937,1.5254245,8.823533,-0.06223185,-0.4253146,0.31955865,27.6,-1.9125,17.4375,46.950733,0.3361091,49.741684,0.04569847,-0.115180224,-0.98702693,0.10208998,0.09727906,-0.07675692,-0.80288965,0.5831067,-1.0,0
1763545409101,1009.9299,0.52522457,1.244866,9.416953,-0.3068832,-0.19914192,0.081779525,27.806252,-1.5375,18.6375,46.950733,0.3361091,49.741684,0.04109806,-0.115016825,-0.98697454,0.104704455,0.09319327,-0.07894897,-0.8017057,0.58510685,-1.0,0
1763545409126,1009.9299,-0.034695927,1.1108679,9.690333,-0.34506226,0.20570871,-0.07108939,29.2875,-1.5,18.31875,46.950733,0.3361091,49.741684,0.04000049,-0.10836698,-0.98772854,0.10511374,0.08883665,-0.07383422,-0.8027484,0.58502275,-1.0,0
1763545409151,1009.91473,-1.6833507,1.5900307,8.970094,-0.08590286,0.44073895,0.12072215,29.718752,-0.95625,16.85625,46.950733,0.3361091,49.741684,0.044349577,-0.1051103,-0.9878792,0.10525965,0.0909506,-0.06886979,-0.8030041,0.5849524,-1.0,0
1763545409176,1009.87494,-1.6941184,1.7617157,8.589635,0.13080142,0.18646647,0.31115925,30.525002,-0.4875,17.0625,46.950733,0.3361091,49.741684,0.05041937,-0.10486384,-0.9871075,0.10991332,0.09608268,-0.06562503,-0.8000257,0.5885748,-1.0,0
1763545409202,1009.87494,-1.4697913,2.1044874,8.301898,0.3163516,-0.028710645,0.45715594,30.975,0.80625004,15.39375,46.950733,0.3361091,49.741684,0.05024305,-0.108130716,-0.986293,0.11405555,0.09757335,-0.068527885,-0.79716027,0.59187746,-1.0,0
1763545409228,1009.8454,-0.38703907,2.417349,7.413563,0.40950847,-0.01970039,0.48769918,30.35625,0.75,15.76875,46.950733,0.3361091,49.741684,0.049568366,-0.11253792,-0.9852674,0.11884609,0.09920586,-0.072663866,-0.79376787,0.59566,-1.0,0
1763545409253,1009.8454,-0.1902294,2.6183462,7.3100734,0.32352927,0.028405212,0.3701077,31.143751,0.93750006,15.825001,46.950733,0.3361091,49.741684,0.049320523,-0.116812274,-0.9842393,0.123274155,0.10114328,-0.076469876,-0.7905477,0.5991299,-1.0,0
1763545409278,1009.82904,-0.4223332,2.8277183,7.573882,0.22518003,0.041996952,0.24656029,30.468752,0.61875004,17.00625,46.950733,0.3361091,49.741684,0.049874913,-0.12261776,-0.98277205,0.12897848,0.104572564,-0.08116175,-0.7860916,0.60376924,-1.0,0
1763545409303,1009.8151,-0.4336991,2.6829524,8.715259,0.21097742,-0.09315688,0.13507748,33.16875,2.2687502,15.543751,46.950733,0.3361091,49.741684,0.049836572,-0.12460776,-0.9823083,0.13060844,0.10555733,-0.08287605,-0.78471714,0.6051514,-1.0,0
1763545409328,1009.8151,-0.29491538,2.9168508,9.241081,0.2361756,-0.11117739,0.0778089,32.90625,3.24375,16.125,46.950733,0.3361091,49.741684,0.049037814,-0.12687843,-0.98191535,0.13168174,0.106013924,-0.08522835,-0.7837646,0.6059787,-1.0,0
1763545409353,1009.8144,-0.15314065,3.0652058,9.830314,0.2824486,0.0056504994,-0.02328922,33.300003,2.90625,15.187501,46.950733,0.3361091,49.741684,0.04848513,-0.13213408,-0.9812252,0.13185617,0.10818528,-0.090034395,-0.7829729,0.6059235,-1.0,0
1763545409379,1009.8366,-0.30927232,3.0418758,9.948758,0.3522399,0.15241076,-0.13248129,33.600002,2.9437501,15.450001,46.950733,0.3361091,49.741684,0.050448462,-0.13526522,-0.9808611,0.13064803,0.1114543,-0.09175884,-0.78325874,0.6047016,-1.0,0
1763545409404,1009.8366,-0.76331043,3.3463624,9.14477,0.17783801,0.13133593,-0.31665704,33.3375,2.9250002,13.63125,46.950733,0.3361091,49.741684,0.052706048,-0.1382537,-0.98058987,0.12865563,0.114910655,-0.09320698,-0.7839899,0.6028829,-1.0,0
1763545409429,1009.84515,-1.160519,3.6221352,9.329616,-0.06406444,0.19593488,-0.41943502,32.71875,2.11875,14.043751,46.950733,0.3361091,49.741684,0.05704867,-0.13884604,-0.9811074,0.12205341,0.11901541,-0.09147717,-0.7874184,0.5978625,-1.0,0
1763545409454,1009.84515,-1.6384853,3.5240295,9.715458,-0.28137958,0.21777329,-0.4644863,35.04375,4.21875,14.306251,46.950733,0.3361091,49.741684,0.059590444,-0.1358201,-0.98186666,0.11806938,0.119728856,-0.087539196,-0.78985006,0.5950956,-1.0,0
1763545409480,1009.86127,-1.6546369,3.0813572,11.12483,-0.62040955,-0.27137667,-0.38400486,32.60625,3.73125,13.968751,46.950733,0.3361091,49.741684,0.060234483,-0.1313303,-0.9828793,0.11433539,0.11805898,-0.08329412,-0.7924058,0.5926358,-1.0,0
1763545409505,1009.88715,-1.375873,2.7038896,12.57189,-0.794506,-0.29901832,-0.3982075,32.8875,6.6000004,14.868751,46.950733,0.3361091,49.741684,0.054531187,-0.118001595,-0.9857304,0.1069437,0.11293693,-0.079559244,-0.79528385,0.5902873,-1.0,0
1763545409530,1009.88715,-1.6319051,2.0291135,14.411372,-0.723493,-0.0386372,-0.35559967,34.59375,5.775,15.95625,46.950733,0.3361091,49.741684,0.05387669,-0.11068552,-0.9869435,0.10386807,0.10217307,-0.06866334,-0.8013253,0.58542615,-1.0,0
1763545409556,1009.95306,-1.7730815,0.84047896,13.820345,0.34994915,-0.082161315,0.16516256,34.48125,7.89375,13.5375,46.950733,0.3361091,49.741684,0.05463757,-0.10769906,-0.98736924,0.10255715,0.10128254,-0.06577384,-0.8027854,0.5839103,-1.0,0
1763545409582,1009.97894,-0.7692925,1.105484,11.468201,0.65507615,-0.25442517,0.41668615,34.21875,7.4812503,15.900001,46.950733,0.3361091,49.741684,0.05412717,-0.11057504,-0.98694694,0.10382265,0.10222086,-0.06861109,-0.802318,0.5840627,-1.0,0
1763545409607,1009.97894,0.74416786,1.3495519,9.461221,0.6289616,-0.2403753,0.43913543,32.30625,7.4062505,15.4875,46.950733,0.3361091,49.741684,0.04946128,-0.122991666,-0.9849619,0.110798836,0.10428425,-0.08184232,-0.7979358,0.58798397,-1.0,0
1763545409633,1009.9528,1.9250258,1.7724833,7.7772717,0.15645774,-0.04444041,-0.044822205,34.125,8.3625,14.00625,46.950733,0.3361091,49.741684,0.04761332,-0.12712708,-0.98429745,0.11282626,0.10469793,-0.08640989,-0.796696,0.58893734,-1.0,0
1763545409658,1009.90936,1.1736795,1.8693926,7.91785,-0.0032833982,0.10461059,-0.2636645,33.787502,7.33125,13.181251,46.950733,0.3361091,49.741684,0.046792876,-0.1286174,-0.98419386,0.11237903,0.10468742,-0.088162206,-0.79711825,0.5881075,-1.0,0
1763545409684,1009.90936,0.18903299,1.82692,8.05125,0.06391173,0.27977607,-0.29955283,33.28125,7.65,12.750001,46.950733,0.3361091,49.741684,0.05046867,-0.12845531,-0.98456836,0.10759361,0.107736655,-0.08625944,-0.8002098,0.5836235,-1.0,0
1763545409710,1009.8674,-0.6095716,2.0889342,6.172286,0.39668033,0.18249585,-0.09720386,34.03125,8.475,12.7875,46.950733,0.3361091,49.741684,0.0541043,-0.1305893,-0.98427755,0.10591708,0.11193671,-0.0863191,-0.8008946,0.5818823,-1.0,0
1763545409736,1009.8022,-0.4223332,2.4825535,5.311468,0.32337654,-0.031917684,-0.05688678,32.550003,7.8187504,13.89375,46.950733,0.3361091,49.741684,0.056381088,-0.13415678,-0.98376644,0.105012044,0.11569274,-0.08827254,-0.80086714,0.58089155,-1.0,0
1763545409761,1009.8022,-0.116650105,2.6608188,5.136792,0.11369721,-0.10079269,-0.10957387,32.68125,6.8625,11.925,46.950733,0.3361091,49.741684,0.055766013,-0.13881339,-0.9833636,0.10303472,0.11754347,-0.092534035,-0.80109286,0.57954395,-1.0,0
1763545409786,1009.75653,-0.04127619,2.7625136,5.499305,-0.10957387,0.014508039,-0.17737986,31.425001,7.9687505,12.76875,46.950733,0.3361091,49.741684,0.055957228,-0.13795103,-0.9836403,0.101451814,0.117315546,-0.091644496,-0.801891,0.57862693,-1.0,0
1763545409811,1009.75653,-0.5341976,3.2267213,7.5870423,-0.4067596,0.01847866,-0.26045746,32.100002,9.150001,12.937501,46.950733,0.3361091,49.741684,0.056634314,-0.13512187,-0.9841971,0.099468656,0.11652312,-0.08881253,-0.80315346,0.5774766,-1.0,0
1763545409836,1009.74384,-1.0893325,3.269792,9.116654,-0.34307694,-0.07651082,-0.16516256,31.29375,8.700001,12.281251,46.950733,0.3361091,49.741684,0.056711383,-0.13137165,-0.98551345,0.095772624,0.11258177,-0.08315578,-0.80568784,0.5755671,-1.0,0
1763545409862,1009.77264,-1.2819548,3.2877383,10.164711,-0.14958552,-0.106290475,-0.0032833982,31.25625,9.95625,11.587501,46.950733,0.3361091,49.741684,0.05489821,-0.12709391,-0.98573726,0.095678754,0.11109934,-0.082605265,-0.8057711,0.5758179,-1.0,0
1763545409887,1009.77264,-1.1760724,3.7615173,10.837093,0.0692568,-0.054366965,0.34521496,31.725,10.106251,12.76875,46.950733,0.3361091,49.741684,0.053953238,-0.1274698,-0.98558784,0.09724661,0.11049503,-0.08336878,-0.80467695,0.57735217,-1.0,0
1763545409912,1009.82294,-0.37567315,3.8398821,11.167303,0.075670876,0.033597562,0.4088976,31.368752,10.462501,11.1,46.950733,0.3361091,49.741684,0.053023033,-0.12962127,-0.98463315,0.10432985,0.11081929,-0.08562829,-0.7999442,0.58350337,-1.0,0
1763545409937,1009.82294,0.22253251,4.063013,11.453245,0.023594651,0.12247839,0.29955283,29.98125,10.931251,12.750001,46.950733,0.3361091,49.741684,0.053595163,-0.13010968,-0.9842105,0.10737054,0.11157594,-0.0857425,-0.7979404,0.5860804,-1.0,0
1763545409962,1009.8637,-0.25244278,4.077968,11.702099,-0.16699515,0.2131918,0.044669487,30.393751,11.3625,10.9875,46.950733,0.3361091,49.741684,0.054923445,-0.12964337,-0.98402005,0.108990125,0.112506635,-0.08465393,-0.7968627,0.5875251,-1.0,0
1763545409987,1009.9008,-0.24945176,4.03729,11.924033,-0.29985824,-0.006872229,-0.014889829,29.737501,11.90625,12.4125,46.950733,0.3361091,49.741684,0.056518514,-0.12807764,-0.9840443,0.10981234,0.11311941,-0.08247559,-0.79634655,0.58841646,-1.0,0
1763545410013,1009.9008,0.34456646,3.2015967,12.763914,-0.45287988,-0.43615746,-0.18089233,28.425001,10.293751,10.481251,46.950733,0.3361091,49.741684,0.05129983,-0.121612415,-0.98536044,0.10790401,0.10537936,-0.07947609,-0.79831725,0.5875954,-1.0,0
1763545410038,1009.93646,-1.9393828,1.6127625,14.429318,-0.05184715,0.10063997,-0.25831944,27.768751,11.56875,12.95625,46.950733,0.3361091,49.741684,0.0468195,-0.117445044,-0.9864626,0.10442835,0.09937272,-0.07816955,-0.8013165,0.58472764,-1.0,0
1763545410063,1009.9816,-2.8055844,1.4841483,12.21177,0.3682751,0.39400777,0.031841327,27.243752,14.00625,11.793751,46.950733,0.3361091,49.741684,0.048100356,-0.11627778,-0.9867865,0.10207414,0.09984537,-0.07658365,-0.80316186,0.5823203,-1.0,0
1763545410089,1009.9816,-2.5818555,2.3635106,10.095319,0.48403397,0.03649917,0.24549128,27.150002,13.500001,11.83125,46.950733,0.3361091,49.741684,0.053540435,-0.123421386,-0.985371,0.10462387,0.10809011,-0.080099426,-0.80095553,0.5834131,-1.0,0
1763545410114,1009.9399,-1.4386846,2.4011974,8.910274,0.37239844,-0.38255405,0.1787543,26.7,11.118751,9.84375,46.950733,0.3361091,49.741684,0.050302748,-0.12740809,-0.9849255,0.10563139,0.10729026,-0.08515872,-0.79999954,0.58415544,-1.0,0
1763545410139,1009.90546,-1.4410775,1.9070797,8.86122,0.1107956,0.021991132,0.005574141,26.306252,12.3,11.981251,46.950733,0.3361091,49.741684,0.047653165,-0.12943108,-0.9848064,0.10551494,0.10601227,-0.08823053,-0.79992545,0.58403426,-1.0,0
1763545410165,1009.90546,-1.8293129,1.8729819,8.462815,0.1805869,0.13225223,0.05535962,22.875,10.462501,11.681251,46.950733,0.3361091,49.741684,0.048147134,-0.13033311,-0.98466367,0.10551099,0.10688421,-0.08877296,-0.7998502,0.58389616,-1.0,0
1763545410190,1009.86566,-1.8999012,2.1457636,7.7443705,0.24060437,-0.06169734,0.16210824,24.69375,11.512501,11.418751,46.950733,0.3361091,49.741684,0.04956503,-0.13411658,-0.983886,0.107357144,0.11000668,-0.09133696,-0.79823786,0.5851259,-1.0,0
1763545410215,1009.86566,-0.4953143,2.4526432,7.2705917,0.15050182,-0.25243986,0.13141228,26.306252,12.69375,8.400001,46.950733,0.3361091,49.741684,0.047007278,-0.13669433,-0.9834947,0.10882361,0.10909858,-0.09482895,-0.7970608,0.58634377,-1.0,0
1763545410240,1009.8193,-0.32482567,2.4616163,7.432107,0.06543889,-0.015577052,0.0080176005,23.23125,10.743751,11.625,46.950733,0.3361091,49.741684,0.044534534,-0.1392285,-0.98315734,0.109695576,0.10824909,-0.098234676,-0.7961932,0.58711874,-1.0,0
1763545410266,1009.7912,-0.6759724,2.4005992,7.72463,0.098578304,0.15363249,-0.037797257,21.525002,11.587501,9.75,46.950733,0.3361091,49.741684,0.04617673,-0.14001204,-0.9829939,0.10949659,0.11006868,-0.09808418,-0.7961149,0.58691174,-1.0,0
1763545410291,1009.7912,-1.1210374,2.5669005,7.18445,0.31421357,-0.13698642,0.019013166,22.462502,11.175,9.675,46.950733,0.3361091,49.741684,0.047397237,-0.14217009,-0.9826451,0.109308906,0.112214774,-0.099331304,-0.7958555,0.58664733,-1.0,0
1763545410316,1009.75653,-0.951147,2.6452653,7.2861447,0.28305948,-0.2773326,0.045585785,21.862501,10.368751,9.31875,46.950733,0.3361091,49.741684,0.046570197,-0.1453548,-0.98223907,0.10912615,0.11311352,-0.102480024,-0.79548067,0.5864415,-1.0,0
1763545410342,1009.73676,-0.5377869,2.6548367,7.917252,0.24197881,-0.20876303,0.054748755,19.275002,9.975,10.387501,46.950733,0.3361091,49.741684,0.042585697,-0.15099286,-0.9815711,0.10911768,0.112523146,-0.10932022,-0.7947222,0.5863483,-1.0,0
1763545410368,1009.73676,-0.1160519,2.7589245,8.958728,0.34490952,-0.06826414,0.026190827,20.175001,9.20625,8.625,46.950733,0.3361091,49.741684,0.04195125,-0.15367553,-0.9811554,0.10936185,0.11331565,-0.11196244,-0.7942543,0.58633107,-1.0,0
1763545410393,1009.7553,0.012562319,2.8091738,9.139386,0.40248352,-0.12293654,-0.03810269,17.94375,9.09375,9.337501,46.950733,0.3361091,49.741684,0.041553587,-0.15698574,-0.98064417,0.10938283,0.114616565,-0.1150404,-0.79387385,0.58599746,-1.0,0
1763545410418,1009.7553,0.23988047,2.6195426,9.165708,0.37453645,-0.20402883,-0.13645191,18.54375,9.168751,9.262501,46.950733,0.3361091,49.741684,0.03927954,-0.16444884,-0.9797822,0.10696431,0.116330855,-0.12269233,-0.7946092,0.5831037,-1.0,0
1763545410443,1009.7758,-0.31046873,3.1537402,9.218947,-0.0816268,0.06933315,-0.35300347,17.475,8.306251,10.05,46.950733,0.3361091,49.741684,0.03824737,-0.16611491,-0.9798318,0.10428413,0.116225995,-0.12469351,-0.7962044,0.5805184,-1.0,0
1763545410469,1009.8095,-1.1844472,3.8261235,9.662218,-0.26106834,0.22113305,-0.40950847,16.743752,7.4812503,9.712501,46.950733,0.3361091,49.741684,0.039314292,-0.16509528,-0.9802955,0.101096995,0.116623834,-0.12329191,-0.798275,0.5778884,-1.0,0
1763545410494,1009.8095,-1.7078772,4.1007,9.945169,-0.3342194,0.076052666,-0.37972882,15.618751,6.3750005,10.200001,46.950733,0.3361091,49.741684,0.043211754,-0.1590748,-0.9818061,0.094248004,0.11706267,-0.1160536,-0.8026393,0.57323474,-1.0,0
1763545410520,1009.8305,-1.2065809,3.8590248,10.07139,-0.464639,-0.35323256,-0.34796384,16.59375,6.6000004,8.08125,46.950733,0.3361091,49.741684,0.040202744,-0.15496534,-0.9829374,0.09055618,0.11244287,-0.11396139,-0.8052544,0.57090694,-1.0,0
1763545410545,1009.85956,0.049052864,2.964109,13.386048,-0.6889791,-0.48395762,-0.5183951,15.0375,7.05,10.21875,46.950733,0.3361091,49.741684,0.034040414,-0.14900695,-0.98451203,0.085890755,0.10413747,-0.11188002,-0.80888426,0.5677539,-1.0,0
1763545410570,1009.85956,-0.32482567,2.0249262,14.408979,-0.39041895,-0.21578798,-0.50602514,13.275001,6.3750005,11.0625,46.950733,0.3361091,49.741684,0.027695807,-0.13838105,-0.98710984,0.07550599,0.09320344,-0.105968975,-0.81696093,0.55915874,-1.0,0
1763545410595,1009.92255,-0.47138608,1.3417753,13.463217,-0.032299474,-0.116522454,-0.2994001,12.20625,5.5125003,11.85,46.950733,0.3361091,49.741684,0.026922917,-0.13747069,-0.9874805,0.07250052,0.091977626,-0.10565608,-0.8193228,0.55595595,-1.0,0
1763545410621,1009.9462,1.5463617,1.5523437,11.163714,-0.007101303,-0.29764387,-0.09598213,11.53125,6.4500003,10.63125,46.950733,0.3361091,49.741684,0.024616005,-0.13795947,-0.98755664,0.071369804,0.0901261,-0.1073128,-0.82045245,0.5542734,-1.0,0
1763545410647,1009.9462,1.9543378,1.6689938,10.9579315,-0.09078978,-0.058337588,-0.24274239,9.806251,4.51875,12.0,46.950733,0.3361091,49.741684,0.020618837,-0.13649973,-0.988099,0.06784891,0.085733324,-0.108199365,-0.8236977,0.549968,-1.0,0
1763545410673,1009.9638,1.3010973,1.8592232,10.433903,-0.065286174,0.2614501,-0.34964374,10.6125,4.9500003,13.275001,46.950733,0.3361091,49.741684,0.023057576,-0.13538134,-0.9883929,0.06494772,0.08721172,-0.10608443,-0.8258186,0.54695874,-1.0,0
1763545410698,1009.935,-0.44805604,2.477768,8.644072,0.41500625,0.481056,-0.1392008,11.418751,2.1937501,10.40625,46.950733,0.3361091,49.741684,0.027850254,-0.13595064,-0.98834467,0.06260838,0.09161481,-0.10423474,-0.8271447,0.54458565,-1.0,0
1763545410723,1009.935,-0.2943172,2.6458635,7.066005,0.65370166,0.2933678,-0.0009926553,10.33125,2.71875,10.650001,46.950733,0.3361091,49.741684,0.032859836,-0.1395437,-0.98774207,0.061797727,0.097738676,-0.10487734,-0.82706493,0.54351777,-1.0,0
1763545410748,1009.86835,0.111266255,3.01376,5.616553,0.6966149,0.09025527,0.013973532,12.243751,1.1812501,9.76875,46.950733,0.3361091,49.741684,0.03722962,-0.15251291,-0.9856479,0.062009554,0.108013585,-0.11392746,-0.82491803,0.54301363,-1.0,0
1763545410773,1009.86835,0.16271193,3.528217,4.113262,0.2966512,-0.031917684,-0.3191005,9.918751,1.4250001,11.08125,46.950733,0.3361091,49.741684,0.03743795,-0.15819474,-0.9848356,0.06060874,0.111073226,-0.11870077,-0.82463384,0.5418043,-1.0,0
1763545410798,1009.7309,-0.32063824,3.458825,4.158128,-0.033521205,-0.04612029,-0.45226902,11.26875,0.46875003,7.1250005,46.950733,0.3361091,49.741684,0.037694264,-0.16141748,-0.9844898,0.057449356,0.11297927,-0.12129397,-0.8255386,0.539453,-1.0,0
1763545410824,1009.7133,-0.93320084,3.4911282,5.0847483,-0.34613127,-0.09697478,-0.47975793,8.681251,0.3,10.5,46.950733,0.3361091,49.741684,0.03773918,-0.15847418,-0.9854492,0.048493024,0.11173975,-0.118543416,-0.82999104,0.53345716,-1.0,0
1763545410851,1009.7133,-1.6277176,3.4707892,8.669196,-0.3991238,-0.20906848,-0.2984838,8.025001,-0.88125,9.5625,46.950733,0.3361091,49.741684,0.03676728,-0.1540921,-0.9863699,0.044476837,0.1087932,-0.11515318,-0.8324181,0.53102154,-1.0,0
1763545410875,1009.7436,-2.0811574,3.4408789,9.786645,-0.17004949,-0.21303909,-0.12484549,6.5062504,-1.66875,11.925,46.950733,0.3361091,49.741684,0.0353122,-0.15047053,-0.9871151,0.04141809,0.10578395,-0.11268577,-0.8343107,0.5291855,-1.0,0
1763545410901,1009.7966,-2.3856442,3.4420755,10.10489,-0.0054214248,-0.21930045,0.09308052,8.625,-1.44375,10.6125,46.950733,0.3361091,49.741684,0.0319745,-0.1490947,-0.98747957,0.040404893,0.102306254,-0.11307091,-0.83466107,0.52923465,-1.0,0
1763545410926,1009.7966,-1.4829519,3.5760734,11.185847,-0.06406444,-0.10644319,0.42981973,7.1625004,-2.8500001,11.306251,46.950733,0.3361091,49.741684,0.029713064,-0.1492929,-0.98741305,0.04294389,0.100500576,-0.11432792,-0.8330868,0.53178483,-1.0,0
1763545410951,1009.86395,-0.75493556,3.6263227,11.8695965,-0.09369139,0.16584979,0.41683885,6.1687503,-1.2,11.775001,46.950733,0.3361091,49.741684,0.028355218,-0.14886603,-0.9873396,0.046854068,0.09914342,-0.11461107,-0.8309157,0.53536344,-1.0,0
1763545410976,1009.90717,-0.5491528,3.6693935,12.131611,-0.08651373,0.43142325,0.36018115,7.0875,-1.725,11.25,46.950733,0.3361091,49.741684,0.032921012,-0.1470361,-0.98704445,0.055159304,0.10217786,-0.110738635,-0.82649374,0.5424064,-1.0,0
1763545411002,1009.90717,-0.933799,4.066004,11.748759,-0.09521855,0.5571087,0.35712683,6.525,-2.4,10.725,46.950733,0.3361091,49.741684,0.037714813,-0.14601646,-0.98678106,0.059381906,0.10583064,-0.1074381,-0.8240684,0.5460478,-1.0,0
1763545411027,1009.93475,-0.26679972,3.5934215,11.738589,-0.31390813,-0.18035783,0.23587017,6.5625005,-1.4250001,11.90625,46.950733,0.3361091,49.741684,0.040091865,-0.14461066,-0.986662,0.06310882,0.10721473,-0.10499767,-0.82193124,0.5494629,-1.0,0
1763545411053,1009.93475,-0.43968117,2.885146,13.261621,-0.29955283,-0.11988221,0.17417282,6.2812505,-1.44375,10.5375,46.950733,0.3361091,49.741684,0.036101393,-0.13902563,-0.98737043,0.066864006,0.10093529,-0.10219315,-0.8208019,0.55285877,-1.0,0
1763545411078,1009.9628,-0.933799,2.1894326,13.269997,0.06207913,0.3019199,0.23098324,7.6875005,-0.91875005,10.9875,46.950733,0.3361091,49.741684,0.03868975,-0.13911942,-0.9870808,0.06944471,0.10316065,-0.10103932,-0.81959456,0.55444896,-1.0,0
1763545411103,1009.92596,-1.2269198,2.7643085,9.335598,0.25862488,-0.15378521,0.3615556,5.5875,-1.8750001,11.1,46.950733,0.3361091,49.741684,0.041476853,-0.14203785,-0.986304,0.07286657,0.10698887,-0.10221768,-0.8174591,0.55665565,-1.0,0
1763545411128,1009.92596,-0.51206404,2.472384,8.986844,-0.03413207,-0.3167334,0.2512945,6.6937504,-1.5187501,11.26875,46.950733,0.3361091,49.741684,0.039883677,-0.14468144,-0.98575306,0.07595903,0.10693518,-0.10530069,-0.8154187,0.5590787,-1.0,0
1763545411155,1009.91156,-0.3499503,1.9387846,9.506086,-0.22823435,-0.008552107,0.116904244,6.3,-2.0625,11.043751,46.950733,0.3361091,49.741684,0.03653867,-0.14465438,-0.98573345,0.07791156,0.104024634,-0.10695246,-0.8144311,0.5607514,-1.0,0
1763545411180,1009.8747,-1.1371889,1.7521443,9.327223,-0.060399257,0.26267186,0.1514181,4.8375,-2.8312502,10.1625,46.950733,0.3361091,49.741684,0.038437393,-0.1398221,-0.9861612,0.08037985,0.1031763,-0.101893336,-0.8139733,0.56251204,-1.0,0
1763545411205,1009.8747,-1.268196,1.9064814,8.558528,0.092164226,0.062308207,0.267177,5.11875,-2.0625,11.00625,46.950733,0.3361091,49.741684,0.040793005,-0.13883951,-0.9860562,0.08217445,0.104693495,-0.09989869,-0.81316745,0.56375366,-1.0,0
1763545411230,1009.8354,-0.9816555,2.1649063,7.8406816,0.16287182,-0.09040799,0.3928624,4.5,-2.23125,10.6125,46.950733,0.3361091,49.741684,0.040166277,-0.14127927,-0.98521024,0.088256665,0.10535036,-0.10234462,-0.8095003,0.5684506,-1.0,0
1763545411256,1009.8354,-0.3930211,2.5441687,7.3106713,0.15004367,-0.09850194,0.44203702,5.7000003,-2.0062501,12.01875,46.950733,0.3361091,49.741684,0.03879498,-0.14300728,-0.98464686,0.09226529,0.10503609,-0.104516014,-0.8069535,0.5717253,-1.0,0
1763545411281,1009.79974,0.32063824,3.0143583,7.32443,0.1297324,-0.042302385,0.27710354,4.4625,-2.2687502,13.106251,46.950733,0.3361091,49.741684,0.037760742,-0.14438029,-0.9841456,0.095847584,0.10484559,-0.1062023,-0.80462164,0.5747282,-1.0,0
1763545411307,1009.76996,0.2638087,3.1112676,7.2299137,0.18119776,-0.12583815,0.15462515,3.9375002,-2.0625,12.056251,46.950733,0.3361091,49.741684,0.03557727,-0.14805406,-0.9833001,0.09966262,0.104836725,-0.1104313,-0.8017391,0.577952,-1.0,0
1763545411332,1009.76996,-0.66400826,3.039483,7.821539,0.117362395,-0.27656904,0.061620984,3.24375,-1.8750001,11.34375,46.950733,0.3361091,49.741684,0.033112366,-0.15010099,-0.9830607,0.099821426,0.10375894,-0.1134056,-0.8012803,0.5782068,-1.0,0
1763545411357,1009.7797,-0.6891329,2.8630123,8.79482,0.14362958,-0.18539746,0.14240785,3.91875,-3.5625002,12.76875,46.950733,0.3361091,49.741684,0.030601436,-0.15165028,-0.9828909,0.09995166,0.10239459,-0.11597251,-0.8008951,0.5784745,-1.0,0
1763545411382,1009.8034,-0.34217364,2.861816,9.628718,0.28580835,-0.12767074,0.18577924,2.41875,-3.825,11.700001,46.950733,0.3361091,49.741684,0.027736066,-0.15607567,-0.98202646,0.10245169,0.102134906,-0.121232554,-0.79886526,0.580246,-1.0,0
1763545411408,1009.8034,-0.05503492,2.8893332,9.783055,0.44784024,-0.17363831,0.13645191,3.2625,-4.6125,12.1125,46.950733,0.3361091,49.741684,0.026299486,-0.16043593,-0.9812659,0.10336877,0.10305228,-0.12574418,-0.7978483,0.58052284,-1.0,0
1763545411433,1009.82245,0.41754755,2.693122,8.903095,0.2945132,-0.25060728,-0.15477787,3.5062501,-4.8562503,13.200001,46.950733,0.3361091,49.741684,0.024254946,-0.16516118,-0.9805656,0.10307535,0.103615396,-0.13088307,-0.7975269,0.57972777,-1.0,0
1763545411458,1009.84735,0.23030917,2.8785655,8.79482,-0.07231112,-0.008857539,-0.3615556,2.9250002,-7.5375004,14.793751,46.950733,0.3361091,49.741684,0.022611495,-0.1672506,-0.9807952,0.09776354,0.10317968,-0.13355888,-0.8006307,0.57489693,-1.0,0
1763545411483,1009.84735,-0.5515456,3.3122647,9.379865,-0.41118836,0.3019199,-0.54023355,2.5875,-7.8187504,14.531251,46.950733,0.3361091,49.741684,0.025984373,-0.16295615,-0.9818754,0.093213215,0.1039589,-0.12815027,-0.80382323,0.5715228,-1.0,0
1763545411508,1009.8671,-1.8370895,3.531208,10.705488,-0.4954877,0.14401138,-0.49976376,1.9125,-6.8812504,13.1625,46.950733,0.3361091,49.741684,0.030216303,-0.15743566,-0.9831044,0.08836972,0.104893364,-0.121228434,-0.8071722,0.5681321,-1.0,0
1763545411533,1009.8671,-1.1940185,3.391228,10.777273,-0.53748465,-0.14752385,-0.44234246,3.24375,-8.118751,14.94375,46.950733,0.3361091,49.741684,0.03228393,-0.15245683,-0.98421127,0.08391568,0.10422683,-0.11585394,-0.8102011,0.56505644,-1.0,0
1763545411559,1009.9057,-0.74596244,3.290131,11.611172,-0.6624065,-0.10598504,-0.46570805,3.825,-6.80625,13.575001,46.950733,0.3361091,49.741684,0.030562498,-0.1409456,-0.9866801,0.07521156,0.09700339,-0.10672482,-0.81656,0.55895436,-1.0,0
1763545411584,1009.9294,-0.8662018,2.6668007,12.75195,-0.58742285,0.2084576,-0.46586075,2.775,-8.306251,14.85,46.950733,0.3361091,49.741684,0.03279609,-0.13488926,-0.98775387,0.071211055,0.09588348,-0.10038458,-0.81961256,0.5558458,-1.0,0
1763545411609,1009.9294,-1.2490535,1.4769697,11.533405,-0.016569708,-0.09407318,-0.12438734,1.8937501,-8.26875,15.093751,46.950733,0.3361091,49.741684,0.035895716,-0.13177676,-0.9882673,0.06834368,0.09696182,-0.0961878,-0.821771,0.5532077,-1.0,0
1763545411635,1009.935,-0.28713873,1.4219348,10.810175,-0.057192214,-0.4074468,0.04650208,5.1937504,-8.043751,13.200001,46.950733,0.3361091,49.741684,0.03130653,-0.13056566,-0.98868394,0.06694485,0.092273906,-0.09753425,-0.82343554,0.5512953,-1.0,0
1763545411661,1009.9438,1.8311075,1.2000005,10.8682,-0.2022726,0.14202607,-0.043753188,2.7562501,-9.28125,13.218751,46.950733,0.3361091,49.741684,0.028155072,-0.12865232,-0.98901284,0.067214094,0.08850794,-0.09752091,-0.82403755,0.5510155,-1.0,0
1763545411686,1009.9438,1.2526426,1.8891335,10.327422,-0.0891099,0.43401942,-0.09231694,2.49375,-9.806251,13.106251,46.950733,0.3361091,49.741684,0.028846776,-0.12623931,-0.9893082,0.06711825,0.087807246,-0.095175296,-0.8249132,0.550227,-1.0,0
1763545411711,1009.8986,0.72382885,2.5465615,9.285947,0.07750347,0.41951138,-0.07933606,5.64375,-8.962501,9.806251,46.950733,0.3361091,49.741684,0.036367707,-0.12530857,-0.9892069,0.06664603,0.09377922,-0.09072131,-0.82561046,0.5489467,-1.0,0
1763545411737,1009.8986,0.66699934,2.7846475,8.166703,0.22976151,0.25900668,-0.061926417,3.80625,-10.650001,12.093751,46.950733,0.3361091,49.741684,0.038783703,-0.12745942,-0.9888608,0.06633755,0.09694352,-0.091389835,-0.8254681,0.5485,-1.0,0
1763545411762,1009.8322,0.6622137,3.2033913,6.0957155,0.26442808,0.12614357,-0.18730642,3.4875002,-9.95625,13.481251,46.950733,0.3361091,49.741684,0.04020816,-0.13047908,-0.988466,0.06553346,0.09968936,-0.09329252,-0.8254611,0.5476975,-1.0,0
1763545411787,1009.7802,0.39661035,3.3924243,5.5944195,0.12912154,0.12553272,-0.30810493,3.5062501,-10.6875,11.83125,46.950733,0.3361091,49.741684,0.04155583,-0.13320243,-0.9881563,0.06385677,0.10224217,-0.09495413,-0.82584816,0.54635614,-1.0,0
1763545411812,1009.7802,0.0317049,3.275176,5.6063833,-0.032604907,0.07116575,-0.4107302,2.775,-10.5375,13.743751,46.950733,0.3361091,49.741684,0.044111438,-0.13458265,-0.9882655,0.057292607,0.10524766,-0.09476839,-0.8286166,0.5416054,-1.0,0
1763545411839,1009.75433,-1.0540384,3.0352955,7.2939215,-0.20471606,-0.047647454,-0.34796384,2.8125,-13.14375,15.13125,46.950733,0.3361091,49.741684,0.04442541,-0.13320485,-0.9886576,0.05326198,0.104888916,-0.09335685,-0.8306554,0.53878975,-1.0,0
1763545411864,1009.76874,-1.3316058,2.9850461,7.9346,-0.18791728,0.010995566,-0.24182609,3.825,-14.025001,14.137501,46.950733,0.3361091,49.741684,0.044917442,-0.12968682,-0.98938715,0.047716018,0.103647836,-0.08996317,-0.8335436,0.53513443,-1.0,0
1763545411889,1009.76874,-1.7527425,3.2309089,8.670991,-0.16103923,0.0058032153,-0.09598213,4.0125003,-13.25625,11.925,46.950733,0.3361091,49.741684,0.045275636,-0.128311,-0.989592,0.04684104,0.10331832,-0.088537656,-0.8338756,0.5349186,-1.0,0
1763545411914,1009.799,-1.8927227,3.3110683,10.200603,0.03199404,-0.12614357,0.22594361,4.4812503,-14.56875,12.243751,46.950733,0.3361091,49.741684,0.044793922,-0.12791494,-0.9896397,0.047376465,0.102744676,-0.08838698,-0.83339804,0.53579754,-1.0,0
1763545411939,1009.8461,-2.0285153,3.6311083,10.919646,0.06864593,-0.06627883,0.39774933,2.0812502,-15.337501,15.01875,46.950733,0.3361091,49.741684,0.043594666,-0.12849396,-0.98952293,0.04932731,0.10203133,-0.08944718,-0.8321064,0.53776175,-1.0,0
1763545411965,1009.8461,-1.3345969,3.7214375,11.84507,0.13309216,0.082466744,0.496404,4.74375,-14.56875,14.38125,46.950733,0.3361091,49.741684,0.04324289,-0.13103992,-0.988748,0.05773797,0.10307417,-0.09174509,-0.8267914,0.5453206,-1.0,0
1763545411990,1009.8962,-0.8428718,3.9649072,11.78166,0.29497132,0.45371982,0.39576402,2.98125,-13.762501,15.150001,46.950733,0.3361091,49.741684,0.04556888,-0.13347155,-0.98803777,0.06231304,0.10631459,-0.09267434,-0.8238347,0.5490037,-1.0,0
1763545412015,1009.8962,-1.2011969,4.3328037,11.124232,0.23006694,0.5016727,0.4098139,3.6375,-14.2875,13.25625,46.950733,0.3361091,49.741684,0.04951415,-0.13630436,-0.9871884,0.06656057,0.11116079,-0.09313309,-0.8208901,0.5523666,-1.0,0
1763545412040,1009.913,-0.94755775,4.610371,10.625927,0.06146827,0.343306,0.37606362,6.0375004,-12.562501,13.9875,46.950733,0.3361091,49.741684,0.056797016,-0.13946585,-0.9857464,0.07504257,0.119131416,-0.09210991,-0.81487983,0.559727,-1.0,0
1763545412065,1009.9462,-0.16091733,4.2317066,11.048261,-0.22365287,-0.12965605,0.17432554,4.8562503,-13.931251,14.793751,46.950733,0.3361091,49.741684,0.055022232,-0.13784245,-0.98594755,0.076689795,0.1168168,-0.09155209,-0.8140126,0.5615652,-1.0,0
1763545412091,1009.9462,-1.2831511,2.0063818,13.884354,-0.015653409,0.07055488,-0.04650208,4.4437504,-14.3625,17.34375,46.950733,0.3361091,49.741684,0.052036326,-0.1348303,-0.98656774,0.076167665,0.11270277,-0.09047085,-0.8149274,0.5612543,-1.0,0
1763545412116,1009.9587,-2.018944,1.4147564,12.439089,0.4143954,0.24480405,0.1476002,5.26875,-14.137501,14.156251,46.950733,0.3361091,49.741684,0.05526617,-0.13747865,-0.9859371,0.07728487,0.116692685,-0.09131021,-0.81464374,0.56071454,-1.0,0
1763545412141,1009.9245,-1.9232312,1.6887345,10.150951,0.50587237,-0.09376775,0.29420775,3.6562502,-13.950001,16.48125,46.950733,0.3361091,49.741684,0.054593734,-0.14211312,-0.9851297,0.079630464,0.118388094,-0.09571276,-0.8130288,0.5619675,-1.0,0
1763545412166,1009.9245,-0.43669012,1.5266209,8.918648,-0.046043932,-0.12278382,0.22258386,2.71875,-15.675,17.60625,46.950733,0.3361091,49.741684,0.051101424,-0.144598,-0.9847758,0.081844755,0.11658075,-0.09964346,-0.81176656,0.56348485,-1.0,0
1763545412191,1009.90155,-0.27936205,1.4506488,9.023932,-0.16470441,0.20387612,0.090178914,6.80625,-15.1125,16.21875,46.950733,0.3361091,49.741684,0.049544364,-0.14410047,-0.98476106,0.08381165,0.11493968,-0.10004247,-0.8110208,0.56482357,-1.0,0
1763545412216,1009.8593,-0.7328019,1.5326029,8.717052,-0.13553563,0.2886336,0.047265664,5.7562504,-14.475,16.125,46.950733,0.3361091,49.741684,0.0535984,-0.14034428,-0.9849081,0.085959606,0.11647652,-0.09488132,-0.8106499,0.56593066,-1.0,0
1763545412241,1009.8593,-1.1539388,1.6097715,8.196015,-0.03092503,0.12553272,0.108963005,4.05,-16.3875,16.10625,46.950733,0.3361091,49.741684,0.054681998,-0.1397801,-0.9848206,0.08716316,0.11710649,-0.09388673,-0.81014377,0.56669074,-1.0,0
1763545412267,1009.8127,-1.439881,2.0141585,7.18445,0.09445497,-0.23869541,0.43165234,5.08125,-15.656251,16.275002,46.950733,0.3361091,49.741684,0.053482935,-0.14047042,-0.9845999,0.08928156,0.11639979,-0.095097,-0.8089638,0.56831795,-1.0,0
1763545412292,1009.8127,-0.7579266,2.3012972,7.0492554,0.07261655,-0.22510368,0.5640573,5.08125,-14.700001,18.993752,46.950733,0.3361091,49.741684,0.048202667,-0.14288943,-0.9836973,0.09796863,0.11304297,-0.09981075,-0.8037691,0.5755122,-1.0,0
1763545412317,1009.7812,-0.023928227,2.6285157,7.152147,0.07322741,-0.18203771,0.54130256,5.4187503,-13.275001,16.25625,46.950733,0.3361091,49.741684,0.045731444,-0.14410064,-0.9831412,0.10284197,0.11151518,-0.10208199,-0.80079925,0.5795379,-1.0,0
1763545412342,1009.76996,0.13938192,3.1310084,7.2089763,0.1146135,-0.33826637,0.27343833,5.1937504,-14.175,18.487501,46.950733,0.3361091,49.741684,0.04283669,-0.14564694,-0.98266095,0.106436916,0.109793514,-0.1048495,-0.79850155,0.5825352,-1.0,0
1763545412368,1009.76996,-0.17228323,3.2410784,7.265208,0.06589704,-0.39477137,0.16898046,5.1375003,-13.687501,18.618752,46.950733,0.3361091,49.741684,0.035301834,-0.14874512,-0.9821532,0.10955795,0.10487581,-0.111231364,-0.7961547,0.5854625,-1.0,0
1763545412392,1009.77655,-0.42652065,3.2159536,7.7976108,-0.0049632764,-0.3735438,0.12912154,4.74375,-15.712501,18.46875,46.950733,0.3361091,49.741684,0.031620942,-0.14933077,-0.98211443,0.110238686,0.102018446,-0.113542005,-0.79557884,0.58630604,-1.0,0
1763545412417,1009.7946,-0.38285163,3.2075787,8.776874,-0.0045051277,-0.3518581,0.122707464,5.8500004,-13.63125,20.7,46.950733,0.3361091,49.741684,0.028170755,-0.14981827,-0.98207325,0.11088373,0.09930098,-0.11566489,-0.7950811,0.5870324,-1.0,0
1763545412442,1009.7946,-0.019142581,3.2380872,9.769297,0.25954118,-0.2855793,0.00038179048,3.1312501,-15.4125,21.54375,46.950733,0.3361091,49.741684,0.025101343,-0.15134361,-0.9818876,0.11119352,0.09741419,-0.118513264,-0.7947218,0.58726686,-1.0,0
1763545412467,1009.8156,0.15732808,3.1345978,9.346964,0.25159994,-0.28985533,-0.0994946,3.1875002,-16.5375,22.6875,46.950733,0.3361091,49.741684,0.020283818,-0.15682694,-0.98135126,0.10929575,0.09598673,-0.12566867,-0.7951934,0.58537287,-1.0,0
1763545412492,1009.8156,0.20219351,3.2482567,9.556933,-0.26503897,-0.0048869182,-0.4568505,4.8,-15.8625,22.331251,46.950733,0.3361091,49.741684,0.018311428,-0.15741245,-0.9816005,0.106512204,0.09456541,-0.12716688,-0.7968314,0.5830485,-1.0,0
1763545412517,1009.8571,-0.6891329,3.4079776,10.36152,-0.5009855,0.22128576,-0.63919365,5.3625,-17.41875,22.050001,46.950733,0.3361091,49.741684,0.018607695,-0.15486118,-0.98245674,0.10223095,0.093546346,-0.12480903,-0.79971176,0.57976973,-1.0,0
1763545412542,1009.8969,-1.7796619,3.3038898,11.37189,-0.5727621,0.20189081,-0.6445387,5.53125,-18.018751,21.75,46.950733,0.3361091,49.741684,0.023885561,-0.14400944,-0.98511374,0.09078577,0.092727035,-0.11274277,-0.80755395,0.57144326,-1.0,0
1763545412568,1009.8969,-2.0291135,3.1226335,12.18186,-0.5107593,0.02046397,-0.5005273,5.30625,-18.431252,22.425001,46.950733,0.3361091,49.741684,0.024762196,-0.13889918,-0.9862464,0.086089,0.090946496,-0.10786514,-0.8107953,0.5680711,-1.0,0
1763545412593,1009.94354,-0.9056834,2.6703901,13.798212,-0.27542365,-0.014355322,-0.22533275,6.1687503,-17.081251,21.337502,46.950733,0.3361091,49.741684,0.02389809,-0.13456444,-0.9871618,0.0826535,0.088025324,-0.10454796,-0.81332874,0.5655242,-1.0,0
1763545412618,1009.94354,-0.4779663,2.1637099,13.806586,0.07276927,0.1753182,-0.08239039,4.8375,-20.081251,21.6375,46.950733,0.3361091,49.741684,0.0239785,-0.13164724,-0.98772997,0.08052071,0.086607404,-0.102005474,-0.81504065,0.56373996,-1.0,0
1763545412643,1009.96625,0.084346995,1.9190438,12.251252,0.3814087,0.09315688,0.058872093,5.5687504,-20.643751,23.1375,46.950733,0.3361091,49.741684,0.026821394,-0.13500586,-0.98720133,0.08053154,0.09061992,-0.10360524,-0.8152804,0.5624694,-1.0,0
1763545412669,1009.966,0.95054877,1.9561325,10.669596,0.36247188,-0.1508836,0.09414954,5.9437504,-19.612501,22.10625,46.950733,0.3361091,49.741684,0.025265694,-0.13834399,-0.98673004,0.081183,0.0908718,-0.107329585,-0.81488836,0.56229854,-1.0,0
1763545412694,1009.966,2.5764718,1.3914263,10.06481,0.0692568,-0.009010255,-0.10438152,7.9500003,-18.28125,22.9125,46.950733,0.3361091,49.741684,0.023283586,-0.13994645,-0.98653144,0.08141641,0.08986574,-0.10977833,-0.81504697,0.5617573,-1.0,0
1763545412719,1009.9462,2.1780667,1.5894325,9.653245,0.06543889,0.19837834,-0.23739733,5.86875,-20.625,23.1,46.950733,0.3361091,49.741684,0.022687435,-0.14027925,-0.9865705,0.08051904,0.08940136,-0.11045559,-0.81610364,0.56016237,-1.0,0
1763545412744,1009.9023,1.0205388,2.3665016,7.9764743,0.2512945,0.3272708,-0.20120358,8.137501,-20.268751,23.475,46.950733,0.3361091,49.741684,0.027587073,-0.14117782,-0.9866154,0.07680881,0.09393057,-0.108946025,-0.81884754,0.55569464,-1.0,0
1763545412769,1009.9023,0.90807617,2.6470602,7.0301127,0.36980227,0.14477496,-0.1928042,10.35,-20.15625,23.081251,46.950733,0.3361091,49.741684,0.030816356,-0.14326173,-0.98633206,0.075333506,0.09773526,-0.109185144,-0.8195012,0.5540254,-1.0,0
1763545412794,1009.83344,0.8350951,2.8803604,5.9587264,0.39866564,0.013744458,-0.2523635,10.106251,-19.931252,23.400002,46.950733,0.3361091,49.741684,0.032932706,-0.15066385,-0.9854707,0.07118803,0.10324617,-0.11456124,-0.8207753,0.5500399,-1.0,0
1763545412820,1009.83344,0.637089,3.0448668,5.1254263,0.28947353,-0.021685699,-0.36674795,9.431251,-21.75,24.656252,46.950733,0.3361091,49.741684,0.033244986,-0.15364307,-0.9852487,0.06761957,0.10503193,-0.11696049,-0.8221737,0.5471004,-1.0,0
1763545412846,1009.77484,-0.14117654,3.1160533,5.0955157,-0.20303617,-0.059559315,-0.5759691,10.368751,-22.275002,23.493752,46.950733,0.3361091,49.741684,0.033771463,-0.15449403,-0.98541033,0.06287581,0.10596566,-0.117389515,-0.82441425,0.5434447,-1.0,0
1763545412872,1009.7575,-0.66161543,3.1052856,6.4002023,-0.3814087,-0.08384119,-0.58284134,9.6,-22.59375,21.75,46.950733,0.3361091,49.741684,0.033902526,-0.15277661,-0.9860072,0.057383437,0.10528985,-0.11577694,-0.8273687,0.53941715,-1.0,0
1763545412897,1009.7734,-1.666601,3.1537402,8.904889,-0.26962045,0.06139191,-0.33910632,11.118751,-24.31875,24.0,46.950733,0.3361091,49.741684,0.03442496,-0.1455938,-0.9876206,0.047148425,0.10227851,-0.10918674,-0.83335096,0.53211236,-1.0,0
1763545412922,1009.7734,-1.9597218,3.2961133,9.4737835,-0.0900262,0.037873615,-0.16684245,9.50625,-24.35625,22.931252,46.950733,0.3361091,49.741684,0.035634056,-0.14299925,-0.9881001,0.0440418,0.10208048,-0.10629275,-0.8350954,0.5299973,-1.0,0
1763545412947,1009.80634,-2.2127628,3.4677982,9.683753,0.023747368,-0.0490219,-0.008323032,11.6625,-25.25625,23.53125,46.950733,0.3361091,49.741684,0.03646158,-0.14252129,-0.988217,0.042253383,0.10265783,-0.10537139,-0.83559775,0.52927744,-1.0,0
1763545412972,1009.80634,-2.4448664,3.6681972,9.949955,0.030161448,-0.03405571,0.1683696,11.85,-23.60625,23.268751,46.950733,0.3361091,49.741684,0.036371425,-0.14302137,-0.988084,0.043726075,0.10289132,-0.10578925,-0.8344356,0.5309795,-1.0,0
1763545412998,1009.84564,-1.4787644,3.830909,11.02852,-0.16409355,0.16264275,0.42004588,13.593751,-25.181252,23.493752,46.950733,0.3361091,49.741684,0.03695902,-0.14267239,-0.9879611,0.047025777,0.10328792,-0.105133176,-0.8323699,0.53426486,-1.0,0
1763545413023,1009.8886,-1.0779666,3.836293,12.04188,-0.12316561,0.27397284,0.42722356,11.625,-23.38125,22.5,46.950733,0.3361091,49.741684,0.038105115,-0.14132093,-0.9878973,0.05127912,0.10364906,-0.10334699,-0.8299681,0.538265,-1.0,0
1763545413049,1009.8886,-1.1330016,4.043272,12.108281,-0.0029779659,0.37278023,0.47166398,12.225,-22.575,22.237501,46.950733,0.3361091,49.741684,0.043144464,-0.14027251,-0.98730564,0.060762577,0.107525006,-0.099880666,-0.82451475,0.5464775,-1.0,0
1763545413075,1009.9191,-0.39780676,4.916652,11.32164,-0.16959134,0.12125666,0.4741074,12.6,-23.75625,20.56875,46.950733,0.3361091,49.741684,0.045795374,-0.140375,-0.9868097,0.06635754,0.109918244,-0.09859187,-0.8210285,0.5514615,-1.0,0
1763545413100,1009.9567,0.40857446,4.121039,12.260823,-0.30764678,-0.15592323,0.27267477,13.6125,-23.681252,22.3125,46.950733,0.3361091,49.741684,0.046172123,-0.13929081,-0.98661625,0.07113662,0.10975952,-0.09739872,-0.8181333,0.55598944,-1.0,0
1763545413125,1009.9567,0.009571291,3.0951161,13.418949,-0.15172353,-0.030237807,0.1220966,11.94375,-21.84375,21.300001,46.950733,0.3361091,49.741684,0.043001592,-0.13538338,-0.98701847,0.07495197,0.10504306,-0.09562293,-0.81665885,0.55936617,-1.0,0
1763545413151,1009.95624,-1.7198412,1.9806589,10.316056,0.4512,0.12186752,0.3041343,12.150001,-22.837502,23.962502,46.950733,0.3361091,49.741684,0.04512942,-0.13733274,-0.9865221,0.0766827,0.10780381,-0.096308,-0.8156947,0.5601297,-1.0,0
1763545413176,1009.95624,-1.643271,2.3928227,8.690134,0.25175264,-0.3753764,0.37621635,13.89375,-22.275002,22.2,46.950733,0.3361091,49.741684,0.04639844,-0.14132823,-0.9856735,0.079502456,0.11086224,-0.09917691,-0.8137774,0.56181836,-1.0,0
1763545413201,1009.9179,-0.6454639,1.9585253,8.7984085,-0.1259145,-0.5523745,0.30352345,13.25625,-22.48125,23.212502,46.950733,0.3361091,49.741684,0.037113518,-0.14330956,-0.98536015,0.084546536,0.10380569,-0.10554368,-0.81102335,0.56597346,-1.0,0
1763545413226,1009.9028,-0.54675996,1.3471591,9.454042,-0.26855144,0.17760894,0.056428634,14.19375,-22.987501,22.368752,46.950733,0.3361091,49.741684,0.03495083,-0.14033705,-0.98574907,0.08593993,0.1003877,-0.104107104,-0.8109792,0.5669187,-1.0,0
1763545413251,1009.9028,-1.3363914,1.6247265,8.786445,-0.16439898,0.1875355,0.10682498,11.775001,-22.5,23.831251,46.950733,0.3361091,49.741684,0.03628052,-0.13729967,-0.9860505,0.08681096,0.09996295,-0.100870736,-0.81114084,0.56734735,-1.0,0
1763545413276,1009.85394,-1.5828521,1.7952151,8.17149,-0.09537126,-0.04978548,0.2606102,12.675,-22.29375,24.656252,46.950733,0.3361091,49.741684,0.037320033,-0.13441892,-0.9860773,0.09050491,0.09939333,-0.097888604,-0.8095099,0.57029164,-1.0,0
1763545413302,1009.8232,-1.2364911,2.009971,7.9591265,-0.06101012,-0.24373505,0.4231002,15.187501,-21.768751,21.112501,46.950733,0.3361091,49.741684,0.034641363,-0.13410825,-0.9858711,0.09419732,0.096920505,-0.098951764,-0.8074677,0.5734203,-1.0,0
1763545413327,1009.8232,0.1381855,2.541776,8.282157,0.04619665,-0.11728604,0.47151124,13.81875,-22.5375,23.625,46.950733,0.3361091,49.741684,0.03174308,-0.13419084,-0.9855223,0.0986449,0.094451025,-0.100468,-0.80494,0.5771107,-1.0,0
1763545413352,1009.8073,0.33080772,2.806781,8.109874,0.15691589,-0.060781047,0.37927067,15.20625,-20.775002,23.0625,46.950733,0.3361091,49.741684,0.029988313,-0.13492264,-0.98503476,0.10298156,0.09329585,-0.1019768,-0.80234945,0.5806307,-1.0,0
1763545413377,1009.7817,0.21655045,3.0041888,7.6348987,0.19753839,-0.1339321,0.28092143,15.093751,-20.550001,23.98125,46.950733,0.3361091,49.741684,0.02741055,-0.13897106,-0.983903,0.108948626,0.09311251,-0.106744416,-0.7982222,0.5854717,-1.0,0
1763545413403,1009.7817,0.13160525,3.185445,7.626524,0.15218168,-0.21578798,0.19646938,14.681251,-20.587502,22.650002,46.950733,0.3361091,49.741684,0.025204455,-0.14093278,-0.98351145,0.11049622,0.09221606,-0.10951475,-0.7969151,0.5868808,-1.0,0
1763545413428,1009.7846,0.13220344,2.8630123,8.881559,0.21113014,-0.17684536,0.12560907,13.06875,-21.243752,23.306252,46.950733,0.3361091,49.741684,0.022939432,-0.14268547,-0.9831989,0.11151041,0.09115631,-0.11214228,-0.7959954,0.5877976,-1.0,0
1763545413453,1009.7846,0.3475575,2.9138598,9.283554,0.32520914,-0.13362667,0.07948878,14.062501,-21.16875,25.66875,46.950733,0.3361091,49.741684,0.02016003,-0.14824305,-0.9822749,0.11293747,0.09152994,-0.11834138,-0.7944578,0.58860373,-1.0,0
1763545413478,1009.8049,0.36131623,2.6135604,9.513863,0.5446623,-0.11056653,-0.02527453,10.70625,-22.40625,27.6375,46.950733,0.3361091,49.741684,0.019449247,-0.1525632,-0.9816316,0.11289465,0.09306002,-0.12244856,-0.79398394,0.58816296,-1.0,0
1763545413504,1009.81537,0.7465607,2.501098,9.130413,0.49060076,-0.17516547,-0.13584106,14.7375,-22.331251,24.13125,46.950733,0.3361091,49.741684,0.018940916,-0.15773964,-0.98087925,0.112406276,0.0951761,-0.12720875,-0.7937114,0.5871811,-1.0,0
1763545413529,1009.81537,1.018146,2.5609183,8.844471,0.2529744,-0.09590577,-0.35743225,13.931251,-22.66875,24.225,46.950733,0.3361091,49.741684,0.01751694,-0.1647579,-0.9803264,0.10726626,0.09735579,-0.1340668,-0.79619575,0.58191085,-1.0,0
1763545413554,1009.82465,0.69332033,2.7272196,8.563912,-0.08956805,0.21716243,-0.6281981,15.20625,-22.893751,24.112501,46.950733,0.3361091,49.741684,0.020245828,-0.16352709,-0.9810732,0.1017223,0.099073425,-0.13166387,-0.7997531,0.57727295,-1.0,0
1763545413579,1009.8376,-1.7144574,3.5641093,9.4941225,-0.7001274,0.29290965,-0.76747525,15.975,-24.937502,24.0,46.950733,0.3361091,49.741684,0.024936128,-0.158559,-0.9824558,0.09495886,0.10067358,-0.12501048,-0.80427545,0.5721697,-1.0,0
1763545413604,1009.8376,-1.9788643,3.4666018,10.414761,-0.76503175,-0.054672398,-0.6095667,15.375001,-24.243752,23.7,46.950733,0.3361091,49.741684,0.028565366,-0.15156119,-0.98409015,0.08822872,0.10037866,-0.117093086,-0.8088105,0.56748474,-1.0,0
1763545413629,1009.8647,-1.2771691,3.4372897,11.393425,-0.8697951,-0.33505934,-0.4249328,17.0625,-24.056252,22.125,46.950733,0.3361091,49.741684,0.025711795,-0.13611226,-0.9872689,0.07816304,0.09027262,-0.10506454,-0.81619054,0.5609325,-1.0,0
1763545413654,1009.8647,-0.40737805,3.403192,13.4686,-0.8733076,-0.3272708,-0.33589926,16.78125,-24.6,22.800001,46.950733,0.3361091,49.741684,0.022432398,-0.12794283,-0.98870647,0.07473116,0.08335606,-0.099621214,-0.81911856,0.5587237,-1.0,0
1763545413679,1009.9345,-0.020338992,1.945963,14.395221,0.17004949,-0.2083049,-0.07994693,16.66875,-23.737501,22.7625,46.950733,0.3361091,49.741684,0.020689026,-0.1234451,-0.9895066,0.07216978,0.07956672,-0.09662244,-0.8212753,0.5566329,-1.0,0
1763545413705,1009.94574,0.7800602,1.7347964,12.0125675,0.41561714,-0.44104436,0.065286174,16.48125,-24.6375,23.456251,46.950733,0.3361091,49.741684,0.014635345,-0.1287001,-0.9890178,0.07117924,0.076798774,-0.10430652,-0.8221277,0.5543719,-1.0,0
1763545413730,1009.94574,2.6213372,1.4751751,10.262218,0.117362395,-0.100181825,-0.16378812,15.337501,-25.987501,22.875,46.950733,0.3361091,49.741684,0.010203554,-0.1314655,-0.98872465,0.0709552,0.074254915,-0.1089657,-0.82238615,0.55343807,-1.0,0
1763545413755,1009.9301,2.172683,1.5140585,9.851849,0.106977694,0.2527453,-0.3343721,18.075,-23.962502,23.400002,46.950733,0.3361091,49.741684,0.008882853,-0.13237697,-0.9887295,0.069363765,0.073460564,-0.11048131,-0.82369083,0.5512992,-1.0,0
1763545413780,1009.87885,1.2939188,1.7790636,8.955139,0.23083054,0.38316494,-0.38079783,17.53125,-25.1625,24.300001,46.950733,0.3361091,49.741684,0.015062625,-0.13467516,-0.98873615,0.063488066,0.079800084,-0.10952779,-0.8274436,0.54495203,-1.0,0
1763545413805,1009.87885,0.7399804,1.9734805,7.756335,0.38599017,0.29077163,-0.3493383,17.60625,-27.000002,23.175001,46.950733,0.3361091,49.741684,0.018281203,-0.1380571,-0.9884056,0.06051364,0.08423556,-0.110897765,-0.82880074,0.5419367,-1.0,0
1763545413830,1009.8073,0.48873404,2.4089742,5.547161,0.3595703,-0.032986697,-0.38125598,17.6625,-27.50625,23.34375,46.950733,0.3361091,49.741684,0.01972263,-0.14225467,-0.9879706,0.05734369,0.08755264,-0.11384167,-0.8300574,0.5388686,-1.0,0
1763545413855,1009.8073,0.35174492,2.6015964,5.237889,0.16195552,-0.06887501,-0.46021026,17.25,-26.437502,25.181252,46.950733,0.3361091,49.741684,0.019973757,-0.14578167,-0.987659,0.05361917,0.089528255,-0.11677335,-0.83157915,0.53556025,-1.0,0
1763545413880,1009.7531,0.39840496,2.480759,5.480162,-0.049556404,-0.09025527,-0.55153453,19.21875,-29.212502,23.4375,46.950733,0.3361091,49.741684,0.019712074,-0.1471867,-0.9879435,0.043763228,0.090046845,-0.118084945,-0.83647865,0.52749497,-1.0,0
1763545413905,1009.7316,0.27696922,2.5992036,6.1567326,-0.22273657,-0.11866048,-0.6503419,19.575,-27.431252,23.75625,46.950733,0.3361091,49.741684,0.019290533,-0.145169,-0.9885096,0.037450958,0.0887018,-0.11652533,-0.8400046,0.52244234,-1.0,0
1763545413930,1009.7316,-0.7800602,2.7320054,7.737192,-0.34689483,-0.03252855,-0.6491202,18.581251,-28.650002,23.925001,46.950733,0.3361091,49.741684,0.019145206,-0.14215489,-0.989184,0.030666718,0.08709755,-0.1139674,-0.84388113,0.5170011,-1.0,0
1763545413955,1009.736,-1.3507484,3.0388846,8.282756,-0.35056004,-0.035888307,-0.498542,18.075,-29.19375,22.3125,46.950733,0.3361091,49.741684,0.020199079,-0.13556668,-0.9903669,0.019675938,0.08481123,-0.10767255,-0.85005295,0.5085506,-1.0,0
1763545413980,1009.7712,-1.8777676,3.257828,10.255039,-0.22212571,-0.021838415,-0.067118764,19.518751,-28.650002,21.056252,46.950733,0.3361091,49.741684,0.020112192,-0.13247785,-0.9908418,0.016659737,0.08325057,-0.1049963,-0.8517326,0.50655377,-1.0,0
1763545414005,1009.7712,-1.8735801,3.3816566,10.92503,-0.06589704,-0.0019853106,0.19692753,19.125,-29.081251,21.900002,46.950733,0.3361091,49.741684,0.020323765,-0.13047421,-0.9911147,0.015973035,0.08248533,-0.10311521,-0.85208356,0.5064751,-1.0,0
1763545414030,1009.8112,-1.5726827,3.8201413,11.470593,0.053068876,-0.022449281,0.42783442,20.71875,-27.675001,21.6375,46.950733,0.3361091,49.741684,0.02000847,-0.13072206,-0.990977,0.02181681,0.08242201,-0.10341764,-0.8486287,0.512192,-1.0,0
1763545414055,1009.8112,-0.9086744,4.235894,12.1250305,0.17692171,0.04046979,0.529238,18.431252,-28.781252,23.025002,46.950733,0.3361091,49.741684,0.019944025,-0.13271798,-0.99058867,0.02687568,0.08340006,-0.10514873,-0.8455751,0.51671165,-1.0,0
1763545414080,1009.8591,0.018544376,4.265805,11.279168,0.40630144,0.35521787,0.40401068,18.956251,-29.212502,20.98125,46.950733,0.3361091,49.741684,0.021443918,-0.13629892,-0.9899259,0.031772327,0.08650676,-0.1074887,-0.84245265,0.5208035,-1.0,0
1763545414105,1009.8725,-0.20578274,4.5655055,10.18505,0.2824486,0.3819432,0.32536185,19.59375,-27.4125,22.66875,46.950733,0.3361091,49.741684,0.024316614,-0.1403639,-0.9891448,0.03604611,0.09103678,-0.109570205,-0.8395796,0.52422595,-1.0,0
1763545414130,1009.8725,0.04546363,4.5242295,9.518648,-0.028023422,0.13530655,0.20471606,19.181252,-28.06875,21.975,46.950733,0.3361091,49.741684,0.028484657,-0.14349514,-0.9883575,0.04180014,0.09630605,-0.11012437,-0.835572,0.5295443,-1.0,0
1763545414155,1009.8857,0.47856453,2.9180472,13.0259285,-0.54099715,-0.34681848,-0.21891867,19.706251,-27.525002,22.81875,46.950733,0.3361091,49.741684,0.024687791,-0.13971101,-0.98902315,0.041286137,0.09114765,-0.108723335,-0.83630574,0.5295885,-1.0,0
1763545414180,1009.9272,-0.701097,1.7587247,13.834105,-0.15554145,0.08078687,-0.19494222,19.63125,-27.393751,20.8125,46.950733,0.3361091,49.741684,0.021179764,-0.13457532,-0.98991305,0.03889738,0.085504465,-0.106057,-0.838466,0.5276511,-1.0,0
1763545414205,1009.9272,-1.4003994,1.2586247,12.04846,0.2786307,0.22601996,0.036270097,20.831251,-27.900002,21.018751,46.950733,0.3361091,49.741684,0.024503436,-0.13462628,-0.9898757,0.03770274,0.088246964,-0.10458074,-0.8398514,0.5252856,-1.0,0
1763545414230,1009.9025,-1.4925231,2.0153549,10.043873,0.34414595,-0.14492767,0.2277762,18.50625,-27.768751,21.73125,46.950733,0.3361091,49.741684,0.023226762,-0.13772726,-0.9894074,0.039556015,0.08865189,-0.10793109,-0.83867323,0.5264209,-1.0,0
1763545414255,1009.9025,0.16091733,1.8508483,9.113664,-0.076434456,-0.14065161,0.07200569,17.737501,-27.112501,23.625,46.950733,0.3361091,49.741684,0.01947274,-0.13923393,-0.989214,0.041114848,0.08613181,-0.111115195,-0.8377904,0.52758116,-1.0,0
1763545414280,1009.8852,-0.07836494,1.8161523,9.243474,-0.15004367,0.17944153,-0.037949976,18.993752,-28.218752,21.862501,46.950733,0.3361091,49.741684,0.019538246,-0.13670647,-0.9895468,0.041555297,0.0848406,-0.108960874,-0.838302,0.52742714,-1.0,0
1763545414305,1009.8569,-0.77347994,2.0093727,9.08136,-0.0816268,0.14538582,-0.051236283,18.28125,-27.31875,23.8875,46.950733,0.3361091,49.741684,0.021033688,-0.13570985,-0.9896657,0.0412586,0.08561867,-0.107373305,-0.838676,0.5270323,-1.0,0
1763545414330,1009.8569,-1.329213,2.3365912,8.493922,0.15218168,-0.20693044,0.23770276,16.9125,-27.69375,22.2,46.950733,0.3361091,49.741684,0.020539207,-0.136106,-0.98960286,0.04170655,0.085380554,-0.107966945,-0.83842576,0.5273476,-1.0,0
1763545414356,1009.8261,-0.59342,2.5070798,8.267202,0.18684827,-0.17974696,0.34139705,17.15625,-28.425001,24.525002,46.950733,0.3361091,49.741684,0.018606585,-0.13763925,-0.98934627,0.0436249,0.08447398,-0.110249326,-0.8372016,0.5289638,-1.0,0
1763545414381,1009.81244,-0.041874398,2.7236304,8.202596,0.23021966,-0.028405212,0.33651012,16.9125,-28.44375,22.087502,46.950733,0.3361091,49.741684,0.01604489,-0.141893,-0.9885018,0.049731076,0.08436757,-0.11520927,-0.83341,0.5338882,-1.0,0
1763545414407,1009.81244,-0.043070808,3.1357942,7.66122,0.37194028,-0.04703659,0.20303617,15.95625,-29.41875,23.325,46.950733,0.3361091,49.741684,0.016125007,-0.14502826,-0.98791116,0.052325465,0.08599827,-0.11788774,-0.8315879,0.53588086,-1.0,0
1763545414432,1009.7751,-0.116650105,3.1716864,7.4907312,0.35330892,-0.17837252,0.14882194,15.656251,-28.687502,23.15625,46.950733,0.3361091,49.741684,0.0155596305,-0.14880435,-0.98726505,0.054143928,0.08740182,-0.12143135,-0.8300322,0.53727263,-1.0,0
1763545414457,1009.77484,-0.0735793,3.0753753,7.9154572,0.31574073,-0.2367101,0.10499238,15.95625,-27.91875,23.550001,46.950733,0.3361091,49.741684,0.011622677,-0.15577272,-0.986139,0.055856872,0.08749143,-0.12940523,-0.8280226,0.53849614,-1.0,0
1763545414482,1009.77484,0.020338992,2.9084759,8.66142,0.33085963,-0.18921536,0.07933606,17.118752,-29.41875,23.362501,46.950733,0.3361091,49.741684,0.009875742,-0.15906815,-0.9856133,0.056291226,0.08761829,-0.13312842,-0.8273214,0.5386457,-1.0,0
1763545414507,1009.79,-0.18843478,2.7343981,9.613165,0.5180897,-0.029932374,0.07948878,15.0375,-29.625002,22.81875,46.950733,0.3361091,49.741684,0.009055185,-0.16295034,-0.98495704,0.05675902,0.08881143,-0.13692126,-0.82661784,0.5385797,-1.0,0
1763545414532,1009.79,-0.091525465,2.635694,9.548559,0.6292671,-0.014813471,0.10789399,16.59375,-27.618752,24.225,46.950733,0.3361091,49.741684,0.009030014,-0.17355892,-0.9830511,0.058357015,0.093967676,-0.14619966,-0.8245082,0.5384997,-1.0,0
1763545414557,1009.79266,0.37746778,2.6602206,9.085547,0.6350703,-0.09987639,0.069104075,15.01875,-28.143751,24.581251,46.950733,0.3361091,49.741684,0.008263017,-0.17946161,-0.9819716,0.058802933,0.096168585,-0.15174425,-0.8235697,0.53801316,-1.0,0
1763545414582,1009.80145,0.27696922,3.1842487,8.412566,0.18516839,0.18631376,-0.2578613,14.212501,-29.868752,26.306252,46.950733,0.3361091,49.741684,0.0074141785,-0.18368837,-0.9812488,0.0578818,0.09745932,-0.15587881,-0.8236364,0.5364947,-1.0,0
1763545414608,1009.80145,-0.80578303,3.827918,8.223534,-0.054901473,0.45906487,-0.3759109,15.50625,-29.98125,25.875002,46.950733,0.3361091,49.741684,0.009628468,-0.18526717,-0.9810562,0.055781458,0.10012643,-0.15617727,-0.8246398,0.5343712,-1.0,0
1763545414634,1009.7944,-1.3926228,4.2017965,8.185846,-0.29405504,0.27656904,-0.40920305,14.56875,-30.937502,26.025002,46.950733,0.3361091,49.741684,0.018252103,-0.18178762,-0.981916,0.049609102,0.1059931,-0.14881308,-0.828093,0.52998316,-1.0,0
1763545414659,1009.8188,-1.076172,3.4354951,10.291531,-1.0332015,-0.5259546,-0.450131,13.781251,-29.906252,24.975,46.950733,0.3361091,49.741684,0.016664686,-0.17617805,-0.9831999,0.044738855,0.101903096,-0.14467956,-0.83136773,0.52679336,-1.0,0
1763545414685,1009.8188,-0.8141579,2.8642087,13.277773,-1.1413245,-0.22327107,-0.31589344,14.231251,-31.968752,25.2,46.950733,0.3361091,49.741684,0.012244486,-0.16653687,-0.98516047,0.039679043,0.09330528,-0.13848677,-0.8354886,0.52352107,-1.0,0
1763545414710,1009.9028,-0.89312106,2.1984057,15.588641,-0.62132585,0.20922118,-0.10178535,14.55,-30.562502,24.0,46.950733,0.3361091,49.741684,0.012440286,-0.14887924,-0.98812973,0.035774775,0.0845741,-0.12315445,-0.84057647,0.52068365,-1.0,0
1763545414736,1009.90546,-0.36729828,2.3425734,11.218749,0.5832995,-0.11514801,0.50617784,14.587501,-28.81875,24.675001,46.950733,0.3361091,49.741684,0.01499823,-0.14998868,-0.98783773,0.038144954,0.08722038,-0.12293966,-0.8396808,0.52174187,-1.0,0
1763545414760,1009.90546,1.4889339,2.3946173,9.103494,0.4709004,-0.32207847,0.5165625,12.187501,-29.062502,25.237501,46.950733,0.3361091,49.741684,0.013488182,-0.15526548,-0.9868574,0.042699095,0.088452786,-0.1283176,-0.83684266,0.52479047,-1.0,0
1763545414787,1009.88715,2.766103,1.9818554,8.2678,0.20960298,-0.12889247,0.2683987,13.05,-28.48125,24.956251,46.950733,0.3361091,49.741684,0.009570359,-0.15980175,-0.9859769,0.047130883,0.08722893,-0.134236,-0.8341212,0.52783865,-1.0,0
1763545414812,1009.88715,1.4267205,1.9794625,7.171888,-0.2786307,0.064904384,-0.23159412,13.500001,-28.425001,24.6,46.950733,0.3361091,49.741684,0.00741795,-0.16133842,-0.9856313,0.04945496,0.08590396,-0.1367685,-0.8334937,0.5283967,-1.0,0
1763545414837,1009.8481,0.29072794,2.3341985,7.7383885,-0.43715012,0.075594515,-0.19219333,11.981251,-28.593752,25.3875,46.950733,0.3361091,49.741684,0.007819628,-0.1585433,-0.98617977,0.047459148,0.08479908,-0.13418733,-0.83526033,0.5264438,-1.0,0
1763545414862,1009.821,0.17706887,2.4634109,8.484949,-0.29817837,0.16676609,-0.060857404,11.08125,-29.962502,28.181252,46.950733,0.3361091,49.741684,0.010008823,-0.15133132,-0.98738456,0.045502186,0.08312517,-0.12685248,-0.8374052,0.5251202,-1.0,0
1763545414887,1009.821,0.39541394,2.8019953,8.149356,-0.0028252497,0.18814635,-0.0014508038,14.1,-28.368752,24.075,46.950733,0.3361091,49.741684,0.011697626,-0.15123908,-0.9873671,0.045783766,0.0845422,-0.12594727,-0.8372856,0.5253025,-1.0,0
1763545414912,1009.77875,0.5300102,3.7806597,6.1005015,0.057955798,-0.043982264,-0.13080142,13.012501,-27.862501,25.087502,46.950733,0.3361091,49.741684,0.012435008,-0.15288243,-0.98711157,0.045641094,0.086019136,-0.12699755,-0.83702207,0.5252298,-1.0,0
1763545414937,1009.7507,0.38644084,3.9954157,6.053841,-0.20196716,-0.041996952,-0.25725043,11.85,-27.750002,26.1375,46.950733,0.3361091,49.741684,0.011892161,-0.15241458,-0.9873574,0.041877754,0.08546234,-0.12675889,-0.8384856,0.5230395,-1.0,0
1763545414962,1009.7507,0.22073789,3.8213377,6.9445696,-0.4380664,0.08032872,-0.324751,11.962501,-27.975,25.2,46.950733,0.3361091,49.741684,0.012885442,-0.14860389,-0.9880449,0.03896315,0.08452087,-0.12290393,-0.84021384,0.5213363,-1.0,0
1763545414987,1009.759,-0.17467605,3.7555351,8.063812,-0.5286271,0.18051054,-0.32520914,14.156251,-27.375002,24.31875,46.950733,0.3361091,49.741684,0.014860934,-0.14379162,-0.98883444,0.036187578,0.08392366,-0.11770172,-0.8420116,0.5197304,-1.0,0
1763545415012,1009.759,-1.346561,3.882953,10.365707,-0.17249294,0.05650499,-0.09918917,12.8625,-27.993752,24.187502,46.950733,0.3361091,49.741684,0.016466385,-0.13989797,-0.9894433,0.034049418,0.08345628,-0.11347967,-0.84332675,0.518611,-1.0,0
1763545415038,1009.7817,-1.5260227,3.7543387,10.727024,0.116598815,0.021532983,0.12011129,12.093751,-27.562502,23.00625,46.950733,0.3361091,49.741684,0.017730564,-0.13973029,-0.9894376,0.03426892,0.0845905,-0.112620495,-0.842669,0.51968265,-1.0,0
1763545415063,1009.81195,-0.90448695,4.1958146,10.524831,0.29970554,0.068416856,0.42890343,12.1125,-28.06875,23.962502,46.950733,0.3361091,49.741684,0.017953655,-0.14260729,-0.9889144,0.037272025,0.0862583,-0.1149725,-0.84050286,0.5223943,-1.0,0
1763545415089,1009.81195,-0.18065812,4.3465624,11.221142,0.35330892,0.07803798,0.37896523,10.931251,-28.06875,24.243752,46.950733,0.3361091,49.741684,0.018324232,-0.1457337,-0.9882882,0.041379403,0.08818616,-0.11746188,-0.83766955,0.5260567,-1.0,0
1763545415114,1009.8403,0.2440679,4.1515474,11.163714,0.44616038,0.14630212,0.21006113,7.9875,-29.493752,25.406252,46.950733,0.3361091,49.741684,0.01987788,-0.15374213,-0.9867827,0.047202393,0.09356596,-0.1236009,-0.833221,0.5307645,-1.0,0
1763545415140,1009.8405,-0.98524475,3.9056847,9.671191,0.13629921,0.48044515,0.15997021,10.087501,-29.2875,25.48125,46.950733,0.3361091,49.741684,0.022700181,-0.15727858,-0.98609525,0.04862411,0.09778669,-0.12525818,-0.8318535,0.53175926,-1.0,0
1763545415165,1009.8405,-1.0929217,3.9583268,9.716056,-0.16546799,0.34941465,0.2767981,10.762501,-27.243752,27.150002,46.950733,0.3361091,49.741684,0.027211688,-0.15852977,-0.9856721,0.05083111,0.10236199,-0.12407275,-0.83022386,0.53371936,-1.0,0
1763545415190,1009.84393,-0.39720857,3.6017964,11.00519,-0.35544693,-0.07422007,0.26656613,9.525001,-27.712502,24.975,46.950733,0.3361091,49.741684,0.028963797,-0.15383928,-0.9860498,0.056541618,0.10162066,-0.11907459,-0.82741404,0.53933334,-1.0,0
1763545415215,1009.84393,-0.29970104,2.8833513,12.205789,-0.24060437,-0.2121228,0.17188208,8.19375,-26.362501,25.500002,46.950733,0.3361091,49.741684,0.026491232,-0.15153784,-0.9863981,0.05794111,0.098294005,-0.11833721,-0.82718533,0.54046184,-1.0,0
1763545415240,1009.8554,-1.8083757,2.2378874,10.40818,0.08132137,-0.08384119,0.30611962,9.431251,-27.6,23.2875,46.950733,0.3361091,49.741684,0.025651548,-0.15125434,-0.9863682,0.059498228,0.097369514,-0.118554205,-0.8266401,0.541415,-1.0,0
1763545415266,1009.8437,-1.9549361,2.4532413,9.625728,-0.045433067,-0.27030766,0.44799295,8.775001,-26.41875,24.206251,46.950733,0.3361091,49.741684,0.021922117,-0.15149254,-0.9860078,0.06601318,0.09423036,-0.12062837,-0.823183,0.54675335,-1.0,0
1763545415290,1009.8437,-1.4267205,2.3665016,9.717851,-0.2438114,-0.32971427,0.5272527,5.90625,-25.987501,26.19375,46.950733,0.3361091,49.741684,0.018203037,-0.14932497,-0.9860996,0.07053827,0.08992953,-0.12059038,-0.8210015,0.55075145,-1.0,0
1763545415316,1009.84125,-0.35294133,1.7718852,10.250853,-0.24152066,-0.082161315,0.4058433,5.2875004,-23.831251,28.29375,46.950733,0.3361091,49.741684,0.01533059,-0.14626731,-0.98629075,0.07483876,0.085889675,-0.11938228,-0.819163,0.55438507,-1.0,0
1763545415341,1009.82733,-0.6412765,1.6947167,9.912268,-0.10942116,-0.0481056,0.3916407,5.83125,-23.400002,27.431252,46.950733,0.3361091,49.741684,0.0138497185,-0.14377932,-0.98638606,0.07861679,0.08332018,-0.11799157,-0.8176023,0.5573709,-1.0,0
1763545415366,1009.82733,-1.012164,1.7324036,9.327223,0.0009926553,-0.07101303,0.45532334,6.4687505,-23.081251,27.656252,46.950733,0.3361091,49.741684,0.011780724,-0.14235593,-0.9859606,0.08648404,0.080741756,-0.11783349,-0.8136954,0.56346774,-1.0,0
1763545415391,1009.80023,-0.9601201,1.8466609,8.75474,0.04696023,-0.091782436,0.56787515,2.9437501,-23.306252,25.725,46.950733,0.3361091,49.741684,0.010413118,-0.14272378,-0.9854478,0.091719165,0.07971891,-0.11884206,-0.8107398,0.5676464,-1.0,0
1763545415416,1009.7751,0.46899325,2.0644078,8.088339,0.092011504,0.042760536,0.61002487,3.7687502,-22.63125,28.85625,46.950733,0.3361091,49.741684,0.009132175,-0.14324161,-0.9848018,0.09778251,0.07884605,-0.11993709,-0.807255,0.5724838,-1.0,0
1763545415441,1009.7751,0.8279166,2.335993,7.664809,0.11675153,0.09392046,0.45333803,4.2562504,-21.69375,27.975,46.950733,0.3361091,49.741684,0.008931436,-0.14508428,-0.9834548,0.10811282,0.079545796,-0.12166208,-0.80115056,0.5805417,-1.0,0
1763545415466,1009.7485,0.5509474,2.690131,7.5499535,0.11476622,0.05665771,0.2786307,4.1625004,-21.5625,26.118752,46.950733,0.3361091,49.741684,0.009075065,-0.14623499,-0.98297673,0.110852346,0.08024674,-0.122586794,-0.79934853,0.5827305,-1.0,0
1763545415491,1009.7485,-0.15672988,2.6739793,7.9543405,0.14530946,-0.045051277,0.13996439,3.3937502,-20.90625,27.393751,46.950733,0.3361091,49.741684,0.009008129,-0.14750788,-0.98260874,0.11242788,0.080838785,-0.123712644,-0.79815257,0.58404857,-1.0,0
1763545415517,1009.73114,-0.01375873,2.6470602,8.400602,0.2352593,-0.02046397,0.1466839,4.0125003,-22.21875,27.562502,46.950733,0.3361091,49.741684,0.008524941,-0.15127933,-0.98174214,0.11499756,0.08230985,-0.1272132,-0.7960159,0.58600384,-1.0,0
1763545415542,1009.74164,0.2416751,2.7631118,8.744571,0.34765843,-0.07345649,0.11217005,2.4562502,-21.88125,28.1625,46.950733,0.3361091,49.741684,0.008051244,-0.1546552,-0.9811112,0.115925156,0.08356719,-0.13038234,-0.79501975,0.5864815,-1.0,0
1763545415567,1009.74164,0.7393822,2.9509485,8.864211,0.41485354,-0.019547673,-0.11232276,3.7875001,-22.3875,30.69375,46.950733,0.3361091,49.741684,0.007432762,-0.15879387,-0.980447,0.11598138,0.08507135,-0.13428938,-0.7944493,0.5861565,-1.0,0
1763545415593,1009.75165,0.9068798,2.8875387,8.493324,0.23907721,0.08002329,-0.31146467,2.25,-19.9125,29.156252,46.950733,0.3361091,49.741684,0.007765372,-0.16273291,-0.9799287,0.1148812,0.0872975,-0.13755523,-0.79459786,0.5848692,-1.0,0
1763545415619,1009.75165,0.7501499,2.8002007,8.326425,-0.06635518,0.251829,-0.5466476,1.44375,-21.75,29.04375,46.950733,0.3361091,49.741684,0.012106646,-0.16395453,-0.9805356,0.10734209,0.09164324,-0.13648872,-0.79898864,0.5784371,-1.0,0
1763545415644,1009.7651,-1.1850454,2.929413,9.219545,-0.6088031,0.35491243,-0.7538835,1.0875001,-23.53125,29.493752,46.950733,0.3361091,49.741684,0.01668526,-0.15975717,-0.981824,0.101086974,0.093537375,-0.13058166,-0.8032397,0.57358974,-1.0,0
1763545415670,1009.78485,-1.3782659,2.6482565,9.824331,-0.7102067,0.04444041,-0.6744711,2.8312502,-22.21875,28.612501,46.950733,0.3361091,49.741684,0.02083707,-0.15348673,-0.9833972,0.09453556,0.09405981,-0.12306557,-0.80777085,0.5687828,-1.0,0
1763545415695,1009.78485,-1.1539388,2.4029922,10.293324,-0.9330196,-0.37369654,-0.56848603,2.6437502,-22.59375,26.343752,46.950733,0.3361091,49.741684,0.018631008,-0.13763766,-0.98686457,0.082487024,0.084311746,-0.11037584,-0.8166872,0.56011665,-1.0,0
1763545415721,1009.82806,-0.06819545,2.0608184,14.743377,-1.0919971,-0.09544762,-0.31864235,2.41875,-22.237501,26.493752,46.950733,0.3361091,49.741684,0.01412316,-0.126064,-0.9888522,0.07796433,0.07465348,-0.10255961,-0.82072216,0.55706686,-1.0,0
1763545415746,1009.89545,-0.2638087,1.4446666,15.397216,-0.3890445,0.23900084,-0.14347686,1.9687501,-21.431252,27.581251,46.950733,0.3361091,49.741684,0.012757349,-0.11536445,-0.99041075,0.074944414,0.068130724,-0.093967505,-0.8238136,0.5548508,-1.0,0
1763545415771,1009.89545,-0.39661035,1.3716856,13.289139,0.30367616,0.03161225,0.1550833,3.4875002,-21.375,25.10625,46.950733,0.3361091,49.741684,0.014881859,-0.11097592,-0.9909598,0.07388471,0.06774223,-0.08915235,-0.8252229,0.55359733,-1.0,0
1763545415797,1009.89716,2.1302104,1.6199409,9.820144,0.29329145,-0.6227766,0.31772605,1.3875,-20.85,25.743752,46.950733,0.3361091,49.741684,0.010350416,-0.118303575,-0.98983234,0.0782823,0.06730564,-0.09784084,-0.8227223,0.55590034,-1.0,0
1763545415823,1009.9023,2.6141586,1.643271,9.561121,-0.015347977,-0.26190826,0.101632625,0.8625,-20.41875,27.16875,46.950733,0.3361091,49.741684,0.00381775,-0.12143859,-0.9893109,0.08064738,0.06310488,-0.10382511,-0.82143074,0.557216,-1.0,0
1763545415848,1009.9023,1.9561325,1.9417756,9.67478,-0.21678063,0.15638138,-0.060093824,0.84375006,-21.806252,29.8875,46.950733,0.3361091,49.741684,0.0014421692,-0.11909115,-0.9895662,0.08110467,0.059757926,-0.10302288,-0.82209516,0.5567538,-1.0,0
1763545415873,1009.89154,1.0773684,2.3341985,9.860822,-0.20059273,0.2953531,-0.11797326,0.3375,-21.487501,28.687502,46.950733,0.3361091,49.741684,0.0039532892,-0.11693477,-0.9898748,0.08036446,0.060862508,-0.09992562,-0.82286,0.55606836,-1.0,0
1763545415898,1009.8603,0.26679972,2.5663023,9.217153,0.21754421,-0.12034036,-0.16623157,4.2000003,-20.587502,27.91875,46.950733,0.3361091,49.741684,0.0051960456,-0.116901614,-0.98996794,0.07917105,0.061928805,-0.09928667,-0.8235289,0.55507404,-1.0,0
1763545415923,1009.8603,0.048454657,2.5585256,8.417352,0.3238347,-0.1565341,-0.17539455,0.75,-20.925001,27.993752,46.950733,0.3361091,49.741684,0.0033011683,-0.12244518,-0.98959094,0.07556616,0.063023135,-0.10503211,-0.8248459,0.55192894,-1.0,0
1763545415948,1009.8295,-0.08733802,2.6321049,7.77129,0.31971136,-0.018936807,-0.15874848,1.0500001,-20.15625,28.5375,46.950733,0.3361091,49.741684,0.0035929512,-0.1256509,-0.9893035,0.07400603,0.064878836,-0.10766523,-0.8252274,0.55063486,-1.0,0
1763545415973,1009.8295,0.2219343,2.6596224,7.470392,0.31528258,0.1018617,-0.074143715,2.775,-20.23125,29.118752,46.950733,0.3361091,49.741684,0.0050824108,-0.12847629,-0.98900026,0.07312032,0.06759246,-0.10937664,-0.82525796,0.54992485,-1.0,0
1763545415999,1009.7851,0.51445687,2.7846475,7.4446692,0.38629562,0.04963276,-0.13171771,0.75,-21.675001,28.181252,46.950733,0.3361091,49.741684,0.0063617276,-0.13156329,-0.98863286,0.072522715,0.0702481,-0.111420415,-0.8251122,0.54940015,-1.0,0
1763545416025,1009.7507,0.16450655,2.9018958,7.1048884,0.39408416,0.06627883,-0.18180864,0.45000002,-20.85,29.718752,46.950733,0.3361091,49.741684,0.008261587,-0.13928334,-0.9877647,0.06965136,0.07574912,-0.11717594,-0.82553893,0.5468248,-1.0,0
1763545416050,1009.7507,-0.36251262,2.879762,6.9589267,0.32337654,0.12339468,-0.1164461,1.1625,-19.425001,30.956251,46.950733,0.3361091,49.741684,0.009892396,-0.14247747,-0.9873661,0.068665065,0.078783624,-0.119124874,-0.8254783,0.5460659,-1.0,0
1763545416076,1009.7404,-0.6538388,3.0550363,7.643872,0.15951207,0.14737113,0.18471023,-0.7875,-20.362501,30.431252,46.950733,0.3361091,49.741684,0.011853902,-0.14482221,-0.9869669,0.069167025,0.08168957,-0.12016979,-0.8246855,0.54660755,-1.0,0
1763545416102,1009.7509,-0.45762733,3.2470603,8.419147,0.09109521,0.11423171,0.2928333,0.43125,-19.48125,29.643751,46.950733,0.3361091,49.741684,0.014139548,-0.1474151,-0.9862006,0.07400391,0.08504286,-0.12123889,-0.8212431,0.55102503,-1.0,0
1763545416127,1009.7509,0.20338993,3.2853456,10.00798,0.0066431547,0.08872811,0.29604036,-0.5625,-19.21875,31.125002,46.950733,0.3361091,49.741684,0.014539929,-0.14793374,-0.98586917,0.07721842,0.085675366,-0.121472664,-0.81924075,0.553849,-1.0,0
1763545416152,1009.77924,0.38584265,3.2907293,10.276575,-0.13095413,0.14553854,0.22548546,1.63125,-18.50625,30.843752,46.950733,0.3361091,49.741684,0.014929921,-0.14803986,-0.9856118,0.080171764,0.08607582,-0.12136612,-0.81751806,0.5563501,-1.0,0
1763545416177,1009.8183,0.111864455,3.5533416,10.595419,-0.34445137,0.28787002,0.16088651,0.6,-17.85,30.300001,46.950733,0.3361091,49.741684,0.017947102,-0.14336076,-0.9858873,0.08457297,0.086396754,-0.11580151,-0.81554615,0.5603661,-1.0,0
1763545416202,1009.8183,0.09451649,3.4540396,11.014163,-0.57092947,0.2122755,0.101327196,1.06875,-16.95,30.656252,46.950733,0.3361091,49.741684,0.019313728,-0.13786563,-0.98652804,0.08594019,0.08488469,-0.11033802,-0.81536055,0.5619674,-1.0,0
1763545416227,1009.85614,-0.41934216,2.396412,13.638491,-0.8594104,-0.22479823,-0.102396205,0.01875,-15.675,30.69375,46.950733,0.3361091,49.741684,0.017400332,-0.13036555,-0.98759514,0.08578495,0.07950964,-0.10476709,-0.81640446,0.5623041,-1.0,0
1763545416253,1009.85614,-1.7036897,1.7425731,14.745172,-0.5483275,0.12202024,-0.009697478,0.91875005,-14.94375,28.706251,46.950733,0.3361091,49.741684,0.01466792,-0.1221354,-0.98878556,0.084667005,0.07304077,-0.098981254,-0.81815594,0.5616837,-1.0,0
1763545416278,1009.90717,-2.4628127,0.8171489,13.4045925,0.041157015,0.49357873,0.26030475,-0.0375,-14.437501,30.6375,46.950733,0.3361091,49.741684,0.020594101,-0.11579748,-0.98917794,0.08770597,0.07497838,-0.09061697,-0.81754535,0.5637255,-1.0,0
1763545416303,1009.872,-2.7326035,0.9984053,10.944771,0.4586831,0.30772313,0.56955504,0.26250002,-14.418751,30.6,46.950733,0.3361091,49.741684,0.023846792,-0.11948676,-0.9881547,0.09330397,0.07958971,-0.09225625,-0.8141223,0.5677668,-1.0,0
1763545416329,1009.872,-1.0797613,1.5541383,8.2678,0.15661046,-0.6035344,0.64957833,-0.65625,-11.887501,29.325,46.950733,0.3361091,49.741684,0.015097605,-0.12604775,-0.9863261,0.10508786,0.07519772,-0.10228048,-0.8067724,0.5770635,-1.0,0
1763545416356,1009.852,-0.23509483,1.041476,8.668598,-0.13874267,-0.4150826,0.5049561,1.1812501,-10.81875,28.593752,46.950733,0.3361091,49.741684,0.010463836,-0.12496128,-0.9860557,0.10939972,0.07059582,-0.10363911,-0.80460274,0.58042186,-1.0,0
1763545416381,1009.8442,-0.49950173,0.94636136,9.19143,-0.29772022,-0.07024945,0.3427715,0.54375005,-9.3,31.968752,46.950733,0.3361091,49.741684,0.00867721,-0.12207798,-0.98602754,0.11301305,0.06756865,-0.1020431,-0.80310285,0.5831359,-1.0,0
1763545416406,1009.8442,-0.59641105,0.9296116,9.120842,-0.31512988,-0.25060728,0.32917976,-0.5625,-9.01875,31.312502,46.950733,0.3361091,49.741684,0.004414195,-0.11599509,-0.9860768,0.11905886,0.06078782,-0.09889001,-0.80064106,0.58779204,-1.0,0
1763545416431,1009.8327,-0.52342993,0.92542416,9.282357,-0.3501019,-0.3179551,0.32123852,0.16875,-7.4625,32.53125,46.950733,0.3361091,49.741684,0.00078466476,-0.112725385,-0.9861374,0.12175747,0.05598632,-0.09784257,-0.7995744,0.58989257,-1.0,0
1763545416457,1009.8295,-0.18604197,0.9589237,9.4229355,-0.324751,0.062155493,0.28870997,1.3312501,-5.4750004,31.687502,46.950733,0.3361091,49.741684,-0.001233599,-0.109092735,-0.9862074,0.12446635,0.05241026,-0.09568654,-0.7985242,0.5919936,-1.0,0
1763545416483,1009.8295,0.22313072,0.9320044,9.319446,-0.19356778,0.28802276,0.25251624,3.15,-4.8187504,35.15625,46.950733,0.3361091,49.741684,-0.0012305358,-0.10564042,-0.9862262,0.12726772,0.050688803,-0.0926933,-0.7973688,0.59417295,-1.0,0
1763545416508,1009.81976,0.35114673,1.0983056,8.772686,-0.12835796,0.4561633,0.15157083,2.8875,-3.45,32.325,46.950733,0.3361091,49.741684,0.0049691,-0.1011978,-0.9860738,0.13188267,0.053854562,-0.08582174,-0.7954062,0.5975477,-1.0,0
1763545416533,1009.81976,-0.29252258,1.2723835,9.0029955,-0.1833358,0.2678642,-0.050625417,4.55625,-4.65,32.381252,46.950733,0.3361091,49.741684,0.009076804,-0.09873692,-0.98619294,0.13263337,0.056218453,-0.08167531,-0.79524696,0.59812284,-1.0,0
1763545416559,1009.7939,-0.20578274,0.92602235,9.795019,-0.010461059,0.0962112,-0.09552398,3.2062502,-3.3000002,33.206253,46.950733,0.3361091,49.741684,0.011486639,-0.09652776,-0.9864155,0.1324172,0.05722862,-0.07857764,-0.7956298,0.5979328,-1.0,0
1763545416583,1009.7941,0.28235307,0.44925246,10.350753,0.23602287,0.20586143,-0.14775293,5.3250003,-3.825,31.0125,46.950733,0.3361091,49.741684,0.014823685,-0.09768114,-0.98653156,0.13036104,0.060632374,-0.078006834,-0.79727936,0.5954698,-1.0,0
1763545416608,1009.7941,0.38644084,0.526421,10.135997,0.3843103,0.4366156,-0.16653702,6.9375005,-2.9250002,33.112503,46.950733,0.3361091,49.741684,0.01944202,-0.10037592,-0.98634017,0.12915604,0.065922186,-0.07815096,-0.7981282,0.59374917,-1.0,0
1763545416633,1009.8044,0.55393845,1.2418749,10.377073,0.22273657,0.039858926,-0.34964374,6.99375,-2.68125,33.54375,46.950733,0.3361091,49.741684,0.023097306,-0.10281386,-0.9862449,0.12734221,0.0702614,-0.07853352,-0.7992388,0.59170365,-1.0,0
1763545416658,1009.82196,0.7298109,1.3722838,10.476376,0.20853396,-0.11942407,-0.46754062,7.9500003,-4.55625,32.475002,46.950733,0.3361091,49.741684,0.023225157,-0.10638981,-0.9868515,0.11943898,0.07203464,-0.08166528,-0.8041961,0.5843033,-1.0,0
1763545416683,1009.82196,0.85124665,1.7048861,10.3232355,0.24808747,-0.14401138,-0.5309178,9.900001,-4.2375,33.1875,46.950733,0.3361091,49.741684,0.022416187,-0.108656354,-0.9872418,0.1142117,0.07239527,-0.08406914,-0.80731976,0.57959133,-1.0,0
1763545416708,1009.8278,1.3304094,1.6809579,10.518848,0.12377647,0.03527744,-0.91270834,9.9375,-4.6312504,35.04375,46.950733,0.3361091,49.741684,0.022713564,-0.11055564,-0.98774827,0.10777225,0.073541485,-0.08561604,-0.8111374,0.5738621,-1.0,0
1763545416733,1009.8278,0.66400826,1.4973087,10.93161,0.022372922,-0.0009162972,-1.1207078,11.025001,-5.0062504,35.11875,46.950733,0.3361091,49.741684,0.023724936,-0.11136919,-0.98853725,0.09913523,0.074776,-0.08587506,-0.81631625,0.5662701,-1.0,0
1763545416758,1009.8464,-0.19860429,1.0785648,11.089537,-0.022831071,-0.1226311,-1.1924844,10.181251,-7.2000003,32.7,46.950733,0.3361091,49.741684,0.024599345,-0.110394225,-0.99060106,0.07694459,0.07497425,-0.0846808,-0.8294884,0.54695255,-1.0,0
1763545416783,1009.8444,-0.8045866,0.5413761,10.109077,0.022067491,-0.3489565,-0.89774215,11.15625,-7.3500004,34.4625,46.950733,0.3361091,49.741684,0.023527103,-0.109834135,-0.9914789,0.0659722,0.07371473,-0.08475378,-0.8358889,0.53728265,-1.0,0
1763545416808,1009.8444,-0.87637126,1.3172488,10.289138,0.027870705,-0.62598366,-0.5461895,11.08125,-6.99375,34.143753,46.950733,0.3361091,49.741684,0.021240676,-0.10960235,-0.9921159,0.056971274,0.07155209,-0.08569768,-0.8411024,0.52922857,-1.0,0
1763545416833,1009.8261,-0.36909288,2.0871396,10.6510515,0.06024654,-0.75823593,-0.20868668,10.59375,-7.6875005,37.78125,46.950733,0.3361091,49.741684,0.015983937,-0.1097853,-0.99251693,0.05103649,0.0670107,-0.088418484,-0.8444832,0.52396554,-1.0,0
1763545416858,1009.81976,0.54735816,1.8592232,10.332807,-0.0240528,-0.7692315,-0.1098793,13.06875,-5.7937503,35.568752,46.950733,0.3361091,49.741684,0.0017279991,-0.11061122,-0.99278146,0.04633728,0.054901987,-0.09603957,-0.8471153,0.5197671,-1.0,0
1763545416883,1009.81976,-0.059820566,1.3890336,9.030513,-0.71585715,-0.36407542,-0.11675153,12.937501,-6.3187504,36.693752,46.950733,0.3361091,49.741684,-0.0058340337,-0.10724914,-0.9932499,0.04379848,0.04662899,-0.09675822,-0.8488974,0.5175295,-1.0,0
1763545416908,1009.8107,0.052043892,1.2957134,9.428319,-0.82978344,0.18890993,0.10560325,13.81875,-5.3812504,39.018753,46.950733,0.3361091,49.741684,-0.009469764,-0.100429125,-0.9940017,0.042248193,0.040143397,-0.092542924,-0.8503641,0.5164351,-1.0,0
1763545416933,1009.8107,0.66341007,1.3746766,9.530613,-0.7442624,0.568257,0.25663957,14.062501,-5.71875,37.612503,46.950733,0.3361091,49.741684,-0.0032002293,-0.08477236,-0.9953199,0.046278175,0.038062733,-0.07581441,-0.84972066,0.5203635,-1.0,0
1763545416958,1009.80585,0.21535404,1.4470595,9.357731,-0.32276568,0.36224282,0.12454005,15.543751,-3.5625002,37.03125,46.950733,0.3361091,49.741684,0.0020205209,-0.079271816,-0.99564445,0.04903126,0.039976377,-0.06848352,-0.8487445,0.52282375,-1.0,0
1763545416984,1009.7912,-0.23748764,0.9882358,9.184252,-0.13248129,0.16493349,0.039477136,14.437501,-3.9375002,37.162502,46.950733,0.3361091,49.741684,0.0051609455,-0.07602085,-0.995813,0.05052546,0.041158095,-0.06412335,-0.8481961,0.52417326,-1.0,0
1763545417009,1009.7912,-0.34516466,0.37447673,8.956335,-0.03291034,0.14187334,-0.003130682,16.03125,-2.6437502,35.850002,46.950733,0.3361091,49.741684,0.008086413,-0.07400031,-0.9959135,0.05109689,0.04272775,-0.06095733,-0.8481838,0.5244452,-1.0,0
1763545417034,1009.79095,-0.25962126,0.10767702,9.016754,-0.053527027,0.14355323,0.0043524117,16.612501,-1.95,35.737503,46.950733,0.3361091,49.741684,0.009467573,-0.07311356,-0.99595976,0.051241186,0.043487202,-0.05953243,-0.8483653,0.5242529,-1.0,0
1763545417059,1009.7868,-0.11485548,0.11545369,9.491131,-0.33925903,-0.059253883,0.13232858,15.4875,-1.7062501,36.300003,46.950733,0.3361091,49.741684,0.010117994,-0.07106409,-0.9960643,0.051900417,0.04304613,-0.057441805,-0.8483703,0.5245144,-1.0,0
1763545417084,1009.7868,0.13280165,0.20757736,10.095917,-0.46295914,-0.11423171,0.16302454,17.75625,-1.9687501,37.162502,46.950733,0.3361091,49.741684,0.00928294,-0.067540504,-0.99625695,0.05316649,0.040595748,-0.054771036,-0.84815,0.525351,-1.0,0
1763545417109,1009.7934,0.33020952,0.30508488,10.565509,-0.4785362,0.014508039,0.15767947,16.44375,0.13125001,36.412502,46.950733,0.3361091,49.741684,0.0074666445,-0.058050152,-0.99669635,0.05628315,0.034402587,-0.047350217,-0.84748685,0.5275798,-1.0,0
1763545417134,1009.7934,0.28295127,0.9200403,10.353744,-0.21433719,0.49617493,0.2578613,18.431252,-0.15,36.225002,46.950733,0.3361091,49.741684,0.00974306,-0.054105304,-0.9967882,0.05824788,0.034491293,-0.042809542,-0.84681916,0.5290322,-1.0,0
1763545417159,1009.8127,0.17048861,1.1712867,10.06481,-0.04894554,0.48059785,0.29588762,19.931252,0.73125005,36.787502,46.950733,0.3361091,49.741684,0.018454388,-0.05103473,-0.9964661,0.06413294,0.04065388,-0.03594941,-0.8438616,0.5338094,-1.0,0
1763545417184,1009.8,0.29491538,1.1449656,9.633504,0.09231694,0.3677406,0.22563818,17.400002,-0.24375,35.25,46.950733,0.3361091,49.741684,0.021788036,-0.051776607,-0.99620205,0.06648721,0.043933004,-0.035006337,-0.84254366,0.53569084,-1.0,0
1763545417209,1009.8,-0.23868406,1.4069797,8.590832,0.053985175,0.21838416,0.011530072,20.60625,0.31875002,35.34375,46.950733,0.3361091,49.741684,0.024985544,-0.053087216,-0.9959874,0.067556076,0.0473653,-0.03462756,-0.84187573,0.53647244,-1.0,0
1763545417234,1009.78925,-0.07956135,1.1892328,8.733205,-0.13599378,0.0048869182,-0.073685564,20.1375,0.15,34.78125,46.950733,0.3361091,49.741684,0.027069429,-0.05356998,-0.9958951,0.06777343,0.049429256,-0.034047518,-0.8416309,0.5367075,-1.0,0
1763545417260,1009.78217,0.11425728,0.7639086,9.242277,-0.33910632,-0.10674862,-0.18165591,20.268751,0.28125,36.768753,46.950733,0.3361091,49.741684,0.02572074,-0.049082145,-0.99631757,0.065410785,0.046094,-0.030756535,-0.84315526,0.5348071,-1.0,0
1763545417284,1009.78217,-0.106480606,0.44985065,10.135997,-0.47258025,-0.02932151,-0.21601705,20.6625,0.80625004,37.0125,46.950733,0.3361091,49.741684,0.02513262,-0.04440556,-0.99668103,0.06344228,0.043330874,-0.02694313,-0.8445343,0.5330651,-1.0,0
1763545417309,1009.7995,-0.77706915,0.24227329,10.752149,-0.3843103,0.23594652,-0.0002290743,20.2875,1.03125,36.2625,46.950733,0.3361091,49.741684,0.025856536,-0.039486803,-0.9969474,0.06223934,0.041604422,-0.022289643,-0.8454852,0.53190887,-1.0,0
1763545417334,1009.7995,-0.849452,0.52582276,10.440483,-0.2370919,0.26633704,0.13202316,19.931252,0.75,36.46875,46.950733,0.3361091,49.741684,0.03037322,-0.0330006,-0.9969516,0.06383437,0.042461284,-0.014443451,-0.84486157,0.5331016,-1.0,0
1763545417359,1009.8066,-0.76749784,0.79740816,10.097114,-0.1042288,0.19685118,0.16959134,21.16875,1.7437501,35.5125,46.950733,0.3361091,49.741684,0.032193117,-0.031934775,-0.99681854,0.0655579,0.04354985,-0.012634609,-0.8438931,0.5345916,-1.0,0
1763545417384,1009.8005,-0.9457632,0.83090764,9.731609,0.012140937,-0.099418245,0.05978839,19.050001,1.5187501,37.612503,46.950733,0.3361091,49.741684,0.032425225,-0.03183127,-0.99674076,0.06660052,0.043705687,-0.012427919,-0.84327126,0.5355641,-1.0,0
1763545417409,1009.8005,-1.0157533,0.7004988,9.690931,-0.017791437,-0.056963142,0.06818778,18.431252,2.0812502,37.48125,46.950733,0.3361091,49.741684,0.03154357,-0.032069933,-0.9967286,0.06713523,0.043047372,-0.013053947,-0.8429336,0.53613377,-1.0,0
1763545417434,1009.79584,-0.9696914,0.49651068,9.827921,-0.081779525,0.022296565,0.08086322,20.550001,2.30625,35.7,46.950733,0.3361091,49.741684,0.031315506,-0.03115665,-0.99667054,0.06857017,0.042411614,-0.012354905,-0.84211177,0.53749084,-1.0,0
1763545417459,1009.79706,-0.84107715,0.43848476,10.082756,-0.13553563,-0.02611447,0.11950042,21.112501,2.86875,35.775,46.950733,0.3361091,49.741684,0.031623937,-0.029889816,-0.99663174,0.06951623,0.04207562,-0.011095756,-0.84163487,0.5382911,-1.0,0
1763545417484,1009.79706,-0.552742,0.5563313,10.200603,-0.0994946,-0.059253883,0.14393501,20.325,3.3937502,36.75,46.950733,0.3361091,49.741684,0.031317614,-0.02858118,-0.99659616,0.07069378,0.041179825,-0.010094572,-0.8410529,0.5392888,-1.0,0
1763545417510,1009.80365,-0.23988047,0.63170516,10.283753,-0.04054615,-0.044134982,0.12988512,21.09375,2.8500001,36.54375,46.950733,0.3361091,49.741684,0.03009615,-0.027373618,-0.9964752,0.07334974,0.039528668,-0.009621875,-0.8397098,0.54150933,-1.0,0
1763545417536,1009.80365,0.016151553,0.6963114,10.324431,0.024969097,0.013286309,0.09124792,21.300001,2.49375,36.84375,46.950733,0.3361091,49.741684,0.030085273,-0.027654264,-0.9964045,0.07423662,0.039652634,-0.0098765,-0.83926284,0.54218817,-1.0,0
1763545417560,1009.8144,-0.19142582,0.8225328,10.017552,0.08040508,0.062613636,-0.033063058,21.69375,2.2875001,37.59375,46.950733,0.3361091,49.741684,0.03062271,-0.028383158,-0.9963416,0.07456898,0.040472854,-0.010261702,-0.8390833,0.5423982,-1.0,0
1763545417586,1009.81683,-0.4671986,0.80159557,9.77827,0.054901473,0.031917684,-0.052458014,20.1,3.7500002,36.75,46.950733,0.3361091,49.741684,0.031505983,-0.02969764,-0.9963371,0.07374704,0.041877847,-0.010991859,-0.83945835,0.54169655,-1.0,0
1763545417611,1009.81683,-0.39840496,0.8039884,9.798609,0.03214676,-0.0021380268,-0.049098257,20.85,4.05,38.8125,46.950733,0.3361091,49.741684,0.031489518,-0.030041454,-0.99636036,0.07326823,0.042028535,-0.011299952,-0.8396881,0.5413223,-1.0,0
1763545417637,1009.8183,-0.35473597,0.7112665,9.746565,0.0064904382,0.010995566,-0.057650365,21.056252,3.4687502,37.443752,46.950733,0.3361091,49.741684,0.031562038,-0.030107712,-0.99639845,0.0727198,0.04212376,-0.011323544,-0.8399846,0.5408542,-1.0,0
1763545417663,1009.8183,-0.4971089,0.6975078,9.697512,-0.09048434,0.18432845,-0.048792824,20.19375,4.2562504,37.18125,46.950733,0.3361091,49.741684,0.03384672,-0.028735716,-0.99643105,0.071791045,0.043476615,-0.009007011,-0.8402313,0.54040724,-1.0,0
1763545417689,1009.8105,-1.1778669,0.5772685,9.145369,-0.24732387,0.25243986,0.047265664,21.112501,3.8437502,38.175003,46.950733,0.3361091,49.741684,0.036407303,-0.026797956,-0.99640816,0.07159713,0.044795964,-0.006078231,-0.8402912,0.54024726,-1.0,0
1763545417714,1009.8105,-1.3160524,0.77766734,9.773484,-0.20456335,-0.034361143,0.10758856,21.375,2.8875,36.825,46.950733,0.3361091,49.741684,0.03875461,-0.02426927,-0.9963391,0.07219713,0.045645703,-0.002719733,-0.8397755,0.5410047,-1.0,0
1763545417739,1009.8227,-0.57607204,0.7465607,9.951151,-0.21387903,-0.20509785,0.11308634,23.15625,2.71875,33.862503,46.950733,0.3361091,49.741684,0.038423575,-0.022417177,-0.99631864,0.07329069,0.044467706,-0.0012334655,-0.83899194,0.54232246,-1.0,0
1763545417765,1009.8227,-0.33320054,0.89013004,9.891929,-0.24900375,-0.15989386,0.05337431,22.29375,4.9875,33.825,46.950733,0.3361091,49.741684,0.034246463,-0.019579953,-0.9963991,0.07504366,0.03944272,-0.0006845011,-0.83734214,0.54525405,-1.0,0
