timestamp,pressure,acc_x,acc_y,acc_z,gyro_x,gyro_y,gyro_z,mag_x,mag_y,mag_z,mag_bias_x,mag_bias_y,mag_bias_z,game_x,game_y,game_z,game_w,rot_x,rot_y,rot_z,rot_w,rot_accuracy,step
1763545029356,1009.7668,0.05623133,4.185645,8.338987,0.16394083,-0.13286309,0.035582874,50.943752,-43.537502,28.650002,46.950733,0.3361091,49.741684,0.16342528,0.14968568,0.6867873,0.69224966,0.031766444,0.21932742,0.9698709,0.10117665,-1.0,0
1763545029382,1009.7597,0.45164528,4.4668016,8.5423765,-0.021303909,0.170584,0.042760536,51.43125,-44.2125,26.306252,46.950733,0.3361091,49.741684,0.16282542,0.15079801,0.6873411,0.69159967,0.030736547,0.21978949,0.9698248,0.10093444,-1.0,0
1763545029407,1009.75507,-0.15732808,4.2478585,9.178269,-0.033521205,0.18081598,-0.026725333,54.581253,-44.86875,23.400002,46.950733,0.3361091,49.741684,0.15919453,0.1527527,0.68827564,0.6910864,0.026887799,0.21898249,0.97013235,0.10083147,-1.0,0
1763545029433,1009.75507,-0.56590253,4.137789,8.681161,0.051999863,-0.04046979,-0.007941242,53.5125,-42.6375,26.156252,46.950733,0.3361091,49.741684,0.15910272,0.15333681,0.6879704,0.69128203,0.026242014,0.21940196,0.97011375,0.10026681,-1.0,0
1763545029458,1009.76215,0.4671986,4.3040895,8.764311,-0.009544762,-0.043982264,0.06139191,50.86875,-42.65625,26.906252,46.950733,0.3361091,49.741684,0.15984915,0.15331805,0.6878651,0.69121885,0.026500018,0.2198998,0.9701425,0.0988199,-1.0,0
1763545029484,1009.7619,0.48095736,4.334598,8.838489,-0.040088,0.026419902,0.03161225,51.881252,-44.287502,25.35,46.950733,0.3361091,49.741684,0.16066656,0.1522869,0.6886353,0.69048995,0.027930493,0.21960177,0.9702118,0.098407246,-1.0,0
1763545029509,1009.7619,0.19920248,4.2837505,8.809774,-0.030314164,0.037568185,0.008093959,52.800003,-43.3125,25.2,46.950733,0.3361091,49.741684,0.16063853,0.152118,0.68884027,0.69032925,0.028124286,0.21943939,0.97022,0.09863294,-1.0,0
1763545029534,1009.7607,0.25124636,4.281956,9.166306,-0.08849903,0.058337588,0.004734202,51.225002,-43.125,26.268751,46.950733,0.3361091,49.741684,0.160209,0.15217537,0.6890131,0.69024396,0.027654251,0.21922477,0.9703452,0.098009944,-1.0,0
1763545029559,1009.7607,0.024526432,4.2251267,9.507881,-0.057650365,0.080634154,0.0067195124,51.525,-43.818752,25.66875,46.950733,0.3361091,49.741684,0.15945148,0.15188701,0.6892845,0.6902119,0.027318886,0.21851343,0.9705043,0.098117046,-1.0,0
1763545029584,1009.76337,0.06281159,4.456034,9.31466,0.054443322,0.03451386,0.025045456,53.662502,-44.325,23.00625,46.950733,0.3361091,49.741684,0.1582405,0.15219183,0.68975335,0.68995506,0.02610946,0.21799242,0.97074,0.09727,-1.0,0
1763545029609,1009.7614,0.028115666,4.3794637,8.347362,0.022678355,0.035124727,0.014813471,53.4,-43.256252,25.125002,46.950733,0.3361091,49.741684,0.15899119,0.15338723,0.68978196,0.68948895,0.025976935,0.21938786,0.9704479,0.09708292,-1.0,0
1763545029634,1009.7614,-0.034097724,4.2568316,8.795418,-0.057497647,-0.0010690134,0.0,51.393753,-42.24375,26.98125,46.950733,0.3361091,49.741684,0.15936525,0.15425424,0.6898019,0.68918926,0.025732825,0.22029407,0.9702668,0.09690524,-1.0,0
1763545029659,1009.76605,0.10887343,4.319643,9.260822,-0.04818196,-0.028710645,0.0073303776,53.11875,-43.275,24.075,46.950733,0.3361091,49.741684,0.1588419,0.15372033,0.6898828,0.6893483,0.025602624,0.21955682,0.970458,0.09669854,-1.0,0
1763545029684,1009.769,0.3499503,4.383053,9.236296,0.032757625,-0.051923506,-0.004581486,51.937504,-43.275,25.125002,46.950733,0.3361091,49.741684,0.15954575,0.15323798,0.68980175,0.68937427,0.0264999,0.21962349,0.9703909,0.09697807,-1.0,0
1763545029710,1009.769,0.07298109,4.631308,8.175676,0.1485165,-0.1517999,0.06826414,53.2125,-44.90625,25.556252,46.950733,0.3361091,49.741684,0.16090278,0.15353699,0.6896498,0.6891442,0.027400292,0.22070916,0.97011054,0.09706826,-1.0,0
1763545029735,1009.7751,0.60658056,4.7156553,7.95793,0.030161448,-0.12599087,0.062460925,56.437504,-43.55625,24.525002,46.950733,0.3361091,49.741684,0.1656489,0.15371041,0.68961287,0.6880172,0.031233475,0.22380999,0.9692525,0.09738131,-1.0,0
1763545029761,1009.7751,1.1557333,4.854439,8.546564,-0.08544471,-0.04734202,0.020769402,55.256252,-42.825,24.900002,46.950733,0.3361091,49.741684,0.1656489,0.15371041,0.68961287,0.6880172,0.031233475,0.22380999,0.9692525,0.09738131,-1.0,0
1763545029785,1009.779,0.6017949,4.7282176,8.652447,-0.08498656,0.12370012,-0.08552107,53.081253,-43.3125,26.7,46.950733,0.3361091,49.741684,0.16499464,0.15253255,0.689576,0.6884733,0.031620752,0.22246246,0.9694461,0.09841145,-1.0,0
1763545029811,1009.77264,0.45583272,4.730012,8.782257,-0.09308052,0.081397735,-0.09605849,52.218754,-42.506252,25.987501,46.950733,0.3361091,49.741684,0.1636689,0.15288751,0.68933886,0.68894833,0.030425524,0.22189274,0.9695368,0.09917813,-1.0,0
1763545029836,1009.77264,0.2943172,4.636692,8.757133,-0.06498074,0.055588696,-0.10476331,54.16875,-42.956253,27.656252,46.950733,0.3361091,49.741684,0.16319744,0.1533103,0.6884219,0.68988246,0.030243305,0.2218621,0.9692094,0.10244875,-1.0,0
1763545029861,1009.77094,0.4121637,4.7048874,8.953942,-0.12713623,0.085979216,-0.017867794,52.66875,-41.831253,24.806252,46.950733,0.3361091,49.741684,0.16260855,0.15368828,0.68821025,0.6901486,0.029611388,0.22177644,0.96918297,0.10306659,-1.0,0
1763545029886,1009.76825,0.3080759,4.6372905,9.05145,-0.06223185,0.066889696,-0.0051923506,53.156254,-43.03125,25.143751,46.950733,0.3361091,49.741684,0.16194613,0.15371646,0.6883695,0.69013923,0.029216757,0.22136323,0.96923655,0.10356252,-1.0,0
1763545029911,1009.76825,0.040677983,4.6378884,8.84806,0.026954409,-0.037415467,0.013897174,51.881252,-42.787502,25.725,46.950733,0.3361091,49.741684,0.16253874,0.15386228,0.6885005,0.6898366,0.029907918,0.22180614,0.9689971,0.10465228,-1.0,0
1763545029936,1009.76825,0.07537391,4.8999023,8.478369,0.04940369,-0.054061532,0.049480047,54.3375,-42.28125,24.656252,46.950733,0.3361091,49.741684,0.16371617,0.15443894,0.68853414,0.68939567,0.030489309,0.22299053,0.9687338,0.1044053,-1.0,0
1763545029961,1009.76825,0.15672988,4.8209395,8.971889,-0.16684245,0.108886644,0.05253437,52.893753,-44.193752,26.775002,46.950733,0.3361091,49.741684,0.16409728,0.15526931,0.68884164,0.68881106,0.030363878,0.22386271,0.9685601,0.10418638,-1.0,0
1763545029987,1009.77606,0.25184458,4.6965127,9.6071825,-0.12560907,0.11285727,0.064140804,52.29375,-43.631252,26.04375,46.950733,0.3361091,49.741684,0.16198999,0.15543611,0.6902503,0.6878615,0.02887123,0.2226378,0.9689441,0.10366391,-1.0,0
1763545030013,1009.78314,0.3792624,4.807779,9.643674,0.027259842,0.063377224,0.080634154,55.2,-43.818752,24.50625,46.950733,0.3361091,49.741684,0.16212511,0.15568762,0.6908957,0.68712443,0.028915599,0.22290598,0.96894073,0.103105046,-1.0,0
1763545030038,1009.78314,0.5306084,4.883751,8.432905,0.27175847,-0.13836087,0.060017463,52.162502,-44.268753,26.400002,46.950733,0.3361091,49.741684,0.16433007,0.15633142,0.69119644,0.68615127,0.03044859,0.22475936,0.9684668,0.10309284,-1.0,0
1763545030063,1009.76996,0.30987054,4.901697,7.624729,0.21907139,-0.12156209,0.042760536,52.2,-43.275,27.2625,46.950733,0.3361091,49.741684,0.16812831,0.15711118,0.69097906,0.6852714,0.03332235,0.22768547,0.9675663,0.104232475,-1.0,0
1763545030088,1009.7575,0.06699903,5.2019963,7.367501,0.08513928,-0.06062833,0.07895427,54.225002,-43.55625,25.66875,46.950733,0.3361091,49.741684,0.17162123,0.1583007,0.69061387,0.68449944,0.035633106,0.23074496,0.9666525,0.10521381,-1.0,0
1763545030113,1009.7575,0.59700924,5.3742795,8.114061,-0.1343139,0.05574141,0.03695732,51.73125,-44.193752,27.056252,46.950733,0.3361091,49.741684,0.1726047,0.15867123,0.69164276,0.6831262,0.03617721,0.2316466,0.9665993,0.103522204,-1.0,0
1763545030138,1009.75507,0.20997019,5.176872,8.475976,-0.09705114,0.066431545,-0.05421425,50.5125,-43.6875,26.85,46.950733,0.3361091,49.741684,0.17168093,0.15829399,0.6921417,0.6829411,0.035734892,0.23076904,0.9668541,0.1032563,-1.0,0
1763545030163,1009.75507,-0.4671986,5.0847483,8.743972,-0.045891218,-0.015729768,-0.037568185,50.60625,-43.818752,28.06875,46.950733,0.3361091,49.741684,0.17051916,0.15811186,0.6917796,0.6836409,0.034993045,0.22989482,0.9669823,0.10425513,-1.0,0
1763545030189,1009.76337,-0.37268212,5.0829535,8.620742,0.09644028,0.1226311,0.11102467,51.318752,-43.237503,27.187502,46.950733,0.3361091,49.741684,0.17065206,0.15846874,0.6920622,0.683239,0.034832224,0.2302633,0.96697235,0.103585765,-1.0,0
1763545030214,1009.75653,-0.2440679,5.258228,8.092526,0.13248129,0.12538,0.10476331,52.912502,-43.443752,26.118752,46.950733,0.3361091,49.741684,0.1706161,0.15993696,0.69280565,0.68215156,0.033823304,0.23139939,0.96690613,0.101994246,-1.0,0
1763545030239,1009.75653,-0.38703907,5.483153,7.382456,0.053679742,0.008093959,0.062460925,52.818752,-43.3125,24.581251,46.950733,0.3361091,49.741684,0.17138831,0.16229343,0.69372827,0.6804616,0.032908734,0.23373091,0.9665967,0.099888384,-1.0,0
1763545030264,1009.7482,-0.26799613,5.5950174,7.225726,-0.17722714,-0.09957096,0.0029016077,50.756252,-43.912502,26.831251,46.950733,0.3361091,49.741684,0.17108504,0.16084436,0.69377387,0.68083537,0.033607207,0.23240387,0.96685123,0.10028815,-1.0,0
1763545030289,1009.76117,-0.18783657,5.346762,9.855438,-0.4579195,0.18249585,-0.1924224,51.80625,-44.550003,26.906252,46.950733,0.3361091,49.741684,0.16868971,0.15814167,0.69365853,0.6821824,0.033427056,0.22879606,0.96759605,0.10145403,-1.0,0
1763545030314,1009.76117,-1.1760724,5.195416,10.161121,-0.21876594,0.42378744,-0.16371176,51.750004,-44.175003,25.66875,46.950733,0.3361091,49.741684,0.15966772,0.15849794,0.69322324,0.6847088,0.026099162,0.22345963,0.96885216,0.10348974,-1.0,0
1763545030339,1009.75507,-1.5176477,5.1792645,8.900104,0.08758274,0.46792242,-0.01282816,52.912502,-42.075,25.725,46.950733,0.3361091,49.741684,0.15690926,0.16252103,0.6936455,0.6839754,0.021384506,0.22489174,0.9687482,0.10243681,-1.0,0
1763545030364,1009.7502,-1.1670992,5.1499524,7.6271224,0.18608469,0.25411975,0.07086031,54.525,-42.15,27.375002,46.950733,0.3361091,49.741684,0.15649214,0.16574104,0.69411606,0.68281984,0.018946247,0.22715835,0.96844256,0.100792736,-1.0,0
1763545030389,1009.7502,-0.72263247,4.9698925,8.328219,0.07628174,-0.09224058,0.045662142,51.787502,-43.18125,26.831251,46.950733,0.3361091,49.741684,0.15732725,0.16680871,0.69435775,0.6821219,0.018875983,0.2285185,0.96822107,0.09985444,-1.0,0
1763545030414,1009.76117,-0.6430711,5.0572305,8.645866,0.1512654,-0.0061086477,0.068722285,52.687504,-42.975002,27.956251,46.950733,0.3361091,49.741684,0.15970239,0.16801298,0.69448614,0.68114305,0.019977333,0.2309418,0.96771216,0.09899498,-1.0,0
1763545030440,1009.76117,-0.47018966,5.428716,8.264212,0.19616395,0.031001387,0.09911281,51.300003,-41.98125,26.04375,46.950733,0.3361091,49.741684,0.16099462,0.16960587,0.6948179,0.6801049,0.019946,0.23299697,0.96734357,0.097780146,-1.0,0
1763545030465,1009.7514,-0.69152576,5.736792,8.053044,0.11675153,-0.05329795,-0.003817905,52.331253,-43.36875,26.325,46.950733,0.3361091,49.741684,0.16254184,0.17066482,0.69486964,0.67941874,0.020441055,0.23479457,0.9669777,0.09699344,-1.0,0
1763545030491,1009.75214,-1.3274183,5.6907306,8.023732,0.09628756,-0.033597562,0.0129808765,52.74375,-43.350002,28.44375,46.950733,0.3361091,49.741684,0.16475718,0.17223321,0.69428235,0.67908967,0.02105865,0.23741469,0.96636814,0.09655765,-1.0,0
1763545030516,1009.75214,-0.74476606,5.9324055,8.827721,0.008781182,-0.06780599,0.11759147,51.975002,-43.03125,25.575,46.950733,0.3361091,49.741684,0.16561924,0.17257413,0.6945476,0.67852205,0.021409366,0.2382293,0.9662646,0.095504805,-1.0,0
1763545030541,1009.7631,-0.60658056,5.953343,9.62812,0.038408123,-0.07742711,0.13836087,51.825,-43.800003,25.931252,46.950733,0.3361091,49.741684,0.16638772,0.17238349,0.6951088,0.6778074,0.022090102,0.2385644,0.96627116,0.09444105,-1.0,0
1763545030567,1009.76605,-0.4139583,6.087341,9.799805,0.1503491,-0.123547405,0.17883067,50.9625,-43.537502,28.331251,46.950733,0.3361091,49.741684,0.1695575,0.1723274,0.6964294,0.6756772,0.024543341,0.24050799,0.9659914,0.09172895,-1.0,0
1763545030592,1009.76605,0.00059820566,6.3972116,9.303893,0.20395248,-0.16126831,0.18096869,50.475002,-42.975002,29.118752,46.950733,0.3361091,49.741684,0.17239095,0.1725619,0.6969563,0.67435575,0.026560824,0.24246809,0.96559364,0.09018135,-1.0,0
1763545030617,1009.76166,0.6017949,6.707082,8.733205,-0.12881611,-0.16493349,0.05665771,52.2,-43.275,27.2625,46.950733,0.3361091,49.741684,0.17425142,0.17261009,0.6974264,0.6733786,0.027974956,0.24367027,0.9653518,0.08909609,-1.0,0
1763545030642,1009.76166,0.6269195,6.1507506,9.357731,-0.30596688,-0.17684536,-0.0923933,51.80625,-42.43125,25.85625,46.950733,0.3361091,49.741684,0.17496738,0.17087099,0.6976646,0.67338973,0.029639952,0.24275903,0.9655378,0.08902953,-1.0,0
1763545030667,1009.7675,-0.062213387,5.4484572,9.918848,-0.40416342,-0.066889696,-0.12873976,52.85625,-43.6875,26.1375,46.950733,0.3361091,49.741684,0.1721041,0.1651326,0.6969068,0.6763375,0.031129863,0.23647311,0.96673787,0.092354126,-1.0,0
1763545030693,1009.77386,-0.3702893,4.7192445,10.34836,-0.28168502,0.111635536,0.11942407,51.3375,-41.9625,24.187502,46.950733,0.3361091,49.741684,0.16880272,0.16312598,0.6975299,0.67701375,0.029748706,0.23285073,0.96767014,0.09225015,-1.0,0
1763545030717,1009.77386,0.45882374,4.6450667,10.632507,-0.11766783,-0.12095123,0.17989968,50.625004,-42.43125,26.1375,46.950733,0.3361091,49.741684,0.16619688,0.16182001,0.6989193,0.6765388,0.028462317,0.23021081,0.9684848,0.09071962,-1.0,0
1763545030742,1009.7702,1.1228321,4.342375,10.652248,0.076739885,-0.2819141,0.13377939,48.768753,-42.131252,26.94375,46.950733,0.3361091,49.741684,0.1689933,0.15811835,0.70044565,0.67514133,0.03293147,0.22907567,0.9688125,0.088556044,-1.0,0
1763545030767,1009.7426,1.4464613,3.7854455,9.45165,0.18471023,-0.072540194,0.057574004,51.112503,-41.5125,25.725,46.950733,0.3361091,49.741684,0.17079376,0.15843874,0.7005003,0.6745561,0.034178164,0.23044565,0.9684729,0.088243596,-1.0,0
1763545030792,1009.7426,0.73818576,3.321836,7.806584,-0.028787002,0.03970621,-0.049938194,49.74375,-41.662502,26.962502,46.950733,0.3361091,49.741684,0.17044744,0.16030543,0.7004807,0.674223,0.032825503,0.23167358,0.96821684,0.0883513,-1.0,0
1763545030817,1009.72455,0.7746763,3.5587256,7.6779695,-0.22136213,-0.48548478,0.049174614,50.062504,-40.875,25.95,46.950733,0.3361091,49.741684,0.17183737,0.15534185,0.7002033,0.6753194,0.037068803,0.2286593,0.96866393,0.08961578,-1.0,0
1763545030842,1009.72455,1.2382857,3.6729827,7.5349984,-0.34445137,-0.5192351,0.024587307,49.875004,-42.506252,27.000002,46.950733,0.3361091,49.741684,0.17325081,0.14941944,0.7000397,0.6764632,0.041923977,0.22490974,0.96923065,0.090828955,-1.0,0
1763545030867,1009.7199,0.16031912,4.1018963,8.502297,-0.36094472,-0.23915356,0.25320345,49.162502,-41.081253,25.143751,46.950733,0.3361091,49.741684,0.17298524,0.14469567,0.7001756,0.6774167,0.044717696,0.22104537,0.9699119,0.09170712,-1.0,0
1763545030893,1009.7243,0.7728817,3.3415768,8.513064,-0.29100072,-0.23777911,0.30039275,47.79375,-41.23125,26.062502,46.950733,0.3361091,49.741684,0.17256145,0.1402283,0.7019378,0.67664015,0.04712418,0.21730335,0.9708249,0.08976396,-1.0,0
1763545030917,1009.7243,0.64905316,3.336193,8.287541,-0.1353829,-0.15073088,0.07086031,47.23125,-40.40625,26.081251,46.950733,0.3361091,49.741684,0.17279118,0.13399541,0.7043187,0.6753692,0.05113918,0.21259435,0.9719139,0.087016426,-1.0,0
1763545030943,1009.72015,0.88354975,4.2723846,7.945368,0.35453063,-0.21456626,-0.07024945,47.475002,-42.018753,27.075,46.950733,0.3361091,49.741684,0.17321825,0.13526571,0.7039257,0.6754163,0.05069558,0.21384884,0.9716296,0.087375715,-1.0,0
1763545030967,1009.7204,0.8877372,4.28734,8.217551,0.48097965,-0.5401572,-0.17608178,47.737503,-40.85625,25.425001,46.950733,0.3361091,49.741684,0.17700297,0.13639073,0.7026376,0.6755501,0.052986074,0.21708283,0.97069174,0.08845923,-1.0,0
1763545030993,1009.7204,1.2424731,4.2370906,8.3013,0.63094693,-0.5551234,-0.25778493,47.23125,-43.162502,27.768751,46.950733,0.3361091,49.741684,0.19124784,0.13750039,0.69638586,0.67791194,0.06347171,0.22683349,0.96726257,0.09445098,-1.0,0
1763545031018,1009.70013,1.3669,4.273581,8.213364,0.77969253,-0.123547405,-0.284663,49.7625,-41.86875,23.737501,46.950733,0.3361091,49.741684,0.19690819,0.14232814,0.69326514,0.67849344,0.06493107,0.23412408,0.96516615,0.097078465,-1.0,0
1763545031043,1009.67523,0.994816,5.128417,7.171888,0.7105121,0.28924447,0.088269964,47.737503,-42.0,29.5125,46.950733,0.3361091,49.741684,0.19991358,0.15008505,0.69192624,0.67730874,0.062445015,0.24205701,0.9633766,0.097029015,-1.0,0
1763545031069,1009.67523,1.0426725,5.456832,6.8859453,0.5342776,-0.088269964,0.031001387,47.756252,-43.48125,27.73125,46.950733,0.3361091,49.741684,0.20726989,0.15965663,0.6911734,0.67366785,0.062217724,0.25412598,0.96051407,0.09466604,-1.0,0
1763545031095,1009.6774,1.1276177,6.1639113,7.344171,0.47975793,-0.37843072,0.049174614,47.41875,-42.787502,29.737501,46.950733,0.3361091,49.741684,0.21324264,0.16049802,0.68992525,0.6728827,0.06640437,0.25850046,0.9590318,0.09500475,-1.0,0
1763545031120,1009.6774,1.2065809,6.129813,7.4063845,0.38369945,0.03970621,-0.04780017,47.60625,-42.65625,29.868752,46.950733,0.3361091,49.741684,0.21793912,0.1619434,0.68824226,0.6727551,0.069229245,0.2625461,0.95761615,0.09616746,-1.0,0
1763545031145,1009.68353,1.9651057,6.387042,7.872985,0.21769693,0.11728604,-0.020158539,48.393753,-43.6875,30.91875,46.950733,0.3361091,49.741684,0.22134253,0.16734506,0.68710333,0.671485,0.06865528,0.2688556,0.9558844,0.09637528,-1.0,0
1763545031170,1009.69183,2.3264217,6.262615,8.891729,0.09873102,-0.024587307,-0.1924224,49.3875,-44.0625,28.06875,46.950733,0.3361091,49.741684,0.22224276,0.16816628,0.6856555,0.67246175,0.068982154,0.27002442,0.9553125,0.0985205,-1.0,0
1763545031195,1009.69183,0.1788635,5.9030933,10.337592,-0.024205517,0.08796453,-0.2593121,49.0125,-42.881252,29.587502,46.950733,0.3361091,49.741684,0.22238547,0.16867973,0.683323,0.67465657,0.06886921,0.27049062,0.9548205,0.1020276,-1.0,0
1763545031221,1009.71796,-0.31944183,6.009574,10.642078,0.073685564,0.06994402,-0.060322896,48.2625,-45.1875,29.79375,46.950733,0.3361091,49.741684,0.22115828,0.16963074,0.68186516,0.67629457,0.06724768,0.27048716,0.9547272,0.10397327,-1.0,0
1763545031245,1009.74066,-0.40558344,6.0430737,9.362516,-0.032299474,0.30436337,0.159283,49.912502,-44.381252,28.331251,46.950733,0.3361091,49.741684,0.21859187,0.17237373,0.6831856,0.67510176,0.06326502,0.27109528,0.9551164,0.10127969,-1.0,0
1763545031270,1009.74066,0.5605187,5.91087,9.070593,-0.41210467,0.37369654,0.19547673,49.18125,-42.225002,28.143751,46.950733,0.3361091,49.741684,0.21372828,0.17185739,0.68587923,0.67405856,0.059737243,0.26766807,0.9565886,0.09860761,-1.0,0
1763545031295,1009.77704,0.081954174,3.9798622,12.784253,-0.69692034,0.64400417,-0.038026333,48.562504,-42.300003,28.81875,46.950733,0.3361091,49.741684,0.20565225,0.16936411,0.6884101,0.67462176,0.054946963,0.26068732,0.9589311,0.097334966,-1.0,0
1763545031320,1009.77704,-1.0953146,4.039683,11.85524,-0.15157083,0.6244565,0.017104214,49.29375,-42.45,26.906252,46.950733,0.3361091,49.741684,0.19059813,0.17127427,0.6922622,0.67461884,0.041712195,0.25282922,0.96204376,0.09385745,-1.0,0
1763545031345,1009.79315,-1.2975081,4.5206404,9.1052885,0.24365869,0.26572618,0.123089254,49.818752,-42.768753,27.018751,46.950733,0.3361091,49.741684,0.19005278,0.17443688,0.6931351,0.6730643,0.039133005,0.2549841,0.96181697,0.091432236,-1.0,0
1763545031371,1009.77826,0.1268196,4.473382,6.486344,-0.16073379,0.021227552,-0.039553493,49.631252,-42.91875,27.50625,46.950733,0.3361091,49.741684,0.19087534,0.1759087,0.69367296,0.6718933,0.038706075,0.25666925,0.9615558,0.08962843,-1.0,0
1763545031396,1009.77826,-0.17826529,3.778267,7.417152,-0.46708247,0.07131846,-0.1838703,48.525,-41.04375,28.29375,46.950733,0.3361091,49.741684,0.1859225,0.17293759,0.693391,0.6743399,0.038199786,0.2554063,0.9618941,0.08982286,-1.0,0
1763545031421,1009.7778,-0.9068798,3.3200414,8.650652,-0.5359575,0.28817546,-0.15347977,48.61875,-42.037502,28.500002,46.950733,0.3361091,49.741684,0.17996435,0.17148238,0.69379175,0.6759139,0.032746386,0.2464164,0.9642491,0.09181699,-1.0,0
1763545031447,1009.7619,-0.33140594,3.388835,8.396415,0.031535894,0.07498365,0.1339321,48.43125,-41.662502,26.94375,46.950733,0.3361091,49.741684,0.1755668,0.17104556,0.6948778,0.67606544,0.029432723,0.24333932,0.96525043,0.09061602,-1.0,0
1763545031472,1009.7619,-0.033499517,3.6424742,6.9415784,0.24136795,-0.11026109,0.17577635,47.98125,-41.5875,27.768751,46.950733,0.3361091,49.741684,0.17514502,0.17139125,0.6958533,0.6750833,0.028796623,0.24335466,0.9654272,0.08887921,-1.0,0
1763545031497,1009.7358,0.27756742,3.7507496,5.968298,0.20578507,-0.17470732,0.16233732,50.1375,-42.73125,25.893751,46.950733,0.3361091,49.741684,0.18041563,0.17195405,0.69682354,0.67254657,0.032475796,0.24710995,0.9646154,0.086017944,-1.0,0
1763545031522,1009.7358,0.1902294,3.8650067,6.0364933,0.03092503,-0.06918044,0.12858704,49.18125,-40.10625,27.393751,46.950733,0.3361091,49.741684,0.18140264,0.17154902,0.69747293,0.67171097,0.03350126,0.24741393,0.9645952,0.08497139,-1.0,0
1763545031547,1009.7282,0.10229317,4.237689,8.099107,0.017027855,0.13637556,0.12996148,47.2125,-41.90625,26.475,46.950733,0.3361091,49.741684,0.18064529,0.1712091,0.6985443,0.6708879,0.033075705,0.2466805,0.9649292,0.083464615,-1.0,0
1763545031572,1009.72284,0.23090738,4.4111686,8.090134,0.23831362,-0.0027488915,0.08872811,47.8875,-42.09375,27.806252,46.950733,0.3361091,49.741684,0.18000816,0.17198907,0.6995936,0.66976535,0.032021366,0.24689634,0.9650637,0.081663474,-1.0,0
1763545031597,1009.72284,-0.09990034,4.9046884,7.785647,0.4325686,-0.24556763,0.01924224,49.0875,-42.09375,26.437502,46.950733,0.3361091,49.741684,0.18616512,0.17473069,0.6987246,0.6682781,0.03504721,0.25290304,0.96346694,0.080890164,-1.0,0
1763545031622,1009.72235,-0.863809,5.1421757,7.899306,0.40859216,-0.13209951,0.1594357,48.093754,-40.96875,29.250002,46.950733,0.3361091,49.741684,0.1913714,0.17589998,0.6974742,0.6678068,0.03825412,0.25710008,0.9622323,0.08090215,-1.0,0
1763545031647,1009.72894,-0.01794617,5.2426744,8.212168,0.30153814,0.076052666,0.25992295,50.1375,-43.237503,27.937502,46.950733,0.3361091,49.741684,0.1950107,0.1777971,0.6974836,0.66624,0.03974548,0.26088557,0.9612992,0.07913846,-1.0,0
1763545031672,1009.72894,0.93260264,5.371289,8.927621,0.25465426,-0.021685699,0.22510368,49.987503,-42.6375,27.45,46.950733,0.3361091,49.741684,0.19898638,0.18118285,0.6996809,0.6618337,0.04063529,0.2660293,0.9602552,0.07407526,-1.0,0
1763545031697,1009.7424,0.81834537,7.0247293,10.360922,0.12851068,-0.062460925,-0.032070402,46.74375,-43.987503,29.8875,46.950733,0.3361091,49.741684,0.20167476,0.1807119,0.6997224,0.6611045,0.043076992,0.267346,0.9598131,0.07368345,-1.0,0
1763545031722,1009.7424,0.2835495,7.368697,10.033105,0.1419497,0.049174614,-0.06459895,47.5125,-42.412502,29.400002,46.950733,0.3361091,49.741684,0.20305808,0.1811858,0.69918543,0.6611194,0.043885108,0.26857957,0.9593966,0.07414348,-1.0,0
1763545031747,1009.76874,1.006182,7.3836527,9.6783695,0.047571093,0.011300999,-0.1244637,47.381252,-42.300003,29.56875,46.950733,0.3361091,49.741684,0.20383905,0.18358804,0.6976646,0.66182256,0.04288845,0.27095297,0.95868254,0.075318664,-1.0,0
1763545031772,1009.79803,1.4267205,6.6717877,10.098908,-0.154167,-0.14782928,-0.27504188,46.143753,-43.29375,29.75625,46.950733,0.3361091,49.741684,0.20366175,0.18216228,0.6958784,0.6641477,0.043690827,0.26972637,0.95874494,0.078402475,-1.0,0
1763545031798,1009.79803,0.7818548,4.4835515,11.753545,-0.4237111,0.15363249,-0.32330018,48.693752,-41.775,27.69375,46.950733,0.3361091,49.741684,0.201615,0.17961311,0.69403684,0.6673855,0.043710746,0.2664561,0.95934856,0.08210274,-1.0,0
1763545031822,1009.8215,0.56410795,4.141378,11.941979,-0.29680392,0.35888305,-0.25534147,49.66875,-42.675003,28.25625,46.950733,0.3361091,49.741684,0.19710088,0.17800936,0.69307363,0.67015886,0.041214556,0.26236895,0.96034354,0.084877715,-1.0,0
1763545031847,1009.8244,-0.44745782,3.9960139,11.305489,-0.013515383,0.24602579,-0.15424335,49.0125,-42.881252,30.35625,46.950733,0.3361091,49.741684,0.18956922,0.17975093,0.6922942,0.6726677,0.034166314,0.2589972,0.9613491,0.08695356,-1.0,0
1763545031872,1009.8244,0.45164528,4.0767717,8.184649,0.32994333,-0.3442223,0.24113888,47.831253,-42.35625,28.29375,46.950733,0.3361091,49.741684,0.19202015,0.18029864,0.6919672,0.67216223,0.03553075,0.26099217,0.96084154,0.08604749,-1.0,0
1763545031897,1009.8051,1.7682959,4.162315,7.1623163,0.14775293,-0.17715079,0.18035783,51.131252,-43.3875,28.143751,46.950733,0.3361091,49.741684,0.19658203,0.17974804,0.69232816,0.67061764,0.039269835,0.26346105,0.96019685,0.0840721,-1.0,0
1763545031922,1009.8051,1.8969102,4.093521,7.225726,-0.09185879,-0.06276636,-0.020311253,49.93125,-42.15,28.050001,46.950733,0.3361091,49.741684,0.19919997,0.17775059,0.6929393,0.6697456,0.042722743,0.26353496,0.96007055,0.0835981,-1.0,0
1763545031947,1009.78314,0.27876383,3.6837504,7.580462,-0.20593779,0.29077163,-0.29031348,50.531254,-42.7125,29.1,46.950733,0.3361091,49.741684,0.19667801,0.17719321,0.692372,0.6712237,0.041207675,0.26149875,0.96053106,0.085442744,-1.0,0
1763545031972,1009.76483,-0.9661021,3.6047873,6.7088766,-0.10315979,0.29764387,-0.23747368,49.818752,-44.268753,26.643751,46.950733,0.3361091,49.741684,0.1929043,0.17801873,0.69144595,0.67305255,0.037728183,0.2597678,0.9609727,0.08734264,-1.0,0
1763545031997,1009.76483,-1.2801601,3.6514473,6.1531434,-0.03046688,0.1547015,-0.07299834,48.937504,-43.48125,27.150002,46.950733,0.3361091,49.741684,0.18804884,0.1808754,0.6904263,0.67470974,0.031984866,0.25895026,0.9612836,0.0886312,-1.0,0
1763545032022,1009.75507,-0.5282156,3.8446677,6.321239,0.026801692,-0.16630794,0.06444623,48.037502,-43.4625,28.1625,46.950733,0.3361091,49.741684,0.189261,0.1800759,0.6904388,0.6745719,0.03326799,0.25911444,0.9612616,0.08791573,-1.0,0
1763545032047,1009.7365,0.22552353,4.2951164,6.4031935,-0.08116866,0.16554436,0.035430156,47.268753,-43.66875,28.425001,46.950733,0.3361091,49.741684,0.19098812,0.17884682,0.69048035,0.6743696,0.035343166,0.25925565,0.9611798,0.08758324,-1.0,0
1763545032072,1009.7365,-0.33320054,4.386044,7.361519,-0.099341884,0.38133234,0.07987057,48.468754,-43.425003,29.5125,46.950733,0.3361091,49.741684,0.18955421,0.17935969,0.6911467,0.67395514,0.03390915,0.25874868,0.96143466,0.08684897,-1.0,0
1763545032097,1009.73505,-0.38344982,4.7318068,8.01117,0.13080142,0.15210533,0.18814635,48.318752,-43.55625,28.29375,46.950733,0.3361091,49.741684,0.18657847,0.18273962,0.6937518,0.6711953,0.029295476,0.25951314,0.96176964,0.082424805,-1.0,0
1763545032122,1009.7316,0.49471608,5.6793647,6.9296145,0.50419253,-0.36544985,0.33063057,49.7625,-43.0125,26.56875,46.950733,0.3361091,49.741684,0.1914775,0.18354875,0.6943216,0.66900206,0.03252646,0.26324093,0.96084404,0.08015623,-1.0,0
1763545032147,1009.7316,1.1910275,6.050252,7.0055866,0.36125016,-0.12186752,0.32391104,47.737503,-43.5,28.518751,46.950733,0.3361091,49.741684,0.1978989,0.1841281,0.69482684,0.66644466,0.037132237,0.26774675,0.95962256,0.07782972,-1.0,0
1763545032172,1009.7399,1.9722841,6.4618177,7.884351,0.22731806,0.038026333,0.22586726,46.7625,-43.21875,28.593752,46.950733,0.3361091,49.741684,0.20400491,0.18666525,0.69709224,0.66151375,0.04040351,0.2735498,0.9582273,0.0730657,-1.0,0
1763545032197,1009.7399,2.1098714,6.649654,9.088538,0.142866,-0.14935644,0.019394957,47.86875,-42.862503,28.1625,46.950733,0.3361091,49.741684,0.20643748,0.18653508,0.69668835,0.66122127,0.0425167,0.27496198,0.9576909,0.07359644,-1.0,0
1763545032222,1009.76385,1.0462617,6.291329,11.9515505,-0.042073313,0.049480047,-0.18264857,49.143753,-44.5875,27.2625,46.950733,0.3361091,49.741684,0.20794861,0.18560621,0.6953747,0.6623908,0.044441186,0.2751677,0.9573637,0.0759102,-1.0,0
1763545032248,1009.81415,0.48753762,6.2679987,12.122638,0.025427246,0.40897396,-0.14294235,50.325,-43.8375,27.6375,46.950733,0.3361091,49.741684,0.20406218,0.1885812,0.69436485,0.66381717,0.03960742,0.27501905,0.95746225,0.077858046,-1.0,0
1763545032272,1009.81415,-0.00059820566,6.4618177,11.170893,0.0778089,0.5338958,-0.07819069,49.443752,-44.550003,27.150002,46.950733,0.3361091,49.741684,0.20067139,0.19253856,0.6948016,0.66325754,0.034448132,0.27595913,0.95745784,0.077034876,-1.0,0
1763545032297,1009.8305,0.28175488,5.5262237,10.316655,-0.33162323,-0.27458373,-0.16340633,50.475002,-44.68125,25.2,46.950733,0.3361091,49.741684,0.19903435,0.19373804,0.69464856,0.66356176,0.03234798,0.27586722,0.95755124,0.07711344,-1.0,0
1763545032323,1009.8305,0.2213361,4.3704906,12.29193,-0.5304597,-0.0006108648,-0.26419902,49.537502,-45.65625,26.437502,46.950733,0.3361091,49.741684,0.19837722,0.19009934,0.69367766,0.66582286,0.03405849,0.27263767,0.9582445,0.07922236,-1.0,0
1763545032348,1009.85394,-1.5565311,3.6011982,12.731013,-0.2531271,0.59727305,-0.1800524,46.725002,-44.2125,28.050001,46.950733,0.3361091,49.741684,0.18762115,0.18875854,0.69352514,0.669471,0.0263106,0.26483813,0.9605029,0.08125644,-1.0,0
1763545032373,1009.85565,-0.87338024,4.284947,8.427522,0.4965567,-0.36071566,0.27427828,48.600002,-43.537502,28.893751,46.950733,0.3361091,49.741684,0.18565194,0.19264005,0.69459355,0.6678046,0.022000475,0.26663235,0.9603774,0.07809269,-1.0,0
1763545032398,1009.85565,0.44147578,4.4751763,6.7764735,0.37942338,-0.7475458,0.18997894,47.4375,-45.881252,26.98125,46.950733,0.3361091,49.741684,0.19122599,0.19317739,0.69475937,0.6659013,0.025729788,0.27059725,0.9593722,0.075630814,-1.0,0
1763545032423,1009.82904,0.1788635,4.4081774,6.401997,-0.05627592,-0.39858928,0.051007207,46.59375,-44.100002,27.900002,46.950733,0.3361091,49.741684,0.20147341,0.18755805,0.6935131,0.66578525,0.037173506,0.27274108,0.95834696,0.076167576,-1.0,0
1763545032449,1009.80536,-0.65982085,4.0851464,7.690532,-0.47975793,0.3252855,0.06933315,49.18125,-45.318752,25.5375,46.950733,0.3361091,49.741684,0.19626296,0.18638638,0.6954256,0.66567576,0.033787437,0.26854688,0.9597843,0.07453177,-1.0,0
1763545032474,1009.80536,-0.7818548,3.8506498,8.758329,0.04650208,0.23167047,0.28970262,45.768753,-45.300003,28.050001,46.950733,0.3361091,49.741684,0.1897079,0.18693271,0.6984589,0.6642456,0.028246121,0.2648303,0.9612586,0.07105641,-1.0,0
1763545032499,1009.7873,-0.18843478,3.879962,6.6502523,0.4096612,-0.19761476,0.31154105,48.16875,-42.825,28.743752,46.950733,0.3361091,49.741684,0.19280894,0.18905893,0.70154786,0.6594786,0.029003726,0.26847225,0.9606971,0.06436197,-1.0,0
1763545032524,1009.75214,0.36909288,3.8841493,4.883751,0.34720027,-0.17730351,0.27687445,48.24375,-44.79375,26.681252,46.950733,0.3361091,49.741684,0.19677107,0.18984708,0.7023187,0.65725774,0.031535305,0.27159947,0.95989007,0.062050503,-1.0,0
1763545032550,1009.75214,0.42951167,4.0965123,6.25424,-0.07933606,0.44730574,0.08048143,47.25,-45.28125,27.431252,46.950733,0.3361091,49.741684,0.1961474,0.19122203,0.7038097,0.65544814,0.030231537,0.27226034,0.9598823,0.05988537,-1.0,0
1763545032575,1009.7382,0.051445685,4.039683,6.8428745,0.09078978,0.3414734,0.03497201,48.693752,-45.600002,24.975,46.950733,0.3361091,49.741684,0.19292618,0.19337419,0.7053054,0.6541638,0.026412664,0.27187583,0.9602154,0.05807197,-1.0,0
1763545032600,1009.7382,-0.08315059,4.35075,6.1471615,0.34765843,0.0377209,0.008246674,47.943752,-45.5625,26.60625,46.950733,0.3361091,49.741684,0.19316088,0.19865458,0.7054535,0.65235007,0.023233678,0.27610683,0.959181,0.056541964,-1.0,0
1763545032625,1009.7255,-0.4953143,5.870192,5.732605,0.07276927,-0.11560616,-0.07803798,49.818752,-46.48125,25.06875,46.950733,0.3361091,49.741684,0.19639906,0.2004097,0.70420456,0.65219575,0.024609625,0.27951923,0.9581205,0.057170365,-1.0,0
1763545032650,1009.72577,-0.7298109,5.7786665,7.548757,-0.15157083,0.014202606,-0.04703659,50.437504,-45.675003,25.10625,46.950733,0.3361091,49.741684,0.19773504,0.20075528,0.7032347,0.6527321,0.025387634,0.2806373,0.95771855,0.058080178,-1.0,0
1763545032676,1009.72577,-0.47377887,5.825925,9.540184,-0.17081307,0.00076358096,0.03649917,50.006252,-47.71875,26.04375,46.950733,0.3361091,49.741684,0.19557056,0.1992445,0.7036647,0.6533834,0.024536785,0.27810815,0.9584929,0.057838198,-1.0,0
1763545032702,1009.7641,0.6358926,6.433702,10.758729,0.13461933,-0.32360563,0.064904384,48.206253,-45.787502,25.81875,46.950733,0.3361091,49.741684,0.19718802,0.19746757,0.7037317,0.6533644,0.026855696,0.27776843,0.9585449,0.057577472,-1.0,0
1763545032727,1009.79,0.6305088,7.131808,10.476376,0.13263401,-0.16875139,0.0056504994,46.725002,-47.943752,27.16875,46.950733,0.3361091,49.741684,0.20026661,0.19608097,0.7033011,0.65330935,0.030112887,0.27865332,0.95817757,0.057804108,-1.0,0
1763545032752,1009.79,0.21595225,7.0959153,10.578669,0.0778089,-0.26083925,-0.029168794,46.59375,-46.331253,27.712502,46.950733,0.3361091,49.741684,0.2046044,0.19485664,0.70191044,0.6538269,0.03428605,0.28045774,0.9574228,0.0592417,-1.0,0
1763545032777,1009.8132,-0.11964113,6.2267227,10.486546,-0.013668099,-0.39843655,0.01847866,48.825,-46.350002,25.781252,46.950733,0.3361091,49.741684,0.20715243,0.19227973,0.7012404,0.6545061,0.03783785,0.2800927,0.9573479,0.060010742,-1.0,0
1763545032803,1009.8132,1.1138589,5.128417,11.985648,-0.5727621,0.10155627,0.016035201,48.2625,-47.643753,26.23125,46.950733,0.3361091,49.741684,0.20727107,0.18827215,0.7017087,0.6551314,0.04043219,0.2770793,0.9581162,0.06004706,-1.0,0
1763545032828,1009.8403,0.9762716,4.549952,13.296915,-0.577649,0.41996953,-0.03451386,45.018753,-46.875,28.218752,46.950733,0.3361091,49.741684,0.1959631,0.18293832,0.7048881,0.6567076,0.035137985,0.26576924,0.96156186,0.059420988,-1.0,0
1763545032853,1009.8632,0.67417777,4.3483567,13.070794,-0.24304782,0.3979784,-0.023976443,46.143753,-46.3875,27.768751,46.950733,0.3361091,49.741684,0.19122945,0.18325368,0.70606494,0.65675086,0.031272307,0.26300696,0.96250033,0.058672298,-1.0,0
1763545032879,1009.8632,0.7692925,4.232305,9.160921,0.43562296,-0.42836893,-0.036346454,44.850002,-47.006252,27.31875,46.950733,0.3361091,49.741684,0.19205342,0.18381508,0.7057179,0.6567265,0.031547934,0.26396444,0.9622178,0.058858898,-1.0,0
1763545032904,1009.8454,1.2029916,4.17727,7.20778,0.32368198,-0.457385,-0.028863361,45.05625,-46.518753,29.737501,46.950733,0.3361091,49.741684,0.20253952,0.18290985,0.70241594,0.6573687,0.040269136,0.26991972,0.96006477,0.061622813,-1.0,0
1763545032929,1009.8051,1.6384853,4.156333,6.346962,0.014889829,-0.010690134,-0.06994402,45.0,-46.143753,29.1,46.950733,0.3361091,49.741684,0.20279033,0.18290058,0.7019711,0.65776896,0.040579233,0.2700553,0.9599499,0.0626072,-1.0,0
1763545032954,1009.8051,0.8673982,3.8500516,6.4815583,-0.077198036,0.049327333,-0.33169958,46.78125,-46.706253,29.8875,46.950733,0.3361091,49.741684,0.20016113,0.18334256,0.7015296,0.6589213,0.038398925,0.2687089,0.96030885,0.064248756,-1.0,0
1763545032979,1009.78143,-0.05802595,3.7591243,5.97428,0.04848739,-0.21044292,-0.35628688,47.175003,-46.800003,30.768751,46.950733,0.3361091,49.741684,0.1989082,0.1835901,0.69969404,0.6611796,0.037368357,0.26809216,0.96029896,0.067499,-1.0,0
1763545033004,1009.74774,-0.32961133,3.769892,5.682954,0.0816268,-0.20189081,-0.23625195,46.40625,-47.006252,31.331251,46.950733,0.3361091,49.741684,0.20141849,0.18306707,0.69484156,0.66566676,0.0396008,0.26928556,0.9594037,0.07390244,-1.0,0
1763545033029,1009.74774,0.2847459,3.9349968,5.3796635,0.055970486,-0.0035124724,-0.11942407,45.768753,-47.943752,31.143751,46.950733,0.3361091,49.741684,0.20159335,0.18377729,0.69393426,0.66636425,0.03925878,0.26994947,0.95915204,0.074922234,-1.0,0
1763545033054,1009.7265,0.3481557,4.6618166,6.15434,-0.036880963,0.05253437,-0.20112723,47.287502,-45.54375,31.143751,46.950733,0.3361091,49.741684,0.20066263,0.18480407,0.693225,0.66709894,0.03793478,0.27014622,0.95905674,0.076106355,-1.0,0
1763545033079,1009.7265,-0.25902304,4.733003,6.884151,-0.013973532,-0.041996952,-0.18249585,46.162502,-46.143753,29.60625,46.950733,0.3361091,49.741684,0.19983572,0.18550639,0.69079846,0.6696645,0.036887236,0.2701597,0.9587968,0.079760954,-1.0,0
1763545033104,1009.7277,-0.35353956,4.71087,7.34118,0.08009964,-0.02611447,-0.037110034,46.03125,-46.050003,29.75625,46.950733,0.3361091,49.741684,0.20037943,0.18609636,0.69032335,0.6698283,0.03687146,0.27096912,0.9585516,0.07996925,-1.0,0
1763545033129,1009.7248,1.0797613,5.750551,8.222935,0.22334744,-0.12324197,0.12950334,46.85625,-46.8375,31.893751,46.950733,0.3361091,49.741684,0.20169769,0.18688366,0.6905915,0.6689364,0.037365593,0.2724175,0.95820063,0.07901946,-1.0,0
1763545033156,1009.7248,1.1892328,5.939584,8.924032,0.36858055,-0.22754712,0.08857539,45.768753,-46.4625,32.1375,46.950733,0.3361091,49.741684,0.20861045,0.18806484,0.6902522,0.6668322,0.042103224,0.27769417,0.95656335,0.078101315,-1.0,0
1763545033181,1009.7353,1.0492527,6.018547,8.441878,0.4710531,-0.23808455,0.072540194,47.1375,-47.0625,30.7875,46.950733,0.3361091,49.741684,0.21349922,0.18945388,0.689394,0.66577864,0.045068502,0.28185728,0.9552137,0.078051195,-1.0,0
1763545033206,1009.7587,1.7940187,6.042475,10.310075,-0.05383246,0.12125666,0.0013744457,48.393753,-46.55625,31.556252,46.950733,0.3361091,49.741684,0.21555004,0.1906795,0.6893944,0.6647668,0.045960214,0.2840918,0.9545503,0.077544466,-1.0,0
1763545033232,1009.7587,1.4853446,5.9820566,11.727822,-0.055054188,0.29581127,-0.17302746,48.487503,-47.550003,31.7625,46.950733,0.3361091,49.741684,0.21199605,0.19236402,0.68952847,0.66528505,0.042375267,0.2831088,0.9549183,0.07864292,-1.0,0
1763545033257,1009.79974,-0.53359944,6.339185,11.083554,0.061162837,0.44959646,-0.22403465,48.43125,-46.537502,28.931252,46.950733,0.3361091,49.741684,0.2087967,0.19587207,0.68895495,0.66586727,0.037670396,0.28380078,0.9548449,0.07943132,-1.0,0
1763545033282,1009.79974,-1.0929217,6.3427744,10.148559,-0.16989677,0.009010255,-0.007941242,47.30625,-46.162502,31.031252,46.950733,0.3361091,49.741684,0.2066269,0.19808714,0.688877,0.66596943,0.034434695,0.28416094,0.95489216,0.07904287,-1.0,0
1763545033307,1009.831,-0.37447673,5.230112,11.114661,-0.4058433,-0.021685699,-0.028252495,49.312504,-45.600002,31.706251,46.950733,0.3361091,49.741684,0.20518641,0.19730511,0.68909013,0.6664263,0.033654187,0.28266266,0.95539147,0.07871691,-1.0,0
1763545033332,1009.85516,-0.8991031,4.168297,12.073585,-0.4163807,0.19715661,-0.055588696,47.5125,-47.381252,30.300001,46.950733,0.3361091,49.741684,0.19777358,0.19286095,0.6904986,0.6685073,0.030523665,0.27455062,0.95786136,0.07868867,-1.0,0
1763545033357,1009.85516,-1.1754742,3.9158542,11.881561,-0.17142393,0.1385136,0.0650571,48.225002,-45.206253,31.650002,46.950733,0.3361091,49.741684,0.19511522,0.19218329,0.69157434,0.66837156,0.028622106,0.2723695,0.95868546,0.07692765,-1.0,0
1763545033382,1009.8588,0.41455653,4.415356,8.584849,0.11400264,-0.24953826,0.07956514,47.100002,-44.943752,31.593752,46.950733,0.3361091,49.741684,0.19641845,0.19118197,0.69207996,0.66775346,0.030052643,0.2724474,0.9587422,0.075382955,-1.0,0
1763545033408,1009.8293,0.3367898,4.5212383,7.3956165,-0.08727731,-0.14660755,-0.06658426,47.625,-46.7625,31.331251,46.950733,0.3361091,49.741684,0.19900538,0.1884703,0.6914361,0.6684249,0.033641316,0.27201557,0.9587092,0.075844854,-1.0,0
1763545033433,1009.8293,0.08853444,4.168297,7.9040914,-0.3513236,0.056199558,-0.09636392,48.487503,-45.525,29.00625,46.950733,0.3361091,49.741684,0.19615409,0.1866575,0.6915602,0.669647,0.03250995,0.26881322,0.95960647,0.076406345,-1.0,0
1763545033458,1009.81976,-0.26859435,3.5928233,8.322237,0.009544762,0.25579962,0.033902995,49.4625,-43.575,29.718752,46.950733,0.3361091,49.741684,0.19171298,0.18652214,0.69250077,0.66999876,0.02908039,0.26589227,0.9605816,0.075753614,-1.0,0
1763545033484,1009.81976,-0.22432712,3.5030923,6.9906316,0.32582,-0.06658426,0.11041381,48.187504,-44.8125,29.306252,46.950733,0.3361091,49.741684,0.18984467,0.18799834,0.693218,0.66937613,0.026568545,0.26585427,0.96077514,0.07434242,-1.0,0
1763545033509,1009.7946,-0.06281159,3.5760734,5.577071,0.45761406,-0.3019199,0.15607595,48.206253,-44.5875,30.993752,46.950733,0.3361091,49.741684,0.19752051,0.19025107,0.6928397,0.66690576,0.030851388,0.27250323,0.9589625,0.07197999,-1.0,0
1763545033535,1009.759,0.01794617,3.9343987,4.8490553,0.09308052,0.06887501,0.17577635,47.53125,-45.037502,31.25625,46.950733,0.3361091,49.741684,0.2011505,0.19091743,0.6930087,0.66545314,0.033189572,0.27533516,0.958175,0.07063743,-1.0,0
1763545033560,1009.759,-0.27098715,3.9625144,5.3629136,0.041615162,0.10873393,0.17272201,48.956253,-45.15,32.643753,46.950733,0.3361091,49.741684,0.20174429,0.19179408,0.6940593,0.66392463,0.03306244,0.27639213,0.9580158,0.068701856,-1.0,0
1763545033585,1009.727,-0.6855437,4.74736,6.1232333,0.11614066,-0.012522728,0.16264275,48.562504,-44.193752,32.325,46.950733,0.3361091,49.741684,0.20275807,0.19316168,0.6960065,0.66117525,0.032865245,0.27810457,0.9577868,0.06497807,-1.0,0
1763545033610,1009.7143,-1.524228,5.5908303,6.2757754,0.20059273,-0.03894263,0.19196425,48.6375,-44.662502,31.10625,46.950733,0.3361091,49.741684,0.2045877,0.19428568,0.696669,0.6595827,0.03337819,0.28015882,0.95732087,0.06271874,-1.0,0
1763545033635,1009.7143,-0.14476576,6.4683976,7.181459,0.15584688,-0.31826055,0.3346012,47.456253,-44.662502,31.087502,46.950733,0.3361091,49.741684,0.20681374,0.1950623,0.6979531,0.65729773,0.034341276,0.28220895,0.95690376,0.059278764,-1.0,0
1763545033660,1009.7216,1.0893325,6.7585278,8.056036,0.066049755,-0.6101012,0.22785257,47.0625,-45.7125,33.1875,46.950733,0.3361091,49.741684,0.21580835,0.19027764,0.6989907,0.65470076,0.044139747,0.28430706,0.9560766,0.056023374,-1.0,0
1763545033685,1009.7504,2.3246272,6.983453,9.634102,-0.16974404,-0.5734493,0.041233372,47.2125,-45.075,32.362503,46.950733,0.3361091,49.741684,0.21904273,0.18540704,0.6983504,0.6557067,0.049821924,0.28261855,0.9562117,0.057478096,-1.0,0
1763545033711,1009.7504,0.63948184,6.5838513,11.729018,-0.25648686,0.6004801,-0.3347539,48.35625,-44.456253,32.98125,46.950733,0.3361091,49.741684,0.21681306,0.18369427,0.69768894,0.6576311,0.04932431,0.2798546,0.9569081,0.059794743,-1.0,0
1763545033736,1009.78973,-0.47258246,6.6915283,11.899507,-0.06772963,0.4667007,-0.26053384,49.4625,-43.575,29.41875,46.950733,0.3361091,49.741684,0.21058214,0.18620002,0.69733196,0.65932757,0.042989027,0.27778992,0.9577051,0.061528396,-1.0,0
1763545033761,1009.78973,-0.038285162,6.3655066,11.392827,0.12713623,-0.120034926,-0.16249003,47.475002,-44.662502,30.768751,46.950733,0.3361091,49.741684,0.20733774,0.18964699,0.69522697,0.6615924,0.038027383,0.2784041,0.9575939,0.0637096,-1.0,0
1763545033787,1009.8178,1.8113668,4.9417768,11.574083,-0.08880447,-0.33994624,-0.12782346,48.581253,-43.537502,29.962502,46.950733,0.3361091,49.741684,0.21074995,0.18709828,0.69339,0.66316587,0.042236876,0.27863485,0.95719904,0.06594432,-1.0,0
1763545033812,1009.8459,1.4781662,4.4632125,11.426925,-0.09766201,0.031459536,-0.1574504,50.156254,-44.49375,29.550001,46.950733,0.3361091,49.741684,0.21213047,0.18417941,0.6921464,0.6648397,0.045184106,0.27727208,0.9573099,0.06809052,-1.0,0
1763545033837,1009.8459,0.6197411,4.512265,10.307682,-0.037644543,0.13209951,-0.14446951,48.6375,-44.662502,31.10625,46.950733,0.3361091,49.741684,0.20919165,0.18388808,0.69106805,0.66696995,0.043174554,0.27515802,0.9578281,0.070635475,-1.0,0
1763545033863,1009.84174,0.701097,4.4350967,8.348558,0.020387612,-0.37018406,-0.07208204,47.287502,-43.3125,31.63125,46.950733,0.3361091,49.741684,0.20930015,0.18368275,0.6903321,0.6677542,0.043312635,0.27508163,0.95778394,0.07144235,-1.0,0
1763545033887,1009.82513,1.4057833,4.1700916,7.9190464,-0.067271486,-0.48792824,-0.087506376,47.381252,-43.78125,29.343752,46.950733,0.3361091,49.741684,0.2116219,0.18142653,0.68911916,0.6688911,0.046504278,0.27483952,0.957589,0.07296565,-1.0,0
1763545033912,1009.82513,1.591227,3.9212382,7.640881,-0.1758527,-0.33750278,-0.15913028,47.850002,-44.25,30.393751,46.950733,0.3361091,49.741684,0.21514611,0.17446133,0.6863699,0.6724372,0.053760532,0.27172485,0.9577198,0.0777699,-1.0,0
1763545033938,1009.79535,1.3764713,3.9176488,7.227521,-0.27404922,-0.0820086,-0.21578798,48.018753,-43.4625,29.250002,46.950733,0.3361091,49.741684,0.21361527,0.17229283,0.68532413,0.6745477,0.05404296,0.26906443,0.9582447,0.08031687,-1.0,0
1763545033963,1009.79535,0.71306115,3.9553359,7.4458656,-0.12194388,0.13668099,-0.3035998,50.04375,-43.74375,27.975,46.950733,0.3361091,49.741684,0.21060805,0.17121145,0.68433696,0.6767672,0.052464977,0.2663016,0.958892,0.08280711,-1.0,0
1763545033988,1009.7753,0.50368917,4.077968,6.309873,0.08391755,0.016187917,-0.32788166,49.218754,-42.7125,28.0125,46.950733,0.3361091,49.741684,0.20827784,0.1729815,0.68063194,0.68076277,0.049585674,0.26616448,0.9585833,0.08840708,-1.0,0
1763545034013,1009.75336,0.6119644,4.208377,5.5950174,0.1060614,-0.052381653,-0.3594939,49.912502,-42.9,28.25625,46.950733,0.3361091,49.741684,0.2088347,0.17411438,0.677964,0.68296194,0.04929551,0.26739052,0.9579355,0.091824636,-1.0,0
1763545034039,1009.75336,-0.2105684,4.462614,6.4761744,-0.09521855,0.1339321,-0.36086836,49.631252,-42.91875,27.975,46.950733,0.3361091,49.741684,0.2081368,0.17530607,0.67532414,0.685481,0.048034865,0.26785403,0.9575022,0.09558441,-1.0,0
1763545034065,1009.7375,-0.18364914,4.575675,7.6331043,-0.015347977,0.13530655,-0.22632541,49.7625,-43.03125,27.35625,46.950733,0.3361091,49.741684,0.2060991,0.17644027,0.6733222,0.6877712,0.045745615,0.26742354,0.95742524,0.098635405,-1.0,0
1763545034090,1009.73676,0.14476576,4.7132626,7.8149586,0.22685991,0.026572619,-0.10873393,51.768753,-42.45,28.35,46.950733,0.3361091,49.741684,0.20573586,0.17969316,0.6710111,0.68929476,0.043269936,0.26971206,0.9566654,0.100868136,-1.0,0
1763545034115,1009.73676,0.79441714,5.5537415,6.7986073,0.45471248,-0.2864956,-0.026572619,51.375004,-42.24375,28.06875,46.950733,0.3361091,49.741684,0.20971026,0.18123156,0.669634,0.6890334,0.04533945,0.27343664,0.95544046,0.10153958,-1.0,0
1763545034140,1009.7382,0.9601201,5.9581285,6.884749,0.32582,-0.1472184,-0.039553493,51.2625,-43.275,30.45,46.950733,0.3361091,49.741684,0.21470757,0.18236557,0.6680577,0.6887252,0.048516516,0.27749357,0.95400923,0.10251735,-1.0,0
1763545034165,1009.73334,0.5593223,6.2841506,7.3118677,0.19081889,0.03527744,-0.041233372,50.550003,-43.443752,27.900002,46.950733,0.3361091,49.741684,0.21932395,0.18534383,0.6663093,0.688169,0.050311178,0.2827085,0.9522548,0.103708744,-1.0,0
1763545034190,1009.73334,1.5798612,6.5288167,9.038888,0.017944153,-0.16355905,-0.033597562,50.362503,-43.59375,27.618752,46.950733,0.3361091,49.741684,0.21993268,0.18632445,0.6662155,0.6878007,0.05019369,0.28384462,0.9519324,0.103622034,-1.0,0
1763545034215,1009.74554,2.0183458,6.294918,10.077373,-0.06879865,-0.2150244,-0.18127412,50.86875,-43.18125,28.931252,46.950733,0.3361091,49.741684,0.22128841,0.18542847,0.66560966,0.6881944,0.05186068,0.28401187,0.95169884,0.10448467,-1.0,0
1763545034240,1009.74554,1.3716856,6.1441703,10.626525,-0.18669555,0.1197295,-0.30863944,50.437504,-43.95,27.956251,46.950733,0.3361091,49.741684,0.21972749,0.18362597,0.66275173,0.69192594,0.052027285,0.28158808,0.9517985,0.10991333,-1.0,0
1763545034265,1009.7712,-0.13878371,6.092725,10.767104,-0.27511823,0.44394597,-0.27748534,49.74375,-43.03125,28.425001,46.950733,0.3361091,49.741684,0.21446057,0.18525745,0.66236013,0.69351673,0.04691335,0.27948666,0.95251894,0.11132866,-1.0,0
1763545034291,1009.7951,-0.20578274,5.8151574,11.599208,-0.32734716,-0.064140804,-0.080634154,51.787502,-43.18125,26.362501,46.950733,0.3361091,49.741684,0.20949036,0.1859433,0.66259354,0.69462836,0.042568594,0.27685565,0.9534405,0.1117591,-1.0,0
1763545034316,1009.7951,0.6364908,4.970491,12.032309,-0.24579671,-0.22464553,-0.09376775,51.768753,-42.45,28.031252,46.950733,0.3361091,49.741684,0.20661035,0.18041037,0.66192836,0.6975781,0.043703932,0.2707872,0.95488685,0.11382147,-1.0,0
1763545034341,1009.8234,0.32841492,4.278965,11.58186,-0.18089233,-0.011606431,-0.12889247,51.862503,-42.16875,25.5375,46.950733,0.3361091,49.741684,0.20489368,0.17898357,0.66146475,0.6988905,0.043261725,0.26859814,0.9553827,0.11501008,-1.0,0
1763545034367,1009.83466,0.5706882,4.148556,10.098908,-0.13996439,-0.028099779,-0.063377224,50.850002,-41.287502,26.831251,46.950733,0.3361091,49.741684,0.20287023,0.17825651,0.6615141,0.6996194,0.0420886,0.26675883,0.9559216,0.11524863,-1.0,0
1763545034392,1009.83466,0.73519474,4.2275195,9.16152,-0.18608469,-0.028405212,-0.13286309,50.531254,-42.9375,25.406252,46.950733,0.3361091,49.741684,0.20023553,0.17550626,0.6608005,0.7017449,0.041785266,0.26296523,0.9567469,0.117212325,-1.0,0
1763545034417,1009.81757,0.4426722,4.1868415,8.400003,-0.30398157,0.05054906,-0.19349141,51.73125,-42.693752,27.281252,46.950733,0.3361091,49.741684,0.197459,0.17407162,0.66015,0.70349914,0.040592957,0.26008305,0.9573562,0.119072,-1.0,0
1763545034442,1009.81757,0.5192425,3.626921,8.166105,-0.30428702,0.047952887,-0.1913534,49.8375,-42.018753,26.04375,46.950733,0.3361091,49.741684,0.1938889,0.17252742,0.65964746,0.70534146,0.038843326,0.25661218,0.9581431,0.12084332,-1.0,0
1763545034467,1009.80365,0.7615158,3.4707892,7.541579,-0.13523018,-0.037568185,-0.19303326,52.93125,-42.05625,24.337502,46.950733,0.3361091,49.741684,0.19110304,0.1710776,0.658983,0.7070739,0.037634585,0.2537155,0.95873594,0.122627385,-1.0,0
1763545034492,1009.78436,1.1084751,3.423531,6.4360948,-0.032299474,-0.119271345,-0.21823144,50.2125,-42.45,24.018751,46.950733,0.3361091,49.741684,0.1902755,0.16922374,0.65626866,0.71026057,0.038254652,0.25174993,0.95864886,0.12708609,-1.0,0
1763545034517,1009.78436,1.5559329,3.167499,6.995417,-0.21510077,-0.031459536,-0.37094763,51.768753,-40.66875,23.306252,46.950733,0.3361091,49.741684,0.19037452,0.16748556,0.6541967,0.71255374,0.03954279,0.25046006,0.95846736,0.13056204,-1.0,0
1763545034543,1009.76874,1.0199406,3.1453655,7.164111,-0.17264566,0.3478875,-0.37033677,51.075,-41.756252,24.656252,46.950733,0.3361091,49.741684,0.1887006,0.16625229,0.6520106,0.71528625,0.03916473,0.24842273,0.9584639,0.13453351,-1.0,0
1763545034567,1009.7524,0.8279166,3.6436708,7.292725,-0.0796415,0.40026915,-0.33001968,52.518753,-41.34375,22.63125,46.950733,0.3361091,49.741684,0.18124796,0.17049004,0.6490477,0.7189016,0.03083709,0.24691448,0.95842564,0.13965182,-1.0,0
1763545034592,1009.7524,1.5672989,4.0624146,7.8149586,0.083612114,0.11988221,-0.36438084,52.612503,-41.456253,24.337502,46.950733,0.3361091,49.741684,0.18064149,0.17221093,0.64665216,0.7208003,0.029341532,0.24784476,0.957752,0.14290965,-1.0,0
1763545034617,1009.7443,0.9954142,4.851448,6.7148585,0.3927097,-0.159283,-0.5734493,53.662502,-41.362503,24.225,46.950733,0.3361091,49.741684,0.18271743,0.17422506,0.6425929,0.7234185,0.029801236,0.25070286,0.9562092,0.14806731,-1.0,0
1763545034642,1009.7443,1.4871392,5.1924253,6.9732833,0.2409098,-0.29000807,-0.6183479,53.343754,-42.15,25.06875,46.950733,0.3361091,49.741684,0.18577947,0.17638522,0.63767743,0.7264583,0.030906567,0.25430405,0.9542842,0.1539998,-1.0,0
1763545034668,1009.74286,1.8346968,5.008776,8.225926,0.050319985,-0.3414734,-0.7460186,53.325,-41.4,25.95,46.950733,0.3361091,49.741684,0.19020766,0.17587957,0.62650126,0.7351079,0.034960005,0.2566912,0.9509676,0.16896169,-1.0,0
1763545034693,1009.7541,0.9176475,4.7102714,9.966106,-0.06223185,-0.13897173,-0.8614721,53.325,-41.4,25.95,46.950733,0.3361091,49.741684,0.19001861,0.17496333,0.6202751,0.74063456,0.035542116,0.25584367,0.9495759,0.1777257,-1.0,0
1763545034719,1009.7541,0.5982057,5.4502516,10.173085,-0.08498656,-0.23182319,-0.82375115,52.85625,-42.318752,25.44375,46.950733,0.3361091,49.741684,0.18901987,0.17472872,0.6140454,0.74611634,0.03499526,0.2550176,0.94819415,0.18619682,-1.0,0
1763545034744,1009.769,0.63529444,5.953941,10.990832,-0.09613484,-0.47861254,-0.82344574,54.656254,-42.018753,26.475,46.950733,0.3361091,49.741684,0.1892842,0.17099223,0.60121655,0.7572792,0.037698638,0.25228092,0.9452756,0.20343846,-1.0,0
1763545034769,1009.7963,0.68494546,5.9270215,11.084751,-0.054443322,-0.708145,-0.8151991,54.562504,-41.8875,25.237501,46.950733,0.3361091,49.741684,0.19172747,0.16675612,0.5940675,0.7632279,0.04230135,0.25055465,0.9435065,0.21266997,-1.0,0
1763545034794,1009.7963,2.3838496,5.21755,10.982458,-0.54038626,-0.6511819,-0.9007201,56.006252,-40.725002,22.5375,46.950733,0.3361091,49.741684,0.19371538,0.16079752,0.586986,0.76945823,0.047711294,0.24719453,0.94190687,0.22232836,-1.0,0
1763545034821,1009.8129,2.4909284,4.619942,12.358331,-0.73173964,-0.42928523,-1.0238093,59.325,-41.643753,23.94375,46.950733,0.3361091,49.741684,0.18785042,0.1479675,0.572694,0.784117,0.0515935,0.23349574,0.9398736,0.2438349,-1.0,0
1763545034847,1009.8129,2.1050856,3.9421754,13.284353,-0.5915462,-0.33887723,-1.0737475,55.818752,-40.143753,24.075,46.950733,0.3361091,49.741684,0.18366075,0.14325869,0.56490815,0.7915962,0.051410597,0.22718115,0.93850374,0.25486547,-1.0,0
1763545034873,1009.832,1.7371893,2.9318058,10.092328,0.16653702,-0.581696,-1.0178534,58.406254,-40.48125,22.743752,46.950733,0.3361091,49.741684,0.18273532,0.14019595,0.55646133,0.798313,0.052638628,0.2242237,0.93621504,0.2654323,-1.0,0
1763545034898,1009.8173,2.0703897,2.9479575,8.103892,0.14485131,-0.78511393,-1.0096067,58.65,-40.59375,23.962502,46.950733,0.3361091,49.741684,0.1855383,0.1376512,0.5474615,0.80430937,0.056400333,0.2240342,0.9330709,0.27569255,-1.0,0
1763545034923,1009.8173,2.3521447,2.9222345,7.6797643,-0.0994946,-0.6921098,-1.0786345,56.7,-40.6875,25.406252,46.950733,0.3361091,49.741684,0.1910118,0.12895025,0.5285858,0.8169966,0.066274114,0.22072928,0.92632735,0.29800004,-1.0,0
1763545034948,1009.79266,2.1140587,2.7852457,8.151749,-0.25358525,-0.37949973,-1.1711805,56.98125,-39.393753,24.525002,46.950733,0.3361091,49.741684,0.18959622,0.12619345,0.51903856,0.8238492,0.06701751,0.21766984,0.9231381,0.30974913,-1.0,0
1763545034973,1009.7785,1.1994023,3.0705895,8.17149,0.06207913,-0.4896081,-1.223104,59.943752,-40.706253,23.5125,46.950733,0.3361091,49.741684,0.189557,0.12325326,0.49826783,0.837022,0.068918966,0.21534482,0.9152725,0.33339632,-1.0,0
1763545034998,1009.7785,1.3112668,3.1435707,7.6133633,0.20990841,-0.68798643,-1.2368485,60.318752,-38.287502,21.956251,46.950733,0.3361091,49.741684,0.19309877,0.12056016,0.48678154,0.84333974,0.073404774,0.21548462,0.91030586,0.34571865,-1.0,0
1763545035023,1009.7592,0.65024954,3.6580276,6.4181485,0.13660464,-0.5422952,-1.2241731,61.631252,-40.29375,25.0125,46.950733,0.3361091,49.741684,0.19680081,0.118243985,0.47504306,0.8494833,0.07778879,0.21601182,0.9050092,0.3581147,-1.0,0
1763545035048,1009.7592,0.73340017,3.8847475,7.19103,0.05780308,-0.3988947,-1.1681262,61.631252,-40.29375,25.0125,46.950733,0.3361091,49.741684,0.19914754,0.116585046,0.46380073,0.8553578,0.08071201,0.2161883,0.8999132,0.37000602,-1.0,0
1763545035073,1009.74896,0.8207382,4.1228333,7.8077803,0.13660464,-0.4677697,-1.1478149,62.625004,-39.05625,23.456251,46.950733,0.3361091,49.741684,0.2022857,0.11437806,0.44271442,0.8660266,0.08465491,0.21641487,0.8900985,0.392075,-1.0,0
1763545035099,1009.75336,0.77347994,4.222734,7.8891363,0.25159994,-0.70509064,-1.1494948,63.187504,-38.49375,22.743752,46.950733,0.3361091,49.741684,0.20624883,0.11159567,0.43144098,0.87112945,0.08953654,0.21673806,0.88448197,0.40336025,-1.0,0
1763545035124,1009.7558,1.0301101,4.658826,9.186047,0.17386739,-0.64537865,-1.090241,63.975002,-38.925003,22.987501,46.950733,0.3361091,49.741684,0.21052691,0.107954025,0.4200358,0.87612456,0.0952074,0.21658991,0.878685,0.41465294,-1.0,0
1763545035150,1009.7558,1.0253245,4.820341,10.165907,0.19173518,-0.3507891,-1.036943,65.325005,-37.29375,23.38125,46.950733,0.3361091,49.741684,0.2156013,0.10476782,0.39962354,0.8847829,0.10123715,0.21728152,0.8681475,0.43457997,-1.0,0
1763545035175,1009.7641,0.715454,5.096712,10.449456,0.34154978,-0.22281294,-0.99036455,63.7125,-38.60625,25.781252,46.950733,0.3361091,49.741684,0.21836022,0.105937324,0.39038438,0.88808566,0.10265205,0.21992375,0.86303747,0.44301522,-1.0,0
1763545035200,1009.7641,1.1324034,5.389833,10.235299,0.5009855,-0.6853903,-0.9581414,65.53125,-37.537502,25.5375,46.950733,0.3361091,49.741684,0.22347412,0.105358474,0.38068038,0.89109,0.10699738,0.22269407,0.85737777,0.45151109,-1.0,0
1763545035226,1009.7734,0.86261255,5.4574304,10.668998,0.45471248,-0.5496256,-0.95676696,65.25,-37.55625,25.25625,46.950733,0.3361091,49.741684,0.23431656,0.101724304,0.360581,0.897067,0.11775297,0.22668552,0.84544647,0.46900767,-1.0,0
1763545035250,1009.79535,0.35712877,5.7984076,10.1599245,0.40462157,-0.16646065,-0.880867,66.4875,-38.0625,24.375002,46.950733,0.3361091,49.741684,0.23749997,0.10346386,0.35220155,0.899357,0.119125076,0.23004396,0.84039044,0.4760597,-1.0,0
1763545035275,1009.79535,0.33200413,6.2261243,9.707084,0.28367034,0.015729768,-0.8494075,66.46875,-37.3125,25.575,46.950733,0.3361091,49.741684,0.2391765,0.106387295,0.3445913,0.90151715,0.11862744,0.23334777,0.83575386,0.4826923,-1.0,0
1763545035300,1009.7951,0.071186475,5.3742795,9.870992,0.08452842,-0.68126696,-0.9941824,67.350006,-38.60625,27.2625,46.950733,0.3361091,49.741684,0.24073713,0.10749045,0.33581492,0.9042786,0.11919576,0.23516151,0.83057237,0.49055174,-1.0,0
1763545035325,1009.7951,0.82971126,4.3848476,10.617552,-0.12866339,-0.7930552,-1.0613775,68.418755,-37.74375,25.85625,46.950733,0.3361091,49.741684,0.24264225,0.10407169,0.3254416,0.90795463,0.122834474,0.23370469,0.824823,0.4999608,-1.0,0
1763545035350,1009.8083,0.017347964,3.5964124,11.000404,-0.13263401,-0.18616104,-1.043968,69.506256,-36.862503,24.0,46.950733,0.3361091,49.741684,0.24031296,0.096860446,0.30419815,0.91669583,0.12541942,0.22672062,0.8141801,0.51959455,-1.0,0
1763545035376,1009.8234,0.34337005,3.5886357,9.488738,0.04085158,-0.3901899,-0.9833396,68.5875,-36.862503,26.41875,46.950733,0.3361091,49.741684,0.23817725,0.09687977,0.2946806,0.9203528,0.12359139,0.22547564,0.8094709,0.52786624,-1.0,0
1763545035401,1009.8234,0.8249256,3.5844483,7.8963146,0.09231694,-0.6165153,-1.0209078,70.387505,-35.925003,26.475,46.950733,0.3361091,49.741684,0.23966506,0.09227592,0.2744515,0.92667264,0.1274681,0.22294858,0.7982173,0.5448807,-1.0,0
1763545035427,1009.80927,-0.34157544,3.1944182,6.6215386,-0.19967642,-0.32849252,-0.98654664,70.51875,-36.037502,26.156252,46.950733,0.3361091,49.741684,0.24009456,0.08884304,0.26355022,0.93005526,0.12995225,0.22056948,0.79194915,0.55432665,-1.0,0
1763545035452,1009.7802,-0.6693921,3.0879376,7.129415,-0.23357943,-0.17104214,-0.84039724,70.125,-35.831253,25.875002,46.950733,0.3361091,49.741684,0.2382187,0.08758318,0.2540935,0.9332832,0.12927616,0.21841851,0.7867062,0.56273824,-1.0,0
1763545035477,1009.7802,-0.49172506,3.1561332,7.14437,-0.055054188,-0.28130323,-0.7223476,72.39375,-33.35625,25.2,46.950733,0.3361091,49.741684,0.23500955,0.08638055,0.23915623,0.9381435,0.12744163,0.21552198,0.77848786,0.5755567,-1.0,0
1763545035502,1009.7563,-0.17407785,3.441477,6.236892,0.07536544,-0.5914698,-0.6716458,71.418755,-33.825,25.1625,46.950733,0.3361091,49.741684,0.23639436,0.08268374,0.23165523,0.940009,0.13082431,0.21355066,0.773932,0.5816446,-1.0,0
1763545035527,1009.7419,0.11485548,4.135994,7.3429747,-0.19799654,-0.3836231,-0.6716458,72.637505,-32.831253,26.062502,46.950733,0.3361091,49.741684,0.23709825,0.077398285,0.22395037,0.9421466,0.13473482,0.20988712,0.7692522,0.58825594,-1.0,0
1763545035552,1009.7419,0.06520442,4.130012,8.475378,-0.18654284,-0.0716239,-0.67683816,72.412506,-32.5875,24.225,46.950733,0.3361091,49.741684,0.23570867,0.07492815,0.21711679,0.944292,0.1334263,0.2060813,0.7616355,0.5996994,-1.0,0
1763545035577,1009.7382,-0.07537391,4.334,9.134601,0.12576179,-0.25793764,-0.71135205,74.043755,-31.687502,25.237501,46.950733,0.3361091,49.741684,0.23470612,0.07465537,0.20377131,0.947532,0.13460752,0.2062552,0.7570504,0.6051564,-1.0,0
1763545035603,1009.7382,-0.21355942,5.044668,7.216155,0.36460993,-0.64385146,-0.7189878,71.90625,-32.15625,25.181252,46.950733,0.3361091,49.741684,0.23925968,0.071538076,0.19532883,0.94841117,0.1400914,0.20672998,0.7511103,0.6111223,-1.0,0
1763545035627,1009.7316,-0.10707881,4.915456,7.932207,0.11293363,-0.44333512,-0.67653275,74.34375,-30.91875,25.312502,46.950733,0.3361091,49.741684,0.24347393,0.0680086,0.18698886,0.9492789,0.14553353,0.20669958,0.7453614,0.6168725,-1.0,0
1763545035652,1009.73676,0.37627137,4.8358946,9.485149,-0.010155627,-0.44211337,-0.6479748,72.825005,-31.312502,24.2625,46.950733,0.3361091,49.741684,0.24532172,0.063082576,0.17269054,0.9518486,0.15004621,0.20407912,0.73602057,0.62778306,-1.0,0
1763545035677,1009.73676,0.5246264,4.7742796,10.95494,-0.0080176005,-0.5997165,-0.6592758,74.137505,-31.406252,23.04375,46.950733,0.3361091,49.741684,0.24567845,0.05886008,0.16525055,0.9533466,0.1528592,0.20113795,0.73163295,0.6331594,-1.0,0
1763545035702,1009.76776,-0.32662028,5.7517476,10.654641,0.27527094,-0.49327332,-0.5705477,72.84375,-31.29375,23.175001,46.950733,0.3361091,49.741684,0.24703176,0.055246305,0.15808804,0.9544272,0.15600356,0.19934829,0.72738755,0.6378327,-1.0,0
1763545035727,1009.7778,-0.27756742,6.3996043,9.748958,0.25022548,-0.65683234,-0.49938196,73.65,-31.593752,23.71875,46.950733,0.3361091,49.741684,0.2528795,0.04794535,0.14517578,0.9553414,0.16492446,0.19760245,0.71873546,0.645889,-1.0,0
1763545035752,1009.7778,0.4881358,6.586244,9.461221,0.08620829,-0.80695236,-0.50885034,74.83125,-30.843752,23.868752,46.950733,0.3361091,49.741684,0.2547872,0.04185455,0.1384625,0.95611703,0.17022224,0.19414611,0.71418655,0.6505915,-1.0,0
1763545035778,1009.77997,0.52342993,5.6117673,10.296316,-0.33085963,-0.26740605,-0.6881392,73.012505,-31.781252,24.2625,46.950733,0.3361091,49.741684,0.25418183,0.036917657,0.13135955,0.9574828,0.1728444,0.18998982,0.7097252,0.6559869,-1.0,0
1763545035804,1009.77997,-0.22253251,5.1254263,10.44826,-0.2917643,-0.08170316,-0.63407767,73.950005,-29.437502,22.95,46.950733,0.3361091,49.741684,0.25131473,0.035484295,0.12449555,0.9592094,0.17148007,0.18711711,0.705736,0.6614518,-1.0,0
1763545035830,1009.7873,0.29132617,4.4913282,10.780863,-0.13232858,-0.34376416,-0.51816607,73.03125,-30.4125,23.1,46.950733,0.3361091,49.741684,0.24716552,0.033743735,0.11293586,0.96177757,0.16913274,0.18336724,0.6993579,0.66982764,-1.0,0
1763545035855,1009.78705,1.4656038,3.458227,9.5348,0.37743807,-0.7626647,-0.47784898,73.3125,-29.625002,23.643751,46.950733,0.3361091,49.741684,0.24874252,0.02809174,0.10663907,0.96227133,0.17375378,0.18019883,0.695539,0.6734713,-1.0,0
1763545035880,1009.78705,1.346561,3.6011982,7.693523,0.42050403,-0.6696605,-0.45433068,74.025,-30.768751,20.081251,46.950733,0.3361091,49.741684,0.2524509,0.022163022,0.10033257,0.96213865,0.18026993,0.17811628,0.6910526,0.6769222,-1.0,0
1763545035906,1009.7797,1.3591232,3.7489548,5.814559,0.22624904,-0.58139056,-0.45875946,74.55,-29.38125,23.19375,46.950733,0.3361091,49.741684,0.25915986,0.012764693,0.08876896,0.9616617,0.19118169,0.17543186,0.6828193,0.6829576,-1.0,0
1763545035931,1009.7546,1.1706885,3.9212382,7.187441,-0.5298488,-0.22266021,-0.58123785,73.14375,-28.3875,22.2,46.950733,0.3361091,49.741684,0.25759834,0.009582671,0.082992956,0.96263355,0.19196934,0.17203636,0.6791763,0.6872197,-1.0,0
1763545035957,1009.7546,0.5371887,3.8350966,8.224132,-0.41851872,-0.12339468,-0.59910566,75.46875,-27.675001,23.625,46.950733,0.3361091,49.741684,0.2489651,0.008072522,0.07131623,0.96584946,0.18613556,0.16553652,0.6729268,0.6965061,-1.0,0
1763545035982,1009.7475,0.036490545,4.0307097,7.873583,-0.1721875,-0.18432845,-0.5270236,74.025,-27.806252,21.31875,46.950733,0.3361091,49.741684,0.24732229,0.0074786344,0.06597144,0.96665585,0.18514958,0.1641459,0.66977876,0.70012295,-1.0,0
1763545036007,1009.7404,0.7501499,4.5888357,7.2526455,-0.100105464,-0.04657844,-0.39400777,74.68125,-27.35625,21.993752,46.950733,0.3361091,49.741684,0.24678871,0.006653621,0.061573002,0.9670883,0.18520035,0.16324757,0.66697013,0.70299494,-1.0,0
1763545036032,1009.7404,0.6664011,4.5559344,8.132606,-0.04176788,-0.08949169,-0.45463613,75.8625,-26.625002,21.50625,46.950733,0.3361091,49.741684,0.2460107,0.007008824,0.05780276,0.96751666,0.18432909,0.16307412,0.6645507,0.70555085,-1.0,0
1763545036058,1009.737,0.048454657,4.5062833,8.367701,0.16516256,-0.1838703,-0.44577858,75.525,-26.8875,20.79375,46.950733,0.3361091,49.741684,0.2473268,0.006420354,0.048769433,0.96768266,0.18556173,0.16364174,0.6583966,0.71084607,-1.0,0
1763545036083,1009.737,0.07537391,4.831707,8.175676,0.30169085,-0.18906265,-0.34300056,74.83125,-25.968752,21.112501,46.950733,0.3361091,49.741684,0.2502309,0.005646146,0.04508442,0.96711946,0.18821056,0.16499749,0.655534,0.71248,-1.0,0
1763545036108,1009.7353,0.2835495,5.150551,8.279764,0.39774933,-0.13286309,-0.26664248,74.981255,-27.337502,21.6375,46.950733,0.3361091,49.741684,0.25406826,0.0052071507,0.042252194,0.9662489,0.19135751,0.16721272,0.6531314,0.7133313,-1.0,0
1763545036133,1009.72894,0.32961133,5.602196,7.9926257,0.6749292,-0.089797124,-0.23930627,73.950005,-25.95,21.675001,46.950733,0.3361091,49.741684,0.26563707,0.0050803823,0.037411764,0.96333355,0.20017341,0.17469826,0.64808553,0.71372,-1.0,0
1763545036158,1009.72894,-0.0741775,6.0664034,7.179664,0.63552845,-0.16676609,-0.22388195,73.6125,-27.487501,23.19375,46.950733,0.3361091,49.741684,0.26563707,0.0050803823,0.037411764,0.96333355,0.20017341,0.17469826,0.64808553,0.71372,-1.0,0
1763545036183,1009.73724,0.85184485,6.163313,8.708678,0.12576179,-0.15714496,-0.28817546,75.95625,-26.118752,22.556252,46.950733,0.3361091,49.741684,0.2758354,0.0029852104,0.032286048,0.9606579,0.20928632,0.17970338,0.6426175,0.71480674,-1.0,0
1763545036208,1009.7502,0.5982057,5.948557,9.390035,0.03932442,0.022601997,-0.38240135,74.9625,-27.975,24.468752,46.950733,0.3361091,49.741684,0.2773018,0.0022038175,0.029217064,0.96033597,0.21087754,0.18008836,0.64019674,0.7164126,-1.0,0
1763545036233,1009.7502,-0.44626144,6.1070814,9.0347,-0.067118764,0.082466744,-0.38408124,74.043755,-26.812502,22.48125,46.950733,0.3361091,49.741684,0.27707592,0.0050325454,0.022432812,0.9605729,0.20869811,0.18232244,0.63589334,0.72030777,-1.0,0
1763545036258,1009.76166,-0.35653058,6.3589263,10.096515,-0.45944667,0.0044287695,-0.26374087,75.131256,-27.206251,22.85625,46.950733,0.3361091,49.741684,0.27460095,0.006470333,0.01992914,0.96132994,0.20582654,0.1818873,0.6346738,0.72231686,-1.0,0
1763545036283,1009.7834,-0.56829536,5.95095,11.100305,-0.55077094,0.03649917,-0.29168794,77.850006,-24.675001,22.275002,46.950733,0.3361091,49.741684,0.27042943,0.0072287363,0.017497433,0.9625536,0.20208313,0.17985204,0.6338632,0.7245917,-1.0,0
1763545036308,1009.7834,-0.73100734,5.3294144,12.077772,-0.52435106,0.15485422,-0.2686278,76.162506,-24.243752,23.6625,46.950733,0.3361091,49.741684,0.26008698,0.01048631,0.012810797,0.9654433,0.19184656,0.17592633,0.6330965,0.72899497,-1.0,0
1763545036333,1009.8134,-1.1970096,4.536792,12.498311,-0.27053675,0.21762058,-0.1763872,76.8,-23.41875,22.0125,46.950733,0.3361091,49.741684,0.25704533,0.013092952,0.011698989,0.9662398,0.18764265,0.1761646,0.6335838,0.729608,-1.0,0
1763545036359,1009.8134,-1.0103694,4.23051,11.334801,0.07704532,-0.011606431,-0.022601997,76.631256,-25.66875,21.69375,46.950733,0.3361091,49.741684,0.25720984,0.013273662,0.011396482,0.9661972,0.18744002,0.17663331,0.63419855,0.7290124,-1.0,0
1763545036383,1009.82025,0.0017946169,3.912265,8.679964,0.108657576,-0.22556181,0.062002774,77.606255,-24.45,21.975,46.950733,0.3361091,49.741684,0.25883588,0.01061136,0.011080219,0.9657995,0.19022481,0.17584975,0.6344382,0.7282716,-1.0,0
1763545036408,1009.82025,-0.37686956,4.0971107,8.033304,-0.021456625,-0.01725693,0.06398808,77.475006,-23.831251,20.41875,46.950733,0.3361091,49.741684,0.25961614,0.008381384,0.011077985,0.96561193,0.19211993,0.17481628,0.6349168,0.7276056,-1.0,0
1763545036433,1009.8056,-0.21535404,4.484748,7.9363947,-0.092164226,0.10415245,0.20601414,76.106255,-24.712502,20.90625,46.950733,0.3361091,49.741684,0.25796556,0.008580924,0.013149932,0.9660265,0.19050722,0.17414609,0.63771045,0.7257448,-1.0,0
1763545036458,1009.7944,-0.22313072,4.4608197,7.484151,0.07704532,0.029168794,0.21624613,75.918755,-23.38125,22.556252,46.950733,0.3361091,49.741684,0.25709316,0.009112519,0.015322922,0.96622217,0.18949862,0.17398337,0.6394896,0.7244813,-1.0,0
1763545036484,1009.7746,0.19202402,4.3722854,6.739385,0.23419029,-0.22266021,0.23243405,76.0875,-23.98125,22.10625,46.950733,0.3361091,49.741684,0.26012537,0.0062908796,0.018992769,0.96536756,0.19348529,0.17397769,0.6423526,0.7208872,-1.0,0
1763545036510,1009.7746,1.0241281,4.106084,6.1393847,0.07536544,-0.038789913,0.059712034,76.481255,-25.575,23.400002,46.950733,0.3361091,49.741684,0.2623541,0.0027427012,0.019815587,0.9647643,0.19743033,0.17279601,0.64281726,0.7196866,-1.0,0
1763545036535,1009.75214,0.3505485,4.004987,6.5090756,0.026801692,0.1395826,-0.03375028,75.9375,-24.6375,23.25,46.950733,0.3361091,49.741684,0.26320907,0.0019927481,0.0203267,0.9645226,0.19851246,0.17284618,0.6432773,0.7189655,-1.0,0
1763545036560,1009.75214,-0.008973085,3.984648,7.152147,0.10025818,0.003970621,-0.067958705,76.51875,-24.806252,22.10625,46.950733,0.3361091,49.741684,0.2644217,0.003426413,0.019781781,0.9641982,0.19832453,0.17492275,0.6433729,0.7184293,-1.0,0
1763545036585,1009.7453,-0.43788654,4.186243,7.0576305,0.26381722,-0.04291325,-0.06918044,77.11875,-24.6375,22.5,46.950733,0.3361091,49.741684,0.2668167,0.0033037388,0.019007966,0.9635542,0.20011584,0.17650981,0.6427944,0.7180622,-1.0,0
1763545036610,1009.736,-0.6257231,5.2606206,6.602994,0.26320636,-0.074830934,-0.009468404,76.51875,-24.806252,21.65625,46.950733,0.3361091,49.741684,0.2698753,0.0031061827,0.0185487,0.9627116,0.20250122,0.17842524,0.64214665,0.7174994,-1.0,0
1763545036636,1009.736,-0.5820541,5.5477595,7.5110703,0.17310381,-0.09682207,-0.030237807,76.818756,-24.7875,21.618752,46.950733,0.3361091,49.741684,0.27439916,0.0020535279,0.017634327,0.96145195,0.20656931,0.18063281,0.64081895,0.71697414,-1.0,0
1763545036660,1009.72675,-0.58923256,5.7397833,8.48794,0.10377065,-0.116675176,0.0058032153,75.95625,-26.118752,22.556252,46.950733,0.3361091,49.741684,0.275515,0.0011503361,0.017335687,0.96113974,0.20796728,0.1807193,0.64053565,0.7168014,-1.0,0
1763545036685,1009.73895,0.50428736,6.3194447,10.200005,0.09414954,-0.22632541,-0.022907428,74.64375,-26.868752,21.806252,46.950733,0.3361091,49.741684,0.27626306,-0.0002748997,0.017275404,0.9609267,0.2093898,0.1802144,0.64064705,0.7164147,-1.0,0
1763545036710,1009.73895,0.24107689,6.9074807,10.259227,0.058413945,-0.19058982,-0.14859286,73.631256,-25.987501,23.1,46.950733,0.3361091,49.741684,0.27715102,-0.0023225145,0.016464451,0.96068245,0.21131067,0.17934857,0.64022875,0.7164419,-1.0,0
1763545036735,1009.76385,-0.52283174,7.1228347,10.437492,-0.11186461,-0.050090913,-0.17883067,74.381256,-27.393751,22.48125,46.950733,0.3361091,49.741684,0.2768612,-0.0036737716,0.01277417,0.960818,0.21186143,0.17827047,0.637979,0.7185522,-1.0,0
1763545036760,1009.76385,-0.39481574,6.77767,11.5106735,-0.20670137,-0.0001527162,-0.08735366,76.18125,-24.862501,23.85,46.950733,0.3361091,49.741684,0.27497807,-0.0032794687,0.011912782,0.96137106,0.21011868,0.17740865,0.6379332,0.71931744,-1.0,0
1763545036785,1009.78485,0.9619147,5.866603,11.673984,-0.07154754,-0.21471897,-0.1583667,74.53125,-25.143751,22.800001,46.950733,0.3361091,49.741684,0.27370697,-0.0048161573,0.010905819,0.96173924,0.21005663,0.17554174,0.63784724,0.71986955,-1.0,0
1763545036810,1009.8022,0.19561325,5.1379886,11.137991,-0.08972076,0.052076224,-0.23228133,75.1875,-23.34375,22.78125,46.950733,0.3361091,49.741684,0.27171454,-0.0056059216,0.006906159,0.9623368,0.20878366,0.17398164,0.63639486,0.72190124,-1.0,0
1763545036835,1009.8022,-0.8333005,4.5559344,10.967503,-0.015806125,0.19089524,-0.12217296,75.9,-24.88125,22.800001,46.950733,0.3361091,49.741684,0.27115232,-0.0033747081,0.006241733,0.96251035,0.20671903,0.17550562,0.6367351,0.7218265,-1.0,0
1763545036860,1009.8105,1.0336994,4.0941195,8.345567,0.38110328,-0.25686863,0.2131918,75.65625,-24.018751,21.075,46.950733,0.3361091,49.741684,0.27266327,-0.0032509768,0.007241789,0.9620768,0.20759867,0.17680109,0.6379332,0.7201982,-1.0,0
1763545036885,1009.7851,2.0285153,4.1347976,6.858428,0.25083634,-0.37186393,0.1348484,75.28125,-24.431252,21.13125,46.950733,0.3361091,49.741684,0.27809957,-0.010365016,0.008932212,0.96045476,0.21609257,0.1753591,0.6392846,0.7168461,-1.0,0
1763545036910,1009.7851,1.9848464,4.141378,6.723233,-0.03367392,-0.20983206,-0.01725693,75.412506,-24.54375,21.28125,46.950733,0.3361091,49.741684,0.27779353,-0.012729877,0.008313023,0.9605205,0.21732858,0.17349234,0.6392392,0.7169672,-1.0,0
1763545036935,1009.7563,1.0139586,4.0444684,7.0492554,-0.12515092,0.14538582,-0.17226386,75.5625,-24.4125,22.5,46.950733,0.3361091,49.741684,0.2759689,-0.012007678,0.0075565763,0.96106184,0.2153923,0.17294264,0.63939196,0.71754783,-1.0,0
1763545036961,1009.7563,0.5180461,3.9720855,6.11426,0.03489565,0.041538805,-0.21090107,76.3125,-24.337502,22.10625,46.950733,0.3361091,49.741684,0.2747467,-0.010460201,0.0063895844,0.96143854,0.21336167,0.17341262,0.63914174,0.7182637,-1.0,0
1763545036987,1009.7426,0.23330021,4.0354953,5.066802,0.05856666,-0.12476913,-0.20723587,77.4375,-23.212502,20.681252,46.950733,0.3361091,49.741684,0.27573097,-0.01030813,0.0023361377,0.96117675,0.21386334,0.17434533,0.6364922,0.72023875,-1.0,0
1763545037013,1009.7177,0.66041905,4.2000017,6.4594245,-0.2135736,-0.06780599,-0.22464553,76.275,-23.831251,21.46875,46.950733,0.3361091,49.741684,0.27499455,-0.011819078,-3.9541268e-05,0.9613731,0.21428001,0.17275926,0.6349554,0.72185177,-1.0,0
1763545037037,1009.7177,-0.18604197,4.252644,7.327421,-0.11415535,0.056352276,-0.15500695,75.8625,-22.25625,21.4125,46.950733,0.3361091,49.741684,0.27315986,-0.012022015,-0.0022935055,0.9618908,0.21305884,0.17136736,0.6335107,0.7238117,-1.0,0
1763545037064,1009.707,-0.10767702,4.694718,7.259226,0.09430225,-0.005345067,0.018784093,76.33125,-23.587502,21.13125,46.950733,0.3361091,49.741684,0.2729418,-0.011079235,-0.0034525583,0.96196055,0.21210892,0.17213298,0.633375,0.72402775,-1.0,0
1763545037089,1009.707,0.70947194,5.563911,6.6239314,0.24640758,-0.21456626,0.059559315,75.15,-24.31875,21.300001,46.950733,0.3361091,49.741684,0.27514198,-0.012716824,-0.0030056231,0.9613148,0.21479622,0.17241639,0.6334769,0.72307825,-1.0,0
1763545037114,1009.707,0.5587241,5.81097,6.7465634,0.16287182,-0.18325943,0.05253437,74.53125,-23.775002,21.6375,46.950733,0.3361091,49.741684,0.27765736,-0.014994076,-0.0029679972,0.96055853,0.21817376,0.17239094,0.63306886,0.72243017,-1.0,0
1763545037139,1009.706,0.7004988,6.1214385,7.6049886,0.047571093,-0.033902995,0.07666353,75.3,-22.931252,21.056252,46.950733,0.3361091,49.741684,0.27946115,-0.016931178,-0.0029320368,0.9600032,0.22080323,0.17213698,0.63274807,0.72197276,-1.0,0
1763545037164,1009.7187,0.5413761,6.4851475,8.669196,0.04176788,0.10613775,0.09422589,74.3625,-23.175001,22.087502,46.950733,0.3361091,49.741684,0.28077605,-0.016889911,-0.0011054712,0.95962405,0.22174022,0.17306578,0.6339587,0.7203998,-1.0,0
1763545037189,1009.7187,1.5188441,6.8015985,9.18485,0.15844305,-0.30757043,0.007177661,75.450005,-22.81875,22.25625,46.950733,0.3361091,49.741684,0.28222904,-0.01767239,-0.000338312,0.95918417,0.22332498,0.17346893,0.6343361,0.71948045,-1.0,0
1763545037214,1009.73456,1.7395821,6.801,9.832706,0.024663666,-0.25137085,-0.14278965,73.293755,-23.2875,22.81875,46.950733,0.3361091,49.741684,0.28387204,-0.020719375,-0.0010452359,0.9586377,0.22654577,0.17230675,0.6335577,0.71943873,-1.0,0
1763545037240,1009.73456,0.76570326,6.8374906,10.070194,-0.16821688,0.2921461,-0.24785839,74.53125,-22.40625,21.2625,46.950733,0.3361091,49.741684,0.28281662,-0.01982113,-0.0044542276,0.9589588,0.22506258,0.17240927,0.6316227,0.7215779,-1.0,0
1763545037265,1009.75555,-0.7680961,6.782456,10.165309,-0.33467755,0.67867076,-0.23701553,75.637505,-22.650002,21.0,46.950733,0.3361091,49.741684,0.27987042,-0.012794832,-0.0048777014,0.95994014,0.21815991,0.17577659,0.63212967,0.72244096,-1.0,0
1763545037290,1009.7885,-0.51565325,6.129813,12.567104,-0.44967285,0.07055488,-0.027488915,75.0,-22.10625,22.743752,46.950733,0.3361091,49.741684,0.27593657,-0.007837046,-0.0050832937,0.9611305,0.21189111,0.17693093,0.63291866,0.72333366,-1.0,0
1763545037316,1009.7885,0.31944183,5.0943193,13.217953,-0.19616395,0.06276636,-0.055130545,76.068756,-21.993752,20.925001,46.950733,0.3361091,49.741684,0.26933017,-0.006002945,-0.0056165005,0.9630128,0.20549044,0.1742081,0.6347526,0.7242336,-1.0,0
1763545037341,1009.8139,-0.05742774,4.417749,11.384452,0.060857404,0.170584,-0.100181825,75.20625,-23.325,21.393751,46.950733,0.3361091,49.741684,0.26930082,-0.004173443,-0.0060963547,0.9630278,0.20404536,0.17580052,0.63526595,0.72380716,-1.0,0
1763545037366,1009.81464,0.16211374,4.150949,8.831908,-0.06146827,0.020158539,-0.20586143,76.03125,-22.987501,20.04375,46.950733,0.3361091,49.741684,0.26946235,-0.0026016608,-0.0069329557,0.9629825,0.20297289,0.17725329,0.6352193,0.72379535,-1.0,0
1763545037391,1009.81464,-0.50787663,3.9577286,8.346166,-0.13614649,0.10690133,-0.23304491,77.287506,-21.75,21.243752,46.950733,0.3361091,49.741684,0.26714376,-0.00030583073,-0.010681564,0.9635974,0.1994817,0.1776877,0.63378114,0.7259171,-1.0,0
1763545037416,1009.7939,-1.1060823,3.8578284,7.9298143,-0.19585852,0.12339468,-0.12400555,75.58125,-21.54375,20.94375,46.950733,0.3361091,49.741684,0.26515526,0.0013928293,-0.011565014,0.9641354,0.19676937,0.17773874,0.63387996,0.7265583,-1.0,0
1763545037441,1009.7939,-0.0951147,3.644269,7.618747,-0.025885396,-0.031306818,0.12858704,76.762505,-22.29375,20.400002,46.950733,0.3361091,49.741684,0.2633303,0.0018777491,-0.011148359,0.9646395,0.19498813,0.17699157,0.6349266,0.726307,-1.0,0
1763545037466,1009.7773,0.3469593,3.8171504,6.348757,0.09262237,-0.07910699,0.09605849,76.875,-21.65625,20.8125,46.950733,0.3361091,49.741684,0.2636352,0.00031380972,-0.00934467,0.96457714,0.19608395,0.17622343,0.63694614,0.72442806,-1.0,0
1763545037491,1009.7504,0.41874397,3.8446677,5.5986066,-0.021151192,-0.21151192,0.00641408,75.881256,-22.25625,20.325,46.950733,0.3361091,49.741684,0.26352027,-0.0017786442,-0.009799892,0.9646025,0.19736059,0.17462783,0.6367677,0.72462463,-1.0,0
1763545037516,1009.7504,-0.3469593,3.505485,7.4129643,-0.077198036,-0.03894263,-0.041233372,76.59375,-21.675001,20.081251,46.950733,0.3361091,49.741684,0.26191714,-0.0035649843,-0.010783333,0.9650235,0.19731303,0.17228137,0.63651425,0.7254215,-1.0,0
1763545037541,1009.7441,-0.7573284,3.8608193,6.9116683,0.123471044,-0.045051277,0.053450666,76.256256,-19.725,19.987501,46.950733,0.3361091,49.741684,0.26104107,-0.0038214934,-0.011267371,0.96525437,0.1967403,0.17161094,0.6366976,0.72557503,-1.0,0
1763545037566,1009.7358,-0.5802595,4.2454658,6.3326054,0.21342088,-0.13423753,0.1018617,73.950005,-21.581251,21.2625,46.950733,0.3361091,49.741684,0.26407403,-0.0055752224,-0.010335506,0.9644309,0.20006248,0.17245632,0.6372858,0.72394794,-1.0,0
1763545037591,1009.7358,-0.5814559,4.727021,6.265008,0.2534325,-0.16737695,0.092546016,76.14375,-20.98125,20.7,46.950733,0.3361091,49.741684,0.26655295,-0.007243,-0.009921463,0.963742,0.20300803,0.17288916,0.63718647,0.7231117,-1.0,0
1763545037616,1009.7226,-0.76271224,5.7403817,6.9673014,0.043905906,-0.17776164,0.053908817,75.975006,-19.743752,19.25625,46.950733,0.3361091,49.741684,0.26888445,-0.009094716,-0.009941616,0.96307814,0.20605291,0.17298484,0.6364221,0.7229006,-1.0,0
1763545037641,1009.7226,-0.3505485,5.7954164,8.582457,-0.030314164,-0.0971275,0.045967575,75.15,-20.831251,20.325,46.950733,0.3361091,49.741684,0.2695758,-0.01149469,-0.009827393,0.9628604,0.20822242,0.1716003,0.6361469,0.7228512,-1.0,0
1763545037666,1009.726,-0.068793654,5.6578293,10.239487,0.053985175,-0.22846343,0.0097738365,75.61875,-20.1375,18.075,46.950733,0.3361091,49.741684,0.27004844,-0.013547032,-0.01034868,0.96269584,0.20989117,0.1704564,0.6358799,0.7228742,-1.0,0
1763545037691,1009.74774,0.15672988,6.257231,10.642078,0.1721875,-0.13286309,-0.056963142,74.981255,-20.98125,20.19375,46.950733,0.3361091,49.741684,0.27146834,-0.016388297,-0.01138205,0.9622405,0.2127651,0.16939496,0.63515484,0.72292095,-1.0,0
1763545037716,1009.74774,-0.51505506,6.576673,10.894522,0.08956805,0.023212861,-0.055588696,76.200005,-20.71875,19.9125,46.950733,0.3361091,49.741684,0.2737591,-0.017007312,-0.012700767,0.961564,0.21475075,0.17063233,0.63427854,0.7228122,-1.0,0
1763545037741,1009.7753,-0.91106725,6.3140607,10.654043,0.02451095,0.07177661,0.044745844,74.11875,-21.675001,18.9375,46.950733,0.3361091,49.741684,0.2737591,-0.017007312,-0.012700767,0.961564,0.21475075,0.17063233,0.63427854,0.7228122,-1.0,0
1763545037766,1009.79315,0.9385847,5.8067822,11.287542,-0.5156462,-0.05574141,0.23304491,75.24375,-21.9375,18.993752,46.950733,0.3361091,49.741684,0.2718998,-0.015890881,-0.010230651,0.96213996,0.21252327,0.17034045,0.636918,0.7212166,-1.0,0
1763545037791,1009.79315,1.9884356,4.8903313,12.7352,-0.53473574,0.0377209,0.08032872,75.356255,-19.931252,18.862501,46.950733,0.3361091,49.741684,0.2670036,-0.01694047,-0.008294582,0.96351093,0.20953645,0.16635014,0.6395106,0.7207276,-1.0,0
1763545037816,1009.81976,0.91166544,4.313661,12.591631,-0.26412266,0.25961754,-0.053145237,74.287506,-21.525002,19.06875,46.950733,0.3361091,49.741684,0.25858217,-0.014800632,-0.007271285,0.9658485,0.20152047,0.16270617,0.6433064,0.72046727,-1.0,0
1763545037842,1009.81976,0.11246266,4.024728,11.140384,0.06314815,0.09498947,0.014813471,75.168755,-20.8125,18.9375,46.950733,0.3361091,49.741684,0.25860173,-0.013954759,-0.006879551,0.96585876,0.20079415,0.16355823,0.6443641,0.7195313,-1.0,0
1763545037867,1009.8349,1.4338989,3.8536408,8.486744,0.20242532,-0.38255405,0.10216714,76.2375,-19.95,18.150002,46.950733,0.3361091,49.741684,0.2605568,-0.016689809,-0.006556098,0.965292,0.20395003,0.16301158,0.6447971,0.71837896,-1.0,0
1763545037892,1009.82074,1.9214365,3.9714873,7.865208,0.048792824,-0.14691298,0.019853106,74.25,-20.2875,19.3125,46.950733,0.3361091,49.741684,0.26235804,-0.022468306,-0.0065840497,0.9646866,0.20896828,0.16021495,0.6452788,0.7171323,-1.0,0
1763545037918,1009.82074,1.3561323,4.2107697,7.3980093,-0.13629921,0.17715079,-0.11835505,75.075005,-20.456251,19.85625,46.950733,0.3361091,49.741684,0.26105827,-0.02085403,-0.007188367,0.96507096,0.20685683,0.16061307,0.6453742,0.7175694,-1.0,0
1763545037943,1009.7961,-0.2416751,4.2981076,7.3100734,-0.04741838,0.15775582,-0.14416409,76.481255,-18.806252,17.456251,46.950733,0.3361091,49.741684,0.25933266,-0.018170249,-0.008452044,0.9655801,0.20373516,0.16147934,0.6449525,0.71864647,-1.0,0
1763545037968,1009.77386,0.18604197,4.4775696,6.538388,0.09078978,-0.046731155,-0.033444848,76.425,-19.06875,18.09375,46.950733,0.3361091,49.741684,0.25890446,-0.016271908,-0.009423483,0.9657199,0.20209824,0.16264252,0.64450854,0.71924436,-1.0,0
1763545037994,1009.77386,1.0588241,4.6767716,5.953343,0.074143715,-0.03084867,-0.04291325,76.762505,-18.7875,18.0375,46.950733,0.3361091,49.741684,0.26072896,-0.01684866,-0.010301361,0.96521,0.2038331,0.1634489,0.64352125,0.719456,-1.0,0
1763545038018,1009.7402,0.6376872,4.657031,7.135397,0.034284785,0.098196514,-0.19532402,75.600006,-18.768751,18.0,46.950733,0.3361091,49.741684,0.26081187,-0.015585213,-0.011255441,0.9651983,0.20305355,0.16442315,0.64275825,0.7201362,-1.0,0
1763545038043,1009.7402,0.41635114,4.5278187,7.57448,0.20990841,-0.06658426,-0.18249585,76.03125,-19.48125,18.150002,46.950733,0.3361091,49.741684,0.26132533,-0.014346285,-0.012789071,0.9650594,0.20259067,0.16569172,0.6415595,0.7210442,-1.0,0
1763545038068,1009.72894,0.49232325,4.604987,6.9786673,0.37957612,-0.083993904,-0.13133593,76.8375,-19.275002,17.2875,46.950733,0.3361091,49.741684,0.2668947,-0.015175699,-0.015982643,0.9634736,0.20719083,0.16892317,0.6384345,0.7217605,-1.0,0
1763545038094,1009.7236,0.4223332,5.2283173,6.608378,0.2494619,0.06918044,-0.069485866,75.84375,-18.993752,17.681252,46.950733,0.3361091,49.741684,0.27025506,-0.0150120435,-0.016748954,0.962526,0.20955305,0.17132036,0.6372591,0.72155225,-1.0,0
1763545038119,1009.7236,0.32961133,5.4783673,7.274181,0.2438114,0.0021380268,-0.04886918,75.543755,-19.78125,17.90625,46.950733,0.3361091,49.741684,0.27283233,-0.014315736,-0.017159304,0.961802,0.21100503,0.17354915,0.636384,0.7213688,-1.0,0
1763545038144,1009.7277,0.07178468,5.788836,7.7383885,0.30673048,-0.13087778,0.0003054324,76.03125,-21.6,19.2,46.950733,0.3361091,49.741684,0.2783101,-0.015547998,-0.01786408,0.9601993,0.21588753,0.17632595,0.6347478,0.72069204,-1.0,0
1763545038169,1009.727,0.029910283,6.2063837,7.602596,0.2880991,-0.18997894,0.0810923,76.6125,-18.91875,16.81875,46.950733,0.3361091,49.741684,0.28115675,-0.017517433,-0.017597236,0.9593406,0.21933763,0.17676814,0.6342826,0.71995115,-1.0,0
1763545038195,1009.727,1.9710877,6.1010995,10.456037,-0.14103341,-0.07467822,-0.050243627,75.61875,-20.1375,17.456251,46.950733,0.3361091,49.741684,0.28182924,-0.019590205,-0.017151156,0.9591113,0.22129744,0.17561021,0.63419104,0.71971536,-1.0,0
1763545038220,1009.74066,0.84825563,6.085546,11.440085,-0.07903063,0.22525638,-0.20189081,75.600006,-19.518751,17.587502,46.950733,0.3361091,49.741684,0.28056076,-0.020460198,-0.017765626,0.95945376,0.21858391,0.17539202,0.6338248,0.72091943,-1.0,0
1763545038245,1009.74066,-0.7004988,6.390033,10.500902,0.03718639,0.43417215,-0.15790854,76.6125,-18.91875,17.2875,46.950733,0.3361091,49.741684,0.27993882,-0.013630332,-0.019257886,0.9597279,0.21566802,0.17899391,0.63391477,0.72083324,-1.0,0
1763545038271,1009.77484,-0.86081797,6.533602,10.508678,-0.20013458,0.058795735,-0.00641408,76.89375,-18.900002,18.337502,46.950733,0.3361091,49.741684,0.27972516,-0.010061173,-0.01885284,0.95984226,0.21309796,0.18148462,0.6342995,0.7206363,-1.0,0
1763545038296,1009.78314,-0.17108682,5.723632,11.94856,-0.23480114,0.028710645,-0.029168794,78.131256,-18.6375,16.800001,46.950733,0.3361091,49.741684,0.27796322,-0.009157195,-0.018845167,0.9603632,0.21118969,0.18095945,0.63465023,0.7210213,-1.0,0
1763545038322,1009.78314,-0.4235296,4.6785665,12.024532,-0.09124792,0.19486587,-0.06398808,77.3625,-20.325,16.81875,46.950733,0.3361091,49.741684,0.2743134,-0.0065804715,-0.01918604,0.9614264,0.20654884,0.18063419,0.63595194,0.72130024,-1.0,0
1763545038347,1009.81,-0.7495517,4.016951,9.48455,0.08743002,-0.054061532,0.013897174,78.675,-18.712502,18.45,46.950733,0.3361091,49.741684,0.2743832,-0.0049436255,-0.019014675,0.9614197,0.20533669,0.18206431,0.6366947,0.7206311,-1.0,0
1763545038372,1009.81537,-0.5174479,3.9631126,8.674581,0.005268709,-0.15699224,0.0377209,77.287506,-20.587502,17.306252,46.950733,0.3361091,49.741684,0.27474338,-0.0052931844,-0.01907364,0.9613138,0.20570734,0.18219884,0.63709813,0.72013474,-1.0,0
1763545038397,1009.81537,-0.37447673,4.063013,7.98784,-0.10758856,-0.1375973,0.047189303,77.2125,-19.48125,17.56875,46.950733,0.3361091,49.741684,0.27316797,-0.007947733,-0.019140719,0.9617431,0.20617561,0.1793754,0.63802564,0.71988845,-1.0,0
1763545038422,1009.80194,-0.40677986,4.0911283,7.9519477,-0.21815509,-0.03161225,0.09040799,78.95625,-19.66875,16.1625,46.950733,0.3361091,49.741684,0.27097952,-0.008324879,-0.018427351,0.9623727,0.2047696,0.17767559,0.6391922,0.7196764,-1.0,0
1763545038447,1009.7878,-0.28235307,3.9571304,7.2789664,0.0041996953,0.13820815,0.21700971,78.975006,-19.650002,15.843751,46.950733,0.3361091,49.741684,0.26919574,-0.0074517988,-0.016660897,0.96291256,0.20280597,0.17717674,0.64110255,0.71865547,-1.0,0
1763545038473,1009.7878,-0.10468599,3.9607196,6.006583,0.14989094,-0.027947064,0.24129158,78.65625,-19.706251,16.800001,46.950733,0.3361091,49.741684,0.26909697,-0.006636628,-0.014303093,0.962984,0.20212579,0.17777061,0.6431031,0.71691084,-1.0,0
1763545038499,1009.75946,0.4121637,3.9445682,6.1124654,-0.042989608,-0.17211115,0.11300998,79.068756,-20.643751,16.050001,46.950733,0.3361091,49.741684,0.2713995,-0.009676029,-0.010598087,0.9623598,0.20585902,0.1771254,0.64548373,0.7138623,-1.0,0
1763545038524,1009.75946,0.718445,3.9445682,6.1124654,-0.042989608,-0.17211115,0.11300998,77.90625,-19.143751,15.618751,46.950733,0.3361091,49.741684,0.27109805,-0.0117087485,-0.009970357,0.96242887,0.20702149,0.17542334,0.64597523,0.71350175,-1.0,0
1763545038549,1009.7353,-0.037686955,4.17727,6.4438715,0.07979421,0.12797616,0.05864302,78.8625,-20.0625,17.587502,46.950733,0.3361091,49.741684,0.27166462,-0.010435024,-0.0084104445,0.9622987,0.20652515,0.17679913,0.64722496,0.71217227,-1.0,0
1763545038575,1009.72626,-0.4019942,4.727619,6.026324,0.15752676,-0.024281874,0.041538805,77.850006,-19.40625,16.10625,46.950733,0.3361091,49.741684,0.27324903,-0.010698437,-0.008093309,0.9618498,0.20787765,0.17766926,0.64711094,0.71166563,-1.0,0
1763545038601,1009.72626,-0.043070808,5.554938,7.683952,-0.015500694,-0.18997894,-0.055283263,77.0625,-20.362501,16.85625,46.950733,0.3361091,49.741684,0.2744664,-0.0128397625,-0.008617464,0.96147233,0.21027337,0.17686653,0.64627635,0.7119201,-1.0,0
1763545038627,1009.71454,-0.77587277,5.599803,9.010174,-0.0112246405,0.08964441,-0.034208428,78.4875,-19.2,15.093751,46.950733,0.3361091,49.741684,0.2745347,-0.01335598,-0.009764395,0.96143484,0.21071564,0.17648397,0.6452401,0.7128236,-1.0,0
1763545038652,1009.73285,-1.1383854,5.7487564,9.132806,0.18898629,0.09498947,0.08689552,77.30625,-20.56875,16.21875,46.950733,0.3361091,49.741684,0.276255,-0.012404241,-0.008757286,0.9609644,0.21131529,0.17837195,0.64573306,0.71172893,-1.0,0
1763545038678,1009.73285,0.89730847,6.352346,8.705089,0.12515092,-0.48059785,0.116522454,77.568756,-20.175001,14.94375,46.950733,0.3361091,49.741684,0.27899626,-0.014929325,-0.007810352,0.96014434,0.21505132,0.17836681,0.64583594,0.7105168,-1.0,0
1763545038702,1009.74286,0.8327023,6.723233,9.349357,-0.07903063,-0.2452622,-0.040317077,76.631256,-20.38125,15.20625,46.950733,0.3361091,49.741684,0.2802912,-0.019711362,-0.008011667,0.9596792,0.21926811,0.17570768,0.6452896,0.710387,-1.0,0
1763545038727,1009.76605,-0.2434697,7.071389,9.957133,-0.28214318,0.11194097,-0.1178969,76.912506,-20.493752,15.0375,46.950733,0.3361091,49.741684,0.27730024,-0.020643162,-0.009885798,0.9605107,0.21773891,0.17294893,0.64433044,0.71240205,-1.0,0
1763545038752,1009.76605,0.068793654,6.2327046,11.586047,-0.12728895,-0.100487255,0.14187334,76.96875,-20.23125,14.231251,46.950733,0.3361091,49.741684,0.27457944,-0.018884342,-0.009855262,0.96132845,0.21456997,0.1723664,0.64481145,0.71306926,-1.0,0
1763545038777,1009.7983,1.7730815,5.857032,11.113464,-0.06131555,-0.29779658,0.09040799,78.43125,-19.462502,15.431251,46.950733,0.3361091,49.741684,0.27321333,-0.019878106,-0.008895442,0.96170694,0.21420094,0.17075893,0.6459375,0.7125476,-1.0,0
1763545038803,1009.7983,1.5074782,5.4664035,10.962717,-0.1372155,-0.082924895,-0.091324285,77.625,-21.28125,15.3,46.950733,0.3361091,49.741684,0.2709078,-0.02387881,-0.009826623,0.9622589,0.21507694,0.16644257,0.6462477,0.7130236,-1.0,0
1763545038828,1009.82587,0.7004988,4.930411,10.217353,-0.03733911,0.007941242,-0.029779658,77.381256,-18.825,15.656251,46.950733,0.3361091,49.741684,0.2693398,-0.02237524,-0.010273338,0.96273047,0.21281943,0.16659072,0.64660615,0.71334136,-1.0,0
1763545038853,1009.81464,1.4751751,4.462016,9.637094,0.021151192,-0.2441932,-0.040317077,76.200005,-19.800001,13.368751,46.950733,0.3361091,49.741684,0.26872224,-0.022251667,-0.010524219,0.96290314,0.2122079,0.16635679,0.6468589,0.71334904,-1.0,0
1763545038878,1009.81464,1.7635103,3.9553359,9.093325,-0.025579963,-0.14889829,-0.13988803,79.2375,-18.487501,13.89375,46.950733,0.3361091,49.741684,0.26809847,-0.025900489,-0.013100146,0.9629542,0.21405585,0.16348614,0.6457702,0.7144461,-1.0,0
1763545038904,1009.8034,0.8213364,3.926622,7.6019974,-0.08666644,0.11911863,-0.18234314,78.58125,-19.556252,14.175,46.950733,0.3361091,49.741684,0.2670455,-0.024541877,-0.014447959,0.96326303,0.21227403,0.16387591,0.64536697,0.71525234,-1.0,0
1763545038929,1009.77606,-0.07597212,4.241876,6.8542404,-0.016569708,0.12034036,0.006261364,77.53125,-19.44375,16.44375,46.950733,0.3361091,49.741684,0.26616165,-0.022180552,-0.01485475,0.9635587,0.20995767,0.16508108,0.64553547,0.7155068,-1.0,0
1763545038954,1009.77606,0.24466611,4.4656053,6.4241304,0.060399257,-0.018173227,0.052381653,76.293755,-19.931252,15.056251,46.950733,0.3361091,49.741684,0.26660773,-0.021241764,-0.014071166,0.96346825,0.20963646,0.16608265,0.646083,0.7148747,-1.0,0
1763545038979,1009.74554,0.4109673,4.618746,5.7427745,0.12820524,-0.1424842,0.017104214,79.8,-19.3125,13.575001,46.950733,0.3361091,49.741684,0.26795748,-0.02265559,-0.014249791,0.96305895,0.21161117,0.16593736,0.6455725,0.71478784,-1.0,0
1763545039005,1009.7214,0.36191443,4.6319065,5.8390856,-0.077198036,-0.09590577,-0.060322896,77.90625,-18.618752,13.275001,46.950733,0.3361091,49.741684,0.26886028,-0.02408114,-0.015008195,0.96276116,0.21329482,0.1654421,0.6445912,0.7152876,-1.0,0
1763545039030,1009.7214,0.7788638,4.651049,7.312466,-0.07185297,-0.13607013,-0.04886918,77.9625,-19.10625,12.825001,46.950733,0.3361091,49.741684,0.26842582,-0.024855722,-0.015830688,0.9628495,0.213555,0.16451289,0.64382744,0.7161117,-1.0,0
1763545039056,1009.71967,0.738784,4.727021,7.769495,0.11064288,-0.1375973,-0.08231403,77.2125,-20.456251,15.3,46.950733,0.3361091,49.741684,0.26890597,-0.027232066,-0.017713241,0.96261847,0.2155275,0.1630948,0.64227724,0.71723634,-1.0,0
1763545039081,1009.71967,0.39661035,4.9603214,7.3118677,0.23480114,-0.07086031,-0.06291907,77.53125,-18.91875,13.8,46.950733,0.3361091,49.741684,0.27112505,-0.027811525,-0.018410495,0.9619661,0.21754225,0.16418786,0.6413456,0.7172123,-1.0,0
1763545039106,1009.72064,0.45224348,5.8265233,7.356135,0.25526512,0.010384701,0.09666935,78.375,-17.7,13.181251,46.950733,0.3361091,49.741684,0.27353373,-0.027837532,-0.018269189,0.9612859,0.21934754,0.16577785,0.64088607,0.71670735,-1.0,0
1763545039132,1009.7187,0.72442704,6.166902,7.4069824,0.31467173,-0.07422007,0.0980438,78.05625,-20.71875,13.5375,46.950733,0.3361091,49.741684,0.27924624,-0.029065998,-0.016484164,0.95963794,0.22445513,0.16865112,0.64070684,0.7146128,-1.0,0
1763545039157,1009.7187,0.7148558,6.238687,7.3728848,0.2853502,-0.12980877,0.061544627,75.881256,-21.31875,13.481251,46.950733,0.3361091,49.741684,0.28215387,-0.030557645,-0.016172461,0.95874596,0.22765659,0.16946101,0.6400946,0.71395683,-1.0,0
1763545039182,1009.73334,1.1186446,6.2464633,9.585648,0.04405862,-0.0050396346,0.024281874,77.100006,-19.59375,14.962501,46.950733,0.3361091,49.741684,0.28366363,-0.031526223,-0.015906297,0.9582735,0.22947368,0.169708,0.63975215,0.7136233,-1.0,0
1763545039207,1009.73334,1.2646067,6.1806607,10.153943,0.059177525,0.09789108,-0.033444848,76.40625,-21.018751,12.4875,46.950733,0.3361091,49.741684,0.28415683,-0.03175376,-0.015657054,0.9581239,0.23000115,0.16986129,0.6397866,0.7133861,-1.0,0
1763545039233,1009.76215,0.9984053,6.3122663,9.899706,0.032757625,0.16798781,-0.1262963,77.83125,-20.38125,13.387501,46.950733,0.3361091,49.741684,0.28493738,-0.029175503,-0.016293833,0.95796347,0.22875585,0.17236958,0.6394808,0.713459,-1.0,0
1763545039259,1009.7836,-0.55812585,6.262017,9.32483,-0.5014436,0.29474226,-0.1472184,76.33125,-20.41875,15.243751,46.950733,0.3361091,49.741684,0.28369343,-0.026134232,-0.017266996,0.9584033,0.22576563,0.17376667,0.6391078,0.7144062,-1.0,0
1763545039284,1009.8217,-0.4354937,5.6793647,11.376676,-0.79679674,0.16859868,-0.091324285,78.9,-18.768751,12.8625,46.950733,0.3361091,49.741684,0.27187333,-0.020563481,-0.018609354,0.9619333,0.21331845,0.16980341,0.64049345,0.71793467,-1.0,0
1763545039309,1009.8217,-0.25543383,5.1786666,13.668401,-0.6792053,0.117744185,-0.009010255,78.9,-18.768751,12.8625,46.950733,0.3361091,49.741684,0.27187333,-0.020563481,-0.018609354,0.9619333,0.21331845,0.16980341,0.64049345,0.71793467,-1.0,0
1763545039334,1009.82635,-0.0735793,4.948357,10.992029,0.044364054,-0.10567961,0.098960094,77.700005,-18.150002,13.725,46.950733,0.3361091,49.741684,0.26235116,-0.01851618,-0.017856227,0.96462953,0.20469804,0.1651354,0.6439539,0.71843743,-1.0,0
1763545039359,1009.82635,-0.10468599,4.8412786,9.586246,0.050472703,-0.15286891,0.09010255,78.637505,-19.06875,15.993751,46.950733,0.3361091,49.741684,0.2622726,-0.01961971,-0.017217658,0.96464074,0.2052891,0.16440262,0.6448791,0.71760654,-1.0,0
1763545039384,1009.80975,-0.22432712,4.5487556,8.565108,0.012904518,-0.07925971,0.0980438,77.2125,-19.706251,15.1125,46.950733,0.3361091,49.741684,0.26243734,-0.022032768,-0.016088074,0.96456325,0.20695734,0.16287252,0.6460799,0.71639514,-1.0,0
1763545039409,1009.7912,0.19142582,3.8518462,7.361519,-0.09750929,-0.020005822,0.14401138,78.356255,-19.331251,13.106251,46.950733,0.3361091,49.741684,0.26200753,-0.022892036,-0.015109533,0.96467596,0.20721228,0.1619724,0.6469464,0.71574324,-1.0,0
1763545039434,1009.7912,0.3702893,3.5994034,7.4249287,-0.015347977,0.054825112,0.13377939,78.075005,-18.487501,13.406251,46.950733,0.3361091,49.741684,0.26102298,-0.023357976,-0.013854435,0.9649505,0.20680256,0.1609699,0.6480852,0.7150574,-1.0,0
1763545039459,1009.75946,0.26739794,3.5838501,6.512665,0.17661628,0.042760536,0.12675445,77.775,-18.50625,12.825001,46.950733,0.3361091,49.741684,0.26220673,-0.023116916,-0.01113759,0.96467054,0.2074226,0.16205747,0.65023774,0.71267396,-1.0,0
1763545039485,1009.7326,0.62153566,3.9140596,5.3700924,0.060093824,-0.12751803,0.019394957,78.99375,-19.63125,13.9875,46.950733,0.3361091,49.741684,0.26415536,-0.024616988,-0.0105630765,0.96410805,0.2098718,0.16228956,0.65026873,0.7118753,-1.0,0
1763545039511,1009.7326,0.2321038,3.7764723,5.9377894,-0.040393434,0.07987057,-0.043371398,78.506256,-18.45,13.81875,46.950733,0.3361091,49.741684,0.26487058,-0.02593738,-0.010679622,0.9638759,0.21132335,0.16177638,0.64990324,0.7118965,-1.0,0
1763545039536,1009.7292,-0.4121637,3.8033917,6.4570317,-0.028939718,0.16019928,-0.024281874,78.80625,-18.4125,13.781251,46.950733,0.3361091,49.741684,0.2643833,-0.02347791,-0.010724787,0.9640722,0.20929343,0.16323598,0.6499844,0.7120888,-1.0,0
1763545039561,1009.7292,-0.76749784,4.061816,6.7519474,0.076434456,0.031459536,0.06429352,78.46875,-19.44375,13.25625,46.950733,0.3361091,49.741684,0.26507944,-0.023125403,-0.010082103,0.9638965,0.20955917,0.16397211,0.65034586,0.7115113,-1.0,0
1763545039586,1009.7233,-0.23928227,5.1385865,6.7698936,0.18898629,-0.252898,0.18738277,79.70625,-18.956251,15.1125,46.950733,0.3361091,49.741684,0.26675248,-0.02456347,-0.008986642,0.9634101,0.21177113,0.16405259,0.6507817,0.71043855,-1.0,0
1763545039611,1009.72455,0.18125631,5.428716,7.457232,0.10957387,-0.33322674,0.14767656,77.418755,-20.2875,12.95625,46.950733,0.3361091,49.741684,0.26979637,-0.030576145,-0.007402024,0.9624034,0.21818,0.16162443,0.6508977,0.70894796,-1.0,0
1763545039637,1009.72455,0.54436713,5.6183476,8.595019,-0.008628465,-0.24938555,0.10216714,77.55,-19.66875,13.51875,46.950733,0.3361091,49.741684,0.26980916,-0.033114944,-0.007120357,0.9623179,0.21994768,0.15973921,0.6509258,0.7088032,-1.0,0
1763545039662,1009.7509,0.7148558,5.4987063,10.966905,-0.045891218,-0.07864884,-0.042607818,77.662506,-19.78125,13.837501,46.950733,0.3361091,49.741684,0.2689411,-0.034491397,-0.007160606,0.9625122,0.22024783,0.15814508,0.65104383,0.70895904,-1.0,0
1763545039687,1009.7719,0.14177474,5.750551,10.514063,0.09659299,-0.022449281,-0.043982264,77.71875,-18.768751,13.9125,46.950733,0.3361091,49.741684,0.26836377,-0.035145026,-0.0077621914,0.96264505,0.22022057,0.15734418,0.6509226,0.70925695,-1.0,0
1763545039712,1009.7719,0.35413775,6.094519,9.52822,0.028176138,-0.07498365,0.0019853106,77.11875,-20.325,13.6125,46.950733,0.3361091,49.741684,0.26928088,-0.03570374,-0.008413568,0.9623629,0.22119603,0.15766825,0.6505972,0.70918006,-1.0,0
1763545039737,1009.79584,0.9415757,6.2674007,9.381062,-0.2786307,-0.09758565,-0.016035201,77.3625,-20.550001,13.293751,46.950733,0.3361091,49.741684,0.26682138,-0.036530036,-0.008921462,0.96301216,0.21998164,0.15535823,0.6505799,0.7100828,-1.0,0
1763545039762,1009.79584,1.7545372,4.9579287,12.762119,-0.7407499,0.01802051,-0.13744457,79.012505,-18.993752,12.243751,46.950733,0.3361091,49.741684,0.2611683,-0.03766628,-0.010278176,0.96450335,0.21662728,0.150666,0.6505917,0.71211153,-1.0,0
1763545039789,1009.8344,1.6342978,4.2478585,14.236696,-0.58772826,0.1913534,-0.11056653,77.83125,-18.88125,13.762501,46.950733,0.3361091,49.741684,0.2479552,-0.035325207,-0.012446257,0.9680472,0.2051732,0.14364403,0.6524089,0.71528524,-1.0,0
1763545039814,1009.8483,0.9667004,3.879962,11.076376,0.18654284,0.028557928,-0.059101168,77.08125,-18.337502,12.88125,46.950733,0.3361091,49.741684,0.24572875,-0.03355959,-0.012571143,0.968676,0.20217042,0.14365233,0.65359837,0.71505266,-1.0,0
1763545039841,1009.8483,0.06520442,3.7513478,8.55135,0.26396993,-0.08124501,-0.024129158,77.568756,-17.925001,14.962501,46.950733,0.3361091,49.741684,0.24687107,-0.033296358,-0.012949983,0.9683896,0.20269398,0.14480719,0.6537653,0.71451867,-1.0,0
1763545039867,1009.82245,-0.1692922,3.6161532,6.9469624,0.17371467,-0.09728022,0.14110976,78.95625,-17.775002,12.95625,46.950733,0.3361091,49.741684,0.25045687,-0.03508003,-0.012177582,0.9674153,0.2064332,0.14609787,0.6541261,0.7128533,-1.0,0
1763545039893,1009.78973,2.3712873,4.025326,6.795018,-0.10499238,-0.39186975,0.114079,78.20625,-18.6,12.937501,46.950733,0.3361091,49.741684,0.2507198,-0.038382016,-0.010612033,0.96724033,0.20889162,0.14386763,0.65512645,0.7116711,-1.0,0
1763545039919,1009.78973,1.9657038,4.150949,7.469196,-0.13614649,-0.20662501,-0.082161315,75.693756,-17.98125,13.1625,46.950733,0.3361091,49.741684,0.24971981,-0.042661514,-0.010458534,0.96732134,0.21110207,0.14005679,0.65526354,0.7116528,-1.0,0
1763545039945,1009.7768,0.76630145,4.133601,7.3142605,-0.022372922,0.053603385,-0.16859868,77.700005,-18.150002,12.95625,46.950733,0.3361091,49.741684,0.24833791,-0.044059347,-0.0131084705,0.96758217,0.21102972,0.13812816,0.6536354,0.713546,-1.0,0
1763545039970,1009.7575,1.1036894,4.6989055,6.61436,0.1909716,0.061544627,-0.10827578,76.875,-18.712502,11.681251,46.950733,0.3361091,49.741684,0.24943696,-0.042716656,-0.013755233,0.96735066,0.2109167,0.1398487,0.6529703,0.7138531,-1.0,0
1763545039995,1009.7575,0.98584294,5.022535,6.0676003,0.20044,0.08994984,-0.18539746,77.08125,-18.337502,13.181251,46.950733,0.3361091,49.741684,0.25143096,-0.041979652,-0.0145296445,0.9668552,0.21188416,0.14172128,0.65196335,0.71411765,-1.0,0
1763545040022,1009.73505,0.5521438,5.026124,6.084948,0.11110103,0.17180572,-0.19669846,77.49375,-18.54375,12.843751,46.950733,0.3361091,49.741684,0.25514925,-0.03886812,-0.017304864,0.96596515,0.2125663,0.14638111,0.6488127,0.7158423,-1.0,0
1763545040047,1009.72894,0.4001996,5.188836,6.869794,0.18409938,0.014813471,-0.051923506,79.05,-16.518751,13.500001,46.950733,0.3361091,49.741684,0.25645652,-0.03716925,-0.018244985,0.9656685,0.21240558,0.14844319,0.6476842,0.716487,-1.0,0
1763545040072,1009.72894,1.0456635,5.4203415,7.1677003,0.18990259,-0.13179408,-0.014660755,77.83125,-18.2625,12.806251,46.950733,0.3361091,49.741684,0.2584349,-0.036869287,-0.01864996,0.9651447,0.21368101,0.14996114,0.64684653,0.71654844,-1.0,0
1763545040097,1009.73676,1.5296118,5.474778,8.014759,0.15538873,-0.1385136,-0.06551525,79.6875,-17.7,13.968751,46.950733,0.3361091,49.741684,0.26210642,-0.03950077,-0.01990816,0.96402466,0.21823275,0.15044788,0.6448117,0.7169085,-1.0,0
1763545040123,1009.73676,1.0510473,5.4873405,8.792427,0.11934771,0.021991132,-0.110871956,77.25,-19.462502,15.712501,46.950733,0.3361091,49.741684,0.2633629,-0.03921756,-0.02080031,0.9636749,0.21895808,0.15151033,0.64391017,0.7172738,-1.0,0
1763545040148,1009.75726,0.28115666,5.9210396,9.890733,0.26122105,0.25824308,0.04978548,79.2375,-18.487501,13.593751,46.950733,0.3361091,49.741684,0.26470387,-0.036719438,-0.020620968,0.9634097,0.21821633,0.15426634,0.6439133,0.71690947,-1.0,0
1763545040173,1009.7724,0.9846465,6.2201424,9.202796,0.3427715,-0.0021380268,0.092546016,78.675,-18.300001,14.250001,46.950733,0.3361091,49.741684,0.2671221,-0.03440005,-0.019425299,0.9628526,0.21837404,0.15763995,0.644495,0.7156037,-1.0,0
1763545040198,1009.7724,1.4817554,6.460023,8.722437,0.19005531,-0.17562363,-0.010079269,78.9375,-17.775002,13.743751,46.950733,0.3361091,49.741684,0.27223465,-0.03651931,-0.018914372,0.9613516,0.22357948,0.15955433,0.6437221,0.7142664,-1.0,0
1763545040223,1009.78265,1.3328022,6.439684,9.005986,-0.15157083,-0.17363831,-0.1386663,79.856255,-16.81875,14.19375,46.950733,0.3361091,49.741684,0.2710662,-0.03792895,-0.020674795,0.96159095,0.22372395,0.15768029,0.6424528,0.7157786,-1.0,0
1763545040248,1009.8256,1.0408778,4.88076,12.718451,-0.77129316,-0.0368046,-0.37461284,79.012505,-17.5125,12.937501,46.950733,0.3361091,49.741684,0.26600656,-0.038177337,-0.023370693,0.9629314,0.22021276,0.15402384,0.6413519,0.7186451,-1.0,0
1763545040274,1009.8256,-0.5802595,4.004389,13.953147,-0.5504655,0.18066326,-0.35017824,78.881256,-16.66875,13.687501,46.950733,0.3361091,49.741684,0.25867265,-0.037533965,-0.027191458,0.9648525,0.21435232,0.14957745,0.6402101,0.72236466,-1.0,0
1763545040299,1009.83344,-1.2556337,4.5541396,10.310673,0.017944153,-0.12415826,0.14034618,79.2375,-15.637501,13.743751,46.950733,0.3361091,49.741684,0.2512345,-0.031843685,-0.030792037,0.96691215,0.20474693,0.14903523,0.64039403,0.7250949,-1.0,0
1763545040324,1009.83344,-0.3290131,4.464409,9.538987,-0.04650208,-0.20631959,0.21578798,79.481255,-16.59375,13.6125,46.950733,0.3361091,49.741684,0.2509502,-0.032785952,-0.029892502,0.96698266,0.20511705,0.14824952,0.6414336,0.724232,-1.0,0
1763545040349,1009.81415,-0.3260221,4.1258245,9.171689,-0.13553563,-0.08857539,0.2102902,78.450005,-16.6875,12.187501,46.950733,0.3361091,49.741684,0.24866949,-0.03598825,-0.026794177,0.96754867,0.2055843,0.14445335,0.64442265,0.72221035,-1.0,0
1763545040375,1009.80414,-0.24945176,3.2201412,8.899506,-0.15783219,-0.12079851,0.28313583,78.037506,-16.3875,14.681251,46.950733,0.3361091,49.741684,0.24663804,-0.037077986,-0.02495464,0.9680765,0.20482069,0.14231509,0.64629346,0.72117937,-1.0,0
1763545040400,1009.80414,-0.21535404,2.9120653,8.469994,0.041157015,-0.1632536,0.3251328,76.350006,-16.9125,12.4125,46.950733,0.3361091,49.741684,0.24475989,-0.0385968,-0.022694591,0.9685494,0.20444597,0.13999628,0.6485252,0.71973467,-1.0,0
1763545040425,1009.78534,0.23030917,2.949752,7.2023964,0.28199047,-0.297033,0.3489565,79.05,-16.518751,14.118751,46.950733,0.3361091,49.741684,0.24675694,-0.044153053,-0.017408265,0.9679145,0.20957556,0.1375375,0.6526473,0.7149916,-1.0,0
1763545040450,1009.748,0.6197411,3.3661032,5.6787663,0.33681557,-0.22495095,0.308334,77.793755,-17.00625,12.262501,46.950733,0.3361091,49.741684,0.24964051,-0.047015633,-0.014918738,0.9670815,0.21360934,0.13748421,0.6540293,0.7125411,-1.0,0
1763545040475,1009.748,1.1186446,4.0887356,5.685945,-0.0037415468,0.14737113,0.11636974,78.1875,-17.85,14.118751,46.950733,0.3361091,49.741684,0.25113115,-0.047825456,-0.012595784,0.9666888,0.21527132,0.13788544,0.65532905,0.710767,-1.0,0
1763545040501,1009.72626,0.39840496,4.0145583,6.3493547,-0.027107125,0.3035998,-0.0129808765,78.1875,-16.48125,13.275001,46.950733,0.3361091,49.741684,0.251207,-0.04407483,-0.01051529,0.9668722,0.21280828,0.14057091,0.6566636,0.70975024,-1.0,0
1763545040527,1009.7253,-0.65922266,4.3154554,6.795018,0.08269582,0.365908,-0.013439025,77.4,-18.806252,14.26875,46.950733,0.3361091,49.741684,0.25210568,-0.040461496,-0.009759448,0.9668042,0.21099569,0.14378886,0.65708214,0.7092592,-1.0,0
1763545040552,1009.7253,-0.95772725,5.110471,6.8871417,0.33284494,-0.10461059,0.2272417,79.03125,-18.65625,15.168751,46.950733,0.3361091,49.741684,0.2546246,-0.03890964,-0.008640339,0.9662183,0.2117951,0.1465963,0.65732336,0.708222,-1.0,0
1763545040577,1009.7358,0.30508488,5.5310097,7.6887374,0.23831362,-0.15378521,0.2687805,79.256256,-18.487501,12.50625,46.950733,0.3361091,49.741684,0.2578476,-0.039978877,-0.0067752707,0.9653343,0.21491304,0.14797324,0.65787643,0.7064806,-1.0,0
1763545040602,1009.7358,1.018146,5.67757,9.399008,0.15844305,-0.06597339,0.2122755,78.9,-18.768751,12.562501,46.950733,0.3361091,49.741684,0.26173246,-0.04299873,-0.0027585262,0.96417826,0.21987988,0.14834285,0.6596761,0.70318896,-1.0,0
1763545040627,1009.7553,0.8129615,5.9760747,8.887542,0.28687736,0.1800524,0.12492185,78.1125,-18.862501,15.1125,46.950733,0.3361091,49.741684,0.26399034,-0.041977633,-0.0008484057,0.96361107,0.22080725,0.1506558,0.6607421,0.7014035,-1.0,0
1763545040652,1009.76605,0.6658029,6.5521464,8.904889,0.12835796,0.08048143,0.10002911,77.662506,-19.78125,14.137501,46.950733,0.3361091,49.741684,0.2666436,-0.04061386,0.0008878468,0.96293867,0.22180048,0.15346935,0.66154546,0.69972086,-1.0,0
1763545040677,1009.76605,0.39661035,7.2975106,9.635299,-0.009850195,-0.0097738365,0.07819069,79.5,-18.6,14.343751,46.950733,0.3361091,49.741684,0.26815805,-0.040314548,0.0027304862,0.96252716,0.22278705,0.154596,0.66219413,0.69854486,-1.0,0
1763545040702,1009.7885,0.42053857,7.335796,10.320244,-0.12713623,-0.115453444,0.05177079,78.5625,-20.306252,14.85,46.950733,0.3361091,49.741684,0.26725617,-0.041372094,0.002813582,0.96273285,0.22291233,0.1531261,0.6621395,0.6988804,-1.0,0
1763545040727,1009.81854,1.9423738,5.962914,11.989238,-0.4493674,-0.08093958,0.013286309,78.506256,-18.45,13.81875,46.950733,0.3361091,49.741684,0.26482123,-0.042461388,0.0029026808,0.96335787,0.22192112,0.15061301,0.66247314,0.6994255,-1.0,0
1763545040752,1009.81854,1.7736797,4.807779,13.369298,-0.4227948,0.09682207,-0.10461059,78.1125,-18.243752,13.856251,46.950733,0.3361091,49.741684,0.2606172,-0.043340888,0.0026539208,0.96446526,0.21945235,0.14710693,0.66310227,0.7003539,-1.0,0
1763545040777,1009.84125,0.360718,4.1808596,13.250256,-0.16226095,0.42302385,-0.11209369,78.05625,-19.237501,14.38125,46.950733,0.3361091,49.741684,0.25413436,-0.038197655,0.0017773558,0.96641266,0.2109758,0.14673977,0.6649048,0.7013261,-1.0,0
1763545040802,1009.84125,-0.651446,3.5162528,10.461421,0.5127446,0.16081016,0.18661919,78.787506,-18.431252,15.4875,46.950733,0.3361091,49.741684,0.2552697,-0.033629652,0.0032960228,0.9662792,0.20852238,0.15103638,0.6665756,0.69955945,-1.0,0
1763545040827,1009.83514,-0.16869399,3.2775688,8.502895,0.6121629,-0.066126116,0.3158171,80.68125,-18.6,13.44375,46.950733,0.3361091,49.741684,0.25939864,-0.032216437,0.0055360487,0.965217,0.21043025,0.15506348,0.6680107,0.69673246,-1.0,0
1763545040855,1009.80707,0.53599226,3.6113675,7.537391,0.39332056,-0.05177079,0.37110037,79.912506,-19.425001,14.812501,46.950733,0.3361091,49.741684,0.26781198,-0.034598753,0.011887225,0.9627764,0.2180089,0.15935008,0.67166287,0.6898903,-1.0,0
1763545040880,1009.80707,0.799801,4.202395,6.91765,0.097814724,0.39263335,0.25625777,79.443756,-19.59375,14.718751,46.950733,0.3361091,49.741684,0.26907504,-0.033881776,0.015746979,0.96239424,0.21838182,0.16080649,0.6744081,0.68674916,-1.0,0
1763545040905,1009.7817,0.011365907,4.5044885,5.7834525,0.02573268,0.4744892,0.12278382,79.4625,-20.1,15.975,46.950733,0.3361091,49.741684,0.26974148,-0.030978296,0.019211905,0.9622426,0.21683985,0.16340317,0.67691916,0.6841494,-1.0,0
1763545040930,1009.7602,-1.0534402,4.5684967,5.7966127,-0.12835796,0.47586367,0.080176,80.006256,-20.306252,15.937501,46.950733,0.3361091,49.741684,0.26889536,-0.022455234,0.023483835,0.9626212,0.21043359,0.16889834,0.6799556,0.6818001,-1.0,0
1763545040955,1009.7602,-1.0851451,4.202395,7.6624165,0.019929463,0.40026915,0.32085672,81.20625,-20.925001,15.225,46.950733,0.3361091,49.741684,0.26735207,-0.018452287,0.02626258,0.9630642,0.20658743,0.17070222,0.68215775,0.6803258,-1.0,0
1763545040981,1009.75433,-0.7040881,4.269394,6.890133,0.23877177,0.32498005,0.42500916,80.45625,-19.518751,16.29375,46.950733,0.3361091,49.741684,0.26732108,-0.015162304,0.030191675,0.9630151,0.20428424,0.17308499,0.6850337,0.67752373,-1.0,0
1763545041006,1009.73846,-0.40737805,4.6061835,5.968896,0.28932083,0.3074177,0.47769627,81.1875,-20.925001,16.612501,46.950733,0.3361091,49.741684,0.2719398,-0.010918912,0.040164962,0.9614137,0.20471081,0.17934313,0.69116503,0.66949266,-1.0,0
1763545041031,1009.73846,-0.3589234,4.892724,5.6961145,0.20975569,0.31505352,0.49098256,79.387505,-21.862501,16.3875,46.950733,0.3361091,49.741684,0.27395785,-0.009037612,0.04552993,0.9606209,0.20493656,0.18203178,0.69429773,0.66544425,-1.0,0
1763545041056,1009.72723,-1.1587243,4.875974,6.890731,0.0049632764,0.40500334,0.60017467,80.381256,-23.38125,17.75625,46.950733,0.3361091,49.741684,0.27485448,-0.007245037,0.051121805,0.9600985,0.20442148,0.18387318,0.69774795,0.66147584,-1.0,0
1763545041081,1009.72723,-1.4955142,4.99083,7.9710903,-0.06421716,0.5450441,0.75823593,81.1875,-22.3125,17.775002,46.950733,0.3361091,49.741684,0.27391917,-0.0013253645,0.0660479,0.95948124,0.19971803,0.18747312,0.7079849,0.6509408,-1.0,0
1763545041106,1009.74677,-1.3561323,5.480162,9.637094,0.0712421,0.48579022,0.8938479,81.600006,-23.775002,18.900002,46.950733,0.3361091,49.741684,0.2741569,0.0013013297,0.07550967,0.9587151,0.1980494,0.18957889,0.71444136,0.6437467,-1.0,0
1763545041131,1009.7653,-1.0193424,5.95753,8.318648,0.5156462,0.17883067,0.9738712,78.7125,-25.06875,19.125,46.950733,0.3361091,49.741684,0.27751684,0.002076928,0.084951304,0.95695525,0.19990692,0.19250229,0.72023714,0.6357976,-1.0,0
1763545041156,1009.7653,-0.45403808,5.8881383,8.477173,0.29115343,0.24923283,0.93584484,80.100006,-26.156252,18.88125,46.950733,0.3361091,49.741684,0.2821557,0.0019863371,0.094305545,0.9547202,0.20333357,0.19563034,0.72548896,0.627734,-1.0,0
1763545041182,1009.7863,-0.7052845,5.6416774,10.155738,0.022067491,0.4169152,0.83780104,78.15,-25.500002,20.4375,46.950733,0.3361091,49.741684,0.28445056,0.0041141585,0.11231888,0.95207953,0.20352761,0.19875997,0.7367597,0.6133971,-1.0,0
1763545041208,1009.7863,-2.160719,5.4783673,10.880763,-0.06284271,0.6508764,0.8439097,80.475006,-25.63125,19.893751,46.950733,0.3361091,49.741684,0.28284308,0.008164726,0.12175946,0.95137155,0.19947144,0.20069385,0.7434301,0.60600734,-1.0,0
1763545041233,1009.80145,-1.2640085,5.5950174,11.468799,-0.27832526,0.319635,1.1554507,79.36875,-26.75625,20.681252,46.950733,0.3361091,49.741684,0.28057948,0.011305411,0.1327177,0.9505437,0.19554299,0.20153311,0.75117475,0.59739757,-1.0,0
1763545041258,1009.82513,-0.52941203,5.035695,12.159128,-0.34720027,0.3744601,1.1056652,79.350006,-26.98125,19.1625,46.950733,0.3361091,49.741684,0.27739552,0.011395278,0.14406238,0.9498252,0.19306439,0.19951014,0.7592238,0.58864343,-1.0,0
1763545041283,1009.82513,-1.1892328,4.4602213,11.735599,-0.25923574,0.59635675,1.0566434,77.7375,-29.025002,20.681252,46.950733,0.3361091,49.741684,0.26956078,0.014270622,0.16640796,0.948389,0.18509649,0.19648397,0.775323,0.5709708,-1.0,0
1763545041308,1009.82367,-1.8161523,3.8775692,9.288938,-0.1673006,0.5215258,1.155298,76.856255,-29.625002,21.88125,46.950733,0.3361091,49.741684,0.2666375,0.017386043,0.17805755,0.9470469,0.1806596,0.19687544,0.7833097,0.56127363,-1.0,0
1763545041333,1009.8027,-1.4524434,3.81057,8.891729,-0.15691589,0.48594293,1.2237148,75.975006,-28.968752,21.6375,46.950733,0.3361091,49.741684,0.2613911,0.020933066,0.20219982,0.9435845,0.17413677,0.19606093,0.7991354,0.5409428,-1.0,0
1763545041358,1009.8027,-0.9984053,3.8237305,8.372486,-0.13706279,0.506865,1.2073742,75.262505,-30.300001,22.40625,46.950733,0.3361091,49.741684,0.25904828,0.022622837,0.21441635,0.9414924,0.17117243,0.19574937,0.80678475,0.53054744,-1.0,0
1763545041383,1009.7941,-1.4392828,3.5635111,8.438888,-0.13034327,0.77427113,1.1475095,76.14375,-29.56875,21.806252,46.950733,0.3361091,49.741684,0.2560909,0.025512435,0.22649595,0.93939674,0.16694379,0.19586529,0.81429577,0.5202778,-1.0,0
1763545041409,1009.7753,-1.8747765,3.5114672,7.9537425,0.018555017,0.74067354,1.225242,76.33125,-29.94375,23.34375,46.950733,0.3361091,49.741684,0.2531521,0.029784176,0.23876064,0.9370274,0.1617607,0.1969938,0.8217652,0.50963604,-1.0,0
1763545041434,1009.7753,-1.4338989,3.644269,7.4237323,0.09262237,0.54275334,1.3356558,73.725006,-31.95,23.8875,46.950733,0.3361091,49.741684,0.25122145,0.03641078,0.26473445,0.9303106,0.15552936,0.20062049,0.8364187,0.48576313,-1.0,0
1763545041459,1009.768,-0.15433706,3.5958142,7.6552377,0.12454005,0.6046034,1.2690716,75.131256,-31.556252,22.95,46.950733,0.3361091,49.741684,0.2511607,0.03773401,0.2778027,0.9264556,0.15448488,0.20159361,0.84334075,0.47357237,-1.0,0
1763545041484,1009.75604,-0.69332033,3.7322052,7.14437,0.15905392,0.7189878,1.1875211,73.443756,-34.8375,23.325,46.950733,0.3361091,49.741684,0.25088093,0.040561233,0.2905283,0.9225003,0.15225048,0.20348527,0.8499064,0.461598,-1.0,0
1763545041509,1009.75604,-0.86201435,3.888337,7.1748786,0.11293363,0.64064443,1.1878265,73.443756,-34.8375,23.325,46.950733,0.3361091,49.741684,0.25054577,0.04472203,0.3027291,0.9184671,0.14905505,0.20629066,0.85601723,0.44995692,-1.0,0
1763545041534,1009.74335,-0.49471608,4.2981076,8.7882395,0.10468695,0.5575668,1.1421645,72.356255,-33.600002,24.750002,46.950733,0.3361091,49.741684,0.24938688,0.05089987,0.32626885,0.91036475,0.14380683,0.21001,0.8675574,0.4272699,-1.0,0
1763545041559,1009.74335,-0.62452674,4.5523453,9.399606,0.16516256,0.573602,1.1122321,73.481255,-34.59375,23.60625,46.950733,0.3361091,49.741684,0.24887872,0.05361572,0.33753324,0.90623176,0.14147584,0.21165976,0.8729292,0.41614813,-1.0,0
1763545041584,1009.74774,-0.53359944,4.6845484,9.933804,0.28733552,0.5178606,1.1100941,69.825005,-35.850002,25.612501,46.950733,0.3361091,49.741684,0.24983093,0.05980527,0.35917363,0.8972192,0.13766134,0.21689059,0.88255376,0.39383584,-1.0,0
1763545041609,1009.76215,-0.36490545,4.825725,10.031909,0.43455392,0.37919432,1.119257,70.65,-35.925003,28.612501,46.950733,0.3361091,49.741684,0.25259733,0.06211652,0.3694707,0.89209163,0.13792622,0.2205453,0.8865666,0.38253862,-1.0,0
1763545041634,1009.76215,1.0546366,5.1720862,10.000802,0.42157304,0.3045161,1.0395391,68.775,-35.9625,25.725,46.950733,0.3361091,49.741684,0.25618604,0.06349604,0.3794559,0.8867639,0.13943914,0.22409764,0.8901841,0.3713613,-1.0,0
1763545041659,1009.7685,0.9164511,5.704489,9.769895,0.36308277,0.46273008,0.8629992,67.96875,-36.9375,27.562502,46.950733,0.3361091,49.741684,0.25911215,0.06507412,0.3888441,0.8817179,0.14037876,0.22730498,0.8934918,0.36096904,-1.0,0
1763545041684,1009.768,0.014955142,6.248258,9.103494,0.29130614,0.40958482,0.7510582,66.543755,-38.831253,28.593752,46.950733,0.3361091,49.741684,0.26228487,0.07097293,0.40428975,0.87333804,0.13850825,0.2337648,0.8987692,0.34406894,-1.0,0
1763545041709,1009.768,0.9487542,5.5830536,10.1288185,-0.3239874,0.37018406,0.6533199,67.59375,-38.71875,29.250002,46.950733,0.3361091,49.741684,0.26235268,0.07160051,0.41079396,0.87022567,0.13810043,0.234273,0.90128803,0.33723038,-1.0,0
1763545041735,1009.77826,0.52163535,4.6839504,11.752348,-0.48540843,0.77167493,0.6056724,66.600006,-36.45,28.143751,46.950733,0.3361091,49.741684,0.25865942,0.07190009,0.4174001,0.8681606,0.13525851,0.231904,0.9045626,0.33119807,-1.0,0
1763545041760,1009.77826,-0.5168497,4.330411,12.409178,-0.29894194,1.05252,0.7139482,65.418755,-39.43125,27.975,46.950733,0.3361091,49.741684,0.24470714,0.080626614,0.43350112,0.8635361,0.118959375,0.22854081,0.91317385,0.31580257,-1.0,0
1763545041785,1009.79535,0.101694964,4.4404807,9.683753,0.49350238,0.30054548,1.0410663,66.3375,-38.362503,29.5125,46.950733,0.3361091,49.741684,0.24203594,0.086253405,0.44313022,0.8588449,0.11292618,0.23080021,0.9170502,0.3049556,-1.0,0
1763545041815,1009.79535,0.101694964,4.4404807,9.683753,0.49350238,0.30054548,1.0410663,66.3375,-38.362503,29.5125,46.950733,0.3361091,49.741684,0.24524097,0.088541985,0.45201555,0.85305285,0.11347856,0.23474547,0.91953975,0.2940474,-1.0,0
1763545041841,1009.7768,1.3806586,4.5188456,5.9270215,0.16394083,0.25213444,0.8342886,63.975002,-38.362503,30.375002,46.950733,0.3361091,49.741684,0.25174809,0.089592315,0.46695998,0.842938,0.11745629,0.24001646,0.9230884,0.2765936,-1.0,0
1763545041866,1009.7587,-0.1698904,4.275376,9.272188,-0.3192532,1.1317797,0.66355187,62.175003,-40.143753,29.118752,46.950733,0.3361091,49.741684,0.2460347,0.092794225,0.47498256,0.8397903,0.11121538,0.238275,0.9265328,0.26905975,-1.0,0
1763545041891,1009.75604,-0.7692925,4.331009,8.803793,0.061620984,0.9494366,0.716239,62.943752,-39.206253,29.306252,46.950733,0.3361091,49.741684,0.23866235,0.09891456,0.48331133,0.8364606,0.101645544,0.2375121,0.9301871,0.26078367,-1.0,0
1763545041916,1009.75604,-0.39720857,4.4279184,7.1898336,0.3890445,0.52748173,0.77747816,62.906254,-40.706253,31.087502,46.950733,0.3361091,49.741684,0.2362808,0.109909266,0.49814183,0.82701033,0.09206434,0.24378847,0.9343906,0.24291056,-1.0,0
1763545041941,1009.72723,0.52163535,4.5134616,6.309873,0.08132137,0.59482956,0.6330086,64.2375,-39.206253,31.1625,46.950733,0.3361091,49.741684,0.23877923,0.11248542,0.5041574,0.8222875,0.09207079,0.24736908,0.93536824,0.23540989,-1.0,0
1763545041966,1009.7216,-0.0317049,4.4446683,7.710273,-0.06207913,1.0320561,0.6479748,62.7,-39.61875,30.281252,46.950733,0.3361091,49.741684,0.23742619,0.11620219,0.5104338,0.8182806,0.08858613,0.24905147,0.9369795,0.22846293,-1.0,0
1763545041992,1009.7216,-0.09451649,4.343571,8.711071,0.16485713,1.0080796,0.7637337,61.781254,-40.4625,31.650002,46.950733,0.3361091,49.741684,0.229593,0.12968425,0.525975,0.808591,0.07355944,0.2532192,0.94132304,0.21066558,-1.0,0
1763545042016,1009.71356,0.22851457,4.5296135,7.908279,0.6112466,0.5557342,0.82390386,61.85625,-40.818752,31.2,46.950733,0.3361091,49.741684,0.23239388,0.13526903,0.53285336,0.80234826,0.07162521,0.25918037,0.94190544,0.2012699,-1.0,0
1763545042041,1009.71356,0.6454639,5.2372904,5.663811,0.4331795,0.32772896,0.6780599,59.193752,-42.975002,32.850002,46.950733,0.3361091,49.741684,0.23830438,0.13900068,0.5383409,0.7962907,0.07329149,0.26596716,0.94156003,0.19327308,-1.0,0
1763545042066,1009.706,-0.017347964,5.4023952,7.030711,0.064522594,0.74357516,0.67103493,58.95,-41.15625,34.7625,46.950733,0.3361091,49.741684,0.23891796,0.1468718,0.55039555,0.7863915,0.06840433,0.27198154,0.9431485,0.17837532,-1.0,0
1763545042091,1009.7194,-0.28594232,5.6075797,8.776276,0.0040469794,0.8338304,0.7547234,58.968754,-41.1375,33.693752,46.950733,0.3361091,49.741684,0.23557365,0.15162617,0.5579761,0.7811384,0.06267042,0.27305284,0.944917,0.16925257,-1.0,0
1763545042116,1009.7194,0.60598236,6.1274204,8.19123,0.3748419,0.16829325,0.69256794,59.5875,-41.193752,31.612501,46.950733,0.3361091,49.741684,0.23551422,0.15515168,0.564747,0.7755784,0.060146883,0.2755383,0.9458895,0.16048092,-1.0,0
1763545042141,1009.73114,0.6233303,6.0155563,7.832905,0.085292,0.11056653,0.5685624,60.112503,-40.74375,30.91875,46.950733,0.3361091,49.741684,0.2384946,0.15689166,0.5697364,0.7706528,0.06109963,0.2788575,0.94599944,0.15359151,-1.0,0
1763545042166,1009.7548,-0.044865426,5.67757,8.980264,-0.34658942,0.47845984,0.5016727,58.612503,-41.550003,32.662502,46.950733,0.3361091,49.741684,0.23522718,0.15742332,0.57939017,0.76432526,0.05850368,0.27693185,0.94843024,0.14271006,-1.0,0
1763545042191,1009.7548,-1.0725827,5.6033926,10.689935,-0.5300016,0.7018836,0.5826123,58.687504,-42.65625,32.71875,46.950733,0.3361091,49.741684,0.22801366,0.15842311,0.5860349,0.7612325,0.052549854,0.27262908,0.95107377,0.13553816,-1.0,0
1763545042216,1009.77875,0.52163535,5.7834525,11.979069,-0.21937682,-0.17699806,0.64476776,57.487503,-42.15,31.743752,46.950733,0.3361091,49.741684,0.22387372,0.15727717,0.59239465,0.75776845,0.050243292,0.26894453,0.9532749,0.12810725,-1.0,0
1763545042241,1009.77875,0.357727,5.4646087,11.89173,-0.1372155,-0.03527744,0.54641855,56.98125,-41.8125,30.843752,46.950733,0.3361091,49.741684,0.22371612,0.15077123,0.60125947,0.75213444,0.054621115,0.264192,0.9557041,0.11768117,-1.0,0
1763545042266,1009.8012,-0.4660022,5.0590253,10.788639,-0.06940951,0.35964665,0.5326741,57.075,-41.4375,30.0375,46.950733,0.3361091,49.741684,0.22152302,0.15172552,0.6060336,0.7487524,0.05233199,0.2633523,0.9567775,0.111730516,-1.0,0
1763545042291,1009.799,-0.974477,4.855635,9.676575,-0.14118612,0.54580766,0.5522218,56.2125,-41.268753,30.900002,46.950733,0.3361091,49.741684,0.2177646,0.15374088,0.611372,0.745095,0.04814299,0.262183,0.9580751,0.10504493,-1.0,0
1763545042317,1009.799,-0.77766734,4.0887356,9.246465,-0.10453424,0.5575668,0.61071205,55.575,-42.206253,31.0125,46.950733,0.3361091,49.741684,0.21335287,0.1558286,0.6170564,0.7412418,0.043411866,0.2606097,0.9594879,0.097882316,-1.0,0
1763545042342,1009.7878,-0.52283174,4.0241294,8.757133,-0.023441937,0.4253146,0.57574004,55.406254,-43.0875,30.000002,46.950733,0.3361091,49.741684,0.207602,0.15971057,0.6276973,0.73306894,0.03641229,0.25938424,0.96142924,0.08395075,-1.0,0
1763545042367,1009.77313,-1.0426725,3.9744785,7.750951,0.032299474,0.6430879,0.6539307,54.525,-43.068752,31.331251,46.950733,0.3361091,49.741684,0.20522931,0.1622432,0.6327419,0.72883177,0.032857895,0.25954244,0.96209055,0.077070534,-1.0,0
1763545042392,1009.77313,-0.6221339,3.9930227,7.5589266,0.13614649,0.58215415,0.7373138,54.54375,-41.568752,30.16875,46.950733,0.3361091,49.741684,0.20224935,0.16579883,0.63851506,0.72381246,0.028145887,0.26000357,0.96272117,0.069093786,-1.0,0
1763545042417,1009.75507,0.35413775,3.958925,7.012167,0.32047492,0.36819875,0.72463834,53.756252,-43.275,30.956251,46.950733,0.3361091,49.741684,0.2015317,0.17252567,0.64972967,0.71237016,0.02282439,0.26430887,0.96272546,0.052721087,-1.0,0
1763545042442,1009.75507,1.1629118,4.091727,5.68415,0.28687736,0.22357652,0.4225657,55.29375,-41.475002,29.775002,46.950733,0.3361091,49.741684,0.20449339,0.17474845,0.6534339,0.7075801,0.023460537,0.267963,0.961996,0.047001112,-1.0,0
1763545042467,1009.7316,0.70947194,4.368098,5.9545393,0.11995857,0.55955213,0.2930624,52.912502,-42.99375,31.800001,46.950733,0.3361091,49.741684,0.20598559,0.17714515,0.65629935,0.70388967,0.022974623,0.27070764,0.9614344,0.042817533,-1.0,0
1763545042492,1009.7177,0.010169496,4.706084,6.3278193,0.08972076,0.5867356,0.22647811,53.41875,-43.425003,31.462502,46.950733,0.3361091,49.741684,0.20142035,0.18520193,0.6617141,0.6980434,0.014221434,0.27325383,0.9611862,0.035372768,-1.0,0
1763545042517,1009.7177,-0.4001996,5.076373,6.6945195,0.12072215,0.3103193,0.20341797,54.99375,-42.037502,32.925003,46.950733,0.3361091,49.741684,0.20068896,0.18783939,0.663421,0.695926,0.011862299,0.27462515,0.960922,0.032698352,-1.0,0
1763545042542,1009.7143,-0.41515473,5.532206,7.103692,0.100563616,0.12171481,0.20143266,52.500004,-43.537502,32.9625,46.950733,0.3361091,49.741684,0.20101927,0.1891373,0.66476226,0.694197,0.011179841,0.27578375,0.96067095,0.030490067,-1.0,0
1763545042568,1009.7431,-0.43609193,6.0861444,9.611969,0.11522437,0.13927718,0.27931792,54.112503,-42.975002,30.13125,46.950733,0.3361091,49.741684,0.20164303,0.19077635,0.6680601,0.6903913,0.010431246,0.27739272,0.9603667,0.025301578,-1.0,0
1763545042593,1009.7431,0.09930214,6.259624,9.382257,0.3013854,0.113926284,0.3327686,52.66875,-44.1375,32.98125,46.950733,0.3361091,49.741684,0.20347185,0.19287813,0.66992694,0.68745553,0.0102733495,0.28017357,0.95964396,0.02192432,-1.0,0
1763545042618,1009.74335,0.86201435,6.699305,9.149555,0.10270164,-0.13775001,0.13164136,53.86875,-44.1375,30.993752,46.950733,0.3361091,49.741684,0.2069525,0.19333164,0.670902,0.685335,0.012509957,0.282931,0.958851,0.019959927,-1.0,0
1763545042643,1009.74335,0.30927232,7.111469,9.972687,-0.06956223,0.033597562,0.0632245,54.73125,-43.425003,32.25,46.950733,0.3361091,49.741684,0.20903061,0.1927834,0.67131394,0.6844548,0.014492024,0.28398806,0.9585214,0.019427877,-1.0,0
1763545042668,1009.7602,-0.026919255,6.943373,10.336395,-0.12102758,0.12202024,0.04016436,53.5125,-44.41875,31.66875,46.950733,0.3361091,49.741684,0.20718458,0.19249095,0.6726264,0.6838096,0.01346982,0.28248322,0.9590019,0.018361825,-1.0,0
1763545042693,1009.7829,0.29312077,6.3481584,10.425529,-0.14882194,-0.004581486,0.06627883,51.975002,-43.85625,33.80625,46.950733,0.3361091,49.741684,0.20631981,0.19139871,0.67332065,0.6836943,0.013622038,0.28109747,0.95941716,0.01781588,-1.0,0
1763545042718,1009.7829,1.8065811,5.293522,11.76192,-0.07979421,0.033902995,0.03054324,52.331253,-44.41875,31.95,46.950733,0.3361091,49.741684,0.20617813,0.18886602,0.6738222,0.68394727,0.015369638,0.27918375,0.9599476,0.017913142,-1.0,0
1763545042743,1009.7951,1.7156538,4.9782677,10.752747,0.15737404,0.1452331,-0.043065965,52.875004,-43.987503,31.087502,46.950733,0.3361091,49.741684,0.2054155,0.18949595,0.67426866,0.68356234,0.014721616,0.27908334,0.959976,0.01848701,-1.0,0
1763545042769,1009.778,1.3214363,4.837091,8.7266245,0.268246,0.00320704,-0.13668099,53.343754,-45.300003,30.337502,46.950733,0.3361091,49.741684,0.20694472,0.19112247,0.6729986,0.6838998,0.014844478,0.28130686,0.9592909,0.020174704,-1.0,0
1763545042794,1009.778,0.762114,3.8614175,7.7072816,-0.085292,-0.13607013,-0.2696968,52.237503,-43.443752,32.5125,46.950733,0.3361091,49.741684,0.20816475,0.19130158,0.6711295,0.6853147,0.015689746,0.28228125,0.9589319,0.022820046,-1.0,0
1763545042819,1009.76483,0.47198427,3.62393,7.943573,-0.17905974,-0.021227552,-0.24434592,53.49375,-45.16875,32.325,46.950733,0.3361091,49.741684,0.2080074,0.1901576,0.6692919,0.6874746,0.016471291,0.2813462,0.95911324,0.02597757,-1.0,0
1763545042844,1009.76483,0.11066805,3.859623,7.6540413,-0.1512654,0.1178969,-0.1876882,53.98125,-44.25,31.7625,46.950733,0.3361091,49.741684,0.2041208,0.18903957,0.66735446,0.6908232,0.014587327,0.2778282,0.9600467,0.030149916,-1.0,0
1763545042869,1009.7497,0.09930214,4.4811587,6.7573314,-0.083612114,0.089797124,-0.14813471,54.131252,-44.34375,30.525002,46.950733,0.3361091,49.741684,0.20224722,0.18963856,0.66686684,0.69168055,0.012841904,0.27695087,0.9602929,0.03115847,-1.0,0
1763545042894,1009.7336,-0.10049855,4.6761737,7.015756,-0.026038112,0.06062833,-0.15057817,52.800003,-44.98125,31.612501,46.950733,0.3361091,49.741684,0.20087723,0.18999271,0.66620344,0.6926212,0.011663446,0.27624783,0.9604669,0.0324715,-1.0,0
1763545042920,1009.7336,-0.12203395,4.915456,6.698707,0.093996815,0.050854493,-0.13500112,53.4,-43.443752,32.550003,46.950733,0.3361091,49.741684,0.20016035,0.19184932,0.66434574,0.6940997,0.009912931,0.2770777,0.96015775,0.035025768,-1.0,0
1763545042946,1009.72675,0.5288138,5.1493545,6.189036,0.09155336,0.14401138,-0.17776164,55.125004,-44.49375,30.112501,46.950733,0.3361091,49.741684,0.2004454,0.19345662,0.66332066,0.6945516,0.00903827,0.27842796,0.95973194,0.036204506,-1.0,0
1763545042971,1009.7233,0.3188436,5.0644093,6.6394844,0.06101012,0.11102467,-0.23869541,54.881252,-44.775,32.475002,46.950733,0.3361091,49.741684,0.20005241,0.19544856,0.66220796,0.69516873,0.007463266,0.27958077,0.9593508,0.037746914,-1.0,0
1763545042996,1009.7233,-0.2321038,5.0303116,7.14437,0.07918335,0.08261946,-0.21930045,54.412502,-44.943752,32.0625,46.950733,0.3361091,49.741684,0.19925673,0.19863018,0.6592071,0.69734406,0.0048398897,0.28130725,0.95868796,0.041954417,-1.0,0
1763545043021,1009.7226,-0.43908295,5.316852,7.223932,0.11537708,0.1311832,-0.1075122,53.86875,-44.86875,31.2,46.950733,0.3361091,49.741684,0.1990243,0.20056294,0.6584817,0.6975426,0.0033381926,0.28253323,0.9583037,0.04263689,-1.0,0
1763545043046,1009.72943,-0.16570297,5.8241305,8.452646,0.22350015,-0.10766492,0.08888082,54.881252,-45.018753,30.31875,46.950733,0.3361091,49.741684,0.1997754,0.20198068,0.6582499,0.6971375,0.0028975047,0.28407395,0.9578543,0.042529467,-1.0,0
1763545043071,1009.72943,0.36550367,6.242874,8.841479,0.32719445,-0.056963142,0.12660173,54.61875,-44.79375,30.806252,46.950733,0.3361091,49.741684,0.20218268,0.20262782,0.6581664,0.69633406,0.004183924,0.28621385,0.957234,0.042037725,-1.0,0
1763545043096,1009.7358,0.60777694,6.9242306,8.5346,0.28473935,0.056963142,0.08032872,54.581253,-44.831253,33.28125,46.950733,0.3361091,49.741684,0.20698513,0.20606479,0.65836847,0.69371855,0.005415207,0.2920209,0.95553493,0.04058921,-1.0,0
1763545043121,1009.7358,0.1052842,7.0259256,9.539586,-0.061620984,0.3376555,-0.16936226,54.825,-45.05625,33.581253,46.950733,0.3361091,49.741684,0.20671842,0.20785452,0.65826267,0.69336444,0.0041029253,0.29311973,0.9551954,0.040812746,-1.0,0
1763545043147,1009.7502,-0.9487542,6.899106,9.62812,-0.13568833,0.43783733,-0.20234896,55.818752,-44.456253,33.581253,46.950733,0.3361091,49.741684,0.20407085,0.21004866,0.6579303,0.6938028,0.0007923832,0.2928562,0.95524454,0.04174358,-1.0,0
1763545043172,1009.7768,-1.5361922,6.6077795,9.320642,-0.29909468,0.2999346,-0.15638138,55.706253,-44.325,32.662502,46.950733,0.3361091,49.741684,0.19571497,0.2132337,0.657754,0.69540405,-0.0074515822,0.28933963,0.9562336,0.04294541,-1.0,0
1763545043198,1009.7768,-1.1641082,5.233701,12.233306,-0.54313517,0.020616686,-0.077579826,55.55625,-44.456253,31.462502,46.950733,0.3361091,49.741684,0.19164287,0.21034417,0.65799344,0.69718933,-0.008435567,0.28443015,0.9576564,0.043847583,-1.0,0
1763545043224,1009.79803,-1.1964114,4.773681,12.41875,-0.23922992,0.21930045,0.0004581486,54.975002,-44.4,31.35,46.950733,0.3361091,49.741684,0.18733022,0.20706868,0.65862423,0.69874465,-0.009314916,0.27907574,0.95919985,0.044335805,-1.0,0
1763545043249,1009.809,-1.2795619,4.883751,10.432707,0.051541716,0.16814053,0.06062833,54.093754,-42.99375,31.518751,46.950733,0.3361091,49.741684,0.18272866,0.20780766,0.6602391,0.69821954,-0.013218704,0.27640378,0.9600082,0.042548914,-1.0,0
1763545043275,1009.809,-1.4123635,4.8299127,8.606983,0.084375694,0.00320704,0.067958705,55.800003,-45.43125,31.331251,46.950733,0.3361091,49.741684,0.18311659,0.20825006,0.6605246,0.6977159,-0.013297798,0.27698907,0.9598707,0.04181464,-1.0,0
1763545043300,1009.79315,-1.6265212,4.2837505,7.225726,-0.28748822,-0.05894845,0.11255184,56.193752,-44.8875,32.025,46.950733,0.3361091,49.741684,0.18271084,0.20776114,0.66103095,0.6974884,-0.013306394,0.27635285,0.9600848,0.04110033,-1.0,0
1763545043325,1009.79315,-1.0235299,3.6837504,8.242078,-0.3995819,-0.08933897,0.23243405,56.60625,-45.09375,30.91875,46.950733,0.3361091,49.741684,0.1811875,0.20554802,0.6621927,0.69743955,-0.012942074,0.27369946,0.96089715,0.03997184,-1.0,0
1763545043350,1009.78705,-0.2865405,3.3918262,9.114262,-0.21616977,-0.019394957,0.28985533,55.66875,-44.7,30.993752,46.950733,0.3361091,49.741684,0.17817783,0.199813,0.6667537,0.6955336,-0.011213176,0.26748243,0.9628592,0.035064746,-1.0,0
1763545043375,1009.7768,-0.23748764,4.0911283,6.0029936,0.21051927,0.02367101,0.3497201,54.54375,-43.050003,29.625002,46.950733,0.3361091,49.741684,0.17912975,0.19995801,0.6687595,0.6933181,-0.010600684,0.26825047,0.962753,0.032186244,-1.0,0
1763545043400,1009.7768,0.293719,4.442275,5.8354964,0.09659299,-0.04734202,0.3121519,55.031254,-44.1375,31.650002,46.950733,0.3361091,49.741684,0.18272752,0.20069195,0.67252696,0.6885063,-0.008453461,0.27128425,0.9621007,0.026376134,-1.0,0
1763545043426,1009.76044,0.22432712,4.347759,6.588039,0.05933024,-0.041538805,0.21700971,54.693752,-44.41875,31.087502,46.950733,0.3361091,49.741684,0.18399772,0.20040545,0.67378736,0.68701756,-0.0072581805,0.27196476,0.9619621,0.024726188,-1.0,0
1763545043451,1009.74286,-0.3924229,4.868796,6.7226353,0.21937682,0.026725333,0.16890411,54.375004,-45.206253,31.312502,46.950733,0.3361091,49.741684,0.1851608,0.20115116,0.67473745,0.6855531,-0.006892308,0.27331084,0.9616216,0.023186287,-1.0,0
1763545043476,1009.74286,-0.5491528,5.180461,6.797411,0.24258968,-0.050396346,0.13164136,53.7,-45.6375,31.875002,46.950733,0.3361091,49.741684,0.18906961,0.20372197,0.67570627,0.6827672,-0.00583491,0.27787754,0.96037704,0.020640213,-1.0,0
1763545043501,1009.7338,-0.55513483,5.250451,7.2526455,0.24549128,-0.09560034,0.13041963,53.737503,-45.393753,32.325,46.950733,0.3361091,49.741684,0.19159922,0.20464453,0.6758515,0.6816415,-0.004669106,0.28029957,0.95969915,0.019695597,-1.0,0
1763545043527,1009.73846,0.1274178,5.642276,8.567501,0.23480114,-0.1875355,0.11835505,53.362503,-45.693752,33.768753,46.950733,0.3361091,49.741684,0.19446419,0.20523462,0.67590564,0.68059826,-0.003013247,0.28271627,0.959012,0.018934678,-1.0,0
1763545043552,1009.73846,0.5521438,5.8247285,8.89113,0.17905974,-0.22266021,0.07315106,53.100002,-44.9625,32.362503,46.950733,0.3361091,49.741684,0.19750017,0.20532003,0.67586046,0.6797426,-0.00085807696,0.28488928,0.95838225,0.018462753,-1.0,0
1763545043578,1009.7475,0.863809,6.0753765,9.452846,0.042073313,-0.14034618,-0.03924806,53.60625,-45.28125,32.79375,46.950733,0.3361091,49.741684,0.20160334,0.20408565,0.6750145,0.67975044,0.0031309675,0.28685373,0.9577674,0.019664627,-1.0,0
1763545043603,1009.7475,-0.39421752,6.8763742,10.740783,-0.10728313,0.010231985,-0.11636974,52.256252,-46.18125,32.5125,46.950733,0.3361091,49.741684,0.20037058,0.20446244,0.6745438,0.68046856,0.0020626094,0.28626734,0.9579223,0.020775555,-1.0,0
1763545043628,1009.77484,-0.029910283,6.7130637,11.523834,-0.055817768,-0.16661337,-0.13622284,53.30625,-45.318752,32.5125,46.950733,0.3361091,49.741684,0.19931781,0.20411147,0.67399305,0.68142813,0.0015527384,0.2852835,0.9581926,0.021860018,-1.0,0
1763545043653,1009.80316,0.27517462,6.1842504,11.274981,-0.026038112,-0.12873976,-0.14446951,54.45,-45.3375,34.40625,46.950733,0.3361091,49.741684,0.1999595,0.20194516,0.6717986,0.6840475,0.0035897351,0.2841703,0.9584278,0.025506085,-1.0,0
1763545043678,1009.80316,0.44865423,5.61416,10.989038,-0.1098793,-0.030390523,-0.1517999,54.24375,-44.475002,31.44375,46.950733,0.3361091,49.741684,0.19903842,0.20106047,0.67102677,0.6853331,0.0036185833,0.28289312,0.95875806,0.027227996,-1.0,0
1763545043703,1009.81805,0.58564335,4.666004,10.731212,-0.19585852,0.10308343,-0.14782928,53.7,-45.6375,31.875002,46.950733,0.3361091,49.741684,0.19690046,0.20026326,0.67067456,0.68652785,0.0027169832,0.2808341,0.95932573,0.028617121,-1.0,0
1763545043729,1009.81586,0.10348958,4.125226,10.329217,-0.14454588,0.07925971,-0.11285727,55.74375,-44.831253,33.0,46.950733,0.3361091,49.741684,0.19256651,0.19891238,0.67018384,0.6886259,0.00071992294,0.27685285,0.96040833,0.031109132,-1.0,0
1763545043754,1009.81586,-0.124426775,3.9308095,9.695718,-0.019776747,0.0061086477,0.011606431,54.9,-44.025,31.500002,46.950733,0.3361091,49.741684,0.19209224,0.1984536,0.6704074,0.6886731,0.00072688103,0.27619332,0.9605987,0.031093521,-1.0,0
1763545043779,1009.79877,1.1844472,4.3609195,6.8452673,0.07750347,-0.22082762,0.14691298,53.756252,-44.643753,31.650002,46.950733,0.3361091,49.741684,0.19346657,0.19804218,0.67107564,0.68775535,0.0020368588,0.2768499,0.9604398,0.030088974,-1.0,0
1763545043804,1009.77094,1.294517,4.557131,6.519245,-0.07154754,-0.2131918,0.015729768,53.831253,-44.15625,33.16875,46.950733,0.3361091,49.741684,0.1969906,0.19448881,0.67144084,0.68741256,0.0073028225,0.27672708,0.96043664,0.030500881,-1.0,0
1763545043829,1009.77094,0.8859426,4.496114,6.91765,-0.17569998,-0.09040799,-0.103236146,52.781254,-45.0,33.018753,46.950733,0.3361091,49.741684,0.19647126,0.19280356,0.67095244,0.68851197,0.008224746,0.27514815,0.9608312,0.03208192,-1.0,0
1763545043854,1009.76434,0.25184458,4.3334017,7.305886,0.10147991,0.098196514,-0.101250835,54.000004,-44.25,31.143751,46.950733,0.3361091,49.741684,0.19503537,0.19277517,0.6705124,0.68935627,0.0072940546,0.2741311,0.9610881,0.03329566,-1.0,0
1763545043880,1009.76434,0.40438703,4.487739,6.1716876,0.25694498,0.14676027,-0.08933897,53.250004,-44.325,30.91875,46.950733,0.3361091,49.741684,0.19489355,0.19416629,0.6698644,0.6896359,0.0062871594,0.2750355,0.9608068,0.034150273,-1.0,0
1763545043906,1009.7414,0.65324056,4.8412786,5.716453,0.26015204,0.11300998,-0.13454297,55.612503,-44.193752,31.125002,46.950733,0.3361091,49.741684,0.19656512,0.19963092,0.6678921,0.68951416,0.0038729154,0.2801345,0.9592784,0.035980072,-1.0,0
1763545043931,1009.71356,-0.32841492,5.1146584,6.075975,0.1259145,-0.10690133,-0.182954,54.750004,-43.18125,33.6375,46.950733,0.3361091,49.741684,0.19809972,0.20151316,0.6659981,0.69035894,0.0037454546,0.28255445,0.958486,0.038124803,-1.0,0
1763545043957,1009.71356,-0.37208393,5.311468,7.1682982,0.1164461,-0.053145237,-0.057268575,53.362503,-43.4625,34.725002,46.950733,0.3361091,49.741684,0.19948693,0.202164,0.66426873,0.69143456,0.004331391,0.28398335,0.9579758,0.040212333,-1.0,0
1763545043982,1009.7148,-0.22432712,5.6147585,7.726424,0.24121523,0.03329213,0.056199558,54.61875,-42.45,33.131252,46.950733,0.3361091,49.741684,0.20211373,0.20459533,0.6634433,0.6907487,0.0045752134,0.2875557,0.95690143,0.04037818,-1.0,0
1763545044007,1009.7148,0.12502499,6.0305114,7.4919276,0.36858055,-0.0025961753,0.06398808,54.018753,-44.643753,33.787502,46.950733,0.3361091,49.741684,0.20483527,0.20688665,0.66311216,0.6895815,0.0050090277,0.2910919,0.95584816,0.03993353,-1.0,0
1763545044032,1009.7277,-0.42831525,6.407979,7.690532,0.2325104,0.07422007,0.092851445,54.99375,-43.425003,34.0875,46.950733,0.3361091,49.741684,0.20761074,0.20891653,0.66257435,0.68865585,0.0056691915,0.29447615,0.9548119,0.039823458,-1.0,0
1763545044058,1009.7375,-0.35593235,6.599405,8.216354,0.13950625,0.07437278,0.16111559,54.80625,-44.30625,34.4625,46.950733,0.3361091,49.741684,0.2090106,0.21091741,0.66280854,0.687396,0.0053147944,0.29688942,0.9541083,0.038804553,-1.0,0
1763545044083,1009.7375,0.4833502,6.6849484,8.868399,0.021914775,-0.03008509,0.15851942,53.006252,-43.7625,35.081253,46.950733,0.3361091,49.741684,0.21065585,0.21189669,0.66459703,0.68486106,0.005886997,0.29873303,0.9536421,0.03592716,-1.0,0
1763545044108,1009.7541,-0.5802595,6.5754766,9.982856,-0.223042,0.13332124,-0.07299834,54.862503,-44.0625,34.443752,46.950733,0.3361091,49.741684,0.2100592,0.21131933,0.66482097,0.68500537,0.0059982263,0.2979006,0.9538862,0.03633678,-1.0,0
1763545044134,1009.77606,-0.90329057,6.4384875,10.90529,-0.37239844,0.12293654,0.043371398,53.437504,-42.45,33.73125,46.950733,0.3361091,49.741684,0.20424289,0.2092421,0.6663509,0.68591475,0.003242639,0.29238144,0.95561874,0.035992447,-1.0,0
1763545044161,1009.77606,-0.53599226,5.907879,12.172887,-0.41134107,0.12889247,0.100945406,54.600002,-44.0625,31.987501,46.950733,0.3361091,49.741684,0.20059821,0.20712116,0.66813433,0.68589914,0.0020397976,0.2883308,0.95690167,0.034646183,-1.0,0
1763545044187,1009.8095,-1.338186,4.8705907,11.72543,0.05215258,0.07895427,0.21868959,54.075,-42.99375,32.60625,46.950733,0.3361091,49.741684,0.19704975,0.20649678,0.66998184,0.68531364,-0.0001162018,0.28542864,0.95783585,0.03287697,-1.0,0
1763545044211,1009.82513,-0.22731815,4.8179483,9.919446,0.18303037,-0.21487169,0.29626942,54.2625,-42.112503,31.9125,46.950733,0.3361091,49.741684,0.1966825,0.20667505,0.6715451,0.68383384,-0.0005987383,0.2853037,0.95795435,0.030412087,-1.0,0
1763545044236,1009.82513,0.72323066,4.7653065,9.015557,0.08239039,-0.25793764,0.20265439,51.975002,-42.46875,32.943752,46.950733,0.3361091,49.741684,0.20192923,0.20387177,0.67352384,0.68119496,0.00514536,0.28690177,0.95756036,0.027184509,-1.0,0
1763545044261,1009.821,-0.5066802,4.7742796,7.373483,-0.15829034,0.12125666,0.018936807,53.081253,-42.112503,32.8125,46.950733,0.3361091,49.741684,0.20201969,0.20293103,0.6739509,0.6810266,0.0059578167,0.28628212,0.9577437,0.027092632,-1.0,0
1763545044286,1009.8027,-0.74596244,4.5391846,7.103094,-0.2955822,0.17776164,0.075289086,53.662502,-40.800003,31.29375,46.950733,0.3361091,49.741684,0.20015772,0.20263083,0.6746299,0.68099344,0.0048278705,0.28477898,0.95821106,0.026631193,-1.0,0
1763545044311,1009.8027,-0.6628119,4.158128,7.37109,-0.26687154,0.24938555,0.16951497,52.0125,-42.45,31.25625,46.950733,0.3361091,49.741684,0.19390708,0.20149156,0.67809284,0.6796994,0.0010314177,0.27963856,0.9598271,0.02308944,-1.0,0
1763545044336,1009.77924,-0.3260221,3.9415772,6.8506513,-0.03886627,0.12843432,0.25641048,51.956253,-41.9625,31.687502,46.950733,0.3361091,49.741684,0.19314788,0.20159705,0.6800905,0.67788607,0.00039903706,0.27919045,0.96001977,0.020362038,-1.0,0
1763545044361,1009.77924,0.7423732,3.9655054,4.9776692,0.07704532,-0.36544985,0.20097451,54.975002,-42.28125,31.3875,46.950733,0.3361091,49.741684,0.19618644,0.20050685,0.6811166,0.67630476,0.0033816413,0.28050074,0.9596672,0.018620826,-1.0,0
1763545044386,1009.7502,0.47318068,4.0348973,5.4813585,-0.17371467,-0.028252495,0.11988221,52.10625,-42.581253,32.175003,46.950733,0.3361091,49.741684,0.1991734,0.19667566,0.6826427,0.67501676,0.008358142,0.2797883,0.9598709,0.01721957,-1.0,0
1763545044411,1009.7353,0.17706887,4.104887,6.788438,-0.23938264,0.24434592,0.103236146,51.99375,-42.46875,32.325,46.950733,0.3361091,49.741684,0.19625714,0.19646963,0.68424314,0.67431015,0.0064398274,0.2776251,0.9605384,0.015775125,-1.0,0
1763545044437,1009.7353,-0.5808577,4.8341,7.274779,0.16073379,-0.171653,0.088269964,51.112503,-41.68125,32.381252,46.950733,0.3361091,49.741684,0.19557567,0.19635108,0.68500996,0.6737639,0.006062126,0.2770683,0.9607145,0.01496729,-1.0,0
1763545044463,1009.73676,-0.73340017,5.430511,7.342376,0.15661046,-0.16340633,0.14401138,52.968754,-41.8875,33.75,46.950733,0.3361091,49.741684,0.1978128,0.19616349,0.6849441,0.67323214,0.007793829,0.27847672,0.96030086,0.014569502,-1.0,0
1763545044487,1009.7375,-0.3702893,5.6668024,8.357532,0.12560907,-0.07513637,0.23182319,51.206253,-43.537502,31.556252,46.950733,0.3361091,49.741684,0.20183864,0.19620036,0.68626183,0.6706797,0.010593767,0.2812849,0.9594968,0.011511864,-1.0,0
1763545044512,1009.7375,1.1976078,6.026922,9.693324,0.24625486,-0.31826055,0.12247839,49.875004,-41.943752,34.068752,46.950733,0.3361091,49.741684,0.20460266,0.19605722,0.68712276,0.66900045,0.012686215,0.2830896,0.9589607,0.009681714,-1.0,0
1763545044538,1009.757,1.1012967,6.337391,9.76152,0.15111268,-0.2629773,0.020616686,51.956253,-42.7125,31.575,46.950733,0.3361091,49.741684,0.20862386,0.19521646,0.6868639,0.6682698,0.016276328,0.2852516,0.95826566,0.009669055,-1.0,0
1763545044563,1009.757,0.65682983,7.049854,9.8727865,0.0080176005,0.029016078,-0.02565632,51.318752,-42.9,31.500002,46.950733,0.3361091,49.741684,0.21143427,0.19452335,0.68612844,0.6683442,0.018977424,0.28667688,0.9577778,0.010861167,-1.0,0
1763545044589,1009.77606,0.14476576,7.4865437,10.245468,-0.0457385,-0.116675176,-0.037415467,51.3375,-42.2625,30.225,46.950733,0.3361091,49.741684,0.21072927,0.19478765,0.6860125,0.66860884,0.018311506,0.2863804,0.95787525,0.011222656,-1.0,0
1763545044614,1009.7902,1.11685,7.068398,10.347761,-0.17631085,-0.3178024,-0.033597562,51.375004,-41.268753,30.6375,46.950733,0.3361091,49.741684,0.21119636,0.19398215,0.68556637,0.6691531,0.019196413,0.28611967,0.9579277,0.011895134,-1.0,0
1763545044639,1009.7902,1.7425731,6.150152,11.434701,-0.3165043,-0.3327686,-0.1357647,50.250004,-42.393753,32.04375,46.950733,0.3361091,49.741684,0.21221457,0.19090956,0.6850005,0.6702931,0.02209494,0.2845932,0.9583021,0.013253643,-1.0,0
1763545044665,1009.8061,0.06460621,4.8496532,11.024332,-0.1589012,0.32131487,-0.19074252,49.0125,-42.881252,29.8875,46.950733,0.3361091,49.741684,0.20986944,0.18476604,0.68332124,0.67445415,0.024871912,0.27850503,0.9599391,0.0182528,-1.0,0
1763545044690,1009.8171,-0.3822534,4.6097727,10.426724,0.008781182,0.10506874,-0.06520981,51.000004,-42.318752,31.968752,46.950733,0.3361091,49.741684,0.20608924,0.18582149,0.68311805,0.6755349,0.021460284,0.276662,0.96053237,0.01936997,-1.0,0
1763545044715,1009.8171,0.14536397,4.1718864,9.341579,0.2587776,-0.36453354,0.05421425,51.525,-42.0,30.0375,46.950733,0.3361091,49.741684,0.20875481,0.18555133,0.68215823,0.6757605,0.02350569,0.27830803,0.9599971,0.019941377,-1.0,0
1763545044740,1009.8078,0.8153543,3.9637108,7.440482,0.3041343,-0.4156935,0.09880738,53.062504,-40.85625,31.35,46.950733,0.3361091,49.741684,0.21348655,0.18442003,0.6814781,0.67527795,0.027747635,0.28074425,0.9591693,0.020171566,-1.0,0
1763545044765,1009.7836,1.0767702,4.2574296,6.2979093,-0.09552398,0.0018325944,0.07910699,50.812504,-41.943752,29.493752,46.950733,0.3361091,49.741684,0.21529663,0.18381064,0.6816348,0.67471105,0.029550415,0.28154176,0.9588875,0.019893797,-1.0,0
1763545044790,1009.7836,1.4482559,4.403392,6.5611196,-0.11843141,-0.050854493,0.016798781,50.156254,-41.5125,30.300001,46.950733,0.3361091,49.741684,0.21493125,0.18295538,0.68234205,0.674345,0.029961098,0.28066072,0.9591424,0.019437598,-1.0,0
1763545044816,1009.7507,1.3220345,4.5266223,6.187241,-0.076434456,0.03176497,-0.07315106,52.18125,-41.568752,31.181252,46.950733,0.3361091,49.741684,0.21410808,0.18140095,0.6823442,0.67502433,0.030669615,0.27894077,0.95959437,0.020739269,-1.0,0
1763545044841,1009.7507,0.89431745,4.6289153,5.8468623,-0.06253728,0.21700971,-0.11362085,51.206253,-42.037502,31.462502,46.950733,0.3361091,49.741684,0.21231383,0.18261598,0.68216157,0.6754479,0.028624408,0.27857926,0.95974594,0.021492608,-1.0,0
1763545044867,1009.7214,1.7180467,5.13739,5.834898,-0.058108512,0.11606431,-0.22403465,52.65,-41.625,29.437502,46.950733,0.3361091,49.741684,0.21014689,0.18453766,0.6821119,0.6756534,0.025825243,0.27847606,0.9598437,0.02200551,-1.0,0
1763545044892,1009.70624,1.0887343,5.0398827,6.47438,0.03199404,-0.13988803,-0.37186393,50.831253,-42.45,31.518751,46.950733,0.3361091,49.741684,0.20989372,0.18535213,0.67821556,0.679421,0.025392683,0.27886558,0.95957154,0.028490502,-1.0,0
1763545044917,1009.70624,0.6843473,5.209773,5.9904313,0.055054188,-0.025809037,-0.2819141,53.006252,-41.23125,30.300001,46.950733,0.3361091,49.741684,0.21080096,0.18626542,0.67549205,0.68160003,0.025498934,0.2801458,0.9590785,0.03219612,-1.0,0
1763545044942,1009.70233,0.8446664,5.4185467,6.855437,-0.010461059,0.0386372,-0.27320927,52.443752,-41.775,30.393751,46.950733,0.3361091,49.741684,0.21106689,0.18716076,0.67344064,0.6833003,0.025143921,0.28097358,0.958745,0.035065975,-1.0,0
1763545044968,1009.71625,0.58564335,5.6524453,7.7557364,0.058413945,0.029016078,-0.2583958,53.11875,-41.568752,27.675001,46.950733,0.3361091,49.741684,0.21046443,0.18908878,0.6699437,0.68638587,0.023561982,0.281948,0.95829254,0.040318787,-1.0,0
1763545044993,1009.71625,0.5024927,5.9174504,8.117651,0.1625664,-0.0594066,-0.18723005,52.443752,-41.79375,31.1625,46.950733,0.3361091,49.741684,0.21173741,0.19015618,0.6682726,0.68732786,0.023806667,0.28359365,0.9577145,0.042318683,-1.0,0
1763545045018,1009.7331,0.8925229,6.59761,8.603992,0.18318307,-0.091782436,-0.032375835,51.093754,-42.675003,30.431252,46.950733,0.3361091,49.741684,0.2136896,0.19137807,0.66709346,0.68753,0.024431137,0.285818,0.95698833,0.043410555,-1.0,0
1763545045043,1009.7331,1.5858432,6.750751,9.483355,-0.04329504,-0.08933897,-0.098196514,52.893753,-42.487503,30.225,46.950733,0.3361091,49.741684,0.21599135,0.19133854,0.66558987,0.68827856,0.026338315,0.2873482,0.9563744,0.04566523,-1.0,0
1763545045068,1009.7519,1.3812568,6.5718875,11.072786,-0.20013458,0.115911596,-0.2490801,54.35625,-42.45,30.69375,46.950733,0.3361091,49.741684,0.21369119,0.19108124,0.6646166,0.6900064,0.025007473,0.28557065,0.95682025,0.04815694,-1.0,0
1763545045094,1009.7812,-1.2669996,7.0289164,9.991231,0.067118764,0.478918,-0.24205516,53.98125,-42.881252,31.06875,46.950733,0.3361091,49.741684,0.21041474,0.19334227,0.66343117,0.6915226,0.021117829,0.28497303,0.95698553,0.0502304,-1.0,0
1763545045121,1009.7812,-1.0630114,7.0678,9.3200445,-0.19998185,0.20922118,-0.17653993,52.406254,-42.768753,29.212502,46.950733,0.3361091,49.741684,0.20406963,0.19837825,0.66213965,0.6932335,0.012903517,0.28430942,0.9572406,0.051885754,-1.0,0
1763545045146,1009.8007,-0.4552345,6.174679,11.124232,-0.496404,0.060322896,-0.23487751,54.375004,-41.0625,28.44375,46.950733,0.3361091,49.741684,0.19985151,0.1962192,0.6615846,0.6956027,0.011285796,0.2798486,0.9584624,0.053918175,-1.0,0
1763545045171,1009.83563,-1.4961123,4.8101716,12.924233,0.03413207,0.27977607,-0.12370012,56.062504,-42.15,28.800001,46.950733,0.3361091,49.741684,0.1946461,0.19536228,0.6611802,0.6977014,0.00806867,0.27565998,0.9596068,0.05568862,-1.0,0
1763545045196,1009.83563,-1.2059826,4.9118667,10.1802635,0.35758498,-0.055588696,0.054519683,54.750004,-41.925003,30.937502,46.950733,0.3361091,49.741684,0.19219944,0.1973566,0.66088825,0.6980949,0.0048409635,0.27543935,0.9596796,0.05590002,-1.0,0
1763545045221,1009.85004,-0.12801601,4.7856455,8.343773,0.30382887,-0.33796093,0.08918626,55.350002,-41.98125,29.94375,46.950733,0.3361091,49.741684,0.19865158,0.19848159,0.6598766,0.69692576,0.008626408,0.28068307,0.9581703,0.055247247,-1.0,0
1763545045246,1009.82684,-0.7429714,4.106084,6.7968125,-0.07918335,-0.017867794,0.021227552,54.468754,-43.3125,30.73125,46.950733,0.3361091,49.741684,0.20098482,0.19744386,0.659257,0.69713795,0.011083314,0.28152463,0.9578553,0.055985108,-1.0,0
1763545045271,1009.82684,-0.9798609,3.842873,6.5688963,-0.21235187,0.21303909,0.15515965,54.7125,-42.16875,30.956251,46.950733,0.3361091,49.741684,0.20051852,0.19679599,0.65951,0.6972161,0.011182704,0.28073347,0.95809406,0.05585175,-1.0,0
1763545045296,1009.80096,-0.70588267,3.7005002,6.4558353,-0.16317725,0.2695441,0.26710063,54.225002,-43.331253,28.593752,46.950733,0.3361091,49.741684,0.195345,0.19702601,0.66392773,0.6944214,0.0071525066,0.27735853,0.95941556,0.050427005,-1.0,0
1763545045321,1009.80096,-0.14356937,3.644269,5.482555,-0.03367392,0.076816246,0.2988656,56.025,-42.16875,30.656252,46.950733,0.3361091,49.741684,0.19510773,0.19681308,0.666124,0.69244236,0.007109205,0.2770413,0.9596607,0.047423188,-1.0,0
1763545045346,1009.77264,0.29790643,3.7555351,5.8283176,-0.22273657,0.066431545,0.14355323,54.24375,-42.3375,30.393751,46.950733,0.3361091,49.741684,0.19648731,0.19463745,0.6673761,0.6914609,0.009648305,0.27640173,0.95989215,0.04600054,-1.0,0
1763545045371,1009.75824,-0.5808577,3.7974095,7.3190465,-0.30520332,0.44715303,0.16661337,53.287502,-42.91875,27.581251,46.950733,0.3361091,49.741684,0.19032079,0.19400692,0.6714096,0.6894552,0.0056827376,0.2717138,0.96143997,0.042101253,-1.0,0
1763545045396,1009.75824,-0.89072824,4.095316,8.2253275,-0.005574141,0.32131487,0.260992,52.125004,-43.537502,28.368752,46.950733,0.3361091,49.741684,0.18842232,0.19560379,0.6737483,0.6872404,0.003164989,0.27157652,0.9616316,0.038741086,-1.0,0
1763545045421,1009.759,0.3068795,5.4311094,6.3684974,0.49243337,-0.36819875,0.22495095,52.912502,-43.21875,29.343752,46.950733,0.3361091,49.741684,0.19253671,0.19657974,0.67472124,0.684863,0.00545468,0.27510768,0.9607158,0.036211252,-1.0,0
1763545045446,1009.758,-0.04127619,5.8833528,6.110671,0.267177,-0.095142186,0.067195125,54.037502,-42.506252,31.650002,46.950733,0.3361091,49.741684,0.19874083,0.19702941,0.67454845,0.6831295,0.00968903,0.27968666,0.9593986,0.035153378,-1.0,0
1763545045472,1009.758,-0.7046863,5.89771,7.7001033,-0.047876526,0.15317434,0.027794348,53.2125,-41.7,29.681252,46.950733,0.3361091,49.741684,0.20046267,0.19918397,0.6747211,0.6818298,0.009519793,0.2824339,0.95862716,0.0342704,-1.0,0
1763545045497,1009.7668,0.6095716,5.4382877,10.20838,0.20395248,-0.3110829,0.09300416,53.1375,-42.7125,30.525002,46.950733,0.3361091,49.741684,0.20028171,0.1993944,0.6753034,0.68124485,0.009211468,0.2824642,0.95865417,0.033335604,-1.0,0
1763545045522,1009.7668,1.1312069,5.4999027,9.779466,0.2627482,-0.45005462,0.026725333,52.65,-43.631252,31.087502,46.950733,0.3361091,49.741684,0.20368288,0.19833627,0.67496264,0.6808829,0.012433484,0.28402358,0.95815563,0.033372846,-1.0,0
1763545045547,1009.7934,0.87936234,6.2434726,9.374481,0.099800035,-0.25992295,0.0001527162,52.987503,-44.100002,31.85625,46.950733,0.3361091,49.741684,0.21079202,0.1954496,0.67318,0.6813185,0.019789506,0.286779,0.95713127,0.03558004,-1.0,0
1763545045573,1009.8017,0.5736792,6.972087,10.033105,-0.047265664,-0.1018617,-0.008552107,53.11875,-42.73125,32.081253,46.950733,0.3361091,49.741684,0.21126428,0.1944331,0.6730207,0.68162036,0.020908294,0.28635582,0.957212,0.03617175,-1.0,0
1763545045598,1009.8017,1.2693924,6.9816585,10.555937,-0.30260715,-0.42882708,-0.06750056,51.61875,-43.5,32.8875,46.950733,0.3361091,49.741684,0.21202491,0.19240032,0.67264545,0.682331,0.022893319,0.28539154,0.9574199,0.037077617,-1.0,0
1763545045623,1009.81024,1.8897316,6.0891356,11.901301,-0.4890736,-0.2008218,-0.18524474,51.768753,-44.34375,31.5375,46.950733,0.3361091,49.741684,0.21284279,0.18776861,0.67186606,0.6841322,0.026721327,0.28256872,0.95807594,0.039133,-1.0,0
1763545045649,1009.83856,1.6390835,5.3826547,13.015161,-0.48296496,0.16019928,-0.22479823,52.912502,-42.46875,29.156252,46.950733,0.3361091,49.741684,0.20601012,0.18116283,0.6710263,0.68881315,0.026525244,0.27305046,0.96062416,0.04405743,-1.0,0
1763545045675,1009.83856,1.2370893,4.912465,13.15873,-0.20838125,0.22189663,-0.17653993,53.081253,-42.3375,30.056252,46.950733,0.3361091,49.741684,0.20261332,0.18102172,0.67082536,0.6900524,0.024238555,0.2706169,0.96130854,0.045440752,-1.0,0
1763545045699,1009.862,0.74476606,4.4727836,8.933005,0.5264891,-0.14446951,-0.04214967,53.062504,-43.0875,30.243752,46.950733,0.3361091,49.741684,0.20335378,0.18218732,0.6699955,0.69033396,0.024052612,0.27196774,0.96088314,0.046460304,-1.0,0
1763545045725,1009.8354,0.6041877,4.6642094,5.9174504,0.4718167,-0.20784675,-0.007177661,52.518753,-43.537502,31.875002,46.950733,0.3361091,49.741684,0.21203086,0.18588999,0.66732204,0.68932515,0.027966352,0.28058878,0.95822346,0.04791283,-1.0,0
1763545045751,1009.8354,1.683949,4.7694936,5.5202417,-0.07399099,-0.109650224,-0.113162704,51.525,-44.11875,31.237501,46.950733,0.3361091,49.741684,0.21466568,0.18551743,0.666546,0.68936086,0.030227125,0.28210706,0.9576669,0.04874535,-1.0,0
1763545045778,1009.79144,1.3980067,4.697709,5.861219,-0.12835796,-0.082924895,-0.30054548,52.725002,-42.61875,30.4125,46.950733,0.3361091,49.741684,0.21508062,0.1845313,0.66569614,0.6903167,0.03135081,0.28165337,0.95767206,0.050524767,-1.0,0
1763545045803,1009.79144,0.5886344,4.653442,5.5722857,-0.15844305,-0.014355322,-0.4196641,51.581253,-41.5125,32.775,46.950733,0.3361091,49.741684,0.2131782,0.18341945,0.66120785,0.69549733,0.030999703,0.27951148,0.9578669,0.058338378,-1.0,0
1763545045829,1009.758,-0.06759724,4.753342,6.446862,-0.10728313,0.15683953,-0.33032513,54.3375,-43.443752,28.743752,46.950733,0.3361091,49.741684,0.21012866,0.18400973,0.6591333,0.69823325,0.02840688,0.2778609,0.95820415,0.061896067,-1.0,0
1763545045853,1009.7443,0.15553348,4.8364925,6.2919273,0.15676318,-0.074067354,-0.30024004,54.525,-41.5875,31.556252,46.950733,0.3361091,49.741684,0.20788768,0.18520737,0.657366,0.7002506,0.025956947,0.27720985,0.95828384,0.06459869,-1.0,0
1763545045878,1009.7443,-0.1794617,4.9292145,5.4981084,0.30199626,-0.1962403,-0.26710063,52.725002,-43.36875,30.300001,46.950733,0.3361091,49.741684,0.21193965,0.18766761,0.65207237,0.7033236,0.027312944,0.28176507,0.9564866,0.07068138,-1.0,0
1763545045903,1009.73114,0.29910284,5.42094,5.977271,0.09796744,0.16233732,-0.062613636,53.662502,-43.537502,32.68125,46.950733,0.3361091,49.741684,0.21382374,0.18926328,0.6504724,0.7038071,0.027606497,0.2842166,0.95564437,0.07212952,-1.0,0
1763545045929,1009.72186,0.3080759,5.6213384,7.355537,0.051389,0.14752385,-0.093615025,52.93125,-44.362503,32.34375,46.950733,0.3361091,49.741684,0.2135914,0.1913492,0.6501341,0.7036262,0.0260496,0.2855822,0.9552648,0.07234178,-1.0,0
1763545045953,1009.72186,-0.08554341,5.7487564,8.273184,0.13492475,0.06429352,-0.09911281,53.718754,-43.29375,33.131252,46.950733,0.3361091,49.741684,0.21347038,0.19450743,0.6488696,0.7039642,0.023915024,0.28780344,0.9545422,0.073799424,-1.0,0
1763545045980,1009.7392,-0.2650051,5.914459,8.65783,0.22380558,0.12599087,-0.04214967,55.537502,-43.2,29.531252,46.950733,0.3361091,49.741684,0.21411903,0.19689348,0.64840853,0.7035285,0.022778187,0.28999168,0.95390475,0.073835865,-1.0,0
1763545046005,1009.7624,0.46181476,6.0544395,9.607781,0.1390481,0.077121675,0.10919208,54.43125,-43.350002,33.825,46.950733,0.3361091,49.741684,0.21445376,0.19941755,0.6487902,0.7023628,0.021296198,0.29206887,0.9533928,0.07269387,-1.0,0
1763545046030,1009.7624,0.90029955,6.1591253,10.22154,0.00481056,0.04444041,0.029016078,54.54375,-44.325,32.643753,46.950733,0.3361091,49.741684,0.21495263,0.20056695,0.64978915,0.70095813,0.020999396,0.2932418,0.9531389,0.07137621,-1.0,0
1763545046055,1009.789,-0.35653058,6.384649,10.83171,-0.12530364,0.34376416,-0.045967575,53.343754,-43.706253,32.568752,46.950733,0.3361091,49.741684,0.21180971,0.20196034,0.6505026,0.70085305,0.017814923,0.29211974,0.95357394,0.071031146,-1.0,0
1763545046080,1009.789,-0.718445,7.115058,11.216954,-0.28382304,0.26618433,0.18509203,55.275,-42.99375,31.237501,46.950733,0.3361091,49.741684,0.20653582,0.20458107,0.652709,0.6996145,0.0120768,0.29045585,0.9543694,0.06832642,-1.0,0
1763545046105,1009.8178,0.28175488,6.519245,12.488141,-0.26015204,-0.06902772,0.09300416,52.85625,-44.625,33.75,46.950733,0.3361091,49.741684,0.20188786,0.20197229,0.65603375,0.69861877,0.010380671,0.28538355,0.9561427,0.06511156,-1.0,0
1763545046130,1009.852,-0.124426775,5.6727843,12.677175,-0.111253746,0.08781181,-0.017409647,55.912502,-44.175003,30.7875,46.950733,0.3361091,49.741684,0.20031665,0.2014968,0.65641445,0.69885075,0.009606274,0.2839638,0.9565674,0.06520019,-1.0,0
1763545046156,1009.852,-0.28953153,4.8215375,9.815957,0.020845762,0.13026692,0.047494736,53.906254,-43.143753,32.175003,46.950733,0.3361091,49.741684,0.19903617,0.2026011,0.6568813,0.6984586,0.007886165,0.28390208,0.9566494,0.06449285,-1.0,0
1763545046181,1009.8554,0.07477571,4.5338006,9.016754,-0.09430225,0.18341215,-0.0073303776,56.2125,-43.3875,30.862501,46.950733,0.3361091,49.741684,0.19812804,0.20331599,0.6574641,0.6979605,0.006710312,0.2838082,0.95674264,0.0636504,-1.0,0
1763545046208,1009.8471,-0.43788654,4.488337,8.209176,-0.18073961,0.251829,-0.081397735,56.100002,-43.275,30.243752,46.950733,0.3361091,49.741684,0.19305703,0.20425224,0.65834486,0.6982779,0.0024052276,0.28104132,0.9575934,0.06344242,-1.0,0
1763545046233,1009.8471,-1.5667006,3.7597225,8.109276,-0.15248711,0.18127412,0.093615025,54.843754,-43.537502,32.100002,46.950733,0.3361091,49.741684,0.19002956,0.2039883,0.65871286,0.6988383,0.00031289225,0.2787873,0.95825666,0.06341653,-1.0,0
1763545046258,1009.8278,-1.3531412,3.5491543,7.603792,0.06620247,0.15989386,0.2941314,54.768753,-43.93125,32.737503,46.950733,0.3361091,49.741684,0.18767188,0.20409875,0.6599589,0.6982673,-0.0015881577,0.27726254,0.95880276,0.06180796,-1.0,0
1763545046283,1009.8083,-0.72023964,3.6544385,6.9529443,0.36476263,-0.029932374,0.43157595,54.843754,-42.91875,31.125002,46.950733,0.3361091,49.741684,0.190478,0.20641278,0.66419834,0.69278604,-0.0012943288,0.28086728,0.95820975,0.054276444,-1.0,0
1763545046308,1009.8083,-0.029910283,4.0755754,5.276772,0.6332377,-0.22663084,0.46242464,54.843754,-42.91875,31.125002,46.950733,0.3361091,49.741684,0.19701257,0.20810157,0.6655923,0.6891057,0.0023393827,0.2865567,0.956721,0.050642975,-1.0,0
1763545046333,1009.76874,1.2669996,4.6528435,3.8213377,0.0655916,-0.02535089,0.19501857,54.05625,-44.60625,31.612501,46.950733,0.3361091,49.741684,0.20320958,0.20902386,0.66653824,0.68610615,0.006318815,0.29145357,0.9553569,0.048043054,-1.0,0
1763545046358,1009.76874,0.44745782,4.5762734,6.012565,-0.14454588,0.19303326,-0.01282816,53.30625,-46.068752,32.4,46.950733,0.3361091,49.741684,0.20475312,0.2090376,0.6676125,0.6845969,0.007592141,0.2925114,0.9550906,0.046705626,-1.0,0
1763545046383,1009.7436,-0.93320084,4.686941,6.856633,-0.022831071,0.10262528,-0.045051277,52.4625,-45.28125,31.66875,46.950733,0.3361091,49.741684,0.20200036,0.2100554,0.6681466,0.6845822,0.005023816,0.29137975,0.95544916,0.04679244,-1.0,0
1763545046410,1009.7399,-0.77647096,5.4849477,7.498508,0.14515674,-0.1545488,0.19654575,52.312504,-44.4375,33.037502,46.950733,0.3361091,49.741684,0.20331047,0.21002866,0.6682458,0.6841055,0.005904733,0.29225388,0.9552128,0.046058174,-1.0,0
1763545046435,1009.7399,-0.35473597,5.7338014,8.178069,0.12896882,-0.100181825,0.18875721,53.100002,-44.2125,32.15625,46.950733,0.3361091,49.741684,0.20739453,0.20969452,0.66962385,0.68163013,0.009010849,0.2947933,0.9545531,0.04294233,-1.0,0
1763545046460,1009.7563,-0.6269195,5.803193,8.814561,0.17905974,-0.1432478,0.20677772,52.3875,-44.568752,35.8125,46.950733,0.3361091,49.741684,0.2098162,0.20956285,0.6703116,0.6802521,0.010848913,0.2963473,0.9541215,0.041385572,-1.0,0
1763545046485,1009.7746,1.1515459,6.3332033,9.180662,0.027412556,-0.30497423,0.16997312,52.74375,-45.2625,32.71875,46.950733,0.3361091,49.741684,0.2134665,0.20831351,0.6709414,0.6788779,0.014345353,0.29792055,0.95365006,0.039864253,-1.0,0
1763545046510,1009.7746,1.0522437,6.7184477,10.247263,-0.14256057,0.027336199,0.013744458,52.85625,-43.237503,31.81875,46.950733,0.3361091,49.741684,0.21608137,0.20604564,0.67139655,0.6782925,0.01789376,0.29803652,0.9535727,0.039411034,-1.0,0
1763545046535,1009.7963,-0.21475583,7.1246295,10.502697,-0.1702022,0.23777911,-0.063377224,53.287502,-44.0625,31.518751,46.950733,0.3361091,49.741684,0.2124015,0.20551793,0.67234284,0.6786775,0.015751217,0.29513374,0.95450205,0.039671335,-1.0,0
1763545046561,1009.7963,0.47258246,7.1282187,10.974681,-0.43547022,-0.17684536,0.040011644,53.081253,-43.068752,29.156252,46.950733,0.3361091,49.741684,0.20996416,0.2047639,0.6730407,0.6789721,0.014436504,0.29292452,0.9552195,0.039275084,-1.0,0
1763545046587,1009.8193,1.1276177,6.1531434,12.208181,-0.41836601,-0.27962336,-0.0151189035,53.1375,-44.193752,30.000002,46.950733,0.3361091,49.741684,0.20839103,0.20081297,0.6737634,0.6799193,0.015975952,0.2889592,0.95639336,0.03948538,-1.0,0
1763545046612,1009.84906,1.3274183,5.323432,12.326028,-0.29634577,-0.005497783,-0.06658426,54.35625,-43.95,30.7875,46.950733,0.3361091,49.741684,0.20522943,0.19365804,0.6742411,0.6824781,0.018719584,0.28155306,0.95845723,0.041680112,-1.0,0
1763545046637,1009.84906,0.66699934,5.047061,9.973285,0.04130973,0.20769402,0.011453714,52.74375,-46.21875,29.681252,46.950733,0.3361091,49.741684,0.20216836,0.19436644,0.67484534,0.68259317,0.01607605,0.27998555,0.9589662,0.041635096,-1.0,0
1763545046662,1009.84906,1.0887343,5.0973105,8.7015,0.19921827,-0.15103632,-0.010384701,51.037502,-44.41875,30.54375,46.950733,0.3361091,49.741684,0.20093158,0.19564463,0.6753432,0.68210065,0.014351692,0.2800792,0.9589888,0.041112237,-1.0,0
1763545046687,1009.83344,1.2975081,4.7599225,7.1300135,0.20364705,-0.2489274,-0.089797124,51.787502,-44.34375,30.150002,46.950733,0.3361091,49.741684,0.20618294,0.19533432,0.67327654,0.6826652,0.018617205,0.28340837,0.9578259,0.043618567,-1.0,0
1763545046712,1009.83344,0.48394838,4.3040895,6.145965,0.066813335,-0.011911863,-0.126449,52.3875,-44.381252,29.156252,46.950733,0.3361091,49.741684,0.20664646,0.1958205,0.672328,0.6833203,0.018729674,0.28407326,0.95755863,0.045089338,-1.0,0
1763545046737,1009.8095,0.5204389,4.258626,6.494719,-0.10270164,0.106290475,0.0820086,52.36875,-45.15,29.6625,46.950733,0.3361091,49.741684,0.20527446,0.19630021,0.6725921,0.68333626,0.017414955,0.28349265,0.95776045,0.044983257,-1.0,0
1763545046762,1009.8095,0.91346,4.390231,6.463612,-0.025121814,0.061544627,0.08170316,51.937504,-45.1875,29.1,46.950733,0.3361091,49.741684,0.20411149,0.19618161,0.67353624,0.68278855,0.01667253,0.28261414,0.9580769,0.044044595,-1.0,0
1763545046787,1009.78705,1.4081762,4.7306104,6.454041,0.074449144,0.03008509,0.019547673,53.100002,-43.6875,29.343752,46.950733,0.3361091,49.741684,0.20440274,0.19665542,0.67436546,0.6817459,0.016770374,0.28314763,0.95794654,0.043411978,-1.0,0
1763545046812,1009.76605,0.8171489,5.369494,5.2223353,0.09735657,0.04138609,-0.14294235,51.91875,-44.456253,30.300001,46.950733,0.3361091,49.741684,0.20554826,0.19796889,0.67345375,0.68192244,0.016853198,0.28488195,0.95737594,0.044604488,-1.0,0
1763545046837,1009.76605,0.75673014,5.3742795,5.877969,-0.011835505,-0.0019853106,-0.1583667,51.412502,-44.625,31.275002,46.950733,0.3361091,49.741684,0.20604964,0.19925919,0.67238075,0.682454,0.016465489,0.2861635,0.9569286,0.046119478,-1.0,0
1763545046863,1009.7487,0.39960137,5.2534423,6.829714,0.03138318,-0.06551525,-0.15225805,52.725002,-44.11875,29.8875,46.950733,0.3361091,49.741684,0.20666635,0.19973461,0.67011124,0.6843581,0.016798059,0.28691936,0.9565156,0.04972885,-1.0,0
1763545046888,1009.74554,0.25244278,5.5860443,7.1563344,0.25251624,-0.10537417,0.02932151,52.893753,-45.35625,31.1625,46.950733,0.3361091,49.741684,0.20815372,0.20049973,0.6690945,0.6846783,0.017417615,0.288487,0.9559768,0.050796542,-1.0,0
1763545046914,1009.74554,0.8285148,5.7547383,7.359126,0.31467173,-0.117744185,0.06383537,52.29375,-44.662502,31.35,46.950733,0.3361091,49.741684,0.21066631,0.20148885,0.6685523,0.6841489,0.018616667,0.2909149,0.9552159,0.050839115,-1.0,0
1763545046939,1009.7497,0.9499506,6.113662,7.370492,0.25908303,-0.10506874,0.013133593,51.6375,-45.206253,29.1375,46.950733,0.3361091,49.741684,0.21649186,0.20354696,0.6674858,0.682761,0.0217119,0.29635903,0.9534567,0.051188026,-1.0,0
1763545046964,1009.7497,0.59700924,6.201598,8.183454,0.07750347,-0.15012002,-0.07437278,52.800003,-43.725002,29.38125,46.950733,0.3361091,49.741684,0.21808913,0.203223,0.666525,0.6832876,0.023209512,0.29719314,0.95308745,0.052553672,-1.0,0
1763545046989,1009.75653,0.14476576,6.181259,10.2825575,-0.06849321,0.3602575,-0.042607818,51.487503,-44.362503,30.16875,46.950733,0.3361091,49.741684,0.21771576,0.20296618,0.66611034,0.6838871,0.023133656,0.2967495,0.9531828,0.05335763,-1.0,0
1763545047014,1009.7929,-0.62512493,6.5629144,10.236495,-0.076739885,0.4981602,-0.024129158,50.5875,-45.318752,29.250002,46.950733,0.3361091,49.741684,0.21086442,0.20762083,0.6677989,0.68298936,0.014950122,0.29554474,0.95381767,0.051591083,-1.0,0
1763545047039,1009.7929,-1.012164,6.734001,10.229317,-0.08132137,0.22250749,0.05589413,52.725002,-46.237503,30.468752,46.950733,0.3361091,49.741684,0.20881096,0.20856403,0.66874653,0.68240535,0.012726572,0.29485422,0.9541334,0.05028405,-1.0,0
1763545047065,1009.81366,0.25603202,6.492924,11.334801,-0.24152066,-0.020158539,-0.10873393,51.975002,-46.2,31.781252,46.950733,0.3361091,49.741684,0.20864794,0.20650522,0.6692137,0.6826233,0.013954888,0.29322964,0.95463246,0.04998473,-1.0,0
1763545047091,1009.851,-1.1300105,5.9294147,11.120045,-0.3398699,0.36315912,-0.18051054,52.612503,-45.375,29.643751,46.950733,0.3361091,49.741684,0.20693335,0.20481984,0.66899645,0.6838649,0.01388811,0.29082587,0.9553026,0.051229242,-1.0,0
1763545047117,1009.851,-1.5768701,5.4909296,11.263016,-0.28275403,0.22754712,-0.07284562,52.518753,-43.7625,29.1,46.950733,0.3361091,49.741684,0.19780973,0.20508613,0.6697325,0.68576187,0.0068325186,0.28485495,0.95715606,0.051606786,-1.0,0
1763545047142,1009.87177,-0.293719,4.9160542,9.789038,-0.069867656,-0.17470732,-0.002290743,52.2,-43.275,27.2625,46.950733,0.3361091,49.741684,0.19744599,0.20317328,0.66975504,0.6864138,0.0077601452,0.2832032,0.957632,0.051736206,-1.0,0
1763545047167,1009.86884,-0.07956135,4.7318068,8.677571,-0.12316561,-0.02489274,-0.018325943,51.7125,-45.5625,28.218752,46.950733,0.3361091,49.741684,0.197813,0.20138508,0.6695899,0.6869959,0.009204022,0.2821369,0.95791143,0.05215116,-1.0,0
1763545047192,1009.86884,-0.0023928226,4.402794,8.193025,-0.19158247,0.11270455,-0.025809037,52.593754,-44.006252,29.56875,46.950733,0.3361091,49.741684,0.19482394,0.19975154,0.670143,0.6877873,0.008127575,0.27891037,0.95885104,0.052417602,-1.0,0
1763545047217,1009.84784,-0.19980069,3.6951163,6.832705,0.003130682,0.113926284,-0.0067195124,50.5875,-45.318752,29.250002,46.950733,0.3361091,49.741684,0.1926657,0.19991556,0.6706479,0.6878555,0.0064470475,0.27756932,0.95926523,0.052190922,-1.0,0
1763545047243,1009.84784,-0.52163535,3.673581,5.7876396,0.12408191,-0.020005822,0.029779658,53.04375,-43.3125,28.406252,46.950733,0.3361091,49.741684,0.19182983,0.20058523,0.6708405,0.68770623,0.005389262,0.27749607,0.959304,0.05198781,-1.0,0
1763545047268,1009.8215,-0.53300124,3.8853457,5.047061,0.1004109,-0.14569125,0.097432934,52.143753,-44.04375,30.393751,46.950733,0.3361091,49.741684,0.19452529,0.2008342,0.67090046,0.6868173,0.0071669677,0.27950507,0.9587532,0.051164053,-1.0,0
1763545047293,1009.7902,-0.05623133,4.0570307,5.645267,0.012599086,-0.15974113,0.160352,51.825,-45.05625,27.862501,46.950733,0.3361091,49.741684,0.19600183,0.19969699,0.6715988,0.68604624,0.009009367,0.27966845,0.95874757,0.050075345,-1.0,0
1763545047319,1009.7902,0.2883351,4.4751763,6.3009005,0.08315397,-0.057115857,0.050396346,52.125004,-44.287502,27.937502,46.950733,0.3361091,49.741684,0.19704731,0.19930056,0.6723254,0.6851498,0.010084134,0.2800833,0.9586687,0.049050365,-1.0,0
1763545047345,1009.7624,-0.25663024,4.6031923,6.626922,0.10942116,0.0035124724,-0.037873615,51.037502,-44.643753,27.618752,46.950733,0.3361091,49.741684,0.19890812,0.20019285,0.67193246,0.68473727,0.010926289,0.2819969,0.9580869,0.049273647,-1.0,0
1763545047370,1009.7568,-1.1772687,4.982455,6.818348,0.13767365,0.09269873,-0.024587307,51.412502,-44.850002,28.66875,46.950733,0.3361091,49.741684,0.19911253,0.2019111,0.6716334,0.6844667,0.009864788,0.28340182,0.9576921,0.049111325,-1.0,0
1763545047395,1009.7568,-0.82672024,5.8821564,8.162517,0.19204062,-0.0632245,0.18035783,51.768753,-45.318752,27.88125,46.950733,0.3361091,49.741684,0.19973253,0.20334448,0.6719281,0.68357193,0.00922151,0.2848807,0.9573251,0.047818813,-1.0,0
1763545047421,1009.7646,0.22671995,6.1184473,8.704491,0.2447277,-0.20402883,0.14202607,52.55625,-44.25,28.968752,46.950733,0.3361091,49.741684,0.20486966,0.20419294,0.6725519,0.681181,0.012311794,0.28898922,0.95618266,0.045258407,-1.0,0
1763545047446,1009.7834,0.44506502,6.3361945,8.7577305,0.21006113,-0.26816964,-0.00076358096,50.04375,-45.0,29.906252,46.950733,0.3361091,49.741684,0.20812492,0.20376384,0.67160785,0.6812542,0.015056948,0.29087618,0.9555284,0.04615022,-1.0,0
1763545047471,1009.7834,-0.7543373,6.802795,9.12144,-0.049098257,0.10002911,-0.037262753,50.1375,-45.2625,30.525002,46.950733,0.3361091,49.741684,0.20920798,0.20364797,0.67073995,0.68181187,0.015962394,0.29152307,0.9552629,0.04724749,-1.0,0
1763545047496,1009.7946,-0.7148558,7.1748786,9.349357,-0.17737986,0.085215636,0.008399391,50.437504,-44.7,28.143751,46.950733,0.3361091,49.741684,0.20812382,0.20421512,0.67074823,0.68196595,0.014741738,0.29120785,0.9553796,0.047227584,-1.0,0
1763545047521,1009.7946,-0.20518455,7.1934233,9.677173,-0.30550876,-0.0962112,0.009010255,50.156254,-45.24375,29.75625,46.950733,0.3361091,49.741684,0.2050942,0.20146348,0.67164797,0.6828161,0.014288553,0.28713587,0.956632,0.046947405,-1.0,0
1763545047546,1009.8,1.4213367,5.9557357,11.134402,-0.5955168,-0.16982041,-0.13942988,50.5125,-44.2125,29.19375,46.950733,0.3361091,49.741684,0.20400065,0.19680315,0.671698,0.6844517,0.016656108,0.282967,0.9577749,0.048161853,-1.0,0
1763545047573,1009.82245,0.60777694,5.109873,11.574681,-0.58849186,0.21456626,-0.23335035,52.3875,-44.381252,28.3875,46.950733,0.3361091,49.741684,0.20103249,0.19186299,0.6716231,0.68680197,0.01792854,0.2773158,0.95929307,0.05031277,-1.0,0
1763545047598,1009.82245,-0.7513463,4.746164,11.5722885,-0.43073604,0.42577276,-0.08918626,50.568752,-44.8125,26.906252,46.950733,0.3361091,49.741684,0.18914129,0.18939695,0.6727446,0.68976015,0.010931034,0.26744372,0.96210635,0.052016474,-1.0,0
1763545047624,1009.8427,-0.30927232,4.7192445,11.584851,-0.07047852,0.017867794,0.14355323,50.86875,-44.15625,26.212502,46.950733,0.3361091,49.741684,0.188378,0.18858133,0.6739157,0.689049,0.010853394,0.2663295,0.9624995,0.050453592,-1.0,0
1763545047649,1009.85345,1.0283155,4.679165,7.60439,0.39805475,-0.4140136,0.14889829,49.706253,-44.025,27.2625,46.950733,0.3361091,49.741684,0.19379593,0.18685892,0.67393535,0.6879957,0.016018173,0.26873136,0.96179825,0.04970939,-1.0,0
1763545047675,1009.85345,1.1114662,4.6911287,6.109474,0.09582941,-0.063377224,0.06291907,50.1375,-44.737503,28.181252,46.950733,0.3361091,49.741684,0.1994342,0.18614309,0.67349637,0.68700755,0.020734567,0.27201715,0.9607909,0.04957436,-1.0,0
1763545047700,1009.8222,0.8979067,4.3908296,8.19123,-0.17172936,-0.08735366,-0.16050471,50.943752,-45.2625,25.968752,46.950733,0.3361091,49.741684,0.19960943,0.18511912,0.67371553,0.6870185,0.021753587,0.2713665,0.9609235,0.05013084,-1.0,0
1763545047725,1009.80194,0.42412782,4.2646084,7.752745,0.029856017,-0.024587307,-0.20311254,50.081253,-42.975002,25.9125,46.950733,0.3361091,49.741684,0.19888833,0.1835428,0.672838,0.68850887,0.022381674,0.26971018,0.9612677,0.05215222,-1.0,0
1763545047750,1009.80194,-0.034695927,4.395017,6.573084,0.11339177,0.15989386,-0.19471315,49.687504,-44.775,27.768751,46.950733,0.3361091,49.741684,0.1982596,0.18590564,0.67025423,0.69057333,0.020396374,0.27101988,0.960745,0.055689175,-1.0,0
1763545047776,1009.78436,-0.39720857,4.5062833,6.317052,0.07383828,0.24831653,-0.126449,51.318752,-44.737503,27.431252,46.950733,0.3361091,49.741684,0.19694367,0.18843538,0.6697097,0.69079244,0.01769196,0.27199575,0.960497,0.05613219,-1.0,0
1763545047801,1009.78436,-0.08793623,4.5972104,6.206982,0.29100072,-0.053145237,-0.033444848,50.7,-44.925003,27.35625,46.950733,0.3361091,49.741684,0.19712788,0.1902046,0.66917044,0.69077766,0.016619068,0.27342457,0.9600922,0.05644268,-1.0,0
1763545047826,1009.7692,0.101694964,5.0135617,5.392824,0.26580253,-0.06429352,0.022754714,50.68125,-44.30625,26.868752,46.950733,0.3361091,49.741684,0.19939268,0.19185433,0.6682918,0.69052196,0.017174866,0.2761712,0.95927143,0.056857914,-1.0,0
1763545047852,1009.75385,0.75493556,5.3910294,5.689534,0.092469655,0.033597562,0.018936807,52.237503,-43.65,28.968752,46.950733,0.3361091,49.741684,0.20254126,0.19425015,0.6677437,0.68946517,0.017948242,0.28006062,0.95813817,0.056701906,-1.0,0
1763545047877,1009.75385,-0.38344982,5.447859,7.6396847,-0.011071924,0.12476913,-0.15806127,49.893753,-44.625,26.493752,46.950733,0.3361091,49.741684,0.20206924,0.19485901,0.66725796,0.68990195,0.017297518,0.2801835,0.95805323,0.057723712,-1.0,0
1763545047902,1009.747,-1.1234303,5.6374903,8.742178,0.045433067,0.13041963,-0.020922119,51.581253,-43.350002,28.406252,46.950733,0.3361091,49.741684,0.20105521,0.19597651,0.6664557,0.6906568,0.015845444,0.28031933,0.95796114,0.058994927,-1.0,0
1763545047928,1009.78534,-0.93260264,5.8396835,9.5964155,0.22976151,0.07941242,0.18157956,50.9625,-44.268753,27.91875,46.950733,0.3361091,49.741684,0.20152512,0.1991789,0.6673062,0.68877995,0.013853844,0.28300646,0.9573554,0.056445822,-1.0,0
1763545047954,1009.78534,1.2735798,6.762715,10.333405,0.3759109,-0.12767074,0.22892158,51.768753,-44.568752,28.312502,46.950733,0.3361091,49.741684,0.20490247,0.20040946,0.668482,0.6862819,0.015462657,0.28619903,0.9565421,0.053649552,-1.0,0
1763545047979,1009.8178,0.9176475,6.9020967,10.676176,0.3436878,0.0129808765,0.045662142,48.80625,-44.756252,28.1625,46.950733,0.3361091,49.741684,0.20877422,0.20136695,0.6690636,0.68426496,0.017752767,0.2895171,0.9555917,0.052050494,-1.0,0
1763545048004,1009.8278,-0.6753742,6.945766,10.250254,0.2994001,0.14981459,0.0067195124,50.250004,-44.850002,28.331251,46.950733,0.3361091,49.741684,0.21221364,0.20617011,0.668576,0.68225026,0.017176274,0.29537386,0.9538471,0.051332247,-1.0,0
1763545048029,1009.8278,-0.016151553,6.767501,9.938589,-0.14836378,-0.011453714,0.07315106,50.156254,-44.49375,29.250002,46.950733,0.3361091,49.741684,0.2125029,0.207823,0.6691218,0.68112266,0.016183237,0.29679283,0.95350283,0.049844183,-1.0,0
1763545048054,1009.8415,-0.047258247,6.0460644,10.633704,-0.30917394,0.24587308,-0.038331766,50.49375,-44.2125,30.281252,46.950733,0.3361091,49.741684,0.21174246,0.20677882,0.6698348,0.6809765,0.016296994,0.29551098,0.9539348,0.04915323,-1.0,0
1763545048080,1009.8415,-1.1192428,5.424529,10.482956,-0.31757334,0.46273008,-0.04092794,50.60625,-43.818752,28.687502,46.950733,0.3361091,49.741684,0.20252776,0.2073116,0.6720446,0.68144006,0.009101278,0.289677,0.95588404,0.04785503,-1.0,0
1763545048105,1009.8437,-0.6753742,4.965107,8.502297,-0.07979421,-0.08170316,0.11728604,50.362503,-44.34375,27.975,46.950733,0.3361091,49.741684,0.19960503,0.2075808,0.6731801,0.68109953,0.006647945,0.28790236,0.9565097,0.04644588,-1.0,0
1763545048131,1009.82733,-0.109471634,4.692325,7.432107,-0.18012875,-0.09483676,0.08720095,50.456253,-42.975002,30.206251,46.950733,0.3361091,49.741684,0.19953747,0.20632398,0.67394197,0.68074775,0.0073489402,0.28693342,0.9568487,0.045340654,-1.0,0
1763545048157,1009.82733,-0.31345975,4.4398823,7.0486574,-0.3580431,-0.032681264,0.066736974,49.85625,-44.643753,28.35,46.950733,0.3361091,49.741684,0.19703506,0.20167471,0.6757693,0.6810582,0.008630431,0.28181738,0.95840776,0.044260807,-1.0,0
1763545048182,1009.80756,-0.53180486,4.241278,7.3136625,-0.4486038,0.12278382,0.14294235,50.456253,-43.725002,29.625002,46.950733,0.3361091,49.741684,0.19346273,0.19932133,0.67779744,0.6807597,0.007565101,0.27766812,0.9597034,0.042574737,-1.0,0
1763545048208,1009.78876,-0.5306084,4.13061,6.715457,-0.051999863,0.13316852,0.34452772,50.268753,-41.86875,28.612501,46.950733,0.3361091,49.741684,0.19004703,0.1984812,0.6804851,0.67928445,0.005577451,0.27473903,0.9606899,0.039525684,-1.0,0
1763545048233,1009.78876,0.11365908,4.089932,5.748158,0.08513928,-0.13271037,0.39752024,50.156254,-44.49375,29.550001,46.950733,0.3361091,49.741684,0.19154042,0.19747013,0.6852393,0.67436266,0.007294805,0.2750072,0.96086663,0.032452993,-1.0,0
1763545048258,1009.77484,0.80518484,4.121637,5.5022955,0.04405862,-0.23961172,0.3318523,50.906254,-43.800003,28.66875,46.950733,0.3361091,49.741684,0.19423063,0.19559461,0.6868673,0.6724809,0.010601027,0.2754458,0.9607848,0.030163039,-1.0,0
1763545048283,1009.77484,0.07477571,4.3758745,7.423134,-0.06589704,0.12247839,0.09987639,49.66875,-43.425003,28.462502,46.950733,0.3361091,49.741684,0.1952014,0.19385916,0.6880634,0.67147887,0.012582516,0.27482107,0.96097744,0.028938508,-1.0,0
1763545048309,1009.7775,-0.54735816,4.6079783,7.734201,0.10682498,0.14553854,0.12721258,49.48125,-42.825,28.7625,46.950733,0.3361091,49.741684,0.19423072,0.1939468,0.68908775,0.6706841,0.01184898,0.27422717,0.9611899,0.027802385,-1.0,0
1763545048334,1009.7858,-0.24526432,5.028517,7.8059855,0.29008442,-0.093615025,0.17852524,48.693752,-43.143753,28.556252,46.950733,0.3361091,49.741684,0.19680138,0.19645928,0.690381,0.66786754,0.011958064,0.27782017,0.9602446,0.024560882,-1.0,0
1763545048361,1009.7858,0.20398813,5.532804,7.338787,0.28214318,-0.2669479,0.10063997,49.125004,-44.5875,28.275002,46.950733,0.3361091,49.741684,0.20108303,0.19736123,0.69018996,0.6665223,0.014488607,0.28138214,0.95919466,0.023660276,-1.0,0
1763545048387,1009.78485,0.5832505,5.628517,8.068,0.027565273,-0.28817546,0.04092794,48.3375,-44.175003,28.800001,46.950733,0.3361091,49.741684,0.2072399,0.19576623,0.68935657,0.665969,0.020117773,0.2843731,0.9582052,0.023873622,-1.0,0
1763545048412,1009.80975,1.1659029,5.665606,9.743574,-0.22655447,-0.19471315,-0.04856375,49.537502,-43.93125,29.587502,46.950733,0.3361091,49.741684,0.20709102,0.19299321,0.6891092,0.66707975,0.02193622,0.2822266,0.95877016,0.025034202,-1.0,0
1763545048437,1009.80975,-0.46899325,6.370292,11.130813,-0.13553563,0.110108376,-0.13072506,47.737503,-44.86875,29.681252,46.950733,0.3361091,49.741684,0.20460477,0.19183408,0.68883044,0.6684678,0.020964425,0.2796854,0.95949686,0.026501957,-1.0,0
1763545048462,1009.8317,-0.23449662,6.5437717,10.570892,0.011988222,-0.1065959,-0.023823727,50.475002,-44.456253,28.44375,46.950733,0.3361091,49.741684,0.20256853,0.19180936,0.6884799,0.66945547,0.019453034,0.278292,0.95990944,0.027369171,-1.0,0
1763545048487,1009.8493,0.6628119,6.5114684,9.772886,-0.05291616,-0.17684536,0.010231985,49.8375,-43.912502,29.250002,46.950733,0.3361091,49.741684,0.20395738,0.18984222,0.68787986,0.6702109,0.021722762,0.27778912,0.959987,0.028041743,-1.0,0
1763545048513,1009.8493,1.0755738,6.2087765,10.34836,-0.32001677,-0.06933315,-0.08170316,49.256252,-43.96875,28.837502,46.950733,0.3361091,49.741684,0.20235954,0.18735102,0.6878171,0.67145956,0.022298917,0.27486822,0.96077853,0.029238043,-1.0,0
1763545048537,1009.8681,0.5401797,5.0045886,12.437294,-0.1844048,0.20509785,-0.02443459,49.350002,-44.081253,30.225,46.950733,0.3361091,49.741684,0.1986153,0.18535042,0.6880605,0.67288184,0.020938959,0.2708586,0.96191496,0.030278113,-1.0,0
1763545048563,1009.8681,0.88414794,4.913063,11.186446,0.17142393,0.058032155,0.060322896,50.362503,-44.34375,28.29375,46.950733,0.3361091,49.741684,0.1962615,0.18609732,0.68903863,0.67236525,0.01873777,0.26981416,0.96228194,0.029370729,-1.0,0
1763545048587,1009.8571,1.416551,4.9878387,8.937193,0.33849543,-0.11942407,0.04978548,50.23125,-44.23125,28.143751,46.950733,0.3361091,49.741684,0.1993168,0.18713598,0.6886173,0.6716094,0.020372134,0.27263904,0.96145123,0.0294019,-1.0,0
1763545048612,1009.8305,1.2969099,4.8083773,6.667002,-0.13568833,-0.16508621,-0.15409064,48.187504,-44.081253,29.737501,46.950733,0.3361091,49.741684,0.20194629,0.1870347,0.68762094,0.67187285,0.022501709,0.27433184,0.9608814,0.030701881,-1.0,0
1763545048637,1009.8305,1.0331012,4.5726843,7.237092,-0.40263626,0.14446951,-0.21670428,48.787502,-44.025,29.6625,46.950733,0.3361091,49.741684,0.20218265,0.18526681,0.6865656,0.67336917,0.023982825,0.27317843,0.961101,0.032913372,-1.0,0
1763545048662,1009.8171,0.718445,4.432704,7.303493,-0.46189013,0.5542071,-0.24113888,50.156254,-44.49375,29.550001,46.950733,0.3361091,49.741684,0.19148159,0.1847574,0.6864975,0.6766984,0.016604332,0.26556504,0.9632764,0.03602874,-1.0,0
1763545048687,1009.8022,0.57188463,4.371687,7.033104,0.07735075,-0.012370012,-0.26343542,51.000004,-44.662502,29.775002,46.950733,0.3361091,49.741684,0.18567677,0.18674509,0.6864447,0.67782307,0.011029477,0.26311204,0.96398944,0.037077777,-1.0,0
1763545048712,1009.8022,0.7579266,4.388437,5.961119,0.27710354,-0.41325003,-0.33353218,49.893753,-43.65,29.531252,46.950733,0.3361091,49.741684,0.18586151,0.18756494,0.6845773,0.6794328,0.010656301,0.26384002,0.9636908,0.03968543,-1.0,0
1763545048737,1009.78534,0.37387854,4.438088,5.8360944,0.19036074,-0.1867719,-0.34193155,48.768753,-44.025,30.45,46.950733,0.3361091,49.741684,0.19210042,0.18792157,0.6781911,0.6839881,0.0151611185,0.26830438,0.96202517,0.047858685,-1.0,0
1763545048762,1009.78534,-0.15194423,4.3836513,6.0658054,0.112780906,0.23655738,-0.24449863,51.787502,-43.59375,30.2625,46.950733,0.3361091,49.741684,0.19098336,0.19077604,0.67678124,0.68490654,0.012428083,0.26965842,0.96160024,0.04954653,-1.0,0
1763545048787,1009.7797,0.4959125,4.9028935,7.5104723,0.3163516,-0.09422589,-0.08842268,52.85625,-42.73125,29.94375,46.950733,0.3361091,49.741684,0.19047426,0.19336942,0.67602605,0.6850669,0.010312236,0.27123022,0.961149,0.05020464,-1.0,0
1763545048813,1009.78046,0.25842485,5.078766,7.2729845,0.4918225,-0.26083925,-0.09773836,50.5125,-44.831253,30.150002,46.950733,0.3361091,49.741684,0.19801024,0.19656456,0.6726229,0.6853705,0.01383011,0.27866542,0.95882004,0.053088486,-1.0,0
1763545048838,1009.78046,-0.148355,5.407181,6.4492555,0.47929978,-0.2310596,-0.03894263,49.575,-45.075,31.800001,46.950733,0.3361091,49.741684,0.2027249,0.19832648,0.67097515,0.68509966,0.016142888,0.2831434,0.95741695,0.054055654,-1.0,0
1763545048863,1009.7785,0.36370903,6.170491,8.684152,-0.056734066,0.012064579,0.10140356,50.23125,-44.86875,29.41875,46.950733,0.3361091,49.741684,0.20484288,0.1996548,0.67073417,0.68431944,0.01680373,0.28555256,0.95671475,0.05361163,-1.0,0
1763545048888,1009.81146,0.65324056,6.0370917,10.955539,-0.0034361144,-0.0048869182,0.07345649,49.36875,-45.3375,32.006252,46.950733,0.3361091,49.741684,0.20477955,0.1993535,0.6714859,0.6836887,0.016986592,0.2852857,0.9568402,0.052728225,-1.0,0
1763545048914,1009.81146,0.47916272,6.2668023,11.095519,0.19860741,0.10995566,0.039553493,50.8875,-44.325,32.100002,46.950733,0.3361091,49.741684,0.20553103,0.20063433,0.67219454,0.6823909,0.016785128,0.2867323,0.9564704,0.05164634,-1.0,0
1763545048939,1009.8144,-0.9296116,7.3190465,9.067601,0.17249294,0.17226386,0.07177661,52.518753,-44.268753,31.143751,46.950733,0.3361091,49.741684,0.2059823,0.2037577,0.672219,0.6813044,0.015026225,0.28934428,0.95575464,0.050863933,-1.0,0
1763545048964,1009.8144,-0.27337998,7.305886,9.093923,-0.053527027,-0.066431545,0.066889696,49.893753,-45.43125,33.956253,46.950733,0.3361091,49.741684,0.20613,0.20612301,0.6726185,0.68015295,0.013478426,0.29119512,0.9552854,0.049534023,-1.0,0
1763545048990,1009.8293,0.45702913,6.48096,10.157532,-0.36781695,-0.18493931,-0.0858265,50.8875,-44.943752,33.05625,46.950733,0.3361091,49.741684,0.2064228,0.20552129,0.6729406,0.67992765,0.0154293785,0.28761858,0.9562916,0.050436962,-1.0,0
1763545049015,1009.86444,-1.8610178,4.633701,12.208181,-0.45318532,0.49632764,-0.088269964,50.7,-45.206253,32.625,46.950733,0.3361091,49.741684,0.19961447,0.19980846,0.672821,0.68377084,0.012925704,0.2821388,0.95787066,0.052100413,-1.0,0
1763545049040,1009.86444,-1.4644074,4.816752,11.254642,-0.17722714,0.30237806,0.110108376,51.562504,-43.125,32.41875,46.950733,0.3361091,49.741684,0.19260497,0.20010366,0.6740996,0.6844352,0.0074117794,0.27763867,0.9592882,0.051264834,-1.0,0
1763545049066,1009.87225,-0.9056834,4.87418,9.853045,0.017027855,-0.06536253,0.15592323,52.800003,-43.5,32.30625,46.950733,0.3361091,49.741684,0.18944575,0.19991514,0.6766464,0.6828571,0.0049427976,0.27537486,0.96015155,0.047468137,-1.0,0
1763545049091,1009.8566,-0.9391829,4.6893344,8.096714,-0.010461059,-0.014202606,0.16096286,50.9625,-43.3125,31.25625,46.950733,0.3361091,49.741684,0.18954718,0.19946553,0.677696,0.681919,0.005247085,0.2751129,0.9603056,0.045809537,-1.0,0
1763545049116,1009.8566,-0.90329057,3.9218364,7.5583286,-0.28229588,0.23075417,0.29962918,52.050003,-44.325,32.268753,46.950733,0.3361091,49.741684,0.18730114,0.19901875,0.679797,0.68057764,0.0038096597,0.2732685,0.96096355,0.043114707,-1.0,0
1763545049141,1009.8444,-0.4438686,3.80399,7.5344005,-0.13523018,0.13332124,0.38606653,49.800003,-43.29375,30.750002,46.950733,0.3361091,49.741684,0.18304706,0.1974944,0.68571967,0.6762235,0.0015774408,0.26927269,0.9624095,0.035464223,-1.0,0
1763545049166,1009.80804,0.19142582,4.022933,6.6514487,0.08315397,-0.05329795,0.41095927,49.893753,-45.65625,31.031252,46.950733,0.3361091,49.741684,0.18465422,0.19691215,0.68816143,0.67347026,0.0031462635,0.26992905,0.96235144,0.031750493,-1.0,0
1763545049191,1009.80804,0.83030945,4.1611185,5.319245,0.09078978,-0.15225805,0.25747952,47.90625,-45.24375,32.30625,46.950733,0.3361091,49.741684,0.18778989,0.19610447,0.68979007,0.67116886,0.0060555907,0.27145043,0.96199226,0.029136145,-1.0,0
1763545049216,1009.7836,0.8428718,4.1234317,5.8797636,-0.060093824,0.011148282,0.15760311,49.55625,-43.706253,31.725,46.950733,0.3361091,49.741684,0.19012563,0.19525187,0.6910115,0.66950136,0.008426777,0.27239683,0.9617596,0.027338551,-1.0,0
1763545049242,1009.7836,0.39541394,4.4165525,6.701698,-0.084375694,0.18921536,0.04978548,49.575,-43.4625,32.79375,46.950733,0.3361091,49.741684,0.18867463,0.19510312,0.6930208,0.6678763,0.0076058106,0.27130333,0.96213096,0.025311437,-1.0,0
1763545049267,1009.7773,-0.90807617,4.935795,6.9038916,0.106672265,0.107359484,-0.02687805,49.518753,-44.475002,33.018753,46.950733,0.3361091,49.741684,0.18715316,0.19680075,0.69331205,0.66750395,0.0053527215,0.27152935,0.96209323,0.024894472,-1.0,0
1763545049292,1009.77704,-0.99302137,5.4843497,7.0642104,0.15050182,-0.005345067,0.045203995,50.8875,-44.325,31.781252,46.950733,0.3361091,49.741684,0.1870419,0.1984488,0.6930762,0.6672921,0.0041031037,0.27267152,0.96178126,0.024701256,-1.0,0
1763545049317,1009.77704,-0.52283174,5.853442,8.04467,0.11232276,-0.08093958,0.107054055,50.718754,-45.206253,31.85625,46.950733,0.3361091,49.741684,0.18958713,0.19995797,0.6932326,0.66595954,0.0048200893,0.27550545,0.9610095,0.023114167,-1.0,0
1763545049343,1009.7963,0.59282184,6.0251274,9.079565,0.14698933,-0.24006985,0.082466744,48.99375,-43.40625,33.318752,46.950733,0.3361091,49.741684,0.1917112,0.20001753,0.6934634,0.66509277,0.006314908,0.27698433,0.960597,0.022209225,-1.0,0
1763545049368,1009.81537,1.265205,6.224928,9.690931,0.021914775,-0.22495095,-0.035582874,50.2125,-44.643753,32.943752,46.950733,0.3361091,49.741684,0.19447646,0.19932045,0.69325817,0.664713,0.008842752,0.2783371,0.9601878,0.022128686,-1.0,0
1763545049393,1009.81537,0.9637093,6.641279,10.149158,-0.060704686,0.06994402,-0.16829325,50.625004,-45.7125,30.806252,46.950733,0.3361091,49.741684,0.19528125,0.19814087,0.691818,0.66632813,0.010438532,0.27800292,0.96019804,0.025002638,-1.0,0
1763545049418,1009.8305,0.13160525,6.979265,10.353146,-0.074907295,0.051007207,-0.25320345,50.025,-43.537502,32.1375,46.950733,0.3361091,49.741684,0.19412208,0.19842018,0.6904336,0.66801757,0.009449792,0.27742505,0.9603107,0.027375042,-1.0,0
1763545049443,1009.8305,0.0424726,6.203991,10.403993,-0.21006113,-0.30436337,-0.21792601,49.687504,-44.9625,34.40625,46.950733,0.3361091,49.741684,0.19452104,0.19731511,0.6884701,0.6702516,0.010481623,0.2768787,0.96036917,0.030320423,-1.0,0
1763545049468,1009.8581,0.5946164,5.560322,11.998211,-0.29329145,-0.159283,-0.17883067,51.393753,-45.393753,32.100002,46.950733,0.3361091,49.741684,0.19348189,0.1915986,0.68599415,0.67473453,0.013576435,0.2719576,0.961565,0.035319295,-1.0,0
1763545049493,1009.8754,0.76570326,5.0482574,12.209976,-0.1146135,-0.10216714,-0.14294235,51.000004,-43.6875,32.8125,46.950733,0.3361091,49.741684,0.19290729,0.18999022,0.68520266,0.67615664,0.014278094,0.27038053,0.96193445,0.037048455,-1.0,0
1763545049519,1009.8754,0.77587277,4.508676,9.98166,-0.15935935,-0.15531237,-0.15577053,50.8875,-43.575,32.662502,46.950733,0.3361091,49.741684,0.19380611,0.18837425,0.68409556,0.6774715,0.01608294,0.26979068,0.9619965,0.038948815,-1.0,0
1763545049544,1009.8725,0.15433706,3.9900317,10.326824,-0.18974987,-0.044745844,-0.10644319,50.006252,-43.537502,32.60625,46.950733,0.3361091,49.741684,0.19346339,0.18625203,0.68316454,0.68029374,0.017483354,0.26582924,0.962936,0.04223131,-1.0,0
1763545049569,1009.8652,-0.19980069,3.790231,9.195019,0.014737112,-0.08429934,0.027030766,51.187504,-43.55625,32.625,46.950733,0.3361091,49.741684,0.1924471,0.18378787,0.68287706,0.68034184,0.018227858,0.26548374,0.96302354,0.042092007,-1.0,0
1763545049594,1009.8652,1.1850454,4.118646,6.3475604,-0.029397868,-0.080634154,0.07192933,50.23125,-43.893753,32.756252,46.950733,0.3361091,49.741684,0.1939107,0.1832084,0.6834454,0.67951137,0.019687703,0.2660434,0.96288526,0.041052703,-1.0,0
1763545049620,1009.83685,0.8428718,4.071388,6.3858457,-0.069104075,-0.02565632,-0.0754418,50.5875,-44.34375,32.11875,46.950733,0.3361091,49.741684,0.19454202,0.18223426,0.6838492,0.67918646,0.020893779,0.26574308,0.9629517,0.040841397,-1.0,0
1763545049645,1009.8127,0.20279172,4.025326,5.758926,-0.009086614,-0.0006108648,-0.14920372,50.625004,-42.61875,33.5625,46.950733,0.3361091,49.741684,0.19413623,0.18183099,0.6824979,0.6807681,0.02101234,0.26516008,0.9629956,0.0434528,-1.0,0
1763545049670,1009.8127,0.29012975,4.289733,5.7397833,-0.033063058,-0.021532983,-0.13133593,50.437504,-42.99375,31.29375,46.950733,0.3361091,49.741684,0.1939412,0.18183982,0.6816192,0.68170106,0.020870013,0.26503465,0.9629732,0.044762533,-1.0,0
1763545049695,1009.8034,0.71665037,4.627719,7.2765737,0.07063124,-0.003970621,-0.28237224,50.550003,-44.60625,31.518751,46.950733,0.3361091,49.741684,0.19418558,0.18139082,0.68034524,0.6830224,0.021414895,0.26486242,0.9629107,0.046821915,-1.0,0
1763545049720,1009.8034,-0.07178468,4.697709,7.0636125,0.16821688,0.15393792,-0.26419902,51.281254,-44.53125,31.743752,46.950733,0.3361091,49.741684,0.1941137,0.18487473,0.6766167,0.6858068,0.019142294,0.26738057,0.9620048,0.051846426,-1.0,0
1763545049745,1009.7946,-0.45762733,5.0679984,7.0809603,0.2503782,0.25763223,-0.12828161,51.843754,-45.225002,33.43125,46.950733,0.3361091,49.741684,0.19388212,0.18860532,0.67575884,0.68570244,0.016440246,0.26998514,0.96130383,0.0522757,-1.0,0
1763545049771,1009.78046,0.048454657,5.779265,6.163313,0.4825068,-0.05986475,0.09300416,50.175003,-45.6375,32.86875,46.950733,0.3361091,49.741684,0.1953644,0.19269691,0.67546374,0.6844336,0.014762537,0.27400988,0.96023536,0.051465884,-1.0,0
1763545049795,1009.78046,1.0713863,6.087939,6.2811594,0.42096218,-0.3497201,0.057574004,50.906254,-44.71875,34.893753,46.950733,0.3361091,49.741684,0.19931513,0.19551852,0.67499214,0.68295795,0.01578684,0.27875578,0.9588929,0.050699133,-1.0,0
1763545049820,1009.78094,1.2747762,6.3601227,7.2753773,0.22456917,-0.31398448,-0.12247839,52.575,-44.643753,32.7,46.950733,0.3361091,49.741684,0.20862357,0.19573803,0.6719634,0.68310183,0.02274621,0.28516626,0.9567082,0.053593595,-1.0,0
1763545049845,1009.8129,-0.20578274,6.0771713,9.873384,0.014737112,0.023823727,-0.07895427,51.393753,-44.643753,32.98125,46.950733,0.3361091,49.741684,0.20981787,0.19556665,0.6702413,0.68447554,0.023828555,0.2858357,0.9563414,0.056046944,-1.0,0
1763545049870,1009.8129,0.35832518,6.2554364,10.061221,0.044364054,0.035582874,0.0009162972,52.631252,-44.15625,34.8375,46.950733,0.3361091,49.741684,0.20953551,0.19601437,0.6697292,0.6849351,0.023285968,0.28597996,0.9562777,0.05662261,-1.0,0
1763545049896,1009.8298,0.4121637,6.6478596,10.469197,0.054901473,-0.056810424,-0.037873615,50.756252,-44.850002,33.675003,46.950733,0.3361091,49.741684,0.21019346,0.19643302,0.66929865,0.68503445,0.023522034,0.28672972,0.95601976,0.057087664,-1.0,0
1763545049921,1009.8298,-0.27098715,6.9673014,10.106685,0.055206906,0.067958705,-0.069485866,51.825,-44.49375,35.25,46.950733,0.3361091,49.741684,0.20997715,0.19736364,0.6688768,0.6852452,0.022742838,0.28727263,0.9558479,0.057549287,-1.0,0
1763545049946,1009.84467,-1.4650056,6.8422766,10.241879,-0.3673588,0.36331183,0.093309596,51.131252,-45.16875,33.1875,46.950733,0.3361091,49.741684,0.20682904,0.199137,0.6696455,0.6849387,0.01915389,0.28647324,0.956224,0.0565845,-1.0,0
1763545049971,1009.8652,-0.4833502,6.128617,12.066406,-0.3684278,0.20051636,0.15683953,51.581253,-44.49375,32.49375,46.950733,0.3361091,49.741684,0.19839707,0.19808169,0.67368144,0.6837803,0.013401879,0.2800324,0.95847356,0.052255675,-1.0,0
1763545049997,1009.8652,-0.116650105,5.260022,12.492329,-0.084070265,0.1547015,0.14080434,53.362503,-43.6875,31.800001,46.950733,0.3361091,49.741684,0.19674657,0.19795994,0.6751542,0.6828392,0.01223817,0.27883253,0.9589339,0.050482262,-1.0,0
1763545050022,1009.87225,0.10229317,4.88076,9.254242,0.19417864,0.09040799,0.100945406,50.925003,-43.96875,34.237503,46.950733,0.3361091,49.741684,0.19672854,0.19965434,0.6761522,0.681362,0.011059126,0.28007442,0.9586819,0.048632115,-1.0,0
1763545050047,1009.863,0.3379862,4.6002016,8.188837,0.035201084,0.15867212,-0.008857539,50.175003,-44.8875,32.662502,46.950733,0.3361091,49.741684,0.19653216,0.2022277,0.67689425,0.6799215,0.009206208,0.28184423,0.95825666,0.047151566,-1.0,0
1763545050073,1009.863,-0.3786642,4.3118663,7.6390862,-0.17096578,0.31199917,-0.10216714,50.812504,-43.8375,34.0875,46.950733,0.3361091,49.741684,0.19312362,0.20323709,0.67717737,0.68031514,0.006027766,0.28029576,0.95872736,0.0473261,-1.0,0
1763545050098,1009.8449,-1.2717853,3.9080775,8.213962,-0.14424044,0.43417215,0.15760311,50.925003,-43.96875,34.237503,46.950733,0.3361091,49.741684,0.18827407,0.20409651,0.6782595,0.6803393,0.0017974324,0.27766755,0.95955485,0.046389807,-1.0,0
1763545050123,1009.8449,-0.73519474,4.045067,7.1282187,0.18150319,0.3260491,0.318566,52.256252,-42.45,33.693752,46.950733,0.3361091,49.741684,0.18443224,0.2057398,0.68034685,0.6788107,-0.0022564635,0.27629516,0.960086,0.043482773,-1.0,0
1763545050148,1009.82367,-0.21834506,4.1898327,4.9064827,0.3737729,0.22021675,0.37278023,51.881252,-44.456253,31.987501,46.950733,0.3361091,49.741684,0.18556687,0.21179356,0.6846881,0.672243,-0.0055686976,0.28153253,0.9588803,0.035454523,-1.0,0
1763545050173,1009.79047,0.12801601,4.404588,3.6897326,0.2842812,0.0820086,0.34956738,51.45,-43.65,32.756252,46.950733,0.3361091,49.741684,0.18783388,0.21380568,0.6864589,0.66916347,-0.0052236803,0.28454727,0.95811117,0.032071475,-1.0,0
1763545050198,1009.79047,0.4336991,4.342973,5.465207,-0.074907295,-0.15897755,0.12278382,50.831253,-43.8375,32.381252,46.950733,0.3361091,49.741684,0.18971641,0.21337646,0.68771064,0.66748196,-0.0034703563,0.28549922,0.95789576,0.0302302,-1.0,0
1763545050224,1009.78485,0.023928227,4.545765,6.2087765,-0.051541716,-0.10583232,0.054061532,49.95,-43.068752,33.825,46.950733,0.3361091,49.741684,0.19084059,0.21170546,0.68834835,0.6670362,-0.001439633,0.28502154,0.95805913,0.029721072,-1.0,0
1763545050248,1009.7839,0.03888337,4.9812584,6.5347986,-0.026954409,-0.13057235,0.031306818,49.18125,-44.006252,33.1875,46.950733,0.3361091,49.741684,0.19231537,0.20959643,0.68859905,0.66701984,0.0011254405,0.2844549,0.9582279,0.029724237,-1.0,0
1763545050274,1009.7839,-0.19800608,5.8594246,7.5529447,-0.0032833982,-0.14676027,-0.13148865,50.550003,-44.362503,33.975002,46.950733,0.3361091,49.741684,0.19341652,0.20855229,0.68804365,0.6676016,0.0026745696,0.2844237,0.95820534,0.03063604,-1.0,0
1763545050299,1009.7995,-0.8877372,6.075975,8.189436,-0.06406444,-0.16386448,-0.13026692,49.275,-43.5,33.600002,46.950733,0.3361091,49.741684,0.19426836,0.20793119,0.68690026,0.6687245,0.0037503985,0.28453737,0.9581123,0.032329682,-1.0,0
1763545050324,1009.8276,-0.59940207,6.005985,9.4737835,-0.12789981,-0.23655738,-0.049327333,51.825,-42.600002,31.743752,46.950733,0.3361091,49.741684,0.19528084,0.20482168,0.6852478,0.67108047,0.0064975303,0.28292102,0.95848733,0.03486447,-1.0,0
1763545050349,1009.8276,-0.4325027,6.686743,10.192228,-0.11018474,0.045967575,-0.054061532,51.825,-43.350002,31.931252,46.950733,0.3361091,49.741684,0.19566236,0.2028753,0.6849404,0.67187387,0.008074802,0.28173915,0.95879614,0.035606172,-1.0,0
1763545050375,1009.8432,-1.0366904,6.988837,10.2723875,-0.15935935,0.07574723,-0.03176497,51.05625,-42.693752,32.90625,46.950733,0.3361091,49.741684,0.19449255,0.20251176,0.68490094,0.6723632,0.007454262,0.2806827,0.9590965,0.03599319,-1.0,0
1763545050401,1009.8432,-1.0827522,6.598807,10.856834,-0.14485131,-0.08628465,0.08261946,50.23125,-43.893753,32.756252,46.950733,0.3361091,49.741684,0.19246602,0.20073251,0.6856925,0.6726731,0.0069948235,0.2780068,0.95991063,0.035140388,-1.0,0
1763545050426,1009.8625,-0.25902304,6.565307,11.310873,-0.091706075,-0.23777911,0.2112065,50.04375,-43.29375,33.206253,46.950733,0.3361091,49.741684,0.19365348,0.19824745,0.68677884,0.67196065,0.009473996,0.2769729,0.9602423,0.033630416,-1.0,0
1763545050451,1009.8813,1.9860427,6.0077796,11.892927,-0.092927806,-0.07803798,0.037262753,50.006252,-41.41875,32.325,46.950733,0.3361091,49.741684,0.19489281,0.1957218,0.68794864,0.67114556,0.012139558,0.27593997,0.9605517,0.032406557,-1.0,0
1763545050477,1009.8813,1.5768701,5.3700924,11.810972,-0.09109521,0.013591741,-0.11362085,50.831253,-43.8375,33.0,46.950733,0.3361091,49.741684,0.19420359,0.19322246,0.68795455,0.67206293,0.01363061,0.27361318,0.96113527,0.034191612,-1.0,0
1763545050503,1009.89056,1.0624132,4.820341,11.587842,0.0005345067,-0.056199558,-0.19165882,50.175003,-42.15,31.275002,46.950733,0.3361091,49.741684,0.19410604,0.1926835,0.68674815,0.6734782,0.014021384,0.2731437,0.96118194,0.036403038,-1.0,0
1763545050527,1009.8776,0.61854464,4.5266223,10.222138,0.10377065,0.030237807,-0.22204934,50.5125,-42.487503,32.643753,46.950733,0.3361091,49.741684,0.19461861,0.19295548,0.68505824,0.67497176,0.0142758135,0.27368674,0.96092796,0.038848847,-1.0,0
1763545050553,1009.8776,0.48873404,4.2598224,8.045866,0.11446079,0.056199558,-0.22739442,50.9625,-42.3375,33.506252,46.950733,0.3361091,49.741684,0.19445944,0.19525976,0.6820234,0.67742395,0.012695283,0.27528107,0.9603174,0.043007832,-1.0,0
1763545050578,1009.8481,0.7286145,4.125226,7.1563344,0.1343139,-0.023823727,-0.20693044,51.037502,-42.91875,30.768751,46.950733,0.3361091,49.741684,0.195095,0.19621211,0.6804142,0.67858326,0.01256166,0.27641174,0.95989954,0.045073234,-1.0,0
1763545050603,1009.81805,0.5952146,4.1467614,6.1513486,-0.0655916,0.098654665,-0.35139996,51.975002,-42.46875,32.943752,46.950733,0.3361091,49.741684,0.19584328,0.19648294,0.678323,0.68038064,0.013041035,0.27711022,0.9595407,0.048181623,-1.0,0
1763545050628,1009.81805,-0.33918262,4.0127635,6.9182487,-0.050625417,0.18402301,-0.31535894,51.975002,-41.737503,33.84375,46.950733,0.3361091,49.741684,0.19222663,0.1986835,0.6747251,0.684339,0.009008314,0.27630612,0.9595112,0.05396306,-1.0,0
1763545050653,1009.7983,-0.7722835,3.9804604,6.467201,0.20349433,0.056352276,-0.1499673,53.325,-43.0875,32.7,46.950733,0.3361091,49.741684,0.19275285,0.20069115,0.6734329,0.68487775,0.008004937,0.27814838,0.9589245,0.055074643,-1.0,0
1763545050679,1009.7983,0.76630145,4.88734,5.1870413,0.23205225,-0.1517999,-0.040317077,50.925003,-43.331253,33.412502,46.950733,0.3361091,49.741684,0.19572265,0.20192046,0.6724348,0.68465483,0.009361844,0.2810544,0.9580388,0.055519834,-1.0,0
1763545050704,1009.7753,0.7716853,5.163113,5.380262,0.07582359,0.033139415,-0.11728604,52.050003,-42.84375,32.8125,46.950733,0.3361091,49.741684,0.19845426,0.20257297,0.6714105,0.68468094,0.011027264,0.28336954,0.9572816,0.056497905,-1.0,0
1763545050729,1009.7773,0.10109676,5.1732826,6.2267227,-0.01809687,0.17088942,-0.17150028,51.375004,-42.6375,31.48125,46.950733,0.3361091,49.741684,0.1976624,0.20503217,0.6697407,0.68581253,0.008979567,0.28465414,0.95676476,0.059097715,-1.0,0
1763545050754,1009.7773,-0.29970104,5.245067,7.033104,0.22258386,0.014508039,0.015729768,51.693752,-42.487503,31.893751,46.950733,0.3361091,49.741684,0.19702433,0.20676991,0.6691206,0.6860796,0.0073388177,0.28551447,0.9564846,0.059706353,-1.0,0
1763545050780,1009.778,-0.26859435,5.6937213,7.2735825,0.3174206,-0.11866048,0.064140804,51.487503,-43.3875,33.05625,46.950733,0.3361091,49.741684,0.19843908,0.208413,0.66876644,0.6855198,0.007259062,0.28768274,0.9558518,0.059441973,-1.0,0
1763545050805,1009.77875,-0.5455636,6.0508504,7.2819576,0.34048074,-0.16172644,0.1339321,50.625004,-43.36875,33.45,46.950733,0.3361091,49.741684,0.20518021,0.21070306,0.66811836,0.68346417,0.010722962,0.29390427,0.9539912,0.058362387,-1.0,0
1763545050830,1009.77875,-0.23449662,6.466005,7.8227353,0.24594943,-0.22082762,0.21578798,50.2125,-42.412502,34.6875,46.950733,0.3361091,49.741684,0.20876953,0.21063395,0.6685329,0.6819915,0.013405784,0.2962628,0.953315,0.056913003,-1.0,0
1763545050858,1009.7985,1.0582259,6.969694,9.991231,-0.03733911,-0.21105379,0.14034618,52.031254,-43.59375,33.787502,46.950733,0.3361091,49.741684,0.21182604,0.20927931,0.66927826,0.6807338,0.016611576,0.29730818,0.9530178,0.05557892,-1.0,0
1763545050882,1009.7985,0.76630145,7.3609204,10.454841,-0.1268308,0.0044287695,-0.011300999,50.550003,-42.881252,34.2,46.950733,0.3361091,49.741684,0.21270026,0.20634362,0.670109,0.6805401,0.019421605,0.29570577,0.9534679,0.055496432,-1.0,0
1763545050907,1009.81976,-0.12203395,7.5678997,10.622338,-0.28046328,0.18875721,-0.10491603,50.737503,-42.73125,34.03125,46.950733,0.3361091,49.741684,0.20954135,0.20599416,0.6703607,0.68137753,0.017355284,0.2933257,0.954208,0.056087896,-1.0,0
1763545050932,1009.84955,-0.8111669,6.1675005,12.046067,-0.3746892,0.02565632,-0.21838416,51.112503,-41.68125,32.68125,46.950733,0.3361091,49.741684,0.2060421,0.20456596,0.67019606,0.6830349,0.015686497,0.28992158,0.955203,0.05732884,-1.0,0
1763545050959,1009.84955,-1.6630118,5.0847483,11.874382,-0.31772605,0.14508039,-0.2215912,52.800003,-42.768753,33.1875,46.950733,0.3361091,49.741684,0.2027118,0.20269348,0.6695503,0.6852194,0.014409402,0.28630248,0.9562016,0.059175268,-1.0,0
1763545050984,1009.87006,-2.3162522,4.5170507,11.559128,-0.20471606,0.12339468,-0.03649917,51.393753,-42.412502,33.61875,46.950733,0.3361091,49.741684,0.19578725,0.2013965,0.6694085,0.68774927,0.009831607,0.28070718,0.9578605,0.060083646,-1.0,0
1763545051010,1009.87054,-0.24586253,4.709075,9.312865,0.055206906,-0.12904519,0.20189081,52.687504,-42.6375,32.5875,46.950733,0.3361091,49.741684,0.19571544,0.20019905,0.67049265,0.6870629,0.010387697,0.279779,0.95824367,0.05818001,-1.0,0
1763545051035,1009.87054,-0.16271193,4.7676992,7.7904325,0.0005345067,-0.073303774,0.15683953,51.225002,-42.54375,32.71875,46.950733,0.3361091,49.741684,0.19762622,0.19828157,0.6724431,0.68516314,0.0130220875,0.27964643,0.958425,0.05522524,-1.0,0
1763545051062,1009.84784,-0.15433706,4.633103,6.8189464,-0.17692171,0.09407318,0.14950916,50.925003,-42.581253,33.525,46.950733,0.3361091,49.741684,0.19613709,0.19752,0.6739356,0.6843441,0.012424525,0.2780819,0.95898074,0.053591307,-1.0,0
1763545051087,1009.8256,-0.4743771,4.174877,7.277172,-0.16500984,0.25793764,0.18982624,54.468754,-41.943752,30.656252,46.950733,0.3361091,49.741684,0.19294305,0.19699647,0.67597055,0.6833953,0.010412597,0.2755471,0.9598493,0.0515235,-1.0,0
1763545051112,1009.8256,-0.33020952,4.0325046,6.5371914,0.06055197,0.105526894,0.24587308,50.4,-41.737503,30.6,46.950733,0.3361091,49.741684,0.19051307,0.19794285,0.67969906,0.68009746,0.007912749,0.27461606,0.9604036,0.046349484,-1.0,0
1763545051138,1009.79755,0.16630118,4.1479583,5.779863,0.1503491,-0.09086613,0.260992,51.2625,-41.79375,31.7625,46.950733,0.3361091,49.741684,0.19263294,0.19790424,0.6809426,0.67826515,0.00950721,0.27601296,0.96009207,0.04415505,-1.0,0
1763545051163,1009.7741,0.2620141,4.5044885,5.303093,0.04054615,0.10338886,0.16936226,49.125004,-42.768753,33.2625,46.950733,0.3361091,49.741684,0.19472644,0.1978326,0.6819515,0.6766727,0.011144163,0.2773661,0.9597621,0.04243372,-1.0,0
1763545051188,1009.7741,0.1698904,4.5224347,5.980262,-0.055206906,0.13729186,0.098654665,51.300003,-42.28125,31.931252,46.950733,0.3361091,49.741684,0.19484112,0.19854806,0.6831524,0.6752173,0.010796705,0.27797094,0.9596654,0.04071692,-1.0,0
1763545051213,1009.7724,-0.35533416,4.5942197,6.9338017,-0.03459022,0.123547405,0.06291907,49.987503,-42.05625,34.21875,46.950733,0.3361091,49.741684,0.19309913,0.19952643,0.6848227,0.6737358,0.0088892495,0.27752304,0.9599006,0.03863554,-1.0,0
1763545051239,1009.7724,-0.6053841,5.7553368,7.539186,0.11873684,0.0015271619,0.14813471,50.5875,-42.112503,32.30625,46.950733,0.3361091,49.741684,0.19324374,0.20044564,0.68546814,0.67276436,0.008326971,0.27830246,0.95973265,0.037304495,-1.0,0
1763545051264,1009.7714,-0.20757736,6.13759,7.786245,0.09537126,0.01802051,0.13927718,50.906254,-42.581253,33.84375,46.950733,0.3361091,49.741684,0.19427131,0.20120783,0.68613476,0.6715602,0.008513542,0.2795594,0.95942473,0.03575266,-1.0,0
1763545051289,1009.7907,0.25124636,6.306284,8.679366,0.021303909,-0.07666353,0.08536835,50.812504,-41.71875,33.037502,46.950733,0.3361091,49.741684,0.19609477,0.2015596,0.68714875,0.66988593,0.00961748,0.28104612,0.95905066,0.033799876,-1.0,0
1763545051314,1009.7907,0.8129615,6.105287,10.062417,0.0037415468,-0.066126116,-0.12202024,47.90625,-42.2625,33.375,46.950733,0.3361091,49.741684,0.19733669,0.20034434,0.68677473,0.67026925,0.011408501,0.28097948,0.95902485,0.034521516,-1.0,0
1763545051340,1009.8105,0.2620141,6.4624157,10.1904335,-0.024205517,0.099723674,-0.18310672,50.081253,-41.79375,32.025,46.950733,0.3361091,49.741684,0.19766398,0.19998108,0.6859059,0.67117035,0.011981729,0.28092688,0.9589763,0.03606884,-1.0,0
1763545051365,1009.8339,-0.32362926,6.884749,10.566107,0.022067491,0.055130545,-0.19028437,51.91875,-41.362503,32.268753,46.950733,0.3361091,49.741684,0.19597277,0.20155993,0.68381417,0.6733248,0.009726816,0.28095755,0.95886713,0.03926947,-1.0,0
1763545051391,1009.8339,-0.24765715,6.8045893,10.0468645,0.06849321,-0.09010255,-0.159283,51.05625,-42.693752,32.60625,46.950733,0.3361091,49.741684,0.19667315,0.20181684,0.6824471,0.67442983,0.0100450115,0.28161937,0.958601,0.040911373,-1.0,0
1763545051416,1009.8525,0.87158567,5.611169,11.217552,-0.1550833,-0.0067195124,-0.25411975,51.05625,-43.443752,32.79375,46.950733,0.3361091,49.741684,0.1969945,0.20066929,0.6812696,0.6758674,0.011079525,0.28098443,0.95869106,0.04285389,-1.0,0
1763545051442,1009.8525,0.24466611,4.97408,11.294721,-0.12606722,0.10491603,-0.2489274,51.7125,-42.2625,33.73125,46.950733,0.3361091,49.741684,0.19559349,0.19976664,0.6799856,0.6778319,0.010762303,0.27937016,0.9590415,0.045562908,-1.0,0
1763545051467,1009.86664,0.38464624,4.572086,11.046466,-0.03413207,0.017104214,-0.15714496,50.9625,-41.8125,31.781252,46.950733,0.3361091,49.741684,0.1925191,0.19950002,0.6780668,0.6807067,0.008723699,0.27710602,0.9595397,0.049190342,-1.0,0
1763545051492,1009.87494,0.657428,4.2203407,10.417153,0.098272875,-0.19929464,-0.12278382,51.99375,-41.71875,32.1375,46.950733,0.3361091,49.741684,0.19399413,0.19858658,0.6768242,0.68179077,0.010470408,0.27741793,0.9593394,0.05096727,-1.0,0
1763545051517,1009.87494,0.23928227,4.215555,7.8909307,-0.07689261,-0.083688475,-0.06780599,49.518753,-43.725002,33.9,46.950733,0.3361091,49.741684,0.19567005,0.19647168,0.675203,0.6835298,0.013221261,0.27697128,0.959288,0.053652603,-1.0,0
1763545051543,1009.8588,0.047856454,4.307679,7.8173513,-0.15248711,-0.022754714,0.017867794,50.737503,-41.34375,32.550003,46.950733,0.3361091,49.741684,0.19477364,0.19517228,0.67559886,0.6837669,0.013437764,0.2754059,0.95973885,0.053594444,-1.0,0
1763545051567,1009.8332,0.62153566,4.666602,6.0251274,0.045433067,-0.19196425,0.09224058,52.031254,-42.206253,32.625,46.950733,0.3361091,49.741684,0.19536935,0.19392622,0.67607635,0.6834794,0.0147277685,0.27488118,0.95989764,0.05310337,-1.0,0
1763545051592,1009.8332,1.2969099,4.6498528,5.6997037,-0.05184715,-0.1075122,-0.002290743,50.11875,-42.16875,33.75,46.950733,0.3361091,49.741684,0.19722354,0.19278869,0.6762363,0.68311054,0.016909216,0.27527928,0.95976025,0.05287382,-1.0,0
1763545051618,1009.8046,1.1688938,4.5397825,6.7178497,-0.046807513,-0.09666935,-0.20051636,50.1375,-42.16875,32.662502,46.950733,0.3361091,49.741684,0.19819501,0.19106242,0.6747285,0.6848032,0.019030856,0.27463418,0.9597286,0.055990033,-1.0,0
1763545051643,1009.8046,0.17706887,4.366303,6.265606,0.108199425,-0.0736092,-0.33032513,49.687504,-42.09375,33.9375,46.950733,0.3361091,49.741684,0.19892494,0.19183102,0.6722217,0.68683887,0.019115657,0.27568984,0.9592202,0.059383526,-1.0,0
1763545051668,1009.7841,-0.25543383,4.8490553,6.1968126,0.054290608,0.085215636,-0.19364414,51.24375,-41.79375,32.2125,46.950733,0.3361091,49.741684,0.19901294,0.19314577,0.6701068,0.6885095,0.018296968,0.27672487,0.95877045,0.0620305,-1.0,0
1763545051694,1009.7734,-0.009571291,5.009374,6.5443697,0.06421716,0.037873615,-0.15958843,51.862503,-42.35625,32.8125,46.950733,0.3361091,49.741684,0.19853824,0.19574477,0.66767836,0.6902697,0.016201077,0.27833605,0.9581477,0.064957604,-1.0,0
1763545051719,1009.7734,-0.29790643,5.1415777,6.506683,0.06956223,0.02489274,-0.13515383,51.487503,-42.018753,32.2125,46.950733,0.3361091,49.741684,0.19871119,0.19674933,0.6666584,0.69091976,0.015671572,0.27919677,0.9578227,0.06617593,-1.0,0
1763545051744,1009.76263,-0.35234314,5.619544,8.017751,0.0072540194,0.025045456,0.08093958,50.5125,-42.487503,32.643753,46.950733,0.3361091,49.741684,0.19872451,0.19724147,0.66631573,0.6911061,0.015328821,0.27957228,0.95769864,0.06646543,-1.0,0
1763545051769,1009.788,0.16570297,5.9066825,8.678768,0.11293363,0.06750056,0.1434005,49.93125,-42.43125,33.6375,46.950733,0.3361091,49.741684,0.19943868,0.19845109,0.667693,0.6892223,0.015027906,0.2809498,0.9574632,0.064074665,-1.0,0
1763545051794,1009.788,0.2440679,6.238687,8.787043,0.1833358,0.04703659,0.107817635,52.050003,-42.84375,32.8125,46.950733,0.3361091,49.741684,0.20068802,0.19974531,0.6681495,0.6880424,0.015129682,0.2827454,0.957002,0.06303476,-1.0,0
1763545051819,1009.8073,0.41874397,6.5288167,9.604192,0.08498656,0.10873393,0.06383537,51.91875,-41.98125,33.862503,46.950733,0.3361091,49.741684,0.20189506,0.20063387,0.66839576,0.68719107,0.015463439,0.284212,0.956607,0.062349446,-1.0,0
1763545051844,1009.82245,-0.03888337,6.573682,9.983455,0.010766491,0.21868959,-0.0015271619,51.412502,-42.393753,32.23125,46.950733,0.3361091,49.741684,0.2007352,0.20324302,0.6692822,0.6859002,0.012931324,0.2853684,0.95638376,0.061055392,-1.0,0
1763545051869,1009.82245,-0.91884387,6.573682,10.189237,-0.024969097,0.24846925,0.0368046,52.237503,-42.693752,32.625,46.950733,0.3361091,49.741684,0.19896318,0.20470853,0.6700392,0.6852413,0.0106015,0.28527096,0.9565114,0.05995023,-1.0,0
1763545051894,1009.8388,-0.7040881,6.3338017,10.592427,-0.25266895,-0.021685699,0.13439025,52.537502,-41.90625,32.4,46.950733,0.3361091,49.741684,0.19787435,0.20469424,0.671134,0.684489,0.009725195,0.28453368,0.9568363,0.05839792,-1.0,0
1763545051919,1009.8388,-0.5371887,5.61416,11.576476,-0.33024877,0.09392046,0.13057235,51.018753,-42.318752,31.35,46.950733,0.3361091,49.741684,0.19649006,0.2027613,0.6724466,0.6841747,0.009931473,0.28217345,0.9576125,0.057076883,-1.0,0
1763545051944,1009.862,-0.8003992,4.9106703,11.423335,-0.13797908,0.18356487,0.14080434,50.86875,-41.456253,32.4,46.950733,0.3361091,49.741684,0.19149143,0.20071448,0.6757468,0.68294287,0.0074775578,0.27730733,0.9592587,0.053549558,-1.0,0
1763545051970,1009.8615,-0.3074777,4.875974,9.644272,0.047571093,-0.031917684,0.18280129,51.506252,-42.018753,31.743752,46.950733,0.3361091,49.741684,0.19201013,0.20030443,0.6768414,0.6818328,0.008072237,0.27735284,0.95933855,0.051766973,-1.0,0
1763545051995,1009.8615,0.17048861,4.734798,7.87119,-0.28657195,-0.07574723,-0.010384701,50.062504,-42.54375,32.7,46.950733,0.3361091,49.741684,0.19335198,0.19838515,0.67722553,0.68163323,0.010376342,0.27682847,0.95948565,0.05143599,-1.0,0
1763545052020,1009.83905,-0.52163535,4.5744786,8.223534,-0.47914705,0.14782928,-0.016798781,49.237503,-41.737503,30.581251,46.950733,0.3361091,49.741684,0.1878145,0.19378658,0.67865425,0.6830819,0.009395138,0.26970217,0.9615088,0.051703345,-1.0,0
1763545052045,1009.832,-0.9314062,4.1347976,9.070593,-0.43287405,0.19226968,0.07131846,51.15,-41.662502,30.525002,46.950733,0.3361091,49.741684,0.18359807,0.19207749,0.6802752,0.68309855,0.007351677,0.2656087,0.9627342,0.050406214,-1.0,0
1763545052070,1009.832,-0.65264237,4.0552363,7.201798,0.25618142,0.048258316,0.36163196,51.43125,-42.393753,31.7625,46.950733,0.3361091,49.741684,0.18187808,0.19206968,0.68221784,0.68162185,0.006001697,0.2644511,0.96319914,0.047718592,-1.0,0
1763545052095,1009.81976,0.4127619,4.395017,5.4867425,0.31680974,-0.24129158,0.39263335,49.350002,-41.850002,30.712502,46.950733,0.3361091,49.741684,0.1836479,0.19342984,0.6842009,0.6787691,0.006325688,0.26664892,0.96276814,0.043999065,-1.0,0
1763545052120,1009.81976,1.14018,4.321438,5.610571,0.09644028,-0.24999641,0.2490801,49.912502,-41.175003,31.706251,46.950733,0.3361091,49.741684,0.19116858,0.19191791,0.68670416,0.674581,0.012994571,0.2705717,0.9618016,0.039494626,-1.0,0
1763545052145,1009.8027,-0.40618163,4.2281175,6.675377,0.035964664,0.23182319,0.057574004,48.843754,-42.787502,32.2125,46.950733,0.3361091,49.741684,0.19101366,0.19180849,0.6874771,0.67386836,0.013051126,0.2703819,0.9618826,0.03879628,-1.0,0
1763545052171,1009.79706,-0.73459655,4.5714874,6.6717877,0.15722132,0.084452055,0.11300998,51.018753,-42.300003,30.562502,46.950733,0.3361091,49.741684,0.18982816,0.19344054,0.6882144,0.67298365,0.011087145,0.27079707,0.9618348,0.037680842,-1.0,0
1763545052196,1009.79706,-0.37567315,4.881358,6.605985,0.28275403,-0.1188132,0.15149446,49.18125,-41.25,31.1625,46.950733,0.3361091,49.741684,0.19330172,0.1960124,0.68893945,0.67050433,0.011832853,0.2750389,0.9607235,0.034984365,-1.0,0
1763545052221,1009.7961,0.05922236,5.280361,5.870192,0.28092143,-0.11377356,0.09117157,51.375004,-41.268753,30.6375,46.950733,0.3361091,49.741684,0.19618462,0.1971583,0.6887328,0.6695426,0.013205444,0.27782264,0.95992464,0.034422405,-1.0,0
1763545052247,1009.7944,-0.59641105,5.985048,8.47119,-0.0410043,-0.0070249448,0.038789913,48.9,-42.525,31.893751,46.950733,0.3361091,49.741684,0.1966638,0.19767669,0.6886725,0.6693112,0.013216822,0.27852833,0.9597242,0.03430462,-1.0,0
1763545052273,1009.7944,-0.11724831,6.113662,9.339187,0.0721584,-0.17211115,0.1075122,49.968754,-41.4375,33.7125,46.950733,0.3361091,49.741684,0.19832137,0.19686653,0.68910116,0.66861933,0.014888048,0.27904505,0.95959,0.033154886,-1.0,0
1763545052298,1009.8066,1.0971092,6.413363,9.473185,0.117056966,-0.23838998,0.06780599,49.781254,-42.5625,31.95,46.950733,0.3361091,49.741684,0.20088477,0.19593324,0.6888697,0.6683667,0.017458204,0.28007096,0.95924366,0.03327186,-1.0,0
1763545052323,1009.821,0.2656033,7.36451,9.324232,-0.26977316,0.00076358096,-0.2858847,51.206253,-42.787502,31.35,46.950733,0.3361091,49.741684,0.20155174,0.1955774,0.68795717,0.6692095,0.018304612,0.28024733,0.95911866,0.034896247,-1.0,0
1763545052349,1009.821,-0.509073,6.9990063,10.57508,-0.45181087,0.024740024,-0.30757043,49.425003,-42.862503,32.475002,46.950733,0.3361091,49.741684,0.19603081,0.19243264,0.68541735,0.67434764,0.016372059,0.2742086,0.9606735,0.040596105,-1.0,0
1763545052377,1009.85077,-0.45702913,6.443273,11.336596,-0.52328205,0.08414663,-0.18982624,50.906254,-42.075,31.181252,46.950733,0.3361091,49.741684,0.19158451,0.19000436,0.6852663,0.67646414,0.014640623,0.2694289,0.9619905,0.04204764,-1.0,0
1763545052402,1009.85077,-0.039481573,5.050052,12.731013,-0.32994333,0.19578215,-0.12293654,50.250004,-41.643753,31.85625,46.950733,0.3361091,49.741684,0.18662335,0.18772179,0.6857308,0.6780159,0.012479751,0.26440877,0.96337783,0.04284155,-1.0,0
1763545052428,1009.8725,-0.38464624,4.76411,11.977274,0.013668099,0.15317434,-0.03405571,51.43125,-39.525,30.993752,46.950733,0.3361091,49.741684,0.18129723,0.18753096,0.6860544,0.67918545,0.00862409,0.26069555,0.964408,0.04336736,-1.0,0
1763545052454,1009.8774,0.08733802,4.529015,9.884152,0.28657195,-0.08857539,0.07666353,50.718754,-41.5875,31.181252,46.950733,0.3361091,49.741684,0.18359484,0.18847822,0.685937,0.6784242,0.009663281,0.26294053,0.9638149,0.04277513,-1.0,0
1763545052480,1009.8774,2.3288147,4.0007997,8.286943,-0.29817837,-0.23487751,-0.18493931,51.225002,-40.66875,30.000002,46.950733,0.3361091,49.741684,0.18698943,0.18735294,0.68542343,0.67832774,0.0129889,0.2643813,0.96336067,0.04324346,-1.0,0
1763545052506,1009.8537,1.1264212,3.3918262,9.875179,-0.52038044,0.2046397,-0.36987862,50.79375,-41.325,29.60625,46.950733,0.3361091,49.741684,0.18125443,0.18177779,0.68341464,0.68340915,0.012812494,0.25638288,0.96521544,0.049626917,-1.0,0
1763545052531,1009.8566,-0.29072794,3.44387,10.162318,-0.34506226,0.46227193,-0.31703883,51.468754,-40.875,29.5125,46.950733,0.3361091,49.741684,0.17508176,0.18267214,0.6828229,0.6853686,0.007654453,0.25291133,0.9660837,0.05157048,-1.0,0
1763545052556,1009.8566,-0.36610186,4.282554,6.472585,0.3850739,-0.035124727,-0.08307761,52.312504,-40.93125,31.125002,46.950733,0.3361091,49.741684,0.17281803,0.18518704,0.6822164,0.685872,0.0042414498,0.25326332,0.9659804,0.052168857,-1.0,0
1763545052581,1009.82513,0.032901313,4.499105,4.5948176,0.35544693,-0.1924224,-0.0772744,52.3875,-41.41875,30.225,46.950733,0.3361091,49.741684,0.17900458,0.18904065,0.6793691,0.68606025,0.006231289,0.2602694,0.963997,0.054136343,-1.0,0
1763545052606,1009.82513,0.4019942,4.63071,4.3357944,0.035201084,0.04535671,-0.14202607,50.850002,-40.95,30.675001,46.950733,0.3361091,49.741684,0.1790665,0.19006105,0.6783881,0.6867325,0.005655968,0.2610671,0.96370596,0.055522934,-1.0,0
1763545052632,1009.7885,-0.47976094,4.784449,6.9798636,-0.08147409,0.1800524,-0.16416991,51.956253,-41.9625,31.687502,46.950733,0.3361091,49.741684,0.1762285,0.19089013,0.67776656,0.6878495,0.0030490386,0.25978112,0.96398044,0.056975335,-1.0,0
1763545052657,1009.78436,-0.44207397,4.913063,6.800402,0.084375694,0.1197295,-0.062002774,52.55625,-41.268753,30.0375,46.950733,0.3361091,49.741684,0.17431267,0.19198209,0.67709523,0.6886944,0.00089970493,0.25930908,0.9640466,0.05807001,-1.0,0
1763545052682,1009.78436,-0.2853441,5.0709896,6.7926254,0.20838125,0.020616686,0.022449281,52.331253,-41.662502,29.94375,46.950733,0.3361091,49.741684,0.17548993,0.19522458,0.6764422,0.68812543,-0.00039429794,0.26250565,0.9631799,0.05809563,-1.0,0
1763545052708,1009.7729,0.08793623,5.723632,7.2705917,0.31207556,-0.29168794,0.14019346,51.91875,-39.975002,31.275002,46.950733,0.3361091,49.741684,0.1787407,0.1961048,0.67618465,0.687291,0.0014407506,0.26533613,0.96242774,0.057685155,-1.0,0
1763545052732,1009.7719,0.4031906,6.04427,7.4530444,0.28367034,-0.18524474,0.12705988,51.750004,-42.24375,31.575,46.950733,0.3361091,49.741684,0.18318532,0.19615468,0.6759683,0.6863187,0.0047284625,0.26834896,0.9616116,0.057179727,-1.0,0
1763545052757,1009.7719,0.18723837,6.323034,8.072785,0.15599959,0.010384701,0.083230324,52.18125,-41.79375,29.025002,46.950733,0.3361091,49.741684,0.18679094,0.1966707,0.67591643,0.6852494,0.007125279,0.27114472,0.9608438,0.056647502,-1.0,0
1763545052783,1009.7873,0.06281159,6.4408803,9.212965,0.11247548,0.052839804,0.06826414,52.031254,-42.206253,32.30625,46.950733,0.3361091,49.741684,0.18893968,0.19881657,0.67646575,0.6834968,0.0073909527,0.27417442,0.9600575,0.055348016,-1.0,0
1763545052808,1009.811,0.31106696,6.500701,9.482158,0.17753258,0.05329795,-0.055283263,51.937504,-41.34375,31.500002,46.950733,0.3361091,49.741684,0.19005693,0.20002438,0.6763862,0.6829131,0.0074632233,0.2758182,0.9595978,0.05514165,-1.0,0
1763545052833,1009.811,0.2428715,6.7130637,9.025727,-0.003130682,0.095142186,-0.13637556,49.18125,-42.506252,33.24375,46.950733,0.3361091,49.741684,0.19021392,0.20246844,0.675073,0.6834484,0.0060721403,0.27773714,0.95895386,0.056857176,-1.0,0
1763545052859,1009.8239,-0.45583272,6.8853474,9.531211,-0.26229006,0.17562363,-0.19074252,51.99375,-41.71875,32.1375,46.950733,0.3361091,49.741684,0.18716744,0.20238224,0.6746199,0.6847611,0.0039053152,0.27563557,0.959486,0.058278825,-1.0,0
1763545052884,1009.8586,-0.92602235,6.0837517,11.625529,-0.39576402,-0.032223117,-0.08032872,53.41875,-40.575,31.312502,46.950733,0.3361091,49.741684,0.18346086,0.20077464,0.6746262,0.6862297,0.002196696,0.27196234,0.96047825,0.059272546,-1.0,0
1763545052909,1009.8586,-0.48095736,5.1409793,11.849856,-0.2700786,-0.037415467,-0.046425723,52.237503,-40.575,31.275002,46.950733,0.3361091,49.741684,0.17883699,0.19610265,0.6749525,0.6884768,0.001788937,0.26539728,0.9622444,0.060388893,-1.0,0
1763545052935,1009.87885,-0.9314062,4.5218368,11.33181,-0.16348268,0.07177661,-0.042455103,53.04375,-41.60625,32.025,46.950733,0.3361091,49.741684,0.17685883,0.19530866,0.6751645,0.6890053,0.0008177975,0.26348406,0.96276283,0.060524575,-1.0,0
1763545052961,1009.87885,-0.87158567,4.2508492,9.661619,-0.02573268,-0.08429934,0.13408482,53.68125,-41.53125,30.4125,46.950733,0.3361091,49.741684,0.17570442,0.19481899,0.67581254,0.688804,0.00020082676,0.26234794,0.9631295,0.059624057,-1.0,0
1763545052987,1009.8754,-0.2620141,4.316652,8.860622,-0.037033677,-0.18035783,0.15515965,52.068752,-40.706253,30.825,46.950733,0.3361091,49.741684,0.1769746,0.19193122,0.6774445,0.6876855,0.0029681853,0.26105323,0.9636178,0.057298824,-1.0,0
1763545053011,1009.86664,0.10767702,4.3334017,8.148159,-0.08880447,-0.16890411,0.10949751,51.3375,-41.287502,32.79375,46.950733,0.3361091,49.741684,0.1776276,0.18992108,0.6780753,0.68745345,0.0048111677,0.259997,0.9639284,0.056749232,-1.0,0
1763545053036,1009.86664,-0.16211374,3.8650067,7.6331043,-0.17631085,0.17623448,0.03970621,51.487503,-40.65,31.66875,46.950733,0.3361091,49.741684,0.17654808,0.18840514,0.67881817,0.68741554,0.0050559407,0.25814754,0.9644479,0.05634284,-1.0,0
1763545053061,1009.8464,-0.25663024,3.673581,7.2269225,-0.006185006,0.15622866,0.055588696,54.15,-39.975002,29.493752,46.950733,0.3361091,49.741684,0.17425993,0.18825653,0.6797245,0.6871445,0.0034704118,0.25650537,0.96493655,0.055591095,-1.0,0
1763545053086,1009.8134,-0.31585258,3.5449667,6.4151573,0.18761185,-0.098196514,0.083993904,51.506252,-40.631252,30.581251,46.950733,0.3361091,49.741684,0.17518413,0.18950321,0.68043625,0.6858612,0.0033122925,0.25805032,0.9646086,0.05412247,-1.0,0
1763545053111,1009.8134,0.7106683,4.298706,5.816354,0.20929754,-0.05986475,0.11911863,51.6375,-40.74375,29.79375,46.950733,0.3361091,49.741684,0.17904504,0.18881573,0.680431,0.6850585,0.006644236,0.26012373,0.9640668,0.0535418,-1.0,0
1763545053137,1009.79803,0.2105684,4.4596233,5.704489,0.15493058,0.1424842,0.016493348,50.737503,-39.35625,31.050001,46.950733,0.3361091,49.741684,0.18123284,0.1895582,0.6807448,0.6839655,0.007834195,0.2621379,0.96355605,0.05274566,-1.0,0
1763545053162,1009.79803,-0.52283174,4.3274198,5.7954164,0.16165009,0.034819294,-0.026419902,51.318752,-42.2625,30.54375,46.950733,0.3361091,49.741684,0.18253396,0.19302921,0.68036205,0.683029,0.006548366,0.26558626,0.96263105,0.052559406,-1.0,0
1763545053188,1009.7839,-1.1001002,4.727021,6.261419,0.18012875,-0.11713332,0.06811142,52.66875,-40.65,30.768751,46.950733,0.3361091,49.741684,0.18488108,0.19331975,0.6796036,0.68307066,0.008047995,0.26737383,0.9621052,0.05291561,-1.0,0
1763545053212,1009.7751,-1.561915,5.6536417,7.641479,0.18180864,0.062460925,0.16416991,51.24375,-43.275,31.5375,46.950733,0.3361091,49.741684,0.186917,0.19397007,0.6794086,0.6825259,0.009030428,0.2692226,0.96161443,0.052300118,-1.0,0
1763545053237,1009.7751,-1.146162,5.9449677,7.9926257,0.2957349,-0.042607818,0.2706131,51.73125,-40.875,32.41875,46.950733,0.3361091,49.741684,0.19055378,0.19722937,0.6811867,0.6788038,0.00932436,0.27408615,0.96048355,0.04755163,-1.0,0
1763545053262,1009.77875,0.11964113,6.2668023,8.319246,0.35346162,-0.5250383,0.26832235,50.756252,-41.98125,33.05625,46.950733,0.3361091,49.741684,0.19687927,0.19586681,0.6812206,0.67735755,0.014893388,0.27731472,0.95954645,0.04631762,-1.0,0
1763545053287,1009.7966,1.1383854,6.422934,9.939187,0.0834594,-0.5227475,-0.057574004,50.025,-42.037502,32.04375,46.950733,0.3361091,49.741684,0.20424582,0.19193162,0.68001056,0.6775186,0.023072971,0.27932373,0.9587436,0.047503956,-1.0,0
1763545053312,1009.7966,-0.11365908,6.7848487,9.563514,-0.13309216,0.14004076,-0.083688475,51.43125,-40.912502,32.456253,46.950733,0.3361091,49.741684,0.20833817,0.18900912,0.67848223,0.67862546,0.028176444,0.27988446,0.95833135,0.049717,-1.0,0
1763545053337,1009.80975,-0.21415763,7.1377897,10.447661,-0.34338236,0.1386663,-0.04382955,50.41875,-40.0125,32.98125,46.950733,0.3361091,49.741684,0.20326239,0.1882056,0.6790048,0.67986435,0.02493049,0.2758902,0.9595516,0.050238196,-1.0,0
1763545053362,1009.80975,0.33260235,6.832705,11.743376,-0.4163807,-0.19547673,-0.080176,49.800003,-41.0625,31.556252,46.950733,0.3361091,49.741684,0.20164625,0.18441328,0.67882735,0.68156,0.026252296,0.2719932,0.9605585,0.051554933,-1.0,0
1763545053387,1009.83734,0.7812566,5.285147,13.718651,-0.43837184,0.13881902,-0.11438443,52.050003,-39.225002,32.287502,46.950733,0.3361091,49.741684,0.19927897,0.18038346,0.67870075,0.6834581,0.027222928,0.26741207,0.9617297,0.053157087,-1.0,0
1763545053412,1009.8725,0.47198427,4.398008,13.89871,-0.20945026,0.274431,-0.05589413,51.2625,-38.925003,31.275002,46.950733,0.3361091,49.741684,0.19135049,0.17822754,0.6797197,0.6852745,0.022815451,0.26049864,0.96369493,0.053962745,-1.0,0
1763545053437,1009.8725,0.55812585,3.5712879,12.799209,0.15538873,0.109650224,0.04780017,50.475002,-39.768753,32.9625,46.950733,0.3361091,49.741684,0.1911937,0.17925155,0.6801312,0.68464255,0.022001335,0.2611553,0.96358,0.053173337,-1.0,0
1763545053462,1009.8769,1.39023,3.5605202,8.553144,0.5779544,-0.34254244,0.10522146,52.218754,-40.575,32.362503,46.950733,0.3361091,49.741684,0.19514108,0.18035166,0.68001354,0.68335557,0.02421567,0.26461363,0.96262723,0.052364685,-1.0,0
1763545053487,1009.86005,1.5762719,3.7178483,6.6161547,0.45639235,-0.36926776,0.07422007,50.906254,-40.706253,31.10625,46.950733,0.3361091,49.741684,0.20122378,0.18115166,0.67918324,0.68220466,0.028273845,0.2692722,0.96122533,0.052334484,-1.0,0
1763545053512,1009.86005,2.216352,3.7998023,5.536393,0.1862374,-0.17318016,-0.00763581,50.568752,-40.85625,31.312502,46.950733,0.3361091,49.741684,0.20945425,0.18103394,0.6775887,0.6813437,0.034726188,0.27466062,0.9594143,0.053663637,-1.0,0
1763545053537,1009.81146,1.3651053,3.946961,5.2552366,-0.20044,0.2858847,-0.24709481,51.112503,-39.5625,32.100002,46.950733,0.3361091,49.741684,0.20839804,0.18127428,0.6770351,0.68215346,0.03396662,0.27411017,0.95950663,0.055288978,-1.0,0
1763545053562,1009.81146,0.80817586,4.1084766,5.4496536,-0.16653702,0.25870124,-0.29367325,50.943752,-40.443752,31.087502,46.950733,0.3361091,49.741684,0.20511882,0.1821794,0.6763718,0.68356276,0.031069657,0.2725761,0.9599237,0.057301234,-1.0,0
1763545053587,1009.77655,0.48933223,4.415954,5.1924253,-0.06131555,0.050396346,-0.29199335,51.787502,-39.225002,30.16875,46.950733,0.3361091,49.741684,0.20103517,0.18387866,0.6735065,0.6871408,0.027052717,0.27109897,0.9601433,0.062436674,-1.0,0
1763545053612,1009.7536,0.50787663,4.633103,4.962714,-0.08727731,-0.084757484,-0.29168794,51.375004,-40.537502,31.518751,46.950733,0.3361091,49.741684,0.20076747,0.18345715,0.67152095,0.68927175,0.02719093,0.2706007,0.9600725,0.06554885,-1.0,0
1763545053637,1009.7536,0.29252258,4.933402,6.38764,-0.360792,0.11041381,-0.30772313,51.54375,-40.3875,31.331251,46.950733,0.3361091,49.741684,0.19912829,0.18271378,0.66982484,0.69159114,0.026529836,0.26894715,0.9603398,0.06863731,-1.0,0
1763545053662,1009.73724,-0.46002015,4.987241,7.996215,-0.26763514,0.20234896,-0.2594648,53.175003,-40.331253,30.225,46.950733,0.3361091,49.741684,0.19574301,0.18186453,0.6685724,0.6939891,0.024629816,0.2660515,0.96099067,0.07146232,-1.0,0
1763545053690,1009.74335,-1.160519,5.1296134,8.203793,0.064522594,0.061239194,-0.08567379,53.475002,-39.5625,30.768751,46.950733,0.3361091,49.741684,0.19202006,0.18324938,0.6670296,0.69614613,0.020867975,0.26460642,0.96129686,0.07386671,-1.0,0
1763545053715,1009.74335,0.064008005,6.17767,7.372287,0.3675115,-0.14553854,0.26313,51.825,-39.61875,32.193752,46.950733,0.3361091,49.741684,0.19555534,0.18392098,0.6670501,0.6949643,0.022962287,0.26747257,0.960549,0.07264183,-1.0,0
1763545053740,1009.7546,0.3397808,6.3942204,7.5936227,0.30153814,-0.0009162972,0.2771799,52.537502,-39.16875,30.843752,46.950733,0.3361091,49.741684,0.19957875,0.18504168,0.667823,0.6927772,0.025217557,0.27099112,0.95966405,0.07051804,-1.0,0
1763545053765,1009.7614,0.58624154,6.480362,8.03809,0.26335907,0.027794348,0.1904371,52.518753,-39.16875,31.462502,46.950733,0.3361091,49.741684,0.20455487,0.18836315,0.66987485,0.6884362,0.026794855,0.2767768,0.9582757,0.06621483,-1.0,0
1763545053790,1009.7614,0.31585258,6.13101,8.263015,0.13736822,0.1291979,-0.08613193,51.7125,-39.506252,32.04375,46.950733,0.3361091,49.741684,0.20626226,0.18991134,0.6697654,0.68760735,0.02711793,0.27906108,0.9576217,0.065956265,-1.0,0
1763545053815,1009.778,-0.56769717,6.069993,8.498708,-0.08147409,0.23655738,-0.13637556,52.518753,-39.80625,32.737503,46.950733,0.3361091,49.741684,0.20638725,0.1918665,0.66918975,0.6875876,0.025970282,0.2805958,0.9571646,0.066539265,-1.0,0
1763545053840,1009.778,-1.8771694,6.608378,9.15135,-0.32184938,0.42592546,-0.10002911,51.73125,-39.487503,30.487501,46.950733,0.3361091,49.741684,0.19897172,0.19457898,0.66954887,0.6886607,0.018545263,0.27768108,0.9581691,0.066792816,-1.0,0
1763545053865,1009.7924,-1.8969102,6.1513486,12.468401,-0.65461797,0.0030543238,0.123852834,52.29375,-39.5625,31.050001,46.950733,0.3361091,49.741684,0.19315305,0.19369775,0.6711498,0.6890073,0.014613288,0.2731545,0.9596373,0.06534027,-1.0,0
1763545053890,1009.8276,-0.76570326,4.7198424,14.343776,-0.45914125,-0.14416409,0.15225805,52.275,-36.825,30.281252,46.950733,0.3361091,49.741684,0.18862374,0.18960302,0.6730911,0.6895071,0.013785147,0.26709208,0.96146166,0.06374414,-1.0,0
1763545053915,1009.8276,-1.4153546,3.970291,13.434503,-0.09353867,0.12278382,0.12843432,51.562504,-38.8875,31.25625,46.950733,0.3361091,49.741684,0.18424353,0.18470228,0.67606634,0.6891108,0.013567498,0.26053125,0.9634654,0.060611937,-1.0,0
1763545053941,1009.8581,-2.0895324,4.0707893,11.163714,0.074143715,0.09911281,0.22647811,53.718754,-39.15,29.79375,46.950733,0.3361091,49.741684,0.18371122,0.18528989,0.67764354,0.6875442,0.012593168,0.26062152,0.96363264,0.05770612,-1.0,0
1763545053966,1009.86615,-2.2205393,3.9361932,9.409177,-0.14928009,0.16142102,0.32421649,50.831253,-38.2125,29.737501,46.950733,0.3361091,49.741684,0.1838915,0.18450703,0.6795815,0.68579155,0.013067052,0.2601695,0.96393925,0.054425742,-1.0,0
1763545053992,1009.86615,-3.144767,3.8644085,9.042477,-0.2627482,0.36071566,0.4176788,53.2125,-37.350002,29.587502,46.950733,0.3361091,49.741684,0.17783949,0.1842576,0.68602806,0.68101966,0.008345368,0.2559455,0.96560335,0.04508182,-1.0,0
1763545054017,1009.8591,-3.6346977,3.6448672,9.613763,-0.32719445,0.3819432,0.5998692,52.443752,-37.425003,30.300001,46.950733,0.3361091,49.741684,0.17343803,0.18392642,0.69109344,0.6771116,0.0050249808,0.25275367,0.9667819,0.037724067,-1.0,0
1763545054042,1009.8591,-4.1898327,3.315854,10.176077,-0.15538873,0.364839,0.8269582,50.906254,-37.95,28.63125,46.950733,0.3361091,49.741684,0.17046998,0.1841952,0.69727355,0.67143255,0.0023249378,0.25096312,0.96758497,0.02813174,-1.0,0
1763545054067,1009.861,-2.4544377,3.2925239,8.850452,0.39240426,0.2490801,1.3703225,50.025,-37.912502,29.493752,46.950733,0.3361091,49.741684,0.17048708,0.18529844,0.70472074,0.66330034,0.0012373382,0.25179324,0.96765244,0.015727397,-1.0,0
1763545054092,1009.84906,-1.46022,3.7393837,7.3112698,0.47792533,0.36178467,1.3353504,48.675003,-37.3125,29.925001,46.950733,0.3361091,49.741684,0.17281973,0.1875263,0.7130779,0.6530599,0.0011779224,0.2550125,0.96693593,0.0014547213,-1.0,0
1763545054118,1009.84906,-2.376671,4.0594234,7.21436,0.23953535,0.7316633,1.245706,48.956253,-37.29375,30.975,46.950733,0.3361091,49.741684,0.1750361,0.19488345,0.7291318,0.6322575,0.0024298828,-0.26193756,-0.9647374,0.0257774,-1.0,0
1763545054143,1009.82,-2.0991037,4.026522,7.2341013,0.3853793,0.7031054,1.2877029,48.131252,-37.0125,31.2,46.950733,0.3361091,49.741684,0.17323706,0.19926347,0.7373626,0.62175506,0.006905922,-0.26394945,-0.963691,0.039782748,-1.0,0
1763545054168,1009.7973,-1.4979069,4.188038,6.1645093,0.56665343,0.6359102,1.2687662,47.325,-38.943752,29.38125,46.950733,0.3361091,49.741684,0.17338029,0.21032612,0.7526441,0.5993572,0.014630138,-0.2721833,-0.95973706,0.0678744,-1.0,0
1763545054193,1009.7973,-0.7716853,4.953741,6.157929,0.15829034,0.69287336,1.1368194,45.581253,-38.756252,30.937502,46.950733,0.3361091,49.741684,0.17399035,0.21552876,0.7594458,0.5886568,0.017832434,-0.2764187,-0.9574676,0.080811314,-1.0,0
1763545054218,1009.7712,-0.59940207,5.061418,7.9722867,0.059635673,0.8145882,1.0381647,45.3375,-37.78125,31.06875,46.950733,0.3361091,49.741684,0.17211705,0.21910831,0.7665682,0.57856756,0.02175313,-0.27777606,-0.9558405,0.09346755,-1.0,0
1763545054244,1009.77094,-0.9840483,5.1092744,8.852247,0.15813762,0.8688024,0.994946,43.725002,-37.8375,31.087502,46.950733,0.3361091,49.741684,0.16483495,0.22690326,0.7799571,0.55947423,0.03250248,-0.27856636,-0.9527135,0.116967484,-1.0,0
1763545054269,1009.77094,-1.0713863,5.3156557,8.983254,0.32811075,0.72723454,1.0248784,44.568752,-37.875,31.931252,46.950733,0.3361091,49.741684,0.16305168,0.23171194,0.7858588,0.5496815,0.037157703,-0.28088358,-0.95038,0.1284581,-1.0,0
1763545054294,1009.7707,0.4743771,5.986842,8.60459,0.35926485,0.3675879,0.95188004,44.737503,-39.3375,30.6,46.950733,0.3361091,49.741684,0.1641323,0.23565918,0.79104733,0.5401569,0.039098106,-0.2845101,-0.9477105,0.13917662,-1.0,0
1763545054319,1009.7707,0.2955136,6.1716876,8.825328,0.23403756,0.49342602,0.8338304,43.78125,-37.575,30.750002,46.950733,0.3361091,49.741684,0.16540271,0.23882113,0.79573196,0.53142947,0.040297765,-0.2876972,-0.9452429,0.14873555,-1.0,0
1763545054345,1009.7734,-0.30329028,6.5647087,8.563314,0.034742933,0.71043575,0.7939715,43.21875,-36.6375,31.687502,46.950733,0.3361091,49.741684,0.16137908,0.24446091,0.805231,0.5155569,0.04704426,-0.2891214,-0.9414863,0.16673085,-1.0,0
1763545054370,1009.7695,0.6430711,6.1268225,10.967503,-0.24121523,0.26542073,0.7619011,41.943752,-38.625,30.69375,46.950733,0.3361091,49.741684,0.15784974,0.2447888,0.81043524,0.50828797,0.04990492,-0.2869627,-0.94035923,0.1757453,-1.0,0
1763545054395,1009.7695,1.4350954,5.6584272,11.413764,-0.2202931,0.28130323,0.6878337,41.90625,-37.5,29.550001,46.950733,0.3361091,49.741684,0.1563541,0.2429199,0.81516105,0.50205165,0.049696553,-0.28458205,-0.939632,0.1833984,-1.0,0
1763545054420,1009.79364,1.0522437,5.3150573,11.29831,-0.20639594,0.6163626,0.5742129,40.987503,-36.75,31.7625,46.950733,0.3361091,49.741684,0.15023434,0.24108388,0.8238029,0.4905681,0.052641716,-0.2791427,-0.938421,0.1966575,-1.0,0
1763545054445,1009.8017,-0.18065812,4.6755753,10.0014,0.06849321,0.6534726,0.6217076,39.73125,-37.237503,31.0125,46.950733,0.3361091,49.741684,0.14432986,0.24263574,0.8280928,0.484313,0.057918392,-0.27631262,-0.937432,0.20375988,-1.0,0
1763545054471,1009.8017,0.1274178,4.6151567,8.22772,0.20761767,0.3575086,0.61346096,40.96875,-36.99375,30.712502,46.950733,0.3361091,49.741684,0.14063771,0.24500798,0.83182544,0.47776434,0.06216779,-0.27557763,-0.9358057,0.210855,-1.0,0
1763545054497,1009.7922,0.61794645,4.4662037,7.3495545,-0.0054214248,0.3346012,0.549931,42.206253,-35.98125,29.437502,46.950733,0.3361091,49.741684,0.13866226,0.24789995,0.83768123,0.46648535,0.065472566,-0.27639636,-0.9325742,0.22276382,-1.0,0
1763545054522,1009.7922,0.64845496,4.113262,8.155936,-0.2543488,0.62812173,0.47845984,39.225002,-36.16875,30.525002,46.950733,0.3361091,49.741684,0.1336722,0.24782014,0.84132224,0.46140426,0.06900293,-0.27298653,-0.93189794,0.2286552,-1.0,0
1763545054547,1009.77826,-0.0041874396,4.1180477,7.880163,-0.016722424,0.60689414,0.42363474,39.99375,-36.825,28.95,46.950733,0.3361091,49.741684,0.1274251,0.24870981,0.84487504,0.45617136,0.07410679,-0.26944745,-0.93106735,0.23456308,-1.0,0
1763545054572,1009.7641,0.011365907,4.3208394,6.5443697,0.09048434,0.31658068,0.41340274,38.7,-36.075,27.956251,46.950733,0.3361091,49.741684,0.12212662,0.2520115,0.849554,0.44702727,0.08014081,-0.26833218,-0.9284319,0.2441095,-1.0,0
1763545054598,1009.7641,0.12981063,4.5206404,6.0981083,-0.06818778,0.27855435,0.38789913,40.59375,-36.018753,28.987501,46.950733,0.3361091,49.741684,0.12058926,0.2522768,0.8516933,0.44320798,0.08144426,-0.2674924,-0.92743886,0.24833806,-1.0,0
1763545054623,1009.748,-0.44626144,4.359723,7.6019974,-0.29619306,0.75945765,0.34865108,41.081253,-34.350002,29.00625,46.950733,0.3361091,49.741684,0.11629214,0.25200376,0.8543427,0.43939614,0.084396645,-0.26439923,-0.9268493,0.25282535,-1.0,0
1763545054648,1009.74335,-0.631107,4.510471,8.273783,-0.10178535,0.70875585,0.4566214,39.43125,-36.018753,28.95,46.950733,0.3361091,49.741684,0.10964296,0.2523471,0.857377,0.4349759,0.094462164,-0.2577575,-0.92465955,0.26389894,-1.0,0
1763545054673,1009.74335,-0.56530434,4.599005,7.2765737,0.26870415,0.30008733,0.525191,40.275,-34.912502,27.112501,46.950733,0.3361091,49.741684,0.10414447,0.2568018,0.8621044,0.42424372,0.09653273,-0.2597589,-0.9224082,0.2690165,-1.0,0
1763545054698,1009.73334,0.7112665,5.2869415,6.017949,0.19341506,0.092546016,0.5503892,41.268753,-35.0625,27.018751,46.950733,0.3361091,49.741684,0.10724596,0.25919133,0.8634781,0.41919422,0.09587692,-0.26360852,-0.91999286,0.27373582,-1.0,0
1763545054724,1009.73334,0.80877405,5.608776,6.9242306,0.036728244,0.44501498,0.49861836,38.643753,-34.95,27.13125,46.950733,0.3361091,49.741684,0.10888601,0.2607955,0.86525464,0.41408208,0.0957491,-0.26589954,-0.91785306,0.27870294,-1.0,0
1763545054749,1009.7231,0.5712864,5.7284174,8.109874,0.06269,0.5571087,0.45937032,38.081253,-35.643753,27.075,46.950733,0.3361091,49.741684,0.10395527,0.26478156,0.86977744,0.40320134,0.10199287,-0.26554364,-0.91393584,0.28949142,-1.0,0
1763545054774,1009.7326,0.35712877,5.727819,8.56152,0.2683987,0.41279188,0.44104436,41.4375,-34.18125,27.4125,46.950733,0.3361091,49.741684,0.10282908,0.2681382,0.87122744,0.39810896,0.10502891,-0.26728418,-0.91163546,0.29402182,-1.0,0
1763545054799,1009.7326,0.33499518,6.3996043,8.000402,0.25740314,0.25900668,0.40255988,40.29375,-33.300003,27.937502,46.950733,0.3361091,49.741684,0.103370614,0.2718594,0.8721046,0.39349788,0.10709378,-0.27041435,-0.90922254,0.29786128,-1.0,0
1763545054825,1009.738,0.94695956,6.502496,8.588439,0.017180571,0.33521205,0.341168,38.79375,-34.0875,28.9125,46.950733,0.3361091,49.741684,0.101845324,0.27585363,0.87472427,0.38521388,0.110860705,-0.27235568,-0.90562797,0.30556542,-1.0,0
1763545054850,1009.7548,0.7704889,6.719046,9.783055,-0.18180864,0.44669488,0.17119485,39.61875,-34.36875,29.00625,46.950733,0.3361091,49.741684,0.09822246,0.27573827,0.87630635,0.38263288,0.11336731,-0.26986495,-0.90515846,0.3082351,-1.0,0
1763545054875,1009.7548,-0.66400826,6.908677,10.951351,-0.19005531,0.16768238,0.12980877,38.41875,-34.612503,27.13125,46.950733,0.3361091,49.741684,0.09408556,0.27525172,0.8776904,0.38084647,0.11603603,-0.26674184,-0.90504426,0.31028917,-1.0,0
1763545054900,1009.77484,-0.1274178,6.5108705,10.904093,-0.20105088,0.013286309,0.112399116,39.5625,-33.99375,28.050001,46.950733,0.3361091,49.741684,0.091710076,0.27224967,0.8798148,0.3786758,0.11571775,-0.2629449,-0.90520924,0.31315425,-1.0,0
1763545054925,1009.8029,-0.17288144,5.6374903,10.8556385,-0.29634577,0.25213444,0.02565632,39.84375,-33.975002,28.48125,46.950733,0.3361091,49.741684,0.08862111,0.27039504,0.880976,0.37803975,0.11665218,-0.25953698,-0.90575707,0.31406522,-1.0,0
1763545054950,1009.8029,-2.347359,4.7042894,9.156734,-0.07506001,0.26374087,0.10384701,39.09375,-34.275,25.650002,46.950733,0.3361091,49.741684,0.08309771,0.26995796,0.8821202,0.37693685,0.120355114,-0.25553313,-0.9059644,0.31535056,-1.0,0
1763545054975,1009.8061,-1.8311075,4.705486,8.1344,-0.046654798,-0.20051636,0.24373505,39.600002,-33.975002,25.275002,46.950733,0.3361091,49.741684,0.08041849,0.27001622,0.8829382,0.37555894,0.12238566,-0.2537669,-0.9056279,0.3169578,-1.0,0
1763545055000,1009.8061,-0.99601245,4.6612186,7.7066836,-0.16195552,-0.21609342,0.27290383,39.825,-34.21875,26.962502,46.950733,0.3361091,49.741684,0.083911404,0.2663526,0.8849818,0.37258896,0.11743621,-0.25336447,-0.9050122,0.32088646,-1.0,0
1763545055025,1009.79926,-0.77826554,4.540381,8.447262,-0.384463,-0.0048869182,0.25427246,37.443752,-33.7125,26.718752,46.950733,0.3361091,49.741684,0.08353298,0.26318467,0.8866883,0.37086406,0.11559805,-0.25076085,-0.9050899,0.32337022,-1.0,0
1763545055050,1009.7846,-0.47258246,4.3926244,8.796016,-0.21571162,-0.06704241,0.26542073,37.29375,-32.34375,25.575,46.950733,0.3361091,49.741684,0.08270696,0.25964478,0.88856614,0.36904475,0.1138327,-0.24758428,-0.90523976,0.32601404,-1.0,0
1763545055075,1009.7846,-0.31944183,4.358526,7.6067834,0.03291034,-0.0810923,0.26496258,40.0125,-32.68125,25.612501,46.950733,0.3361091,49.741684,0.08447485,0.25683403,0.8908618,0.36505556,0.1105595,-0.24673124,-0.90434575,0.3302409,-1.0,0
1763545055101,1009.77264,-0.16331014,4.3471603,6.1645093,0.07918335,-0.053145237,0.24312419,38.831253,-33.318752,27.16875,46.950733,0.3361091,49.741684,0.08583431,0.25717312,0.891465,0.3630213,0.109779164,-0.24789932,-0.9034267,0.33213645,-1.0,0
1763545055126,1009.77264,0.22911277,4.2969112,6.409774,-0.14454588,0.0021380268,0.04703659,38.4375,-34.59375,26.5125,46.950733,0.3361091,49.741684,0.086175255,0.2569033,0.892127,0.36150223,0.10935342,-0.24792603,-0.90288204,0.3337342,-1.0,0
1763545055151,1009.7453,-0.096909314,4.2741795,7.238887,-0.087124586,0.022143848,-0.00320704,38.775,-33.581253,27.187502,46.950733,0.3361091,49.741684,0.085539564,0.25502962,0.8928582,0.3611747,0.10851793,-0.24613206,-0.9032606,0.33431002,-1.0,0
1763545055177,1009.74115,-0.41754755,4.391428,7.164111,0.047876526,0.067958705,-0.0058032153,38.381252,-31.987501,26.531252,46.950733,0.3361091,49.741684,0.085102044,0.25566533,0.89278114,0.3610189,0.10925218,-0.24631502,-0.90312225,0.33430994,-1.0,0
1763545055202,1009.74115,-0.07298109,5.304888,6.6921268,0.14057526,0.03497201,-0.010079269,37.85625,-33.9,25.7625,46.950733,0.3361091,49.741684,0.08467663,0.25721538,0.8925807,0.36051324,0.1106323,-0.24716467,-0.9026039,0.33462858,-1.0,0
1763545055227,1009.7343,-0.50787663,5.690132,6.998408,0.108504854,-0.054825112,-0.13881902,39.393753,-31.893751,27.806252,46.950733,0.3361091,49.741684,0.084895425,0.25874782,0.89217216,0.36037672,0.1118269,-0.24967365,-0.9022757,0.33325136,-1.0,0
1763545055252,1009.73944,-1.8568304,5.6410794,7.679166,0.06269,-0.0010690134,-0.12110394,40.8375,-33.73125,25.275002,46.950733,0.3361091,49.741684,0.08536812,0.26078436,0.89063686,0.3625877,0.112693116,-0.25019282,-0.90234065,0.3323931,-1.0,0
1763545055278,1009.73944,-0.29491538,6.0029936,8.841479,0.12454005,-0.3159698,0.19074252,38.15625,-34.3875,27.91875,46.950733,0.3361091,49.741684,0.085930854,0.26167464,0.89054555,0.36203703,0.11301313,-0.25116885,-0.9017222,0.3332256,-1.0,0
1763545055303,1009.747,1.0707881,6.3475604,9.602397,0.116293386,-0.4231766,0.08552107,38.925003,-33.45,28.556252,46.950733,0.3361091,49.741684,0.089418694,0.26166135,0.8905748,0.36112913,0.11049938,-0.2534803,-0.9010384,0.33416677,-1.0,0
1763545055328,1009.747,0.4755735,6.8057857,9.119047,0.046654798,-0.16676609,-0.10293072,38.4,-34.612503,28.218752,46.950733,0.3361091,49.741684,0.093887195,0.26109445,0.8902126,0.36129823,0.10676682,-0.25609758,-0.90095216,0.33361658,-1.0,0
1763545055354,1009.76874,-0.7076773,7.3232336,9.5557375,-0.155236,-0.05131264,-0.15546508,38.71875,-34.575,27.562502,46.950733,0.3361091,49.741684,0.09516255,0.25989515,0.889312,0.36403662,0.10500097,-0.25607848,-0.90215397,0.33093324,-1.0,0
1763545055379,1009.78827,-0.56590253,6.7926254,11.468799,-0.43867728,-0.34009898,-0.074830934,37.65,-34.068752,27.806252,46.950733,0.3361091,49.741684,0.0949302,0.25729495,0.8894058,0.3657116,0.1035184,-0.25396135,-0.9032236,0.33011314,-1.0,0
1763545055404,1009.8151,0.74416786,6.047261,13.289139,-0.44402233,-0.40210176,-0.06780599,39.6375,-32.98125,26.437502,46.950733,0.3361091,49.741684,0.097673476,0.24717122,0.89036775,0.36961025,0.09465508,-0.24834277,-0.90657485,0.3278541,-1.0,0
1763545055429,1009.8151,1.274178,5.0739803,14.25225,-0.20379977,-0.087506376,-0.15577053,38.68125,-33.225002,28.575,46.950733,0.3361091,49.741684,0.0974232,0.24458751,0.8903934,0.3713294,0.092883945,-0.24634708,-0.9080354,0.32581812,-1.0,0
1763545055454,1009.8422,0.32841492,4.38066,11.017154,0.3927097,0.08872811,-0.08491021,38.775,-33.581253,27.187502,46.950733,0.3361091,49.741684,0.09592836,0.24599598,0.8898235,0.37215295,0.0947074,-0.24646862,-0.90847254,0.32397744,-1.0,0
1763545055479,1009.8422,0.73818576,4.210171,9.082557,0.48678288,-0.1301142,-0.08353576,37.987503,-32.53125,25.518751,46.950733,0.3361091,49.741684,0.09892309,0.25258243,0.8873228,0.37292683,0.09662615,-0.25347003,-0.9075273,0.32064068,-1.0,0
1763545055505,1009.832,0.8542377,4.1431723,7.8029947,0.35544693,-0.24816382,-0.13912445,37.40625,-35.2125,27.88125,46.950733,0.3361091,49.741684,0.10211319,0.25459754,0.8857853,0.3743491,0.09550647,-0.25714886,-0.90748626,0.3181535,-1.0,0
1763545055531,1009.8022,0.6221339,4.089334,6.888338,-0.15813762,0.11713332,-0.26328272,39.35625,-34.162502,29.325,46.950733,0.3361091,49.741684,0.10286998,0.25531647,0.88474447,0.37610984,0.09533209,-0.25822568,-0.9080178,0.31580845,-1.0,0
1763545055556,1009.8022,0.22013968,3.9942193,7.6773715,-0.15187626,0.17195843,-0.29840744,39.24375,-33.412502,27.431252,46.950733,0.3361091,49.741684,0.098175704,0.25404784,0.88380146,0.38041553,0.09781192,-0.25418815,-0.91038996,0.31146646,-1.0,0
1763545055581,1009.7802,-0.1902294,4.1001015,7.277172,0.10713041,0.049174614,-0.29917103,40.706253,-34.237503,26.400002,46.950733,0.3361091,49.741684,0.09740758,0.2552648,0.8825263,0.3827522,0.099134944,-0.25459892,-0.9110903,0.30865204,-1.0,0
1763545055606,1009.7563,-0.16689938,4.5272202,4.67737,0.22762349,-0.11133011,-0.23930627,39.787502,-34.237503,29.587502,46.950733,0.3361091,49.741684,0.098708935,0.2576223,0.88072777,0.38497546,0.09975313,-0.25721976,-0.911249,0.3057983,-1.0,0
1763545055632,1009.7563,0.14117654,4.6731825,4.7988057,0.021456625,-0.053145237,-0.24434592,39.412502,-33.9,29.306252,46.950733,0.3361091,49.741684,0.09998215,0.25960878,0.87909335,0.38704234,0.10018661,-0.25952995,-0.91137356,0.30332333,-1.0,0
1763545055657,1009.7316,0.34337005,4.8041897,5.8420763,-0.092011504,0.016646065,-0.26603162,39.768753,-34.48125,27.750002,46.950733,0.3361091,49.741684,0.09913261,0.25989413,0.87717265,0.39140266,0.10107078,-0.2591465,-0.91280466,0.2990241,-1.0,0
1763545055682,1009.7316,0.16450655,5.023133,6.6646094,-0.026190827,0.066736974,-0.2932151,39.881252,-35.34375,28.10625,46.950733,0.3361091,49.741684,0.09794772,0.26031768,0.8761623,0.3936758,0.10221277,-0.25867274,-0.9136059,0.29658914,-1.0,0
1763545055708,1009.71796,-0.71306115,5.4699926,7.029515,0.22319472,-0.12202024,-0.13347395,41.86875,-34.03125,29.362501,46.950733,0.3361091,49.741684,0.09795899,0.2617232,0.8747973,0.39577124,0.10316336,-0.2597158,-0.9139842,0.29417324,-1.0,0
1763545055734,1009.7182,-0.23030917,5.983253,7.382456,0.29100072,-0.1386663,-0.035888307,39.2625,-35.41875,29.250002,46.950733,0.3361091,49.741684,0.10172725,0.26564512,0.8724655,0.39735147,0.10310691,-0.26511264,-0.9132052,0.29178843,-1.0,0
1763545055759,1009.7182,-0.33260235,6.378667,7.605587,0.29115343,-0.10491603,-0.024129158,39.300003,-34.40625,29.343752,46.950733,0.3361091,49.741684,0.10379588,0.26795164,0.8714526,0.39749047,0.103157416,-0.26819804,-0.9125122,0.2911184,-1.0,0
1763545055785,1009.7348,-0.19980069,6.2177496,8.606385,0.2447277,0.12171481,0.011759147,40.875,-34.631252,29.6625,46.950733,0.3361091,49.741684,0.1046734,0.27021062,0.87078047,0.3972042,0.104072675,-0.27044255,-0.91177094,0.29103857,-1.0,0
1763545055810,1009.7482,0.2739782,6.109474,8.62792,0.22166756,0.007941242,-0.020311253,42.05625,-35.25,29.56875,46.950733,0.3361091,49.741684,0.10551035,0.2747683,0.8696155,0.39640763,0.106504366,-0.2743845,-0.91038495,0.2908078,-1.0,0
1763545055835,1009.7482,0.5395815,6.11426,8.766106,0.06284271,-0.10613775,-0.13286309,40.55625,-36.037502,31.1625,46.950733,0.3361091,49.741684,0.10649324,0.27497217,0.86885107,0.39767742,0.10584249,-0.27522328,-0.9107468,0.28911895,-1.0,0
1763545055860,1009.759,-0.45822555,6.4995046,9.104691,-0.21907139,0.17852524,-0.22739442,41.4,-36.43125,29.081251,46.950733,0.3361091,49.741684,0.10370888,0.27403757,0.8687464,0.3992839,0.10722272,-0.27268186,-0.91180587,0.28767678,-1.0,0
1763545055885,1009.78143,-1.9914266,6.939784,10.447063,-0.53641564,0.28985533,-0.05589413,42.0,-34.875,28.931252,46.950733,0.3361091,49.741684,0.09267843,0.26932815,0.87104535,0.4001913,0.112414874,-0.26170567,-0.91391647,0.28918806,-1.0,0
1763545055911,1009.78143,-1.189831,6.302097,11.554342,-0.5648208,0.026725333,-0.04444041,41.2125,-36.581253,28.95,46.950733,0.3361091,49.741684,0.08992658,0.26475018,0.8723369,0.4010598,0.111414224,-0.25644943,-0.9154124,0.28955254,-1.0,0
1763545055936,1009.81244,-1.558924,4.587041,13.03191,-0.19631667,0.0061086477,0.0015271619,40.95,-34.987503,29.04375,46.950733,0.3361091,49.741684,0.08816159,0.2602232,0.8732726,0.402376,0.10960347,-0.25194377,-0.9170748,0.28893805,-1.0,0
1763545055961,1009.81244,-1.6199409,4.551747,11.347363,0.1259145,0.041996952,0.18829907,41.850002,-34.78125,30.6375,46.950733,0.3361091,49.741684,0.086976886,0.25804543,0.87391454,0.4026425,0.10890994,-0.24958174,-0.9178535,0.28877774,-1.0,0
1763545055986,1009.8371,-1.052842,4.7778687,9.419347,0.26778784,-0.030695954,0.29794928,39.46875,-37.36875,28.25625,46.950733,0.3361091,49.741684,0.08883465,0.26027015,0.8749989,0.3984281,0.108922735,-0.2525232,-0.9159478,0.29224563,-1.0,0
1763545056011,1009.82684,-0.35832518,4.7539406,6.710671,0.13889538,-0.08704823,0.21013749,40.3125,-36.787502,28.593752,46.950733,0.3361091,49.741684,0.09121901,0.2619183,0.87533903,0.3960547,0.10825844,-0.25534722,-0.914611,0.29421878,-1.0,0
1763545056036,1009.82684,-0.4989035,4.2047877,6.7034926,-0.029397868,-0.008552107,0.16875139,40.237503,-37.050003,30.018751,46.950733,0.3361091,49.741684,0.09303843,0.26264513,0.8756923,0.3943656,0.1073998,-0.2571068,-0.91373676,0.29571363,-1.0,0
1763545056061,1009.80194,-0.6687939,3.8183467,6.832107,-0.0193186,0.0490219,0.2083049,41.11875,-36.112503,32.34375,46.950733,0.3361091,49.741684,0.09339415,0.26207173,0.8772744,0.3911337,0.1067422,-0.25692442,-0.9127496,0.29913902,-1.0,0
1763545056086,1009.7802,-0.4534399,3.885944,6.2213387,0.084833845,0.016646065,0.26267186,40.125,-33.956253,29.531252,46.950733,0.3361091,49.741684,0.09413649,0.2625853,0.87807053,0.38881782,0.10653493,-0.25780427,-0.91178703,0.30138293,-1.0,0
1763545056111,1009.7802,0.30269206,4.136592,5.7451673,0.0570395,-0.33429575,0.19669846,41.268753,-34.8375,29.156252,46.950733,0.3361091,49.741684,0.09661848,0.26287955,0.87853146,0.3869645,0.10488851,-0.25969058,-0.9108897,0.30304986,-1.0,0
1763545056136,1009.7546,0.30029923,4.089932,6.2009997,0.033063058,-0.24358234,0.124616414,38.362503,-34.65,31.1625,46.950733,0.3361091,49.741684,0.100293934,0.26201123,0.8787821,0.38604832,0.10156974,-0.26151928,-0.910474,0.30385572,-1.0,0
1763545056161,1009.7546,-0.2009971,4.3292146,5.8833528,0.003894263,0.0923933,0.06704241,39.28125,-35.175003,30.31875,46.950733,0.3361091,49.741684,0.10241352,0.26159704,0.8792521,0.3847004,0.09965351,-0.2626608,-0.9099955,0.30493724,-1.0,0
1763545056186,1009.7392,-1.1724831,4.9926243,7.4446692,0.008781182,-0.013439025,0.07819069,40.40625,-34.050003,29.6625,46.950733,0.3361091,49.741684,0.10077455,0.26181036,0.879737,0.3838784,0.10105262,-0.2617031,-0.90975547,0.30601448,-1.0,0
1763545056211,1009.72626,-1.1120644,5.1696935,7.975876,0.19142975,-0.2414443,0.1432478,39.787502,-34.7625,31.931252,46.950733,0.3361091,49.741684,0.100966424,0.26191655,0.87994325,0.3832823,0.10104266,-0.26188713,-0.9094368,0.3068065,-1.0,0
1763545056236,1009.72626,-0.6466603,5.623133,7.6606216,0.28473935,-0.28878632,0.18432845,39.675003,-35.49375,29.831251,46.950733,0.3361091,49.741684,0.107677974,0.26390022,0.87933886,0.38147774,0.097509295,-0.2678242,-0.90765274,0.30810487,-1.0,0
1763545056261,1009.73334,0.1896312,6.1657057,7.7910304,0.17676899,-0.19074252,0.16355905,38.68125,-37.350002,31.425001,46.950733,0.3361091,49.741684,0.11038353,0.26471943,0.8792318,0.38038182,0.09609885,-0.2702331,-0.90678763,0.30899078,-1.0,0
1763545056286,1009.7365,0.38285163,6.3595243,9.662218,-0.09598213,-0.13805544,-0.14401138,40.331253,-35.0625,30.656252,46.950733,0.3361091,49.741684,0.1119299,0.2643604,0.8790725,0.38054815,0.09468472,-0.2710157,-0.90681267,0.3086683,-1.0,0
1763545056311,1009.7365,-0.6155536,6.6646094,10.219746,-0.14118612,-0.007177661,-0.14309508,40.706253,-36.15,30.225,46.950733,0.3361091,49.741684,0.1117341,0.26210043,0.8784656,0.38355845,0.09323819,-0.26923552,-0.9084688,0.3057832,-1.0,0
1763545056336,1009.75775,-0.8045866,7.1042905,10.532607,-0.15722132,0.09453133,-0.06658426,39.91875,-36.35625,30.937502,46.950733,0.3361091,49.741684,0.1100397,0.26129004,0.8786863,0.38409513,0.0939905,-0.26748273,-0.9089458,0.3056736,-1.0,0
1763545056361,1009.75775,0.49112684,6.541977,11.373086,-0.058413945,-0.3581195,0.0073303776,39.9375,-34.85625,30.69375,46.950733,0.3361091,49.741684,0.11008733,0.26001376,0.8788386,0.3845989,0.09313356,-0.26655677,-0.9093561,0.30552426,-1.0,0
1763545056386,1009.7846,1.3938192,5.892924,11.338988,-0.106672265,-0.30436337,-0.032986697,38.60625,-36.35625,30.45,46.950733,0.3361091,49.741684,0.11288434,0.25809085,0.87865156,0.38550955,0.08972671,-0.267026,-0.9098787,0.30457684,-1.0,0
1763545056411,1009.8049,1.0229317,5.2031927,11.485549,-0.15340342,0.052687086,-0.09040799,39.393753,-36.037502,30.825,46.950733,0.3361091,49.741684,0.11402885,0.2543453,0.8787703,0.38738707,0.086043976,-0.26512364,-0.91159195,0.30216876,-1.0,0
1763545056436,1009.8049,0.9553344,4.729414,10.457233,0.069104075,-0.03084867,0.010537418,38.381252,-36.131252,29.38125,46.950733,0.3361091,49.741684,0.111951396,0.254031,0.8791831,0.38726264,0.087211266,-0.26355088,-0.9120012,0.30197516,-1.0,0
1763545056461,1009.8134,1.4392828,4.53081,9.493524,0.14866921,-0.22586726,-0.010231985,39.300003,-35.90625,29.437502,46.950733,0.3361091,49.741684,0.11249827,0.2540408,0.8791485,0.387176,0.0866556,-0.26397613,-0.9120963,0.30147588,-1.0,0
1763545056487,1009.8083,1.4392828,4.308277,8.937791,0.099036455,-0.17226386,-0.049174614,39.506252,-36.15,31.275002,46.950733,0.3361091,49.741684,0.1169744,0.25388467,0.87811756,0.38829002,0.082865745,-0.26697138,-0.91248304,0.29872113,-1.0,0
1763545056512,1009.8083,1.1210374,4.278367,8.143971,0.066507906,0.15347977,-0.03940078,39.393753,-36.2625,28.66875,46.950733,0.3361091,49.741684,0.11670983,0.25429517,0.87796474,0.3884463,0.083177604,-0.26714924,-0.912652,0.29795823,-1.0,0
1763545056537,1009.78754,0.61854464,4.599603,6.495317,0.13248129,0.06704241,-0.062460925,40.03125,-36.581253,29.7,46.950733,0.3361091,49.741684,0.115699165,0.25527072,0.87788653,0.38828567,0.08446868,-0.2672349,-0.912612,0.2976405,-1.0,0
1763545056562,1009.78754,0.44027936,4.680959,5.4957156,0.1344666,-0.012064579,-0.10567961,38.04375,-36.16875,31.593752,46.950733,0.3361091,49.741684,0.11614459,0.25796175,0.8766467,0.38917482,0.085842505,-0.2695642,-0.9123853,0.29583663,-1.0,0
1763545056589,1009.7602,0.31585258,4.627719,4.9435716,0.049861837,-0.03084867,-0.14370593,40.55625,-35.287502,31.275002,46.950733,0.3361091,49.741684,0.11642175,0.2586458,0.875884,0.3903529,0.08612626,-0.27024794,-0.91256845,0.29456258,-1.0,0
1763545056613,1009.73285,0.4432704,4.8233323,6.303891,-0.05627592,0.015729768,-0.24190246,40.21875,-37.818752,30.525002,46.950733,0.3361091,49.741684,0.11625726,0.25835112,0.87523854,0.39204141,0.086064465,-0.26991472,-0.91320217,0.29291758,-1.0,0
1763545056638,1009.73285,0.12801601,5.0644093,6.750751,0.028176138,-0.0018325944,-0.25824308,40.29375,-36.05625,29.79375,46.950733,0.3361091,49.741684,0.11549408,0.25829887,0.8744521,0.39405107,0.08656949,-0.26937503,-0.9139897,0.2908017,-1.0,0
1763545056663,1009.72723,-0.3278167,5.0733824,6.8345,0.18028148,-0.052687086,-0.21044292,41.550003,-36.9375,30.956251,46.950733,0.3361091,49.741684,0.115751885,0.26058933,0.87201256,0.39785537,0.08789808,-0.2712549,-0.91472495,0.28630927,-1.0,0
1763545056688,1009.716,-0.13938192,5.535795,6.0711894,0.3105484,-0.08384119,0.032070402,41.7,-37.03125,29.7,46.950733,0.3361091,49.741684,0.11690005,0.2631024,0.8708999,0.39830253,0.08876627,-0.2738778,-0.91414946,0.285381,-1.0,0
1763545056713,1009.716,0.36131623,5.8008003,6.3110695,0.23113596,-0.20143266,0.031459536,39.80625,-38.362503,31.368752,46.950733,0.3361091,49.741684,0.11890251,0.26561093,0.87005806,0.39788425,0.08900798,-0.27706417,-0.9131859,0.28531483,-1.0,0
1763545056739,1009.7309,0.39661035,5.797809,7.0935225,0.13782637,-0.12415826,-0.043371398,41.04375,-38.850002,30.187502,46.950733,0.3361091,49.741684,0.12340123,0.26792717,0.868545,0.39826706,0.08724087,-0.2817834,-0.9122833,0.28412372,-1.0,0
1763545056764,1009.7441,-0.7040881,6.133403,8.813364,0.06436988,0.08231403,0.08704823,41.2125,-37.21875,30.993752,46.950733,0.3361091,49.741684,0.12300981,0.2687705,0.8682971,0.39836052,0.088109195,-0.28214493,-0.91214764,0.28393254,-1.0,0
1763545056790,1009.7441,0.1363909,6.7447686,8.995218,0.15676318,-0.11102467,0.15638138,39.46875,-36.393753,30.975,46.950733,0.3361091,49.741684,0.1226488,0.26963687,0.8685266,0.397385,0.08900512,-0.28253293,-0.91161764,0.2849676,-1.0,0
1763545056814,1009.74945,1.1090733,7.210771,8.751151,0.06406444,-0.25732678,0.06429352,39.6375,-37.631252,32.11875,46.950733,0.3361091,49.741684,0.12729692,0.26999477,0.8682949,0.39618462,0.08577731,-0.28590894,-0.91065276,0.28567433,-1.0,0
1763545056839,1009.74945,1.1533405,7.3375907,9.503694,-0.18532111,-0.05894845,-0.11606431,38.15625,-37.78125,31.518751,46.950733,0.3361091,49.741684,0.12713878,0.26843536,0.8682358,0.39742267,0.08478419,-0.28466377,-0.91150475,0.2844948,-1.0,0
1763545056864,1009.7763,-0.6406783,7.2119675,10.387841,-0.3815614,0.37904158,-0.13820815,40.0875,-36.956253,30.487501,46.950733,0.3361091,49.741684,0.12280399,0.26716775,0.8687205,0.39857897,0.0871111,-0.28083995,-0.9126896,0.28379267,-1.0,0
1763545056890,1009.7973,-0.26021945,6.786643,10.804193,-0.43287405,0.14691298,-0.13271037,41.1375,-36.84375,30.843752,46.950733,0.3361091,49.741684,0.11443136,0.26283252,0.87031686,0.40046614,0.090484254,-0.2720075,-0.9150971,0.2835874,-1.0,0
1763545056915,1009.7973,-0.6364908,6.0323057,11.49871,-0.43562296,0.25305074,-0.15149446,41.362503,-36.45,30.6375,46.950733,0.3361091,49.741684,0.11014659,0.26017466,0.87114435,0.40160245,0.091847725,-0.26718366,-0.9165233,0.2831288,-1.0,0
1763545056940,1009.80023,-2.1559331,5.267201,9.834501,0.0060322895,0.17455462,0.16554436,42.16875,-37.725002,28.7625,46.950733,0.3361091,49.741684,0.105099715,0.25985888,0.87201756,0.40126392,0.09536213,-0.263588,-0.91697943,0.28385928,-1.0,0
1763545056965,1009.7961,-1.2382857,4.9734817,9.010772,0.04054615,-0.1838703,0.3092503,41.325,-35.9625,30.300001,46.950733,0.3361091,49.741684,0.10354608,0.26033643,0.872832,0.39958403,0.0968934,-0.262885,-0.91640246,0.28584903,-1.0,0
1763545056991,1009.7961,-0.36191443,4.6342993,8.720044,-0.055970486,-0.14004076,0.31749696,42.75,-35.550003,29.04375,46.950733,0.3361091,49.741684,0.107204124,0.2582245,0.8749651,0.39530176,0.09279855,-0.2637443,-0.9150867,0.290592,-1.0,0
1763545057015,1009.78265,-0.43908295,4.4315076,8.613564,-0.115835235,-0.018173227,0.27992877,38.943752,-38.30625,30.525002,46.950733,0.3361091,49.741684,0.107488595,0.25672555,0.8763449,0.39313835,0.09153699,-0.26283607,-0.9147214,0.29295552,-1.0,0
1763545057040,1009.78265,-0.03589234,4.281956,7.795218,0.019013166,0.11759147,0.29474226,41.5125,-36.54375,29.7,46.950733,0.3361091,49.741684,0.107554376,0.25566024,0.8777404,0.39069372,0.09074117,-0.2620995,-0.9141662,0.29558426,-1.0,0
1763545057065,1009.7629,0.13758731,4.2592244,6.5850477,0.09308052,0.22281294,0.22937973,39.975002,-37.575,29.925001,46.950733,0.3361091,49.741684,0.1062941,0.25711983,0.8798444,0.3853111,0.09255491,-0.2623788,-0.91225004,0.30065066,-1.0,0
1763545057091,1009.7409,0.09990034,4.1898327,5.9001026,0.03642281,0.20586143,0.12492185,40.425003,-35.41875,28.968752,46.950733,0.3361091,49.741684,0.10507852,0.25811234,0.8804167,0.38367075,0.094098255,-0.26231465,-0.9116085,0.3021695,-1.0,0
1763545057116,1009.7409,-0.89491564,4.0995035,6.3631134,0.009086614,0.15118903,0.12370012,39.5625,-35.8875,30.937502,46.950733,0.3361091,49.741684,0.10394513,0.25841948,0.8808331,0.38281566,0.09515069,-0.26178536,-0.91134363,0.30309653,-1.0,0
1763545057142,1009.7321,-0.29132617,4.4392843,6.6149583,0.026343543,0.11362085,0.16905683,39.6375,-36.2625,31.425001,46.950733,0.3361091,49.741684,0.10284496,0.258999,0.88139683,0.38142118,0.096386574,-0.26147118,-0.9107974,0.3046154,-1.0,0
1763545057167,1009.7319,-0.028115666,4.642076,7.576275,0.075670876,0.16508621,0.12293654,41.381252,-34.95,30.54375,46.950733,0.3361091,49.741684,0.10149402,0.26069283,0.88246083,0.37815502,0.0985511,-0.26181954,-0.9093757,0.3078539,-1.0,0
1763545057192,1009.7319,-0.74536425,5.4580283,6.512067,0.34063348,-0.05222894,0.07773254,39.2625,-36.675003,30.862501,46.950733,0.3361091,49.741684,0.1015263,0.26343435,0.8821672,0.3769296,0.10033006,-0.26389226,-0.9083714,0.30847397,-1.0,0
1763545057217,1009.7331,-0.61794645,5.742176,6.715457,0.20150901,-0.019394957,0.064140804,39.7125,-36.0,30.000002,46.950733,0.3361091,49.741684,0.103335194,0.26626298,0.8814685,0.37608406,0.1009299,-0.267184,-0.9072201,0.30883253,-1.0,0
1763545057242,1009.7524,-0.7495517,5.872585,7.6534433,0.047571093,0.16676609,0.08307761,40.237503,-36.318752,30.13125,46.950733,0.3361091,49.741684,0.103330486,0.26933065,0.8813394,0.37419873,0.10312888,-0.26940793,-0.90569603,0.31064212,-1.0,0
1763545057267,1009.7524,0.0065802624,5.9431734,9.303294,0.14256057,-0.2696968,0.075289086,39.28125,-36.65625,30.393751,46.950733,0.3361091,49.741684,0.1040694,0.26975155,0.8814583,0.37341005,0.10287526,-0.27020916,-0.9052403,0.31135777,-1.0,0
1763545057292,1009.7602,0.14117654,6.503692,9.227323,0.023441937,-0.09346231,0.06597339,39.956253,-36.3375,29.081251,46.950733,0.3361091,49.741684,0.10705244,0.26983163,0.88110816,0.37333518,0.10066608,-0.27227864,-0.9049799,0.31103396,-1.0,0
1763545057317,1009.7602,-0.19800608,7.0450683,9.749556,-0.1107956,0.14370593,0.046883874,40.48125,-34.93125,31.875002,46.950733,0.3361091,49.741684,0.106741175,0.26922014,0.8817752,0.37228957,0.100441076,-0.27163345,-0.9048325,0.3120978,-1.0,0
1763545057342,1009.7824,-0.41814575,7.077371,10.052846,-0.10361794,-0.0012217296,0.074067354,39.693752,-36.0,31.087502,46.950733,0.3361091,49.741684,0.106543,0.26837516,0.88227355,0.37177518,0.10004826,-0.27086338,-0.90483165,0.31289458,-1.0,0
1763545057367,1009.7941,1.4446666,5.947959,10.753345,-0.30856308,-0.2215912,-0.017562363,40.7625,-35.1375,30.000002,46.950733,0.3361091,49.741684,0.10865993,0.26615104,0.8826339,0.37190592,0.09698052,-0.2706254,-0.9051949,0.31301585,-1.0,0
1763545057393,1009.7941,1.0917253,5.0937214,11.877374,-0.39881834,0.098654665,-0.12217296,39.75,-35.737503,30.768751,46.950733,0.3361091,49.741684,0.10722997,0.2591911,0.8839793,0.37403503,0.093069814,-0.26460594,-0.90800077,0.31121755,-1.0,0
1763545057418,1009.8105,0.25962126,4.485346,12.451053,-0.21082471,0.22235478,-0.08720095,37.85625,-36.318752,31.462502,46.950733,0.3361091,49.741684,0.104267925,0.25763252,0.8846042,0.37447184,0.09402653,-0.26154414,-0.9090069,0.31058034,-1.0,0
1763545057443,1009.8105,0.8177471,4.3740797,9.817153,0.3105484,-0.19669846,0.03649917,38.34375,-36.15,31.237501,46.950733,0.3361091,49.741684,0.10422738,0.25809562,0.88458234,0.37421554,0.09418116,-0.26192865,-0.9090383,0.31011721,-1.0,0
1763545057468,1009.80804,0.6759724,4.4488554,8.218747,0.33131778,-0.17501275,0.029474225,38.850002,-35.2125,29.737501,46.950733,0.3361091,49.741684,0.1070779,0.259488,0.88388425,0.37409753,0.09280609,-0.2649278,-0.90864503,0.30913502,-1.0,0
1763545057493,1009.7834,0.6837491,4.720441,6.6335025,0.23785548,-0.101708986,0.043982264,40.050003,-37.95,30.093752,46.950733,0.3361091,49.741684,0.11186158,0.26281166,0.88255584,0.37351313,0.09122171,-0.27066875,-0.9075229,0.30792728,-1.0,0
1763545057518,1009.7834,1.2693924,5.0015974,6.1561346,-0.12942697,-0.08964441,-0.16676609,39.09375,-36.80625,31.35,46.950733,0.3361091,49.741684,0.112703286,0.26307988,0.8823457,0.37356824,0.09073254,-0.27144182,-0.90744656,0.30761614,-1.0,0
1763545057544,1009.75946,0.16689938,4.9770713,6.5258255,-0.16088651,-0.08277218,-0.27763805,40.256252,-34.706253,30.806252,46.950733,0.3361091,49.741684,0.112959184,0.2619295,0.8819469,0.37523687,0.08971445,-0.27077332,-0.9083284,0.3058964,-1.0,0
1763545057568,1009.7507,-0.3786642,4.9782677,6.9338017,-0.14698933,-0.02565632,-0.20586143,39.43125,-37.3875,30.431252,46.950733,0.3361091,49.741684,0.11178289,0.25966296,0.88077635,0.379885,0.08907101,-0.26830328,-0.91056114,0.30159256,-1.0,0
1763545057593,1009.7507,-0.20518455,5.0249276,6.9302125,-0.042378742,0.055588696,-0.0858265,39.112503,-35.30625,30.487501,46.950733,0.3361091,49.741684,0.11089359,0.25971988,0.88059175,0.38053435,0.0898014,-0.26774526,-0.9108231,0.30108044,-1.0,0
1763545057619,1009.7341,0.9499506,5.298906,6.8422766,0.13019055,-0.25030184,-0.1310305,38.71875,-33.600002,30.431252,46.950733,0.3361091,49.741684,0.11255537,0.25998542,0.8799742,0.381293,0.088734046,-0.26904905,-0.91086876,0.30009496,-1.0,0
1763545057644,1009.7341,0.53300124,5.306084,6.650851,0.0787252,-0.0059559317,-0.19058982,39.412502,-35.287502,30.468752,46.950733,0.3361091,49.741684,0.11509756,0.26038355,0.87886846,0.38280943,0.08704893,-0.27105263,-0.9111064,0.29805708,-1.0,0
1763545057669,1009.7265,-0.37627137,5.243273,7.018149,0.020540329,0.20677772,-0.17180572,39.206253,-36.1875,31.312502,46.950733,0.3361091,49.741684,0.11318847,0.26261023,0.8774277,0.38515547,0.089921154,-0.27145892,-0.91162616,0.29523215,-1.0,0
1763545057695,1009.7348,-0.029312078,5.64766,7.2658057,0.2796997,-0.16844596,-0.0018325944,39.862503,-35.11875,31.331251,46.950733,0.3361091,49.741684,0.1123449,0.26439163,0.87696505,0.3852373,0.091777414,-0.27221543,-0.91128916,0.2950046,-1.0,0
1763545057720,1009.7348,-0.0047856453,5.9024954,7.0600233,0.26977316,-0.18814635,-0.018631376,38.68125,-35.86875,31.500002,46.950733,0.3361091,49.741684,0.114794455,0.2662639,0.8760177,0.3853814,0.09121484,-0.2752346,-0.910652,0.29434457,-1.0,0
1763545057745,1009.74115,-0.6227321,5.95095,7.3770723,0.10147991,0.085979216,0.011148282,38.643753,-36.112503,31.2,46.950733,0.3361091,49.741684,0.11715148,0.2694442,0.8747928,0.3852439,0.09166141,-0.2791466,-0.9095469,0.2939384,-1.0,0
1763545057770,1009.769,-0.5198407,5.7690954,9.156136,-0.019471316,0.18784092,0.12858704,39.525,-36.15,30.956251,46.950733,0.3361091,49.741684,0.11572648,0.26996034,0.8754932,0.3837191,0.09311444,-0.2785694,-0.9090079,0.29569134,-1.0,0
1763545057795,1009.769,0.99601245,6.0951176,10.082756,0.44432777,-0.2837467,0.35399613,38.15625,-36.28125,31.425001,46.950733,0.3361091,49.741684,0.11683777,0.2707984,0.8761984,0.38117397,0.09279344,-0.27995035,-0.90789336,0.29790398,-1.0,0
1763545057820,1009.78217,1.3645071,7.001399,8.417352,0.3398699,-0.2451095,0.29275694,38.737503,-35.49375,32.86875,46.950733,0.3361091,49.741684,0.12610951,0.27431053,0.87601286,0.37610027,0.08796064,-0.2888128,-0.9046347,0.3008092,-1.0,0
1763545057845,1009.79047,1.2999009,7.6384883,8.433503,-0.08987348,0.107817635,0.20280711,37.78125,-34.59375,31.66875,46.950733,0.3361091,49.741684,0.12579106,0.2738865,0.87705624,0.37407914,0.08788213,-0.28829488,-0.90410846,0.30290374,-1.0,0
1763545057870,1009.79047,0.25962126,6.5461645,10.844273,-0.415159,0.20586143,-0.14217877,39.506252,-34.78125,31.2,46.950733,0.3361091,49.741684,0.12251799,0.27159235,0.87852144,0.37339923,0.08875579,-0.28442132,-0.904805,0.30422822,-1.0,0
1763545057895,1009.81146,-1.0241281,5.245067,10.573883,-0.31146467,0.20967934,-0.1310305,38.268753,-35.025,31.181252,46.950733,0.3361091,49.741684,0.11907959,0.26888803,0.8793595,0.37449458,0.08944474,-0.28014347,-0.90625215,0.30368784,-1.0,0
1763545057920,1009.81146,-1.5302101,4.5397825,10.18146,-0.2757291,0.17745622,0.027488915,39.15,-35.0625,31.556252,46.950733,0.3361091,49.741684,0.112715416,0.2649678,0.8810643,0.3752505,0.09154766,-0.273005,-0.9080894,0.30407393,-1.0,0
1763545057946,1009.8276,-0.04007978,4.8137608,10.0779705,0.11018474,-0.13897173,0.27855435,37.4625,-35.362503,31.593752,46.950733,0.3361091,49.741684,0.11191292,0.26316628,0.8824067,0.3736006,0.090938695,-0.2711294,-0.90801376,0.3061536,-1.0,0
1763545057971,1009.8166,0.24466611,4.901697,8.268398,0.21097742,-0.2254091,0.22464553,38.79375,-34.8375,29.118752,46.950733,0.3361091,49.741684,0.11390196,0.2629191,0.88309,0.37155348,0.08920162,-0.27229246,-0.9072626,0.30785453,-1.0,0
1763545057996,1009.8166,0.3822534,4.7336016,7.077371,0.09995275,-0.20051636,0.15607595,36.9,-33.80625,31.725,46.950733,0.3361091,49.741684,0.11955141,0.26335192,0.8832601,0.3690592,0.08515145,-0.2763983,-0.90585864,0.30947277,-1.0,0
1763545058021,1009.7939,-0.40079778,4.298706,5.861219,-0.1711185,0.3251328,0.052076224,37.85625,-35.5875,32.34375,46.950733,0.3361091,49.741684,0.11980714,0.26280284,0.88362545,0.36849302,0.08455706,-0.2761688,-0.9058002,0.31001115,-1.0,0
1763545058046,1009.7724,-0.8225328,4.408776,6.334998,-0.26962045,0.34483317,0.12599087,37.59375,-34.74375,32.325,46.950733,0.3361091,49.741684,0.11654181,0.2624893,0.8846009,0.36742178,0.086797215,-0.2737679,-0.905816,0.31147188,-1.0,0
1763545058072,1009.7724,-0.32841492,4.41416,7.6660056,-0.12133302,-0.038789913,0.18035783,38.98125,-34.575,30.000002,46.950733,0.3361091,49.741684,0.113014705,0.26010922,0.886948,0.36454645,0.08795425,-0.26961672,-0.90555584,0.31549883,-1.0,0
1763545058097,1009.7609,0.09332009,4.2711883,7.7144604,0.17951788,-0.22708899,0.19181155,37.256252,-34.3875,30.337502,46.950733,0.3361091,49.741684,0.115950406,0.2604922,0.8869629,0.3633128,0.085969076,-0.27186394,-0.90479785,0.3162912,-1.0,0
1763545058122,1009.7609,0.41694933,5.1589255,6.072386,0.1721875,0.029932374,0.14920372,38.643753,-33.24375,31.050001,46.950733,0.3361091,49.741684,0.11834697,0.2623672,0.8867855,0.3616196,0.085391685,-0.2748651,-0.9035736,0.31735188,-1.0,0
1763545058147,1009.7507,0.849452,5.4436717,7.0612197,0.113544494,0.08231403,0.08720095,36.018753,-35.381252,30.825,46.950733,0.3361091,49.741684,0.11925389,0.26523715,0.8869183,0.3588918,0.086632445,-0.27760956,-0.9018452,0.3195355,-1.0,0
1763545058172,1009.73895,0.74895346,5.6668024,7.5433736,0.2370919,0.07971785,-0.021380268,37.350002,-34.5,31.25625,46.950733,0.3361091,49.741684,0.11955049,0.26759556,0.8863173,0.3585272,0.0879275,-0.27958623,-0.90120715,0.31925845,-1.0,0
1763545058197,1009.73895,-0.014356935,6.213562,6.9062843,0.33131778,-0.069485866,-0.051159926,37.65,-34.48125,31.5375,46.950733,0.3361091,49.741684,0.120487384,0.2711807,0.88508147,0.35857332,0.08961107,-0.28288868,-0.9003035,0.31842968,-1.0,0
1763545058222,1009.73773,0.4109673,6.5222363,8.660822,0.20288347,-0.1122464,-0.07589995,38.456253,-34.143753,31.125002,46.950733,0.3361091,49.741684,0.12211311,0.27411804,0.8838608,0.35880047,0.090423,-0.28613982,-0.8994502,0.31770587,-1.0,0
1763545058247,1009.76605,0.2853441,6.422336,10.320244,0.2540434,-0.03970621,-0.097432934,37.331253,-35.25,32.23125,46.950733,0.3361091,49.741684,0.12463649,0.27779597,0.88182795,0.36010373,0.090951726,-0.29057294,-0.89881736,0.31531337,-1.0,0
1763545058272,1009.76605,-0.6263213,7.450053,8.755338,0.44524407,0.1802051,0.046731155,38.8125,-34.48125,31.556252,46.950733,0.3361091,49.741684,0.1241575,0.2819422,0.8808199,0.35951316,0.09399778,-0.29337844,-0.8977381,0.31489655,-1.0,0
1763545058297,1009.7729,0.10707881,7.975278,8.512466,0.37881252,-0.10522146,0.03161225,35.025,-35.86875,31.25625,46.950733,0.3361091,49.741684,0.12414285,0.2864128,0.8799389,0.35813946,0.09703038,-0.2966965,-0.8961066,0.31551418,-1.0,0
1763545058322,1009.7729,0.2620141,7.643274,7.772486,0.21128285,-0.38835728,-0.08353576,35.49375,-36.3375,33.5625,46.950733,0.3361091,49.741684,0.13036034,0.29036042,0.8773111,0.3591967,0.09516978,-0.30371976,-0.89466065,0.31349534,-1.0,0
1763545058347,1009.77313,-0.019142581,7.1216383,8.510672,-0.17432554,-0.39675668,-0.1197295,36.975002,-36.300003,32.475002,46.950733,0.3361091,49.741684,0.1328616,0.28793558,0.876782,0.3615166,0.09175729,-0.30354524,-0.89573485,0.31160876,-1.0,0
1763545058372,1009.799,1.2329018,5.45085,11.793625,-0.29161158,-0.17226386,0.0876591,36.675003,-36.318752,32.8125,46.950733,0.3361091,49.741684,0.13275342,0.28380236,0.8776607,0.36269104,0.08908258,-0.3003856,-0.89718395,0.31127766,-1.0,0
1763545058397,1009.799,1.6893328,5.0333023,11.170893,0.0064904382,-0.30757043,0.08552107,36.600002,-35.325,31.5375,46.950733,0.3361091,49.741684,0.13332176,0.28013748,0.87869614,0.36282384,0.08605637,-0.2980705,-0.898223,0.31135786,-1.0,0
1763545058423,1009.7956,1.6109679,5.00758,9.565309,0.19219333,-0.40500334,0.07864884,37.143753,-36.15,32.60625,46.950733,0.3361091,49.741684,0.1405482,0.27783197,0.8782087,0.36304975,0.07860395,-0.30127367,-0.89853853,0.30932838,-1.0,0
1763545058449,1009.7714,1.6642082,5.5579286,5.492126,-0.03718639,0.014508039,-0.006872229,36.84375,-36.91875,32.2125,46.950733,0.3361091,49.741684,0.1437399,0.278185,0.8776421,0.3628997,0.07627447,-0.30369434,-0.8981887,0.30855957,-1.0,0
1763545058474,1009.7714,2.1242282,5.648856,4.953741,-0.44325876,0.020158539,-0.14477496,36.862503,-35.4375,32.4375,46.950733,0.3361091,49.741684,0.14379208,0.2779482,0.8777259,0.36285803,0.075993806,-0.30357254,-0.8983101,0.30839512,-1.0,0
1763545058499,1009.75653,2.4107687,5.2055855,7.2376904,-0.7601449,-0.118507765,-0.41034842,36.84375,-37.55625,33.487503,46.950733,0.3361091,49.741684,0.13994743,0.26842552,0.87869716,0.36912584,0.07242688,-0.29392496,-0.9033415,0.30386946,-1.0,0
1763545058526,1009.75653,0.8775677,4.536792,8.517851,-0.63949907,0.021532983,-0.62919074,35.34375,-35.5875,32.90625,46.950733,0.3361091,49.741684,0.13610707,0.2636309,0.8781891,0.37517646,0.07196877,-0.28783137,-0.9071368,0.29845667,-1.0,0
1763545058551,1009.7553,-1.2574283,4.2161536,7.411768,-0.13523018,0.33246315,-0.20448698,37.66875,-36.46875,32.71875,46.950733,0.3361091,49.741684,0.1303046,0.26196483,0.87777394,0.37935197,0.07518624,-0.28275767,-0.90962327,0.29492486,-1.0,0
1763545058578,1009.74677,-0.22911277,4.336393,6.4295144,0.09353867,0.1574504,0.0013744457,36.112503,-36.24375,31.63125,46.950733,0.3361091,49.741684,0.12602617,0.26225978,0.8777892,0.38055658,0.07865674,-0.28013548,-0.91036385,0.29423612,-1.0,0
1763545058603,1009.74677,0.62512493,5.2624154,4.9052863,0.2361756,-0.01970039,-0.012522728,37.93125,-36.05625,31.125002,46.950733,0.3361091,49.741684,0.12552673,0.2656703,0.8773414,0.37938675,0.08133133,-0.28235245,-0.90920633,0.2949681,-1.0,0
1763545058629,1009.726,0.68075806,5.623133,4.3274198,0.084070265,0.24633121,-0.10720677,38.456253,-35.5125,32.268753,46.950733,0.3361091,49.741684,0.12671398,0.2678443,0.87659264,0.3791946,0.081907876,-0.2847597,-0.908485,0.29471695,-1.0,0
1763545058654,1009.7211,0.49651068,5.8037915,5.2576294,-0.1918879,0.51526445,-0.16768238,38.34375,-36.131252,30.937502,46.950733,0.3361091,49.741684,0.119799115,0.27085504,0.87653196,0.3794434,0.08919787,-0.28241464,-0.9084886,0.2948461,-1.0,0
1763545058679,1009.7211,0.04426722,5.523233,8.944969,0.075976305,-0.25702137,-0.124310985,38.4375,-36.487503,29.550001,46.950733,0.3361091,49.741684,0.11621073,0.27060306,0.87667143,0.3804159,0.09174787,-0.27984512,-0.90921044,0.294288,-1.0,0
1763545058704,1009.74335,0.29072794,5.688338,8.908479,0.27068946,-0.2545779,-0.050090913,38.41875,-35.1375,29.94375,46.950733,0.3361091,49.741684,0.11830149,0.27040926,0.8757329,0.38206744,0.09003388,-0.28108776,-0.9096165,0.2923722,-1.0,0
1763545058729,1009.76483,0.61016977,6.136992,8.793623,0.17661628,0.33902994,0.018325943,39.65625,-34.875,29.643751,46.950733,0.3361091,49.741684,0.11922653,0.27432007,0.8746088,0.38156638,0.09180508,-0.2846723,-0.90856546,0.2916202,-1.0,0
1763545058755,1009.76483,0.92243314,6.409774,10.201799,0.084070265,0.1404989,-0.15027274,37.3875,-36.375,32.5875,46.950733,0.3361091,49.741684,0.115620665,0.27648273,0.87489164,0.38046536,0.095851876,-0.28394234,-0.9081414,0.29234985,-1.0,0
1763545058780,1009.7873,-0.098703936,6.555736,9.725628,0.046349365,0.27565274,-0.18570289,38.49375,-36.75,32.34375,46.950733,0.3361091,49.741684,0.11454904,0.27766323,0.8743391,0.38119903,0.09729943,-0.28416753,-0.90835154,0.29099685,-1.0,0
1763545058805,1009.7873,-1.2580265,7.099505,9.644272,-0.109268434,0.6798925,-0.045967575,38.831253,-36.487503,33.225002,46.950733,0.3361091,49.741684,0.11200935,0.27909192,0.8738905,0.38193843,0.10004604,-0.28360036,-0.9086092,0.2898118,-1.0,0
1763545058830,1009.8127,-1.2155539,7.597212,9.657433,-0.1512654,0.57482374,0.11438443,40.331253,-35.8125,30.093752,46.950733,0.3361091,49.741684,0.100383066,0.28171667,0.8760426,0.37829646,0.11062803,-0.27785334,-0.9077006,0.29434434,-1.0,0
1763545058855,1009.8239,0.52522457,6.3828545,10.343575,-0.20074543,-0.5006037,-0.0697913,39.9375,-36.3375,29.38125,46.950733,0.3361091,49.741684,0.100776255,0.28015995,0.8767492,0.37771064,0.10935007,-0.276926,-0.9077962,0.29539907,-1.0,0
1763545058880,1009.8239,-0.71365935,5.2169514,10.440483,-0.38033968,-0.11194097,-0.15439607,38.98125,-36.693752,30.431252,46.950733,0.3361091,49.741684,0.10427261,0.27661273,0.87656826,0.3797904,0.10429924,-0.27660272,-0.90912163,0.2934458,-1.0,0
1763545058905,1009.83856,-2.277369,4.532604,11.152946,-0.42080948,0.41905323,0.037415467,37.74375,-36.206253,31.312502,46.950733,0.3361091,49.741684,0.09794603,0.27049223,0.87870914,0.38093406,0.104902625,-0.26787105,-0.9116029,0.29363346,-1.0,0
1763545058930,1009.832,-0.7609176,4.7156553,9.37149,0.21693335,-0.25305074,0.36804602,38.34375,-36.881252,30.675001,46.950733,0.3361091,49.741684,0.09591506,0.2697006,0.88037366,0.37815875,0.10591228,-0.26593363,-0.91101545,0.29683793,-1.0,0
1763545058955,1009.832,-0.07716853,4.6079783,7.422536,0.19860741,-0.31077746,0.29932374,37.29375,-35.5125,31.781252,46.950733,0.3361091,49.741684,0.09943358,0.26999265,0.8809844,0.37561068,0.10343066,-0.2684868,-0.90982705,0.29905128,-1.0,0
1763545058980,1009.8132,0.024526432,4.343571,6.6574306,-0.09308052,-0.07880156,0.22082762,37.96875,-35.0625,31.987501,46.950733,0.3361091,49.741684,0.10442215,0.26879904,0.8822522,0.37212142,0.09882343,-0.2709074,-0.9085567,0.30227107,-1.0,0
1763545059005,1009.79584,-0.31226337,4.1001015,7.982456,-0.18196134,0.42226028,0.17119485,38.11875,-35.90625,29.868752,46.950733,0.3361091,49.741684,0.10103805,0.2670007,0.88407147,0.37002617,0.1001363,-0.26734024,-0.9085928,0.30489516,-1.0,0
1763545059030,1009.79584,-0.71007013,4.2574296,6.9481587,0.11598795,0.13805544,0.2283107,38.7,-35.100002,30.993752,46.950733,0.3361091,49.741684,0.09718063,0.26658905,0.88561213,0.3676647,0.10269848,-0.2645124,-0.9082702,0.30745983,-1.0,0
1763545059055,1009.77264,-0.062213387,4.6564326,5.6668024,0.18990259,-0.2556469,0.26633704,37.612503,-35.475002,30.656252,46.950733,0.3361091,49.741684,0.09684572,0.26773754,0.8862822,0.36529607,0.10368703,-0.26516315,-0.9072362,0.3096125,-1.0,0
1763545059081,1009.77264,0.7465607,4.7246284,5.749953,-0.013668099,-0.35628688,0.17516547,37.725002,-34.95,30.31875,46.950733,0.3361091,49.741684,0.10398295,0.26694703,0.8867027,0.36288443,0.09783775,-0.26926,-0.90591794,0.31183252,-1.0,0
1763545059106,1009.7673,-0.06520442,4.2855453,8.391031,-0.21510077,0.3715585,0.027030766,38.86875,-34.96875,31.425001,46.950733,0.3361091,49.741684,0.10300518,0.2647655,0.88759524,0.36257976,0.09707317,-0.2669974,-0.9064597,0.31244203,-1.0,0
1763545059132,1009.7658,-0.5371887,4.709075,8.137392,0.16226095,0.23793183,0.12568542,37.350002,-35.475002,28.5375,46.950733,0.3361091,49.741684,0.097911775,0.26593333,0.8889555,0.35979307,0.10153759,-0.26457018,-0.90580714,0.31497017,-1.0,0
1763545059156,1009.7658,-0.3379862,5.501099,6.669395,0.41668615,-0.07147118,0.19013166,37.5,-36.09375,30.093752,46.950733,0.3361091,49.741684,0.10039517,0.2691592,0.8884448,0.35796663,0.10181769,-0.26862425,-0.9041924,0.3160859,-1.0,0
1763545059181,1009.7558,0.7369894,6.2668023,7.405188,0.21586435,0.015729768,0.08796453,36.375,-35.71875,31.425001,46.950733,0.3361091,49.741684,0.10356235,0.2716676,0.88794357,0.35640976,0.10114846,-0.27257556,-0.9027191,0.3171274,-1.0,0
1763545059206,1009.7646,0.10229317,6.212964,8.482556,0.18226677,0.102472566,0.024281874,37.987503,-35.04375,30.45,46.950733,0.3361091,49.741684,0.10469571,0.27370462,0.88763094,0.3552966,0.10163923,-0.27485433,-0.9017497,0.317761,-1.0,0
1763545059231,1009.7646,-0.04965107,6.323034,9.035896,0.18562654,0.057726722,0.044134982,37.706253,-34.96875,31.3875,46.950733,0.3361091,49.741684,0.10496679,0.27747503,0.8870091,0.35384214,0.10389808,-0.277877,-0.9003488,0.31837335,-1.0,0
1763545059256,1009.77484,0.34636107,6.6041903,9.217153,0.20960298,0.10308343,0.028863361,37.96875,-36.43125,32.381252,46.950733,0.3361091,49.741684,0.1049391,0.27957156,0.88665617,0.35308385,0.10526443,-0.27944925,-0.8996247,0.31859523,-1.0,0
1763545059281,1009.77484,-1.0660025,7.454241,8.542975,0.039935283,-0.14660755,-0.06352994,35.8875,-38.1375,31.931252,46.950733,0.3361091,49.741684,0.10490045,0.28158507,0.8859697,0.35321885,0.10661482,-0.2809404,-0.8992032,0.3180242,-1.0,0
1763545059307,1009.7858,-0.5814559,7.1677003,9.077771,-0.11919499,-0.2603811,-0.013439025,38.025,-36.1875,32.04375,46.950733,0.3361091,49.741684,0.10775724,0.2802283,0.88530236,0.35510552,0.103793256,-0.2817206,-0.8996957,0.3168724,-1.0,0
1763545059332,1009.8005,0.008973085,6.518647,10.01157,-0.2690096,-0.26465717,-0.0033597562,36.1875,-37.36875,31.687502,46.950733,0.3361091,49.741684,0.10906451,0.27710095,0.8857128,0.35613593,0.10076644,-0.28022516,-0.900663,0.31642705,-1.0,0
1763545059357,1009.8005,0.95832545,5.4107704,10.6408825,-0.22823435,-0.021532983,-0.08460477,38.8875,-34.95,30.0375,46.950733,0.3361091,49.741684,0.10964313,0.27376297,0.8862704,0.35715094,0.09803414,-0.27813143,-0.9018606,0.31572092,-1.0,0
1763545059383,1009.821,0.77407813,5.3796635,10.1802635,-0.19463679,-0.018325943,-0.13790272,38.11875,-35.15625,30.281252,46.950733,0.3361091,49.741684,0.1088966,0.27140194,0.886685,0.35815102,0.09686576,-0.2759248,-0.9030293,0.3146753,-1.0,0
1763545059408,1009.8249,0.53659046,4.982455,9.88834,-0.123929195,-0.19914192,-0.14874557,38.86875,-36.45,30.581251,46.950733,0.3361091,49.741684,0.10903587,0.26751512,0.88650227,0.36146975,0.09391491,-0.2731907,-0.9054039,0.31111187,-1.0,0
1763545059433,1009.8249,0.98644114,4.831109,8.073982,-0.08666644,-0.16157374,-0.0108428495,39.61875,-36.600002,28.2,46.950733,0.3361091,49.741684,0.110805675,0.2658134,0.8862083,0.36290538,0.09135085,-0.2731111,-0.90625364,0.30946684,-1.0,0
1763545059458,1009.81146,1.5284154,5.035097,7.3603225,-0.17692171,-0.0772744,-0.066431545,39.693752,-37.59375,28.875002,46.950733,0.3361091,49.741684,0.11192276,0.2643069,0.8862807,0.3634855,0.08943584,-0.27273813,-0.90678346,0.3088024,-1.0,0
1763545059483,1009.79,1.5134603,5.0626144,7.190432,-0.2796997,-0.013744458,-0.21731515,39.581253,-36.112503,27.243752,46.950733,0.3361091,49.741684,0.11102422,0.26018208,0.8864001,0.36643356,0.08717888,-0.26911142,-0.9090646,0.30590928,-1.0,0
1763545059508,1009.79,0.66341007,4.9639106,6.8243303,-0.29252788,0.021227552,-0.342237,38.775,-37.068752,29.250002,46.950733,0.3361091,49.741684,0.10923147,0.25811782,0.8859401,0.3695318,0.087105215,-0.26640007,-0.91083187,0.3030329,-1.0,0
1763545059533,1009.76996,0.73100734,4.7922254,6.7208405,-0.19020802,0.07147118,-0.3176497,41.90625,-36.131252,28.85625,46.950733,0.3361091,49.741684,0.107256494,0.25645247,0.885408,0.37253335,0.08749398,-0.26384962,-0.9124096,0.3003946,-1.0,0
1763545059558,1009.76996,0.8237292,4.636094,6.754938,-0.09353867,0.043218683,-0.38224864,43.7625,-35.90625,25.10625,46.950733,0.3361091,49.741684,0.1039347,0.25522894,0.883671,0.3783931,0.089109465,-0.26077527,-0.91504496,0.29453087,-1.0,0
1763545059583,1009.7514,0.36131623,4.62413,6.5922265,-0.01763872,-0.044134982,-0.43233955,43.21875,-36.46875,25.031252,46.950733,0.3361091,49.741684,0.10338233,0.25536418,0.8820807,0.38214523,0.0895616,-0.2605331,-0.9163674,0.29046848,-1.0,0
1763545059609,1009.74164,-0.87278205,4.723432,7.3633137,0.11797326,0.17944153,-0.19792019,42.506252,-34.800003,25.63125,46.950733,0.3361091,49.741684,0.10245005,0.25593176,0.88068455,0.38522398,0.0906501,-0.26034522,-0.91732043,0.28727365,-1.0,0
1763545059634,1009.74164,-0.7537391,5.015356,7.2305117,0.30382887,0.12614357,-0.0061086477,42.375,-36.075,27.4125,46.950733,0.3361091,49.741684,0.10067782,0.26103225,0.8791131,0.385858,0.09543925,-0.2629928,-0.9164368,0.2861289,-1.0,0
1763545059658,1009.7426,0.09332009,5.5627146,7.272386,0.39500043,-0.18890993,0.08888082,41.475002,-36.787502,28.63125,46.950733,0.3361091,49.741684,0.10398352,0.26373187,0.87821573,0.38518843,0.09476137,-0.26718417,-0.91527414,0.28619254,-1.0,0
1763545059683,1009.7426,0.83748794,5.925825,7.556534,0.37957612,-0.34742934,0.028557928,42.28125,-35.71875,28.95,46.950733,0.3361091,49.741684,0.10864072,0.26573536,0.87696683,0.38537145,0.09255164,-0.27175775,-0.914466,0.28519082,-1.0,0
1763545059708,1009.74286,-0.32482567,5.6189456,8.549556,0.13400847,0.2554942,-0.07742711,40.631252,-36.525,29.94375,46.950733,0.3361091,49.741684,0.11006434,0.2677909,0.8759897,0.3857667,0.09278435,-0.27425757,-0.9140335,0.2841067,-1.0,0
1763545059733,1009.76825,-0.6652047,5.77089,9.416355,0.21662793,0.099723674,0.040622506,41.8125,-35.775,30.093752,46.950733,0.3361091,49.741684,0.108243175,0.27209786,0.8753172,0.38479352,0.09698353,-0.27631143,-0.9128895,0.28439233,-1.0,0
1763545059759,1009.76825,0.104087785,6.0364933,9.265608,0.33055422,-0.16752967,0.09926552,40.912502,-35.006252,31.218752,46.950733,0.3361091,49.741684,0.11106388,0.27407938,0.8746602,0.38407674,0.096146286,-0.27966157,-0.9119339,0.2844678,-1.0,0
1763545059784,1009.77997,-0.8458628,6.7369924,8.475976,0.029856017,0.008704823,-0.068416856,41.11875,-37.0875,28.987501,46.950733,0.3361091,49.741684,0.114080474,0.27543885,0.87373954,0.38431558,0.09470877,-0.2826856,-0.91145074,0.28350773,-1.0,0
1763545059809,1009.79266,-1.8125632,7.076773,8.967701,-0.1353829,-0.038179047,0.07574723,41.86875,-35.5125,29.75625,46.950733,0.3361091,49.741684,0.114022866,0.27590948,0.8733829,0.38480523,0.09507944,-0.28299674,-0.91148484,0.28296322,-1.0,0
1763545059834,1009.79266,-1.3860425,6.888338,9.552148,-0.106977694,-0.49861836,0.22357652,40.537502,-36.80625,32.756252,46.950733,0.3361091,49.741684,0.1179079,0.27212495,0.8743489,0.3841352,0.08998685,-0.28258914,-0.911449,0.28514293,-1.0,0
1763545059859,1009.8073,0.016749758,6.352346,10.093524,-0.09796744,-0.78984815,0.31261006,41.2125,-37.21875,30.69375,46.950733,0.3361091,49.741684,0.12480959,0.26809117,0.87480897,0.3837433,0.08221586,-0.28406137,-0.91145587,0.2860033,-1.0,0
1763545059884,1009.8256,0.50069815,4.9585266,11.085349,-0.21067199,0.081397735,0.17241658,39.61875,-36.2625,32.193752,46.950733,0.3361091,49.741684,0.1289725,0.26407918,0.87569505,0.38312712,0.07634622,-0.28380096,-0.9118147,0.28674427,-1.0,0
1763545059909,1009.8256,-0.28175488,4.838886,10.492527,-0.12194388,0.107054055,0.17088942,38.850002,-35.2125,30.056252,46.950733,0.3361091,49.741684,0.12673503,0.26062506,0.8783104,0.3802417,0.07551705,-0.27979344,-0.9121442,0.28983748,-1.0,0
1763545059934,1009.8195,-0.5395815,4.808975,7.9561353,0.0035888306,0.050396346,0.20891576,37.912502,-36.075,32.2125,46.950733,0.3361091,49.741684,0.12688342,0.26000306,0.8791204,0.37874317,0.07496346,-0.2794306,-0.91180605,0.291391,-1.0,0
1763545059960,1009.8195,-0.17407785,4.799404,7.140183,-0.117362395,0.056046844,0.22663084,38.456253,-36.2625,31.706251,46.950733,0.3361091,49.741684,0.12675528,0.25984606,0.8799714,0.3769129,0.074948415,-0.2792304,-0.9112557,0.29330218,-1.0,0
1763545059985,1009.80975,0.3786642,4.5445685,6.9445696,-0.20929754,0.2083049,0.16707152,40.59375,-36.018753,29.75625,46.950733,0.3361091,49.741684,0.124141,0.25761092,0.8825164,0.3733503,0.07551151,-0.2758122,-0.91077423,0.29785225,-1.0,0
1763545060010,1009.7819,0.016151553,4.4548373,6.13101,-0.24671301,0.319635,0.09010255,41.662502,-33.787502,27.825,46.950733,0.3361091,49.741684,0.120786875,0.2565807,0.883823,0.37206686,0.07734361,-0.27283898,-0.91094047,0.29960698,-1.0,0
1763545060035,1009.7819,-0.15972091,4.2855453,6.99781,-0.36338818,0.016798781,0.13988803,41.737503,-34.893753,26.79375,46.950733,0.3361091,49.741684,0.11814627,0.2543566,0.8851398,0.37131095,0.077940054,-0.26940888,-0.9113649,0.30126107,-1.0,0
1763545060060,1009.7692,0.44506502,4.113262,7.5212398,-0.17386739,0.056199558,0.14217877,41.60625,-34.78125,27.431252,46.950733,0.3361091,49.741684,0.11692693,0.25127947,0.8865109,0.37052003,0.07690452,-0.2662686,-0.91180485,0.3029829,-1.0,0
1763545060085,1009.7609,0.5168497,4.205984,6.979265,0.043753188,0.04382955,0.101250835,39.675003,-35.49375,29.062502,46.950733,0.3361091,49.741684,0.116202265,0.25003776,0.88786757,0.3683331,0.07656541,-0.26487654,-0.91147166,0.30528283,-1.0,0
1763545060110,1009.7609,-0.18484555,4.968696,6.4666033,-0.040088,0.1472184,-0.006872229,41.775,-33.9,27.656252,46.950733,0.3361091,49.741684,0.11588987,0.25093585,0.8879252,0.3676812,0.07738262,-0.26535106,-0.91109645,0.30578429,-1.0,0
1763545060135,1009.76263,-0.30149564,5.029713,7.2789664,-0.037797257,0.091477,0.0010690134,40.0125,-34.4625,29.8875,46.950733,0.3361091,49.741684,0.1145341,0.25132507,0.88810486,0.36740658,0.07871254,-0.26473886,-0.9109915,0.3062877,-1.0,0
1763545060160,1009.76263,-0.27816564,5.352744,7.6271224,0.0040469794,0.107054055,0.022143848,40.350002,-36.54375,28.893751,46.950733,0.3361091,49.741684,0.113570146,0.25149795,0.8882523,0.36723107,0.07961805,-0.2642165,-0.91091186,0.3067412,-1.0,0
1763545060185,1009.76654,-0.020338992,6.020342,9.038888,0.04818196,0.03695732,0.091018856,40.3125,-35.0625,31.275002,46.950733,0.3361091,49.741684,0.11118895,0.25241378,0.8888525,0.36587635,0.0821009,-0.26331568,-0.9103737,0.30845425,-1.0,0
1763545060210,1009.7863,0.6789634,6.1680984,8.940184,0.1277471,-0.25977024,0.082161315,40.987503,-34.74375,30.112501,46.950733,0.3361091,49.741684,0.111236095,0.25295284,0.88906986,0.36496052,0.08243366,-0.26374856,-0.90991914,0.30933556,-1.0,0
1763545060235,1009.7863,1.0737791,6.4941206,8.84806,0.018707734,-0.2828304,-0.003817905,41.7,-34.6875,32.5125,46.950733,0.3361091,49.741684,0.11686735,0.25235084,0.8883494,0.3653717,0.07775095,-0.2670088,-0.9096962,0.3084053,-1.0,0
1763545060260,1009.7995,0.4354937,6.8727846,9.710672,-0.24121523,0.04657844,-0.06185006,38.625,-35.381252,32.100002,46.950733,0.3361091,49.741684,0.11568824,0.2506537,0.8887286,0.3659924,0.077508874,-0.2649593,-0.910408,0.3081333,-1.0,0
1763545060285,1009.8337,-0.23808585,7.0725856,11.676974,0.06467531,-0.11178826,0.12034036,38.5875,-34.237503,30.487501,46.950733,0.3361091,49.741684,0.11285853,0.24936065,0.8895491,0.36576602,0.07881685,-0.26211768,-0.91084856,0.30892903,-1.0,0
1763545060312,1009.8337,1.2382857,6.931409,10.861022,0.31009024,-0.4091267,0.18829907,41.100002,-33.375,30.956251,46.950733,0.3361091,49.741684,0.11921396,0.25042665,0.8891424,0.36400592,0.07472632,-0.26709822,-0.9093864,0.30998525,-1.0,0
1763545060337,1009.83856,1.9322042,6.355337,9.771689,0.26687154,-0.2941314,0.07574723,40.068752,-33.46875,30.750002,46.950733,0.3361091,49.741684,0.12318084,0.2514946,0.8884436,0.36365524,0.07231942,-0.27054194,-0.9087652,0.30939105,-1.0,0
1763545060362,1009.83856,1.3686945,4.837091,9.830912,-0.23739733,-0.14263692,-0.06185006,38.4,-35.1375,31.331251,46.950733,0.3361091,49.741684,0.12453383,0.25102118,0.8882453,0.3640055,0.07086343,-0.27110642,-0.90898806,0.30857804,-1.0,0
1763545060388,1009.8381,1.2837493,4.1222353,11.213366,-0.27374378,-0.12660173,-0.09300416,39.3375,-34.162502,30.862501,46.950733,0.3361091,49.741684,0.12493551,0.24832894,0.88849103,0.36511317,0.068662144,-0.26937267,-0.91005,0.30746213,-1.0,0
1763545060413,1009.8427,0.8147561,3.8614175,11.171491,-0.007101303,-0.059101168,-0.09117157,38.193752,-32.550003,31.518751,46.950733,0.3361091,49.741684,0.12500231,0.24433482,0.8886089,0.36749023,0.065595955,-0.26650003,-0.912151,0.30439374,-1.0,0
1763545060438,1009.8427,0.3182454,4.3501515,6.916454,0.27252206,-0.25625777,0.046425723,39.675003,-33.15,32.006252,46.950733,0.3361091,49.741684,0.1266562,0.24583943,0.8878155,0.36783817,0.06519901,-0.2687525,-0.91192925,0.30316034,-1.0,0
1763545060463,1009.8205,1.0869397,4.686941,5.88096,-0.0054214248,-0.3584249,0.03375028,37.65,-33.73125,31.331251,46.950733,0.3361091,49.741684,0.12980069,0.24708506,0.8870507,0.3677526,0.06362441,-0.27175573,-0.91130966,0.3026805,-1.0,0
1763545060488,1009.8088,1.7694924,4.5948176,7.533802,-0.3701077,-0.20616686,-0.08857539,41.5875,-33.300003,29.5125,46.950733,0.3361091,49.741684,0.13355428,0.24206448,0.8869721,0.36993065,0.05746528,-0.27042502,-0.912715,0.30086437,-1.0,0
1763545060513,1009.8088,1.3064811,4.3322053,8.752945,-0.33467755,0.2403753,-0.25411975,37.93125,-33.7125,33.15,46.950733,0.3361091,49.741684,0.12992865,0.24011883,0.88721484,0.3719021,0.058801793,-0.26660994,-0.9143362,0.2990832,-1.0,0
1763545060539,1009.80365,-0.37627137,4.581657,6.9535427,0.20502149,0.22769985,-0.18310672,37.21875,-33.65625,32.30625,46.950733,0.3361091,49.741684,0.124929495,0.24142265,0.887018,0.3732381,0.06337504,-0.2643405,-0.91512984,0.29773325,-1.0,0
1763545060565,1009.7756,0.061016977,4.896313,5.9156556,0.40156722,-0.28145593,-0.105526894,38.98125,-34.350002,32.775,46.950733,0.3361091,49.741684,0.12669046,0.24696936,0.88441676,0.37518334,0.065780856,-0.2696613,-0.91431326,0.2949355,-1.0,0
1763545060591,1009.7756,0.97567344,5.206782,5.573482,0.115835235,0.033139415,-0.12400555,38.325,-34.66875,32.550003,46.950733,0.3361091,49.741684,0.13083936,0.24903177,0.882755,0.37630808,0.064049646,-0.27392223,-0.9137315,0.29318762,-1.0,0
1763545060616,1009.7546,0.88354975,5.1822557,6.9499536,0.0063377223,0.23961172,-0.12965605,37.55625,-33.375,32.550003,46.950733,0.3361091,49.741684,0.13097458,0.25057384,0.88198286,0.37704712,0.06498484,-0.27517006,-0.9136014,0.29221728,-1.0,0
1763545060641,1009.7546,0.8644072,5.241478,7.841878,0.2042579,0.01527162,-0.14110976,37.612503,-34.5,33.693752,46.950733,0.3361091,49.741684,0.12928684,0.253801,0.8807488,0.37835374,0.068347156,-0.27651164,-0.9135508,0.29033595,-1.0,0
1763545060666,1009.7568,0.7704889,5.400601,6.939784,0.3832413,-0.12293654,-0.15347977,40.893753,-33.65625,31.9125,46.950733,0.3361091,49.741684,0.13149677,0.25680497,0.8790844,0.3794342,0.068611994,-0.28023666,-0.91303056,0.28833136,-1.0,0
1763545060692,1009.74286,-0.124426775,6.116653,6.6915283,-0.18287764,0.6137664,0.008399391,37.256252,-34.78125,33.75,46.950733,0.3361091,49.741684,0.13035475,0.25947788,0.87839574,0.3796048,0.071243495,-0.28150576,-0.9126021,0.2878128,-1.0,0
1763545060717,1009.74286,0.36490545,6.3678994,9.142377,-0.3249037,0.4233293,0.07849612,38.90625,-33.24375,32.71875,46.950733,0.3361091,49.741684,0.12007981,0.25946236,0.88106483,0.37680894,0.07912657,-0.2747342,-0.9126588,0.29208565,-1.0,0
1763545060742,1009.768,1.1886346,6.3714886,11.033903,-0.068035066,-0.058337588,0.005345067,38.8875,-33.46875,31.35,46.950733,0.3361091,49.741684,0.12043697,0.2585344,0.88122547,0.3769572,0.07816886,-0.2742895,-0.91296256,0.291812,-1.0,0
1763545060767,1009.7922,-0.47018966,6.458228,9.728021,0.26564983,-0.21441354,-0.13561198,39.15,-32.831253,31.893751,46.950733,0.3361091,49.741684,0.124228284,0.2591698,0.87963873,0.3789907,0.07556896,-0.27729222,-0.91324985,0.28874388,-1.0,0
1763545060793,1009.7922,-0.111864455,6.613762,8.953344,0.05261073,0.0070249448,0.051159926,37.55625,-34.125,33.225002,46.950733,0.3361091,49.741684,0.12661481,0.26074848,0.87823087,0.38038072,0.07477433,-0.28005338,-0.91311693,0.28669912,-1.0,0
1763545060818,1009.8061,1.1264212,6.6077795,9.634102,-0.35361436,0.12324197,0.02535089,38.25,-33.5625,33.2625,46.950733,0.3361091,49.741684,0.12457134,0.2588304,0.879351,0.37977713,0.07511421,-0.27725267,-0.91351885,0.2880488,-1.0,0
1763545060844,1009.8405,-0.62093747,5.1266227,12.853645,-0.44692394,0.26068655,-0.29031348,37.65,-33.73125,32.100002,46.950733,0.3361091,49.741684,0.120938234,0.25440505,0.880259,0.38183242,0.07483591,-0.27156508,-0.9156886,0.2866468,-1.0,0
1763545060869,1009.8405,-1.2460624,4.6636114,12.481561,-0.073380135,0.22311836,-0.13805544,37.78125,-32.98125,32.662502,46.950733,0.3361091,49.741684,0.11617059,0.2514784,0.88069504,0.38423866,0.07641846,-0.26626527,-0.9177107,0.28472796,-1.0,0
1763545060894,1009.85614,-1.0253245,4.6438704,10.505688,0.22609633,0.05222894,-0.0048869182,39.9,-34.125,32.193752,46.950733,0.3361091,49.741684,0.113139,0.2513358,0.8807449,0.38512123,0.078552336,-0.26419628,-0.9183979,0.2838577,-1.0,0
1763545060920,1009.85614,-0.47676992,4.584648,8.800801,0.23464844,-0.0858265,0.03604102,37.912502,-33.075,32.193752,46.950733,0.3361091,49.741684,0.11443055,0.25452647,0.87985116,0.38468668,0.07960558,-0.26747155,-0.9174941,0.28341916,-1.0,0
1763545060945,1009.8393,-0.80937225,4.429115,8.04467,-0.0058795735,0.11514801,0.073303774,38.41875,-34.162502,32.8125,46.950733,0.3361091,49.741684,0.114541054,0.25527748,0.879717,0.3844628,0.08000562,-0.26811448,-0.91725355,0.2834777,-1.0,0
1763545060970,1009.82806,-0.7896315,4.287938,7.920243,0.09414954,0.1084285,0.20066908,39.881252,-35.11875,31.031252,46.950733,0.3361091,49.741684,0.113173425,0.25645366,0.88078386,0.3816323,0.08184347,-0.2681014,-0.91617626,0.28643394,-1.0,0
1763545060996,1009.82806,-0.24107689,4.3537407,6.8279195,0.22044583,0.10720677,0.30589053,37.85625,-33.3375,32.831253,46.950733,0.3361091,49.741684,0.11366449,0.25835782,0.88148415,0.37857246,0.082720265,-0.26986244,-0.91470265,0.2892242,-1.0,0
1763545061021,1009.80853,0.89371926,4.503292,5.4634123,0.2042579,0.05986475,0.17928882,37.331253,-33.768753,32.756252,46.950733,0.3361091,49.741684,0.11462295,0.26041165,0.88210046,0.37542784,0.08332631,-0.27204663,-0.9131257,0.29197407,-1.0,0
1763545061046,1009.78973,0.2536392,4.4231324,5.3336015,0.09720386,0.073761925,0.04978548,38.550003,-33.525,32.775,46.950733,0.3361091,49.741684,0.11559217,0.26339865,0.88226277,0.37265527,0.08448175,-0.2749604,-0.9115037,0.293974,-1.0,0
1763545061071,1009.78973,-0.15792629,4.429115,5.775676,0.04497492,0.03527744,0.03054324,38.5125,-34.518753,32.0625,46.950733,0.3361091,49.741684,0.11556831,0.2640262,0.88225317,0.37224114,0.08493684,-0.2754117,-0.9111968,0.29437125,-1.0,0
1763545061096,1009.77655,0.4636094,4.8341,6.672386,0.13584106,-0.21624613,-0.034208428,36.131252,-33.15,33.318752,46.950733,0.3361091,49.741684,0.11651352,0.26464382,0.8820294,0.3720383,0.084649764,-0.276489,-0.910868,0.29446188,-1.0,0
1763545061122,1009.77655,0.047856454,5.148158,7.073782,0.16882776,-0.19074252,-0.12904519,36.5625,-33.862503,33.91875,46.950733,0.3361091,49.741684,0.11883583,0.26512063,0.88129556,0.37270248,0.08319229,-0.2783702,-0.9107574,0.29344502,-1.0,0
1763545061148,1009.7734,-0.7902297,5.5310097,6.95773,0.15874848,0.021074835,-0.11026109,36.318752,-34.3875,33.825,46.950733,0.3361091,49.741684,0.12086109,0.26775917,0.8793366,0.3747863,0.0834144,-0.28168142,-0.91060203,0.29069158,-1.0,0
1763545061173,1009.77094,-0.41754755,6.1214385,7.4105716,0.10957387,-0.1753182,0.068722285,38.456253,-33.393753,31.218752,46.950733,0.3361091,49.741684,0.12042007,0.26954588,0.8790066,0.37442142,0.0850385,-0.2827091,-0.9099872,0.29114825,-1.0,0
1763545061198,1009.77094,0.22313072,6.3314085,8.211569,-0.012293654,-0.3489565,0.034208428,36.15,-33.15,32.53125,46.950733,0.3361091,49.741684,0.12237078,0.27005437,0.87867385,0.37420332,0.08402091,-0.28433165,-0.9094634,0.2915001,-1.0,0
1763545061224,1009.7736,0.15672988,6.75434,9.203394,-0.18089233,-0.13133593,-0.035582874,35.362503,-34.8375,32.71875,46.950733,0.3361091,49.741684,0.12582189,0.266964,0.87850386,0.37567258,0.07944033,-0.2842361,-0.9102432,0.2904417,-1.0,0
1763545061249,1009.80145,-0.7908279,7.568498,11.17508,-0.14408773,0.1301142,0.014660755,37.55625,-34.350002,30.300001,46.950733,0.3361091,49.741684,0.123342104,0.26554015,0.87915957,0.37597033,0.08042036,-0.28152692,-0.91089714,0.2907603,-1.0,0
1763545061275,1009.80145,-0.12143575,7.3896346,10.879566,0.083764836,-0.25198174,0.08552107,37.575,-33.375,32.25,46.950733,0.3361091,49.741684,0.12157239,0.26491174,0.87969357,0.37574083,0.08142075,-0.27987275,-0.911075,0.29152063,-1.0,0
1763545061300,1009.83246,1.2191432,7.0839515,10.65823,0.03978257,-0.48884454,0.055435978,37.162502,-34.65,32.2125,46.950733,0.3361091,49.741684,0.1285305,0.2631776,0.87897116,0.37633365,0.07504888,-0.28310814,-0.9108916,0.29067835,-1.0,0
1763545061325,1009.83246,1.8652053,6.2775702,11.309676,-0.20166174,-0.032833982,-0.089033544,36.487503,-34.237503,33.6375,46.950733,0.3361091,49.741684,0.128101,0.26122233,0.8791855,0.37734044,0.07394616,-0.2813875,-0.9118648,0.28957832,-1.0,0
1763545061350,1009.8493,-0.1268196,4.8358946,12.029318,-0.22212571,0.6800452,-0.20799945,36.787502,-34.21875,34.3875,46.950733,0.3361091,49.741684,0.121567115,0.2603735,0.8800497,0.37807345,0.07812408,-0.27653125,-0.9132172,0.28889698,-1.0,0
1763545061375,1009.8603,-0.31226337,4.237689,11.776875,0.11217005,0.21395539,-0.09850194,35.662502,-35.4375,34.10625,46.950733,0.3361091,49.741684,0.112313524,0.26190948,0.880544,0.37872326,0.08583207,-0.27174208,-0.91433454,0.2877177,-1.0,0
1763545061400,1009.8603,-0.18783657,4.104289,9.528818,0.4400517,-0.16203189,0.026267186,37.48125,-34.612503,31.706251,46.950733,0.3361091,49.741684,0.11506191,0.2644971,0.8794957,0.37853572,0.085314006,-0.2755349,-0.91354746,0.2867631,-1.0,0
1763545061426,1009.851,0.25124636,4.260421,7.6067834,0.41363183,-0.27473643,0.1339321,36.28125,-35.362503,32.643753,46.950733,0.3361091,49.741684,0.119117565,0.2665885,0.87869096,0.37768203,0.08353634,-0.27978584,-0.91245013,0.2866642,-1.0,0
1763545061451,1009.8149,1.1527423,4.60738,6.5437717,0.009850195,0.14874557,0.066126116,35.325,-35.60625,34.78125,46.950733,0.3361091,49.741684,0.12138137,0.26754078,0.8786158,0.3764611,0.082371876,-0.28200424,-0.91166735,0.2873171,-1.0,0
1763545061476,1009.8149,0.64008003,4.6779685,6.2584276,-0.016569708,0.28817546,-0.03695732,35.643753,-35.456253,34.575,46.950733,0.3361091,49.741684,0.118173234,0.26891944,0.87928396,0.3749364,0.085542426,-0.2810072,-0.91134536,0.28838706,-1.0,0
1763545061501,1009.79,0.38165522,4.835296,5.0709896,0.20379977,-0.043982264,-0.04459313,35.625,-36.43125,32.925003,46.950733,0.3361091,49.741684,0.11691325,0.2704375,0.8790415,0.37480757,0.08747409,-0.2813422,-0.9110912,0.28828406,-1.0,0
1763545061527,1009.79,0.79142606,5.0009995,4.505685,0.14775293,-0.19089524,-0.09758565,36.037502,-35.15625,32.662502,46.950733,0.3361091,49.741684,0.11802828,0.27221623,0.87824917,0.37502816,0.08780653,-0.28341198,-0.9106137,0.2876636,-1.0,0
1763545061553,1009.7602,0.80518484,4.9842496,4.746164,-0.041462447,-0.081397735,-0.18585561,36.2625,-35.381252,34.050003,46.950733,0.3361091,49.741684,0.12056028,0.27296847,0.8764722,0.3778226,0.08639468,-0.28562656,-0.9110673,0.28444642,-1.0,0
1763545061578,1009.73846,0.0011964113,5.0979085,6.498906,-0.12881611,0.10919208,-0.14798199,37.55625,-34.125,32.756252,46.950733,0.3361091,49.741684,0.11836666,0.27241355,0.876256,0.3794151,0.08771073,-0.2837721,-0.91192734,0.28314093,-1.0,0
1763545061603,1009.73846,-0.052043892,5.2701917,6.35773,0.059635673,-0.09834923,-0.10293072,33.693752,-35.775,33.862503,46.950733,0.3361091,49.741684,0.11664668,0.2720476,0.8761286,0.38050237,0.08880343,-0.28236556,-0.91251296,0.28231853,-1.0,0
1763545061629,1009.738,0.093918286,5.5579286,5.8540406,0.08972076,-0.24953826,-0.04856375,35.60625,-35.7,33.825,46.950733,0.3361091,49.741684,0.11988591,0.2725449,0.87467635,0.38247618,0.08673116,-0.28483513,-0.9126378,0.2800693,-1.0,0
1763545061655,1009.7387,0.47198427,5.8301125,6.2315083,-0.057344932,-0.23884813,-0.03695732,36.16875,-35.8875,32.68125,46.950733,0.3361091,49.741684,0.12178015,0.27149752,0.8743277,0.3834181,0.08465788,-0.28526193,-0.9129426,0.27927488,-1.0,0
1763545061679,1009.7387,0.20877378,5.919843,7.9615192,-0.20471606,-0.098654665,-0.037568185,34.987503,-36.61875,33.16875,46.950733,0.3361091,49.741684,0.12194071,0.2696147,0.87455755,0.3841712,0.08331159,-0.283938,-0.9136048,0.27886313,-1.0,0
1763545061707,1009.7658,0.21355942,6.2051873,9.972687,0.18211406,-0.0009162972,0.19120067,36.28125,-36.75,33.506252,46.950733,0.3361091,49.741684,0.121986195,0.27019268,0.8755105,0.38157153,0.08361471,-0.28441745,-0.91267127,0.28132972,-1.0,0
1763545061732,1009.7839,1.2412767,6.9936223,8.841479,0.089415334,-0.06185006,0.10262528,37.800003,-36.581253,31.781252,46.950733,0.3361091,49.741684,0.12500271,0.27197608,0.8752343,0.37995824,0.08244023,-0.28775036,-0.91145873,0.28221685,-1.0,0
1763545061757,1009.7839,0.22552353,7.2011995,10.34178,-0.16088651,0.32971427,-0.003817905,36.0,-36.768753,32.456253,46.950733,0.3361091,49.741684,0.1263935,0.27242902,0.8752866,0.37905207,0.08163441,-0.28901333,-0.910953,0.28279275,-1.0,0
1763545061782,1009.8078,-1.2580265,7.4913297,10.979466,-0.15737404,0.5551234,0.0594066,34.03125,-35.49375,34.443752,46.950733,0.3361091,49.741684,0.11795108,0.2729488,0.8773573,0.37660405,0.088359326,-0.2839122,-0.9109467,0.28594142,-1.0,0
1763545061808,1009.8344,-1.102493,7.542775,10.904691,-0.06269,0.28115052,0.15729769,35.79375,-37.03125,32.643753,46.950733,0.3361091,49.741684,0.11545435,0.2733953,0.87836635,0.3746971,0.09064781,-0.28259102,-0.91036415,0.28837898,-1.0,0
1763545061833,1009.8344,0.039481573,6.1250277,11.095519,-0.16760603,-0.051923506,-0.008246674,36.037502,-36.525,33.825,46.950733,0.3361091,49.741684,0.11608342,0.27253523,0.8788133,0.3740809,0.089649014,-0.2823364,-0.9102616,0.28926298,-1.0,0
1763545061858,1009.85077,-0.360718,5.2941203,11.505289,-0.20028728,0.20631959,-0.041538805,37.893753,-36.825,32.4,46.950733,0.3361091,49.741684,0.113074265,0.2695149,0.8799171,0.3745956,0.089828566,-0.27812746,-0.91157275,0.28915572,-1.0,0
1763545061883,1009.86005,-0.37208393,4.9752765,10.981261,-0.066507906,0.31337363,0.0010690134,35.025,-36.375,33.91875,46.950733,0.3361091,49.741684,0.10990512,0.26963043,0.8805634,0.37393662,0.092205554,-0.2761844,-0.9117411,0.28973877,-1.0,0
1763545061908,1009.86005,-0.36610186,4.938786,9.402596,0.029092435,0.2084576,0.010690134,34.350002,-36.9375,32.943752,46.950733,0.3361091,49.741684,0.10806166,0.27029103,0.8808405,0.3733438,0.09395996,-0.27551058,-0.911644,0.29012188,-1.0,0
1763545061933,1009.84735,-0.50488555,4.7688956,7.2526455,-0.12011129,0.07055488,-0.01282816,36.825,-35.68125,31.368752,46.950733,0.3361091,49.741684,0.10681049,0.2704917,0.8810032,0.37317467,0.09500949,-0.27485892,-0.9116898,0.29025403,-1.0,0
1763545061958,1009.84735,-0.3385844,4.4321055,7.0989065,-0.24549128,0.14294235,0.056352276,36.65625,-37.0875,33.787502,46.950733,0.3361091,49.741684,0.10363013,0.26811212,0.88232297,0.37267005,0.09589406,-0.27097535,-0.91234225,0.29156193,-1.0,0
1763545061983,1009.8195,0.09571291,4.159324,7.2957163,-0.22090398,0.20219624,0.13164136,36.91875,-36.54375,32.8125,46.950733,0.3361091,49.741684,0.101419285,0.26674038,0.8835913,0.37125486,0.09665079,-0.26850495,-0.91241455,0.2933657,-1.0,0
1763545062009,1009.78485,1.055833,3.821936,5.998208,0.14683662,-0.0632245,0.015577052,35.68125,-36.1875,32.60625,46.950733,0.3361091,49.741684,0.10084479,0.26657712,0.884261,0.36993137,0.0969063,-0.26803398,-0.9121432,0.29455346,-1.0,0
1763545062034,1009.78485,0.7322037,3.7531424,4.867001,0.17356196,-0.1226311,-0.084452055,39.225002,-37.66875,30.618752,46.950733,0.3361091,49.741684,0.10386824,0.26849288,0.8830786,0.37053376,0.09566651,-0.2715234,-0.91184324,0.29268563,-1.0,0
1763545062059,1009.7592,0.27517462,3.9020956,4.746762,0.012599086,-0.080176,-0.10613775,36.825,-36.1875,33.7125,46.950733,0.3361091,49.741684,0.10450815,0.26850778,0.8825625,0.37157112,0.0951649,-0.27195957,-0.91215265,0.29147762,-1.0,0
1763545062085,1009.74164,-0.51445687,4.4895334,5.823532,-0.09109521,-0.049480047,-0.090560704,34.55625,-37.29375,33.24375,46.950733,0.3361091,49.741684,0.10360601,0.2681115,0.8825134,0.37222582,0.09559053,-0.27107275,-0.91254336,0.29094097,-1.0,0
1763545062110,1009.74164,-0.8069794,5.08415,6.9373913,-0.066813335,-0.24083345,-0.0481056,35.625,-37.18125,32.04375,46.950733,0.3361091,49.741684,0.10349922,0.26736084,0.8823408,0.37320334,0.095206335,-0.27042493,-0.91302335,0.29016274,-1.0,0
1763545062135,1009.7453,-0.86859465,5.4723854,7.661818,0.0297033,-0.17928882,0.009315688,36.46875,-37.237503,33.975002,46.950733,0.3361091,49.741684,0.106630996,0.2658991,0.8817686,0.3747155,0.09201795,-0.27130273,-0.9134212,0.289118,-1.0,0
1763545062161,1009.7453,-0.9206385,5.7810597,8.159525,0.14179699,-0.12965605,0.08949169,36.037502,-37.256252,32.625,46.950733,0.3361091,49.741684,0.10832511,0.26670238,0.88154423,0.37418646,0.09132778,-0.2729903,-0.9128283,0.28962034,-1.0,0
1763545062186,1009.76117,0.29012975,6.47438,7.8957167,0.19692753,-0.24388777,0.13897173,40.2,-36.3375,31.987501,46.950733,0.3361091,49.741684,0.113685854,0.26922122,0.88097453,0.37212804,0.089020275,-0.27835217,-0.9109274,0.29121596,-1.0,0
1763545062211,1009.77167,0.8739785,6.8345,8.763713,0.015653409,-0.309403,-0.034208428,37.050003,-37.40625,32.2125,46.950733,0.3361091,49.741684,0.11653239,0.26842237,0.88042545,0.37312275,0.08632489,-0.279604,-0.9111738,0.29005507,-1.0,0
1763545062237,1009.77167,-0.7369894,7.238887,11.060225,-0.11950042,0.080634154,-0.14782928,37.40625,-37.631252,34.2,46.950733,0.3361091,49.741684,0.117331855,0.26689363,0.8799168,0.37516335,0.08469847,-0.27897158,-0.9121413,0.2880958,-1.0,0
1763545062262,1009.8066,-1.0773684,7.4536424,11.1631155,0.013668099,0.04657844,-0.04657844,37.256252,-37.03125,33.73125,46.950733,0.3361091,49.741684,0.115743004,0.2663759,0.87976605,0.37637606,0.08559039,-0.27753714,-0.9127928,0.28715274,-1.0,0
1763545062287,1009.83636,-0.401396,7.399804,10.710873,0.101327196,-0.31077746,0.051923506,34.03125,-36.862503,34.96875,46.950733,0.3361091,49.741684,0.1179804,0.26656646,0.8791329,0.37702546,0.08414768,-0.2790989,-0.9126002,0.2866772,-1.0,0
1763545062312,1009.83636,2.140978,6.452246,11.837294,-0.10682498,-0.23472479,-0.123852834,35.643753,-36.206253,34.78125,46.950733,0.3361091,49.741684,0.12341603,0.2643777,0.87850463,0.37828898,0.0785802,-0.28098443,-0.9129646,0.28525186,-1.0,0
1763545062337,1009.84784,1.4231312,5.706882,11.928819,-0.16684245,0.38163778,-0.27015495,34.800003,-37.29375,36.9375,46.950733,0.3361091,49.741684,0.12496965,0.26243663,0.8781377,0.37997842,0.07596693,-0.28056988,-0.9139586,0.28317696,-1.0,0
1763545062363,1009.84784,0.29910284,5.0793643,11.167303,-0.06024654,0.56535536,-0.27382013,38.662502,-35.86875,32.8875,46.950733,0.3361091,49.741684,0.11495758,0.26361266,0.87810844,0.38238537,0.083913304,-0.27507353,-0.9159312,0.27993402,-1.0,0
1763545062388,1009.851,-0.17766708,4.6558347,9.994222,0.130496,0.3764454,-0.20234896,36.018753,-36.525,34.59375,46.950733,0.3361091,49.741684,0.11157959,0.26591393,0.8775594,0.38305247,0.08785881,-0.2746654,-0.9160667,0.27867818,-1.0,0
1763545062413,1009.8339,0.1363909,4.197011,7.292127,0.20685409,-0.24373505,-0.03970621,36.0,-37.275,34.800003,46.950733,0.3361091,49.741684,0.11226012,0.26813012,0.87639767,0.38396752,0.08872317,-0.2768109,-0.91583514,0.2770377,-1.0,0
1763545062438,1009.8339,0.7280163,4.1150565,7.1359954,0.047571093,-0.04459313,-0.01802051,36.825,-37.575,35.193752,46.950733,0.3361091,49.741684,0.11545088,0.2689456,0.87530375,0.38494503,0.08670826,-0.2795395,-0.91575396,0.2751982,-1.0,0
1763545062464,1009.80365,0.27337998,4.3334017,6.8865438,0.010766491,0.123547405,-0.054825112,35.86875,-37.18125,36.037502,46.950733,0.3361091,49.741684,0.11440472,0.2693934,0.8752601,0.3850436,0.08770266,-0.27923018,-0.9158754,0.27479264,-1.0,0
1763545062489,1009.7812,-0.28055847,4.846662,5.2498527,0.17172936,-0.057879437,-0.013133593,37.331253,-36.6375,33.693752,46.950733,0.3361091,49.741684,0.11381114,0.2706034,0.8749222,0.38513878,0.08892523,-0.2797704,-0.91569394,0.2744548,-1.0,0
1763545062515,1009.7812,0.60358953,5.017151,4.5409794,0.102854356,-0.17974696,-0.017867794,37.93125,-37.2,34.443752,46.950733,0.3361091,49.741684,0.11690988,0.27254024,0.87368155,0.38566104,0.08791046,-0.28322756,-0.91500443,0.2735338,-1.0,0
1763545062540,1009.7546,0.8787641,5.0368915,5.109873,-0.068035066,-0.15057817,-0.13454297,36.45,-37.237503,35.0625,46.950733,0.3361091,49.741684,0.11792481,0.27179602,0.8731199,0.38714638,0.086638354,-0.28332514,-0.91555727,0.27198443,-1.0,0
1763545062565,1009.74506,-0.20638095,5.0273204,6.9332037,-0.059635673,0.07208204,-0.08994984,34.40625,-37.8375,36.225002,46.950733,0.3361091,49.741684,0.11677042,0.27103773,0.8728221,0.38869655,0.08700735,-0.2820044,-0.9163531,0.27055544,-1.0,0
1763545062590,1009.74506,0.13160525,5.267799,6.888338,0.15966478,-0.11362085,0.015729768,38.8875,-36.975002,32.625,46.950733,0.3361091,49.741684,0.11572526,0.2710101,0.8726903,0.38932377,0.08779761,-0.28130123,-0.9166474,0.27003473,-1.0,0
1763545062615,1009.73944,0.5461618,5.7409797,5.959325,0.24900375,-0.21746786,0.022907428,34.987503,-37.162502,36.600002,46.950733,0.3361091,49.741684,0.12034049,0.273361,0.871326,0.3893366,0.085814066,-0.2860839,-0.91561514,0.2691484,-1.0,0
1763545062640,1009.73944,0.50129634,6.109474,6.9678993,-0.06269,0.027947064,-0.018784093,35.71875,-36.5625,34.93125,46.950733,0.3361091,49.741684,0.12191846,0.2741061,0.8707658,0.3895747,0.08512082,-0.28766775,-0.9153212,0.26867983,-1.0,0
1763545062665,1009.7331,0.212363,6.2321067,8.430512,-0.03733911,0.04978548,0.0024434591,37.96875,-36.45,32.68125,46.950733,0.3361091,49.741684,0.121645845,0.27396673,0.8708171,0.38964346,0.085254535,-0.28737974,-0.9153891,0.2687142,-1.0,0
1763545062691,1009.74554,0.019142581,6.3589263,9.047262,0.1107956,-0.007941242,0.05329795,37.818752,-36.3375,33.61875,46.950733,0.3361091,49.741684,0.12189409,0.27478978,0.87084895,0.3889146,0.08556598,-0.28817713,-0.9149719,0.26918185,-1.0,0
1763545062716,1009.74554,0.40737805,6.4588265,8.825927,0.19708025,0.0048869182,0.08384119,36.9,-36.3375,36.3375,46.950733,0.3361091,49.741684,0.12285795,0.27636224,0.8706469,0.38794824,0.085830316,-0.2900057,-0.91421217,0.2697146,-1.0,0
1763545062741,1009.7607,0.7962117,6.91765,9.183653,0.00068722287,0.09040799,-0.0707076,35.756252,-37.6875,36.393753,46.950733,0.3361091,49.741684,0.12324823,0.27769843,0.8704476,0.38731697,0.08634346,-0.29129252,-0.9137036,0.26988736,-1.0,0
1763545062766,1009.7817,-0.24646074,7.1808605,9.884152,-0.09689843,0.21410811,-0.093309596,37.350002,-36.412502,35.53125,46.950733,0.3361091,49.741684,0.12024924,0.27822864,0.8704545,0.38786343,0.08885548,-0.2897857,-0.91416955,0.2691152,-1.0,0
1763545062791,1009.7817,-0.8117651,7.402197,9.961321,-0.088651754,0.2037234,-0.0012217296,36.99375,-36.693752,35.5875,46.950733,0.3361091,49.741684,0.1181058,0.2783392,0.8708928,0.38745847,0.0906015,-0.28846675,-0.91420096,0.26984245,-1.0,0
1763545062817,1009.80927,0.45164528,6.5904317,10.287343,-0.2606102,-0.08704823,-0.035430156,35.4,-36.600002,35.756252,46.950733,0.3361091,49.741684,0.117693596,0.277539,0.8713369,0.38715905,0.09045713,-0.28757125,-0.91428775,0.27055168,-1.0,0
1763545062843,1009.80927,-0.18783657,5.456832,11.115259,-0.36873326,0.16920954,-0.14828743,37.6875,-36.24375,34.875,46.950733,0.3361091,49.741684,0.117423564,0.27505985,0.8718022,0.3879624,0.08902308,-0.285519,-0.91519254,0.27014136,-1.0,0
1763545062868,1009.8278,-1.1389836,4.8825545,11.097912,-0.26213735,0.3488038,-0.056810424,36.487503,-35.625,34.800003,46.950733,0.3361091,49.741684,0.10981475,0.27121633,0.8734671,0.3891499,0.09214178,-0.2777183,-0.91740495,0.26972324,-1.0,0
1763545062893,1009.8376,-0.99720883,4.976473,9.907482,-0.042684175,0.14416409,0.053908817,38.025,-36.1875,32.362503,46.950733,0.3361091,49.741684,0.10821588,0.27100262,0.874026,0.38849124,0.09318516,-0.27653146,-0.9174387,0.2704683,-1.0,0
1763545062918,1009.8376,-0.2213361,4.8568316,7.042077,-0.18532111,-0.14920372,0.07864884,37.3125,-35.268753,33.91875,46.950733,0.3361091,49.741684,0.109373525,0.2703571,0.87426054,0.38808882,0.091898985,-0.27678534,-0.917343,0.2709727,-1.0,0
1763545062943,1009.82465,-0.39720857,4.732405,6.893722,-0.416228,-0.008704823,0.034208428,38.79375,-35.23125,32.850002,46.950733,0.3361091,49.741684,0.1100809,0.26817074,0.87487125,0.38802955,0.08995037,-0.2755763,-0.9177629,0.2714368,-1.0,0
1763545062968,1009.8049,-0.73340017,4.4518466,7.4213395,-0.5300016,0.12476913,0.0707076,38.550003,-35.006252,32.550003,46.950733,0.3361091,49.741684,0.10572243,0.2606025,0.87776434,0.3878645,0.08840803,-0.2669736,-0.91981536,0.27358505,-1.0,0
1763545062993,1009.8049,0.025124637,4.159922,7.6031938,-0.105908684,-0.09376775,0.24449863,35.100002,-35.60625,30.7875,46.950733,0.3361091,49.741684,0.103679724,0.25744396,0.8794716,0.38665614,0.08792798,-0.26324046,-0.9203199,0.27565274,-1.0,0
1763545063018,1009.79535,0.55752766,4.345366,6.5018973,0.12728895,-0.19792019,0.20906848,40.3875,-34.050003,30.281252,46.950733,0.3361091,49.741684,0.10456165,0.25584888,0.88057745,0.38495672,0.08620757,-0.26260248,-0.9200762,0.27761132,-1.0,0
1763545063044,1009.79535,-0.02632105,4.4428735,5.319245,0.09414954,-0.06597339,0.1461494,36.05625,-34.3875,31.3875,46.950733,0.3361091,49.741684,0.10874793,0.25638765,0.88108003,0.38227913,0.08329297,-0.2657499,-0.91880333,0.2797136,-1.0,0
1763545063070,1009.7692,-0.27756742,4.4775696,6.439684,-0.027107125,-0.113926284,0.30634868,35.268753,-35.456253,30.900002,46.950733,0.3361091,49.741684,0.108471684,0.2563604,0.88195735,0.3803478,0.08356133,-0.2655264,-0.91814005,0.2820144,-1.0,0
1763545063096,1009.7575,0.212363,4.9214377,6.9762745,0.16898046,-0.32192573,0.27763805,36.16875,-34.5,31.837502,46.950733,0.3361091,49.741684,0.114087395,0.2556095,0.8832005,0.3763039,0.0788739,-0.26857233,-0.91638505,0.28615776,-1.0,0
1763545063121,1009.7575,0.25064817,5.549554,6.3607206,0.22227842,-0.27183482,0.20693044,34.237503,-35.325,32.86875,46.950733,0.3361091,49.741684,0.11781897,0.25645187,0.8830508,0.37492976,0.076600805,-0.27162692,-0.91535723,0.28717986,-1.0,0
1763545063147,1009.7514,0.14416756,6.322436,8.510672,-0.0043524117,-0.04612029,0.091018856,34.987503,-33.768753,33.46875,46.950733,0.3361091,49.741684,0.119438075,0.25648183,0.8832398,0.37395045,0.07544999,-0.2726824,-0.9148002,0.2882571,-1.0,0
1763545063171,1009.76117,-0.111266255,6.4402823,9.093325,0.17829616,-0.19914192,0.08155045,38.381252,-34.631252,29.75625,46.950733,0.3361091,49.741684,0.12014157,0.256389,0.8834634,0.37326002,0.07489117,-0.2730579,-0.91448355,0.28905106,-1.0,0
1763545063196,1009.76117,0.2632105,6.582057,8.656036,0.29649848,-0.38744098,0.07788526,35.49375,-34.95,32.550003,46.950733,0.3361091,49.741684,0.12720221,0.25841442,0.8820746,0.37280834,0.07092005,-0.2791572,-0.9130422,0.28878284,-1.0,0
1763545063222,1009.77167,0.86141616,7.082755,9.113664,-0.115835235,-0.18219042,-0.10613775,34.275,-33.075,31.500002,46.950733,0.3361091,49.741684,0.13157575,0.25842977,0.8811067,0.3735677,0.06762972,-0.28200063,-0.9127709,0.28766495,-1.0,0
1763545063247,1009.7902,0.23629123,6.9822564,10.216156,-0.30764678,0.04734202,-0.18280129,36.1875,-34.5,30.750002,46.950733,0.3361091,49.741684,0.13264945,0.2571018,0.88072264,0.37500754,0.06595562,-0.28168613,-0.9134084,0.28633523,-1.0,0
1763545063273,1009.7902,-0.19142582,6.608378,11.063215,-0.33651012,0.023518294,-0.1404989,34.18125,-35.5875,32.568752,46.950733,0.3361091,49.741684,0.12886861,0.25244063,0.88117635,0.3784109,0.06584744,-0.27567643,-0.91592056,0.28417632,-1.0,0
1763545063298,1009.81854,1.2251252,5.876174,12.528221,-0.22808164,-0.23472479,-0.0070249448,35.30625,-35.2125,31.66875,46.950733,0.3361091,49.741684,0.1283314,0.24921113,0.881694,0.37952682,0.06415558,-0.27287215,-0.9170429,0.28364977,-1.0,0
1763545063323,1009.81854,1.9363917,5.361717,12.1352005,-0.057192214,-0.1262963,-0.08964441,38.90625,-35.175003,26.493752,46.950733,0.3361091,49.741684,0.1293745,0.24609865,0.88201296,0.38046092,0.061257657,-0.2712007,-0.9179797,0.282862,-1.0,0
1763545063349,1009.84296,1.3794622,4.9112687,10.786246,0.03291034,0.11056653,-0.20295982,34.0125,-34.350002,31.275002,46.950733,0.3361091,49.741684,0.12890685,0.24514867,0.8812671,0.38295382,0.06061605,-0.27026013,-0.9194242,0.2791851,-1.0,0
1763545063375,1009.8454,0.3397808,4.144967,8.877372,-0.08849903,0.06627883,-0.14782928,36.037502,-33.881252,30.112501,46.950733,0.3361091,49.741684,0.12721522,0.24561626,0.8807339,0.3844435,0.06210276,-0.2695446,-0.9200911,0.27734694,-1.0,0
1763545063399,1009.8454,0.526421,4.039683,8.368299,-0.14515674,0.10980295,-0.12476913,35.8125,-35.775,29.625002,46.950733,0.3361091,49.741684,0.12585303,0.24503586,0.88054705,0.38568798,0.06270969,-0.2682332,-0.92081153,0.27608794,-1.0,0
1763545063425,1009.82806,0.3074777,4.104289,8.196614,-0.1625664,0.15867212,-0.099723674,36.0,-35.60625,28.66875,46.950733,0.3361091,49.741684,0.12177954,0.24322443,0.8808856,0.38736576,0.06451955,-0.26424536,-0.9222827,0.27460197,-1.0,0
1763545063450,1009.8,0.40498522,4.246662,8.001599,-0.023747368,0.10033454,-0.043524116,35.287502,-33.956253,30.50625,46.950733,0.3361091,49.741684,0.120688766,0.24328786,0.8809406,0.38754225,0.06535187,-0.26359797,-0.9224809,0.27436164,-1.0,0
1763545063476,1009.8,0.67118675,4.7306104,4.9716873,0.28260133,-0.1291979,-0.034819294,39.675003,-33.375,28.48125,46.950733,0.3361091,49.741684,0.12164946,0.24497083,0.8803767,0.38746285,0.06566725,-0.2655129,-0.92204165,0.2739159,-1.0,0
1763545063501,1009.7707,1.0007981,4.962116,4.456034,0.03581195,-0.14172062,-0.098196514,36.09375,-35.11875,29.41875,46.950733,0.3361091,49.741684,0.12529764,0.24728018,0.8786674,0.3887114,0.064419195,-0.26962408,-0.92150456,0.27199695,-1.0,0
1763545063527,1009.7707,1.2221341,4.9052863,5.7613187,-0.17264566,-0.039858926,-0.21487169,35.04375,-35.850002,30.187502,46.950733,0.3361091,49.741684,0.12484881,0.24616256,0.87815404,0.3907201,0.06403002,-0.26848352,-0.92242104,0.27010396,-1.0,0
1763545063552,1009.73627,0.09212367,4.9866424,7.057032,0.049098257,0.1310305,-0.23472479,37.143753,-35.006252,28.987501,46.950733,0.3361091,49.741684,0.123680376,0.24546644,0.8773984,0.3932196,0.064437725,-0.26720476,-0.92349464,0.26759484,-1.0,0
1763545063577,1009.7397,0.037686955,5.3706903,6.3278193,0.21143557,0.075594515,-0.14294235,38.381252,-33.99375,28.031252,46.950733,0.3361091,49.741684,0.1222693,0.24672344,0.87652564,0.3948168,0.06633105,-0.2672498,-0.92385817,0.26582664,-1.0,0
1763545063602,1009.7397,0.654437,5.756533,5.9234324,0.22365287,-0.12965605,-0.099723674,34.818752,-36.35625,29.306252,46.950733,0.3361091,49.741684,0.12402769,0.25098738,0.8743445,0.3964143,0.067858785,-0.2716113,-0.92312026,0.2635743,-1.0,0
1763545063627,1009.73456,1.1192428,5.8420763,6.387042,0.09231694,-0.17745622,-0.16936226,36.15,-36.225002,29.775002,46.950733,0.3361091,49.741684,0.12582906,0.2515651,0.87317836,0.3980472,0.06686477,-0.2732161,-0.92328274,0.2615933,-1.0,0
1763545063652,1009.72455,-0.5515456,5.7110696,8.7780695,-0.09964732,0.22601996,-0.14126249,37.818752,-37.537502,28.125002,46.950733,0.3361091,49.741684,0.12512323,0.2516304,0.87246895,0.3997802,0.06744663,-0.27280876,-0.9238619,0.2598181,-1.0,0
1763545063678,1009.72455,-0.7465607,5.8061843,10.369895,0.101632625,0.105526894,0.047647454,38.662502,-35.568752,27.000002,46.950733,0.3361091,49.741684,0.122507,0.25198528,0.87239236,0.4005334,0.069715284,-0.27137488,-0.9242485,0.25934562,-1.0,0
1763545063703,1009.75555,0.11844472,6.233303,10.283753,0.4437169,-0.11911863,0.17745622,35.850002,-37.0125,30.16875,46.950733,0.3361091,49.741684,0.124838755,0.25614977,0.871933,0.39816517,0.070699096,-0.27604172,-0.92230326,0.2610733,-1.0,0
1763545063728,1009.75555,0.9493524,6.83091,9.1465645,0.47731447,-0.20189081,0.14385866,36.5625,-37.18125,29.325,46.950733,0.3361091,49.741684,0.12881525,0.25921115,0.8710518,0.39684355,0.06962794,-0.28095508,-0.9207972,0.26143578,-1.0,0
1763545063753,1009.7736,-0.33918262,6.9529443,10.331012,-0.008933897,0.41752607,-0.07422007,36.075,-36.73125,28.425001,46.950733,0.3361091,49.741684,0.12617654,0.26275793,0.8707143,0.39609903,0.073874995,-0.2819658,-0.92011374,0.26158834,-1.0,0
1763545063779,1009.7978,-1.2323036,6.984051,10.691132,-0.024969097,0.49174616,0.058032155,37.4625,-37.95,27.431252,46.950733,0.3361091,49.741684,0.12184759,0.26444137,0.87156165,0.39446703,0.0783504,-0.2804234,-0.9196228,0.26366234,-1.0,0
1763545063804,1009.8151,0.6789634,5.968298,10.847861,0.053068876,-0.21426082,0.0065667965,36.018753,-37.725002,28.031252,46.950733,0.3361091,49.741684,0.1216862,0.26476538,0.8720354,0.39325055,0.078761116,-0.280544,-0.91912264,0.26515144,-1.0,0
1763545063829,1009.8151,-0.27936205,5.2887363,10.027721,0.019929463,-0.0004581486,-0.11957678,37.48125,-38.568752,27.618752,46.950733,0.3361091,49.741684,0.12338852,0.26420656,0.8713103,0.39470032,0.07695919,-0.2812599,-0.91964304,0.26310992,-1.0,0
1763545063855,1009.8149,-1.0307083,4.994419,9.360723,-0.13248129,0.25411975,-0.06383537,39.16875,-37.40625,28.29375,46.950733,0.3361091,49.741684,0.12030968,0.2639796,0.87174785,0.39483654,0.07917109,-0.27909064,-0.9200535,0.2633286,-1.0,0
1763545063879,1009.8149,-0.6376872,4.5332026,8.5728855,-0.23755004,0.0490219,0.020158539,36.225002,-38.943752,27.300001,46.950733,0.3361091,49.741684,0.11780662,0.2626547,0.8725657,0.39466852,0.080258414,-0.27644977,-0.92053264,0.26410937,-1.0,0
1763545063904,1009.8188,-0.9415757,4.4339004,7.8460655,-0.2994001,0.08781181,0.028252495,36.393753,-38.68125,29.268751,46.950733,0.3361091,49.741684,0.11628485,0.26066452,0.8733396,0.39472765,0.080139294,-0.27394497,-0.9211515,0.2645973,-1.0,0
1763545063930,1009.80414,-0.92662054,4.0157547,7.797013,-0.34521496,0.14172062,0.12049308,37.068752,-36.99375,27.2625,46.950733,0.3361091,49.741684,0.11177443,0.25582573,0.8757904,0.39376527,0.08051943,-0.26731426,-0.92232084,0.2671778,-1.0,0
1763545063956,1009.80414,-0.8141579,3.7621155,6.66102,-0.045127634,-0.027336199,0.37232208,38.325,-37.350002,26.362501,46.950733,0.3361091,49.741684,0.1100507,0.25408745,0.87742937,0.39172187,0.08073145,-0.26486608,-0.9222215,0.26988122,-1.0,0
1763545063981,1009.79486,0.19202402,3.8560338,5.809175,0.020387612,-0.2075413,0.42699447,36.018753,-37.725002,28.031252,46.950733,0.3361091,49.741684,0.11075601,0.2531537,0.8789258,0.38876203,0.0796218,-0.2646017,-0.9214108,0.27321875,-1.0,0
1763545064007,1009.7651,0.9182457,3.9080775,5.73081,-0.04619665,-0.124616414,0.33139414,36.018753,-37.725002,28.331251,46.950733,0.3361091,49.741684,0.115388006,0.2509027,0.8814439,0.3831319,0.07462102,-0.26589146,-0.9196965,0.27909103,-1.0,0
1763545064032,1009.7651,-0.18723837,4.01396,6.574878,0.038560838,0.045051277,0.14660755,35.79375,-38.23125,26.681252,46.950733,0.3361091,49.741684,0.11521782,0.2502534,0.88239306,0.38141912,0.07426624,-0.26530445,-0.9193777,0.28078946,-1.0,0
1763545064058,1009.7502,-0.25124636,4.5649076,6.470791,0.13797908,-0.11453715,0.17974696,36.7125,-36.525,27.112501,46.950733,0.3361091,49.741684,0.11533219,0.25055343,0.8828985,0.38001567,0.07435552,-0.2656121,-0.91887283,0.2821244,-1.0,0
1763545064083,1009.7502,-0.18305093,5.2438707,6.6215386,0.106672265,-0.085215636,0.16279547,35.41875,-39.28125,27.712502,46.950733,0.3361091,49.741684,0.118672036,0.25177434,0.88326097,0.3773283,0.07269862,-0.26867878,-0.91730565,0.2847402,-1.0,0
1763545064108,1009.74677,-0.35234314,5.7152567,7.2293153,0.010461059,0.023976443,0.1565341,37.612503,-37.29375,25.66875,46.950733,0.3361091,49.741684,0.118876554,0.25204292,0.8837555,0.37592396,0.072799265,-0.2689936,-0.9166849,0.28641135,-1.0,0
1763545064133,1009.74945,-0.15732808,6.0867424,10.144372,0.19631667,-0.07834341,0.170584,39.0,-37.65,26.00625,46.950733,0.3361091,49.741684,0.119769074,0.25169662,0.8842525,0.37470216,0.07196258,-0.2692902,-0.91619945,0.28789356,-1.0,0
1763545064160,1009.74945,-0.049052864,6.337989,9.316455,0.37453645,-0.15683953,0.19028437,37.818752,-39.768753,27.337502,46.950733,0.3361091,49.741684,0.12144185,0.252884,0.88430184,0.37324467,0.071478084,-0.27127352,-0.9152715,0.28910127,-1.0,0
1763545064185,1009.7692,1.0803595,6.672984,8.732606,0.28351763,-0.21456626,0.17195843,38.175003,-38.737503,27.393751,46.950733,0.3361091,49.741684,0.12779868,0.25686827,0.88349557,0.37029952,0.069259934,-0.27841854,-0.9127076,0.29094842,-1.0,0
1763545064210,1009.7824,0.3684947,6.803393,9.60479,-0.15080725,0.0013744457,-0.09682207,36.693752,-39.393753,28.66875,46.950733,0.3361091,49.741684,0.12907614,0.25711155,0.88321483,0.37035722,0.06840182,-0.27944267,-0.9125764,0.29058102,-1.0,0
1763545064235,1009.7824,0.08733802,6.6155562,10.050453,-0.26794055,-0.077121675,-0.042302385,36.1875,-39.9375,26.737501,46.950733,0.3361091,49.741684,0.12799038,0.25365478,0.8835918,0.37221423,0.06701964,-0.27609894,-0.91403353,0.28951767,-1.0,0
1763545064260,1009.7985,1.0223335,6.3774705,11.172089,-0.3661371,-0.20983206,0.00763581,37.40625,-38.193752,27.13125,46.950733,0.3361091,49.741684,0.12845685,0.24973294,0.8842588,0.37312028,0.064111516,-0.273418,-0.9151396,0.28922617,-1.0,0
1763545064285,1009.81805,1.0606186,5.303093,11.596217,-0.30443972,0.21930045,-0.03695732,37.256252,-39.075,25.35,46.950733,0.3361091,49.741684,0.12681544,0.24654005,0.8851026,0.3738036,0.06316333,-0.26995283,-0.916362,0.28881934,-1.0,0
1763545064310,1009.81805,1.5726827,4.7784667,11.673984,-0.14546217,0.08353576,0.010079269,37.95,-39.131252,27.6,46.950733,0.3361091,49.741684,0.12377457,0.2443921,0.8860632,0.37395802,0.0639537,-0.2663786,-0.91733885,0.28886288,-1.0,0
1763545064335,1009.8261,1.8281165,4.249653,11.15833,0.1437823,-0.2046397,-0.017409647,37.21875,-39.09375,27.206251,46.950733,0.3361091,49.741684,0.12486623,0.24284302,0.8862032,0.3742722,0.06173339,-0.26599485,-0.9180663,0.28738463,-1.0,0
1763545064360,1009.8261,1.5020944,4.217948,8.868399,0.32826346,-0.16844596,-0.039858926,35.49375,-39.6375,27.562502,46.950733,0.3361091,49.741684,0.12750168,0.24457835,0.8852231,0.37457284,0.060649075,-0.2690668,-0.91772103,0.2858546,-1.0,0
1763545064386,1009.8178,1.7934206,4.4452662,5.7744794,0.04818196,0.028710645,-0.12767074,37.875,-39.412502,28.706251,46.950733,0.3361091,49.741684,0.1289505,0.24649383,0.88439864,0.3747685,0.06065577,-0.27149275,-0.9173489,0.28475174,-1.0,0
1763545064411,1009.7922,1.7593229,4.5798626,6.018547,-0.1268308,0.029016078,-0.29397866,35.7,-39.487503,26.60625,46.950733,0.3361091,49.741684,0.12791678,0.24652678,0.883127,0.37808552,0.061269764,-0.27089512,-0.91872317,0.28073043,-1.0,0
1763545064437,1009.7922,0.032901313,4.459025,5.931209,-0.12530364,-0.04780017,-0.39614582,36.43125,-38.68125,27.73125,46.950733,0.3361091,49.741684,0.12694585,0.24577467,0.8818538,0.38185495,0.061460115,-0.2697093,-0.92025006,0.27680212,-1.0,0
1763545064462,1009.7712,0.032901313,4.459025,5.931209,-0.12530364,-0.04780017,-0.39614582,38.25,-39.73125,28.66875,46.950733,0.3361091,49.741684,0.12601866,0.24513978,0.88058865,0.38547292,0.061766025,-0.26862457,-0.9216093,0.2732438,-1.0,0
1763545064487,1009.7536,0.6939186,4.792824,7.19103,0.028328855,-0.050243627,-0.2509127,35.79375,-39.375,30.45,46.950733,0.3361091,49.741684,0.12517993,0.24494983,0.87856495,0.39045218,0.06231041,-0.26793253,-0.92324775,0.26822227,-1.0,0
1763545064512,1009.7536,0.7585248,4.974678,6.8781686,0.18745913,-0.09468404,-0.28084508,36.73125,-38.41875,30.300001,46.950733,0.3361091,49.741684,0.12619372,0.24653573,0.8769383,0.39277786,0.06250545,-0.26981065,-0.9235565,0.2652143,-1.0,0
1763545064537,1009.74603,0.33559337,5.532804,6.6239314,0.12881611,0.03604102,-0.19165882,39.581253,-38.11875,29.212502,46.950733,0.3361091,49.741684,0.12690087,0.24865544,0.8753365,0.3947816,0.06332501,-0.27188838,-0.92363065,0.26262727,-1.0,0
1763545064562,1009.74603,0.21894327,5.67757,7.3214393,0.142866,0.06276636,-0.10308343,39.15,-38.15625,28.500002,46.950733,0.3361091,49.741684,0.12678356,0.25035924,0.8742692,0.3961055,0.06453943,-0.27310893,-0.9236433,0.2610157,-1.0,0
1763545064587,1009.7436,0.39361933,5.9377894,7.5678997,0.22365287,0.06307179,-0.035124727,36.54375,-40.050003,30.581251,46.950733,0.3361091,49.741684,0.12699506,0.25446108,0.8728976,0.39644843,0.06705607,-0.27637234,-0.922785,0.25998026,-1.0,0
1763545064612,1009.75287,0.33738798,6.189036,7.744969,0.2596939,0.021074835,-0.057879437,40.21875,-40.78125,29.156252,46.950733,0.3361091,49.741684,0.12781695,0.25697944,0.87200916,0.39651525,0.068058126,-0.27882558,-0.92214346,0.25937593,-1.0,0
1763545064638,1009.75287,0.07956135,6.19083,8.646464,0.18196134,-0.17745622,-0.051618073,38.79375,-39.1875,28.425001,46.950733,0.3361091,49.741684,0.12944452,0.25905278,0.8709377,0.3969926,0.068192385,-0.28144988,-0.921595,0.25845402,-1.0,0
1763545064662,1009.76996,0.25663024,6.4534426,9.538987,0.0787252,-0.00076358096,-0.021227552,39.375,-39.768753,31.031252,46.950733,0.3361091,49.741684,0.13151586,0.26009583,0.8700212,0.39763907,0.067301884,-0.28357843,-0.921294,0.25743195,-1.0,0
1763545064687,1009.79,0.39840496,6.6053867,10.189237,0.01687514,0.28069237,-0.041080657,38.362503,-39.112503,29.718752,46.950733,0.3361091,49.741684,0.12940112,0.2620522,0.8698953,0.39732355,0.07013821,-0.2837193,-0.921032,0.25745678,-1.0,0
1763545064712,1009.79,-1.5158532,7.066005,9.072986,-0.010919208,0.25992295,-0.08170316,37.21875,-39.506252,32.006252,46.950733,0.3361091,49.741684,0.12617709,0.26404187,0.869846,0.39715153,0.073853426,-0.28316852,-0.9209122,0.25745276,-1.0,0
1763545064737,1009.79974,-1.5499508,6.9768724,9.665209,-0.28290674,0.11133011,0.004123337,38.550003,-40.85625,32.41875,46.950733,0.3361091,49.741684,0.12124627,0.2636644,0.8705682,0.39735547,0.07765351,-0.27962384,-0.9213418,0.2586693,-1.0,0
1763545064762,1009.79974,-0.76749784,6.3804617,11.925828,-0.4266127,0.15775582,0.10231985,41.53125,-40.893753,28.706251,46.950733,0.3361091,49.741684,0.118238784,0.2606228,0.8722016,0.39668587,0.078065366,-0.27533698,-0.9220819,0.26050016,-1.0,0
1763545064787,1009.8183,-0.19262223,5.2049875,10.872388,0.13568833,0.114689864,0.10598504,38.193752,-38.381252,30.300001,46.950733,0.3361091,49.741684,0.11561795,0.25951344,0.87348354,0.39536276,0.079261385,-0.27282295,-0.92229086,0.26203984,-1.0,0
1763545064812,1009.83905,-0.034695927,5.0015974,8.560323,0.13385575,-0.047189303,0.07086031,39.975002,-38.9625,30.618752,46.950733,0.3361091,49.741684,0.115197666,0.26051882,0.87380475,0.39411247,0.08012395,-0.27335092,-0.9218323,0.2628394,-1.0,0
1763545064837,1009.83905,0.019740786,4.7802615,7.6923265,-0.100105464,-0.021838415,0.031306818,39.581253,-38.86875,29.8875,46.950733,0.3361091,49.741684,0.11603017,0.26016766,0.8741046,0.39343476,0.07918265,-0.2736427,-0.9216998,0.26328543,-1.0,0
1763545064863,1009.821,0.0065802624,4.590032,7.5290165,-0.23052509,-0.030237807,-0.0065667965,39.037502,-39.1875,31.35,46.950733,0.3361091,49.741684,0.11538822,0.25806066,0.874638,0.3938256,0.078279234,-0.27162862,-0.9223931,0.2632133,-1.0,0
1763545064888,1009.79803,-0.44925246,4.1904306,6.7429743,-0.26763514,0.073761925,0.06902772,39.9375,-38.568752,29.362501,46.950733,0.3361091,49.741684,0.11460071,0.2555746,0.87529737,0.3942118,0.077264674,-0.26922458,-0.9231585,0.26329958,-1.0,0
1763545064913,1009.79803,-0.44027936,3.935595,6.5114684,-0.23480114,0.12828161,0.14309508,40.96875,-37.725002,29.812502,46.950733,0.3361091,49.741684,0.11130459,0.25191778,0.877536,0.39252928,0.077461824,-0.2642933,-0.92374706,0.26615807,-1.0,0
1763545064938,1009.78217,-0.29012975,3.739982,6.59103,-0.09720386,0.09468404,0.21471897,38.287502,-37.893753,31.35,46.950733,0.3361091,49.741684,0.11055161,0.25120458,0.8786896,0.3906136,0.07757326,-0.26326373,-0.92339665,0.26835272,-1.0,0
1763545064964,1009.75604,0.16151553,4.202993,5.691927,0.1833358,-0.1226311,0.31428993,37.725002,-38.325,32.662502,46.950733,0.3361091,49.741684,0.11146262,0.251591,0.8795208,0.38822863,0.07712561,-0.26414692,-0.92249393,0.2707082,-1.0,0
1763545064989,1009.75604,0.79740816,4.578068,5.7260246,0.15844305,-0.20708317,0.2310596,38.943752,-39.80625,30.000002,46.950733,0.3361091,49.741684,0.11701539,0.25287333,0.88030076,0.38397017,0.073710434,-0.2687086,-0.9203424,0.27446744,-1.0,0
1763545065015,1009.73895,0.6765706,4.8329034,6.2081785,0.10178535,-0.13377939,0.07147118,37.2,-38.86875,31.518751,46.950733,0.3361091,49.741684,0.11894581,0.2532518,0.8801401,0.38349536,0.07244075,-0.27025345,-0.9199528,0.2745947,-1.0,0
1763545065039,1009.73895,-0.68195444,5.243273,7.7276206,-0.015806125,0.12599087,0.014660755,37.3875,-39.35625,32.30625,46.950733,0.3361091,49.741684,0.11942229,0.25343442,0.8799177,0.3837368,0.07220762,-0.2706968,-0.9199252,0.27431175,-1.0,0
1763545065064,1009.73676,-0.7477571,5.4909296,8.639884,0.056428634,0.15225805,0.09315688,38.925003,-39.075,31.500002,46.950733,0.3361091,49.741684,0.11823153,0.25390768,0.88011026,0.38335127,0.07347707,-0.27027565,-0.91976845,0.2749149,-1.0,0
1763545065089,1009.75116,-0.3906283,5.8683977,8.946166,0.22991423,-0.15867212,0.13041963,39.600002,-38.625,31.556252,46.950733,0.3361091,49.741684,0.119537205,0.25623283,0.8801712,0.3812534,0.07407402,-0.27286893,-0.91836584,0.27687508,-1.0,0
1763545065114,1009.75116,0.99302137,6.378069,8.476574,-0.015653409,-0.30634868,-0.0004581486,36.35625,-39.975002,33.675003,46.950733,0.3361091,49.741684,0.12442255,0.25676727,0.8793616,0.3811992,0.070722826,-0.27642122,-0.917677,0.2765115,-1.0,0
1763545065139,1009.767,0.24885355,6.512067,9.585648,-0.2966512,0.11560616,-0.15302163,37.143753,-39.131252,31.5375,46.950733,0.3361091,49.741684,0.12711084,0.25564304,0.87898546,0.3819345,0.06793643,-0.2772998,-0.91787183,0.27568233,-1.0,0
1763545065165,1009.789,-1.1180464,6.478567,10.966306,-0.34017533,0.25503606,-0.08491021,36.43125,-37.48125,33.225002,46.950733,0.3361091,49.741684,0.121024005,0.25203088,0.8800692,0.3838122,0.070261605,-0.27060983,-0.9199035,0.27497485,-1.0,0
1763545065191,1009.789,0.40857446,6.3481584,11.149357,-0.0025198173,-0.40500334,0.092546016,38.71875,-37.85625,32.381252,46.950733,0.3361091,49.741684,0.1213039,0.25024113,0.8805552,0.3837801,0.06895729,-0.26940703,-0.9201878,0.2755343,-1.0,0
1763545065217,1009.81195,0.5832505,6.0544395,10.923235,-0.06864593,-0.2583958,0.05054906,36.131252,-37.612503,31.706251,46.950733,0.3361091,49.741684,0.12479898,0.24850653,0.88045233,0.38402253,0.065172896,-0.2703383,-0.92026126,0.27529785,-1.0,0
1763545065242,1009.81195,1.0145568,5.7260246,11.243874,-0.1098793,-0.013133593,0.08155045,39.487503,-38.4,32.175003,46.950733,0.3361091,49.741684,0.12671469,0.24544664,0.8811431,0.38377872,0.06158498,-0.269273,-0.9207841,0.2754195,-1.0,0
1763545065267,1009.82684,1.50688,5.629115,10.514063,-0.015195262,0.06429352,0.058795735,36.075,-39.2625,33.35625,46.950733,0.3361091,49.741684,0.12634155,0.24516861,0.8815637,0.38311297,0.061552655,-0.26885146,-0.92081743,0.27572694,-1.0,0
1763545065294,1009.82733,1.6821543,5.349155,9.492926,0.0240528,-0.13072506,-0.042455103,35.925003,-38.53125,33.6375,46.950733,0.3361091,49.741684,0.12765181,0.24469389,0.8812573,0.3836867,0.060102027,-0.26936558,-0.9210993,0.2746016,-1.0,0
1763545065319,1009.82733,1.2598212,4.152744,8.614759,-0.2163225,-0.10598504,-0.23090689,34.2,-39.693752,34.350002,46.950733,0.3361091,49.741684,0.12946889,0.24086644,0.88011533,0.38809595,0.05594361,-0.26767358,-0.9233727,0.26945144,-1.0,0
1763545065344,1009.8024,0.20817557,3.9924245,8.5423765,-0.23816091,0.12614357,-0.17699806,37.8375,-37.818752,32.625,46.950733,0.3361091,49.741684,0.12707156,0.23926249,0.88023394,0.38960811,0.05666442,-0.2649205,-0.9245195,0.2680859,-1.0,0
1763545065370,1009.78705,0.50787663,4.424927,6.863812,0.09231694,-0.014966187,0.0697913,37.59375,-38.9625,33.018753,46.950733,0.3361091,49.741684,0.12555405,0.23892598,0.88052416,0.38965118,0.057605237,-0.26368746,-0.92477363,0.26822427,-1.0,0
1763545065395,1009.78705,1.0301101,4.59063,5.7469616,0.23083054,-0.11453715,-0.0010690134,38.9625,-37.85625,34.818752,46.950733,0.3361091,49.741684,0.12613702,0.23956013,0.8805582,0.38899583,0.057555754,-0.26455042,-0.92438954,0.26870883,-1.0,0
1763545065420,1009.7651,0.8566305,4.800002,4.447659,0.18409938,-0.20983206,-0.12690715,39.99375,-38.71875,32.756252,46.950733,0.3361091,49.741684,0.1306223,0.242306,0.87862676,0.39018023,0.055825945,-0.26955122,-0.9237348,0.26634496,-1.0,0
1763545065446,1009.73456,0.75673014,4.813163,6.2644095,-0.33956447,0.1782198,-0.22556181,38.15625,-37.03125,32.081253,46.950733,0.3361091,49.741684,0.13094178,0.24156596,0.8779302,0.39209527,0.05513665,-0.26918355,-0.92440236,0.26453823,-1.0,0
1763545065471,1009.73456,0.15972091,4.6971107,7.925029,-0.2738965,0.2441932,-0.2112065,38.9625,-38.081253,32.68125,46.950733,0.3361091,49.741684,0.12787189,0.23988073,0.8780188,0.39394024,0.05640172,-0.26591885,-0.92565835,0.26317793,-1.0,0
1763545065496,1009.73456,-0.0071784677,4.773681,8.5938225,0.027717989,0.0059559317,-0.12202024,39.05625,-38.2125,33.600002,46.950733,0.3361091,49.741684,0.12402579,0.23916005,0.87761754,0.3964942,0.058858063,-0.26289853,-0.9270185,0.26087686,-1.0,0
1763545065521,1009.73456,0.37387854,5.5633125,7.2807612,0.3265836,-0.17302746,0.060475614,37.331253,-36.6375,32.925003,46.950733,0.3361091,49.741684,0.12670106,0.24097009,0.8765836,0.3968394,0.05796494,-0.26600716,-0.9264575,0.25991663,-1.0,0
1763545065546,1009.7458,0.77647096,5.843871,7.7629147,0.23755004,0.016798781,0.091477,38.5125,-38.006252,33.956253,46.950733,0.3361091,49.741684,0.1295914,0.24314451,0.87579614,0.39631784,0.057176396,-0.26952562,-0.92549396,0.25989947,-1.0,0
1763545065571,1009.7673,0.46899325,6.076573,8.485547,0.22701262,0.1669188,0.07467822,39.112503,-37.95,33.2625,46.950733,0.3361091,49.741684,0.13051324,0.24783993,0.8754831,0.39379048,0.05945637,-0.27372116,-0.92366153,0.26151687,-1.0,0
1763545065597,1009.7673,0.02632105,6.15434,8.995218,0.24732387,0.053145237,0.12568542,38.850002,-36.99375,34.48125,46.950733,0.3361091,49.741684,0.13130371,0.2500861,0.87540084,0.39228758,0.060314413,-0.27594545,-0.92261416,0.2626774,-1.0,0
1763545065623,1009.7951,1.5571294,6.099903,11.096715,0.27985242,0.019547673,0.1386663,38.86875,-38.362503,34.55625,46.950733,0.3361091,49.741684,0.13314769,0.25146297,0.87550354,0.3905529,0.059794728,-0.27818432,-0.9215707,0.26409373,-1.0,0
1763545065647,1009.7983,0.93320084,6.456434,10.257433,0.41210467,0.22708899,-0.0024434591,37.537502,-38.268753,37.162502,46.950733,0.3361091,49.741684,0.13421082,0.25751084,0.8747989,0.3878178,0.06259469,-0.28356,-0.91953015,0.26483947,-1.0,0
1763545065672,1009.7983,-0.24526432,7.20778,8.915657,0.3107011,0.3168861,0.008399391,35.737503,-38.4375,36.581253,46.950733,0.3361091,49.741684,0.1327229,0.26141217,0.8744304,0.38654852,0.06625718,-0.28559005,-0.9184177,0.26562622,-1.0,0
1763545065697,1009.80853,1.2753744,7.2011995,10.284351,-0.03367392,-0.099723674,-0.0707076,38.0625,-38.0625,34.0125,46.950733,0.3361091,49.741684,0.13230214,0.26269248,0.87451565,0.38563097,0.06748418,-0.28628147,-0.9178171,0.2666469,-1.0,0
1763545065723,1009.80853,1.0983056,6.0867424,10.112068,-0.097814724,0.15531237,-0.284663,40.5,-38.081253,36.693752,46.950733,0.3361091,49.741684,0.13301726,0.26222226,0.8741802,0.38646448,0.06659745,-0.2863894,-0.9181299,0.26567525,-1.0,0
1763545065748,1009.8178,-0.50129634,5.0751767,9.763913,-0.20517421,0.49831295,-0.37125307,37.18125,-38.550003,37.21875,46.950733,0.3361091,49.741684,0.12487188,0.26255873,0.8734133,0.39066488,0.07283644,-0.28146926,-0.9204443,0.26125112,-1.0,0
1763545065773,1009.8166,-1.4536397,4.663013,8.762517,-0.099800035,0.056963142,-0.0707076,38.8875,-38.11875,36.24375,46.950733,0.3361091,49.741684,0.120058976,0.2625167,0.8734494,0.39211872,0.07651974,-0.27834135,-0.92138624,0.26022714,-1.0,0
1763545065798,1009.8166,-1.1922239,4.6546383,7.5810604,-0.14973822,-0.0019853106,0.037110034,39.581253,-37.66875,34.912502,46.950733,0.3361091,49.741684,0.118557386,0.26186183,0.87352663,0.3928407,0.07732567,-0.27685413,-0.92183846,0.2599738,-1.0,0
1763545065823,1009.79144,-0.9798609,4.487739,7.0462646,-0.32062766,0.09957096,0.10873393,40.143753,-37.10625,34.66875,46.950733,0.3361091,49.741684,0.1157234,0.2582007,0.8753326,0.3920884,0.07727639,-0.27219087,-0.9226142,0.2621516,-1.0,0
1763545065849,1009.7778,-0.71007013,4.1605206,7.542177,-0.4165334,0.1311832,0.16157374,38.625,-38.1375,34.575,46.950733,0.3361091,49.741684,0.11324489,0.25502536,0.8771097,0.39091706,0.07717576,-0.2681534,-0.9231825,0.26433274,-1.0,0
1763545065874,1009.7778,-0.17168503,3.6496527,7.4123664,-0.042226028,-0.004734202,0.3037525,39.825,-37.143753,36.09375,46.950733,0.3361091,49.741684,0.1118175,0.25254947,0.8787999,0.38913515,0.076677285,-0.26533943,-0.92333233,0.26678264,-1.0,0
1763545065899,1009.7587,0.360718,3.685545,6.339185,0.13217586,-0.050396346,0.32207847,42.65625,-36.3375,33.581253,46.950733,0.3361091,49.741684,0.113907814,0.2521301,0.88094085,0.38392523,0.074723646,-0.266385,-0.92170805,0.27186343,-1.0,0
1763545065924,1009.7426,0.60777694,3.9655054,5.6985073,0.16424626,-0.03619374,0.2538143,38.850002,-36.99375,34.78125,46.950733,0.3361091,49.741684,0.11555957,0.2530702,0.88145214,0.38163266,0.07400195,-0.26818326,-0.92068815,0.27374226,-1.0,0
1763545065949,1009.7426,-0.695115,4.514658,5.453243,0.07047852,-0.027183482,0.17211115,38.1375,-36.825,35.625,46.950733,0.3361091,49.741684,0.11688862,0.2538578,0.88167936,0.3801773,0.07347006,-0.2696458,-0.91994697,0.274938,-1.0,0
1763545065974,1009.7387,-0.3589234,4.8508496,5.6500525,0.043600474,-0.11728604,0.22098033,37.4625,-37.893753,36.693752,46.950733,0.3361091,49.741684,0.11937461,0.2543788,0.8825214,0.37709036,0.07205985,-0.27159944,-0.91844517,0.2783874,-1.0,0
1763545065999,1009.7387,0.27756742,5.355137,6.585646,-0.055970486,-0.20876303,0.1915061,36.99375,-38.175003,35.2125,46.950733,0.3361091,49.741684,0.12147893,0.25318265,0.88303685,0.37601495,0.06973769,-0.27202064,-0.9180885,0.2797409,-1.0,0
1763545066024,1009.75555,0.5389833,5.7930236,10.032507,-0.024205517,-0.118507765,0.015577052,37.21875,-37.03125,35.11875,46.950733,0.3361091,49.741684,0.12333877,0.25109467,0.8834409,0.3758606,0.066970326,-0.2716173,-0.91829914,0.2801174,-1.0,0
1763545066049,1009.7712,-0.052043892,5.858228,9.780065,0.18974987,-0.02932151,0.0027488915,39.975002,-36.61875,33.5625,46.950733,0.3361091,49.741684,0.12434865,0.25037315,0.88343304,0.37602755,0.065673016,-0.2717285,-0.9184622,0.27978176,-1.0,0
1763545066074,1009.7712,0.22432712,6.090332,9.193225,0.14439316,-0.1621846,0.03329213,35.8125,-36.693752,36.487503,46.950733,0.3361091,49.741684,0.12710223,0.25241035,0.88254136,0.37583908,0.06485199,-0.27506393,-0.91767925,0.2792828,-1.0,0
1763545066100,1009.7873,0.68853474,6.3086767,10.012766,-0.05688678,-0.13026692,-0.00320704,36.956253,-36.7125,37.29375,46.950733,0.3361091,49.741684,0.12802656,0.25145727,0.8825067,0.37624475,0.06350491,-0.274934,-0.9179404,0.27886173,-1.0,0
1763545066127,1009.80365,0.00059820566,6.317052,11.091929,-0.09048434,-0.08307761,-0.06902772,38.23125,-35.456253,37.537502,46.950733,0.3361091,49.741684,0.1276623,0.25006768,0.8825784,0.37712586,0.062841415,-0.2736466,-0.9186118,0.27806613,-1.0,0
1763545066152,1009.80365,0.33020952,6.1974106,10.8047905,-0.06635518,-0.12996148,0.037110034,36.825,-35.23125,37.36875,46.950733,0.3361091,49.741684,0.12855348,0.24781,0.88263035,0.37819028,0.060664363,-0.27249888,-0.9193799,0.2771367,-1.0,0
1763545066178,1009.8212,1.0654043,6.0861444,10.93819,-0.08040508,-0.17989968,0.054672398,35.737503,-37.068752,36.506252,46.950733,0.3361091,49.741684,0.12991916,0.24625257,0.8828391,0.37825373,0.058550768,-0.27219683,-0.9196483,0.2769977,-1.0,0
1763545066203,1009.8188,1.8999012,5.255835,10.895718,0.014126248,-0.1461494,0.0024434591,36.393753,-35.268753,36.3375,46.950733,0.3361091,49.741684,0.13117285,0.24488433,0.88295376,0.37844166,0.05658531,-0.2719793,-0.9199849,0.2765018,-1.0,0
1763545066228,1009.8188,1.7700906,4.7431726,10.444671,0.107435845,-0.14004076,-0.03405571,36.0,-36.318752,37.8375,46.950733,0.3361091,49.741684,0.13424283,0.24407944,0.8824172,0.37913594,0.053332068,-0.2734074,-0.9204037,0.27433762,-1.0,0
1763545066253,1009.7944,1.5661024,4.351348,9.155538,0.22441645,-0.20234896,-0.06169734,36.2625,-35.15625,36.1875,46.950733,0.3361091,49.741684,0.13672322,0.24488893,0.8815201,0.3798137,0.05176178,-0.27565295,-0.92033213,0.27262595,-1.0,0
1763545066279,1009.7944,0.84825563,4.211368,7.2676005,-0.25389066,-0.04734202,-0.15592323,36.768753,-35.49375,37.3875,46.950733,0.3361091,49.741684,0.13929196,0.24476011,0.880529,0.38126013,0.0495642,-0.277224,-0.9206352,0.270409,-1.0,0
1763545066305,1009.7873,0.20697916,4.409972,8.504091,-0.36369362,0.23716825,-0.10308343,37.331253,-34.29375,35.568752,46.950733,0.3361091,49.741684,0.13487004,0.24032849,0.8813288,0.38381228,0.049992874,-0.27101365,-0.9230159,0.2685032,-1.0,0
1763545066330,1009.76556,0.071186475,4.601398,8.29113,-0.08651373,0.2243401,-0.034819294,37.331253,-34.29375,35.568752,46.950733,0.3361091,49.741684,0.13487004,0.24032849,0.8817249,0.3837488,0.051891144,-0.26945415,-0.92329574,0.26875037,-1.0,0
1763545066355,1009.76556,0.8865408,5.111069,4.9657054,0.29130614,0.10354158,-0.034666575,39.675003,-34.29375,35.625,46.950733,0.3361091,49.741684,0.13156565,0.24278952,0.8814914,0.3830359,0.054087702,-0.2707966,-0.9226638,0.26913795,-1.0,0
1763545066380,1009.7326,1.2382857,5.3186464,4.6025944,0.15050182,-0.12553272,-0.17883067,36.5625,-34.36875,36.2625,46.950733,0.3361091,49.741684,0.13184917,0.24591775,0.8807434,0.3826635,0.05590125,-0.27337667,-0.9218197,0.26905152,-1.0,0
1763545066405,1009.7214,0.83988076,5.117051,5.620142,-0.027717989,0.013897174,-0.2669479,38.7,-35.5125,34.725002,46.950733,0.3361091,49.741684,0.13291363,0.24777399,0.8784592,0.3863306,0.05626872,-0.2754847,-0.92241,0.26476738,-1.0,0
1763545066430,1009.7214,0.54436713,4.9525447,6.7316084,0.11064288,0.14355323,-0.13530655,38.081253,-35.5875,36.1875,46.950733,0.3361091,49.741684,0.13044254,0.24897146,0.87791914,0.38762876,0.058938608,-0.2748241,-0.9228207,0.26343858,-1.0,0
1763545066455,1009.7277,0.9343972,5.24088,6.8979096,0.20761767,-0.009162972,-0.090560704,36.9,-34.8375,36.73125,46.950733,0.3361091,49.741684,0.12938699,0.25072265,0.8772945,0.38826743,0.060868014,-0.27549577,-0.9227509,0.2625414,-1.0,0
1763545066484,1009.73627,1.0289137,5.556732,6.988837,0.2587776,-0.058337588,-0.073761925,39.43125,-33.3375,35.756252,46.950733,0.3361091,49.741684,0.13171694,0.25478137,0.87540615,0.3891031,0.061584268,-0.28012547,-0.9219155,0.26040143,-1.0,0
1763545066510,1009.73627,0.26679972,6.1046886,7.2508507,0.25526512,0.124616414,0.09834923,40.237503,-35.86875,35.5125,46.950733,0.3361091,49.741684,0.13257262,0.25737274,0.8746607,0.38878325,0.06256037,-0.28267017,-0.9211585,0.26009774,-1.0,0
1763545066535,1009.7424,0.86201435,6.4085774,7.920243,0.19005531,-0.10415245,0.17241658,39.24375,-34.21875,35.5125,46.950733,0.3361091,49.741684,0.13281795,0.26007006,0.874492,0.3872812,0.064112365,-0.28489766,-0.9200534,0.26119837,-1.0,0
1763545066560,1009.7424,1.942972,6.6514487,9.392427,0.050319985,-0.31154105,0.12553272,39.300003,-35.34375,36.956253,46.950733,0.3361091,49.741684,0.13837002,0.26040393,0.87437695,0.38536784,0.06000464,-0.28871426,-0.91878885,0.262432,-1.0,0
1763545066585,1009.7729,0.63170516,7.058827,10.802996,0.011530072,0.47586367,-0.22632541,38.925003,-34.36875,35.4,46.950733,0.3361091,49.741684,0.13884963,0.25997546,0.87420917,0.38586512,0.059174433,-0.28872973,-0.9191475,0.2613454,-1.0,0
1763545066610,1009.78485,-0.9912268,7.4847493,9.930812,0.069867656,0.53099424,-0.1178969,38.193752,-35.081253,35.5125,46.950733,0.3361091,49.741684,0.13456,0.2619065,0.87403536,0.38647223,0.06354167,-0.28751326,-0.91955274,0.2602333,-1.0,0
1763545066636,1009.78485,-0.30508488,7.583453,9.459426,-0.00481056,0.065667965,-0.0006108648,38.30625,-34.443752,36.862503,46.950733,0.3361091,49.741684,0.1291486,0.26525936,0.87405986,0.38597617,0.07004106,-0.286594,-0.9190788,0.26125136,-1.0,0
1763545066661,1009.79974,0.48215377,5.469394,11.086546,-0.44432777,0.2695441,-0.30222535,39.84375,-33.412502,36.3375,46.950733,0.3361091,49.741684,0.1295888,0.26277593,0.87404704,0.38755304,0.06811671,-0.2849641,-0.92007565,0.26003143,-1.0,0
1763545066686,1009.81464,-1.4494523,4.4608197,11.149357,-0.46952593,0.67836535,-0.35246897,39.131252,-33.46875,34.55625,46.950733,0.3361091,49.741684,0.12497846,0.26015428,0.8744405,0.38994095,0.069858395,-0.28003514,-0.9220247,0.25801256,-1.0,0
1763545066711,1009.81464,-2.8474588,4.2341,10.844273,-0.32032222,0.479987,-0.19410229,39.787502,-33.037502,35.4,46.950733,0.3361091,49.741684,0.11628172,0.25875723,0.8751904,0.391874,0.07559107,-0.27342772,-0.9239016,0.2567666,-1.0,0
1763545066736,1009.8215,-2.5262225,4.2107697,10.130014,-0.05337431,-0.13897173,0.07819069,39.675003,-32.925003,34.162502,46.950733,0.3361091,49.741684,0.11016597,0.25652263,0.87617385,0.39291087,0.079040706,-0.26775542,-0.92516047,0.25717255,-1.0,0
1763545066763,1009.8215,-0.8327023,4.465007,7.2586274,-0.017333288,-0.32589635,0.33551747,40.706253,-33.787502,32.100002,46.950733,0.3361091,49.741684,0.11375952,0.25535333,0.8765811,0.39173853,0.07560806,-0.26912817,-0.9246489,0.25860766,-1.0,0
1763545066788,1009.8078,-0.45224348,4.17727,6.9074807,-0.16470441,-0.09346231,0.36315912,38.86875,-31.7625,35.268753,46.950733,0.3361091,49.741684,0.117877364,0.25153458,0.8791546,0.38719824,0.07011463,-0.26879108,-0.92361623,0.264137,-1.0,0
1763545066813,1009.7846,-0.12143575,3.7680974,6.802795,-0.15187626,0.003817905,0.38438666,39.99375,-32.86875,33.037502,46.950733,0.3361091,49.741684,0.11808627,0.2497876,0.8809676,0.3841325,0.06884002,-0.2675804,-0.9230484,0.26766288,-1.0,0
1763545066838,1009.7846,0.61675006,3.4606197,5.279763,-0.07185297,0.05818487,0.38056874,40.575,-33.693752,33.037502,46.950733,0.3361091,49.741684,0.11868543,0.2489123,0.8825542,0.38086036,0.067787886,-0.26729825,-0.92220944,0.2710834,-1.0,0
1763545066863,1009.7546,1.0863415,3.5168512,5.616553,-0.1749364,0.17852524,0.2942841,40.7625,-32.79375,32.193752,46.950733,0.3361091,49.741684,0.11888785,0.24805306,0.8841946,0.37753856,0.067048624,-0.2667754,-0.92138374,0.2745677,-1.0,0
1763545066889,1009.7436,0.49052864,3.7998023,6.1956162,-0.13477205,0.22357652,0.17562363,39.24375,-31.462502,33.65625,46.950733,0.3361091,49.741684,0.115794435,0.24620904,0.8871267,0.37279883,0.068104476,-0.26341796,-0.9207651,0.27957892,-1.0,0
1763545066914,1009.7436,-0.4235296,4.699504,6.4648085,0.131565,-0.06139191,0.24953826,37.706253,-31.7625,34.7625,46.950733,0.3361091,49.741684,0.11591585,0.24618462,0.8877351,0.37132594,0.06799258,-0.2634774,-0.9202959,0.28109097,-1.0,0
1763545066939,1009.7409,0.11365908,5.456234,6.9373913,0.1220966,-0.11957678,0.30589053,38.175003,-31.593752,34.85625,46.950733,0.3361091,49.741684,0.11738171,0.24694449,0.888209,0.36922187,0.067419045,-0.26498058,-0.91924286,0.2832535,-1.0,0
1763545066964,1009.75824,0.5449654,5.985646,7.966903,0.09720386,-0.117438756,0.27565274,37.893753,-32.34375,33.693752,46.950733,0.3361091,49.741684,0.12165755,0.24776605,0.8893468,0.3645187,0.064753965,-0.26831976,-0.91700685,0.2879408,-1.0,0
1763545066989,1009.75824,0.5665008,6.3954167,8.712866,0.16959134,0.05818487,0.09666935,39.862503,-32.775,33.506252,46.950733,0.3361091,49.741684,0.12314063,0.24861914,0.88961107,0.36279088,0.06415055,-0.26992553,-0.91611433,0.2894122,-1.0,0
1763545067014,1009.7692,0.39840496,6.634699,8.271988,0.0900262,0.06887501,0.045967575,38.943752,-32.98125,33.16875,46.950733,0.3361091,49.741684,0.123593934,0.2502696,0.8895797,0.36157683,0.06484468,-0.27148753,-0.9153271,0.29028606,-1.0,0
1763545067040,1009.7692,0.76271224,6.858428,8.8492565,-0.09048434,-0.09697478,-0.03329213,39.3375,-32.568752,32.625,46.950733,0.3361091,49.741684,0.12410009,0.2506245,0.889455,0.3614642,0.06475751,-0.27206606,-0.91507876,0.29054666,-1.0,0
1763545067064,1009.7824,0.41814575,6.783054,9.731011,-0.21021384,-0.13927718,-0.13912445,40.612503,-32.7,33.43125,46.950733,0.3361091,49.741684,0.12436422,0.24866594,0.88925856,0.36320516,0.063313834,-0.270726,-0.91602844,0.2891206,-1.0,0
1763545067089,1009.79974,-0.050249275,6.4360948,10.17488,-0.15309799,0.0697913,0.06276636,38.90625,-31.743752,33.09375,46.950733,0.3361091,49.741684,0.123555794,0.24681902,0.88941395,0.3643585,0.06279133,-0.26878044,-0.91684616,0.28845707,-1.0,0
1763545067115,1009.79974,0.90388876,6.326623,10.097712,-0.12927426,0.024129158,0.1273653,38.0625,-32.9625,33.7125,46.950733,0.3361091,49.741684,0.12239397,0.24575312,0.8900616,0.36388943,0.06305458,-0.26720592,-0.9169886,0.28940806,-1.0,0
1763545067139,1009.8044,1.6384853,5.8187466,9.865009,-0.102854356,-0.12538,0.021074835,38.4,-31.425001,32.193752,46.950733,0.3361091,49.741684,0.122992605,0.24318253,0.8910217,0.36306378,0.06086744,-0.26563147,-0.91728973,0.29036987,-1.0,0
1763545067164,1009.8044,1.7431713,5.2827544,9.059825,-0.19112432,-0.40607235,-0.15683953,38.362503,-33.037502,32.756252,46.950733,0.3361091,49.741684,0.12568061,0.24013162,0.89047074,0.36551726,0.056727257,-0.2650299,-0.91856784,0.28770518,-1.0,0
1763545067191,1009.8107,0.54675996,4.2610188,11.778669,-0.81206834,0.23961172,-0.308334,38.643753,-31.7625,31.725,46.950733,0.3361091,49.741684,0.1256188,0.23422796,0.89039576,0.36953014,0.05287406,-0.26047483,-0.92121464,0.28411394,-1.0,0
1763545067215,1009.82733,0.14596218,4.031308,12.663416,-0.58467394,0.50976664,-0.13927718,38.456253,-32.643753,31.800001,46.950733,0.3361091,49.741684,0.11285045,0.22450873,0.8929734,0.37344208,0.056263965,-0.2448954,-0.9259629,0.28187466,-1.0,0
1763545067240,1009.82733,1.1940185,4.3734818,8.967103,0.13691007,-0.35491243,0.017409647,37.912502,-30.862501,33.300003,46.950733,0.3361091,49.741684,0.11046608,0.22376484,0.89353144,0.3732667,0.057529204,-0.24282475,-0.9263934,0.28199613,-1.0,0
1763545067265,1009.81537,1.4907285,4.3316073,7.431509,0.12087487,-0.38224864,-0.1065959,38.737503,-31.25625,31.237501,46.950733,0.3361091,49.741684,0.11402242,0.22339123,0.8929783,0.3737445,0.05447213,-0.24482147,-0.9263623,0.2809771,-1.0,0
1763545067291,1009.7885,0.9912268,4.1557345,6.5162544,-0.059635673,0.08429934,-0.19792019,39.693752,-32.4,30.73125,46.950733,0.3361091,49.741684,0.11664404,0.22304069,0.8914419,0.3768,0.05205648,-0.2462582,-0.92731875,0.27699637,-1.0,0
1763545067316,1009.7885,0.07836494,4.087539,6.5431733,-0.19478951,0.48533207,-0.2197586,39.018753,-31.237501,32.287502,46.950733,0.3361091,49.741684,0.11139886,0.22345744,0.89157426,0.37782568,0.056346614,-0.24324475,-0.9280965,0.27621356,-1.0,0
1763545067341,1009.77313,-0.039481573,4.2484565,7.12762,0.2606102,-0.04963276,-0.08872811,41.53125,-32.081253,29.906252,46.950733,0.3361091,49.741684,0.10770126,0.22439046,0.89149606,0.3785286,0.059813526,-0.24160501,-0.9284593,0.2757041,-1.0,0
1763545067367,1009.7548,0.23688944,4.4889355,5.625526,0.47700903,-0.33979353,-0.064140804,39.5625,-33.037502,31.087502,46.950733,0.3361091,49.741684,0.113383986,0.22965783,0.8888511,0.3799282,0.058810685,-0.24927884,-0.92728245,0.27303594,-1.0,0
1763545067394,1009.7548,0.59581286,4.8646083,4.9028935,0.3681224,-0.37308568,-0.049327333,38.550003,-32.8875,31.500002,46.950733,0.3361091,49.741684,0.11799839,0.2318262,0.88734645,0.38072222,0.056678522,-0.253879,-0.9265797,0.27163026,-1.0,0
1763545067419,1009.7475,0.8021938,5.246862,6.801,0.033215772,0.21548255,-0.1018617,39.881252,-33.0,30.281252,46.950733,0.3361091,49.741684,0.119162284,0.23296809,0.88667846,0.3812187,0.056525882,-0.2554968,-0.9263625,0.27088514,-1.0,0
1763545067445,1009.7475,0.08315059,5.4933224,7.380063,0.13599378,0.116217025,-0.09040799,39.9,-32.756252,31.81875,46.950733,0.3361091,49.741684,0.117506,0.23437743,0.88641703,0.38147664,0.058683716,-0.25553212,-0.92634296,0.27045935,-1.0,0
1763545067470,1009.7487,0.043070808,5.9228344,7.923234,0.24778202,-0.13271037,-0.0056504994,38.925003,-33.225002,32.100002,46.950733,0.3361091,49.741684,0.11900513,0.23815857,0.88504535,0.3818546,0.06000789,-0.25938538,-0.92545176,0.2695503,-1.0,0
1763545067496,1009.7719,0.48933223,6.2997036,9.406186,0.20593779,-0.2611447,0.06856957,39.956253,-32.381252,32.4,46.950733,0.3361091,49.741684,0.122861266,0.23971778,0.8841148,0.38181376,0.058076173,-0.26303357,-0.92466015,0.26915437,-1.0,0
1763545067521,1009.7719,0.701097,6.1992054,10.397412,0.19509494,-0.06429352,0.083688475,39.525,-33.787502,32.68125,46.950733,0.3361091,49.741684,0.1275763,0.24194992,0.8832968,0.380751,0.05588728,-0.26775378,-0.9233301,0.2695293,-1.0,0
1763545067547,1009.79755,1.3561323,6.250651,10.636695,0.22701262,0.010995566,0.040317077,38.550003,-32.15625,32.381252,46.950733,0.3361091,49.741684,0.12849085,0.24375738,0.882959,0.3800735,0.056260735,-0.26974487,-0.92271173,0.26958385,-1.0,0
1763545067572,1009.81195,-0.657428,6.9732833,9.007183,0.21754421,0.15500695,-0.027183482,38.8875,-32.49375,33.600002,46.950733,0.3361091,49.741684,0.12883364,0.246137,0.8821597,0.3802796,0.057418175,-0.27181736,-0.92232037,0.26859555,-1.0,0
1763545067597,1009.81195,-0.22791636,7.1617184,8.530413,-0.07735075,0.16982041,0.056963142,38.475002,-32.41875,33.787502,46.950733,0.3361091,49.741684,0.12813699,0.24874957,0.88168913,0.37990624,0.059676897,-0.2733754,-0.9216629,0.26877865,-1.0,0
1763545067622,1009.81244,0.033499517,6.591628,9.480962,-0.36109746,0.18631376,-0.028405212,39.0,-31.987501,33.5625,46.950733,0.3361091,49.741684,0.12354283,0.24699423,0.8830775,0.37934804,0.062302526,-0.26904905,-0.92217433,0.2707868,-1.0,0
1763545067647,1009.83246,-0.8356933,4.8394837,11.844472,-0.2769508,0.21242823,0.034208428,39.768753,-31.9125,32.850002,46.950733,0.3361091,49.741684,0.118870184,0.24419177,0.8843097,0.3797848,0.06413962,-0.263905,-0.9233772,0.27132043,-1.0,0
1763545067672,1009.83246,-0.74835527,4.664808,10.780264,0.056428634,-0.22876886,0.12507457,37.74375,-32.475002,32.175003,46.950733,0.3361091,49.741684,0.11573148,0.24231452,0.8853956,0.37942633,0.06534878,-0.26046047,-0.92399734,0.2722476,-1.0,0
1763545067697,1009.8349,-0.2973082,4.601996,9.196216,0.05933024,-0.4271472,0.18142684,38.49375,-32.4,32.4,46.950733,0.3361091,49.741684,0.121736,0.24007072,0.8856288,0.3784283,0.059272923,-0.26256487,-0.9235609,0.27309632,-1.0,0
1763545067722,1009.8349,0.21714866,4.426722,8.739784,-0.112780906,-0.23625195,0.15806127,39.80625,-32.5125,31.650002,46.950733,0.3361091,49.741684,0.12356198,0.23791918,0.88622457,0.37780026,0.056472052,-0.26207632,-0.9236429,0.27388102,-1.0,0
1763545067748,1009.81464,-0.02632105,4.019344,8.263015,-0.29604036,0.16905683,0.10491603,38.68125,-32.268753,32.2125,46.950733,0.3361091,49.741684,0.12225173,0.23571564,0.88728535,0.37711692,0.056053415,-0.25954843,-0.92404944,0.2750005,-1.0,0
1763545067772,1009.7946,0.1471586,3.7453656,7.7706914,-0.13568833,0.18142684,0.08811724,37.65,-32.362503,31.25625,46.950733,0.3361091,49.741684,0.11783745,0.23283803,0.8894314,0.37524968,0.05757957,-0.25452664,-0.9245574,0.27765885,-1.0,0
1763545067797,1009.7946,-0.08135597,3.610171,6.65444,0.023747368,0.06429352,0.0697913,40.237503,-33.3375,30.88125,46.950733,0.3361091,49.741684,0.11743462,0.23311421,0.88972634,0.37450513,0.058047127,-0.254487,-0.92433065,0.2783519,-1.0,0
1763545067822,1009.77216,-0.58683974,3.7938204,6.509674,0.06284271,-0.035888307,0.15118903,39.131252,-31.575,30.750002,46.950733,0.3361091,49.741684,0.11831269,0.23330142,0.8898395,0.3738424,0.05750203,-0.2551881,-0.92398214,0.2789794,-1.0,0
1763545067847,1009.75604,-0.421735,3.9714873,6.882356,0.14592032,0.014202606,0.28130323,36.881252,-31.706251,32.53125,46.950733,0.3361091,49.741684,0.11905254,0.23359491,0.8901881,0.37259206,0.05714813,-0.25587925,-0.9234221,0.2802705,-1.0,0
1763545067872,1009.75604,-0.039481573,4.098905,6.8219376,0.30199626,-0.011300999,0.3498728,36.862503,-31.931252,30.393751,46.950733,0.3361091,49.741684,0.12171698,0.2368385,0.89140266,0.3667343,0.05724306,-0.2600591,-0.9205356,0.28584388,-1.0,0
1763545067898,1009.7436,1.102493,5.3425746,7.0959153,0.22640176,-0.1999055,0.274431,36.881252,-33.1875,32.30625,46.950733,0.3361091,49.741684,0.124440946,0.23931998,0.8917515,0.36334506,0.0567479,-0.26370302,-0.9186204,0.28875062,-1.0,0
1763545067924,1009.74896,1.1084751,5.4550376,8.89113,0.15676318,-0.13668099,0.118202336,38.850002,-31.368752,32.456253,46.950733,0.3361091,49.741684,0.12774163,0.24042091,0.8918905,0.36112446,0.054920293,-0.26665315,-0.9172975,0.2905945,-1.0,0
1763545067949,1009.74896,0.38584265,5.35753,9.70828,0.29329145,0.114689864,0.067653276,40.275,-31.593752,31.556252,46.950733,0.3361091,49.741684,0.13011128,0.24391241,0.89147836,0.35894856,0.055225868,-0.27087325,-0.9156954,0.29168424,-1.0,0
1763545067975,1009.759,0.45942193,5.582455,8.900702,0.44585493,0.056963142,0.07742711,39.5625,-31.650002,30.093752,46.950733,0.3361091,49.741684,0.13123176,0.24777438,0.89078313,0.3576191,0.056809228,-0.27456623,-0.9143283,0.29221544,-1.0,0
1763545068000,1009.759,1.3046865,6.033502,9.059825,0.11339177,-0.2319759,-0.12828161,37.275,-33.16875,34.425003,46.950733,0.3361091,49.741684,0.1343828,0.25004706,0.8896384,0.35771668,0.05581503,-0.27832887,-0.91352385,0.29136205,-1.0,0
1763545068026,1009.7741,0.9559326,6.014958,10.217951,-0.038408123,0.017104214,-0.20189081,37.912502,-32.34375,33.393753,46.950733,0.3361091,49.741684,0.13595717,0.25030765,0.8880451,0.3608845,0.054648034,-0.27955654,-0.91443855,0.2875132,-1.0,0
1763545068051,1009.78754,0.17826529,5.922236,9.858429,-0.04696023,0.17959425,-0.19471315,36.5625,-32.49375,33.225002,46.950733,0.3361091,49.741684,0.13370489,0.2506703,0.8877475,0.3622038,0.056582246,-0.27840805,-0.9150835,0.28619838,-1.0,0
1763545068076,1009.78754,1.1156535,5.7056856,10.234102,-0.32933247,0.13836087,-0.16920954,36.54375,-31.743752,33.956253,46.950733,0.3361091,49.741684,0.13117936,0.2500294,0.88796824,0.3630285,0.05812814,-0.27630392,-0.91577154,0.28572667,-1.0,0
1763545068101,1009.8056,0.8596215,5.1696935,11.601601,-0.25938845,-0.124310985,-0.16569707,37.8375,-32.60625,34.5,46.950733,0.3361091,49.741684,0.12825747,0.24504226,0.8883303,0.3665702,0.057046264,-0.27063152,-0.9184715,0.2826913,-1.0,0
1763545068126,1009.8056,1.0097711,4.7581277,11.62194,-0.04650208,-0.3498728,-0.07101303,39.09375,-31.593752,32.1375,46.950733,0.3361091,49.741684,0.13077813,0.24302365,0.88788354,0.36810252,0.053680625,-0.2707061,-0.91924417,0.28076103,-1.0,0
1763545068151,1009.8212,2.0727825,4.875376,8.311469,0.11293363,-0.2764163,-0.009926553,35.5125,-32.5875,33.3375,46.950733,0.3361091,49.741684,0.13407235,0.24252948,0.8873492,0.3685315,0.050665516,-0.2724499,-0.919268,0.2795539,-1.0,0
1763545068177,1009.8017,2.2941186,4.6779685,7.617551,-0.1711185,-0.13316852,-0.1472184,34.893753,-32.04375,33.693752,46.950733,0.3361091,49.741684,0.13697812,0.24221034,0.88677293,0.36905932,0.048064373,-0.2740779,-0.91931635,0.27825987,-1.0,0
1763545068202,1009.8017,1.5948163,4.434499,7.594819,-0.33666286,-0.0019853106,-0.31245732,37.875,-31.612501,34.893753,46.950733,0.3361091,49.741684,0.135927,0.23765425,0.8861982,0.37376076,0.04569874,-0.26993945,-0.9221462,0.27329606,-1.0,0
1763545068228,1009.7846,-0.3397808,3.972684,8.495717,-0.26687154,-0.029474225,-0.18707734,37.331253,-31.5375,33.393753,46.950733,0.3361091,49.741684,0.13454488,0.23453477,0.88569283,0.3774111,0.04472876,-0.2666613,-0.9241316,0.26994804,-1.0,0
1763545068253,1009.77484,0.020937199,4.045665,8.197212,0.029550584,0.013591741,0.003817905,38.4375,-32.662502,33.1875,46.950733,0.3361091,49.741684,0.13316733,0.2322799,0.8856054,0.3794939,0.04437565,-0.26404226,-0.9253727,0.26832417,-1.0,0
1763545068278,1009.77484,0.71724856,4.35733,6.595217,0.33360854,-0.06826414,0.06444623,39.15,-31.331251,32.11875,46.950733,0.3361091,49.741684,0.13289167,0.23244922,0.88561,0.3794759,0.044703335,-0.26399708,-0.92535764,0.26836622,-1.0,0
1763545068303,1009.74677,1.1330016,4.718048,4.6007996,0.3531562,-0.0810923,0.020616686,41.1375,-30.0375,34.3125,46.950733,0.3361091,49.741684,0.13701726,0.23776218,0.8841376,0.3781483,0.04484449,-0.2707278,-0.92341614,0.26832446,-1.0,0
1763545068329,1009.71967,1.6426728,4.995017,5.132006,-0.22731806,0.05818487,-0.2206749,37.875,-31.837502,32.4375,46.950733,0.3361091,49.741684,0.1376916,0.23869878,0.8835649,0.37865153,0.044923265,-0.2718786,-0.92328644,0.2675932,-1.0,0
1763545068355,1009.71967,0.9876375,4.9316072,6.8763742,-0.30535603,0.09193515,-0.30390522,37.3875,-31.29375,33.693752,46.950733,0.3361091,49.741684,0.13403776,0.23586747,0.8829077,0.38324177,0.045889556,-0.26738313,-0.9257517,0.26340878,-1.0,0
1763545068380,1009.73114,0.52941203,5.06082,8.307282,-0.16623157,0.014202606,-0.24587308,39.787502,-30.281252,32.925003,46.950733,0.3361091,49.741684,0.1328158,0.23486412,0.88237756,0.38549763,0.046184093,-0.26583496,-0.92678607,0.2612783,-1.0,0
1763545068406,1009.74554,1.0779666,5.7314086,8.991031,0.3363574,0.037262753,0.0097738365,37.818752,-31.25625,34.725002,46.950733,0.3361091,49.741684,0.13279872,0.23559256,0.88187176,0.38621593,0.046646416,-0.26638967,-0.92686266,0.26035798,-1.0,0
1763545068431,1009.74554,1.0043873,6.2404814,8.635098,0.44967285,0.02687805,0.012675445,39.6375,-29.456251,35.362503,46.950733,0.3361091,49.741684,0.1354517,0.24248241,0.8802233,0.38478836,0.048873883,-0.27341583,-0.92476696,0.26011762,-1.0,0
1763545068456,1009.7541,0.92183495,6.4677997,8.834899,0.43470666,0.04459313,-0.01282816,40.65,-31.06875,33.956253,46.950733,0.3361091,49.741684,0.13682574,0.2464698,0.87917435,0.38416654,0.050323904,-0.27737364,-0.9235743,0.25988805,-1.0,0
1763545068481,1009.7541,0.58983076,6.559923,9.75135,0.2691623,0.11071924,0.035888307,39.7125,-30.562502,34.65,46.950733,0.3361091,49.741684,0.13754733,0.24998079,0.8783133,0.38360932,0.05200402,-0.28054455,-0.9225426,0.2598183,-1.0,0
1763545068506,1009.76556,1.0869397,6.9009004,10.302298,0.19494222,0.26542073,0.013591741,39.600002,-30.956251,36.84375,46.950733,0.3361091,49.741684,0.13768125,0.25269917,0.87791896,0.38268173,0.053643838,-0.28272837,-0.92163056,0.26035392,-1.0,0
1763545068531,1009.7829,0.116650105,7.0953174,9.550353,0.1485165,0.62674725,-0.040775225,38.625,-30.056252,36.112503,46.950733,0.3361091,49.741684,0.13149437,0.25891405,0.8781395,0.38018903,0.062314812,-0.28362674,-0.9202709,0.26224825,-1.0,0
1763545068556,1009.7829,-0.15194423,6.7555366,9.287741,-0.24992006,0.024587307,0.004734202,39.693752,-29.94375,34.443752,46.950733,0.3361091,49.741684,0.12689571,0.26103014,0.87878513,0.37881055,0.06733016,-0.28232235,-0.9197878,0.26410428,-1.0,0
1763545068582,1009.7941,0.20997019,5.757131,11.079966,-0.39500043,-0.007941242,-0.07895427,39.037502,-29.5125,35.41875,46.950733,0.3361091,49.741684,0.12570716,0.25931916,0.8793647,0.37903696,0.0672935,-0.28021476,-0.92025805,0.2647194,-1.0,0
1763545068606,1009.81586,-0.70588267,5.0656056,11.824731,-0.27466008,0.309403,-0.049938194,40.55625,-29.98125,34.987503,46.950733,0.3361091,49.741684,0.120049514,0.25447235,0.88102615,0.38029543,0.06849943,-0.27290273,-0.9224319,0.26448312,-1.0,0
1763545068632,1009.81586,0.10289137,5.111069,8.496315,0.20013458,-0.16111559,0.13942988,39.05625,-29.268751,36.80625,46.950733,0.3361091,49.741684,0.11789145,0.25531974,0.88172233,0.37878647,0.07068094,-0.27219623,-0.92203754,0.26600793,-1.0,0
1763545068658,1009.80365,0.60837513,4.979464,7.023533,0.08804089,-0.31383178,0.031306818,39.99375,-29.156252,34.987503,46.950733,0.3361091,49.741684,0.120137975,0.25613734,0.8815907,0.37783366,0.06945374,-0.27425474,-0.92133963,0.26663423,-1.0,0
1763545068683,1009.7846,0.32063824,4.7485566,6.1824555,-0.27084216,-0.11377356,-0.06551525,41.79375,-28.968752,34.800003,46.950733,0.3361091,49.741684,0.12322026,0.2531614,0.881379,0.37933734,0.065159865,-0.2739126,-0.922152,0.2652579,-1.0,0
1763545068709,1009.7846,-0.28115666,3.9870408,9.040682,-0.43180504,0.18723005,0.03894263,40.8375,-29.212502,36.15,46.950733,0.3361091,49.741684,0.11995376,0.24856474,0.8827871,0.3801492,0.06478259,-0.2682845,-0.92374593,0.26555622,-1.0,0
1763545068734,1009.7839,-0.58923256,3.891926,8.032107,-0.019929463,0.08170316,0.16249003,40.725002,-28.35,35.325,46.950733,0.3361091,49.741684,0.116695225,0.2453243,0.88422906,0.37991726,0.065225646,-0.26371846,-0.9247376,0.2665683,-1.0,0
1763545068759,1009.7839,-0.028115666,3.8255253,6.198009,0.26305366,-0.23854269,0.26755878,41.79375,-28.237501,34.912502,46.950733,0.3361091,49.741684,0.11948779,0.24609849,0.8851114,0.37647858,0.06358317,-0.26608074,-0.92321324,0.26988056,-1.0,0
1763545068785,1009.74994,1.1240284,3.970291,4.9250274,0.24610215,-0.47601637,0.23075417,42.825,-28.125002,35.568752,46.950733,0.3361091,49.741684,0.12511005,0.24626027,0.8847845,0.37531286,0.059330378,-0.26977128,-0.9222285,0.27055117,-1.0,0
1763545068810,1009.7336,1.3507484,4.022933,5.285147,-0.037033677,-0.29565856,0.075594515,39.768753,-27.843752,38.025,46.950733,0.3361091,49.741684,0.12801373,0.24486169,0.884759,0.37530923,0.05614656,-0.27054077,-0.9222578,0.27036235,-1.0,0
1763545068836,1009.7336,-0.3930211,3.9511483,7.818548,-0.028939718,0.35033095,0.005497783,40.36875,-27.150002,36.225002,46.950733,0.3361091,49.741684,0.122493215,0.24467802,0.88595814,0.37444142,0.060238957,-0.26691416,-0.9226983,0.2715804,-1.0,0
1763545068861,1009.73553,-0.71724856,4.718048,7.3106713,0.31482443,0.04734202,0.07651082,41.456253,-27.018751,34.725002,46.950733,0.3361091,49.741684,0.12316449,0.24742547,0.8855505,0.3733787,0.06150796,-0.2694543,-0.9216614,0.27230763,-1.0,0
1763545068887,1009.7304,0.030508488,5.84088,6.5048885,0.21601705,-0.2538143,0.12370012,42.16875,-27.6,37.7625,46.950733,0.3361091,49.741684,0.12704225,0.25011274,0.8846068,0.37252465,0.060334448,-0.2739633,-0.9202674,0.27278513,-1.0,0
1763545068912,1009.7304,0.4456632,5.8600225,7.8849487,0.015958842,-0.10980295,0.0858265,41.68125,-27.88125,36.9,46.950733,0.3361091,49.741684,0.13156939,0.2511673,0.8841578,0.37130803,0.057695974,-0.27760887,-0.9189576,0.2740828,-1.0,0
1763545068937,1009.7482,0.6125626,5.7427745,9.379865,-0.028939718,0.0061086477,0.042302385,44.9625,-27.675001,35.925003,46.950733,0.3361091,49.741684,0.13154282,0.25091588,0.88437915,0.37095982,0.057559736,-0.27739716,-0.9189051,0.2745016,-1.0,0
1763545068962,1009.7482,0.3290131,6.586244,9.67478,0.11232276,0.024129158,0.0004581486,42.45,-29.175001,36.43125,46.950733,0.3361091,49.741684,0.13154535,0.25097433,0.8844086,0.37084937,0.057566725,-0.27744976,-0.9188855,0.27451235,-1.0,0
1763545068987,1009.78143,0.4121637,7.167102,9.015557,0.008170316,-0.029016078,-0.011300999,41.98125,-29.23125,37.575,46.950733,0.3361091,49.741684,0.13168287,0.2519675,0.88418394,0.37066254,0.05808738,-0.27830532,-0.91859657,0.27450374,-1.0,0
1763545069012,1009.79706,0.6681957,7.110871,9.956535,-0.13858995,-0.12186752,-0.041691523,40.575,-29.625002,38.5125,46.950733,0.3361091,49.741684,0.13249905,0.25080395,0.8839941,0.3716127,0.056829363,-0.27790114,-0.91894317,0.27401617,-1.0,0
1763545069037,1009.79706,0.7363912,6.768099,10.301102,-0.17417282,-0.15515965,-0.033139415,41.456253,-28.050001,39.2625,46.950733,0.3361091,49.741684,0.13316183,0.24886853,0.8840763,0.37248042,0.055100687,-0.27682397,-0.91954565,0.27343783,-1.0,0
1763545069062,1009.8132,2.0482562,5.6985073,11.469398,-0.2778671,-0.07040217,-0.07131846,39.9375,-29.19375,38.25,46.950733,0.3361091,49.741684,0.13381308,0.24606511,0.88443494,0.37325713,0.05278212,-0.27507824,-0.92035127,0.27294597,-1.0,0
1763545069087,1009.8222,1.8101703,5.0973105,11.200803,-0.21051927,0.066126116,-0.22006404,42.9,-29.00625,38.081253,46.950733,0.3361091,49.741684,0.13173255,0.24147645,0.884735,0.37627065,0.051149912,-0.27027398,-0.9228233,0.26969025,-1.0,0
1763545069112,1009.8222,0.5102694,4.519444,10.406385,-0.16821688,0.010537418,-0.2855793,41.550003,-29.906252,38.11875,46.950733,0.3361091,49.741684,0.13034521,0.24004674,0.884207,0.37890086,0.051196933,-0.2683117,-0.92420125,0.2669077,-1.0,0
1763545069137,1009.8283,0.20757736,3.6753755,9.242277,-0.0020616686,-0.2556469,0.028557928,40.706253,-30.487501,37.78125,46.950733,0.3361091,49.741684,0.13071026,0.23836112,0.88375014,0.3808996,0.049803115,-0.26724678,-0.9251571,0.26492083,-1.0,0
1763545069162,1009.8283,1.378864,3.6783667,7.9106717,0.041462447,-0.26664248,0.13912445,41.68125,-29.250002,37.29375,46.950733,0.3361091,49.741684,0.13263498,0.23702285,0.8836333,0.38134,0.04743268,-0.267436,-0.9253787,0.26439074,-1.0,0
1763545069187,1009.8107,2.292324,4.115655,6.8249283,-0.07032581,-0.274431,0.058337588,41.756252,-28.987501,36.506252,46.950733,0.3361091,49.741684,0.13776292,0.23395398,0.88387203,0.3808636,0.0413017,-0.26834166,-0.9254775,0.26415586,-1.0,0
1763545069212,1009.78436,2.3772693,4.4817567,6.29432,-0.31100652,-0.10690133,-0.13652828,41.60625,-28.893751,37.893753,46.950733,0.3361091,49.741684,0.1376806,0.23098293,0.88394284,0.38253888,0.039346598,-0.2660092,-0.92672974,0.26241758,-1.0,0
1763545069237,1009.78436,0.9876375,4.4315076,7.3022966,-0.42920887,0.21823144,-0.41279188,45.768753,-29.456251,36.5625,46.950733,0.3361091,49.741684,0.13391267,0.22770005,0.8841808,0.38528475,0.040080454,-0.26110053,-0.9287599,0.2600484,-1.0,0
1763545069262,1009.7697,0.14297116,4.3070807,6.96431,-0.22350015,0.056046844,-0.3866774,42.6375,-29.775002,36.15,46.950733,0.3361091,49.741684,0.12765779,0.22415812,0.8829464,0.39225268,0.042627152,-0.25441366,-0.9322691,0.25363556,-1.0,0
1763545069288,1009.75775,0.31345975,4.581059,6.8111696,-0.11033745,-0.054672398,-0.31566438,41.68125,-30.750002,37.6875,46.950733,0.3361091,49.741684,0.12703162,0.223529,0.88188297,0.3951965,0.042751595,-0.25352427,-0.9332681,0.2508156,-1.0,0
1763545069312,1009.75775,0.25124636,4.7802615,7.3429747,0.04696023,0.041080657,-0.26542073,44.25,-30.468752,35.7,46.950733,0.3361091,49.741684,0.1270675,0.22362584,0.8806728,0.39782026,0.042806704,-0.2536183,-0.93396634,0.2480973,-1.0,0
1763545069337,1009.75946,-0.07716853,4.9674997,7.7682986,0.08498656,0.20219624,-0.20784675,42.787502,-31.0125,38.5125,46.950733,0.3361091,49.741684,0.12638164,0.22463115,0.87956625,0.39991474,0.043996155,-0.25396022,-0.93441015,0.2458581,-1.0,0
1763545069363,1009.7592,-0.5072784,5.2953167,8.261818,0.18913901,0.22556181,-0.105526894,42.24375,-30.075,38.362503,46.950733,0.3361091,49.741684,0.123026304,0.22927326,0.87819344,0.40134078,0.049635224,-0.2554174,-0.93414694,0.24426983,-1.0,0
1763545069388,1009.7592,-0.26021945,6.126224,7.304091,0.5442042,0.091782436,0.11988221,44.756252,-32.4,34.987503,46.950733,0.3361091,49.741684,0.12305085,0.2334118,0.877545,0.40036508,0.052320104,-0.25862172,-0.9329449,0.24493109,-1.0,0
1763545069414,1009.7592,0.43788654,6.465407,6.942177,0.4973203,-0.09224058,0.14385866,42.693752,-30.656252,38.662502,46.950733,0.3361091,49.741684,0.12459617,0.23853177,0.87679654,0.3985047,0.05446401,-0.26354373,-0.93109286,0.2462609,-1.0,0
1763545069439,1009.7592,1.0839486,6.4773707,7.667202,0.30810493,-0.17653993,0.048411034,39.206253,-32.643753,39.9,46.950733,0.3361091,49.741684,0.1308087,0.24481678,0.87511533,0.39639217,0.053765126,-0.27231506,-0.92833227,0.24729134,-1.0,0
1763545069464,1009.76556,1.2095718,6.2141604,9.486345,0.10438152,-0.008704823,-0.0594066,40.93125,-32.831253,39.43125,46.950733,0.3361091,49.741684,0.13140023,0.24585012,0.8745978,0.39669928,0.05393198,-0.27349523,-0.92815274,0.24662556,-1.0,0
1763545069489,1009.7868,-0.15792629,5.7541404,9.93799,0.20395248,0.4735729,-0.15225805,41.100002,-32.925003,36.6375,46.950733,0.3361091,49.741684,0.12892894,0.24793506,0.8742375,0.39700657,0.057061587,-0.27356616,-0.9281613,0.24580905,-1.0,0
1763545069514,1009.7868,-0.78664047,6.3631134,8.670991,0.10758856,0.3582722,-0.03329213,42.0,-32.71875,38.23125,46.950733,0.3361091,49.741684,0.12246797,0.25384644,0.8738199,0.39623547,0.0658065,-0.2740546,-0.9273487,0.2461464,-1.0,0
1763545069539,1009.79266,-0.81954175,6.6299133,8.889337,-0.19249876,0.107054055,0.04016436,40.237503,-32.8875,36.5625,46.950733,0.3361091,49.741684,0.12081395,0.2528834,0.87448436,0.39589268,0.06660121,-0.27223212,-0.92753434,0.24725285,-1.0,0
1763545069564,1009.8278,-0.19322042,5.563911,12.476177,-0.31497714,0.14798199,0.11453715,41.7,-32.23125,36.225002,46.950733,0.3361091,49.741684,0.119279645,0.24929179,0.87583643,0.39564705,0.0656037,-0.2684589,-0.928343,0.24860653,-1.0,0
1763545069589,1009.8278,-0.46959144,4.9322057,11.549557,-0.04818196,0.10506874,0.14798199,38.7,-32.4375,37.78125,46.950733,0.3361091,49.741684,0.11587555,0.24623382,0.8781701,0.39339426,0.0662185,-0.2639571,-0.9288005,0.25153798,-1.0,0
1763545069615,1009.8315,-0.12861422,4.7862434,9.912268,0.055970486,-0.20509785,0.17959425,39.91875,-32.4,35.34375,46.950733,0.3361091,49.741684,0.11798332,0.24545318,0.87856096,0.39238146,0.0640723,-0.26469243,-0.92848134,0.25249764,-1.0,0
1763545069640,1009.8315,0.57009,4.4315076,8.830113,-0.22792892,-0.11331542,0.053145237,41.15625,-31.931252,37.2,46.950733,0.3361091,49.741684,0.120804496,0.24317692,0.878928,0.39211828,0.060415924,-0.26472375,-0.9286289,0.2528233,-1.0,0
1763545069665,1009.83026,-0.21714866,4.304688,8.712267,-0.30657777,0.15958843,0.043218683,40.0875,-31.518751,35.5875,46.950733,0.3361091,49.741684,0.121027835,0.2405369,0.87958753,0.3921991,0.058506962,-0.26283583,-0.92925304,0.25294867,-1.0,0
1763545069690,1009.81464,-0.43489552,4.0121655,8.571689,-0.20715952,0.15256348,0.16142102,39.35625,-32.325,34.4625,46.950733,0.3361091,49.741684,0.116602905,0.23683287,0.8819789,0.39041916,0.059572354,-0.2571715,-0.92999506,0.25577953,-1.0,0
1763545069715,1009.81464,1.0253245,3.6957145,6.216553,0.21800236,-0.1262963,0.32391104,39.9,-32.41875,35.643753,46.950733,0.3361091,49.741684,0.11696106,0.23673677,0.8830851,0.3878617,0.059239123,-0.25732258,-0.92922825,0.2584776,-1.0,0
1763545069740,1009.7895,1.6845472,3.7339997,5.0123653,0.21448989,-0.22143848,0.15790854,37.0875,-32.7,34.575,46.950733,0.3361091,49.741684,0.11958558,0.23765764,0.8836775,0.38513947,0.05776179,-0.25970256,-0.92799234,0.2608609,-1.0,0
1763545069765,1009.7575,1.1772687,3.7615173,4.3471603,0.015958842,-0.11148282,-0.04612029,37.143753,-32.2125,37.48125,46.950733,0.3361091,49.741684,0.12424172,0.23825726,0.8831686,0.38446167,0.054371696,-0.2631468,-0.9273318,0.2604865,-1.0,0
1763545069790,1009.7575,-0.062213387,3.7531424,5.451448,-0.2598466,0.06658426,-0.11300998,37.631252,-32.550003,38.68125,46.950733,0.3361091,49.741684,0.12260437,0.2365873,0.88337827,0.3855351,0.054598477,-0.26081488,-0.92815906,0.25983724,-1.0,0
1763545069815,1009.75555,-0.44985065,4.010969,8.268398,0.066049755,0.009162972,0.028405212,39.61875,-30.206251,35.550003,46.950733,0.3361091,49.741684,0.12028618,0.23515376,0.8839526,0.38582608,0.055529512,-0.2582296,-0.9287462,0.26012382,-1.0,0
1763545069840,1009.75555,-0.7178468,4.7748775,7.459625,0.3504073,-0.15851942,0.10567961,38.925003,-31.518751,35.550003,46.950733,0.3361091,49.741684,0.1203103,0.23561071,0.88394827,0.38554952,0.055814628,-0.25859565,-0.9285531,0.26038852,-1.0,0
1763545069865,1009.7485,-0.4941179,5.49751,6.8428745,0.32887432,-0.15531237,0.19074252,38.025,-31.500002,36.5625,46.950733,0.3361091,49.741684,0.12579845,0.24016945,0.88304013,0.38305795,0.054626543,-0.26556087,-0.9260963,0.26237193,-1.0,0
1763545069890,1009.75433,0.3595216,5.89771,7.9627156,0.16439898,-0.13164136,0.13271037,39.05625,-32.362503,34.5,46.950733,0.3361091,49.741684,0.12740088,0.24208449,0.8831428,0.38108113,0.054695282,-0.26803792,-0.92482877,0.2643026,-1.0,0
1763545069915,1009.75433,0.4749753,5.89771,9.12144,0.08025236,-0.2525926,0.08277218,37.10625,-31.706251,36.05625,46.950733,0.3361091,49.741684,0.1295151,0.24306011,0.8830198,0.3800311,0.053729333,-0.27012134,-0.9240171,0.26521707,-1.0,0
1763545069941,1009.76654,0.56410795,6.0358953,9.796814,0.05291616,-0.15164718,0.01802051,37.7625,-31.500002,34.74375,46.950733,0.3361091,49.741684,0.13370857,0.24269679,0.8825315,0.37994528,0.05028548,-0.27249053,-0.92355436,0.2650804,-1.0,0
1763545069966,1009.7839,-0.3930211,7.326225,9.476176,-0.12286018,-0.114689864,-0.027183482,39.46875,-31.06875,34.237503,46.950733,0.3361091,49.741684,0.13352668,0.24299827,0.8823836,0.38016003,0.05064941,-0.27260256,-0.92354465,0.2649297,-1.0,0
1763545069992,1009.7839,-0.033499517,7.3633137,10.497911,-0.2851975,-0.26908594,-0.046425723,39.54375,-31.218752,36.54375,46.950733,0.3361091,49.741684,0.13387033,0.24188662,0.8823346,0.3808613,0.049811143,-0.2719361,-0.92382264,0.26480424,-1.0,0
1763545070017,1009.8046,0.4564309,6.8781686,11.950953,-0.36598435,-0.21838416,-0.045509428,37.7625,-30.768751,35.325,46.950733,0.3361091,49.741684,0.13522102,0.23512127,0.8827337,0.38368502,0.04465535,-0.26753065,-0.9257468,0.26348835,-1.0,0
1763545070042,1009.8046,0.76570326,6.1100726,13.040285,-0.25022548,-0.0050396346,-0.01527162,37.443752,-32.287502,34.96875,46.950733,0.3361091,49.741684,0.13416146,0.23279566,0.8832911,0.38419238,0.043953616,-0.2650683,-0.9265443,0.26329166,-1.0,0
1763545070068,1009.83124,0.9696914,5.4167523,11.014761,0.22319472,0.11835505,-0.0368046,38.287502,-30.337502,35.081253,46.950733,0.3361091,49.741684,0.13280591,0.23313498,0.88357913,0.3837949,0.045118175,-0.26448756,-0.9266132,0.26343626,-1.0,0
1763545070093,1009.8344,0.8249256,4.671986,9.562318,0.19723296,-0.011300999,-0.09926552,37.893753,-32.11875,36.61875,46.950733,0.3361091,49.741684,0.13303761,0.23671061,0.8824177,0.38419795,0.04702071,-0.26743218,-0.9261522,0.26174626,-1.0,0
1763545070119,1009.8344,0.7860422,3.9218364,9.136993,0.037797257,-0.011453714,-0.109650224,38.90625,-30.768751,36.131252,46.950733,0.3361091,49.741684,0.13297264,0.23685199,0.8819863,0.38512242,0.047070842,-0.26751626,-0.9264917,0.26044688,-1.0,0
1763545070144,1009.8283,0.5605187,3.5174494,8.909675,-0.019165883,0.08888082,-0.07131846,37.518753,-32.643753,34.8375,46.950733,0.3361091,49.741684,0.13187547,0.23672913,0.8819848,0.38557887,0.047733795,-0.26674578,-0.926885,0.2597159,-1.0,0
1763545070169,1009.8061,0.24107689,3.7800615,6.6215386,0.047571093,-0.02932151,0.108886644,39.225002,-32.23125,35.100002,46.950733,0.3361091,49.741684,0.13161553,0.23711587,0.8823978,0.38448367,0.048113223,-0.2668927,-0.92657655,0.26059407,-1.0,0
1763545070194,1009.8061,0.78783685,4.273581,5.9748783,0.017791437,-0.094378605,0.09025527,38.9625,-31.25625,35.850002,46.950733,0.3361091,49.741684,0.13277091,0.23680687,0.88256925,0.38388267,0.04699353,-0.26738963,-0.9263579,0.26106584,-1.0,0
1763545070219,1009.7778,0.17048861,4.6707897,5.449055,-0.22579089,0.15118903,0.0377209,40.40625,-30.843752,33.506252,46.950733,0.3361091,49.741684,0.13279554,0.2361236,0.8828496,0.38365006,0.046547722,-0.26687515,-0.92642254,0.26144257,-1.0,0
1763545070244,1009.7778,0.09930214,4.76411,6.122635,-0.2948186,0.26740605,0.063377224,40.162502,-30.50625,34.59375,46.950733,0.3361091,49.741684,0.1308561,0.23497783,0.88362134,0.38324335,0.047373887,-0.264752,-0.9267141,0.26241758,-1.0,0
1763545070269,1009.7531,0.50069815,4.811368,6.9816585,-0.23159412,0.2328922,0.075289086,38.98125,-32.006252,34.331253,46.950733,0.3361091,49.741684,0.12505543,0.23262061,0.88581526,0.3815497,0.05046569,-0.25923815,-0.927247,0.2654464,-1.0,0
1763545070294,1009.7507,0.5694918,4.723432,7.411768,-0.06207913,0.0368046,0.026725333,39.73125,-30.31875,36.16875,46.950733,0.3361091,49.741684,0.12466216,0.23226687,0.88607705,0.3812858,0.050533783,-0.25871778,-0.9272953,0.26577204,-1.0,0
1763545070319,1009.7507,-0.23030917,5.0015974,6.7238317,0.10651954,0.1583667,0.038331766,40.537502,-29.456251,33.2625,46.950733,0.3361091,49.741684,0.12462277,0.23336773,0.88588905,0.3810633,0.051253542,-0.25954652,-0.92701674,0.26579806,-1.0,0
1763545070345,1009.7409,-0.08853444,5.1326046,7.238887,0.07689261,0.21609342,0.11056653,40.29375,-30.618752,34.125,46.950733,0.3361091,49.741684,0.12372543,0.2350264,0.8859231,0.38025638,0.053056102,-0.26025075,-0.92647296,0.26665044,-1.0,0
1763545070370,1009.7463,-0.11006984,5.143372,7.611569,0.1107956,0.24862197,0.16707152,40.3875,-30.862501,34.59375,46.950733,0.3361091,49.741684,0.12099637,0.2384002,0.8869526,0.37661672,0.057412274,-0.26111034,-0.92485386,0.27050066,-1.0,0
1763545070396,1009.7463,-0.9391829,6.242276,8.080562,0.085292,0.06902772,0.23854269,39.862503,-31.275002,34.2,46.950733,0.3361091,49.741684,0.12082556,0.24008738,0.8874642,0.37438813,0.05867738,-0.26229322,-0.92377114,0.2727748,-1.0,0
1763545070422,1009.76166,-1.119841,6.3972116,9.381062,-0.0080176005,0.24480405,0.33811367,38.381252,-30.69375,33.7125,46.950733,0.3361091,49.741684,0.11938565,0.2418906,0.88953495,0.36873248,0.061206095,-0.26271242,-0.9215001,0.27941656,-1.0,0
1763545070447,1009.7856,-0.74536425,6.4420767,10.385448,0.07063124,0.4231766,0.41905323,40.0125,-30.4125,36.0,46.950733,0.3361091,49.741684,0.116714835,0.24370278,0.8912869,0.36413497,0.06452226,-0.2623934,-0.91982657,0.28443927,-1.0,0
1763545070472,1009.7856,-1.3543376,6.634101,10.267602,0.2824486,0.19288056,0.5007564,40.575,-29.962502,33.43125,46.950733,0.3361091,49.741684,0.11575001,0.24638304,0.89258647,0.35942557,0.06704854,-0.26383168,-0.91775423,0.2891791,-1.0,0
1763545070497,1009.79926,-1.9669002,6.949355,10.10489,0.24289511,0.39064804,0.5743656,39.318752,-30.225,35.287502,46.950733,0.3361091,49.741684,0.115917884,0.2490907,0.893809,0.35443243,0.068754904,-0.26599982,-0.9153989,0.29421374,-1.0,0
1763545070522,1009.79926,-2.4197419,6.9559355,9.688539,0.12301289,0.4621192,0.6841686,39.99375,-29.156252,34.987503,46.950733,0.3361091,49.741684,0.11189051,0.25436363,0.8979177,0.3413555,0.07559424,-0.26740575,-0.9098269,0.30821225,-1.0,0
1763545070547,1009.8129,-1.3046865,4.9046884,12.413964,-0.16042836,0.35292712,0.77518743,38.98125,-28.275002,35.5125,46.950733,0.3361091,49.741684,0.11042511,0.2540638,0.9008197,0.33433774,0.07673923,-0.2661827,-0.9073548,0.31617272,-1.0,0
1763545070572,1009.84467,-1.7533408,3.7561333,12.390036,-0.009850195,0.67561644,0.7626647,37.6875,-29.025002,34.4625,46.950733,0.3361091,49.741684,0.10816353,0.25282174,0.90410966,0.3270592,0.07774324,-0.26376915,-0.90518975,0.3240576,-1.0,0
1763545070597,1009.84467,-2.6045876,3.6149569,10.656436,0.11476622,0.73609203,0.83978635,40.706253,-28.593752,34.275,46.950733,0.3361091,49.741684,0.09858907,0.25541672,0.91050136,0.309887,0.08669034,-0.2596965,-0.8992854,0.34106937,-1.0,0
1763545070622,1009.8588,-2.4418755,3.527619,9.80818,0.08452842,0.39080074,0.9071342,37.256252,-29.681252,34.537502,46.950733,0.3361091,49.741684,0.096816584,0.2561643,0.91342455,0.3011018,0.088578425,-0.25912827,-0.89588153,0.34986094,-1.0,0
1763545070647,1009.85223,-2.1026928,3.1920254,8.949755,-0.17722714,0.64568406,0.95111644,37.350002,-26.94375,34.987503,46.950733,0.3361091,49.741684,0.09510048,0.25586253,0.91654265,0.29230055,0.089724265,-0.257797,-0.8926565,0.35868463,-1.0,0
1763545070672,1009.85223,-2.2737796,3.3523445,8.99821,-0.17814344,0.80695236,1.0538945,41.287502,-27.375002,31.368752,46.950733,0.3361091,49.741684,0.08482159,0.25433844,0.9243095,0.2716045,0.09670268,-0.25006267,-0.8854151,0.3796806,-1.0,0
1763545070698,1009.84393,-1.8981066,3.548556,8.463413,-0.011988222,0.72463834,1.1650718,37.612503,-27.675001,36.862503,46.950733,0.3361091,49.741684,0.08053356,0.25493252,0.92797226,0.2595982,0.100403935,-0.24778071,-0.8805585,0.3913317,-1.0,0
1763545070724,1009.8156,-1.1958131,3.60718,6.902695,0.14500403,0.4641045,1.1594213,36.037502,-26.94375,34.818752,46.950733,0.3361091,49.741684,0.07837966,0.25633574,0.93103933,0.24761662,0.10298424,-0.24747859,-0.87524396,0.40261224,-1.0,0
1763545070750,1009.8156,-1.0773684,3.4624143,6.4821568,0.06620247,0.62689996,1.1806489,35.193752,-27.54375,34.78125,46.950733,0.3361091,49.741684,0.074155934,0.25891468,0.936676,0.22383492,0.10794169,-0.24674788,-0.8643279,0.42473683,-1.0,0
1763545070775,1009.78876,-0.485743,3.6191442,7.450053,-0.029550584,0.754418,1.2293653,35.550003,-26.5125,34.537502,46.950733,0.3361091,49.741684,0.0700636,0.25930557,0.93987894,0.210901,0.111345224,-0.24443924,-0.85854656,0.43674877,-1.0,0
1763545070800,1009.78876,0.48155555,3.821936,7.663613,0.3171152,0.6375901,1.0177007,33.956253,-25.050001,34.162502,46.950733,0.3361091,49.741684,0.06625965,0.26068157,0.94252527,0.19824508,0.11507905,-0.24310906,-0.85265267,0.4479266,-1.0,0
1763545070825,1009.7785,-0.23389842,4.121637,6.519245,0.34032804,0.61086476,0.9419535,36.28125,-25.800001,34.425003,46.950733,0.3361091,49.741684,0.061081536,0.2673788,0.945267,0.17676936,0.12318905,-0.24504462,-0.8413613,0.46571317,-1.0,0
1763545070850,1009.75946,-0.018544376,4.4835515,6.3565335,0.2372446,0.5871938,0.95737785,34.068752,-24.4125,34.425003,46.950733,0.3361091,49.741684,0.05850356,0.2700568,0.94655275,0.16638452,0.12690836,-0.24545403,-0.83568835,0.4746278,-1.0,0
1763545070876,1009.75946,0.32841492,4.8652067,8.028518,0.10315979,0.49373147,0.8176425,32.60625,-25.181252,33.54375,46.950733,0.3361091,49.741684,0.056234844,0.27171817,0.94788486,0.15659803,0.12972169,-0.24528606,-0.8304684,0.4830417,-1.0,0
1763545070902,1009.7673,0.020937199,4.9226346,8.636893,0.10789399,0.4949532,0.8009964,34.95,-24.45,34.48125,46.950733,0.3361091,49.741684,0.054096762,0.27294758,0.94907945,0.14772177,0.13212763,-0.2448859,-0.8257872,0.4905596,-1.0,0
1763545070931,1009.76776,0.22791636,5.1014977,9.327821,0.12286018,0.46318823,0.82008594,32.737503,-23.90625,32.2125,46.950733,0.3361091,49.741684,0.04980818,0.27532244,0.95118946,0.13021086,0.13685182,-0.24403879,-0.816458,0.5050871,-1.0,0
1763545070957,1009.76776,1.3429717,5.5070815,9.5455675,0.23541202,0.29749113,0.7136428,31.725,-24.4125,34.350002,46.950733,0.3361091,49.741684,0.048483722,0.27696493,0.9519192,0.12161432,0.13883707,-0.24450867,-0.8117191,0.51191,-1.0,0
1763545070982,1009.7812,0.95473623,5.959923,8.925827,0.19692753,0.33612835,0.5732966,32.550003,-24.69375,34.74375,46.950733,0.3361091,49.741684,0.046991266,0.2807426,0.95255977,0.10772973,0.14223304,-0.24656506,-0.80371577,0.5225097,-1.0,0
1763545071008,1009.7885,0.23569304,6.5742803,9.153145,-0.0032833982,0.41218102,0.547793,34.725002,-24.206251,32.325,46.950733,0.3361091,49.741684,0.044744026,0.28099227,0.9532718,0.10154724,0.14413425,-0.24532467,-0.80031866,0.5277605,-1.0,0
1763545071033,1009.7885,1.3405789,6.562316,11.660225,-0.04818196,0.24465135,0.5716167,33.35625,-24.468752,32.34375,46.950733,0.3361091,49.741684,0.042454697,0.28007445,0.9543064,0.095170155,0.14532971,-0.24315254,-0.7970333,0.5333798,-1.0,0
1763545071059,1009.8105,2.1038892,6.2440705,12.096915,0.17508912,0.15577053,0.5206095,31.85625,-23.1375,32.8875,46.950733,0.3361091,49.741684,0.04220773,0.28074017,0.9551854,0.083820984,0.14573726,-0.24363306,-0.79095465,0.542028,-1.0,0
1763545071084,1009.80927,2.5872395,5.9437714,10.846066,0.37239844,0.240528,0.44577858,32.737503,-23.175001,33.09375,46.950733,0.3361091,49.741684,0.041920587,0.2838199,0.9547178,0.07875182,0.147732,-0.24593985,-0.7877818,0.5450585,-1.0,0
1763545071109,1009.80927,2.1720848,5.758926,8.302496,0.09491312,0.2932151,0.13194679,32.7,-23.41875,32.34375,46.950733,0.3361091,49.741684,0.040353544,0.28677246,0.9542324,0.07466912,0.15068626,-0.24730617,-0.7851035,0.5474904,-1.0,0
1763545071134,1009.7941,1.4362918,5.1589255,8.443074,-0.08300125,0.20005822,-0.003970621,31.706251,-23.04375,34.275,46.950733,0.3361091,49.741684,0.038580608,0.28781626,0.9541629,0.07243287,0.15265828,-0.24702655,-0.7837671,0.5489831,-1.0,0
1763545071159,1009.7941,0.92243314,4.7018967,8.662018,-0.16103923,0.16264275,-0.01802051,33.975002,-22.9125,32.025,46.950733,0.3361091,49.741684,0.03556102,0.28561503,0.9550125,0.071523935,0.15343492,-0.24351148,-0.78421247,0.54970056,-1.0,0
1763545071184,1009.78314,0.6945168,4.358526,8.551949,-0.11018474,0.14462224,0.02687805,32.006252,-21.75,32.325,46.950733,0.3361091,49.741684,0.034333255,0.28443745,0.95545137,0.070875145,0.15353228,-0.24189202,-0.78438973,0.55013525,-1.0,0
1763545071210,1009.7651,0.6029913,4.2185464,5.871987,0.08391755,-0.059559315,0.07223476,35.381252,-23.15625,32.8125,46.950733,0.3361091,49.741684,0.03377555,0.28440782,0.95554656,0.06997675,0.15385348,-0.24157426,-0.7841031,0.5505936,-1.0,0
1763545071235,1009.7651,0.94695956,4.229314,4.8006005,-0.08743002,-0.30879214,0.05299252,32.362503,-22.2,31.85625,46.950733,0.3361091,49.741684,0.037746076,0.28422028,0.9554709,0.06976166,0.15064996,-0.24394824,-0.783931,0.5506778,-1.0,0
1763545071260,1009.7341,1.21017,4.1072803,6.029913,-0.42890343,-0.18249585,-0.015577052,31.25625,-22.575,32.60625,46.950733,0.3361091,49.741684,0.039331988,0.28028297,0.9565184,0.07048882,0.14694169,-0.24189572,-0.7851739,0.5508144,-1.0,0
1763545071285,1009.73334,-0.22671995,4.26401,8.912068,-0.32062766,0.46364638,0.0074830935,33.525,-22.21875,32.193752,46.950733,0.3361091,49.741684,0.036054507,0.27535823,0.95807594,0.070459425,0.14630836,-0.23604287,-0.78649026,0.5516436,-1.0,0
1763545071311,1009.73334,0.06999006,4.5415773,8.578867,0.11934771,0.09300416,0.117438756,33.61875,-22.575,31.275002,46.950733,0.3361091,49.741684,0.031502813,0.27248168,0.959146,0.06928563,0.14793225,-0.2309864,-0.7867675,0.55295414,-1.0,0
1763545071336,1009.72894,0.4959125,4.942375,6.8333035,0.41363183,-0.29397866,0.12095123,33.881252,-21.16875,31.63125,46.950733,0.3361091,49.741684,0.03424861,0.2769268,0.9579052,0.06747607,0.14849685,-0.23624216,-0.7849445,0.5531731,-1.0,0
1763545071362,1009.72894,0.4235296,5.3336015,5.877371,0.30932665,-0.2623664,0.13194679,32.925003,-22.275002,32.25,46.950733,0.3361091,49.741684,0.03728714,0.27982128,0.95699525,0.066839375,0.14803036,-0.24036945,-0.7837016,0.5532824,-1.0,0
1763545071386,1009.7211,1.1485549,5.628517,7.728219,0.041157015,0.27305657,0.11636974,31.275002,-23.081251,33.862503,46.950733,0.3361091,49.741684,0.035800118,0.2814526,0.95681334,0.063324735,0.15029883,-0.2406399,-0.7811414,0.5561662,-1.0,0
1763545071411,1009.72504,0.48933223,5.7206407,8.080562,0.21662793,0.274431,0.11560616,32.7,-21.806252,33.487503,46.950733,0.3361091,49.741684,0.033836383,0.2836557,0.9563631,0.061392386,0.15320924,-0.24110575,-0.7795766,0.5573645,-1.0,0
1763545071436,1009.72504,1.1940185,6.739385,7.798807,0.41699156,-0.1414152,0.15118903,32.41875,-22.575,32.325,46.950733,0.3361091,49.741684,0.03447211,0.28726363,0.95537955,0.05952189,0.15502392,-0.24428703,-0.7775765,0.55827075,-1.0,0
1763545071462,1009.7326,1.1551352,6.9038916,7.4805617,0.24579671,-0.023060145,0.09957096,31.875002,-23.118752,31.95,46.950733,0.3361091,49.741684,0.036632817,0.29119477,0.95418173,0.058315888,0.15587531,-0.24867505,-0.7758012,0.55856615,-1.0,0
1763545071487,1009.7399,1.2035898,6.6628146,8.181659,-0.043600474,0.0490219,0.06139191,35.287502,-21.525002,31.031252,46.950733,0.3361091,49.741684,0.03737744,0.29364178,0.9535125,0.05655374,0.15699635,-0.25094643,-0.7738311,0.55996734,-1.0,0
1763545071513,1009.7399,0.82013994,6.550352,10.317851,-0.2031889,0.056046844,-0.03405571,33.05625,-22.3875,31.781252,46.950733,0.3361091,49.741684,0.037188023,0.29177415,0.9541021,0.05640824,0.15595363,-0.24938501,-0.7742098,0.5604326,-1.0,0
1763545071538,1009.7624,0.29790643,6.936793,9.544372,-0.18471023,0.029168794,-0.0012217296,33.675003,-22.81875,32.98125,46.950733,0.3361091,49.741684,0.03663905,0.28986153,0.9546927,0.056576263,0.15512279,-0.24758625,-0.7748785,0.56053656,-1.0,0
1763545071563,1009.7775,0.41814575,6.9816585,9.285348,-0.3830886,-0.14599667,-0.019394957,32.831253,-23.5125,31.10625,46.950733,0.3361091,49.741684,0.03733392,0.28476983,0.95615155,0.057298586,0.1514054,-0.24405809,-0.77636796,0.5610391,-1.0,0
1763545071589,1009.7775,-0.12323037,5.511867,12.6472645,-0.6905063,0.027030766,-0.18952079,33.1875,-22.5,31.931252,46.950733,0.3361091,49.741684,0.039143786,0.27873787,0.9577307,0.05932479,0.14620489,-0.24052362,-0.7788284,0.5605344,-1.0,0
1763545071614,1009.80853,-2.0644078,4.822734,12.971492,-0.27435464,0.48548478,0.0003054324,35.60625,-21.487501,30.69375,46.950733,0.3361091,49.741684,0.037971303,0.27218494,0.95954096,0.061268475,0.14286964,-0.23476543,-0.7816801,0.5598658,-1.0,0
1763545071639,1009.80853,-2.2564318,4.907679,10.739586,0.3456731,0.28954992,0.39003715,33.28125,-21.243752,32.006252,46.950733,0.3361091,49.741684,0.030696183,0.27207395,0.9601545,0.05595669,0.14816076,-0.23025052,-0.77946043,0.5634488,-1.0,0
1763545071664,1009.82245,-0.46301118,5.236094,7.6031938,0.63461214,-0.4074468,0.5881101,34.256252,-20.1375,30.91875,46.950733,0.3361091,49.741684,0.035889793,0.2774563,0.95868397,0.051537387,0.14753674,-0.23770337,-0.77552634,0.5659407,-1.0,0
1763545071689,1009.7973,1.1922239,4.898706,5.901299,-0.05933024,-0.205556,0.17241658,33.28125,-21.243752,32.625,46.950733,0.3361091,49.741684,0.0434136,0.28082547,0.957524,0.04899209,0.14388444,-0.24504067,-0.7729051,0.56733584,-1.0,0
1763545071714,1009.7973,0.10468599,4.4542394,7.0929246,-0.4655553,0.23716825,0.064904384,32.2125,-21.35625,33.206253,46.950733,0.3361091,49.741684,0.043839227,0.27625766,0.9589393,0.046853002,0.14073412,-0.24173142,-0.7724917,0.57010216,-1.0,0
1763545071739,1009.789,-0.27816564,4.112066,8.68475,-0.43592837,0.26710063,0.12247839,32.34375,-20.1,31.875002,46.950733,0.3361091,49.741684,0.04131172,0.2721444,0.960304,0.045242812,0.14004841,-0.23697188,-0.7726336,0.57207346,-1.0,0
1763545071765,1009.7763,0.42652065,4.0624146,7.092326,0.16974404,0.0151189035,0.15424335,31.66875,-20.53125,32.4375,46.950733,0.3361091,49.741684,0.040938202,0.27091685,0.9607467,0.043519627,0.13947146,-0.23583803,-0.7721066,0.573393,-1.0,0
1763545071790,1009.7763,0.48095736,4.048656,5.9676995,0.17554727,0.16951497,0.12797616,31.837502,-19.650002,32.381252,46.950733,0.3361091,49.741684,0.04122397,0.2722585,0.9604232,0.041990638,0.14003067,-0.23709811,-0.7710523,0.5741552,-1.0,0
1763545071815,1009.76117,0.61076796,4.1814575,5.541777,0.092927806,0.2753473,0.100181825,36.300003,-20.400002,28.556252,46.950733,0.3361091,49.741684,0.037868045,0.27495155,0.95993733,0.03857327,0.14434035,-0.23706162,-0.7685001,0.5765199,-1.0,0
1763545071841,1009.76117,0.08793623,4.670192,5.8683977,0.03901899,0.037873615,0.017562363,31.275002,-20.212502,33.075,46.950733,0.3361091,49.741684,0.035844382,0.27560878,0.95987064,0.03746113,0.14635581,-0.23627311,-0.76766866,0.57744247,-1.0,0
1763545071866,1009.7382,0.32961133,4.8299127,6.6759753,0.0041996953,-0.14401138,-0.021685699,33.393753,-19.987501,32.081253,46.950733,0.3361091,49.741684,0.035520785,0.27616078,0.9597342,0.03719874,0.14700194,-0.23646764,-0.76728356,0.5777105,-1.0,0
1763545071891,1009.73334,-0.3182454,5.2666025,7.54457,0.0028252497,-0.039858926,-0.09728022,32.8125,-19.181252,33.16875,46.950733,0.3361091,49.741684,0.036816217,0.27648547,0.9595274,0.038827524,0.14627537,-0.23749349,-0.7679774,0.57655096,-1.0,0
1763545071916,1009.73334,-1.302892,5.5669017,8.068,-0.020693045,0.17287473,-0.010995566,33.675003,-19.96875,33.131252,46.950733,0.3361091,49.741684,0.03485127,0.2764892,0.95960957,0.03858273,0.14785536,-0.23621956,-0.7677515,0.57697207,-1.0,0
1763545071941,1009.7382,0.7902297,5.941977,9.495916,0.24258968,-0.03161225,0.17424917,33.525,-20.1,31.9125,46.950733,0.3361091,49.741684,0.032659054,0.27695894,0.9596379,0.036362346,0.14989531,-0.2351686,-0.7662593,0.5788556,-1.0,0
1763545071967,1009.7592,0.91226363,5.9581285,9.186645,0.36048657,-0.24816382,0.019853106,32.850002,-20.53125,31.3875,46.950733,0.3361091,49.741684,0.036004577,0.28233847,0.9579957,0.03511232,0.15066181,-0.24147955,-0.7643049,0.5786421,-1.0,0
1763545071992,1009.7592,0.41934216,6.2159553,8.792427,0.20929754,-0.055588696,-0.016187917,32.100002,-19.875,31.743752,46.950733,0.3361091,49.741684,0.036575723,0.2843044,0.9573844,0.035331216,0.15146464,-0.24336235,-0.763965,0.5780923,-1.0,0
1763545072017,1009.7631,0.63230336,7.039086,9.355937,-0.18196134,0.15760311,-0.028557928,32.475002,-19.462502,32.456253,46.950733,0.3361091,49.741684,0.0346786,0.28439772,0.95745593,0.034547836,0.15302716,-0.24221346,-0.7634439,0.5788512,-1.0,0
1763545072042,1009.7631,0.36909288,6.95773,9.873982,-0.2945132,-0.06459895,-0.08643737,33.975002,-18.675001,30.54375,46.950733,0.3361091,49.741684,0.033135228,0.2829893,0.9579322,0.034425877,0.15338339,-0.24011336,-0.76361096,0.57941127,-1.0,0
1763545072067,1009.7778,0.77647096,6.389435,10.63849,-0.43485937,-0.15867212,-0.075289086,33.225002,-18.525002,33.09375,46.950733,0.3361091,49.741684,0.034499906,0.2764393,0.9597077,0.03677275,0.14823611,-0.2358707,-0.7663392,0.57889146,-1.0,0
1763545072092,1009.7922,1.6773686,5.312066,13.021143,-0.37881252,0.082161315,-0.043218683,33.075,-18.6375,31.575,46.950733,0.3361091,49.741684,0.034723233,0.2715191,0.96107215,0.037577204,0.14487243,-0.23225047,-0.76809657,0.5788777,-1.0,0
1763545072117,1009.7922,1.4697913,4.9938207,12.50848,0.012904518,0.14737113,-0.037873615,36.54375,-18.28125,30.4125,46.950733,0.3361091,49.741684,0.033912215,0.26761836,0.96218514,0.037816845,0.14288083,-0.22881149,-0.76949525,0.57888466,-1.0,0
1763545072143,1009.81854,1.1264212,4.8711886,10.33819,0.34597853,0.004581486,-0.011911863,34.0875,-18.900002,29.925001,46.950733,0.3361091,49.741684,0.032874864,0.26998824,0.9615661,0.03763351,0.14480008,-0.23023327,-0.76986057,0.5773563,-1.0,0
1763545072167,1009.8088,1.3268201,4.6061835,8.088339,0.38263044,-0.19547673,-0.019853106,33.75,-19.181252,29.362501,46.950733,0.3361091,49.741684,0.034934357,0.2732782,0.9605431,0.038151596,0.14518693,-0.23414125,-0.76961607,0.57601196,-1.0,0
1763545072193,1009.8088,1.2646067,3.81057,7.7276206,-0.15004367,0.12492185,-0.13362667,35.71875,-18.0,30.937502,46.950733,0.3361091,49.741684,0.036690403,0.27419618,0.96017045,0.039280534,0.1443541,-0.2359907,-0.770157,0.57474214,-1.0,0
1763545072218,1009.789,0.7513463,3.6717863,7.9884386,-0.16180281,0.32146758,-0.12079851,32.7,-18.31875,32.362503,46.950733,0.3361091,49.741684,0.03214608,0.2711693,0.96114445,0.04043648,0.14580135,-0.23088552,-0.7720712,0.57388145,-1.0,0
1763545072244,1009.7768,0.5509474,3.7860436,7.1820574,-0.007101303,0.28069237,-0.07269291,33.525,-19.35,31.725,46.950733,0.3361091,49.741684,0.02940714,0.27102262,0.961277,0.040354975,0.14776354,-0.22909386,-0.7723058,0.57378197,-1.0,0
1763545072270,1009.7768,0.64606214,4.3244286,5.3012986,0.245644,-0.09117157,-0.14156792,35.04375,-19.06875,31.3875,46.950733,0.3361091,49.741684,0.029180193,0.2722577,0.96091425,0.040843084,0.14867909,-0.22993532,-0.7724265,0.5730459,-1.0,0
1763545072295,1009.74506,0.021535404,4.6935215,4.1958146,0.10942116,-0.049480047,-0.18432845,36.15,-18.1875,29.212502,46.950733,0.3361091,49.741684,0.029878607,0.27461752,0.9601584,0.042287678,0.14962183,-0.23220856,-0.7727478,0.5714484,-1.0,0
1763545072320,1009.74506,-0.08973085,4.723432,4.858028,-0.15615231,0.024740024,-0.13225223,31.575,-18.69375,33.581253,46.950733,0.3361091,49.741684,0.029239137,0.27502933,0.95992213,0.045315452,0.15060517,-0.23197876,-0.7739124,0.56970483,-1.0,0
1763545072346,1009.7182,0.19082761,4.6612186,7.4733834,-0.030314164,0.032223117,-0.020158539,32.831253,-18.431252,32.193752,46.950733,0.3361091,49.741684,0.02844066,0.27317896,0.9604466,0.045898005,0.1501283,-0.22999372,-0.7745155,0.5698159,-1.0,0
1763545072371,1009.7238,0.4755735,5.065007,7.073782,0.16607887,-0.08506292,0.0140498895,32.9625,-19.275002,30.843752,46.950733,0.3361091,49.741684,0.02809419,0.27294698,0.9605178,0.046002273,0.1502586,-0.22959028,-0.77461773,0.56980526,-1.0,0
1763545072396,1009.7238,0.54257256,5.3790655,6.983453,0.17508912,-0.18493931,0.03451386,34.425003,-18.50625,32.04375,46.950733,0.3361091,49.741684,0.03099075,0.27622277,0.9594851,0.046139646,0.15014413,-0.23391493,-0.77373487,0.56927574,-1.0,0
1763545072421,1009.71893,0.4941179,5.9766726,8.381459,0.100869045,0.08429934,0.09269873,33.825,-17.831251,32.2125,46.950733,0.3361091,49.741684,0.032417588,0.2773247,0.9591353,0.04582142,0.14978223,-0.23563786,-0.77314067,0.5694678,-1.0,0
1763545072447,1009.71893,0.47198427,6.3338017,8.7015,0.1720348,0.18982624,0.12140937,35.325,-18.525002,30.393751,46.950733,0.3361091,49.741684,0.031994894,0.2783984,0.95889205,0.044684872,0.15082434,-0.23618077,-0.772146,0.57031685,-1.0,0
1763545072472,1009.7297,0.67417777,6.518049,9.130413,0.19020802,0.08155045,0.095142186,33.6375,-17.456251,29.906252,46.950733,0.3361091,49.741684,0.030291699,0.28208676,0.95799834,0.04181702,0.1545436,-0.23792185,-0.7694731,0.5722068,-1.0,0
1763545072497,1009.747,1.0366904,6.5437717,10.21496,0.21403174,-0.076816246,-0.052687086,36.9375,-17.737501,30.656252,46.950733,0.3361091,49.741684,0.031652994,0.28405377,0.95737576,0.041752115,0.1547235,-0.24031039,-0.7689627,0.57184607,-1.0,0
1763545072522,1009.747,0.3912265,6.7441707,10.479366,0.14897464,0.28802276,-0.083993904,34.48125,-18.993752,31.125002,46.950733,0.3361091,49.741684,0.032466304,0.285969,0.95675284,0.042329308,0.15526903,-0.24233004,-0.76892006,0.57090247,-1.0,0
1763545072547,1009.779,-0.8249256,7.042675,9.626924,0.16287182,0.66523176,-0.015882485,35.175003,-17.0625,30.7875,46.950733,0.3361091,49.741684,0.023475591,0.2892204,0.9561163,0.040521108,0.16427489,-0.23919302,-0.7673343,0.57183784,-1.0,0
1763545072572,1009.79974,-0.89312106,7.314859,8.182856,0.044669487,0.40668324,0.07055488,34.0875,-17.41875,30.31875,46.950733,0.3361091,49.741684,0.019656336,0.29005647,0.95601994,0.038816728,0.1678848,-0.23734744,-0.76589584,0.5734845,-1.0,0
1763545072597,1009.79974,0.5353941,5.948557,11.323435,-0.4586831,-0.20265439,-0.098196514,35.23125,-18.91875,31.050001,46.950733,0.3361091,49.741684,0.020821469,0.28781414,0.9566618,0.039086625,0.16570738,-0.23624471,-0.76621944,0.5741404,-1.0,0
1763545072622,1009.80804,-0.36251262,4.9752765,12.372089,-0.3229184,0.286801,-0.11911863,35.643753,-16.875,30.88125,46.950733,0.3361091,49.741684,0.022299416,0.2834758,0.9578586,0.040632855,0.16180374,-0.23382758,-0.7681659,0.57364225,-1.0,0
1763545072647,1009.80804,-1.0079765,4.6175494,10.822139,0.03459022,0.5865829,0.0481056,33.99375,-17.0625,31.06875,46.950733,0.3361091,49.741684,0.019172398,0.28016093,0.95888436,0.04102486,0.16198683,-0.22938617,-0.7695756,0.57349426,-1.0,0
1763545072672,1009.8359,0.29012975,4.666602,6.6795645,0.07857248,-0.25076,0.13408482,36.16875,-17.19375,30.69375,46.950733,0.3361091,49.741684,0.012529671,0.2819526,0.9586222,0.03727238,0.16802923,-0.22676076,-0.7676143,0.575425,-1.0,0
1763545072697,1009.8212,0.29012975,4.666602,6.6795645,0.07857248,-0.25076,0.13408482,34.912502,-16.95,30.35625,46.950733,0.3361091,49.741684,0.015178816,0.28256842,0.9584236,0.03672689,0.16636534,-0.22890583,-0.76710564,0.5757375,-1.0,0
1763545072723,1009.8212,0.064008005,4.371687,7.5942206,-0.5049561,0.24465135,0.043982264,34.2,-17.53125,30.468752,46.950733,0.3361091,49.741684,0.0133471545,0.2753402,0.96060354,0.035362285,0.16323791,-0.22213452,-0.76791686,0.5781983,-1.0,0
1763545072748,1009.7922,-0.3361916,4.1072803,7.3369923,-0.006185006,-0.07208204,0.28053966,36.787502,-16.3875,30.431252,46.950733,0.3361091,49.741684,0.011875205,0.27207303,0.9616178,0.033562325,0.16228208,-0.21869905,-0.76767135,0.58009994,-1.0,0
1763545072773,1009.7729,0.9702896,4.21735,6.1675005,0.16165009,-0.32039857,0.29962918,36.05625,-16.462502,29.437502,46.950733,0.3361091,49.741684,0.013194485,0.27180064,0.96175814,0.03117077,0.16104455,-0.21934982,-0.76638335,0.5818994,-1.0,0
1763545072798,1009.7729,1.4811572,4.3316073,5.5459647,0.10621411,-0.2875646,0.17394374,35.79375,-16.237501,29.437502,46.950733,0.3361091,49.741684,0.01708868,0.273167,0.9613721,0.029179597,0.15887526,-0.22286971,-0.7648466,0.58317876,-1.0,0
1763545072823,1009.7504,0.8650054,4.2927237,6.141179,-0.032757625,-0.084452055,0.037415467,35.456253,-16.518751,29.19375,46.950733,0.3361091,49.741684,0.021679865,0.27399498,0.9610786,0.028011741,0.15587536,-0.22637612,-0.7637714,0.58404624,-1.0,0
1763545072849,1009.73724,-0.20518455,4.6815577,7.253842,0.12576179,-0.10354158,0.07498365,34.5,-15.375001,29.681252,46.950733,0.3361091,49.741684,0.021713456,0.27390984,0.96111006,0.027738757,0.15580212,-0.2263267,-0.7636069,0.5842999,-1.0,0
1763545072875,1009.73724,-0.21296121,5.226523,7.14437,0.2520581,-0.26939136,0.05665771,33.787502,-16.575,31.687502,46.950733,0.3361091,49.741684,0.025419854,0.27737194,0.96003276,0.027491523,0.15515159,-0.23132089,-0.76250255,0.58395934,-1.0,0
1763545072900,1009.7336,-0.43669012,5.7188463,7.030711,0.21479532,-0.22204934,0.025198173,35.60625,-17.1375,30.6,46.950733,0.3361091,49.741684,0.02744299,0.2795131,0.9593452,0.027856646,0.15501581,-0.23420249,-0.7619885,0.5835176,-1.0,0
1763545072926,1009.74384,-0.590429,6.035297,9.049057,0.12759438,0.074525505,0.023976443,36.300003,-16.556252,30.337502,46.950733,0.3361091,49.741684,0.0274021,0.2806716,0.9590114,0.027743775,0.15587577,-0.23501101,-0.76141626,0.58371043,-1.0,0
1763545072952,1009.74384,-0.68853474,6.1998034,9.170493,0.2775617,-0.007788526,0.04214967,34.55625,-15.13125,30.13125,46.950733,0.3361091,49.741684,0.026602384,0.28198823,0.95865875,0.027356014,0.15738504,-0.23548889,-0.7607542,0.583976,-1.0,0
1763545072978,1009.75824,-0.51086766,6.31765,8.709276,0.31436628,-0.18967351,0.056199558,34.912502,-16.95,30.35625,46.950733,0.3361091,49.741684,0.028347025,0.2874923,0.9569823,0.02700766,0.1595861,-0.24080628,-0.7590417,0.58343834,-1.0,0
1763545073003,1009.75824,0.17168503,6.8219376,9.595817,0.06360629,-0.16340633,-0.07895427,33.84375,-16.331251,31.66875,46.950733,0.3361091,49.741684,0.03118263,0.28932503,0.9563225,0.027675899,0.15859842,-0.24398337,-0.7588246,0.5826696,-1.0,0
1763545073028,1009.768,-0.23389842,6.8739815,9.896116,-0.055970486,0.02611447,-0.087506376,34.256252,-16.5375,30.862501,46.950733,0.3361091,49.741684,0.032459673,0.2899835,0.9560457,0.028854918,0.15805809,-0.24527884,-0.75927496,0.581685,-1.0,0
1763545073053,1009.78656,-0.1268196,6.789634,10.407582,-0.13691007,0.01527162,-0.032833982,35.53125,-16.0125,30.54375,46.950733,0.3361091,49.741684,0.031354632,0.2883583,0.956538,0.030023443,0.15795417,-0.24327782,-0.76023626,0.5812979,-1.0,0
1763545073079,1009.78656,0.5353941,6.45105,11.023136,-0.13874267,-0.1876882,0.0025961753,34.893753,-15.468751,31.66875,46.950733,0.3361091,49.741684,0.03295133,0.28692985,0.9568957,0.03059671,0.15579292,-0.24319357,-0.7609261,0.5810136,-1.0,0
1763545073104,1009.8095,1.6073786,5.3982077,11.437693,-0.20639594,-0.0021380268,-0.0061086477,35.41875,-16.5375,31.35,46.950733,0.3361091,49.741684,0.03479437,0.2851378,0.9573451,0.031242225,0.15315498,-0.24301808,-0.7618666,0.5805558,-1.0,0
1763545073130,1009.8293,1.9010975,5.023731,11.405389,-0.074449144,0.17944153,-0.016798781,35.643753,-14.64375,31.3875,46.950733,0.3361091,49.741684,0.033448078,0.28178737,0.9583958,0.030897459,0.15177046,-0.2397678,-0.7632186,0.58049506,-1.0,0
1763545073155,1009.8293,1.4458631,4.9256253,7.9477606,0.16959134,-0.23090689,-0.06902772,33.09375,-17.25,29.625002,46.950733,0.3361091,49.741684,0.033016838,0.28294638,0.95806634,0.030985232,0.15266608,-0.24050333,-0.76342857,0.5796793,-1.0,0
1763545073181,1009.8205,1.378864,4.5188456,7.7383885,-0.11934771,-0.3346012,-0.11255184,35.98125,-16.087502,28.95,46.950733,0.3361091,49.741684,0.03523921,0.28429985,0.9575489,0.0321227,0.1517153,-0.24300343,-0.76392937,0.5782246,-1.0,0
1763545073206,1009.8029,1.0115658,3.9146578,8.850452,-0.32994333,-0.022449281,-0.09224058,35.5875,-15.656251,31.593752,46.950733,0.3361091,49.741684,0.03822104,0.2798188,0.958652,0.035025723,0.14644535,-0.2414812,-0.76692855,0.5762475,-1.0,0
1763545073232,1009.8029,0.587438,3.8943188,8.660223,0.14805835,0.2780962,0.062460925,35.2125,-15.431251,30.54375,46.950733,0.3361091,49.741684,0.036011253,0.2773794,0.95946634,0.03447113,0.14648382,-0.23828268,-0.76755834,0.5767305,-1.0,0
1763545073257,1009.7868,0.13339986,4.2711883,5.953343,0.4256964,0.20861033,0.038331766,37.7625,-15.39375,27.806252,46.950733,0.3361091,49.741684,0.03365909,0.27837628,0.9593119,0.033081796,0.14879069,-0.23767121,-0.7669258,0.5772335,-1.0,0
1763545073283,1009.7868,-0.044865426,4.5469613,3.9840498,0.30153814,0.058337588,0.025961753,34.3875,-17.38125,29.812502,46.950733,0.3361091,49.741684,0.031537917,0.28530258,0.95739865,0.031553887,0.15484136,-0.24169473,-0.76436406,0.57736933,-1.0,0
1763545073309,1009.757,0.15194423,4.6552362,4.613362,0.013668099,-0.08735366,0.022143848,35.49375,-16.275002,29.79375,46.950733,0.3361091,49.741684,0.03236199,0.2858082,0.9572184,0.031611767,0.15466286,-0.242514,-0.76391643,0.57766604,-1.0,0
1763545073334,1009.7336,0.526421,4.680959,6.8745794,-0.0025198173,0.20570871,0.016951498,34.5,-17.493752,30.431252,46.950733,0.3361091,49.741684,0.032488134,0.28507492,0.95743513,0.03154016,0.15417048,-0.24198072,-0.7638798,0.57806957,-1.0,0
1763545073360,1009.7336,0.54317075,5.000401,6.244669,0.10942116,0.30512697,0.02489274,35.0625,-16.3125,29.212502,46.950733,0.3361091,49.741684,0.028029026,0.28633094,0.95726085,0.029674996,0.1584578,-0.2401295,-0.7624942,0.5795097,-1.0,0
1763545073385,1009.7233,0.40677986,5.337191,6.142974,0.12087487,0.18432845,0.063377224,37.85625,-15.637501,27.956251,46.950733,0.3361091,49.741684,0.02657871,0.28772438,0.9569191,0.028534653,0.1605384,-0.24024811,-0.76132584,0.5804233,-1.0,0
1763545073412,1009.71893,0.22851457,5.921638,6.5647087,0.29970554,-0.084452055,0.24923283,35.71875,-17.475,28.593752,46.950733,0.3361091,49.741684,0.026703136,0.28973487,0.9563477,0.027196554,0.16178547,-0.24183635,-0.7598528,0.581347,-1.0,0
1763545073438,1009.71893,1.3010973,6.192625,6.8279195,0.2862665,-0.12843432,0.3271181,35.737503,-16.5,30.54375,46.950733,0.3361091,49.741684,0.030478459,0.29550028,0.95459557,0.022315832,0.1626792,-0.24856552,-0.7549621,0.584622,-1.0,0
1763545073463,1009.71405,2.1732812,6.294918,7.4309106,0.23388486,-0.12873976,0.24953826,37.818752,-15.656251,30.13125,46.950733,0.3361091,49.741684,0.032758936,0.29779223,0.9538545,0.020203268,0.1624084,-0.25174764,-0.7529294,0.58595556,-1.0,0
1763545073488,1009.727,2.2582264,6.8488564,9.007781,-0.08697187,-0.053450666,-0.046425723,35.475002,-15.543751,31.143751,46.950733,0.3361091,49.741684,0.034785867,0.29881045,0.95347697,0.019593004,0.16151255,-0.25379407,-0.7521711,0.58629423,-1.0,0
1763545073513,1009.727,1.7395821,6.8333035,10.002597,-0.2541961,0.16890411,-0.17806709,35.456253,-15.88125,28.218752,46.950733,0.3361091,49.741684,0.033764597,0.29595715,0.95436907,0.02118883,0.16050383,-0.25093663,-0.75387263,0.5856154,-1.0,0
1763545073539,1009.7497,0.4121637,7.039086,10.946566,-0.28886268,0.446084,-0.2073886,35.71875,-15.8625,29.587502,46.950733,0.3361091,49.741684,0.02914603,0.29338503,0.95529974,0.021867784,0.16242923,-0.24605088,-0.7551078,0.5855663,-1.0,0
1763545073564,1009.77704,-1.4111671,7.771888,9.55155,-0.17417282,0.35139996,0.04367683,35.5125,-17.00625,28.29375,46.950733,0.3361091,49.741684,0.023082197,0.29175112,0.9559811,0.02118211,0.16611473,-0.24095103,-0.75517845,0.58656114,-1.0,0
1763545073589,1009.77704,-0.52522457,7.281359,10.174282,-0.25801402,-0.16982041,0.14401138,35.7,-14.625001,28.44375,46.950733,0.3361091,49.741684,0.019539846,0.2904314,0.9564881,0.019958258,0.16814107,-0.23761478,-0.7545278,0.5881799,-1.0,0
1763545073614,1009.78925,0.6771688,6.050252,12.163914,-0.22915065,-0.38728827,0.13561198,35.30625,-16.650002,27.975,46.950733,0.3361091,49.741684,0.024964286,0.28590167,0.95774204,0.01916128,0.16115648,-0.2374691,-0.75479424,0.5898497,-1.0,0
1763545073639,1009.78925,0.948156,4.968098,10.136595,0.3033707,0.013133593,0.19074252,33.525,-15.843751,29.6625,46.950733,0.3361091,49.741684,0.027524365,0.28573507,0.95773494,0.018485313,0.15887348,-0.23908433,-0.7548372,0.58976156,-1.0,0
1763545073664,1009.8254,1.4560326,5.026722,8.187042,0.22243114,0.031459536,0.12721258,35.7,-16.10625,28.218752,46.950733,0.3361091,49.741684,0.028009199,0.28794146,0.9570947,0.01657962,0.15969893,-0.24122821,-0.75360376,0.5902428,-1.0,0
1763545073689,1009.8195,1.3016955,4.982455,6.9649086,-0.0037415468,0.17501275,-0.028557928,34.893753,-16.44375,28.63125,46.950733,0.3361091,49.741684,0.026853355,0.28975812,0.9566075,0.014872386,0.1616307,-0.24198423,-0.75241953,0.59091794,-1.0,0
1763545073714,1009.8195,-0.2632105,4.636692,7.1862445,-0.4125628,0.4091267,-0.17974696,37.65,-18.13125,27.0375,46.950733,0.3361091,49.741684,0.02325008,0.28740552,0.9574048,0.015280857,0.16297014,-0.23787232,-0.75324094,0.59117305,-1.0,0
1763545073739,1009.7968,-0.5084748,4.2717867,7.7276206,-0.3050506,0.286801,-0.10140356,37.18125,-16.06875,27.13125,46.950733,0.3361091,49.741684,0.018880779,0.28375453,0.95857906,0.015907828,0.16408908,-0.23226684,-0.7544843,0.59150684,-1.0,0
1763545073764,1009.7968,-0.27337998,4.06062,7.5344005,-0.02451095,0.07467822,-0.010231985,36.112503,-16.425001,25.875002,46.950733,0.3361091,49.741684,0.015729656,0.2809172,0.9594669,0.016170645,0.16473973,-0.22808488,-0.7553632,0.59183145,-1.0,0
1763545073789,1009.778,-0.11964113,3.9613178,6.4905314,0.2239583,-0.18096869,0.06902772,37.518753,-15.281251,26.118752,46.950733,0.3361091,49.741684,0.01667366,0.2824629,0.9590005,0.0159581,0.16490923,-0.22993095,-0.75504994,0.59146965,-1.0,0
1763545073814,1009.7597,0.7579266,3.9625144,5.573482,0.113544494,-0.2930624,0.07101303,35.8125,-16.96875,28.556252,46.950733,0.3361091,49.741684,0.020139989,0.28475994,0.958257,0.015802305,0.16367318,-0.23389089,-0.75434804,0.5911558,-1.0,0
1763545073840,1009.7597,0.35832518,4.219743,5.7577295,0.044516772,-0.12125666,-0.01282816,35.287502,-16.650002,28.593752,46.950733,0.3361091,49.741684,0.02316959,0.28583655,0.9578664,0.015896054,0.16201705,-0.2366217,-0.7540552,0.5908989,-1.0,0
1763545073866,1009.7326,-0.3068795,4.726423,6.472585,-0.052305296,0.018325943,-0.017562363,36.600002,-16.875,26.306252,46.950733,0.3361091,49.741684,0.024057006,0.28593102,0.95780677,0.016459756,0.16144408,-0.23721531,-0.7542224,0.5906041,-1.0,0
1763545073891,1009.7275,-0.53240305,5.252246,8.242078,0.15493058,-0.013897174,-0.0056504994,35.49375,-17.98125,26.643751,46.950733,0.3361091,49.741684,0.023616599,0.28580454,0.9578585,0.016281359,0.16172598,-0.23682627,-0.7541014,0.5908376,-1.0,0
1763545073916,1009.7275,-1.329213,5.676972,7.670193,0.24992006,-0.042302385,0.05986475,34.78125,-17.0625,27.6,46.950733,0.3361091,49.741684,0.02362169,0.28717235,0.9574475,0.016379703,0.16257325,-0.2378989,-0.7538704,0.5904688,-1.0,0
1763545073941,1009.7402,-1.0163515,6.10768,7.4679995,0.22594361,-0.021074835,0.20280711,36.84375,-17.1,26.75625,46.950733,0.3361091,49.741684,0.024288889,0.2917189,0.95608914,0.014269761,0.16505694,-0.2417562,-0.75114983,0.59167904,-1.0,0
1763545073967,1009.7441,0.83988076,6.6370916,8.449057,0.03046688,-0.18600832,0.14202607,34.125,-17.38125,28.143751,46.950733,0.3361091,49.741684,0.025444249,0.29338074,0.95557785,0.012302152,0.16530807,-0.2437066,-0.7492685,0.5931923,-1.0,0
1763545073991,1009.7441,0.5808577,6.7322063,9.930812,-0.09430225,-0.14095704,-0.028252495,35.287502,-18.35625,25.143751,46.950733,0.3361091,49.741684,0.027554337,0.29382858,0.9553914,0.011520835,0.16403186,-0.2453325,-0.74844056,0.59392107,-1.0,0
1763545074017,1009.7514,-0.54257256,6.954739,10.783256,-0.11934771,0.14508039,-0.034208428,35.5125,-17.23125,26.1375,46.950733,0.3361091,49.741684,0.02726489,0.29192102,0.95597637,0.012163338,0.16307299,-0.24365644,-0.7492504,0.593854,-1.0,0
1763545074043,1009.7514,-0.6963114,7.1952176,10.697114,-0.058719378,0.22357652,0.06933315,36.206253,-17.400002,25.7625,46.950733,0.3361091,49.741684,0.025088271,0.2913495,0.95622426,0.011008459,0.1644112,-0.24183239,-0.7486882,0.59493864,-1.0,0
1763545074068,1009.78314,1.7318054,6.750751,10.389636,-0.16134466,-0.5552761,0.14935644,37.74375,-16.368752,24.768751,46.950733,0.3361091,49.741684,0.026007224,0.29109737,0.95628905,0.009855914,0.1635773,-0.24219112,-0.74791753,0.595991,-1.0,0
1763545074094,1009.79047,3.1698918,5.852844,11.399407,-0.30291256,-0.48976085,0.033444848,36.131252,-19.1625,26.962502,46.950733,0.3361091,49.741684,0.03160194,0.28957382,0.95658094,0.010059766,0.1582967,-0.24452776,-0.7482229,0.5960795,-1.0,0
1763545074119,1009.79047,3.187838,5.163711,11.331212,-0.29878923,0.16584979,-0.15989386,35.86875,-19.181252,25.125002,46.950733,0.3361091,49.741684,0.03521232,0.28338823,0.9582837,0.011979161,0.15128806,-0.24219973,-0.75150186,0.5947236,-1.0,0
1763545074145,1009.8066,0.7896315,4.946563,9.788439,-0.00481056,0.29672757,-0.25610507,38.925003,-17.868752,24.112501,46.950733,0.3361091,49.741684,0.029507978,0.28121364,0.9591047,0.012897784,0.15417276,-0.23702867,-0.7531524,0.59397787,-1.0,0
1763545074170,1009.81,0.61854464,4.7766724,8.132606,0.26855144,-0.15347977,-0.1640172,37.74375,-17.118752,24.656252,46.950733,0.3361091,49.741684,0.027270772,0.28326157,0.95851696,0.016261254,0.15700886,-0.23733737,-0.7552905,0.59038585,-1.0,0
1763545074195,1009.81,1.1856437,4.634897,6.163313,0.23984079,-0.39736754,-0.091629714,37.237503,-18.28125,23.7,46.950733,0.3361091,49.741684,0.03082938,0.2854596,0.9577236,0.018104803,0.15562357,-0.24128602,-0.7558386,0.58844745,-1.0,0
1763545074220,1009.7836,1.4793626,4.339982,7.1976104,-0.30932665,0.14981459,-0.22327107,37.331253,-17.775002,23.962502,46.950733,0.3361091,49.741684,0.032784387,0.28466323,0.95786214,0.019803664,0.15361914,-0.24188665,-0.75697565,0.5872647,-1.0,0
1763545074245,1009.77094,0.7812566,4.430909,7.923234,-0.17615813,0.20677772,-0.24541493,37.537502,-18.768751,26.325,46.950733,0.3361091,49.741684,0.031081557,0.28189778,0.9587012,0.02143758,0.15317039,-0.23868656,-0.7587354,0.58641976,-1.0,0
1763545074270,1009.77094,0.13459627,4.510471,7.09113,0.14561489,0.037568185,-0.21731515,37.050003,-17.681252,24.150002,46.950733,0.3361091,49.741684,0.027741378,0.28157413,0.9588123,0.0250083,0.155472,-0.23639378,-0.7612933,0.58342004,-1.0,0
1763545074295,1009.7597,0.119042926,4.581657,5.421538,0.27603453,-0.1291979,-0.13316852,37.706253,-19.59375,23.8875,46.950733,0.3361091,49.741684,0.028576622,0.28423762,0.9579602,0.026544372,0.15653811,-0.23896329,-0.761497,0.58182013,-1.0,0
1763545074320,1009.7597,0.82971126,5.003392,5.358128,-0.056428634,-0.15027274,-0.20891576,34.21875,-18.487501,26.343752,46.950733,0.3361091,49.741684,0.029847862,0.2858886,0.95738715,0.028048107,0.1566844,-0.24098378,-0.76176506,0.5805952,-1.0,0
1763545074345,1009.7321,0.29312077,4.9531426,6.3326054,-0.12454005,-0.100487255,-0.24449863,36.84375,-20.306252,23.081251,46.950733,0.3361091,49.741684,0.030811807,0.28574383,0.9573292,0.0303638,0.1559507,-0.24140897,-0.7629215,0.5790957,-1.0,0
1763545074370,1009.7253,-0.30089745,4.9896336,7.396215,-0.08575014,-0.11575887,-0.14278965,38.41875,-19.7625,23.04375,46.950733,0.3361091,49.741684,0.031666957,0.28417364,0.9576243,0.034616303,0.15441033,-0.24065518,-0.7655585,0.5763356,-1.0,0
1763545074397,1009.7253,1.21017,5.6644096,8.455039,0.29756752,-0.24388777,0.07177661,34.78125,-20.268751,23.60625,46.950733,0.3361091,49.741684,0.03315637,0.28472462,0.95740646,0.034718774,0.15360741,-0.24201697,-0.76543766,0.57614034,-1.0,0
1763545074422,1009.73334,1.0247263,6.026324,7.7312098,0.38400486,-0.22693627,0.04734202,35.943752,-19.650002,23.456251,46.950733,0.3361091,49.741684,0.03832645,0.29084164,0.9553769,0.03459999,0.15342538,-0.25003684,-0.7638327,0.57489294,-1.0,0
1763545074447,1009.7463,1.1090733,6.4408803,7.52782,0.28458664,-0.06368265,0.057115857,35.30625,-20.475,25.10625,46.950733,0.3361091,49.741684,0.039290704,0.2936372,0.95449984,0.034109686,0.15450126,-0.25277644,-0.7626972,0.5749142,-1.0,0
1763545074472,1009.7463,1.5343975,6.741778,9.777672,0.11995857,0.059101168,-0.050243627,33.73125,-20.38125,24.187502,46.950733,0.3361091,49.741684,0.038919803,0.29504195,0.95409846,0.03363943,0.15574148,-0.2535924,-0.761937,0.57522815,-1.0,0
1763545074498,1009.7619,1.5134603,6.859026,10.160523,0.20807582,0.059101168,-0.15638138,34.050003,-20.118752,25.837502,46.950733,0.3361091,49.741684,0.03776782,0.29817995,0.95312214,0.034935933,0.15857105,-0.255329,-0.7620919,0.5734791,-1.0,0
1763545074523,1009.7795,0.8709874,7.0576305,9.473185,0.19081889,0.228158,-0.28267768,36.35625,-21.337502,21.956251,46.950733,0.3361091,49.741684,0.035115276,0.30010736,0.9525506,0.03674075,0.16182183,-0.25516897,-0.7628378,0.5716476,-1.0,0
1763545074549,1009.7795,-0.56590253,7.108478,9.474979,-0.25938845,0.3440696,-0.13988803,34.575,-20.4375,26.118752,46.950733,0.3361091,49.741684,0.030033741,0.30038977,0.9525926,0.037831325,0.16600585,-0.25214696,-0.7634216,0.57100916,-1.0,0
1763545074574,1009.78656,-0.22073789,6.573084,10.655239,-0.3746892,0.026572619,-0.14385866,33.16875,-22.3125,25.275002,46.950733,0.3361091,49.741684,0.026126545,0.29836228,0.9533268,0.03827844,0.16785434,-0.24804752,-0.7640596,0.5714108,-1.0,0
1763545074599,1009.78656,-0.50189453,6.0047884,11.933006,-0.39118254,0.091018856,-0.13500112,34.275,-20.56875,24.13125,46.950733,0.3361091,49.741684,0.02365303,0.2911631,0.9555103,0.04080007,0.16517866,-0.24093863,-0.7674771,0.5706518,-1.0,0
1763545074624,1009.8132,-1.1437693,5.311468,12.407384,-0.18577924,0.2790125,-0.028557928,34.425003,-21.300001,24.31875,46.950733,0.3361091,49.741684,0.020656457,0.28904825,0.95623827,0.04040804,0.16602391,-0.23751138,-0.76815075,0.57093686,-1.0,0
1763545074649,1009.8217,-0.7076773,5.0751767,8.916854,0.2239583,-0.09086613,0.23136504,36.581253,-19.96875,24.7875,46.950733,0.3361091,49.741684,0.019081397,0.28973603,0.9561352,0.038657278,0.16753581,-0.23715568,-0.7673168,0.5717638,-1.0,0
1763545074675,1009.8217,-0.24945176,4.7718863,7.52782,0.12362376,-0.09651663,0.24724752,32.9625,-20.475,25.35,46.950733,0.3361091,49.741684,0.021845296,0.29239416,0.95541316,0.03484401,0.16696994,-0.24102409,-0.76457286,0.57398325,-1.0,0
1763545074700,1009.8217,-0.16570297,4.6414776,6.6568327,-0.08651373,0.048411034,0.24663666,35.643753,-21.806252,23.456251,46.950733,0.3361091,49.741684,0.021973634,0.29155833,0.9557489,0.03248006,0.16635309,-0.24044903,-0.76332563,0.5760598,-1.0,0
1763545074725,1009.8217,0.032303106,4.537988,7.298109,-0.17844887,0.115911596,0.2310596,34.18125,-21.1875,22.650002,46.950733,0.3361091,49.741684,0.021845069,0.28929076,0.9565208,0.030025974,0.16504614,-0.23859194,-0.76233375,0.5785161,-1.0,0
1763545074751,1009.7763,-0.21774685,4.4458647,6.667002,0.01244637,0.1424842,0.23747368,35.8125,-20.400002,21.806252,46.950733,0.3361091,49.741684,0.020602966,0.2876513,0.957186,0.025043998,0.16496421,-0.23654722,-0.75975496,0.58275604,-1.0,0
1763545074777,1009.7448,0.06460621,4.4117665,5.469394,0.11262819,0.06734784,0.27107126,34.725002,-20.53125,24.093752,46.950733,0.3361091,49.741684,0.020677922,0.2887366,0.95692414,0.022355659,0.16562349,-0.23741367,-0.75777453,0.5847918,-1.0,0
1763545074802,1009.7448,0.7298109,4.1838503,5.634499,-0.1098793,-0.08185588,0.16890411,33.9375,-20.962502,22.35,46.950733,0.3361091,49.741684,0.021675304,0.28923997,0.9567999,0.020106915,0.16522746,-0.23838931,-0.7561095,0.5866591,-1.0,0
1763545074827,1009.737,0.57188463,4.1030927,6.6963143,-0.094760396,-0.04459313,0.10262528,36.05625,-22.125,21.88125,46.950733,0.3361091,49.741684,0.023795824,0.2874309,0.95733804,0.01791716,0.16247652,-0.23829423,-0.75506145,0.5888119,-1.0,0
1763545074852,1009.72943,0.08673982,4.258028,6.9020967,0.045433067,0.08078687,0.08872811,33.80625,-20.85,22.2,46.950733,0.3361091,49.741684,0.023309743,0.28775936,0.9572706,0.016857022,0.16303156,-0.23826352,-0.7544144,0.5894999,-1.0,0
1763545074878,1009.72943,-0.24047868,4.72403,6.5258255,0.1211803,0.08552107,0.110871956,33.393753,-21.4125,23.362501,46.950733,0.3361091,49.741684,0.022759682,0.2888726,0.9569699,0.01559541,0.16416848,-0.23877628,-0.753365,0.5903184,-1.0,0
1763545074904,1009.74603,-0.005383851,5.6937213,8.598608,0.10270164,-0.22235478,0.1301142,33.91875,-20.98125,23.118752,46.950733,0.3361091,49.741684,0.023491908,0.2895741,0.956758,0.014458294,0.16408753,-0.23975053,-0.7523702,0.59121406,-1.0,0
1763545074930,1009.74603,0.016749758,5.8857455,9.392427,0.17325652,-0.15821397,0.14401138,33.506252,-20.8875,22.237501,46.950733,0.3361091,49.741684,0.025817899,0.29048184,0.95643127,0.013891192,0.16287,-0.24190831,-0.7517156,0.59150434,-1.0,0
1763545074954,1009.76776,1.1641082,6.719644,10.1084795,0.24152066,-0.15225805,0.12889247,32.850002,-20.587502,21.975,46.950733,0.3361091,49.741684,0.028155716,0.29398918,0.9553263,0.011369748,0.16322803,-0.24612798,-0.7493527,0.5926619,-1.0,0
1763545074979,1009.79047,1.1946167,7.340582,10.222736,0.245644,-0.12873976,0.010690134,34.050003,-21.825,22.6875,46.950733,0.3361091,49.741684,0.030004319,0.2961124,0.9546237,0.010527464,0.16310522,-0.24895681,-0.7483324,0.59280336,-1.0,0
1763545075004,1009.80316,0.5084748,7.8203425,9.763314,0.1786016,0.10399973,-0.067653276,33.84375,-22.21875,21.50625,46.950733,0.3361091,49.741684,0.030325126,0.30012769,0.95335436,0.010921065,0.1653975,-0.25226954,-0.7475618,0.591739,-1.0,0
1763545075029,1009.80316,0.80159557,7.583453,9.601799,-0.1824195,-0.114079,-0.062308207,34.21875,-20.94375,23.400002,46.950733,0.3361091,49.741684,0.028701467,0.30094862,0.9531419,0.011252556,0.16727729,-0.2518177,-0.74736714,0.59164894,-1.0,0
1763545075054,1009.8156,1.5834504,6.783054,11.714662,-0.2778671,-0.3158171,-0.19715661,35.025,-22.21875,20.90625,46.950733,0.3361091,49.741684,0.029447665,0.29956543,0.9535425,0.012252096,0.16594239,-0.2511369,-0.74803495,0.59147024,-1.0,0
1763545075079,1009.8156,1.3507484,6.040681,12.333804,-0.12988512,-0.13836087,-0.23029602,34.575,-22.893751,22.087502,46.950733,0.3361091,49.741684,0.031924173,0.29698756,0.95422965,0.015001382,0.16236891,-0.25071317,-0.7503624,0.58969104,-1.0,0
1763545075104,1009.81635,1.3154542,5.361717,11.522637,0.07979421,0.12705988,-0.15409064,33.300003,-23.400002,22.087502,46.950733,0.3361091,49.741684,0.03123156,0.29571238,0.9545878,0.018462934,0.16174562,-0.24951866,-0.7536628,0.5861494,-1.0,0
1763545075130,1009.81635,1.2209377,5.0141597,9.724431,0.25755587,0.15607595,-0.10873393,33.300003,-23.400002,22.087502,46.950733,0.3361091,49.741684,0.029696383,0.29769742,0.9540116,0.018871792,0.16401327,-0.25021046,-0.75388026,0.5849435,-1.0,0
1763545075155,1009.79486,1.0983056,4.423731,6.6885376,0.13492475,-0.2489274,-0.1084285,36.16875,-23.831251,20.118752,46.950733,0.3361091,49.741684,0.032550838,0.3011995,0.9527625,0.021515872,0.16383485,-0.25483096,-0.7549346,0.5816297,-1.0,0
1763545075180,1009.7763,1.0438689,4.165904,6.344569,-0.060399257,-0.20311254,-0.09758565,34.10625,-23.0625,21.525002,46.950733,0.3361091,49.741684,0.032550838,0.3011995,0.9527625,0.021515872,0.16383485,-0.25483096,-0.7549346,0.5816297,-1.0,0
1763545075205,1009.7546,0.20757736,4.022335,5.9820566,-0.40202537,-0.32360563,-0.032986697,33.45,-21.900002,22.7625,46.950733,0.3361091,49.741684,0.035909675,0.29824033,0.95350415,0.024351299,0.15929489,-0.25468007,-0.7574467,0.5796876,-1.0,0
1763545075231,1009.7546,0.8985049,3.9260237,7.0043902,-0.34674212,-0.618806,-0.00076358096,33.300003,-23.400002,21.618752,46.950733,0.3361091,49.741684,0.038710576,0.29446405,0.95453167,0.025723174,0.1547418,-0.25350064,-0.75911266,0.57925844,-1.0,0
1763545075256,1009.74286,1.5086746,4.1030927,7.679166,0.0014508038,-0.4896081,-0.12782346,31.275002,-23.34375,21.525002,46.950733,0.3361091,49.741684,0.048630822,0.29073045,0.95509386,0.030110747,0.14454831,-0.25689477,-0.7625918,0.57581645,-1.0,0
1763545075281,1009.74286,-0.08973085,4.9435716,5.2372904,0.094760396,0.33979353,-0.023823727,31.556252,-23.325,22.575,46.950733,0.3361091,49.741684,0.047865782,0.2928971,0.9544292,0.03138455,0.14646602,-0.2581231,-0.76295686,0.57429695,-1.0,0
1763545075306,1009.7231,0.5270192,5.098507,6.099305,-0.016416991,0.22800528,0.116980605,33.881252,-21.975,21.9375,46.950733,0.3361091,49.741684,0.044603623,0.2941282,0.95423293,0.030637024,0.1498772,-0.25697806,-0.7621149,0.57504785,-1.0,0
1763545075331,1009.7148,1.3214363,5.331807,6.854839,0.065286174,-0.011148282,0.12156209,32.4,-24.35625,20.7,46.950733,0.3361091,49.741684,0.043329556,0.29491118,0.95413685,0.027800407,0.151494,-0.25670922,-0.7599595,0.5775911,-1.0,0
1763545075356,1009.7148,1.2699906,5.642874,6.5001025,0.17356196,-0.057726722,0.07116575,31.35,-23.081251,20.118752,46.950733,0.3361091,49.741684,0.044301596,0.2966208,0.9535801,0.027174067,0.15185013,-0.25862727,-0.759046,0.57784307,-1.0,0
1763545075381,1009.7204,1.4751751,5.805586,6.5318074,0.15569416,0.07895427,0.054519683,32.9625,-24.4125,21.2625,46.950733,0.3361091,49.741684,0.043964885,0.29829934,0.953096,0.026318377,0.15323977,-0.25967863,-0.7579687,0.57841855,-1.0,0
1763545075406,1009.7309,1.2843475,6.3643103,7.5344005,0.18226677,-0.00962112,0.08414663,31.893751,-25.275002,21.5625,46.950733,0.3361091,49.741684,0.043456823,0.3018743,0.95203865,0.024612255,0.15599361,-0.2620736,-0.75582606,0.5794052,-1.0,0
1763545075431,1009.7309,1.8771694,6.8315086,8.130213,0.1295797,-0.11484258,0.10690133,32.11875,-24.88125,21.993752,46.950733,0.3361091,49.741684,0.045076888,0.30319065,0.9515646,0.023837747,0.15561198,-0.26408595,-0.7548594,0.5798542,-1.0,0
1763545075456,1009.74945,2.268994,7.019943,9.799805,0.10438152,0.27565274,-0.008093959,30.075,-24.112501,22.78125,46.950733,0.3361091,49.741684,0.045596138,0.30379143,0.95136565,0.023132894,0.15561076,-0.2648651,-0.75420725,0.5803474,-1.0,0
1763545075481,1009.74945,1.9345971,7.3232336,8.898908,0.19204062,0.3601048,-0.15042545,35.362503,-24.91875,20.41875,46.950733,0.3361091,49.741684,0.043378603,0.30480802,0.95116556,0.022237064,0.15793842,-0.2642822,-0.75356686,0.5808161,-1.0,0
1763545075506,1009.7653,0.41754755,7.6797643,8.058429,0.0778089,0.32162032,-0.24358234,32.25,-24.993752,21.50625,46.950733,0.3361091,49.741684,0.036539104,0.30790383,0.95042396,0.023547782,0.16527484,-0.26234347,-0.7536562,0.57953644,-1.0,0
1763545075532,1009.7819,-0.52223355,7.1688967,8.95454,-0.29206973,0.21090107,-0.027030766,32.756252,-23.94375,21.5625,46.950733,0.3361091,49.741684,0.032513913,0.30729517,0.9507587,0.023885002,0.16818093,-0.25923473,-0.7537712,0.57994956,-1.0,0
1763545075558,1009.7819,-0.031106694,6.257231,9.984053,-0.3681224,0.067653276,-0.009468404,32.568752,-25.06875,19.48125,46.950733,0.3361091,49.741684,0.030145518,0.30495232,0.9515952,0.023704182,0.16867875,-0.2558362,-0.7540068,0.58100694,-1.0,0
1763545075583,1009.7946,0.15672988,5.5130634,10.888539,-0.38064513,0.02367101,-0.016340632,33.487503,-24.73125,20.90625,46.950733,0.3361091,49.741684,0.028774679,0.29783022,0.9538837,0.02397979,0.16519202,-0.24948433,-0.7561099,0.582037,-1.0,0
1763545075608,1009.80756,0.49351966,4.983053,11.897713,-0.22884522,0.012675445,-0.0059559317,31.800001,-25.143751,20.025002,46.950733,0.3361091,49.741684,0.02853565,0.29519626,0.9547071,0.024068156,0.16353403,-0.24741006,-0.7572407,0.58192044,-1.0,0
1763545075633,1009.80756,-0.25184458,4.7880383,8.505886,0.075670876,0.059559315,0.056352276,34.125,-23.04375,20.118752,46.950733,0.3361091,49.741684,0.028190041,0.29510468,0.9547488,0.023941651,0.16353007,-0.24726376,-0.7576995,0.5813863,-1.0,0
1763545075658,1009.7924,-0.19441684,4.814359,7.3633137,-0.118125975,0.13454297,0.10949751,33.73125,-25.81875,19.85625,46.950733,0.3361091,49.741684,0.026575925,0.2942719,0.9550998,0.021958718,0.16413428,-0.2456871,-0.75702995,0.582755,-1.0,0
1763545075684,1009.79315,0.1471586,4.7688956,7.219744,-0.33360854,0.06459895,0.10216714,33.487503,-24.956251,17.98125,46.950733,0.3361091,49.741684,0.026115967,0.2911803,0.9560822,0.020945605,0.1625636,-0.24298371,-0.75712687,0.58420104,-1.0,0
1763545075709,1009.79315,0.23389842,4.3064823,8.300702,-0.26656613,0.17394374,0.08735366,32.30625,-23.98125,21.300001,46.950733,0.3361091,49.741684,0.026479026,0.2871532,0.95729965,0.020477118,0.15972707,-0.24009448,-0.75784004,0.5852524,-1.0,0
1763545075734,1009.7846,0.2440679,4.273581,7.2658057,-0.08498656,0.22174391,0.13347395,32.4375,-23.56875,18.31875,46.950733,0.3361091,49.741684,0.02504775,0.28446427,0.95816594,0.01925431,0.15907538,-0.23715466,-0.7579365,0.5865023,-1.0,0
1763545075761,1009.7846,0.85842514,4.15394,6.6592255,0.013515383,0.05070178,0.12705988,32.34375,-24.6,20.400002,46.950733,0.3361091,49.741684,0.023232328,0.28358078,0.9585316,0.016103946,0.15985614,-0.23538016,-0.75643814,0.58893424,-1.0,0
1763545075786,1009.76215,1.0277174,4.3411784,5.892326,0.042836893,-0.004734202,-0.04016436,32.25,-24.468752,19.1625,46.950733,0.3361091,49.741684,0.024098637,0.28421664,0.95832616,0.015844556,0.15955459,-0.23643644,-0.7561803,0.588924,-1.0,0
1763545075811,1009.74774,0.74416786,4.45065,5.9994044,0.010155627,0.13133593,-0.05146536,35.2125,-23.6625,17.737501,46.950733,0.3361091,49.741684,0.024258777,0.28468874,0.958177,0.016146095,0.15972611,-0.23690453,-0.75625324,0.5885956,-1.0,0
1763545075836,1009.74774,0.31345975,4.79402,6.4923263,0.027107125,0.13377939,-0.06139191,34.66875,-23.23125,20.38125,46.950733,0.3361091,49.741684,0.02172761,0.28530854,0.9580494,0.01637859,0.16213545,-0.23576503,-0.75617623,0.58849335,-1.0,0
1763545075861,1009.75433,-0.5096712,5.3850474,7.057032,0.10713041,0.016493348,-0.033597562,32.925003,-24.0375,18.91875,46.950733,0.3361091,49.741684,0.021421595,0.28643617,0.9577151,0.01664989,0.16313258,-0.23641558,-0.75595886,0.5882361,-1.0,0
1763545075886,1009.7658,-0.07238288,6.0957155,8.27797,0.28672466,-0.16478078,0.17088942,32.081253,-25.125002,21.393751,46.950733,0.3361091,49.741684,0.022464797,0.28844756,0.95709425,0.016244238,0.16366023,-0.2385833,-0.75503093,0.588406,-1.0,0
1763545075911,1009.7658,0.40259242,6.256633,8.403593,0.37331474,-0.0980438,0.15897755,32.68125,-24.431252,20.212502,46.950733,0.3361091,49.741684,0.025683913,0.2946294,0.9551658,0.013862869,0.16512455,-0.24535693,-0.7518249,0.5893159,-1.0,0
1763545075936,1009.7695,0.73459655,6.558727,8.000402,0.384463,-0.19211698,0.08093958,33.862503,-24.431252,19.462502,46.950733,0.3361091,49.741684,0.027762176,0.29828072,0.95397794,0.013562426,0.16585287,-0.24946934,-0.75059116,0.58895737,-1.0,0
1763545075962,1009.7695,0.9194421,6.9822564,8.962915,0.09338595,-0.72952527,-0.17883067,30.581251,-24.656252,20.4375,46.950733,0.3361091,49.741684,0.032430243,0.30104777,0.9529332,0.015390514,0.16402791,-0.2545119,-0.7507721,0.5870773,-1.0,0
1763545075987,1009.78705,0.45583272,7.1168528,9.55813,-0.04253146,-0.5377137,-0.18906265,31.706251,-25.66875,20.38125,46.950733,0.3361091,49.741684,0.043124422,0.30169785,0.9521636,0.022432547,0.15620315,-0.26169047,-0.7544152,0.58135736,-1.0,0
1763545076012,1009.8017,0.2973082,7.0002027,10.017552,-0.22747077,-0.12079851,-0.11682789,30.018751,-24.581251,20.34375,46.950733,0.3361091,49.741684,0.04371802,0.29968467,0.9527338,0.024002431,0.15450941,-0.2604784,-0.7557703,0.58059365,-1.0,0
1763545076037,1009.8017,1.847259,6.634699,12.841681,-0.2325104,0.1348484,0.0024434591,31.06875,-24.468752,19.7625,46.950733,0.3361091,49.741684,0.042902358,0.29629055,0.95382684,0.024200035,0.1529915,-0.25733694,-0.7567832,0.581077,-1.0,0
1763545076063,1009.8227,2.1894326,6.3332033,12.161521,0.090942495,0.17119485,-0.06352994,31.7625,-24.656252,20.15625,46.950733,0.3361091,49.741684,0.041717514,0.29385215,0.9546425,0.023839727,0.15224975,-0.25477335,-0.75748605,0.58148557,-1.0,0
1763545076088,1009.8112,1.8514465,5.968896,9.771689,0.26870415,0.07284562,-0.18112141,31.781252,-25.1625,21.4125,46.950733,0.3361091,49.741684,0.03941987,0.29655293,0.95387393,0.025039218,0.15538803,-0.25564066,-0.7584277,0.5790422,-1.0,0
1763545076113,1009.8112,1.2783655,5.3312087,8.413164,0.111253746,0.004123337,-0.25824308,31.125002,-23.98125,21.88125,46.950733,0.3361091,49.741684,0.038900897,0.2975782,0.9535144,0.027279655,0.15637241,-0.25615177,-0.7596956,0.5768852,-1.0,0
1763545076138,1009.79755,-0.33379877,4.4745784,8.158329,-0.043142326,0.1375973,-0.041996952,32.04375,-24.6375,20.737501,46.950733,0.3361091,49.741684,0.037309464,0.29691237,0.9537351,0.02898945,0.15712164,-0.25467968,-0.7611038,0.57547545,-1.0,0
1763545076164,1009.7753,0.034097724,4.475775,7.285547,0.04130973,-0.03924806,0.15134175,30.112501,-24.075,20.60625,46.950733,0.3361091,49.741684,0.03638327,0.29646498,0.9539453,0.02780481,0.15743902,-0.2538271,-0.7608053,0.5761597,-1.0,0
1763545076189,1009.7753,1.1270195,4.6450667,4.8825545,0.065286174,-0.31169376,0.17394374,31.462502,-25.425001,20.081251,46.950733,0.3361091,49.741684,0.03873443,0.29751065,0.95357084,0.026261598,0.1562498,-0.25612292,-0.75957423,0.57709104,-1.0,0
1763545076215,1009.7421,1.1623136,4.691727,4.488337,-0.154167,-0.027336199,0.094378605,30.806252,-24.993752,20.118752,46.950733,0.3361091,49.741684,0.042239524,0.2981414,0.9532458,0.02549505,0.15396981,-0.25877744,-0.7587149,0.5776497,-1.0,0
1763545076240,1009.7421,0.9553344,4.8508496,4.895715,-0.41851872,0.523053,0.060475614,30.562502,-25.406252,21.712502,46.950733,0.3361091,49.741684,0.038348675,0.2935112,0.9549146,0.022773916,0.15427564,-0.25262323,-0.75790364,0.58134556,-1.0,0
1763545076265,1009.7243,0.7920243,5.0309095,6.3541408,-0.4400517,0.45417798,0.032375835,32.268753,-25.2,17.5125,46.950733,0.3361091,49.741684,0.034273606,0.28978702,0.95623976,0.021314131,0.15519226,-0.24711649,-0.75783163,0.5835581,-1.0,0
1763545076290,1009.72723,1.0648061,4.963312,6.9882383,0.23327398,-0.41309732,-0.02932151,33.91875,-24.16875,18.825,46.950733,0.3361091,49.741684,0.035184972,0.28880784,0.95649564,0.021636156,0.15387243,-0.2469235,-0.7582229,0.583481,-1.0,0
1763545076315,1009.72723,1.1712867,5.2019963,6.122037,0.20731224,-0.2784016,-0.023823727,31.837502,-23.41875,21.9375,46.950733,0.3361091,49.741684,0.039064154,0.29084167,0.955698,0.022945596,0.1521101,-0.250953,-0.75846744,0.58190405,-1.0,0
1763545076340,1009.7277,1.5918252,5.2630134,6.9535427,0.035964664,0.11362085,0.014355322,31.181252,-25.35,20.56875,46.950733,0.3361091,49.741684,0.04096153,0.29337457,0.9548356,0.023290647,0.1523066,-0.25406533,-0.7578201,0.58134514,-1.0,0
1763545076365,1009.7421,0.81595254,5.748158,8.782856,0.3426188,0.21991132,0.099723674,30.0375,-25.087502,21.28125,46.950733,0.3361091,49.741684,0.037573945,0.29436988,0.9547052,0.021739747,0.15555127,-0.2527236,-0.7567839,0.5824197,-1.0,0
1763545076391,1009.7421,1.0007981,6.239285,8.090134,0.679358,-0.34376416,0.17928882,32.15625,-24.112501,20.400002,46.950733,0.3361091,49.741684,0.03985274,0.303556,0.9517877,0.019120218,0.15948758,-0.26133928,-0.752995,0.5824637,-1.0,0
1763545076416,1009.7421,1.7682959,6.999604,7.0043902,0.5351939,-0.70875585,0.16126831,30.712502,-25.500002,19.706251,46.950733,0.3361091,49.741684,0.047098435,0.30852985,0.9498485,0.019466631,0.15704972,-0.26971152,-0.751527,0.5812041,-1.0,0
1763545076441,1009.7421,2.737389,6.8111696,10.349556,-0.25648686,0.36376998,-0.31352636,34.0875,-24.0375,19.725,46.950733,0.3361091,49.741684,0.051913746,0.30907494,0.94939524,0.020647917,0.1537241,-0.27311403,-0.7517458,0.5802205,-1.0,0
1763545076467,1009.7714,-0.12921242,7.0785675,10.580463,-0.27527094,0.7866411,-0.45952302,31.462502,-25.425001,19.612501,46.950733,0.3361091,49.741684,0.048175592,0.30692044,0.95025223,0.02235352,0.15520379,-0.2691335,-0.75364757,0.5792187,-1.0,0
1763545076492,1009.79266,-1.7108682,7.4195447,9.954143,-0.15477787,0.5196932,-0.28160867,31.743752,-24.656252,20.775002,46.950733,0.3361091,49.741684,0.033569112,0.3034184,0.95192194,0.025593739,0.16435306,-0.25725025,-0.7570279,0.5776842,-1.0,0
1763545076517,1009.79266,-0.5521438,6.690332,10.901102,-0.24167338,0.060322896,-0.041080657,31.125002,-25.593752,20.90625,46.950733,0.3361091,49.741684,0.032792978,0.3018952,0.95240796,0.02651465,0.16409788,-0.25551513,-0.75776535,0.57756007,-1.0,0
1763545076542,1009.8178,-1.5110675,5.92762,11.219945,-0.20441063,0.33780822,0.034361143,31.85625,-24.150002,20.118752,46.950733,0.3361091,49.741684,0.031796195,0.2996367,0.9531444,0.026882939,0.16345862,-0.25312927,-0.75856143,0.57774687,-1.0,0
1763545076567,1009.8227,-1.5170496,5.395217,10.975279,0.0009926553,0.25702137,0.239459,33.2625,-23.75625,19.95,46.950733,0.3361091,49.741684,0.026155049,0.2971652,0.9541905,0.023004293,0.16613726,-0.24776934,-0.7573114,0.5809374,-1.0,0
1763545076592,1009.8227,-0.20638095,5.444868,9.802198,0.17921245,-0.20158538,0.36132652,34.331253,-24.2625,19.706251,46.950733,0.3361091,49.741684,0.02872358,0.29832828,0.95381445,0.020327156,0.16477376,-0.2503486,-0.75555664,0.58250266,-1.0,0
1763545076617,1009.8132,1.3663018,5.374878,8.5423765,0.029092435,0.076358095,0.0923933,31.593752,-25.5375,19.462502,46.950733,0.3361091,49.741684,0.032804944,0.29935983,0.9533923,0.018726109,0.16216098,-0.2537642,-0.7544107,0.58324265,-1.0,0
1763545076642,1009.8132,0.28773692,5.2426744,8.001599,-0.09445497,0.5018254,0.010995566,30.768751,-25.25625,19.6875,46.950733,0.3361091,49.741684,0.03261085,0.29945076,0.9533927,0.017555557,0.1622838,-0.25376797,-0.7538736,0.583901,-1.0,0
1763545076667,1009.8066,-0.18544376,4.854439,7.9968133,-0.068035066,0.5432115,0.057726722,33.693752,-24.056252,16.837502,46.950733,0.3361091,49.741684,0.023153767,0.2979308,0.95420474,0.013944975,0.16863832,-0.24669813,-0.75238985,0.5870355,-1.0,0
1763545076692,1009.78485,0.21774685,4.2837505,5.8211393,0.38812822,0.12400555,0.20540328,33.9375,-24.16875,18.056252,46.950733,0.3361091,49.741684,0.020242557,0.29935446,0.9538554,0.011700345,0.17175056,-0.24601752,-0.7508276,0.5884174,-1.0,0
1763545076717,1009.78485,1.3345969,4.1868415,4.371687,0.32307112,0.06368265,0.15118903,32.175003,-24.862501,19.518751,46.950733,0.3361091,49.741684,0.01964221,0.30282378,0.9527977,0.009405885,0.17437118,-0.24836011,-0.7486148,0.589481,-1.0,0
1763545076743,1009.7524,1.8047864,4.0331025,4.572086,0.09888373,-0.047494736,-0.08384119,33.5625,-23.71875,20.23125,46.950733,0.3361091,49.741684,0.020224437,0.30702704,0.9514481,0.008481958,0.17662922,-0.2519459,-0.74679905,0.5895902,-1.0,0
1763545076768,1009.7387,1.3764713,3.9290147,4.989035,-0.046043932,-0.029779658,-0.30130905,32.7,-25.9125,18.431252,46.950733,0.3361091,49.741684,0.019942237,0.30673334,0.9515203,0.011226137,0.1766618,-0.2515425,-0.7485826,0.58748704,-1.0,0
1763545076793,1009.7387,-1.1575279,4.423731,5.556134,-0.21907139,0.60002196,-0.35384342,33.28125,-24.375002,20.1375,46.950733,0.3361091,49.741684,0.01588232,0.305363,0.95200175,0.013922884,0.178977,-0.24792343,-0.7506243,0.58571696,-1.0,0
1763545076818,1009.7402,-1.5523437,4.8993044,6.451648,-0.11339177,0.21930045,-0.14737113,32.568752,-25.06875,19.1625,46.950733,0.3361091,49.741684,0.0063234204,0.30267963,0.9529312,0.016341167,0.18486613,-0.23974873,-0.7525683,0.5847957,-1.0,0
1763545076844,1009.7402,-0.6376872,5.352146,7.6289167,0.123929195,-0.40698865,-0.0151189035,31.3875,-24.431252,19.10625,46.950733,0.3361091,49.741684,0.009762355,0.30377534,0.95252806,0.01776477,0.1829079,-0.2427333,-0.75306606,0.5835382,-1.0,0
1763545076869,1009.7536,-0.2219343,6.1842504,7.440482,0.24503313,-0.23426664,0.092087865,33.65625,-24.075,18.225,46.950733,0.3361091,49.741684,0.014333333,0.30623755,0.9516576,0.01900005,0.18090369,-0.24750905,-0.7531346,0.5820665,-1.0,0
1763545076894,1009.7619,0.33499518,6.8727846,7.6420774,0.043142326,-0.075289086,0.10461059,32.98125,-24.4125,20.175001,46.950733,0.3361091,49.741684,0.017657751,0.30911005,0.9506895,0.018129088,0.18025324,-0.25173315,-0.7515169,0.5825474,-1.0,0
1763545076919,1009.7619,0.357727,7.479964,8.837891,-0.1476002,-0.035124727,0.04016436,35.381252,-24.900002,19.0125,46.950733,0.3361091,49.741684,0.018127466,0.30798376,0.95105094,0.017873893,0.17926654,-0.25108984,-0.7514388,0.5832299,-1.0,0
1763545076944,1009.78046,0.23688944,7.984849,10.948958,-0.1211803,-0.23503022,-0.0772744,34.912502,-24.31875,19.03125,46.950733,0.3361091,49.741684,0.018955534,0.30641606,0.9515307,0.018417021,0.17770584,-0.25034124,-0.75199455,0.58331305,-1.0,0
1763545076969,1009.8056,0.036490545,7.710273,10.803595,-0.08651373,-0.2997819,-0.06169734,32.25,-24.468752,18.862501,46.950733,0.3361091,49.741684,0.020836256,0.30534375,0.9518071,0.019856827,0.1755989,-0.2506671,-0.7530441,0.58245647,-1.0,0
1763545076994,1009.8056,0.63529444,6.8422766,11.323435,-0.2042579,-0.28985533,0.06918044,32.90625,-25.7625,17.175001,46.950733,0.3361091,49.741684,0.02331926,0.30452678,0.9519788,0.021353172,0.17317049,-0.25157967,-0.75407904,0.5814503,-1.0,0
1763545077019,1009.8322,1.4344971,5.8803616,11.609377,-0.31039566,-0.059559315,0.1545488,33.46875,-24.225,19.5,46.950733,0.3361091,49.741684,0.0271503,0.299219,0.95357966,0.020412749,0.16669458,-0.2499641,-0.75510865,0.5827021,-1.0,0
1763545077045,1009.8322,2.6338995,5.2689953,11.105688,-0.25816673,-0.011759147,-0.008093959,31.7625,-25.3875,19.275002,46.950733,0.3361091,49.741684,0.026810195,0.29557997,0.9547583,0.018717634,0.16450058,-0.24703413,-0.75537485,0.58422816,-1.0,0
1763545077070,1009.83563,1.3447664,4.9663033,9.87159,-0.016264275,-0.13515383,-0.21639885,33.318752,-24.35625,17.962502,46.950733,0.3361091,49.741684,0.028332027,0.29221785,0.9557021,0.020963278,0.16081198,-0.24562877,-0.75845474,0.5818526,-1.0,0
1763545077096,1009.8205,0.276371,4.6785665,7.947162,0.06635518,-0.24923283,-0.120034926,32.04375,-24.0,19.1625,46.950733,0.3361091,49.741684,0.030300632,0.29256406,0.9554949,0.022753956,0.15940377,-0.2471888,-0.7596243,0.5800509,-1.0,0
1763545077121,1009.8205,1.8753748,4.436293,7.650452,-0.33849543,-0.05818487,0.016798781,31.518751,-25.9125,19.48125,46.950733,0.3361091,49.741684,0.032763693,0.29133496,0.9557746,0.023354312,0.15669617,-0.24778183,-0.7602583,0.57970494,-1.0,0
1763545077146,1009.79974,1.6881363,4.4404807,7.698907,-0.24167338,0.16707152,-0.12950334,32.625,-24.806252,19.462502,46.950733,0.3361091,49.741684,0.03352468,0.28812727,0.9567194,0.02338219,0.15404889,-0.2457848,-0.76112354,0.580129,-1.0,0
1763545077171,1009.7836,0.78065836,4.5361934,6.4181485,-0.083306685,0.25870124,-0.23716825,33.018753,-24.900002,20.34375,46.950733,0.3361091,49.741684,0.029060898,0.28511384,0.95771354,0.025501931,0.1555202,-0.24072373,-0.76353025,0.5786943,-1.0,0
1763545077197,1009.7836,0.8135597,4.712066,4.97408,-0.30535603,0.5905535,-0.2525926,33.075,-24.13125,17.212502,46.950733,0.3361091,49.741684,0.024299152,0.2843252,0.9580573,0.026362656,0.15880576,-0.23709074,-0.7641867,0.5784353,-1.0,0
1763545077221,1009.7502,0.3792624,4.7880383,6.1495543,-0.28672466,0.17883067,-0.35873035,32.68125,-24.431252,19.893751,46.950733,0.3361091,49.741684,0.01821207,0.2820113,0.95885533,0.027099635,0.16220404,-0.23141284,-0.76503426,0.57867134,-1.0,0
1763545077247,1009.7524,-0.064008005,4.9752765,7.494919,-0.037033677,-0.3045161,-0.34590217,32.25,-23.831251,17.4375,46.950733,0.3361091,49.741684,0.01751548,0.27942678,0.95940584,0.033976924,0.16123633,-0.22888635,-0.76950115,0.5740051,-1.0,0
1763545077272,1009.7524,-0.07597212,5.3653064,6.0711894,0.26045746,0.10537417,-0.15515965,32.15625,-24.862501,19.96875,46.950733,0.3361091,49.741684,0.01901555,0.2816037,0.95862883,0.03699352,0.16144133,-0.23151447,-0.77075297,0.57120717,-1.0,0
1763545077298,1009.7426,0.13220344,5.8935223,6.34098,0.1277471,0.047189303,-0.102014415,33.99375,-25.275002,18.4125,46.950733,0.3361091,49.741684,0.017683972,0.2842613,0.95782614,0.038104605,0.1642082,-0.23270766,-0.7706634,0.5700533,-1.0,0
1763545077323,1009.7426,0.44207397,6.1435723,7.565507,0.13171771,-0.28206682,-0.12064579,32.0625,-24.618752,19.35,46.950733,0.3361091,49.741684,0.01938701,0.2872511,0.9567914,0.0407576,0.16498156,-0.23594527,-0.77096707,0.56808513,-1.0,0
1763545077348,1009.75433,0.38644084,6.2775702,7.861619,0.14989094,-0.33108872,-0.12202024,34.3125,-25.237501,17.75625,46.950733,0.3361091,49.741684,0.02224995,0.28873622,0.95619494,0.042750183,0.16374959,-0.23885089,-0.7715917,0.5663767,-1.0,0
1763545077373,1009.78485,1.0953146,6.3451676,10.21137,0.09796744,0.0004581486,-0.10140356,33.112503,-24.50625,19.237501,46.950733,0.3361091,49.741684,0.023680944,0.28941303,0.9559054,0.043866828,0.16310795,-0.24024256,-0.7719523,0.56548125,-1.0,0
1763545077398,1009.78485,0.9445667,6.555736,10.375877,0.21067199,0.029168794,-0.15760311,33.09375,-24.525002,20.325,46.950733,0.3361091,49.741684,0.023197902,0.29216036,0.9549821,0.04597114,0.16510728,-0.24214752,-0.77278656,0.5629433,-1.0,0
1763545077423,1009.80853,0.43489552,6.719644,9.690333,0.20303617,0.1434005,-0.1962403,34.893753,-25.312502,17.081251,46.950733,0.3361091,49.741684,0.021553017,0.29407826,0.9543678,0.047281057,0.16755524,-0.24263512,-0.77321243,0.5614232,-1.0,0
1763545077448,1009.82294,-1.0881361,7.25444,9.93799,-0.21006113,0.45875946,-0.0632245,32.49375,-26.081251,20.775002,46.950733,0.3361091,49.741684,0.01703337,0.2944535,0.9543333,0.04748653,0.17135306,-0.24006486,-0.773218,0.5613741,-1.0,0
1763545077473,1009.82294,-1.0785648,6.707082,11.0686,-0.22273657,0.27366742,0.008552107,32.625,-26.19375,20.306252,46.950733,0.3361091,49.741684,0.012328656,0.2929407,0.9549019,0.046863325,0.17416216,-0.23586814,-0.7730495,0.5625196,-1.0,0
1763545077498,1009.8449,-1.1826526,5.9300127,11.264811,-0.085597426,0.1197295,0.068722285,34.125,-25.3875,17.94375,46.950733,0.3361091,49.741684,0.008292049,0.29002362,0.9559137,0.04523764,0.17543875,-0.23109241,-0.77290833,0.56429625,-1.0,0
1763545077523,1009.8449,-0.88235337,5.352146,10.645668,0.058108512,0.030390523,0.15882485,34.2,-25.650002,19.5,46.950733,0.3361091,49.741684,0.008222705,0.29022074,0.95592284,0.043771017,0.17552769,-0.2312698,-0.7722124,0.565148,-1.0,0
1763545077548,1009.8454,0.360718,4.6552362,8.95813,0.014278964,-0.2083049,0.11911863,36.412502,-25.031252,17.831251,46.950733,0.3361091,49.741684,0.009426435,0.29093716,0.9557572,0.042365618,0.17493594,-0.23266007,-0.771453,0.5657976,-1.0,0
1763545077573,1009.8388,0.2943172,4.4398823,9.5964155,-0.06589704,-0.0810923,0.034819294,34.143753,-25.9125,19.987501,46.950733,0.3361091,49.741684,0.012614779,0.2897319,0.95611453,0.041729014,0.17148064,-0.23387624,-0.77185374,0.56580746,-1.0,0
1763545077598,1009.8388,-0.4642076,4.5744786,9.005986,0.0112246405,0.21884231,0.068722285,32.8125,-26.04375,19.35,46.950733,0.3361091,49.741684,0.010761433,0.28954172,0.95624804,0.040490482,0.17267837,-0.2326637,-0.77149653,0.5664299,-1.0,0
1763545077624,1009.8232,-0.46839502,5.058427,6.6915283,0.09353867,0.03527744,0.22327107,34.0125,-26.550001,20.34375,46.950733,0.3361091,49.741684,0.008980192,0.29021886,0.9561531,0.038256627,0.17445011,-0.23210943,-0.7701274,0.56797546,-1.0,0
1763545077649,1009.7941,-0.43848476,4.8526444,6.1884375,0.012904518,-0.1678351,0.25488332,31.218752,-25.087502,20.85,46.950733,0.3361091,49.741684,0.011351333,0.29131296,0.95594585,0.034283865,0.17337967,-0.2343749,-0.7672479,0.5712605,-1.0,0
1763545077675,1009.7941,0.24047868,4.6642094,6.3343997,-0.058413945,-0.20402883,0.29489496,33.487503,-24.73125,21.225,46.950733,0.3361091,49.741684,0.013995593,0.29078278,0.95614606,0.032158185,0.17102917,-0.23558338,-0.765967,0.57318765,-1.0,0
1763545077700,1009.77216,0.4103691,4.421338,6.389435,-0.07261655,0.09086613,0.1886045,32.643753,-25.95,21.375,46.950733,0.3361091,49.741684,0.014889138,0.28999957,0.95644504,0.029856948,0.1698589,-0.23551945,-0.76471925,0.57522434,-1.0,0
1763545077725,1009.75604,0.253041,4.450052,5.948557,0.031841327,0.085215636,0.15317434,33.300003,-25.85625,18.056252,46.950733,0.3361091,49.741684,0.01438304,0.28971535,0.95664746,0.026149314,0.1700946,-0.2349674,-0.7625107,0.57830405,-1.0,0
1763545077750,1009.75604,0.30987054,4.645665,5.160122,0.017180571,-0.036651887,0.1036943,34.275,-25.25625,19.462502,46.950733,0.3361091,49.741684,0.015049513,0.29003233,0.95656455,0.025280386,0.1698357,-0.23558667,-0.76174855,0.5791321,-1.0,0
1763545077775,1009.7424,-0.907478,5.5573306,7.090532,-0.06666062,0.051923506,0.0594066,34.331253,-24.2625,19.706251,46.950733,0.3361091,49.741684,0.015823407,0.28937018,0.9567533,0.02525057,0.16889812,-0.23549718,-0.76167923,0.57953364,-1.0,0
1763545077801,1009.7424,-0.86859465,5.916852,7.2065835,0.11110103,-0.05650499,0.18585561,32.53125,-25.81875,20.75625,46.950733,0.3361091,49.741684,0.015345151,0.28895113,0.95690423,0.024617933,0.16908886,-0.23481305,-0.7612021,0.58038193,-1.0,0
1763545077826,1009.7453,0.040677983,6.178268,7.02772,0.16241367,-0.39614582,0.23533566,33.28125,-25.125002,20.025002,46.950733,0.3361091,49.741684,0.020319244,0.29176947,0.9560172,0.022109736,0.16718884,-0.23997954,-0.7584282,0.5824469,-1.0,0
1763545077851,1009.75287,1.180858,6.227321,7.8017983,0.015195262,-0.4790707,-0.04856375,31.781252,-25.9125,21.300001,46.950733,0.3361091,49.741684,0.025217662,0.2920347,0.95581794,0.022179944,0.16362691,-0.24320035,-0.7581095,0.58253735,-1.0,0
1763545077876,1009.75287,0.5491528,6.081957,11.339586,-0.15218168,0.3677406,-0.12980877,30.7875,-25.0125,21.525002,46.950733,0.3361091,49.741684,0.026702093,0.2903036,0.9562849,0.023021653,0.16139166,-0.24277952,-0.7589849,0.5821965,-1.0,0
1763545077901,1009.7839,-0.49830532,6.6741805,10.8454685,0.18272492,0.46853328,-0.07910699,33.018753,-26.268751,21.206251,46.950733,0.3361091,49.741684,0.018472234,0.2903399,0.9564788,0.022581123,0.16763702,-0.23777366,-0.75931257,0.5820704,-1.0,0
1763545077926,1009.7839,-0.6855437,7.5326056,9.370294,0.3937787,0.06780599,0.0010690134,34.29375,-25.031252,21.618752,46.950733,0.3361091,49.741684,0.017695058,0.29404882,0.9553641,0.022396168,0.17061017,-0.24014574,-0.75822556,0.5816495,-1.0,0
1763545077951,1009.79584,0.40977088,7.2029943,9.882956,0.1004109,-0.26816964,0.023060145,33.318752,-25.500002,21.28125,46.950733,0.3361091,49.741684,0.020052362,0.29698786,0.954393,0.023023117,0.17074735,-0.24382216,-0.7575519,0.5809572,-1.0,0
1763545077976,1009.8056,1.5493526,6.4875402,10.926227,-0.022220206,-0.14752385,-0.004734202,32.9625,-25.1625,20.681252,46.950733,0.3361091,49.741684,0.022548025,0.29804796,0.953993,0.023587039,0.16954462,-0.24616179,-0.75741696,0.5804986,-1.0,0
1763545078001,1009.8056,1.9238294,5.8857455,11.187044,-0.03810269,0.12751803,-0.1339321,31.1625,-27.35625,22.837502,46.950733,0.3361091,49.741684,0.022811102,0.2971072,0.95425045,0.024758656,0.16854063,-0.24573782,-0.758845,0.5791039,-1.0,0
1763545078026,1009.81586,0.4325027,5.144569,9.916455,0.04085158,0.063377224,-0.28115052,34.36875,-26.775002,22.78125,46.950733,0.3361091,49.741684,0.019663088,0.29674956,0.9543938,0.02618131,0.17059754,-0.24360503,-0.76025444,0.57755196,-1.0,0
1763545078051,1009.8222,0.40378883,4.549354,9.2488575,0.06391173,-0.20387612,-0.25518876,34.66875,-26.737501,22.743752,46.950733,0.3361091,49.741684,0.018381745,0.2968545,0.9543189,0.028546955,0.17152284,-0.24298231,-0.7620078,0.57522494,-1.0,0
1763545078076,1009.8222,0.6466603,4.1318064,8.614759,0.013515383,-0.109650224,-0.19853105,31.800001,-24.91875,23.1,46.950733,0.3361091,49.741684,0.020080594,0.29684085,0.9541251,0.033578705,0.16990815,-0.24423133,-0.76566494,0.5702978,-1.0,0
1763545078101,1009.7978,0.6329016,3.9870408,7.6947193,-0.052305296,0.03405571,-0.18661919,32.568752,-25.48125,23.681252,46.950733,0.3361091,49.741684,0.019345125,0.2960806,0.9543194,0.0351629,0.1698707,-0.2432733,-0.76712555,0.5687534,-1.0,0
1763545078127,1009.7773,0.2416751,4.243073,7.001399,-0.2589303,-0.106290475,-0.09483676,32.4375,-26.1,22.95,46.950733,0.3361091,49.741684,0.018827386,0.2943253,0.9548206,0.036547814,0.16909902,-0.24163477,-0.7685685,0.5677329,-1.0,0
1763545078152,1009.7773,0.081954174,4.3034916,7.222137,-0.2399935,-0.03894263,-0.0716239,31.087502,-24.993752,21.7875,46.950733,0.3361091,49.741684,0.01954014,0.28949696,0.95620155,0.038577918,0.16544282,-0.23836732,-0.77111524,0.5667371,-1.0,0
1763545078177,1009.75824,-0.061615184,4.421338,6.9302125,-0.099341884,0.056963142,-0.00763581,32.15625,-25.275002,23.7,46.950733,0.3361091,49.741684,0.01890608,0.28853053,0.9565085,0.0385242,0.16530767,-0.23723547,-0.7713866,0.56688213,-1.0,0
1763545078202,1009.75824,0.6789634,4.712664,5.0177493,0.19860741,-0.1924224,-0.0067195124,32.775,-25.312502,21.31875,46.950733,0.3361091,49.741684,0.018926295,0.28952923,0.9562193,0.038200878,0.16591756,-0.23802675,-0.77095324,0.5669619,-1.0,0
1763545078227,1009.73334,1.5595222,4.822136,5.386842,0.1834885,-0.48487392,-0.10797035,32.4375,-25.368752,23.831251,46.950733,0.3361091,49.741684,0.020851182,0.29148164,0.95556444,0.038734067,0.16568208,-0.24071927,-0.770657,0.5662963,-1.0,0
1763545078252,1009.7187,1.8000008,5.1140604,5.9952173,0.25954118,-0.6337722,-0.36987862,32.1375,-26.8875,22.875,46.950733,0.3361091,49.741684,0.030664029,0.2956667,0.9536914,0.045973375,0.16070265,-0.25006747,-0.7735488,0.5596992,-1.0,0
1763545078277,1009.7187,-1.4267205,5.495117,5.6446686,-0.03642281,0.16493349,-0.023365578,32.568752,-25.48125,23.681252,46.950733,0.3361091,49.741684,0.032263972,0.29795918,0.9527119,0.05022819,0.16095464,-0.25281203,-0.77528596,0.5559779,-1.0,0
1763545078303,1009.72015,-0.20398813,6.0861444,7.7443705,-0.14393501,0.23441936,0.25961754,31.9125,-25.66875,24.675001,46.950733,0.3361091,49.741684,0.030292055,0.29806954,0.9527454,0.05011399,0.1627421,-0.25155166,-0.7748479,0.55663943,-1.0,0
1763545078328,1009.7485,0.4336991,6.5425754,9.375677,0.0072540194,0.045509428,0.3338376,30.337502,-26.1,26.868752,46.950733,0.3361091,49.741684,0.02907778,0.2971062,0.9533876,0.043981705,0.16322967,-0.24994735,-0.7711936,0.56226575,-1.0,0
1763545078354,1009.7485,1.6408781,6.862017,9.720842,0.62208945,-0.06352994,0.27229297,32.30625,-26.737501,23.456251,46.950733,0.3361091,49.741684,0.031400453,0.299743,0.95262176,0.04098737,0.16300945,-0.25349513,-0.76885253,0.563945,-1.0,0
1763545078379,1009.75824,1.6049858,7.3902326,8.080562,0.50419253,0.07987057,0.13515383,31.9125,-25.66875,24.993752,46.950733,0.3361091,49.741684,0.033240955,0.3051703,0.95094293,0.038388718,0.16485675,-0.25895196,-0.76616114,0.56459117,-1.0,0
1763545078404,1009.75824,1.2999009,7.519445,8.670991,0.12606722,0.22983788,-0.021838415,31.368752,-26.00625,27.375002,46.950733,0.3361091,49.741684,0.033375856,0.30991662,0.9494708,0.036645163,0.16773388,-0.26273105,-0.7638901,0.5650749,-1.0,0
1763545078429,1009.7692,0.19142582,7.5026956,9.634102,-0.06436988,0.30436337,-0.11484258,30.73125,-26.41875,25.462502,46.950733,0.3361091,49.741684,0.028483445,0.31112078,0.94925606,0.03613093,0.17241634,-0.260538,-0.7631591,0.5656684,-1.0,0
1763545078454,1009.7922,0.11485548,6.9708905,10.403395,-0.2192241,0.09224058,-0.057879437,30.69375,-26.437502,27.6375,46.950733,0.3361091,49.741684,0.026200648,0.3100659,0.9496622,0.03625526,0.17356819,-0.25826615,-0.763486,0.5659167,-1.0,0
1763545078479,1009.7922,-0.16031912,6.281758,10.734202,-0.22655447,0.1188132,-0.10995566,31.462502,-25.612501,26.737501,46.950733,0.3361091,49.741684,0.024990825,0.30809474,0.9503226,0.036605563,0.17328112,-0.25596988,-0.76421493,0.5660642,-1.0,0
1763545078504,1009.8105,-0.465404,5.6578293,10.677373,-0.16714787,0.06459895,-0.08781181,31.368752,-26.23125,24.91875,46.950733,0.3361091,49.741684,0.02237388,0.30405468,0.9516319,0.03803791,0.1726014,-0.25131375,-0.7665673,0.5651767,-1.0,0
1763545078530,1009.81366,-0.40917268,4.987241,9.533006,-0.23205225,-0.035124727,0.040622506,34.875,-24.13125,24.431252,46.950733,0.3361091,49.741684,0.022159986,0.30250692,0.95211715,0.03835983,0.17168646,-0.25005051,-0.7674058,0.56487775,-1.0,0
1763545078555,1009.81366,-0.29312077,4.7078786,9.797412,-0.23785548,-0.004734202,0.08949169,31.406252,-26.60625,26.175001,46.950733,0.3361091,49.741684,0.022336805,0.30006957,0.95289046,0.038199015,0.1699315,-0.24832231,-0.76812357,0.56519514,-1.0,0
1763545078581,1009.8149,-0.31585258,4.7168517,9.309277,-0.09628756,0.023365578,0.15332706,31.706251,-25.218752,26.062502,46.950733,0.3361091,49.741684,0.022404766,0.2974869,0.95372653,0.037488032,0.168132,-0.24643876,-0.7686397,0.5658556,-1.0,0
1763545078606,1009.79315,0.076570325,4.7401814,6.878767,0.19967642,-0.012217295,0.31154105,32.643753,-25.612501,25.987501,46.950733,0.3361091,49.741684,0.022864122,0.296571,0.95413625,0.033865217,0.16698197,-0.24615881,-0.7672065,0.5682579,-1.0,0
1763545078631,1009.79315,0.6430711,4.5888357,5.7810597,0.2775617,-0.05329795,0.30970845,30.862501,-25.781252,25.406252,46.950733,0.3361091,49.741684,0.02383554,0.29825535,0.9536842,0.031017,0.16724491,-0.2480998,-0.7651404,0.5701191,-1.0,0
1763545078656,1009.7587,0.9499506,4.39741,4.814359,0.23083054,0.010079269,0.2480111,29.531252,-25.687502,27.393751,46.950733,0.3361091,49.741684,0.026169293,0.30298445,0.9522861,0.02582065,0.16840178,-0.25322962,-0.76073027,0.5734153,-1.0,0
1763545078682,1009.7587,0.8781659,4.2448673,4.7114677,0.055665053,0.052687086,0.011606431,32.943752,-24.937502,24.375002,46.950733,0.3361091,49.741684,0.026125025,0.30427462,0.95192033,0.02412736,0.16927963,-0.25418487,-0.75930053,0.5746279,-1.0,0
1763545078708,1009.7375,0.16390835,4.3908296,5.0512486,-0.036880963,-0.038789913,-0.13301581,30.88125,-24.806252,27.056252,46.950733,0.3361091,49.741684,0.025883488,0.30495122,0.95171905,0.02378263,0.16992167,-0.2545424,-0.7588575,0.5748653,-1.0,0
1763545078733,1009.72845,-1.0600204,4.599603,6.2554364,-0.11262819,-0.032375835,-0.15668681,30.13125,-24.88125,27.45,46.950733,0.3361091,49.741684,0.025597429,0.30391338,0.9519809,0.026716553,0.16959625,-0.25348702,-0.76066995,0.5730294,-1.0,0
1763545078758,1009.72845,-1.8448663,4.680959,7.0899334,-0.013515383,0.029779658,0.0481056,30.093752,-24.50625,25.893751,46.950733,0.3361091,49.741684,0.025003131,0.30375564,0.9520572,0.026354458,0.16999383,-0.25297183,-0.7604322,0.5734547,-1.0,0
1763545078783,1009.7375,0.0317049,5.791827,7.533802,0.13385575,-0.021532983,0.3271181,30.768751,-24.056252,25.63125,46.950733,0.3361091,49.741684,0.02551316,0.30444252,0.95188963,0.023874642,0.17004728,-0.25381115,-0.7587009,0.575358,-1.0,0
1763545078808,1009.7431,0.573081,6.5234327,8.201998,0.11323906,-0.110108376,0.25030184,30.35625,-23.34375,23.94375,46.950733,0.3361091,49.741684,0.026530096,0.30561098,0.95155597,0.020959023,0.1700005,-0.2553464,-0.7565785,0.57748336,-1.0,0
1763545078834,1009.7431,0.5946164,6.948757,8.763713,0.124234624,-0.29000807,0.13668099,30.806252,-25.181252,27.075,46.950733,0.3361091,49.741684,0.031415455,0.30783772,0.9507397,0.018520813,0.16764015,-0.26009184,-0.75426954,0.57907385,-1.0,0
1763545078858,1009.757,0.37088752,7.5882387,9.313464,-0.03825541,0.25411975,0.08567379,31.987501,-23.7,27.0375,46.950733,0.3361091,49.741684,0.033095885,0.30825406,0.95055884,0.017943064,0.16662842,-0.26144004,-0.75367653,0.5795306,-1.0,0
1763545078883,1009.757,-0.47976094,7.932805,9.353543,-0.055817768,0.22296564,0.09498947,28.931252,-23.53125,28.425001,46.950733,0.3361091,49.741684,0.031026645,0.30804935,0.9507227,0.01640821,0.16815424,-0.25996384,-0.7527626,0.5809401,-1.0,0
1763545078908,1009.7714,-0.1585245,7.9860454,9.271589,-0.05261073,-0.20723587,0.14935644,29.75625,-23.8125,27.88125,46.950733,0.3361091,49.741684,0.031181602,0.30743715,0.9509497,0.01430715,0.16786201,-0.25944602,-0.7511534,0.5833341,-1.0,0
1763545078933,1009.78876,2.0063818,6.4977098,11.835499,-0.26229006,-0.4497492,0.113162704,31.181252,-23.400002,25.85625,46.950733,0.3361091,49.741684,0.03554283,0.3051658,0.95152193,0.014715926,0.16312964,-0.26034242,-0.75165045,0.583637,-1.0,0
1763545078959,1009.78876,1.774278,5.6374903,13.205988,-0.37636906,0.62964886,-0.005497783,30.093752,-23.118752,25.031252,46.950733,0.3361091,49.741684,0.036211424,0.30061188,0.9529434,0.014836729,0.15968215,-0.25725546,-0.7530114,0.5842046,-1.0,0
1763545078985,1009.81976,1.5732809,5.4813585,11.975479,0.020693045,0.834594,0.06963859,32.86875,-23.081251,25.050001,46.950733,0.3361091,49.741684,0.023376217,0.29625982,0.95476955,0.009939847,0.1664318,-0.24620476,-0.7526828,0.58749664,-1.0,0
1763545079010,1009.80975,1.7144574,5.5459647,9.613165,0.36888596,0.20876303,0.080176,30.243752,-23.85,24.750002,46.950733,0.3361091,49.741684,0.02197187,0.29925045,0.9538844,0.008422519,0.16920917,-0.24779394,-0.7514841,0.5875696,-1.0,0
1763545079035,1009.80975,2.035694,5.03749,7.463214,0.08391755,-0.38255405,-0.111635536,27.843752,-24.618752,27.675001,46.950733,0.3361091,49.741684,0.026626348,0.30261195,0.9526912,0.009827716,0.16758905,-0.253371,-0.7515939,0.58551145,-1.0,0
1763545079060,1009.7939,1.6223338,4.5888357,7.9011,-0.13553563,0.102472566,-0.1443168,29.306252,-23.23125,27.281252,46.950733,0.3361091,49.741684,0.029169997,0.3020444,0.95276207,0.012755885,0.16509248,-0.25460982,-0.75382257,0.582812,-1.0,0
1763545079086,1009.78436,0.9493524,4.582854,7.9447694,-0.094760396,0.216857,-0.14782928,28.968752,-24.243752,25.837502,46.950733,0.3361091,49.741684,0.026932083,0.30101982,0.9531428,0.013432818,0.16609292,-0.2524904,-0.75480497,0.58217794,-1.0,0
1763545079111,1009.78436,-0.20338993,4.723432,5.075775,0.14546217,-0.29367325,-0.068722285,29.493752,-25.312502,25.837502,46.950733,0.3361091,49.741684,0.027795967,0.30185446,0.95282847,0.0151372235,0.16586383,-0.25372812,-0.7557825,0.5804344,-1.0,0
1763545079136,1009.75824,0.32662028,4.731209,4.7078786,-0.08040508,-0.20189081,0.020616686,29.362501,-22.85625,28.331251,46.950733,0.3361091,49.741684,0.030208642,0.30325878,0.9522841,0.016630473,0.16489065,-0.25629964,-0.7561853,0.5790556,-1.0,0
1763545079163,1009.75824,0.7537391,4.7078786,5.988637,-0.25022548,-0.029168794,0.025503604,30.562502,-24.206251,26.906252,46.950733,0.3361091,49.741684,0.032413706,0.30065376,0.9530308,0.016998798,0.16172847,-0.25551367,-0.7565807,0.5797778,-1.0,0
1763545079188,1009.7382,0.9020941,4.9716873,6.678966,0.042684175,0.017104214,-0.013897174,28.95,-22.7625,27.45,46.950733,0.3361091,49.741684,0.032084476,0.29931974,0.95346546,0.016789386,0.1611453,-0.2542713,-0.756815,0.5801804,-1.0,0
1763545079213,1009.73553,0.5341976,5.3126645,6.1603217,0.08956805,-0.029016078,-0.055130545,28.893751,-23.025002,27.16875,46.950733,0.3361091,49.741684,0.0319936,0.29970932,0.95334566,0.01681835,0.16143595,-0.2545343,-0.7567915,0.58001494,-1.0,0
1763545079239,1009.73553,0.28235307,5.5908303,6.426523,0.031230463,-0.09468404,-0.026267186,28.237501,-23.34375,28.48125,46.950733,0.3361091,49.741684,0.03298538,0.3011779,0.95282966,0.017874358,0.1616888,-0.25622815,-0.7567836,0.5792085,-1.0,0
1763545079265,1009.73846,0.86201435,5.869594,7.8012,0.131565,-0.12217296,0.054825112,28.1625,-23.081251,26.475,46.950733,0.3361091,49.741684,0.034467574,0.30162832,0.95262975,0.018135091,0.16087203,-0.25746423,-0.7566485,0.5790643,-1.0,0
1763545079291,1009.7436,1.0319048,6.0711894,8.129615,0.19295691,0.07024945,0.03894263,29.362501,-22.85625,28.031252,46.950733,0.3361091,49.741684,0.035424147,0.30468938,0.9516363,0.017260386,0.16205163,-0.26044142,-0.75527805,0.5791931,-1.0,0
1763545079316,1009.7436,0.34636107,6.3774705,8.056036,0.24365869,0.159283,0.020769402,31.2,-22.650002,25.66875,46.950733,0.3361091,49.741684,0.03410523,0.30701154,0.95095134,0.016501976,0.16454437,-0.2614276,-0.7542375,0.5794019,-1.0,0
1763545079342,1009.7536,1.2370893,6.853044,8.880363,0.16500984,-0.1915061,0.05742129,29.531252,-24.31875,26.550001,46.950733,0.3361091,49.741684,0.034398332,0.30918872,0.9502451,0.015917754,0.16573045,-0.26327616,-0.75319064,0.5795886,-1.0,0
1763545079367,1009.7746,1.3220345,6.972087,9.606585,0.066507906,0.04367683,-0.020005822,28.9125,-23.53125,29.19375,46.950733,0.3361091,49.741684,0.03638325,0.31074238,0.9496645,0.015899861,0.16516903,-0.2657137,-0.7526748,0.57930654,-1.0,0
1763545079393,1009.7746,0.46121657,7.257431,9.811171,0.061162837,0.4470003,-0.01970039,27.018751,-22.85625,28.275002,46.950733,0.3361091,49.741684,0.032035857,0.3119714,0.9494383,0.014646635,0.16927741,-0.26400307,-0.75184375,0.5799815,-1.0,0
1763545079418,1009.7878,0.19381863,7.6223364,8.794222,0.11980586,0.284663,0.04886918,28.2,-22.85625,27.993752,46.950733,0.3361091,49.741684,0.029489167,0.3131937,0.94913757,0.013342232,0.17207737,-0.26334253,-0.75069374,0.5809467,-1.0,0
1763545079443,1009.8034,2.3108685,6.8045893,9.373882,-0.4641809,-0.23533566,-0.205556,27.843752,-22.5,26.625002,46.950733,0.3361091,49.741684,0.031806335,0.3129154,0.94914496,0.014004934,0.17020203,-0.26449752,-0.7508699,0.58074665,-1.0,0
1763545079468,1009.8034,1.0486546,5.5040903,10.984252,-0.70363986,0.51144654,-0.45203993,30.0375,-21.675001,28.2,46.950733,0.3361091,49.741684,0.027814467,0.30241433,0.9525741,0.019353613,0.16667353,-0.25386614,-0.75712126,0.57839376,-1.0,0
1763545079493,1009.82635,-1.5918252,4.816752,11.624332,-0.5029708,0.8591813,-0.40118545,30.768751,-21.9375,25.050001,46.950733,0.3361091,49.741684,0.018460706,0.29746804,0.9543282,0.020730032,0.17070511,-0.24431084,-0.7598303,0.5777802,-1.0,0
1763545079518,1009.82635,-1.0743774,4.886742,7.880163,0.13217586,-0.1782198,0.103236146,29.212502,-22.35,25.85625,46.950733,0.3361091,49.741684,0.013560804,0.29637155,0.9547537,0.020624053,0.17370592,-0.24051248,-0.76046205,0.5776482,-1.0,0
1763545079544,1009.8095,0.0059820567,4.9118667,6.553343,-0.03291034,-0.27336198,0.10873393,32.11875,-22.425001,26.025002,46.950733,0.3361091,49.741684,0.01774466,0.296948,0.95451576,0.020166298,0.17075889,-0.24358651,-0.76006055,0.57776725,-1.0,0
1763545079569,1009.79535,0.13220344,4.779663,7.0115685,-0.3409389,-0.031306818,0.06811142,29.250002,-22.743752,27.4125,46.950733,0.3361091,49.741684,0.018147053,0.29385677,0.95547426,0.019693587,0.16854475,-0.24139962,-0.76046145,0.5788068,-1.0,0
1763545079595,1009.79535,0.106480606,4.447061,8.258827,-0.24442227,0.15164718,0.09544762,29.437502,-21.84375,27.0375,46.950733,0.3361091,49.741684,0.016073784,0.28978258,0.95678055,0.018403042,0.16761391,-0.23693436,-0.7607322,0.5805637,-1.0,0
1763545079620,1009.7885,0.25722843,4.254439,7.494919,0.050319985,-0.14126249,0.07819069,28.575,-21.7875,25.893751,46.950733,0.3361091,49.741684,0.01638418,0.28759673,0.957464,0.016804922,0.16587394,-0.23551251,-0.7606137,0.58179593,-1.0,0
1763545079646,1009.7885,0.0849452,4.188636,6.196214,0.18700098,-0.31367907,0.07086031,30.618752,-21.84375,26.2875,46.950733,0.3361091,49.741684,0.019508325,0.2891823,0.9569244,0.016991455,0.16438025,-0.23871766,-0.7603829,0.581215,-1.0,0
1763545079672,1009.7741,-0.68853474,4.473382,5.6297135,-0.13691007,0.2547306,0.16355905,27.843752,-22.5,27.093752,46.950733,0.3361091,49.741684,0.020809697,0.28980234,0.956718,0.01649961,0.16378383,-0.239986,-0.7598232,0.58159286,-1.0,0
1763545079697,1009.75507,-0.48933223,4.746762,6.463612,-0.06849321,0.15057817,0.21609342,29.156252,-21.112501,26.400002,46.950733,0.3361091,49.741684,0.018729832,0.28871682,0.9571236,0.014359169,0.16481484,-0.23779047,-0.7586244,0.5837644,-1.0,0
1763545079722,1009.75507,-0.20279172,5.163711,6.558129,0.13125958,-0.19226968,0.20036365,28.781252,-22.1625,26.812502,46.950733,0.3361091,49.741684,0.019935684,0.28944674,0.9569263,0.01073322,0.16443242,-0.23903726,-0.7559498,0.5868246,-1.0,0
1763545079747,1009.7526,-0.09032906,5.669195,6.4325056,0.15462515,-0.28817546,0.17348559,28.2,-20.71875,26.475,46.950733,0.3361091,49.741684,0.02299629,0.29104915,0.95637995,0.009946087,0.16312972,-0.24213037,-0.7547971,0.58740354,-1.0,0
1763545079772,1009.75555,-0.13758731,5.9413786,8.611171,-0.055665053,0.05742129,0.20647229,28.462502,-20.19375,25.968752,46.950733,0.3361091,49.741684,0.024684424,0.29137272,0.9562505,0.008813596,0.16211411,-0.24336477,-0.75373864,0.5885327,-1.0,0
1763545079797,1009.75555,0.22552353,6.3014984,9.246465,0.060093824,0.045967575,0.23884813,30.0375,-21.900002,25.743752,46.950733,0.3361091,49.741684,0.02472066,0.291432,0.9562615,0.004497737,0.16219027,-0.24338864,-0.75089544,0.5921253,-1.0,0
1763545079822,1009.7751,0.7615158,6.643672,9.377472,0.11186461,-0.20983206,0.16951497,27.91875,-22.10625,26.2875,46.950733,0.3361091,49.741684,0.027140038,0.29246625,0.9558843,0.0034971046,0.16096155,-0.2456918,-0.7499293,0.59273344,-1.0,0
1763545079847,1009.7751,0.7495517,6.9128647,9.533604,0.057344932,-0.21166465,0.08170316,27.35625,-20.325,29.025002,46.950733,0.3361091,49.741684,0.02937676,0.2930176,0.9556499,0.003309917,0.15956897,-0.24750765,-0.7495967,0.5927753,-1.0,0
1763545079872,1009.79,0.0077766734,7.920841,9.659226,-0.20715952,0.15851942,-0.0044287695,28.368752,-21.956251,27.91875,46.950733,0.3361091,49.741684,0.0271553,0.29084244,0.95638233,0.00246319,0.16013771,-0.24430037,-0.7491895,0.5944647,-1.0,0
1763545079897,1009.80536,0.040677983,7.631908,10.152148,-0.26977316,-0.011453714,0.007941242,29.775002,-18.91875,24.35625,46.950733,0.3361091,49.741684,0.0270975,0.2885969,0.95706373,0.0025596311,0.15888818,-0.24243963,-0.7495232,0.59514076,-1.0,0
1763545079922,1009.80536,2.0590239,5.9318075,11.921042,-0.36980227,-0.41126472,-0.0042760535,30.375002,-19.48125,24.956251,46.950733,0.3361091,49.741684,0.029986901,0.28552213,0.9578968,0.003406057,0.15475044,-0.24181484,-0.7506072,0.5951191,-1.0,0
1763545079948,1009.8305,2.714059,4.8843493,12.891332,-0.32307112,-0.11713332,-0.100181825,28.48125,-19.556252,23.925001,46.950733,0.3361091,49.741684,0.033906475,0.28187916,0.9588394,0.0046345517,0.14932345,-0.24147047,-0.75233406,0.5944644,-1.0,0
1763545079973,1009.8542,1.5906289,4.089334,12.379867,-0.06864593,0.28939718,-0.12568542,28.893751,-19.63125,24.806252,46.950733,0.3361091,49.741684,0.03243001,0.2770508,0.9602884,0.006111083,0.14691418,-0.23711826,-0.75576884,0.59245646,-1.0,0
1763545079998,1009.8542,0.86560357,3.9284165,10.472787,0.23037238,0.28237224,0.036346454,30.018751,-18.91875,27.581251,46.950733,0.3361091,49.741684,0.029987248,0.27850825,0.95995307,0.0049040145,0.14947036,-0.23690648,-0.75541407,0.5923542,-1.0,0
1763545080023,1009.83734,2.524428,4.1575294,6.742376,0.38461575,-0.34544402,0.00320704,27.525002,-19.800001,26.04375,46.950733,0.3361091,49.741684,0.031097542,0.28202927,0.9588946,0.0036782993,0.15060921,-0.24046709,-0.75426126,0.5921,-1.0,0
1763545080048,1009.80707,2.0416758,4.0301113,6.0634127,0.106672265,-0.25121814,-0.15164718,28.125002,-19.612501,27.206251,46.950733,0.3361091,49.741684,0.03708604,0.28641412,0.9573676,0.0062362514,0.14846501,-0.24772277,-0.75505203,0.58863235,-1.0,0
1763545080073,1009.80707,1.3304094,4.205984,6.311668,-0.15966478,0.15027274,-0.17852524,26.1,-20.19375,27.300001,46.950733,0.3361091,49.741684,0.035479624,0.28502792,0.9578335,0.0074308855,0.1488376,-0.24565642,-0.75622636,0.5878962,-1.0,0
1763545080099,1009.7856,0.8063812,4.6462636,6.1250277,0.120264,0.12583815,-0.13988803,28.743752,-19.5375,26.362501,46.950733,0.3361091,49.741684,0.03259652,0.28385824,0.9582788,0.007984427,0.15035939,-0.24296108,-0.7569566,0.58768934,-1.0,0
1763545080124,1009.7548,0.6879365,5.0303116,4.558327,0.22227842,-0.045967575,-0.16676609,29.400002,-19.96875,24.91875,46.950733,0.3361091,49.741684,0.031242477,0.28741598,0.9572393,0.0104406,0.15370847,-0.24486268,-0.7574687,0.5853693,-1.0,0
1763545080149,1009.7548,0.6257231,5.328816,4.241876,0.03733911,-0.16859868,-0.20311254,28.706251,-18.825,28.800001,46.950733,0.3361091,49.741684,0.032326397,0.28829873,0.9569096,0.01276145,0.15358344,-0.24611638,-0.7582273,0.58389235,-1.0,0
1763545080175,1009.738,0.7046863,5.532206,6.5342007,-0.15630503,0.032375835,-0.20097451,27.16875,-20.587502,28.44375,46.950733,0.3361091,49.741684,0.032575596,0.28744528,0.95712554,0.014989655,0.15302303,-0.24549933,-0.75938886,0.58278865,-1.0,0
1763545080201,1009.738,0.63230336,5.5896335,7.3322067,-0.0692568,0.07513637,-0.20586143,28.556252,-20.4375,26.8875,46.950733,0.3361091,49.741684,0.030554017,0.2859994,0.957564,0.018492833,0.15387517,-0.24300542,-0.761512,0.5808359,-1.0,0
1763545080226,1009.7431,0.5180461,5.669195,7.688139,0.11919499,-0.031154104,-0.17470732,26.5125,-19.650002,26.906252,46.950733,0.3361091,49.741684,0.03040611,0.28726563,0.95715606,0.020154709,0.15482669,-0.2438745,-0.7621106,0.57943195,-1.0,0
1763545080251,1009.7409,0.30209386,5.877969,6.7926254,0.28870997,-0.035124727,-0.08781181,27.393751,-19.6875,26.5125,46.950733,0.3361091,49.741684,0.03119136,0.29007217,0.9562503,0.021691862,0.15600485,-0.24653044,-0.76224506,0.5778129,-1.0,0
1763545080277,1009.7409,0.21655045,5.953343,7.179066,0.14408773,0.09728022,0.0003054324,26.437502,-19.9125,28.0125,46.950733,0.3361091,49.741684,0.030438522,0.2945725,0.95488596,0.022211622,0.15958288,-0.24946494,-0.7610624,0.57713485,-1.0,0
1763545080302,1009.73773,0.3152544,6.0364933,8.629117,0.07063124,0.07009673,0.07742711,30.393751,-20.23125,23.75625,46.950733,0.3361091,49.741684,0.029985886,0.29534152,0.9546836,0.02129379,0.16047186,-0.24974899,-0.7602031,0.5778974,-1.0,0
1763545080327,1009.7563,1.4015958,6.562316,9.732208,0.16119194,-0.064140804,0.033902995,26.8875,-19.237501,26.38125,46.950733,0.3361091,49.741684,0.03110344,0.29652455,0.95429766,0.020535087,0.16031076,-0.2513856,-0.75948274,0.57817966,-1.0,0
1763545080352,1009.7563,0.948156,6.899704,9.356535,0.03214676,0.25641048,-0.10384701,27.656252,-18.91875,28.143751,46.950733,0.3361091,49.741684,0.031949464,0.29790807,0.95384353,0.020311018,0.16046636,-0.25302282,-0.7590882,0.57794034,-1.0,0
1763545080377,1009.7802,-0.4989035,7.289136,9.439685,-0.12927426,0.43157595,-0.12064579,29.025002,-19.518751,26.79375,46.950733,0.3361091,49.741684,0.025100613,0.2973556,0.95421946,0.020369008,0.16552673,-0.24829678,-0.7593145,0.5782656,-1.0,0
1763545080402,1009.7802,-0.7190432,7.50449,9.850653,-0.19326234,0.26740605,-0.032681264,26.6625,-20.38125,26.94375,46.950733,0.3361091,49.741684,0.022231447,0.29579765,0.95478153,0.020044506,0.16689439,-0.24522795,-0.7593331,0.579157,-1.0,0
1763545080427,1009.79364,0.5306084,6.2081785,11.519647,-0.29970554,-0.022143848,-0.045051277,30.656252,-18.956251,23.34375,46.950733,0.3361091,49.741684,0.022281246,0.29347482,0.955491,0.020323409,0.16548164,-0.24339218,-0.75988716,0.5796098,-1.0,0
1763545080452,1009.81586,-0.18185452,5.1146584,11.771491,-0.17768529,0.19104797,-0.08307761,28.031252,-18.6375,27.31875,46.950733,0.3361091,49.741684,0.020221898,0.2885343,0.9570225,0.021142522,0.16379397,-0.23839575,-0.762128,0.5792236,-1.0,0
1763545080477,1009.81586,-0.7465607,4.88734,10.396814,0.012293654,0.27214026,0.018936807,28.500002,-18.581251,26.175001,46.950733,0.3361091,49.741684,0.017535662,0.28819475,0.95719653,0.020277167,0.1655211,-0.2365723,-0.7621267,0.57948184,-1.0,0
1763545080502,1009.82245,0.3260221,5.0566325,7.87119,0.020998476,-0.1470657,0.09071342,27.468752,-20.04375,26.062502,46.950733,0.3361091,49.741684,0.017198961,0.28861958,0.95709705,0.019188132,0.16597097,-0.2367503,-0.7615627,0.5800217,-1.0,0
1763545080527,1009.80536,0.33559337,4.8412786,7.564909,-0.0561232,-0.28130323,-0.0036651888,31.031252,-19.800001,25.81875,46.950733,0.3361091,49.741684,0.01876493,0.28869087,0.9570544,0.018772049,0.16476442,-0.23779662,-0.76133007,0.58024305,-1.0,0
1763545080555,1009.80536,-0.14356937,4.4805603,7.2436724,-0.120264,-0.23732096,-0.021991132,29.718752,-20.681252,24.468752,46.950733,0.3361091,49.741684,0.023454195,0.28690293,0.9574533,0.020489482,0.15996517,-0.239321,-0.7627457,0.579099,-1.0,0
1763545080580,1009.7924,-0.65982085,4.210171,6.9678993,-0.17676899,0.009468404,0.08155045,27.675001,-19.66875,27.243752,46.950733,0.3361091,49.741684,0.023388527,0.28518885,0.9579812,0.01980494,0.1589522,-0.23793682,-0.7627312,0.57996666,-1.0,0
1763545080605,1009.7758,0.17587246,4.0624146,6.641279,-0.03489565,0.032681264,0.318566,29.23125,-17.868752,26.062502,46.950733,0.3361091,49.741684,0.02251856,0.28323764,0.9586802,0.014199777,0.15842484,-0.23586483,-0.7597845,0.58480495,-1.0,0
1763545080631,1009.7758,0.82612205,4.159324,6.5252275,0.06436988,-0.1434005,0.26267186,28.050001,-17.868752,26.343752,46.950733,0.3361091,49.741684,0.024632867,0.28372562,0.95851237,0.0121236965,0.15705884,-0.23757002,-0.75839496,0.586285,-1.0,0
1763545080656,1009.7658,0.0951147,4.686941,6.094519,0.09369139,0.16462806,0.1621846,28.800001,-19.1625,26.79375,46.950733,0.3361091,49.741684,0.025486607,0.28470984,0.9582161,0.010613288,0.15699813,-0.23887414,-0.75723314,0.5872723,-1.0,0
1763545080681,1009.7658,0.24227329,4.9776692,6.663413,0.14775293,0.020769402,0.16478078,27.73125,-18.65625,27.0375,46.950733,0.3361091,49.741684,0.024410618,0.28565517,0.9579826,0.008639468,0.15847304,-0.23891637,-0.7557138,0.588814,-1.0,0
1763545080706,1009.7541,0.59700924,5.237889,7.137192,0.3013854,-0.30619597,0.07819069,29.062502,-19.5,24.937502,46.950733,0.3361091,49.741684,0.027707567,0.28996623,0.95660937,0.007097938,0.15867427,-0.24427567,-0.75343055,0.5894864,-1.0,0
1763545080731,1009.7524,-0.5413761,5.4705906,7.09113,0.19540037,-0.031306818,0.0016798781,28.44375,-18.075,26.306252,46.950733,0.3361091,49.741684,0.030899087,0.29334494,0.95547295,0.008084993,0.15831423,-0.24888274,-0.75306684,0.5881193,-1.0,0
1763545080756,1009.7524,-0.6364908,5.701498,7.908279,0.04864011,0.2075413,0.15607595,29.906252,-18.806252,26.962502,46.950733,0.3361091,49.741684,0.031102918,0.29529542,0.95486486,0.008139937,0.15943813,-0.25049207,-0.7524608,0.5879082,-1.0,0
1763545080781,1009.7636,0.46002015,6.07418,8.870791,0.053068876,-0.015577052,0.19120067,28.556252,-19.6875,26.7,46.950733,0.3361091,49.741684,0.029857418,0.29626492,0.9546283,0.004525852,0.16112815,-0.25040385,-0.7497626,0.59092444,-1.0,0
1763545080806,1009.7812,1.0677971,6.500701,10.2347,0.090942495,-0.30543238,0.098196514,28.875002,-18.150002,25.800001,46.950733,0.3361091,49.741684,0.03301086,0.29700193,0.95429575,0.0044480474,0.15909855,-0.25295758,-0.74950343,0.59071547,-1.0,0
1763545080831,1009.7812,0.25124636,7.252047,9.946963,0.17127122,0.12935062,0.09269873,28.3875,-18.337502,26.325,46.950733,0.3361091,49.741684,0.034152348,0.2982158,0.953878,0.0042039724,0.15890837,-0.25465107,-0.749147,0.5904911,-1.0,0
1763545080857,1009.79974,0.36909288,7.442875,9.268599,0.09720386,0.17363831,0.13545926,26.925001,-18.768751,30.056252,46.950733,0.3361091,49.741684,0.031806696,0.30073437,0.9531767,0.0012190741,0.16239108,-0.25511166,-0.74655616,0.59262216,-1.0,0
1763545080883,1009.79974,1.0911272,7.2993054,9.690931,-0.05535962,-0.05589413,0.12507457,28.66875,-18.31875,27.843752,46.950733,0.3361091,49.741684,0.032681473,0.300366,0.95326394,0.00025333263,0.16155365,-0.25531986,-0.74584544,0.59365547,-1.0,0
1763545080908,1009.80316,2.5064816,6.170491,11.349157,-0.08300125,0.020769402,-0.067195125,29.025002,-19.518751,26.79375,46.950733,0.3361091,49.741684,0.034550983,0.299076,0.95360357,0.00025967453,0.15926269,-0.25549093,-0.74617296,0.5937893,-1.0,0
1763545080933,1009.81854,1.9914266,5.9342003,10.326226,-0.00923933,0.20005822,-0.17760894,28.087502,-19.63125,29.062502,46.950733,0.3361091,49.741684,0.034514885,0.29804048,0.95392877,0.0007129441,0.15849878,-0.25474995,-0.7470525,0.5932058,-1.0,0
1763545080958,1009.81854,1.4267205,5.759524,9.318848,-0.05108357,0.16523892,-0.20479241,27.45,-17.925001,26.1,46.950733,0.3361091,49.741684,0.030652657,0.29712233,0.95434266,0.002975609,0.16070852,-0.25178173,-0.7493524,0.59097356,-1.0,0
1763545080984,1009.81464,0.6466603,5.070391,7.962117,-0.0074067353,-0.12568542,-0.1517999,26.625002,-18.28125,28.368752,46.950733,0.3361091,49.741684,0.030714106,0.2965016,0.95452553,0.004946705,0.16020153,-0.25138023,-0.7508921,0.5893254,-1.0,0
1763545081009,1009.79584,0.40917268,4.7862434,6.8428745,-0.069867656,-0.0962112,-0.01924224,27.0375,-18.375,28.95,46.950733,0.3361091,49.741684,0.03152138,0.29632485,0.9545436,0.0066751093,0.15939657,-0.25178313,-0.75212675,0.5877953,-1.0,0
1763545081035,1009.79584,1.5744773,4.785047,7.216753,-0.16210824,-0.10583232,0.049480047,28.087502,-18.2625,28.368752,46.950733,0.3361091,49.741684,0.033518996,0.29415265,0.9551447,0.007022866,0.15647876,-0.25132394,-0.7528208,0.58788735,-1.0,0
1763545081060,1009.77216,0.9098708,4.685147,6.66102,-0.057955798,0.21823144,-0.16905683,28.968752,-18.28125,27.337502,46.950733,0.3361091,49.741684,0.033498332,0.29291376,0.9555214,0.007629701,0.15568003,-0.25036845,-0.7535992,0.58750963,-1.0,0
1763545081085,1009.75165,0.19322042,4.6002016,5.9007006,0.050778136,0.30665413,-0.15271619,28.687502,-18.31875,27.075,46.950733,0.3361091,49.741684,0.031223202,0.29244033,0.955736,0.0085141305,0.15714562,-0.24859907,-0.754372,0.5868788,-1.0,0
1763545081110,1009.75165,-0.023330022,4.741378,4.923831,0.09521855,0.16951497,-0.08414663,28.612501,-17.94375,26.587502,46.950733,0.3361091,49.741684,0.026114894,0.2941678,0.9553513,0.00933913,0.16234177,-0.24670193,-0.7542988,0.5863588,-1.0,0
1763545081135,1009.7248,0.74536425,4.8454657,5.3736815,0.057192214,-0.19578215,-0.068416856,29.268751,-18.243752,27.31875,46.950733,0.3361091,49.741684,0.027738597,0.29497817,0.9550434,0.010518089,0.16169284,-0.24826796,-0.75450814,0.5856073,-1.0,0
1763545081160,1009.7248,0.87637126,4.8173504,5.9994044,0.18471023,-0.42943794,-0.25625777,30.6,-18.35625,25.63125,46.950733,0.3361091,49.741684,0.03277332,0.29650518,0.9543695,0.013768669,0.15874907,-0.25256315,-0.7558866,0.58279157,-1.0,0
1763545081185,1009.7089,0.55513483,5.057829,6.0777693,0.13232858,0.023365578,-0.20112723,28.406252,-18.84375,28.368752,46.950733,0.3361091,49.741684,0.035464097,0.2997625,0.95316565,0.01897334,0.15874635,-0.25673884,-0.75800455,0.57819885,-1.0,0
1763545081211,1009.6984,0.60717875,5.3826547,6.759724,0.15691589,0.04963276,-0.14294235,28.650002,-19.81875,27.937502,46.950733,0.3361091,49.741684,0.03465828,0.30140898,0.9526532,0.020083161,0.16045997,-0.2574901,-0.7581631,0.57718295,-1.0,0
1763545081236,1009.6984,0.72323066,5.853442,7.0085773,0.14362958,-0.1311832,-0.12996148,30.31875,-19.518751,28.2,46.950733,0.3361091,49.741684,0.03562354,0.30369043,0.95185924,0.021612165,0.16117033,-0.25984812,-0.75839144,0.5756262,-1.0,0
1763545081263,1009.70575,0.62452674,6.0023956,8.060822,-0.0009926553,-0.03924806,-0.07086031,28.593752,-20.8125,28.143751,46.950733,0.3361091,49.741684,0.036554452,0.30520838,0.9513028,0.023120863,0.16145141,-0.26157567,-0.7587532,0.57428676,-1.0,0
1763545081289,1009.7348,1.4327025,6.3882384,9.048459,-0.109726585,0.10399973,-0.01802051,27.6,-20.6625,27.937502,46.950733,0.3361091,49.741684,0.035784304,0.30434403,0.9515935,0.023747914,0.16156036,-0.26039216,-0.7592729,0.57410705,-1.0,0
1763545081315,1009.7348,1.8155541,6.6825557,9.6993065,-0.1909716,0.27030766,-0.12583815,28.3875,-19.087502,26.98125,46.950733,0.3361091,49.741684,0.033192042,0.3026547,0.95221806,0.02406519,0.16248539,-0.25748804,-0.7600725,0.57409775,-1.0,0
1763545081340,1009.7541,-0.26919255,6.99781,10.293923,-0.21586435,0.2480111,-0.17088942,28.331251,-19.10625,29.475,46.950733,0.3361091,49.741684,0.029465158,0.3005365,0.95298374,0.025131214,0.1640487,-0.25353187,-0.76141214,0.5736385,-1.0,0
1763545081365,1009.77313,-0.091525465,7.140781,9.907482,-0.29787293,0.03008509,-0.09086613,28.837502,-18.91875,28.1625,46.950733,0.3361091,49.741684,0.025756955,0.29593122,0.9544812,0.026961563,0.16411802,-0.24759644,-0.7636435,0.573245,-1.0,0
1763545081390,1009.77313,-0.12263216,5.9706907,12.704692,-0.5994874,0.3697259,-0.1432478,29.6625,-18.581251,26.98125,46.950733,0.3361091,49.741684,0.025496772,0.29080808,0.95602715,0.028154809,0.16115169,-0.24341229,-0.7655486,0.57333755,-1.0,0
1763545081415,1009.8034,-1.2412767,5.523233,12.577274,-0.23907721,0.5041162,-0.04016436,27.69375,-19.650002,25.85625,46.950733,0.3361091,49.741684,0.021506123,0.28508672,0.9578339,0.028587945,0.16059831,-0.23652722,-0.76750565,0.5737579,-1.0,0
1763545081440,1009.8034,-1.1449656,5.671588,10.449456,0.11339177,0.10766492,0.12797616,28.7625,-17.8125,28.10625,46.950733,0.3361091,49.741684,0.015401536,0.28315023,0.9585902,0.026334077,0.16391534,-0.2313936,-0.76733166,0.57514423,-1.0,0
1763545081465,1009.81464,0.19680966,5.1661043,7.5828547,-0.10407609,0.07086031,0.11438443,29.437502,-18.975,26.56875,46.950733,0.3361091,49.741684,0.017119028,0.2842762,0.95825905,0.025170067,0.16326733,-0.23334475,-0.7663545,0.5758427,-1.0,0
1763545081490,1009.8078,-0.26979074,4.7748775,7.772486,-0.29817837,0.29184064,0.042607818,29.212502,-17.8875,26.831251,46.950733,0.3361091,49.741684,0.016731642,0.2833677,0.9585664,0.023940608,0.16303703,-0.23237067,-0.76575464,0.5770985,-1.0,0
1763545081515,1009.8078,-0.78843504,4.542176,7.9016986,-0.29161158,0.2640463,0.06169734,29.56875,-19.087502,25.931252,46.950733,0.3361091,49.741684,0.011548534,0.27796212,0.9602796,0.021605289,0.16374995,-0.22490501,-0.76561147,0.5800369,-1.0,0
1763545081541,1009.79755,-0.62153566,4.2311087,7.85444,-0.15386157,0.11575887,0.13332124,28.275002,-18.975,26.062502,46.950733,0.3361091,49.741684,0.01058785,0.27643135,0.9607642,0.020142697,0.16353573,-0.22311984,-0.7651212,0.581432,-1.0,0
1763545081566,1009.7824,-0.047856454,4.1401815,6.172286,0.20074543,-0.14569125,0.18096869,33.16875,-16.706251,22.95,46.950733,0.3361091,49.741684,0.011397162,0.27688986,0.96065223,0.01869131,0.16315301,-0.22400671,-0.76421916,0.58238405,-1.0,0
1763545081591,1009.7824,0.12861422,4.2975097,5.06082,0.13370302,-0.017715078,0.17195843,29.906252,-18.806252,26.19375,46.950733,0.3361091,49.741684,0.01385035,0.28002524,0.9597621,0.015836913,0.16322836,-0.22795276,-0.761623,0.58422977,-1.0,0
1763545081616,1009.75995,0.22552353,4.4321055,5.407181,-0.032604907,0.13133593,0.13591741,28.612501,-19.425001,25.9125,46.950733,0.3361091,49.741684,0.013019773,0.27996367,0.959817,0.014218623,0.1639263,-0.22732651,-0.7604395,0.5858179,-1.0,0
1763545081641,1009.75995,-0.57009,4.7922254,6.1657057,0.11018474,-0.2008218,0.13912445,29.493752,-18.73125,26.550001,46.950733,0.3361091,49.741684,0.013183576,0.2801416,0.9597757,0.013324429,0.16396075,-0.22753017,-0.75971675,0.5866663,-1.0,0
1763545081666,1009.7475,0.12502499,5.4017973,6.611967,0.019165883,-0.20418155,0.18402301,29.400002,-17.737501,26.19375,46.950733,0.3361091,49.741684,0.015283287,0.2812147,0.95944023,0.012615446,0.16303675,-0.22963953,-0.7588794,0.58718544,-1.0,0
1763545081691,1009.7409,0.5587241,5.7003016,8.030313,-0.047112945,-0.08735366,0.12064579,28.893751,-18.675001,27.843752,46.950733,0.3361091,49.741684,0.01873673,0.28129265,0.9593803,0.010619587,0.16055003,-0.23173332,-0.7571635,0.5892595,-1.0,0
1763545081716,1009.7409,0.040677983,5.870192,9.015557,0.25266895,0.013286309,0.04886918,29.493752,-18.712502,26.081251,46.950733,0.3361091,49.741684,0.019627428,0.28189656,0.9591883,0.010337969,0.16024497,-0.23274979,-0.7567983,0.589411,-1.0,0
1763545081742,1009.758,0.14237295,6.2602224,8.547761,0.26473352,-0.0050396346,0.12293654,29.737501,-18.1875,26.175001,46.950733,0.3361091,49.741684,0.019638853,0.28418618,0.9585178,0.009807273,0.16165413,-0.23455366,-0.75596374,0.5893822,-1.0,0
1763545081767,1009.76385,1.0935199,6.4241304,9.192626,0.17692171,-0.13271037,0.115911596,28.500002,-17.831251,26.75625,46.950733,0.3361091,49.741684,0.021564297,0.28839913,0.95723474,0.007912323,0.16286114,-0.23898813,-0.75355965,0.59034634,-1.0,0
1763545081792,1009.76385,1.2837493,6.530013,9.713065,0.101632625,-0.066889696,-0.021074835,28.650002,-18.675001,24.618752,46.950733,0.3361091,49.741684,0.022358142,0.2893609,0.95692384,0.00819537,0.16282982,-0.24024168,-0.75351703,0.5899004,-1.0,0
1763545081817,1009.77435,-0.3152544,7.1862445,10.007382,-0.006948587,0.19883649,-0.11713332,30.093752,-17.90625,26.118752,46.950733,0.3361091,49.741684,0.020659149,0.28964302,0.956872,0.008723714,0.16433944,-0.23940018,-0.75379336,0.5894707,-1.0,0
1763545081843,1009.77435,0.061016977,7.027122,10.191629,-0.08132137,-0.14370593,-0.074830934,28.237501,-17.71875,25.5375,46.950733,0.3361091,49.741684,0.01840581,0.28971356,0.9568914,0.009282042,0.16619381,-0.23801756,-0.75403744,0.58919847,-1.0,0
1763545081869,1009.789,1.1521441,6.599405,11.242079,-0.16943862,-0.40530878,-0.10079269,29.531252,-18.69375,23.90625,46.950733,0.3361091,49.741684,0.022833616,0.28743094,0.9574472,0.01253216,0.161356,-0.23896056,-0.75638145,0.5871535,-1.0,0
1763545081894,1009.81195,1.6157535,5.233701,12.579068,-0.087124586,0.29168794,-0.23044874,28.931252,-17.90625,25.48125,46.950733,0.3361091,49.741684,0.023945503,0.28497124,0.95812804,0.014448147,0.1588106,-0.23782597,-0.7584595,0.58562547,-1.0,0
1763545081919,1009.81195,0.6831509,4.9160542,10.809576,0.22838707,0.23335035,-0.22892158,28.44375,-16.81875,23.925001,46.950733,0.3361091,49.741684,0.018363142,0.28534585,0.9580971,0.017044416,0.1629631,-0.23495209,-0.7611636,0.5821259,-1.0,0
1763545081945,1009.83075,0.6687939,4.7916274,8.553742,0.3429242,-0.099418245,-0.19547673,27.562502,-19.556252,27.112501,46.950733,0.3361091,49.741684,0.01887383,0.28822556,0.9571872,0.019039838,0.16423187,-0.23760913,-0.7619862,0.5796092,-1.0,0
1763545081970,1009.811,0.90089774,4.2221355,7.0504518,-0.024663666,-0.13607013,-0.20998476,28.218752,-19.21875,26.081251,46.950733,0.3361091,49.741684,0.020304443,0.28990355,0.956602,0.021362294,0.16410637,-0.2398446,-0.76308215,0.5772775,-1.0,0
1763545081996,1009.811,0.81894356,4.0923247,7.3106713,-0.1532507,0.037873615,-0.20066908,27.243752,-19.06875,25.10625,46.950733,0.3361091,49.741684,0.021124396,0.28961834,0.9566172,0.023634478,0.16324867,-0.24015602,-0.7645958,0.5753853,-1.0,0
1763545082021,1009.78827,0.637089,4.243671,7.1342006,-0.0881936,0.084452055,-0.2206749,28.06875,-18.6,24.525002,46.950733,0.3361091,49.741684,0.019052098,0.28722245,0.95728993,0.027134223,0.1632579,-0.23707926,-0.76760495,0.57264555,-1.0,0
1763545082046,1009.78827,-0.09571291,4.4243293,6.3308105,0.03581195,0.0140498895,-0.262061,32.1375,-19.03125,21.956251,46.950733,0.3361091,49.741684,0.01825129,0.28757325,0.9571303,0.029496392,0.16409019,-0.2368668,-0.7689776,0.5706505,-1.0,0
1763545082072,1009.7653,-0.24705894,4.545765,5.4789658,-0.01763872,0.008857539,-0.12293654,28.275002,-19.931252,23.04375,46.950733,0.3361091,49.741684,0.01780922,0.28812116,0.9569108,0.03147628,0.16484462,-0.23697515,-0.7698709,0.56918174,-1.0,0
1763545082097,1009.7402,-0.08255238,4.5894337,5.998208,-0.036728244,0.034819294,-0.110871956,27.562502,-19.78125,24.187502,46.950733,0.3361091,49.741684,0.017237736,0.2881761,0.95686567,0.032640975,0.16542321,-0.23659617,-0.7703268,0.56855434,-1.0,0
1763545082122,1009.7402,-0.12921242,4.7007003,6.5318074,0.039629854,-0.025809037,-0.07467822,27.618752,-19.518751,23.85,46.950733,0.3361091,49.741684,0.016553592,0.28849328,0.95672196,0.03436131,0.16627645,-0.23633566,-0.7709943,0.567508,-1.0,0
1763545082147,1009.72943,0.104087785,5.1421757,5.9084773,0.24304782,-0.09834923,0.028710645,28.706251,-20.53125,25.181252,46.950733,0.3361091,49.741684,0.01766882,0.2902548,0.9561507,0.03486824,0.16653337,-0.23838344,-0.7707754,0.56687325,-1.0,0
1763545082172,1009.7221,-0.019740786,5.5112686,6.064609,0.14240785,0.011911863,0.053145237,28.237501,-19.21875,25.0125,46.950733,0.3361091,49.741684,0.018806556,0.29420462,0.95494175,0.034296617,0.1682644,-0.24206848,-0.7690801,0.56710297,-1.0,0
1763545082197,1009.7221,0.106480606,5.805586,7.187441,0.13171771,0.008704823,0.09789108,30.0375,-19.25625,22.2,46.950733,0.3361091,49.741684,0.019024547,0.29562753,0.95453125,0.033354152,0.16907547,-0.24325101,-0.7679467,0.56789106,-1.0,0
1763545082223,1009.7216,0.38464624,6.483951,7.798209,0.22853978,-0.17195843,0.15241076,26.268751,-19.650002,23.23125,46.950733,0.3361091,49.741684,0.02083664,0.29804286,0.9537671,0.032626994,0.16922861,-0.24622224,-0.7667379,0.56819826,-1.0,0
1763545082248,1009.7343,0.8392825,6.3631134,8.65783,0.10377065,-0.045662142,0.12110394,29.118752,-19.462502,21.993752,46.950733,0.3361091,49.741684,0.02291168,0.30026352,0.95305467,0.031680986,0.16908473,-0.24918567,-0.7653686,0.568795,-1.0,0
1763545082273,1009.7343,1.3112668,6.2255263,9.726824,0.023900084,-0.0009162972,0.04092794,27.075,-19.95,24.393751,46.950733,0.3361091,49.741684,0.024127504,0.30148196,0.9526881,0.030197239,0.16889729,-0.25089282,-0.7641465,0.5697426,-1.0,0
1763545082299,1009.75653,-0.6412765,7.0612197,9.360124,-0.068340495,0.42760533,-0.03695732,28.06875,-20.831251,23.8875,46.950733,0.3361091,49.741684,0.02215015,0.3014578,0.95275205,0.029935263,0.17032297,-0.24971485,-0.76427585,0.5696622,-1.0,0
1763545082324,1009.75653,-0.5772685,7.545168,9.498908,-0.21846052,0.2612974,0.08643737,29.268751,-20.081251,22.63125,46.950733,0.3361091,49.741684,0.018075094,0.30092642,0.9530335,0.02904689,0.17317022,-0.2467701,-0.76396894,0.57049805,-1.0,0
1763545082349,1009.7707,0.06281159,7.3698936,10.526027,-0.3285689,0.020922119,0.036346454,28.66875,-21.0,20.8875,46.950733,0.3361091,49.741684,0.015373875,0.29627058,0.95459026,0.027290855,0.1725458,-0.24133077,-0.7637154,0.5733465,-1.0,0
1763545082375,1009.7917,-1.5714862,5.703293,11.712867,-0.3407862,0.3413207,0.027336199,30.581251,-20.306252,20.34375,46.950733,0.3361091,49.741684,0.014045168,0.2925815,0.9557455,0.0273746,0.17125976,-0.2376369,-0.76473683,0.57391316,-1.0,0
1763545082399,1009.7917,-1.4835501,5.517251,11.185847,-0.14714205,0.35979936,0.2423606,30.112501,-19.837502,19.125,46.950733,0.3361091,49.741684,0.01060531,0.28917533,0.9568561,0.026296575,0.171732,-0.2329012,-0.76517415,0.5751293,-1.0,0
1763545082424,1009.809,-0.024526432,5.549554,10.648659,0.13981168,-0.12476913,0.32559094,29.325,-20.79375,20.04375,46.950733,0.3361091,49.741684,0.009360109,0.2883749,0.95725,0.020607466,0.17200227,-0.23165262,-0.76245564,0.57914907,-1.0,0
1763545082450,1009.81586,0.3379862,5.366503,8.809176,0.31329727,-0.47174034,0.2243401,27.843752,-19.96875,21.69375,46.950733,0.3361091,49.741684,0.014432383,0.29093298,0.9564295,0.019808413,0.16953538,-0.23687142,-0.7615252,0.5789897,-1.0,0
1763545082474,1009.81586,-0.17108682,4.658826,7.436893,-0.10147991,0.2762636,0.1640172,27.112501,-19.931252,22.237501,46.950733,0.3361091,49.741684,0.01680873,0.29217377,0.9560304,0.018914968,0.16842948,-0.23933148,-0.76069516,0.5793918,-1.0,0
1763545082500,1009.7985,-0.15254244,4.3112683,7.771888,-0.10254893,0.49617493,0.22617269,27.618752,-21.112501,21.7875,46.950733,0.3361091,49.741684,0.010625598,0.29022017,0.9568098,0.0131996935,0.17202115,-0.23398587,-0.7578481,0.5842308,-1.0,0
1763545082525,1009.78973,0.02871387,4.24726,7.1336026,0.12255475,0.3856084,0.2667952,27.937502,-19.6875,19.2,46.950733,0.3361091,49.741684,0.007777435,0.2911939,0.9565837,0.009654146,0.17479648,-0.23302487,-0.7556219,0.5866695,-1.0,0
1763545082551,1009.78973,0.910469,4.4895334,4.961518,0.22426373,-0.23319763,0.13683371,27.281252,-19.25625,19.706251,46.950733,0.3361091,49.741684,0.008263732,0.29380658,0.95580095,0.0073444666,0.17603858,-0.23537423,-0.75357324,0.58799386,-1.0,0
1763545082575,1009.7548,0.44925246,4.334598,5.081159,-0.010919208,0.11896592,0.031306818,27.243752,-21.525002,21.075,46.950733,0.3361091,49.741684,0.010954748,0.2960299,0.9550925,0.006680101,0.17536521,-0.23874831,-0.7524716,0.5882455,-1.0,0
1763545082600,1009.7548,-0.5599205,4.213761,6.363712,-0.11995857,0.47632182,0.05299252,27.675001,-22.462502,19.5375,46.950733,0.3361091,49.741684,0.005849808,0.29513755,0.9554278,0.0041574757,0.17890362,-0.23480608,-0.7509326,0.5907283,-1.0,0
1763545082625,1009.74286,-0.26141587,4.7114677,5.953941,0.36033386,-0.1470657,0.2687805,27.393751,-21.618752,19.81875,46.950733,0.3361091,49.741684,0.0032664998,0.29616305,0.95513004,0.0018339584,0.1815429,-0.23402008,-0.7493096,0.59229374,-1.0,0
1763545082650,1009.7348,0.64247286,5.65424,5.1206403,0.2787834,-0.31566438,0.1999055,26.23125,-22.237501,20.4375,46.950733,0.3361091,49.741684,-0.0052001984,-0.2994435,-0.95409983,0.00016579377,0.18207438,-0.23778641,-0.74724215,0.5932417,-1.0,0
1763545082675,1009.7348,0.9631111,6.20758,5.8743796,-0.07841977,-0.07024945,0.010537418,30.0375,-21.487501,20.775002,46.950733,0.3361091,49.741684,-0.009579696,-0.30200696,-0.953257,0.0010623165,0.1804962,-0.24232441,-0.74539095,0.5942157,-1.0,0
1763545082700,1009.7282,0.41934216,6.196214,7.7760754,-0.29130614,0.171653,-0.14538582,28.3875,-21.018751,19.837502,46.950733,0.3361091,49.741684,-0.0077330098,-0.29962665,-0.95402515,0.00024950746,0.180556,-0.23923935,-0.74625915,0.5943579,-1.0,0
1763545082726,1009.7441,-0.30867413,6.3278193,10.593026,-0.067576915,-0.0481056,-0.023976443,28.06875,-21.4125,17.41875,46.950733,0.3361091,49.741684,0.0061829346,0.29709092,0.95482886,0.0007660129,0.1802033,-0.23627955,-0.74748576,0.59410757,-1.0,0
1763545082751,1009.7441,-0.04426722,7.0689964,10.039685,0.11140647,-0.13469568,0.058795735,29.212502,-23.550001,19.59375,46.950733,0.3361091,49.741684,0.007763635,0.29720548,0.9547814,0.0010344626,0.17895035,-0.23741974,-0.747835,0.593592,-1.0,0
1763545082776,1009.7692,-0.036490545,7.612167,9.773484,0.099800035,-0.09010255,0.08628465,28.875002,-20.831251,19.3125,46.950733,0.3361091,49.741684,0.008790899,0.29823676,0.95445126,0.00050888694,0.17883837,-0.23882896,-0.7471253,0.5939539,-1.0,0
1763545082801,1009.7692,1.1617154,7.2646093,11.039288,0.09460768,-0.15012002,0.015577052,27.35625,-21.862501,18.768751,46.950733,0.3361091,49.741684,-0.009745432,-0.29898927,-0.9542067,1.9465695e-05,0.17863752,-0.23995458,-0.74641323,0.59445584,-1.0,0
1763545082826,1009.78973,1.5984055,6.800402,11.550155,0.22838707,-0.28359398,-0.08429934,26.98125,-22.9125,20.1,46.950733,0.3361091,49.741684,0.011292392,0.29988825,0.9539075,0.0002201006,0.17799589,-0.24161533,-0.74630773,0.594108,-1.0,0
1763545082851,1009.8056,1.8783658,6.634101,9.799207,0.2778671,-0.16722423,-0.21609342,29.250002,-22.03125,17.643751,46.950733,0.3361091,49.741684,0.015169941,0.30415928,0.95249194,0.0040156874,0.1774278,-0.24751236,-0.74803185,0.5896654,-1.0,0
1763545082876,1009.8056,1.6749759,6.370292,8.664411,-0.013362667,-0.02687805,-0.3836231,27.91875,-23.41875,18.9375,46.950733,0.3361091,49.741684,0.014664548,0.30411595,0.95249265,0.007491966,0.17778632,-0.24717116,-0.75022,0.5869143,-1.0,0
1763545082902,1009.7995,-0.12143575,4.523033,10.692926,-0.22915065,0.12538,-0.40897396,25.650002,-23.04375,19.63125,46.950733,0.3361091,49.741684,0.012953086,0.30127183,0.9533782,0.011729615,0.17730835,-0.24391438,-0.75366426,0.5840015,-1.0,0
1763545082926,1009.80585,-0.7088737,4.447659,9.667004,0.05978839,0.009926553,-0.15286891,27.150002,-22.7625,20.38125,46.950733,0.3361091,49.741684,0.009953103,0.29875752,0.9541333,0.016568188,0.1777291,-0.2403487,-0.7581437,0.57953686,-1.0,0
1763545082951,1009.80585,0.39601216,4.725825,7.972885,0.19998185,-0.25198174,0.046425723,27.243752,-23.118752,18.993752,46.950733,0.3361091,49.741684,0.012344908,0.30025512,0.9536297,0.016881377,0.17669165,-0.24307531,-0.75816435,0.5786892,-1.0,0
1763545082976,1009.78143,0.92303133,5.0213385,5.925825,-0.05291616,-0.25305074,-0.085979216,26.98125,-22.9125,20.1,46.950733,0.3361091,49.741684,0.01573277,0.3015357,0.9531642,0.01751065,0.17479093,-0.24621011,-0.7582824,0.57778585,-1.0,0
1763545083001,1009.78143,0.5192425,4.773681,6.6622167,-0.2691623,-0.06536253,-0.1197295,26.94375,-23.8875,18.91875,46.950733,0.3361091,49.741684,0.01805383,0.30114317,0.9532195,0.018960109,0.17275715,-0.24732186,-0.75915563,0.5767752,-1.0,0
1763545083026,1009.759,0.39960137,4.5541396,7.396215,-0.24686573,0.15256348,-0.117438756,28.406252,-23.25,18.73125,46.950733,0.3361091,49.741684,0.01664606,0.29651645,0.95465344,0.020923028,0.17102376,-0.24279612,-0.7614163,0.5762344,-1.0,0
1763545083051,1009.75653,0.36670008,4.848457,6.0454664,0.09537126,0.06811142,-0.14065161,26.268751,-24.225,21.16875,46.950733,0.3361091,49.741684,0.014965647,0.29597324,0.954837,0.02149703,0.17195515,-0.2413619,-0.7620331,0.5757443,-1.0,0
1763545083077,1009.75653,0.2219343,5.1439705,6.2027946,0.0956767,-0.10384701,-0.20112723,26.737501,-23.41875,19.3875,46.950733,0.3361091,49.741684,0.014000622,0.29691264,0.9545352,0.022570165,0.17331515,-0.24148495,-0.7624141,0.5747796,-1.0,0
1763545083102,1009.7404,-0.19142582,5.143372,6.3972116,0.17096578,-0.116217025,-0.18616104,27.843752,-24.675001,17.79375,46.950733,0.3361091,49.741684,0.015022591,0.2996829,0.95354617,0.026723368,0.17436746,-0.24419563,-0.76390296,0.5713289,-1.0,0
1763545083127,1009.73553,-0.19800608,5.3964133,6.2177496,0.23556472,-0.049480047,-0.03970621,28.368752,-24.750002,19.743752,46.950733,0.3361091,49.741684,0.014637997,0.30181804,0.952852,0.027652543,0.17608412,-0.24556628,-0.76372933,0.57044643,-1.0,0
1763545083152,1009.73553,-0.098703936,5.7284174,6.4013987,0.32184938,-0.13332124,-0.0025961753,27.750002,-24.937502,19.66875,46.950733,0.3361091,49.741684,0.014966185,0.30418482,0.9520792,0.028156945,0.17740081,-0.2475507,-0.76320004,0.56988883,-1.0,0
1763545083177,1009.726,-0.10049855,6.1154566,6.0023956,0.348422,-0.12538,0.008552107,29.00625,-25.406252,17.400002,46.950733,0.3361091,49.741684,0.017445786,0.31071955,0.9499049,0.028804319,0.17973973,-0.25405633,-0.7614117,0.56868374,-1.0,0
1763545083202,1009.726,0.10229317,6.2793646,6.088537,0.19967642,0.024740024,0.0,27.337502,-24.112501,19.66875,46.950733,0.3361091,49.741684,0.017255465,0.31292266,0.94918793,0.028704943,0.18142177,-0.2555474,-0.76042867,0.5687969,-1.0,0
1763545083227,1009.7221,-0.18005991,6.6101727,8.193623,0.10270164,-0.08872811,-0.017409647,27.150002,-25.0125,20.04375,46.950733,0.3361091,49.741684,0.01661926,0.31401572,0.94883376,0.0288524,0.18272105,-0.2559201,-0.7599753,0.5688193,-1.0,0
1763545083252,1009.7277,0.8279166,6.9092755,8.4197445,0.010461059,-0.00320704,-0.012217295,27.581251,-25.837502,19.743752,46.950733,0.3361091,49.741684,0.017325087,0.3150502,0.9484645,0.029296355,0.18288258,-0.25712007,-0.75981134,0.56844515,-1.0,0
1763545083278,1009.7277,0.8751749,7.1808605,9.216555,-0.17569998,0.38423395,-0.14645483,27.487501,-24.73125,21.075,46.950733,0.3361091,49.741684,0.013578931,0.31386724,0.94891083,0.02951528,0.18514675,-0.2538064,-0.7601337,0.5687704,-1.0,0
1763545083304,1009.748,-1.4668003,7.518847,9.833903,-0.2201404,0.24648394,-0.02611447,30.862501,-24.975,17.493752,46.950733,0.3361091,49.741684,0.008180394,0.31198108,0.9495886,0.02970507,0.18822007,-0.24894238,-0.7607134,0.5691362,-1.0,0
1763545083328,1009.7763,-0.87278205,7.4626155,10.042078,-0.31787875,0.09346231,0.12202024,29.681252,-24.862501,18.84375,46.950733,0.3361091,49.741684,0.0054842313,0.3100864,0.95024025,0.029323278,0.18921085,-0.24572937,-0.7608329,0.5700435,-1.0,0
1763545083353,1009.7763,-0.14057833,6.7728844,11.233705,-0.4408153,0.11896592,0.12125666,27.825,-24.675001,18.88125,46.950733,0.3361091,49.741684,0.0036974275,0.30320337,0.95254695,0.026614893,0.18638754,-0.23917699,-0.76076424,0.57383955,-1.0,0
1763545083378,1009.80365,-0.75613195,6.0227346,12.168699,-0.2984838,0.17333288,0.054825112,27.54375,-26.081251,18.675001,46.950733,0.3361091,49.741684,0.0021443535,0.3001248,0.95355314,0.025630323,0.18554953,-0.23590438,-0.7612514,0.5748189,-1.0,0
1763545083403,1009.80365,-1.6522441,5.386842,8.861818,0.09048434,0.066126116,0.17791437,28.95,-25.66875,17.737501,46.950733,0.3361091,49.741684,0.00056671695,0.29977608,0.95369995,0.024296183,0.18641625,-0.23476584,-0.76089877,0.57547116,-1.0,0
1763545083429,1009.82635,-1.2191432,5.2013984,7.8538423,-0.0730747,0.021838415,0.2197586,26.8875,-24.900002,19.143751,46.950733,0.3361091,49.741684,0.00012429929,0.30034155,0.953564,0.022597287,0.18705846,-0.23497705,-0.7598715,0.57653296,-1.0,0
1763545083454,1009.82367,-0.863809,4.907679,7.944171,-0.2589303,0.10797035,0.22525638,26.156252,-23.587502,17.75625,46.950733,0.3361091,49.741684,-0.0003808271,0.29717806,0.95464647,0.018308299,0.18550956,-0.23216619,-0.757977,0.58065134,-1.0,0
1763545083479,1009.82367,-0.41156548,4.2975097,7.7832537,-0.13141228,0.06398808,0.36438084,28.931252,-24.525002,14.887501,46.950733,0.3361091,49.741684,-0.00073372293,0.29459327,0.9554948,0.015620634,0.1841404,-0.22995228,-0.7570521,0.5831692,-1.0,0
1763545083504,1009.8156,0.6478567,4.2915273,7.012765,-0.026038112,0.06307179,0.4243983,27.281252,-24.487501,18.618752,46.950733,0.3361091,49.741684,0.0001858368,0.29280064,0.9561399,0.008015727,0.18221018,-0.22919792,-0.7530596,0.58921045,-1.0,0
1763545083530,1009.8039,1.3064811,4.424927,6.664011,0.035964664,0.040775225,0.3365865,25.368752,-25.181252,18.84375,46.950733,0.3361091,49.741684,0.0010181662,0.29308644,0.9560738,0.0047013746,0.1817031,-0.22996671,-0.751031,0.5916517,-1.0,0
1763545083556,1009.8039,1.1252248,4.359723,5.1828537,-0.011988222,0.08185588,-0.023365578,24.806252,-25.10625,19.06875,46.950733,0.3361091,49.741684,0.0020690276,0.29401988,0.95579183,0.0031715794,0.18144107,-0.23136792,-0.7499115,0.59260505,-1.0,0
1763545083583,1009.7702,0.26021945,4.3734818,6.0119667,-0.19051345,0.20066908,-0.1262963,27.225,-24.73125,18.6375,46.950733,0.3361091,49.741684,-0.00046613588,0.2924432,0.9562761,0.0035771816,0.18251519,-0.22849824,-0.75035644,0.5928255,-1.0,0
1763545083608,1009.7448,-0.8811569,4.520042,7.194021,-0.10713041,0.15699224,-0.08536835,28.575,-24.825,16.03125,46.950733,0.3361091,49.741684,-0.0022275448,0.29143566,0.9565797,0.00394438,0.1832638,-0.2266144,-0.7508275,0.59272116,-1.0,0
1763545083634,1009.7448,-0.25902304,5.451448,6.706484,0.24976733,-0.1395826,0.23228133,29.475,-25.35,16.275002,46.950733,0.3361091,49.741684,-0.0025932032,0.29252958,0.95624787,0.003122225,0.18424842,-0.22722852,-0.7500109,0.5932144,-1.0,0
1763545083659,1009.74506,0.552742,5.852844,6.9391856,0.22762349,-0.23167047,0.22556181,27.675001,-23.4375,16.5,46.950733,0.3361091,49.741684,0.0019827406,0.29724026,0.95480067,1.3077359e-05,0.18375112,-0.23364767,-0.74656504,0.5952184,-1.0,0
1763545083684,1009.7497,0.9170493,6.122037,7.3692956,0.1465312,-0.19929464,0.12705988,25.800001,-24.618752,17.7,46.950733,0.3361091,49.741684,-0.004365929,-0.29879338,-0.9543076,0.0006521583,0.18292542,-0.23629394,-0.7455897,0.5956505,-1.0,0
1763545083709,1009.7497,0.44506502,6.588039,9.240483,-0.13767365,-0.14844014,-0.06826414,25.931252,-23.98125,17.325,46.950733,0.3361091,49.741684,-0.00523588,-0.2990111,-0.9542351,0.0006038699,0.18244141,-0.23696032,-0.74541163,0.595757,-1.0,0
1763545083735,1009.75824,-0.017347964,7.0612197,10.185648,-0.08590286,-0.14385866,-0.072540194,27.73125,-24.54375,16.556252,46.950733,0.3361091,49.741684,0.0065321918,0.29788804,0.95457834,0.00041880363,0.18077683,-0.23685372,-0.74619436,0.59532684,-1.0,0
1763545083761,1009.75824,-0.25543383,7.8556366,9.518648,-0.05535962,-0.098654665,-0.027794348,26.38125,-24.675001,17.025002,46.950733,0.3361091,49.741684,0.008412638,0.29669014,0.95493454,0.0020747476,0.17862512,-0.23704192,-0.74734247,0.59446067,-1.0,0
1763545083786,1009.7851,1.0474582,7.778468,9.798011,-0.4174497,-0.504727,-0.100487255,29.60625,-24.712502,15.900001,46.950733,0.3361091,49.741684,0.010466164,0.2952819,0.9553481,0.0030224277,0.17630234,-0.23710424,-0.7478547,0.594485,-1.0,0
1763545083812,1009.799,1.8933209,7.012765,11.179866,-0.62239486,-0.57894707,-0.2075413,27.73125,-25.275002,16.143751,46.950733,0.3361091,49.741684,0.014917781,0.29176345,0.95635885,0.005406002,0.17076379,-0.23704048,-0.7497939,0.59368396,-1.0,0
1763545083837,1009.799,1.9555343,5.8211393,12.985848,-0.72043866,-0.23900084,-0.31322092,27.35625,-24.843752,18.46875,46.950733,0.3361091,49.741684,0.021569407,0.27921885,0.95990336,0.012536532,0.15762481,-0.23147963,-0.7572854,0.5899918,-1.0,0
1763545083862,1009.851,0.5407779,4.5601215,12.689736,0.015958842,0.36422813,-0.099723674,28.275002,-24.0,17.7,46.950733,0.3361091,49.741684,0.01830248,0.27416638,0.96140325,0.01419925,0.15676208,-0.22567193,-0.7601653,0.58876705,-1.0,0
1763545083887,1009.83514,0.88354975,4.275376,10.387243,0.5116756,-0.06856957,0.02611447,26.75625,-25.031252,17.306252,46.950733,0.3361091,49.741684,0.014727223,0.27364925,0.961613,0.014129681,0.15897034,-0.22322462,-0.76097953,0.58805555,-1.0,0
1763545083912,1009.83514,1.3896317,4.4051867,7.48774,0.6759982,-0.33108872,0.05421425,25.331251,-24.806252,17.60625,46.950733,0.3361091,49.741684,0.015582082,0.27777335,0.96041876,0.013964919,0.16064386,-0.22714396,-0.7605302,0.5866797,-1.0,0
1763545083940,1009.8039,1.5900307,4.6845484,5.150551,0.008628465,0.030237807,-0.18188499,25.44375,-24.16875,18.6375,46.950733,0.3361091,49.741684,0.02107546,0.28768465,0.9573816,0.014621381,0.16237845,-0.23841116,-0.75888526,0.58385485,-1.0,0
1763545083965,1009.79144,0.68255264,4.5972104,6.6969123,-0.19356778,0.07177661,-0.3365865,28.1625,-26.212502,14.137501,46.950733,0.3361091,49.741684,0.020677585,0.2880651,0.9572523,0.016088739,0.16298996,-0.23841842,-0.75954163,0.5828271,-1.0,0
1763545083990,1009.79144,-0.381057,4.3005004,7.399804,-0.02527453,0.06383537,-0.3506364,27.4125,-25.331251,17.868752,46.950733,0.3361091,49.741684,0.017706338,0.28628385,0.9577277,0.02203806,0.16423641,-0.235156,-0.7635457,0.57855517,-1.0,0
1763545084015,1009.7753,-0.89312106,4.254439,6.3338017,0.18471023,0.06429352,-0.21364996,27.112501,-25.368752,17.90625,46.950733,0.3361091,49.741684,0.016346147,0.28797576,0.9572004,0.02387873,0.16636004,-0.23563014,-0.76426286,0.5768059,-1.0,0
1763545084041,1009.7753,0.052043892,4.6785665,5.7206407,0.16027565,-0.14004076,0.042607818,27.35625,-26.325,17.475,46.950733,0.3361091,49.741684,0.016168306,0.2899934,0.95658076,0.024408145,0.16782434,-0.23704974,-0.7639374,0.5762309,-1.0,0
1763545084067,1009.758,0.40857446,4.7718863,6.265606,0.16226095,-0.16187917,0.06918044,24.300001,-26.04375,20.25,46.950733,0.3361091,49.741684,0.019285355,0.29318768,0.9555541,0.02419597,0.16751532,-0.24139087,-0.7626611,0.57620925,-1.0,0
1763545084093,1009.7531,0.36251262,4.9112687,6.4205413,0.22502731,-0.01924224,0.09697478,23.56875,-27.375002,22.10625,46.950733,0.3361091,49.741684,0.01985673,0.2953231,0.9549071,0.023289934,0.16842975,-0.24339566,-0.7615161,0.5766136,-1.0,0
1763545084117,1009.7531,0.5629115,5.5537415,6.559923,0.36369362,-0.18600832,0.21884231,25.743752,-27.6375,19.875,46.950733,0.3361091,49.741684,0.019889615,0.29811224,0.95408005,0.021556878,0.17019145,-0.24556336,-0.7596719,0.57760894,-1.0,0
1763545084142,1009.7419,1.1682956,6.111269,6.6275206,0.40156722,-0.40408704,0.1631009,25.612501,-26.156252,19.35,46.950733,0.3361091,49.741684,0.02231877,0.3015368,0.9529833,0.02000505,0.1704865,-0.24971367,-0.7577054,0.57832515,-1.0,0
1763545084167,1009.74164,1.1886346,6.381658,6.780063,0.30749404,-0.29168794,0.058490302,24.69375,-26.775002,22.875,46.950733,0.3361091,49.741684,0.029863214,0.30835697,0.9505974,0.019717503,0.16899914,-0.2596442,-0.7553011,0.577533,-1.0,0
1763545084192,1009.74164,1.1706885,7.112067,8.168498,-0.05261073,0.024740024,-0.07696896,24.075,-27.69375,22.368752,46.950733,0.3361091,49.741684,0.0305906,0.3099738,0.9500441,0.019915182,0.1695421,-0.2612949,-0.75476456,0.5773308,-1.0,0
1763545084218,1009.7697,1.2496517,7.268797,9.447462,-0.1514181,0.025045456,-0.19730933,26.025002,-27.393751,23.38125,46.950733,0.3361091,49.741684,0.030280162,0.30979174,0.9501007,0.020512009,0.16976865,-0.26089543,-0.7549654,0.5771823,-1.0,0
1763545084242,1009.7697,0.62512493,7.2329044,10.35494,-0.17096578,0.13515383,-0.30634868,23.550001,-28.125002,22.612501,46.950733,0.3361091,49.741684,0.027576365,0.30715555,0.9509407,0.024632862,0.17025706,-0.25713328,-0.7581446,0.57455355,-1.0,0
1763545084267,1009.79,-0.9798609,7.382456,9.6783695,-0.14057526,0.3272708,-0.2764163,25.06875,-27.843752,22.275002,46.950733,0.3361091,49.741684,0.023593295,0.30600715,0.9513738,0.026282392,0.17266242,-0.2537414,-0.7594873,0.5735696,-1.0,0
1763545084292,1009.81244,0.66759753,7.1730843,10.691132,-0.5104539,-0.15592323,-0.008552107,26.2875,-27.825,19.837502,46.950733,0.3361091,49.741684,0.020861287,0.30366567,0.952186,0.026341677,0.17346174,-0.25011805,-0.7598656,0.5744182,-1.0,0
1763545084317,1009.81244,1.0217353,6.067002,12.360126,-0.5486329,-0.108123064,-0.19578215,29.56875,-27.618752,19.3125,46.950733,0.3361091,49.741684,0.022480294,0.29376823,0.9551663,0.029192919,0.16596372,-0.2434362,-0.7640908,0.5738991,-1.0,0
1763545084343,1009.8349,-0.9314062,5.0141597,12.767504,-0.34994915,0.1915061,-0.22296564,29.362501,-26.60625,16.5,46.950733,0.3361091,49.741684,0.019911503,0.29002672,0.95631546,0.030802619,0.16540425,-0.2390678,-0.7665404,0.5726289,-1.0,0
1763545084368,1009.8378,-0.5886344,4.8329034,9.479765,0.2088394,-0.07208204,0.23319763,25.2,-28.181252,19.2,46.950733,0.3361091,49.741684,0.01743331,0.28916582,0.95665324,0.029895838,0.166596,-0.23699485,-0.76674104,0.57287645,-1.0,0
1763545084393,1009.8378,0.2015953,4.923831,7.663613,0.2503782,-0.17104214,0.24159703,25.968752,-26.493752,20.1,46.950733,0.3361091,49.741684,0.018483292,0.2905959,0.95625705,0.02801488,0.16653371,-0.23886007,-0.7655774,0.57367563,-1.0,0
1763545084418,1009.80756,0.1381855,4.9214377,6.3194447,0.1146135,-0.021991132,0.17577635,26.737501,-27.54375,22.237501,46.950733,0.3361091,49.741684,0.021460503,0.29371053,0.95533526,0.024658682,0.16610436,-0.24317847,-0.7628606,0.5756017,-1.0,0
1763545084444,1009.78314,-0.38644084,4.596014,6.4259253,-0.17814344,0.23869541,0.22311836,24.825,-27.618752,22.59375,46.950733,0.3361091,49.741684,0.02016706,0.29301056,0.9556273,0.022681681,0.16674739,-0.24177928,-0.7616984,0.577541,-1.0,0
1763545084469,1009.78314,-0.041874398,4.5170507,6.7758756,-0.03932442,0.062460925,0.2829831,25.143751,-28.218752,22.143751,46.950733,0.3361091,49.741684,0.018431807,0.2914846,0.95618826,0.020023288,0.16721058,-0.2394653,-0.76034486,0.5801488,-1.0,0
1763545084495,1009.7724,0.5736792,4.5074797,6.3750777,0.12927426,-0.17867795,0.2686278,22.837502,-27.225,23.550001,46.950733,0.3361091,49.741684,0.020958344,0.29221606,0.9560006,0.015273957,0.16570885,-0.24159895,-0.75719386,0.5838048,-1.0,0
1763545084519,1009.7724,0.9451649,4.6002016,6.0023956,0.13965896,-0.2716821,0.16768238,25.312502,-27.45,22.06875,46.950733,0.3361091,49.741684,0.024094045,0.2935072,0.9555444,0.014419024,0.16407673,-0.24455233,-0.75626683,0.58423746,-1.0,0
1763545084544,1009.75653,0.22073789,4.66062,6.157331,-0.011988222,0.14217877,-0.026725333,24.393751,-26.175001,21.9375,46.950733,0.3361091,49.741684,0.025470374,0.2940987,0.95532966,0.014231539,0.16339119,-0.24585788,-0.7559293,0.5843185,-1.0,0
1763545084569,1009.7504,-0.31405798,4.772485,6.604789,0.01244637,0.14798199,-0.04138609,25.85625,-26.79375,23.681252,46.950733,0.3361091,49.741684,0.02258027,0.29432768,0.95533454,0.014044252,0.16586235,-0.24418914,-0.75565267,0.5846797,-1.0,0
1763545084594,1009.7504,-0.61734825,5.0739803,6.594021,0.088651754,0.09682207,-0.031154104,23.60625,-27.88125,22.59375,46.950733,0.3361091,49.741684,0.02142992,0.29523686,0.9550797,0.01410073,0.16737555,-0.24415052,-0.7553762,0.5846219,-1.0,0
1763545084619,1009.75214,-1.0642079,5.837291,7.3992057,0.04344776,0.1075122,0.059559315,24.91875,-27.750002,24.300001,46.950733,0.3361091,49.741684,0.020251237,0.2960006,0.95487255,0.013855814,0.16885749,-0.24395414,-0.7548596,0.58494484,-1.0,0
1763545084644,1009.76117,-0.5820541,6.187241,8.154141,0.042836893,-0.13041963,0.1414152,27.000002,-27.0375,22.650002,46.950733,0.3361091,49.741684,0.020438071,0.2970584,0.9545617,0.012268732,0.16955434,-0.2447708,-0.7531886,0.5865539,-1.0,0
1763545084670,1009.76117,0.85902333,6.6801624,9.460623,0.036270097,-0.5193878,0.11148282,25.725,-25.29375,22.518751,46.950733,0.3361091,49.741684,0.02549596,0.2973851,0.95433205,0.012745637,0.16584547,-0.24815968,-0.7532187,0.5861515,-1.0,0
1763545084703,1009.78094,1.4171492,6.859026,10.454242,0.048334677,-0.456316,-0.009010255,23.5125,-27.4125,25.2,46.950733,0.3361091,49.741684,0.029848678,0.29773134,0.9540792,0.014068847,0.16262722,-0.25117183,-0.7539303,0.584854,-1.0,0
1763545084727,1009.8012,0.36430725,7.7150583,9.631111,0.033979353,-0.015882485,-0.057574004,23.268751,-27.91875,24.018751,46.950733,0.3361091,49.741684,0.030322134,0.29884318,0.95369554,0.015431167,0.1629509,-0.2523364,-0.75448346,0.5835478,-1.0,0
1763545084752,1009.8012,2.1092732,7.3609204,10.663614,-0.1834885,-0.44425142,-0.20570871,23.306252,-26.306252,24.075,46.950733,0.3361091,49.741684,0.033286616,0.298237,0.95375687,0.017161405,0.16034918,-0.25365615,-0.7554005,0.5825091,-1.0,0
1763545084777,1009.8151,2.0171494,6.4941206,10.986047,-0.34979644,-0.11530073,-0.33719736,24.112501,-28.087502,24.712502,46.950733,0.3361091,49.741684,0.036997654,0.29661015,0.95406544,0.020315317,0.15643898,-0.25470224,-0.75760335,0.5802507,-1.0,0
1763545084802,1009.8151,1.4715859,5.506483,11.714064,-0.40446883,0.40103272,-0.34177884,24.16875,-27.825,24.375002,46.950733,0.3361091,49.741684,0.03285751,0.28953555,0.95625436,0.025829721,0.15501647,-0.24673942,-0.7633069,0.5765866,-1.0,0
1763545084828,1009.82635,1.082154,4.8179483,11.571092,-0.15386157,0.4621192,-0.27794346,25.406252,-26.081251,24.300001,46.950733,0.3361091,49.741684,0.027929712,0.28777078,0.9569086,0.027090812,0.15753676,-0.242434,-0.76514846,0.5752875,-1.0,0
1763545084853,1009.81464,0.6376872,4.141378,7.872985,0.32505643,-0.37965247,-0.15577053,26.118752,-27.750002,22.78125,46.950733,0.3361091,49.741684,0.027585775,0.28923154,0.9564198,0.02907261,0.15848434,-0.24351299,-0.7665476,0.5727032,-1.0,0
1763545084878,1009.81464,0.89013004,4.080959,6.8057857,0.07108939,-0.31230462,-0.082161315,23.737501,-26.493752,22.650002,46.950733,0.3361091,49.741684,0.033549547,0.2922293,0.955188,0.033051092,0.15546031,-0.24971111,-0.7685694,0.56813514,-1.0,0
1763545084904,1009.7944,0.9385847,4.137789,6.9852476,-0.17569998,0.013439025,-0.064140804,25.725,-27.431252,24.187502,46.950733,0.3361091,49.741684,0.03333017,0.2905275,0.95569515,0.03361071,0.15451504,-0.24827856,-0.76944894,0.56783026,-1.0,0
1763545084930,1009.77655,-0.11485548,4.3998027,7.0061846,-0.050625417,0.1084285,-0.114689864,23.85,-27.862501,25.031252,46.950733,0.3361091,49.741684,0.03135635,0.2885413,0.9563504,0.033980664,0.15476994,-0.24553116,-0.77032226,0.5677714,-1.0,0
1763545084955,1009.77655,-0.718445,4.487739,6.0358953,0.08743002,-0.067958705,-0.0650571,26.118752,-27.525002,25.706251,46.950733,0.3361091,49.741684,0.029988807,0.2880442,0.956516,0.034761645,0.15549698,-0.24431428,-0.77101946,0.567151,-1.0,0
1763545084981,1009.7441,-0.9625129,4.4775696,5.109873,0.07612903,-0.16508621,0.07238748,25.2,-27.956251,22.425001,46.950733,0.3361091,49.741684,0.031770423,0.2896689,0.9559422,0.03545486,0.15522811,-0.24662048,-0.7707311,0.5666182,-1.0,0
1763545085006,1009.7402,1.6193427,4.725825,6.725028,-0.09735657,-0.16722423,0.1886045,24.337502,-26.437502,22.275002,46.950733,0.3361091,49.741684,0.0342541,0.28908536,0.95608264,0.034093488,0.15305203,-0.24762623,-0.76969194,0.5681819,-1.0,0
1763545085032,1009.7402,0.91884387,4.9417768,6.916454,0.063759014,-0.09575305,-0.04535671,24.35625,-26.94375,23.53125,46.950733,0.3361091,49.741684,0.037454758,0.28877446,0.9560815,0.033384923,0.15034592,-0.24937859,-0.7692663,0.5687142,-1.0,0
1763545085057,1009.7365,-0.49112684,5.0644093,6.5958157,0.12789981,-0.082466744,-0.009468404,26.025002,-26.643751,23.8125,46.950733,0.3361091,49.741684,0.038141612,0.2900389,0.9556608,0.033689715,0.15063952,-0.25076896,-0.7690254,0.5683508,-1.0,0
1763545085082,1009.7365,-0.17587246,5.2923255,6.9768724,0.14225514,-0.09544762,0.21914774,25.35,-26.343752,23.868752,46.950733,0.3361091,49.741684,0.039447684,0.29137748,0.95525974,0.031966385,0.15053023,-0.25258186,-0.7674585,0.5696933,-1.0,0
1763545085107,1009.7331,2.070988,6.0957155,7.5882387,0.26626068,-0.15332706,0.23686282,24.91875,-27.000002,23.94375,46.950733,0.3361091,49.741684,0.042198926,0.29343447,0.9545985,0.029277682,0.14969338,-0.2558836,-0.7651876,0.5714922,-1.0,0
1763545085132,1009.7465,1.1832508,6.350551,7.7623167,0.18608469,0.098654665,0.0810923,24.13125,-25.725,25.500002,46.950733,0.3361091,49.741684,0.04429201,0.29774457,0.95325977,0.026119947,0.15077505,-0.26053885,-0.76209533,0.5732339,-1.0,0
1763545085157,1009.7465,1.0947163,6.992426,9.147162,0.0080176005,0.19730933,0.2244928,25.5375,-26.19375,23.362501,46.950733,0.3361091,49.741684,0.04151221,0.29843011,0.9532281,0.023925679,0.15345185,-0.25929967,-0.76053786,0.5751508,-1.0,0
1763545085182,1009.7646,1.0947163,6.992426,9.147162,0.0080176005,0.19730933,0.2244928,24.993752,-26.00625,23.71875,46.950733,0.3361091,49.741684,0.040319256,0.29861182,0.9532847,0.021298729,0.1545575,-0.25866318,-0.7588132,0.5774148,-1.0,0
1763545085207,1009.78656,1.7246269,7.7940216,10.566705,0.13828452,-0.062613636,-0.043524116,27.018751,-26.79375,23.71875,46.950733,0.3361091,49.741684,0.042955108,0.3005851,0.95256096,0.020762423,0.15371361,-0.2618562,-0.7579398,0.577348,-1.0,0
1763545085232,1009.78656,0.253041,7.811968,9.08136,0.13874267,0.23014331,-0.14660755,23.00625,-27.075,24.0,46.950733,0.3361091,49.741684,0.04048338,0.30210447,0.95217496,0.021373356,0.15664078,-0.26147598,-0.7579145,0.57676655,-1.0,0
1763545085257,1009.788,-0.051445685,6.798009,9.573684,-0.44432777,0.2441932,-0.0537561,23.7,-26.5125,24.0375,46.950733,0.3361091,49.741684,0.036216922,0.3010591,0.95268154,0.021205712,0.1595006,-0.25789106,-0.75781417,0.5777278,-1.0,0
1763545085284,1009.81464,0.48933223,5.828916,11.580664,-0.45562875,0.17272201,-0.07696896,25.312502,-25.218752,22.725,46.950733,0.3361091,49.741684,0.03151981,0.29296285,0.9553598,0.021607105,0.15816543,-0.24860494,-0.76005465,0.57922035,-1.0,0
1763545085309,1009.81464,-0.016151553,5.0506506,12.020943,-0.12560907,0.24953826,-0.058337588,25.087502,-26.362501,22.5,46.950733,0.3361091,49.741684,0.028948454,0.29131818,0.95594656,0.021491876,0.15893345,-0.24585451,-0.7609484,0.57901055,-1.0,0
1763545085335,1009.80853,0.3696911,5.02074,7.7611203,0.20303617,0.069485866,0.10873393,24.91875,-26.268751,24.206251,46.950733,0.3361091,49.741684,0.026805026,0.2927883,0.95558834,0.020183615,0.16133562,-0.2457933,-0.76030177,0.5792216,-1.0,0
1763545085360,1009.80853,0.81655073,4.9022956,6.5539412,-0.11308634,0.00076358096,0.01847866,25.518751,-25.575,23.493752,46.950733,0.3361091,49.741684,0.026534671,0.2934652,0.9554168,0.018783657,0.16191036,-0.24619293,-0.75943315,0.5800305,-1.0,0
1763545085386,1009.78485,0.43070808,4.436293,7.220342,-0.4841867,0.12370012,-0.0980438,25.44375,-25.087502,24.712502,46.950733,0.3361091,49.741684,0.025118766,0.28908926,0.95677525,0.01943137,0.16029818,-0.24188434,-0.7608907,0.58038074,-1.0,0
1763545085411,1009.78705,-0.8769695,3.8434713,8.520244,-0.2690096,0.399811,0.093309596,26.56875,-24.937502,20.25,46.950733,0.3361091,49.741684,0.021089824,0.2839419,0.9584176,0.019181348,0.16017245,-0.23539875,-0.7622049,0.58135694,-1.0,0
1763545085436,1009.78705,-0.47018966,3.9379878,7.600203,0.093233235,0.014508039,0.2997819,25.931252,-25.781252,22.6875,46.950733,0.3361091,49.741684,0.017366577,0.2811738,0.9593429,0.017346332,0.16125898,-0.23098882,-0.7620542,0.5830207,-1.0,0
1763545085461,1009.768,0.3074777,4.2394834,6.1794643,0.31589344,-0.21670428,0.38026333,26.718752,-24.075,21.73125,46.950733,0.3361091,49.741684,0.020822797,0.28445014,0.95839417,0.011625365,0.16047435,-0.23578264,-0.7580411,0.5865392,-1.0,0
1763545085486,1009.7431,0.43130627,4.8658047,4.795815,-0.09705114,0.12660173,0.23411393,25.650002,-24.187502,22.931252,46.950733,0.3361091,49.741684,0.022631003,0.28683156,0.9576737,0.008745924,0.16060074,-0.23872977,-0.7555321,0.58854634,-1.0,0
1763545085511,1009.7431,0.25902304,4.619942,6.9726853,-0.30062184,0.16157374,0.18264857,23.94375,-24.73125,22.06875,46.950733,0.3361091,49.741684,0.022187108,0.28628018,0.95786875,0.0062282593,0.16074307,-0.23792918,-0.7537784,0.5910749,-1.0,0
1763545085536,1009.75507,0.26620153,4.57747,8.596813,-0.08468113,0.04612029,0.15485422,25.968752,-23.5125,21.16875,46.950733,0.3361091,49.741684,0.02116166,0.28273517,0.95896095,0.00261547,0.1593654,-0.23449874,-0.752322,0.5946634,-1.0,0
1763545085562,1009.75507,0.014955142,4.953741,8.509476,0.32001677,-0.05329795,0.14492767,26.8875,-24.675001,22.06875,46.950733,0.3361091,49.741684,0.02199305,0.28545564,0.9581385,0.0013693359,0.16032901,-0.23719873,-0.7510994,0.59487903,-1.0,0
1763545085587,1009.74945,0.57906306,6.170491,6.369096,0.439899,-0.09666935,0.18127412,25.0125,-25.237501,22.7625,46.950733,0.3361091,49.741684,-0.022996183,-0.2903978,-0.95662963,0.0002452763,0.16263333,-0.24168181,-0.7488746,0.5952538,-1.0,0
1763545085614,1009.74677,1.1150553,6.3385873,6.9361944,0.19158247,-0.19364414,0.060322896,24.91875,-24.2625,22.556252,46.950733,0.3361091,49.741684,-0.024345115,-0.29472512,-0.95527035,0.0017214513,0.16439177,-0.24582706,-0.74659437,0.59593725,-1.0,0
1763545085639,1009.74677,1.2915261,6.3110695,8.508279,-0.07551816,-0.08994984,-0.042760536,24.45,-24.206251,24.6,46.950733,0.3361091,49.741684,-0.02729306,-0.29636964,-0.9546825,0.0011822699,0.16330512,-0.24881989,-0.74599856,0.5957401,-1.0,0
1763545085664,1009.77216,1.1479566,6.4067826,10.214361,-0.1372155,0.17333288,-0.13423753,28.5375,-24.618752,20.962502,46.950733,0.3361091,49.741684,-0.0254952,-0.29510963,-0.95512307,0.00046871422,0.16389093,-0.24673766,-0.74687314,0.5953494,-1.0,0
1763545085689,1009.78925,-0.27038896,7.7736826,9.585648,0.1871537,0.0004581486,-0.13225223,26.493752,-25.218752,21.825,46.950733,0.3361091,49.741684,0.022200692,0.2974002,0.95449334,0.0016168973,0.16790263,-0.24647202,-0.74766135,0.59334874,-1.0,0
1763545085714,1009.78925,0.48035914,7.834101,9.474979,0.116598815,-0.28542656,-0.084757484,26.7,-24.825,23.00625,46.950733,0.3361091,49.741684,0.022200692,0.2974002,0.95449334,0.0016168973,0.16790263,-0.24647202,-0.74766135,0.59334874,-1.0,0
1763545085739,1009.8117,2.3491535,6.0544395,12.538391,-0.087124586,-0.013897174,-0.20708317,26.081251,-24.900002,23.7,46.950733,0.3361091,49.741684,0.026750548,0.29814935,0.9541316,0.0049243066,0.16496079,-0.24979302,-0.7490826,0.5909878,-1.0,0
1763545085765,1009.83124,1.7886349,5.3359947,12.306287,0.13706279,0.24969098,-0.24373505,26.643751,-24.45,22.06875,46.950733,0.3361091,49.741684,0.026649682,0.29708105,0.9544564,0.006758452,0.16419949,-0.2490098,-0.7508924,0.5892311,-1.0,0
1763545085790,1009.83124,0.9068798,5.4257255,10.082158,0.3853793,0.12202024,-0.1999055,27.993752,-24.31875,22.237501,46.950733,0.3361091,49.741684,0.022541575,0.30085847,0.95335567,0.009437892,0.169226,-0.24977288,-0.75296783,0.5848209,-1.0,0
1763545085815,1009.81415,1.2981063,5.496912,6.6478596,0.20899211,-0.46563166,-0.20265439,25.29375,-25.968752,23.38125,46.950733,0.3361091,49.741684,0.02448623,0.30445382,0.95214313,0.011475759,0.16986156,-0.2538479,-0.75345314,0.58225137,-1.0,0
1763545085840,1009.81415,1.2831511,5.08415,6.4905314,-0.13599378,-0.32406378,-0.2751946,27.243752,-26.400002,24.281252,46.950733,0.3361091,49.741684,0.028361754,0.30645564,0.9513502,0.014604093,0.16808194,-0.25781372,-0.75474024,0.5793511,-1.0,0
1763545085866,1009.7907,0.9457632,4.63071,7.4386873,-0.36995497,-0.00320704,-0.28954992,26.23125,-25.743752,22.650002,46.950733,0.3361091,49.741684,0.030022468,0.30203018,0.9525991,0.020770632,0.16402842,-0.25537866,-0.75955665,0.57528263,-1.0,0
1763545085892,1009.79047,0.30987054,4.612764,7.012765,-0.011835505,-0.091324285,-0.26923865,26.343752,-25.125002,23.681252,46.950733,0.3361091,49.741684,0.028749332,0.29936746,0.95342183,0.023226056,0.16328037,-0.2525607,-0.76193625,0.5735902,-1.0,0
1763545085917,1009.79047,0.4642076,4.915456,4.9938207,0.055206906,-0.21609342,-0.25518876,27.581251,-25.593752,22.2,46.950733,0.3361091,49.741684,0.028833697,0.29914388,0.95341885,0.025961997,0.16300415,-0.25248384,-0.7637936,0.5712276,-1.0,0
1763545085942,1009.7641,0.3595216,5.0596237,4.5822554,-0.3171152,-0.07299834,-0.29794928,26.268751,-26.868752,24.562502,46.950733,0.3361091,49.741684,0.029912224,0.29731375,0.9537763,0.031947263,0.16121271,-0.25159624,-0.7673597,0.56733495,-1.0,0
1763545085967,1009.7558,-0.3260221,4.833502,6.65444,-0.5944478,0.29061893,-0.2545779,26.04375,-25.893751,23.306252,46.950733,0.3361091,49.741684,0.026274735,0.29224196,0.955391,0.033648983,0.16101398,-0.24529618,-0.76945,0.5673191,-1.0,0
1763545085992,1009.7558,-0.29132617,4.5278187,7.2472615,0.19249876,-0.30543238,0.0537561,27.337502,-23.8875,22.125,46.950733,0.3361091,49.741684,0.02317872,0.28941846,0.956315,0.03407758,0.16168348,-0.24116124,-0.7704442,0.56755215,-1.0,0
1763545086018,1009.7426,1.0049855,4.878367,6.0358953,0.4559342,-0.64461505,0.103236146,25.7625,-25.050001,23.2875,46.950733,0.3361091,49.741684,0.03239498,0.2949386,0.9543177,0.03520624,0.15787487,-0.25122446,-0.769621,0.5653718,-1.0,0
1763545086043,1009.72943,1.198206,5.3126645,5.278567,0.35254532,-0.4977021,0.012370012,26.868752,-26.175001,23.081251,46.950733,0.3361091,49.741684,0.037365675,0.29824463,0.95306575,0.036325164,0.15609957,-0.25686374,-0.7691921,0.56391263,-1.0,0
1763545086068,1009.72943,0.5910272,5.980262,7.7611203,-0.15905392,0.39584038,0.032833982,27.50625,-26.60625,23.19375,46.950733,0.3361091,49.741684,0.037692282,0.29875833,0.9528886,0.036415823,0.1562724,-0.25740275,-0.76886994,0.5640583,-1.0,0
1763545086093,1009.74945,0.35114673,6.426523,8.812167,0.013820816,0.3857611,0.110108376,25.406252,-26.831251,23.737501,46.950733,0.3361091,49.741684,0.034202367,0.29763153,0.95342606,0.034991648,0.15837944,-0.25430354,-0.76823896,0.5657336,-1.0,0
1763545086119,1009.74945,0.89730847,6.916454,8.733205,0.2248746,-0.01725693,0.13652828,25.593752,-25.95,23.6625,46.950733,0.3361091,49.741684,0.030970411,0.2979043,0.95352703,0.03286367,0.1619634,-0.2545316,-0.7655507,0.56825495,-1.0,0
1763545086144,1009.75995,1.7443677,6.9786673,8.69492,0.21311545,-0.35109454,0.047952887,27.112501,-25.5375,24.562502,46.950733,0.3361091,49.741684,0.03523693,0.30203038,0.95210814,0.032032743,0.16041254,-0.258325,-0.76513237,0.567546,-1.0,0
1763545086169,1009.79535,0.58683974,7.0815587,10.546366,-0.2709949,0.4017963,-0.25671592,27.806252,-25.837502,23.268751,46.950733,0.3361091,49.741684,0.037071783,0.3018911,0.9520221,0.033784702,0.15888798,-0.2593591,-0.7661593,0.5661161,-1.0,0
1763545086196,1009.79535,-0.8327023,7.422536,10.561321,-0.2540434,0.7703005,-0.13179408,28.837502,-27.337502,22.3125,46.950733,0.3361091,49.741684,0.025070306,0.2975451,0.95376915,0.034100126,0.16555169,-0.24850401,-0.7677792,0.5668805,-1.0,0
1763545086221,1009.80975,-1.0504491,7.618747,10.053444,-0.24732387,0.43340856,-0.010384701,28.575,-25.743752,22.10625,46.950733,0.3361091,49.741684,0.020655343,0.2955378,0.9545334,0.033115506,0.1678456,-0.24412517,-0.7675613,0.5684016,-1.0,0
1763545086248,1009.80975,-0.30329028,7.164111,10.881361,-0.31604618,-0.1631009,0.017715078,26.868752,-24.675001,22.837502,46.950733,0.3361091,49.741684,0.021860447,0.29268593,0.9553693,0.033564605,0.1652041,-0.24259132,-0.7683142,0.5688149,-1.0,0
1763545086272,1009.82904,0.29132617,5.0159545,11.680564,-0.268246,0.13668099,-0.11117739,27.956251,-25.312502,21.056252,46.950733,0.3361091,49.741684,0.022065165,0.28662914,0.95713186,0.035432115,0.16099972,-0.23816429,-0.77150434,0.56757194,-1.0,0
1763545086297,1009.8354,-0.11066805,4.5930233,11.044671,-0.18364123,0.40103272,-0.07910699,28.612501,-24.975,20.04375,46.950733,0.3361091,49.741684,0.022065165,0.28662914,0.95713186,0.035432115,0.16099972,-0.23816429,-0.77150434,0.56757194,-1.0,0
1763545086322,1009.8354,-0.15672988,4.3728833,10.133604,-0.07002038,0.22510368,-0.04657844,28.63125,-24.750002,21.88125,46.950733,0.3361091,49.741684,0.015700303,0.28348964,0.95820934,0.03495718,0.16366228,-0.2320076,-0.77295554,0.567386,-1.0,0
1763545086348,1009.81976,-0.27038896,4.581059,7.7742805,0.018555017,0.13713914,-0.021074835,30.337502,-23.56875,21.7875,46.950733,0.3361091,49.741684,0.015197385,0.28346536,0.9582169,0.03516809,0.16390386,-0.23177375,-0.7734292,0.566766,-1.0,0
1763545086373,1009.79144,-0.61016977,4.725825,7.153343,-0.035201084,0.3084867,0.016187917,29.325,-24.91875,22.59375,46.950733,0.3361091,49.741684,0.010895906,0.28325725,0.95837754,0.034045327,0.16708931,-0.22898592,-0.7730063,0.5675454,-1.0,0
1763545086398,1009.79144,-0.79740816,4.5218368,6.7405815,-0.0075594517,0.29565856,0.07299834,29.681252,-23.8875,22.181252,46.950733,0.3361091,49.741684,0.008183554,0.28331044,0.95843846,0.032617774,0.16927795,-0.22732523,-0.77209973,0.5687972,-1.0,0
1763545086423,1009.768,-0.37686956,4.042674,5.7690954,0.08620829,-0.08918626,0.20876303,30.525002,-25.031252,19.3875,46.950733,0.3361091,49.741684,0.007531176,0.28407395,0.9582675,0.031122692,0.17029527,-0.2274956,-0.7709582,0.56997263,-1.0,0
1763545086449,1009.7465,0.2847459,3.9547377,5.718248,0.07475458,-0.043524116,0.23747368,27.562502,-25.612501,22.96875,46.950733,0.3361091,49.741684,0.009882815,0.28559878,0.9579067,0.02739314,0.16944763,-0.23011267,-0.76823455,0.572845,-1.0,0
1763545086473,1009.7465,0.36610186,3.882953,5.7140603,0.043753188,0.13988803,0.22220206,31.031252,-23.75625,21.73125,46.950733,0.3361091,49.741684,0.009294115,0.2860594,0.95784277,0.024917731,0.17019926,-0.23010556,-0.7666381,0.5747605,-1.0,0
1763545086498,1009.7304,0.43010986,3.8787656,5.9377894,0.06818778,0.17516547,0.19288056,29.56875,-25.275002,21.50625,46.950733,0.3361091,49.741684,0.008317681,0.28671753,0.95771223,0.022609018,0.17136417,-0.23002268,-0.7651263,0.5764596,-1.0,0
1763545086524,1009.7304,-0.31166515,5.0506506,5.9671016,0.25801402,0.054061532,0.056199558,27.150002,-24.7875,22.96875,46.950733,0.3361091,49.741684,0.008126741,0.28827497,0.95727724,0.021256834,0.17246947,-0.23113368,-0.763973,0.57721466,-1.0,0
1763545086549,1009.7236,-0.3924229,5.590232,5.575277,0.18455753,-0.028252495,0.011759147,30.150002,-24.468752,22.1625,46.950733,0.3361091,49.741684,0.008041553,0.29278195,0.9559242,0.02056576,0.17549689,-0.23449263,-0.76207834,0.5774519,-1.0,0
1763545086574,1009.7358,-0.40259242,6.2105713,8.373683,-0.21662793,-0.13561198,-0.14034618,29.812502,-25.500002,21.806252,46.950733,0.3361091,49.741684,0.00914848,0.29263934,0.955934,0.021648666,0.17469853,-0.23495083,-0.7623709,0.57712144,-1.0,0
1763545086600,1009.7358,-1.2969099,6.2063837,9.625728,-0.17783801,0.014966187,-0.06994402,30.187502,-24.206251,22.612501,46.950733,0.3361091,49.741684,0.009912345,0.29086068,0.9564287,0.023364121,0.17308848,-0.23396276,-0.7635937,0.5763909,-1.0,0
1763545086626,1009.76874,-1.4171492,6.775277,9.906285,-0.0674242,0.10476331,0.12782346,27.35625,-23.643751,23.962502,46.950733,0.3361091,49.741684,0.008314693,0.28862306,0.9571371,0.022718364,0.17301689,-0.23116565,-0.7635759,0.5775633,-1.0,0
1763545086651,1009.78827,-0.36370903,8.367103,9.318848,-0.04085158,-0.26282457,0.17302746,29.00625,-23.7,21.31875,46.950733,0.3361091,49.741684,0.008259164,0.2887673,0.95714325,0.020543661,0.17323942,-0.23117714,-0.7620042,0.5795644,-1.0,0
1763545086676,1009.78827,0.014955142,8.301898,9.817751,-0.20624322,-0.5039635,0.08002329,30.31875,-23.8125,20.41875,46.950733,0.3361091,49.741684,0.0110258255,0.28870258,0.95715207,0.01972831,0.17119218,-0.2327315,-0.7611079,0.5807271,-1.0,0
1763545086701,1009.8107,0.61435723,7.8873415,10.97169,-0.4021781,-0.33826637,0.044287696,28.81875,-24.6,21.69375,46.950733,0.3361091,49.741684,0.018950382,0.28362128,0.9585181,0.021047087,0.16210707,-0.23349829,-0.76230294,0.58145857,-1.0,0
1763545086727,1009.8361,1.7042879,5.465805,13.644473,-0.34154978,0.028099779,-0.16661337,28.875002,-24.337502,20.90625,46.950733,0.3361091,49.741684,0.020057388,0.27896118,0.95985323,0.021451572,0.15832384,-0.23055412,-0.7636268,0.5819385,-1.0,0
1763545086751,1009.8361,2.2002003,4.436293,12.8721895,-0.022067491,0.18219042,-0.377209,29.362501,-23.41875,21.2625,46.950733,0.3361091,49.741684,0.019719217,0.2753859,0.9608601,0.022840243,0.15615271,-0.22768961,-0.7658043,0.5807904,-1.0,0
1763545086776,1009.8393,0.8679964,3.7423747,10.8047905,0.20334162,0.31841326,-0.45051277,29.04375,-23.456251,21.91875,46.950733,0.3361091,49.741684,0.017536521,0.2745533,0.9610687,0.025689568,0.15701956,-0.22590244,-0.7685665,0.5775972,-1.0,0
1763545086801,1009.8393,0.11306087,3.495914,8.711669,0.24258968,0.30008733,-0.31810784,30.487501,-25.050001,21.243752,46.950733,0.3361091,49.741684,0.010261116,0.2777318,0.960104,0.030984318,0.16419949,-0.2242293,-0.7723654,0.5711493,-1.0,0
1763545086826,1009.81805,0.5312066,3.932006,7.6073813,0.09674571,-0.13790272,0.028863361,31.050001,-23.737501,21.112501,46.950733,0.3361091,49.741684,0.009525519,0.27878368,0.95977277,0.032018628,0.1653135,-0.22468317,-0.77303976,0.56973547,-1.0,0
1763545086851,1009.7961,0.7112665,4.4632125,7.3226357,0.15447243,-0.20723587,0.102014415,29.6625,-23.90625,23.268751,46.950733,0.3361091,49.741684,0.010971825,0.27940473,0.95957416,0.03209372,0.16447148,-0.22613385,-0.77316195,0.56923914,-1.0,0
1763545086876,1009.7961,1.134198,4.726423,6.6735826,0.24930918,-0.1763872,0.091018856,28.556252,-24.393751,22.800001,46.950733,0.3361091,49.741684,0.015498477,0.28288817,0.9585206,0.031182941,0.16299318,-0.23173076,-0.77197385,0.5690259,-1.0,0
1763545086902,1009.7602,1.3184453,4.8640103,5.022535,0.23357943,-0.047189303,-0.13729186,30.825,-24.018751,22.6875,46.950733,0.3361091,49.741684,0.016557291,0.28569326,0.95766866,0.031239407,0.16391033,-0.23458087,-0.77131164,0.5684924,-1.0,0
1763545086927,1009.73065,0.34456646,4.7629137,4.88076,0.116904244,0.038026333,-0.25824308,33.375,-25.25625,21.88125,46.950733,0.3361091,49.741684,0.016997026,0.2881067,0.9568958,0.03249673,0.16511479,-0.23670967,-0.7713509,0.5672067,-1.0,0
1763545086952,1009.73065,-0.62452674,4.746164,5.2755756,0.07918335,0.07620538,-0.19089524,30.2625,-24.581251,22.48125,46.950733,0.3361091,49.741684,0.014914424,0.2906167,0.9560366,0.03624275,0.16850819,-0.23724563,-0.7725126,0.56439686,-1.0,0
1763545086977,1009.70746,-0.46121657,4.8502517,5.6033926,0.15737404,-0.004123337,-0.01970039,30.13125,-24.487501,23.71875,46.950733,0.3361091,49.741684,0.014774216,0.2922909,0.9555193,0.036475684,0.16976434,-0.23839532,-0.7719958,0.564243,-1.0,0
1763545087003,1009.70746,0.7812566,5.5501523,5.639883,0.18868086,-0.20570871,-0.029474225,31.725,-25.425001,21.75,46.950733,0.3361091,49.741684,0.016272137,0.29447928,0.9548231,0.036470402,0.17004046,-0.24097525,-0.7712286,0.5641131,-1.0,0
1763545087028,1009.70844,0.43010986,5.9910297,6.174081,0.049556404,-0.15882485,-0.074525505,31.031252,-24.50625,21.91875,46.950733,0.3361091,49.741684,0.019720776,0.29719418,0.9538436,0.038330127,0.169236,-0.24509683,-0.7711241,0.5627205,-1.0,0
1763545087054,1009.7236,0.17108682,6.3804617,7.463214,-0.043905906,-0.051618073,-0.05070178,29.306252,-24.937502,22.893751,46.950733,0.3361091,49.741684,0.020084614,0.29708415,0.95384556,0.038938437,0.16899604,-0.24515854,-0.77124345,0.5626021,-1.0,0
1763545087080,1009.7236,0.43010986,6.641279,8.5423765,0.19219333,-0.1084285,-0.038179047,30.206251,-24.843752,23.118752,46.950733,0.3361091,49.741684,0.019775636,0.2974663,0.9537331,0.038934812,0.16954543,-0.2452175,-0.770993,0.5627544,-1.0,0
1763545087104,1009.7402,0.52522457,6.7782683,8.118847,0.15844305,-0.366977,-0.12492185,31.44375,-25.218752,23.925001,46.950733,0.3361091,49.741684,0.023928605,0.3008216,0.95246756,0.041704517,0.1684794,-0.25036153,-0.7715042,0.5601027,-1.0,0
1763545087129,1009.76483,0.60777694,6.7651076,9.092128,-0.08681916,-0.33063057,-0.19578215,31.44375,-25.968752,23.5125,46.950733,0.3361091,49.741684,0.026456032,0.30010086,0.95250356,0.044458736,0.16610625,-0.25133476,-0.773127,0.5581345,-1.0,0
1763545087155,1009.76483,-1.6295122,6.608378,11.666206,-0.2248746,0.549931,-0.05574141,31.893751,-24.54375,22.7625,46.950733,0.3361091,49.741684,0.024474043,0.2976916,0.9532327,0.046132345,0.16614261,-0.24822551,-0.7747733,0.5572316,-1.0,0
1763545087179,1009.80023,-2.0835502,6.896115,11.209776,0.047571093,0.46838057,0.17150028,30.187502,-24.843752,23.8875,46.950733,0.3361091,49.741684,0.018869013,0.29565448,0.95403785,0.045212775,0.16920735,-0.24317993,-0.7749553,0.5582801,-1.0,0
1763545087204,1009.8034,-1.8011973,6.9852476,9.48156,0.2042579,0.0029016077,0.3280344,31.893751,-25.275002,21.5625,46.950733,0.3361091,49.741684,0.015049641,0.2978514,0.9536728,0.039574597,0.17358021,-0.24251154,-0.771124,0.5625174,-1.0,0
1763545087230,1009.8034,-0.148355,6.4570317,8.806186,-0.041157015,-0.41065386,0.34742934,31.931252,-25.66875,24.206251,46.950733,0.3361091,49.741684,0.019530348,0.29742077,0.9538034,0.03766345,0.1699005,-0.24489665,-0.76981664,0.56439507,-1.0,0
1763545087255,1009.82416,-0.63828546,4.8251266,10.93161,-0.53458303,0.5673407,-0.015882485,30.88125,-23.6625,23.737501,46.950733,0.3361091,49.741684,0.021254266,0.29349974,0.9550185,0.03668572,0.16606244,-0.24293439,-0.7702699,0.5657654,-1.0,0
1763545087280,1009.82416,-2.3551357,4.7730827,11.087144,-0.33880088,0.67851806,0.09071342,31.031252,-25.0125,23.962502,46.950733,0.3361091,49.741684,0.009269498,0.28495035,0.9579366,0.032785274,0.16982447,-0.22900274,-0.77086276,0.5696385,-1.0,0
1763545087306,1009.8322,-1.8807586,5.094918,9.873384,0.0005345067,0.20983206,0.33857182,31.987501,-24.0375,22.725,46.950733,0.3361091,49.741684,0.007678489,0.2846023,0.958168,0.029268395,0.17077075,-0.22780427,-0.7690693,0.5722543,-1.0,0
1763545087332,1009.8068,-0.021535404,4.7162533,7.2849483,0.0022143847,-0.044898562,0.3358229,30.656252,-25.5375,23.268751,46.950733,0.3361091,49.741684,0.009866468,0.28565523,0.9579273,0.026057804,0.16969168,-0.2300022,-0.7669325,0.5745592,-1.0,0
1763545087357,1009.8068,-0.0029910284,4.19402,7.433902,-0.10651954,0.23426664,0.30863944,30.225,-24.6,24.6375,46.950733,0.3361091,49.741684,0.011154972,0.28564206,0.95799315,0.023091618,0.16868015,-0.23078744,-0.76512563,0.57694626,-1.0,0
1763545087383,1009.789,-0.1058824,3.7573297,7.32443,-0.019165883,0.46043932,0.3254382,32.86875,-23.831251,24.937502,46.950733,0.3361091,49.741684,0.006406531,0.28429753,0.9585921,0.015331829,0.1714799,-0.22684969,-0.7609975,0.5831095,-1.0,0
1763545087408,1009.75653,0.037686955,4.1575294,5.8307104,0.42554367,0.13637556,0.4411971,31.95,-24.056252,24.581251,46.950733,0.3361091,49.741684,0.0034808137,0.28615823,0.9581166,0.010674624,0.17486508,-0.2265411,-0.757898,0.5862525,-1.0,0
1763545087433,1009.75653,1.3956138,4.371687,4.924429,0.5577959,-0.0067195124,0.35705048,30.975,-24.525002,24.562502,46.950733,0.3361091,49.741684,0.0046501374,0.29530814,0.95538646,0.0028727064,0.17964128,-0.2344302,-0.75087863,0.59072226,-1.0,0
1763545087458,1009.71747,1.2179468,4.705486,3.4007993,0.38675377,0.037568185,0.11346813,32.625,-24.468752,23.456251,46.950733,0.3361091,49.741684,0.004995285,0.29921305,0.95417196,0.0015748123,0.1818849,-0.23763686,-0.7488955,0.59127164,-1.0,0
1763545087483,1009.7209,-0.53599226,4.923831,6.979265,-0.44448048,0.35781404,0.05146536,30.825,-24.656252,23.6625,46.950733,0.3361091,49.741684,0.0030159163,0.29857638,0.9543806,0.0008797995,0.1832159,-0.23577294,-0.7481884,0.5925008,-1.0,0
1763545087508,1009.7209,-0.65682983,5.3389854,9.276974,-0.26992586,0.34468046,0.17104214,32.2125,-24.2625,23.79375,46.950733,0.3361091,49.741684,0.00021770025,-0.29471663,-0.95558447,0.000588115,0.1834475,-0.23066197,-0.74796796,0.59471506,-1.0,0
1763545087533,1009.74774,-0.15314065,5.9748783,9.424132,0.19326234,0.119271345,0.24724752,32.100002,-24.150002,23.643751,46.950733,0.3361091,49.741684,0.003570547,-0.2937138,-0.95586985,0.0056794826,0.18535432,-0.22786911,-0.7452755,0.5985682,-1.0,0
1763545087558,1009.74774,0.38584265,6.7034926,8.147561,0.4954877,-0.31398448,0.17195843,32.643753,-24.45,21.900002,46.950733,0.3361091,49.741684,0.00018705708,-0.29836565,-0.9544304,0.006366368,0.18560557,-0.23360795,-0.7436942,0.59824485,-1.0,0
1763545087583,1009.7548,0.8129615,7.48774,7.5589266,0.08300125,-0.2864956,-0.12843432,34.2,-24.675001,22.837502,46.950733,0.3361091,49.741684,-0.0049394094,-0.3024438,-0.95314,0.0052381475,0.18422964,-0.23990849,-0.7431236,0.5968842,-1.0,0
1763545087608,1009.779,-0.098703936,7.600801,8.5220375,-0.3180315,0.364839,-0.1678351,32.15625,-25.275002,24.018751,46.950733,0.3361091,49.741684,-0.0036158487,-0.30111846,-0.9535758,0.0028095094,0.18472312,-0.23782928,-0.744271,0.59613365,-1.0,0
1763545087633,1009.779,0.032901313,7.648658,10.963913,-0.37545276,0.479987,-0.11942407,32.53125,-25.48125,25.06875,46.950733,0.3361091,49.741684,0.0011835519,-0.29782975,-0.9546133,0.0030791087,0.18650018,-0.23221037,-0.7447331,0.59721744,-1.0,0
1763545087658,1009.80365,0.40259242,7.84128,9.549157,0.117056966,-0.54580766,-0.29275694,32.71875,-24.6,24.69375,46.950733,0.3361091,49.741684,0.002071886,-0.29774675,-0.9546414,0.0015496294,0.18710844,-0.23162001,-0.74579763,0.5959266,-1.0,0
1763545087684,1009.82074,0.8859426,7.1012993,9.41815,-0.3068832,-0.6510291,-0.35705048,33.675003,-25.10625,23.23125,46.950733,0.3361091,49.741684,0.0072820564,0.2963547,0.955018,0.007839098,0.17903568,-0.23627394,-0.7516633,0.5891716,-1.0,0
1763545087709,1009.82074,1.3160524,5.8468623,11.994621,-0.77801263,-0.21105379,-0.3657553,34.425003,-24.91875,23.90625,46.950733,0.3361091,49.741684,0.008371394,0.28908807,0.95719326,0.011794155,0.17358579,-0.23132226,-0.7560035,0.58721095,-1.0,0
1763545087736,1009.85516,0.41754755,4.4201417,13.042678,-0.12545635,0.2698495,-0.21349724,34.518753,-23.6625,24.45,46.950733,0.3361091,49.741684,0.0051811603,0.2823108,0.959207,0.013990097,0.17156275,-0.22425978,-0.759719,0.5857481,-1.0,0
1763545087761,1009.85516,0.7256235,4.1982074,10.520044,0.30275986,-0.1311832,-0.13271037,34.48125,-24.656252,23.8875,46.950733,0.3361091,49.741684,0.0022195042,0.28030145,0.9597891,0.01519893,0.1722862,-0.22111374,-0.7618405,0.5839736,-1.0,0
1763545087786,1009.84515,1.2239288,3.9780676,8.016554,0.44417506,-0.33735007,-0.16447534,34.818752,-24.375002,24.45,46.950733,0.3361091,49.741684,0.006224977,0.28607967,0.95799536,0.019094804,0.17227942,-0.2284735,-0.7640052,0.5782869,-1.0,0
1763545087811,1009.8149,0.08075777,4.095316,5.4759746,0.0067958706,-0.068416856,-0.229227,34.5,-25.9125,25.650002,46.950733,0.3361091,49.741684,0.008230193,0.28877154,0.95711434,0.0218039,0.17227858,-0.23189834,-0.7652232,0.57530576,-1.0,0
1763545087836,1009.8149,-0.4456632,4.040281,6.2865434,-0.14439316,0.06902772,-0.13713914,33.24375,-24.91875,24.337502,46.950733,0.3361091,49.741684,0.008338788,0.28890204,0.95701957,0.024075074,0.17227784,-0.2320652,-0.7665452,0.5734759,-1.0,0
1763545087862,1009.79706,-0.31226337,3.9738803,6.6011996,0.009850195,-0.031459536,-0.029016078,34.93125,-23.868752,23.643751,46.950733,0.3361091,49.741684,0.0073234,0.28766334,0.957362,0.025576545,0.17230548,-0.23046619,-0.7677513,0.57249814,-1.0,0
1763545087887,1009.7729,0.61016977,4.3184466,5.4891353,0.27924156,-0.16355905,-0.091782436,33.881252,-25.35,25.3875,46.950733,0.3361091,49.741684,0.009493261,0.28948864,0.9567752,0.026218832,0.17169999,-0.23326576,-0.76776415,0.57152814,-1.0,0
1763545087912,1009.7729,-0.0029910284,4.682754,4.939384,0.14989094,0.020616686,-0.14752385,33.80625,-25.725,24.6375,46.950733,0.3361091,49.741684,0.0109796235,0.29206517,0.9559415,0.027443381,0.17211194,-0.23622043,-0.7679035,0.5700014,-1.0,0
1763545087937,1009.7487,-0.5485546,4.8382874,5.642874,-0.015958842,0.046883874,-0.12110394,34.0125,-26.19375,24.337502,46.950733,0.3361091,49.741684,0.0096371,0.29381555,0.9553515,0.0297159,0.17441331,-0.23664415,-0.76845366,0.5683824,-1.0,0
1763545087962,1009.7487,-0.79740816,5.0195436,6.431309,-0.010919208,-0.009468404,-0.028405212,34.74375,-25.3875,25.7625,46.950733,0.3361091,49.741684,0.009482199,0.2938713,0.9553251,0.030060949,0.17463514,-0.23654354,-0.7684889,0.5683085,-1.0,0
1763545087987,1009.7426,-0.1788635,5.7284174,7.042077,0.22609633,-0.16707152,0.23548837,34.443752,-26.175001,25.66875,46.950733,0.3361091,49.741684,0.010424505,0.29490232,0.9550226,0.029254952,0.17459604,-0.2378913,-0.76760435,0.568953,-1.0,0
1763545088012,1009.7475,0.30508488,5.945566,7.429714,0.23648103,-0.2782489,0.262061,35.41875,-25.800001,24.16875,46.950733,0.3361091,49.741684,0.0125631485,0.29705912,0.9543779,0.02758361,0.1743163,-0.24086466,-0.7659163,0.5700617,-1.0,0
1763545088037,1009.7475,0.6412765,6.154938,8.035697,0.2115883,-0.18784092,0.26633704,34.6875,-26.175001,28.893751,46.950733,0.3361091,49.741684,0.018561307,0.3012783,0.95305413,0.023973094,0.17231031,-0.24783522,-0.7624443,0.5723334,-1.0,0
1763545088063,1009.75824,0.5886344,6.4881387,9.0029955,0.1918879,-0.02687805,0.27458373,33.375,-27.0375,26.775002,46.950733,0.3361091,49.741684,0.019751491,0.3030473,0.95252925,0.021453079,0.17247513,-0.24996023,-0.7604669,0.57398814,-1.0,0
1763545088088,1009.7775,1.4614165,7.32443,8.565707,0.33925903,-0.025961753,0.20204352,34.050003,-26.7,25.125002,46.950733,0.3361091,49.741684,0.020501643,0.30572116,0.9517183,0.018616308,0.17351066,-0.25254664,-0.75815,0.5756065,-1.0,0
1763545088113,1009.7775,1.4542379,7.5589266,8.347362,0.08834632,-0.04612029,0.04459313,32.737503,-27.975,27.187502,46.950733,0.3361091,49.741684,0.02160893,0.30886877,0.9507127,0.016691945,0.1745849,-0.25570878,-0.7561882,0.57646555,-1.0,0
1763545088138,1009.7924,0.631107,7.400402,9.199805,-0.16103923,-0.041233372,-0.06108648,34.03125,-27.975,27.975,46.950733,0.3361091,49.741684,0.022816163,0.30868903,0.9507381,0.016960768,0.17365421,-0.2562298,-0.7560872,0.57664776,-1.0,0
1763545088163,1009.7924,0.33260235,6.402595,9.77468,-0.508774,0.056046844,-0.067958705,33.61875,-27.2625,27.056252,46.950733,0.3361091,49.741684,0.022632364,0.30589184,0.9516353,0.017555911,0.17208894,-0.25390434,-0.7571004,0.5768162,-1.0,0
1763545088188,1009.80853,0.18903299,5.773881,10.992029,-0.5976548,0.17806709,-0.11514801,31.800001,-28.087502,29.156252,46.950733,0.3361091,49.741684,0.019729437,0.29558456,0.95492774,0.018799579,0.1678686,-0.24408938,-0.7606906,0.57757276,-1.0,0
1763545088213,1009.82684,-0.695115,5.2743793,11.170295,-0.40401068,0.24388777,-0.13820815,36.412502,-27.337502,25.3875,46.950733,0.3361091,49.741684,0.016910972,0.29149953,0.95622295,0.019486014,0.16738832,-0.23924695,-0.7625118,0.5773368,-1.0,0
1763545088238,1009.82684,-0.10229317,4.9938207,9.403793,-0.15080725,-0.17195843,0.10262528,33.43125,-27.393751,26.925001,46.950733,0.3361091,49.741684,0.0167768,0.2893437,0.9568761,0.019668357,0.16602851,-0.23756215,-0.76345104,0.5771839,-1.0,0
1763545088263,1009.8295,0.46899325,4.854439,8.914461,-0.19540037,0.041691523,0.07238748,34.725002,-26.8875,26.156252,46.950733,0.3361091,49.741684,0.018411435,0.28762922,0.9573705,0.019293277,0.1635899,-0.23729284,-0.76383424,0.57748395,-1.0,0
1763545088288,1009.8139,0.13399807,4.6564326,8.318049,-0.21204643,0.2640463,-0.01527162,34.912502,-28.125002,26.5125,46.950733,0.3361091,49.741684,0.015721055,0.28351176,0.95867145,0.017970663,0.16297309,-0.23252062,-0.7644879,0.5787332,-1.0,0
1763545088314,1009.8139,-0.42592242,4.221537,7.973483,-0.100105464,0.18967351,0.050854493,33.787502,-27.862501,26.775002,46.950733,0.3361091,49.741684,0.012794987,0.2815717,0.95929736,0.017386705,0.16402632,-0.22921972,-0.7647361,0.57942414,-1.0,0
1763545088339,1009.8068,-0.33260235,4.01396,7.3639116,0.09842559,0.19089524,0.12904519,35.756252,-26.79375,26.812502,46.950733,0.3361091,49.741684,0.011008676,0.2805314,0.95964056,0.01646044,0.16473727,-0.2273339,-0.76456064,0.5801965,-1.0,0
1763545088365,1009.78217,-0.26859435,4.0534415,6.024529,0.18532111,0.18417573,0.19120067,36.24375,-28.10625,25.743752,46.950733,0.3361091,49.741684,0.008239287,0.28293875,0.9590209,0.012512491,0.16829929,-0.22759084,-0.76189715,0.5825723,-1.0,0
1763545088390,1009.78217,-0.047856454,4.121039,5.642276,0.10957387,0.05742129,0.21349724,35.362503,-28.06875,26.456251,46.950733,0.3361091,49.741684,0.00824383,0.28402793,0.95872426,0.010389138,0.1690065,-0.22842205,-0.76025504,0.5841853,-1.0,0
1763545088415,1009.7675,0.14596218,4.3872404,5.9497533,0.044364054,-0.15806127,0.08460477,34.96875,-27.862501,26.025002,46.950733,0.3361091,49.741684,0.00997728,0.28468916,0.95852345,0.009233357,0.16807516,-0.2299961,-0.7593243,0.5850463,-1.0,0
1763545088440,1009.7675,0.19441684,4.4255257,6.5665035,-0.24396412,0.027947064,0.05665771,34.331253,-28.687502,27.843752,46.950733,0.3361091,49.741684,0.0115902005,0.28299138,0.95901656,0.008296522,0.16582152,-0.22961201,-0.7589706,0.5862978,-1.0,0
1763545088465,1009.7575,-0.27098715,4.2574296,8.340781,-0.38263044,0.2997819,0.03604102,36.075,-28.987501,25.050001,46.950733,0.3361091,49.741684,0.008865991,0.2793764,0.9601138,0.007190382,0.16569787,-0.22510882,-0.7592288,0.587743,-1.0,0
1763545088491,1009.767,-0.4528417,5.0697927,9.57787,0.35285076,0.15195261,0.13652828,34.48125,-29.531252,26.325,46.950733,0.3361091,49.741684,0.0055298773,0.277577,0.9606726,0.005342765,0.1671117,-0.22170535,-0.7587834,0.5892098,-1.0,0
1763545088515,1009.767,-0.86919284,6.0550375,6.759724,0.70119643,-0.03252855,0.14477496,35.15625,-28.968752,27.618752,46.950733,0.3361091,49.741684,0.004931297,0.28699812,0.9579153,0.0024644576,0.1733019,-0.22882023,-0.75509477,0.5894401,-1.0,0
1763545088540,1009.7514,-0.89730847,7.0504518,5.011767,0.4597521,-0.2451095,0.1886045,34.0125,-29.7,26.23125,46.950733,0.3361091,49.741684,0.007452983,0.29182348,0.956442,0.001480832,0.17455396,-0.2339816,-0.7526814,0.5901307,-1.0,0
1763545088565,1009.75726,0.47018966,7.7353973,8.685348,-0.40569058,0.08277218,-0.055588696,34.050003,-31.575,27.2625,46.950733,0.3361091,49.741684,0.0105085885,0.29220536,0.9562972,0.0011259934,0.17269364,-0.23594771,-0.7515842,0.5912925,-1.0,0
1763545088590,1009.75726,-0.9290134,7.4997044,10.387243,-0.4220312,0.26557347,-0.10338886,33.7125,-31.10625,27.112501,46.950733,0.3361091,49.741684,0.009722129,0.28901422,0.95727444,0.0014072481,0.171534,-0.23280853,-0.75201994,0.5923194,-1.0,0
1763545088615,1009.77606,-1.4578272,7.4063845,10.056436,-0.17539455,-0.041691523,0.06475167,35.0625,-30.337502,26.00625,46.950733,0.3361091,49.741684,0.007062616,0.2838707,0.9588356,0.0013474431,0.17062108,-0.22698213,-0.7527144,0.5939601,-1.0,0
1763545088640,1009.77606,0.27098715,7.663613,9.235099,-0.19234605,-0.59834206,0.20983206,34.987503,-31.35,27.300001,46.950733,0.3361091,49.741684,0.012911165,0.28236923,0.9592182,0.0011489559,0.16524616,-0.22933112,-0.7525205,0.5948225,-1.0,0
1763545088665,1009.79584,2.07697,6.1657057,11.827723,-0.575511,-0.11102467,-0.092851445,35.456253,-30.431252,27.675001,46.950733,0.3361091,49.741684,0.018946774,0.27819258,0.9603368,0.0017612723,0.15800118,-0.22975138,-0.7535717,0.59529793,-1.0,0
1763545088690,1009.81683,1.2430713,5.616553,12.758531,-0.43104145,0.21762058,-0.13729186,34.66875,-30.656252,28.5375,46.950733,0.3361091,49.741684,0.018051881,0.26846257,0.96311426,0.003581724,0.15243211,-0.22172615,-0.7574828,0.59482914,-1.0,0
1763545088715,1009.81683,0.8111669,4.9902315,12.540784,-0.068340495,0.15913028,-0.09422589,35.006252,-30.581251,25.706251,46.950733,0.3361091,49.741684,0.016463455,0.26734337,0.96345234,0.004007161,0.15278697,-0.21999921,-0.7585423,0.5940287,-1.0,0
1763545088742,1009.82855,0.86081797,4.278367,8.315059,0.5209913,-0.24098615,0.0386372,34.237503,-31.425001,26.775002,46.950733,0.3361091,49.741684,0.017822053,0.26985052,0.9627267,0.0045134346,0.15307651,-0.22294505,-0.75881416,0.5925067,-1.0,0
1763545088767,1009.7885,1.46022,4.3387856,6.2009997,0.22731806,-0.22983788,0.039553493,35.9625,-30.768751,28.087502,46.950733,0.3361091,49.741684,0.022699343,0.2763995,0.96076274,0.0047988268,0.1531331,-0.23121893,-0.75787795,0.590516,-1.0,0
1763545088792,1009.7885,1.841277,4.336393,7.682157,-0.23755004,0.015729768,-0.0377209,35.0625,-31.706251,26.85,46.950733,0.3361091,49.741684,0.02277954,0.27425826,0.961373,0.005051561,0.15173168,-0.22959527,-0.7585495,0.5906489,-1.0,0
1763545088817,1009.7763,0.77647096,4.1874394,8.386245,0.27053675,0.2272417,-0.21456626,35.775,-31.650002,28.1625,46.950733,0.3361091,49.741684,0.019913549,0.27244297,0.9619502,0.005489197,0.1527337,-0.2264821,-0.7596056,0.59023523,-1.0,0
1763545088843,1009.7763,0.506082,4.551149,6.3009005,0.5183951,-0.04459313,-0.18845178,35.90625,-31.0125,28.125002,46.950733,0.3361091,49.741684,0.017474348,0.27467448,0.96135473,0.00675767,0.15588187,-0.22683091,-0.7603071,0.58837205,-1.0,0
1763545088868,1009.7526,1.1778669,4.805386,5.238487,0.4258491,-0.1310305,-0.17715079,35.925003,-32.268753,29.56875,46.950733,0.3361091,49.741684,0.018388838,0.2836376,0.95869875,0.010404759,0.16073702,-0.23441856,-0.7603727,0.5839905,-1.0,0
1763545088894,1009.72577,0.9194421,4.7742796,5.7260246,0.15218168,0.13087778,-0.35582873,35.643753,-32.925003,30.2625,46.950733,0.3361091,49.741684,0.017995799,0.28617534,0.95792377,0.0127265705,0.1626899,-0.23611899,-0.7610094,0.5819317,-1.0,0
1763545088919,1009.72577,0.21894327,4.9782677,5.9958153,0.19998185,0.13332124,-0.33505934,36.43125,-34.0875,29.94375,46.950733,0.3361091,49.741684,0.01608863,0.2878874,0.95740294,0.0155421365,0.16530593,-0.23624551,-0.76219606,0.5795854,-1.0,0
1763545088944,1009.7143,-0.11545369,5.2947183,6.216553,0.2749655,-0.043982264,-0.25717407,39.09375,-33.318752,28.987501,46.950733,0.3361091,49.741684,0.0137738325,0.29275936,0.9558633,0.020678412,0.17027985,-0.23854253,-0.76381665,0.57505333,-1.0,0
1763545088969,1009.71063,-0.34456646,5.4143596,6.634699,0.33040148,-0.17974696,-0.15531237,35.381252,-34.8375,31.331251,46.950733,0.3361091,49.741684,0.014968865,0.29599562,0.95480424,0.02261192,0.1714351,-0.24175915,-0.7639621,0.57317054,-1.0,0
1763545088995,1009.71063,0.40378883,5.8265233,6.7902327,0.3180315,-0.10827578,0.022296565,37.425003,-34.237503,30.150002,46.950733,0.3361091,49.741684,0.016511226,0.29956686,0.95364314,0.023490392,0.1725011,-0.24547155,-0.7634371,0.57197106,-1.0,0
1763545089020,1009.7238,0.4426722,6.068198,7.3453674,0.23205225,-0.11117739,-0.013286309,36.80625,-34.425003,30.075,46.950733,0.3361091,49.741684,0.018774994,0.30493748,0.95188665,0.02392633,0.17418674,-0.25099468,-0.76201314,0.5709611,-1.0,0
1763545089045,1009.7375,-0.22432712,6.4348984,7.5786676,0.15477787,-0.16462806,-0.0108428495,38.550003,-35.006252,32.23125,46.950733,0.3361091,49.741684,0.020256475,0.30648884,0.9513433,0.024498573,0.17405905,-0.25307947,-0.7617744,0.5703981,-1.0,0
1763545089070,1009.7375,0.24526432,6.687341,9.628718,-0.046654798,0.08170316,0.0003054324,35.568752,-35.943752,33.075,46.950733,0.3361091,49.741684,0.021996351,0.3066278,0.9512517,0.024814457,0.17286709,-0.25420743,-0.76170236,0.5703552,-1.0,0
1763545089096,1009.7629,-0.70289165,6.8889365,10.000802,-0.054901473,0.18341215,0.023365578,35.831253,-35.53125,31.462502,46.950733,0.3361091,49.741684,0.02124662,0.3062147,0.951408,0.024575416,0.17319608,-0.25342053,-0.76168364,0.5706305,-1.0,0
1763545089120,1009.7629,-0.93320084,7.094121,9.887741,-0.050778136,0.014508039,0.14385866,37.2,-35.15625,32.7,46.950733,0.3361091,49.741684,0.019478265,0.30517825,0.9518272,0.022620967,0.17395775,-0.25149924,-0.7607623,0.57247496,-1.0,0
1763545089146,1009.78217,0.53359944,6.655038,11.598011,-0.33376125,-0.38759372,0.12690715,37.631252,-35.23125,32.49375,46.950733,0.3361091,49.741684,0.021908026,0.3034653,0.95234245,0.021743443,0.17104316,-0.25162545,-0.7604996,0.57364553,-1.0,0
1763545089171,1009.8095,0.66161543,6.224928,12.266207,-0.19127703,-0.07299834,0.091018856,38.325,-34.66875,32.850002,46.950733,0.3361091,49.741684,0.025708646,0.30017796,0.95328736,0.021805074,0.16594388,-0.2514565,-0.76145965,0.5739438,-1.0,0
1763545089197,1009.8095,0.59342,5.898906,10.406385,0.026343543,0.20601414,0.08261946,38.5875,-33.506252,31.368752,46.950733,0.3361091,49.741684,0.02500053,0.2978315,0.95408493,0.019831216,0.164654,-0.24943483,-0.7617633,0.57479393,-1.0,0
1763545089223,1009.80927,0.33320054,5.337191,7.6887374,-0.09964732,-0.27458373,-0.06185006,37.256252,-35.53125,33.6375,46.950733,0.3361091,49.741684,0.025401654,0.29820666,0.9539612,0.019637216,0.16446827,-0.25004533,-0.76178217,0.57455677,-1.0,0
1763545089248,1009.8056,-0.044865426,4.914858,7.746763,-0.29817837,-0.06520981,-0.08002329,39.037502,-33.3375,31.931252,46.950733,0.3361091,49.741684,0.027759314,0.2972674,0.95415926,0.021015543,0.16198584,-0.25079688,-0.7629019,0.57344764,-1.0,0
1763545089274,1009.8056,-0.39720857,4.520042,8.140981,-0.38660106,0.21349724,-0.020769402,38.775,-34.10625,30.300001,46.950733,0.3361091,49.741684,0.025758047,0.29086643,0.9561689,0.021777147,0.15956782,-0.24455038,-0.7650301,0.57398796,-1.0,0
1763545089300,1009.8017,0.0041874396,4.025326,7.432107,0.060857404,0.022143848,0.21197008,37.443752,-34.631252,33.2625,46.950733,0.3361091,49.741684,0.023620851,0.28849718,0.95697504,0.020252116,0.15970975,-0.24141535,-0.7648956,0.5754529,-1.0,0
1763545089326,1009.7753,0.92602235,4.078566,6.321239,0.27313292,-0.24572036,0.22800528,39.318752,-34.18125,31.95,46.950733,0.3361091,49.741684,0.023882033,0.28877893,0.9569237,0.018258177,0.15959935,-0.24185051,-0.76381195,0.5767389,-1.0,0
1763545089352,1009.7753,1.3686945,4.2077785,5.3623157,0.30275986,-0.37018406,0.07849612,38.4375,-34.893753,32.081253,46.950733,0.3361091,49.741684,0.030766843,0.29383373,0.95521134,0.016924823,0.15724185,-0.25011972,-0.76179296,0.57652986,-1.0,0
1763545089377,1009.7424,-0.36191443,4.6091747,5.938986,-0.17799072,0.22098033,-0.08093958,38.662502,-34.3875,33.881252,46.950733,0.3361091,49.741684,0.031837057,0.29488257,0.95483696,0.017806714,0.15709326,-0.25157708,-0.76193875,0.5757431,-1.0,0
1763545089403,1009.7424,-0.7322037,4.8209395,7.7353973,-0.11797326,0.19165882,-0.0029016077,39.15,-34.8375,33.7125,46.950733,0.3361091,49.741684,0.029508157,0.2935059,0.95533234,0.01799318,0.15816206,-0.24900047,-0.7622412,0.5761701,-1.0,0
1763545089429,1009.7387,-0.7603194,5.066802,7.758129,0.18089233,-0.034819294,0.054672398,39.16875,-35.456253,33.581253,46.950733,0.3361091,49.741684,0.027693344,0.2940196,0.95524263,0.017235022,0.159935,-0.24826449,-0.76163566,0.5767987,-1.0,0
1763545089454,1009.74115,0.008973085,5.9210396,6.443273,0.31512988,-0.10506874,0.11804962,38.49375,-35.268753,32.568752,46.950733,0.3361091,49.741684,0.029311607,0.29719725,0.9542194,0.016733915,0.1606746,-0.2517321,-0.7604115,0.5767053,-1.0,0
1763545089479,1009.74115,0.46002015,6.283552,6.9092755,0.107435845,-0.075594515,0.06826414,38.831253,-34.987503,33.9,46.950733,0.3361091,49.741684,0.030517751,0.30025634,0.95323735,0.015917005,0.16172266,-0.25481558,-0.7588965,0.5770536,-1.0,0
1763545089504,1009.7443,0.9206385,6.350551,8.274381,-0.09628756,-0.019853106,-0.027183482,39.375,-35.081253,35.25,46.950733,0.3361091,49.741684,0.03153799,0.30085364,0.9530174,0.015820794,0.16150904,-0.25577798,-0.7581708,0.57764137,-1.0,0
1763545089529,1009.7607,0.549751,6.215357,9.954143,-0.14271328,-0.029474225,-0.12705988,36.9,-35.8125,34.4625,46.950733,0.3361091,49.741684,0.031483456,0.2995465,0.95340884,0.01709664,0.16066806,-0.2547648,-0.7594368,0.5766598,-1.0,0
1763545089554,1009.7607,-0.53659046,7.149754,8.908479,-0.05978839,0.20967934,0.030390523,37.55625,-34.125,32.756252,46.950733,0.3361091,49.741684,0.031084906,0.29909506,0.9535444,0.018139007,0.16063556,-0.2542053,-0.7603381,0.5757272,-1.0,0
1763545089580,1009.7758,-0.4971089,7.749156,8.356335,-0.22685991,0.31276277,0.07742711,38.71875,-35.5125,33.9375,46.950733,0.3361091,49.741684,0.028959326,0.29860288,0.9537799,0.01736661,0.16204637,-0.25247437,-0.7599415,0.57661647,-1.0,0
1763545089605,1009.79,1.2711871,6.902695,10.0372925,-0.6767618,-0.29810202,0.0070249448,39.09375,-35.831253,33.61875,46.950733,0.3361091,49.741684,0.025638625,0.29328308,0.95556104,0.01519365,0.16161329,-0.24607606,-0.7594052,0.5801995,-1.0,0
1763545089631,1009.79,1.2711871,6.902695,10.0372925,-0.6767618,-0.29810202,0.0070249448,39.73125,-33.525,32.49375,46.950733,0.3361091,49.741684,0.028355565,0.2872569,0.95729786,0.016131194,0.15579209,-0.24300079,-0.76124084,0.58068216,-1.0,0
1763545089656,1009.81415,1.238884,4.636692,13.945969,-0.6304888,0.13500112,-0.03695732,38.850002,-34.237503,33.09375,46.950733,0.3361091,49.741684,0.029703425,0.27952135,0.95951885,0.017581385,0.14978586,-0.23786266,-0.7642584,0.5804263,-1.0,0
1763545089681,1009.81415,1.7706888,4.3854456,13.465012,0.049556404,0.10598504,0.09957096,39.225002,-33.206253,32.0625,46.950733,0.3361091,49.741684,0.027870366,0.2726196,0.96157867,0.016379707,0.14621681,-0.23177329,-0.7669748,0.5802167,-1.0,0
1763545089706,1009.83,1.6654046,5.1469617,6.2117677,0.565279,-0.4876228,0.057574004,39.600002,-34.162502,33.0,46.950733,0.3361091,49.741684,0.03077371,0.27783778,0.96000385,0.015866226,0.14682089,-0.23787488,-0.7662205,0.5785891,-1.0,0
1763545089732,1009.80023,1.9830518,4.9878387,5.596214,0.06345358,-0.29688028,-0.020769402,38.4,-34.18125,34.66875,46.950733,0.3361091,49.741684,0.03579373,0.2829753,0.95831895,0.01638893,0.1459305,-0.24507241,-0.76544553,0.57683355,-1.0,0
1763545089758,1009.80023,1.5631114,4.6522455,6.3720865,-0.29909468,0.13362667,-0.14492767,40.068752,-33.99375,33.09375,46.950733,0.3361091,49.741684,0.03748852,0.28130716,0.95871156,0.018250713,0.14355522,-0.24480806,-0.76693094,0.5755674,-1.0,0
1763545089784,1009.7858,0.22013968,4.1922255,7.387242,-0.10193806,0.08261946,-0.18264857,40.10625,-32.25,34.068752,46.950733,0.3361091,49.741684,0.034512103,0.2783345,0.9596672,0.019433178,0.14399987,-0.24067661,-0.76858455,0.57499266,-1.0,0
1763545089809,1009.7729,0.2632105,4.273581,6.5569324,0.17524183,-0.22006404,-0.11713332,38.325,-33.05625,34.3125,46.950733,0.3361091,49.741684,0.03324204,0.2773733,0.95995873,0.020934582,0.14431165,-0.23919687,-0.7699738,0.57367176,-1.0,0
1763545089835,1009.7729,1.0492527,4.508676,5.6524453,0.22105668,-0.34758207,-0.111635536,38.98125,-32.625,35.60625,46.950733,0.3361091,49.741684,0.037948605,0.28104004,0.9586334,0.02446247,0.1427445,-0.24504611,-0.7713521,0.56973004,-1.0,0
1763545089862,1009.7475,0.18723837,5.0189457,6.384051,-0.05093085,0.23060146,-0.2538143,39.61875,-32.4375,34.59375,46.950733,0.3361091,49.741684,0.038972184,0.28183162,0.95830417,0.026556116,0.1424125,-0.24630587,-0.7724038,0.56784195,-1.0,0
1763545089888,1009.7519,-0.40797627,5.1870413,7.3663044,-0.015958842,0.21197008,-0.15302163,41.362503,-34.74375,34.0875,46.950733,0.3361091,49.741684,0.0336861,0.2818119,0.9584343,0.02917263,0.14659134,-0.24303016,-0.7740667,0.5659223,-1.0,0
1763545089913,1009.7519,0.04007978,5.36411,7.98784,0.20089816,-0.04612029,-0.044745844,39.61875,-33.91875,34.6875,46.950733,0.3361091,49.741684,0.033890545,0.2837212,0.95784736,0.029701998,0.14757395,-0.24467982,-0.7739967,0.5650512,-1.0,0
1763545089938,1009.7585,0.4001996,5.928218,6.854839,0.43073604,0.006872229,0.052839804,39.46875,-33.825,36.393753,46.950733,0.3361091,49.741684,0.034854066,0.28741392,0.9567112,0.029701507,0.1490432,-0.24820895,-0.7731892,0.5642312,-1.0,0
1763545089963,1009.7585,0.7429714,6.2805614,7.1024957,0.3154353,0.06994402,0.045509428,37.631252,-34.256252,35.0625,46.950733,0.3361091,49.741684,0.035032284,0.29156178,0.95546836,0.029062705,0.15153085,-0.25154307,-0.77163583,0.56421864,-1.0,0
1763545089988,1009.7558,0.65264237,6.3326054,7.998608,0.17829616,0.1678351,0.014202606,40.65,-33.075,35.456253,46.950733,0.3361091,49.741684,0.03326844,0.29667357,0.953999,0.027638635,0.15613101,-0.2544506,-0.769452,0.56464297,-1.0,0
1763545090014,1009.76434,0.37447673,6.384649,8.737391,0.09812015,0.29031348,0.043524116,40.96875,-32.30625,35.23125,46.950733,0.3361091,49.741684,0.03075715,0.29773614,0.9537881,0.026370153,0.15874021,-0.25376043,-0.76856107,0.56543887,-1.0,0
1763545090039,1009.76434,1.041476,6.6825557,9.780065,0.061162837,-0.029474225,0.054061532,40.350002,-33.862503,35.381252,46.950733,0.3361091,49.741684,0.029615493,0.29867148,0.9535648,0.025148747,0.16017494,-0.25382224,-0.767725,0.56614184,-1.0,0
1763545090064,1009.7746,0.81834537,7.066005,10.241879,0.069104075,0.16584979,-0.03252855,40.4625,-33.225002,36.412502,46.950733,0.3361091,49.741684,0.030132458,0.2992146,0.9533903,0.024692303,0.16002567,-0.2546156,-0.767474,0.5661681,-1.0,0
1763545090089,1009.8005,-0.23090738,7.459625,9.208179,0.09888373,0.29397866,-0.056963142,39.693752,-33.318752,37.275,46.950733,0.3361091,49.741684,0.025787596,0.30089894,0.9530027,0.024098562,0.1643419,-0.2533711,-0.7671318,0.56595373,-1.0,0
1763545090114,1009.8005,0.9128618,6.89432,10.158131,-0.4125628,-0.22785257,-0.07284562,40.21875,-33.112503,34.725002,46.950733,0.3361091,49.741684,0.025532955,0.30032352,0.9531821,0.024449095,0.16429178,-0.2526942,-0.76726,0.5660971,-1.0,0
1763545090139,1009.8234,0.40558344,5.885147,11.727223,-0.42080948,0.013286309,-0.17501275,38.850002,-32.53125,36.54375,46.950733,0.3361091,49.741684,0.026703415,0.29263204,0.95545554,0.027533328,0.15849818,-0.24743666,-0.7712822,0.56460357,-1.0,0
1763545090164,1009.8234,-0.5952146,5.189434,11.267802,-0.2031889,0.22372922,-0.077121675,40.3875,-32.23125,35.1375,46.950733,0.3361091,49.741684,0.024195576,0.29035005,0.95621294,0.027716396,0.15883926,-0.2442512,-0.7725442,0.5641692,-1.0,0
1763545090189,1009.84296,0.30269206,5.0362935,8.578867,-0.005268709,-0.30573782,0.09590577,40.612503,-32.7,33.9,46.950733,0.3361091,49.741684,0.024066215,0.28979713,0.95639795,0.027230095,0.15843031,-0.2438471,-0.77279115,0.56412077,-1.0,0
1763545090214,1009.8344,0.3696911,4.929813,7.637292,-0.03611738,-0.2612974,0.041538805,41.025,-32.79375,34.631252,46.950733,0.3361091,49.741684,0.027036533,0.28947595,0.95641553,0.027239531,0.15577137,-0.24548432,-0.77307266,0.56376535,-1.0,0
1763545090239,1009.8344,0.05383851,4.8418765,6.6484575,-0.17096578,-0.008857539,0.057574004,39.45,-33.318752,34.66875,46.950733,0.3361091,49.741684,0.029730797,0.28740904,0.95696145,0.027145373,0.15222365,-0.24559283,-0.7737959,0.56369495,-1.0,0
1763545090265,1009.811,0.36610186,4.403392,7.120442,-0.12728895,0.24877468,0.13744457,39.787502,-31.556252,35.30625,46.950733,0.3361091,49.741684,0.027342075,0.28485098,0.95784765,0.025303606,0.15253003,-0.24212033,-0.77341634,0.565632,-1.0,0
1763545090290,1009.79535,0.8111669,4.281358,5.921638,0.06620247,-0.05253437,0.11209369,39.45,-31.706251,35.8125,46.950733,0.3361091,49.741684,0.025386028,0.28368208,0.95829713,0.023380207,0.15329705,-0.24004164,-0.7727522,0.567216,-1.0,0
1763545090315,1009.79535,1.3980067,4.2251267,5.541179,-0.056428634,-0.05986475,-0.008246674,40.987503,-32.287502,33.375,46.950733,0.3361091,49.741684,0.026987422,0.28385863,0.95821893,0.022636808,0.15203567,-0.24122433,-0.7724756,0.56743056,-1.0,0
1763545090340,1009.7746,0.78664047,3.9661036,6.5964136,-0.1674533,0.24404047,-0.1461494,40.518753,-31.593752,35.381252,46.950733,0.3361091,49.741684,0.024539553,0.2824312,0.95869094,0.023282554,0.1530256,-0.2386477,-0.77342474,0.5669609,-1.0,0
1763545090365,1009.7763,-0.31405798,3.8985064,7.388438,-0.009850195,0.35048366,-0.11728604,41.41875,-32.1375,35.625,46.950733,0.3361091,49.741684,0.020944342,0.28230268,0.9588107,0.023422254,0.15567988,-0.236426,-0.77387905,0.56654894,-1.0,0
1763545090391,1009.7763,-0.19920248,4.7365923,5.6039906,0.43684468,-0.309403,0.0009162972,39.1875,-33.0,36.693752,46.950733,0.3361091,49.741684,0.023175254,0.28910744,0.9567067,0.02433286,0.15795025,-0.24325278,-0.7730343,0.5641789,-1.0,0
1763545090417,1009.75507,0.13160525,5.115257,5.743971,0.22563818,-0.30711228,-0.03894263,40.36875,-31.500002,36.6375,46.950733,0.3361091,49.741684,0.02591737,0.29139176,0.95591205,0.025519917,0.1572184,-0.24670477,-0.77301866,0.56290436,-1.0,0
1763545090443,1009.75507,-0.39900318,5.511867,8.950353,-0.09460768,0.20922118,-0.016646065,40.8375,-32.193752,35.081253,46.950733,0.3361091,49.741684,0.025222745,0.29094866,0.9560551,0.02591034,0.15751855,-0.2459171,-0.7733243,0.5627453,-1.0,0
1763545090468,1009.7741,-0.31345975,5.903692,9.303893,0.14149155,-0.18997894,0.017715078,41.53125,-30.88125,35.850002,46.950733,0.3361091,49.741684,0.024720304,0.29125696,0.95597327,0.025949975,0.15797412,-0.24593875,-0.7735824,0.5622532,-1.0,0
1763545090493,1009.7863,0.23389842,6.652047,8.705089,0.23464844,-0.5761982,-0.007941242,41.41875,-31.3875,36.206253,46.950733,0.3361091,49.741684,0.029977815,0.2933001,0.9551509,0.027624628,0.15500957,-0.25079003,-0.7740471,0.56029236,-1.0,0
1763545090518,1009.7863,-0.62452674,7.478169,8.514261,-0.31528258,0.016493348,-0.033444848,41.8125,-31.706251,35.100002,46.950733,0.3361091,49.741684,0.033536304,0.2937406,0.9548416,0.02948299,0.15257546,-0.25323695,-0.7746733,0.55899286,-1.0,0
1763545090543,1009.79877,-0.11246266,7.2179494,10.0163555,-0.517937,0.017562363,0.030237807,40.3875,-31.500002,36.018753,46.950733,0.3361091,49.741684,0.03299191,0.29123765,0.95561314,0.029928356,0.15161045,-0.2508428,-0.7752663,0.55951256,-1.0,0
1763545090568,1009.8173,0.66759753,6.613762,11.522039,-0.5000692,-0.27947062,0.0009162972,40.5,-31.612501,36.46875,46.950733,0.3361091,49.741684,0.03490144,0.2820005,0.95828456,0.030793073,0.14448404,-0.24467684,-0.7778558,0.56053364,-1.0,0
1763545090593,1009.8173,1.0893325,5.3144593,13.37887,-0.47349656,-0.100487255,0.09407318,40.912502,-31.9125,33.975002,46.950733,0.3361091,49.741684,0.03755724,0.27697182,0.9596113,0.03197158,0.13914676,-0.24240898,-0.78000546,0.55988175,-1.0,0
1763545090618,1009.8466,1.6217356,4.7401814,13.230515,-0.16424626,0.036346454,0.17333288,39.84375,-32.04375,35.175003,46.950733,0.3361091,49.741684,0.038571656,0.2720273,0.96099895,0.03153332,0.13508134,-0.2392481,-0.78141475,0.5602717,-1.0,0
1763545090644,1009.8559,1.8598214,4.653442,10.741381,0.18394665,0.025961753,0.17684536,42.881252,-29.250002,35.625,46.950733,0.3361091,49.741684,0.039226394,0.27080807,0.9614271,0.027968388,0.13315532,-0.23905103,-0.7811465,0.5611901,-1.0,0
1763545090670,1009.8559,1.9776679,4.557729,8.2965145,0.24304782,0.015729768,0.09300416,40.3125,-30.375002,35.9625,46.950733,0.3361091,49.741684,0.039685603,0.27277017,0.9608848,0.026866356,0.13377723,-0.2410024,-0.7805215,0.56107724,-1.0,0
1763545090696,1009.8232,1.3621143,4.3172503,6.4731836,-0.12881611,0.011453714,-0.159283,41.625,-30.487501,34.74375,46.950733,0.3361091,49.741684,0.039110526,0.27363396,0.96066403,0.02682298,0.13463627,-0.2414089,-0.7806029,0.5605836,-1.0,0
1763545090721,1009.8232,0.7112665,4.206582,6.835098,-0.28031057,0.12660173,-0.19944735,40.612503,-30.581251,33.318752,46.950733,0.3361091,49.741684,0.03718066,0.27010292,0.9616512,0.029814608,0.13389248,-0.23750955,-0.7835307,0.5583383,-1.0,0
1763545090747,1009.7978,0.38763726,4.322634,7.3633137,-0.26458082,0.19730933,-0.16646065,40.631252,-30.337502,34.36875,46.950733,0.3361091,49.741684,0.034863032,0.26774892,0.96236074,0.030932888,0.13424686,-0.23427062,-0.78492874,0.55765754,-1.0,0
1763545090772,1009.7851,0.68255264,4.8849473,7.1802626,0.14622575,-0.052839804,-0.14981459,42.300003,-30.7875,34.21875,46.950733,0.3361091,49.741684,0.033935852,0.26704526,0.9625557,0.031963754,0.13449037,-0.23318908,-0.7858722,0.5567226,-1.0,0
1763545090797,1009.7851,0.1471586,5.00399,6.007181,0.18807,0.013133593,-0.16905683,42.581253,-30.243752,32.925003,46.950733,0.3361091,49.741684,0.033682983,0.27046663,0.9615069,0.03489581,0.13671969,-0.2357848,-0.7869076,0.5536151,-1.0,0
1763545090822,1009.76825,-0.22791636,4.8640103,5.6506505,0.061926417,0.14004076,-0.08689552,41.60625,-29.868752,35.175003,46.950733,0.3361091,49.741684,0.032078695,0.27141866,0.9612767,0.035354216,0.13864495,-0.23553066,-0.7868327,0.55335087,-1.0,0
1763545090847,1009.758,0.4031906,5.008776,7.164111,0.12087487,-0.013286309,0.067958705,41.325,-31.25625,34.518753,46.950733,0.3361091,49.741684,0.030709267,0.27171364,0.9612613,0.03471926,0.13996512,-0.23490666,-0.78631544,0.5540186,-1.0,0
1763545090872,1009.758,-0.068793654,5.2253265,6.9822564,0.23388486,-0.107359484,0.10293072,42.787502,-30.618752,34.0125,46.950733,0.3361091,49.741684,0.031060923,0.2729384,0.9609256,0.034086883,0.14041589,-0.23610066,-0.78568983,0.5542846,-1.0,0
1763545090898,1009.7514,-0.21415763,5.554938,6.88774,0.19249876,-0.015882485,0.20234896,44.175003,-31.706251,33.46875,46.950733,0.3361091,49.741684,0.032977514,0.27711725,0.95975274,0.031513914,0.14146505,-0.24056001,-0.78309155,0.5557753,-1.0,0
1763545090923,1009.7514,0.75613195,5.9557357,9.037093,0.28183773,-0.08460477,0.27305657,41.550003,-30.862501,34.3125,46.950733,0.3361091,49.741684,0.03390612,0.2786294,0.9593635,0.028941909,0.14168231,-0.24230163,-0.78113,0.5577203,-1.0,0
1763545090948,1009.7602,0.87278205,5.8127646,8.989835,0.34490952,-0.06658426,0.27122396,41.550003,-30.862501,34.3125,46.950733,0.3361091,49.741684,0.035526473,0.28118458,0.9586286,0.026539642,0.14189598,-0.2453415,-0.77918977,0.55904955,-1.0,0
1763545090973,1009.76654,1.6109679,5.836693,9.815358,0.26870415,0.020922119,0.25717407,40.8375,-31.44375,35.9625,46.950733,0.3361091,49.741684,0.037711464,0.286594,0.95706826,0.02149637,0.14325622,-0.25106958,-0.77528536,0.561582,-1.0,0
1763545090998,1009.76654,1.1682956,5.939584,10.022936,0.30932665,0.2695441,0.16936226,42.16875,-29.94375,35.268753,46.950733,0.3361091,49.741684,0.035969142,0.28924403,0.95639086,0.018989263,0.14606969,-0.25222912,-0.7736241,0.5626276,-1.0,0
1763545091024,1009.7819,0.6221339,7.159325,8.266604,0.008781182,0.08735366,0.2234238,41.550003,-31.500002,36.037502,46.950733,0.3361091,49.741684,0.033620052,0.29178154,0.9557558,0.016251424,0.14940324,-0.25287434,-0.7716234,0.564208,-1.0,0
1763545091050,1009.77875,0.8039884,6.867401,8.640483,-0.2680933,-0.01527162,0.07223476,41.268753,-30.88125,34.03125,46.950733,0.3361091,49.741684,0.0337641,0.2898782,0.9563737,0.0134155555,0.14826366,-0.25137076,-0.77012223,0.56722337,-1.0,0
1763545091075,1009.77875,-0.14416756,5.6506505,9.416355,-0.5341249,0.028405212,-0.03924806,42.54375,-28.893751,33.9375,46.950733,0.3361091,49.741684,0.033265416,0.28504583,0.9578357,0.013895115,0.14572679,-0.24722746,-0.7716094,0.56768054,-1.0,0
1763545091101,1009.7968,0.45044887,4.57747,10.376475,-0.42936158,0.11453715,0.1867719,42.0,-29.437502,34.03125,46.950733,0.3361091,49.741684,0.031215003,0.27929196,0.95960826,0.013179938,0.1438244,-0.24143925,-0.77273,0.5691309,-1.0,0
1763545091127,1009.80975,1.6103697,4.7832522,9.757931,-0.2870301,-0.20693044,0.09605849,40.350002,-29.60625,33.9,46.950733,0.3361091,49.741684,0.0326345,0.27182883,0.96172893,0.011023192,0.13780238,-0.23657228,-0.7740425,0.5708785,-1.0,0
1763545091153,1009.80975,1.4189439,5.075775,8.8014,-0.3023017,-0.08994984,-0.04734202,41.4375,-29.250002,34.3875,46.950733,0.3361091,49.741684,0.033562362,0.2688642,0.9625219,0.0117121115,0.13512592,-0.23485184,-0.775453,0.5703142,-1.0,0
1763545091179,1009.8068,0.15732808,4.525426,9.280562,-0.5289325,0.43600473,-0.013286309,40.55625,-30.206251,32.362503,46.950733,0.3361091,49.741684,0.030763943,0.2644188,0.9638447,0.011814599,0.13461444,-0.22965774,-0.7767406,0.5707979,-1.0,0
1763545091205,1009.80096,-0.052043892,4.208377,9.41157,-0.30474517,0.22266021,0.05894845,40.4625,-30.468752,34.256252,46.950733,0.3361091,49.741684,0.024514979,0.25639,0.9662109,0.009983893,0.13456427,-0.21961163,-0.7780675,0.5729521,-1.0,0
1763545091231,1009.80096,-0.18604197,4.06062,8.5346,0.006948587,-0.010995566,0.16722423,43.350002,-27.937502,32.71875,46.950733,0.3361091,49.741684,0.024879314,0.25618872,0.9662693,0.0084888665,0.13403124,-0.21974365,-0.7775311,0.5737541,-1.0,0
1763545091256,1009.7922,0.72741807,4.2759743,6.7316084,0.32520914,-0.22204934,0.29275694,42.487503,-29.38125,31.81875,46.950733,0.3361091,49.741684,0.027666874,0.25803435,0.9657171,0.0065813297,0.13283111,-0.22294189,-0.77615154,0.5746665,-1.0,0
1763545091281,1009.7922,1.0301101,4.4093738,5.796015,0.27603453,-0.04382955,0.26053384,42.65625,-29.250002,32.4,46.950733,0.3361091,49.741684,0.03168173,0.26360163,0.96410936,0.0018831445,0.13289165,-0.22984634,-0.7722264,0.5772147,-1.0,0
1763545091307,1009.77167,1.3130615,4.549952,5.718248,0.14332415,0.1084285,0.171653,42.80625,-27.73125,31.987501,46.950733,0.3361091,49.741684,-0.03129608,-0.26511225,-0.96370953,8.7018896e-05,0.13411361,-0.23081918,-0.77070713,0.57857287,-1.0,0
1763545091333,1009.757,0.37088752,4.8825545,6.9529443,0.11904228,0.017867794,-0.05054906,42.037502,-29.41875,31.85625,46.950733,0.3361091,49.741684,-0.030674012,-0.26605484,-0.96346945,0.0007293347,0.13518202,-0.23119664,-0.77011687,0.5789594,-1.0,0
1763545091359,1009.757,-0.32542387,5.285147,7.2873416,0.20074543,0.027488915,-0.022907428,41.831253,-28.2,32.737503,46.950733,0.3361091,49.741684,-0.030010572,-0.26935646,-0.9625728,0.00023081653,0.13770187,-0.23343459,-0.769681,0.57804644,-1.0,0
1763545091383,1009.7502,-0.39421752,5.7750773,7.5930243,0.2606102,0.023212861,0.076052666,41.756252,-29.962502,32.850002,46.950733,0.3361091,49.741684,-0.02974302,-0.27196118,-0.96184796,0.0009882671,0.13953592,-0.23532374,-0.768508,0.57840115,-1.0,0
1763545091408,1009.75165,0.7262217,6.5228343,8.194819,0.34429866,-0.18264857,0.081397735,42.84375,-29.1,31.7625,46.950733,0.3361091,49.741684,-0.030727271,-0.2750844,-0.96092707,0.0018837187,0.14068669,-0.23837544,-0.7670829,0.5787643,-1.0,0
1763545091433,1009.75165,0.695115,6.7794647,8.636893,0.21662793,-0.21792601,0.022754714,40.875,-29.19375,33.975002,46.950733,0.3361091,49.741684,-0.032601632,-0.2785006,-0.95988,0.0022373053,0.14128658,-0.24220555,-0.76592314,0.578564,-1.0,0
1763545091461,1009.76776,0.5389833,7.04447,9.470792,0.061162837,-0.014966187,-0.016340632,40.3125,-29.00625,35.100002,46.950733,0.3361091,49.741684,-0.034756534,-0.28157648,-0.95890754,0.0017345423,0.14150748,-0.2459044,-0.7652245,0.57787377,-1.0,0
1763545091484,1009.7861,0.012562319,6.786045,10.544571,0.073380135,-0.086742796,-0.06933315,41.287502,-30.13125,33.375,46.950733,0.3361091,49.741684,-0.033115216,-0.28176102,-0.95891166,0.0016047516,0.14294298,-0.24505746,-0.7652752,0.57781315,-1.0,0
1763545091510,1009.7861,0.49052864,6.4175506,10.675578,0.091706075,-0.4893027,-0.0018325944,42.3375,-29.268751,32.756252,46.950733,0.3361091,49.741684,-0.03356425,-0.28250432,-0.9586784,0.0006937572,0.14301132,-0.24593297,-0.76568294,0.5768834,-1.0,0
1763545091535,1009.8061,1.6073786,5.9916277,11.224731,0.092164226,-0.59269154,0.08032872,40.443752,-29.118752,34.48125,46.950733,0.3361091,49.741684,0.04359875,0.28394377,0.95784795,0.0015316198,0.13565883,-0.2532224,-0.7668086,0.5740031,-1.0,0
1763545091560,1009.8061,2.7595227,5.3557353,11.097912,0.18089233,-0.5977312,0.09193515,41.175003,-29.79375,35.0625,46.950733,0.3361091,49.741684,0.04962453,0.28518948,0.95718324,0.0021452727,0.1313351,-0.25796652,-0.76720905,0.57235885,-1.0,0
1763545091585,1009.8105,2.8229325,4.9579287,8.565108,0.09185879,-0.28206682,-0.119271345,40.631252,-30.337502,34.36875,46.950733,0.3361091,49.741684,0.054908074,0.2868378,0.95639837,0.0033614303,0.12781541,-0.26259097,-0.76791984,0.570095,-1.0,0
1763545091611,1009.8012,1.875973,5.13081,7.8167534,-0.11247548,0.056352276,-0.18157956,41.081253,-31.031252,34.518753,46.950733,0.3361091,49.741684,0.05693275,0.2864941,0.9563668,0.0065009817,0.12561436,-0.26370674,-0.7705789,0.56646967,-1.0,0
1763545091636,1009.8012,1.4123635,5.151747,6.5551376,-0.2531271,-0.020769402,-0.25320345,42.05625,-29.19375,33.693752,46.950733,0.3361091,49.741684,0.0548996,0.28461963,0.957035,0.007854571,0.12606458,-0.2610173,-0.77205205,0.56560886,-1.0,0
1763545091662,1009.79193,1.5547365,4.9028935,6.9990063,-0.38492116,-0.34697118,-0.3810269,42.61875,-29.250002,34.10625,46.950733,0.3361091,49.741684,0.054496758,0.28255048,0.95764714,0.010354643,0.12513645,-0.25912458,-0.7740688,0.56392634,-1.0,0
1763545091688,1009.7685,1.2119647,4.4129634,8.045866,-0.4218785,-0.08689552,-0.48533207,41.4,-30.243752,33.675003,46.950733,0.3361091,49.741684,0.05638158,0.27561846,0.95940596,0.019894809,0.11943565,-0.25471464,-0.78128314,0.55718243,-1.0,0
1763545091713,1009.7685,0.029312078,4.039683,8.340183,-0.2926806,0.40317076,-0.46334094,42.956253,-29.212502,32.362503,46.950733,0.3361091,49.741684,0.051299054,0.27305108,0.9603485,0.023287624,0.12184961,-0.24968213,-0.78435093,0.55462164,-1.0,0
1763545091738,1009.76825,0.1268196,4.098905,7.0731835,0.3919461,0.049174614,-0.15760311,43.162502,-29.56875,32.362503,46.950733,0.3361091,49.741684,0.04630556,0.27311403,0.9605434,0.024917293,0.1257673,-0.24681583,-0.7857625,0.55302966,-1.0,0
1763545091763,1009.76825,0.6089734,4.503292,5.0793643,0.4654026,-0.0481056,-0.15821397,42.487503,-30.862501,31.593752,46.950733,0.3361091,49.741684,0.045321945,0.27662414,0.95955294,0.026137227,0.12854081,-0.2491029,-0.7859387,0.55111283,-1.0,0
1763545091788,1009.75507,0.41874397,4.7862434,4.255037,0.14714205,0.2234238,-0.21823144,42.506252,-29.8875,33.54375,46.950733,0.3361091,49.741684,0.042883325,0.2829581,0.95773786,0.028877677,0.13434292,-0.25269789,-0.785968,0.548042,-1.0,0
1763545091814,1009.73065,-0.3367898,4.872385,5.7248282,-0.20288347,0.42103854,-0.22418737,42.693752,-30.375002,34.162502,46.950733,0.3361091,49.741684,0.038259663,0.2816548,0.958286,0.029912472,0.13738012,-0.24883716,-0.78679794,0.54786474,-1.0,0
1763545091840,1009.73065,-1.0504491,4.946563,8.810373,0.15630503,0.035582874,0.02443459,44.04375,-30.225,33.7125,46.950733,0.3361091,49.741684,0.034645613,0.28159246,0.9584256,0.03042693,0.14021048,-0.24664888,-0.78728896,0.54743165,-1.0,0
1763545091865,1009.74506,-0.23808585,5.5256257,8.517851,0.40630144,-0.029474225,0.20036365,44.775,-28.781252,33.862503,46.950733,0.3361091,49.741684,0.035275742,0.28518432,0.9573958,0.028615713,0.14179945,-0.24993479,-0.7854881,0.54811853,-1.0,0
1763545091890,1009.75165,0.4749753,6.613762,8.964112,0.41317368,0.09453133,0.23594652,43.3125,-30.91875,33.825,46.950733,0.3361091,49.741684,0.035527375,0.28954765,0.9561508,0.025990928,0.14418334,-0.25359654,-0.7829598,0.5494305,-1.0,0
1763545091915,1009.75165,0.49950173,6.5407805,9.853045,0.37743807,0.22082762,0.24877468,44.9625,-30.018751,33.75,46.950733,0.3361091,49.741684,0.03540646,0.29344216,0.955034,0.023411626,0.14660677,-0.25664833,-0.7805174,0.5508454,-1.0,0
1763545091940,1009.7697,0.75254273,6.6275206,9.926624,0.36964956,0.41722065,0.26251915,44.04375,-29.60625,32.4375,46.950733,0.3361091,49.741684,0.031098295,0.30020323,0.95322317,0.016630143,0.15394294,-0.25959712,-0.7753493,0.5547471,-1.0,0
1763545091965,1009.7697,0.6047859,7.1563344,9.824331,0.31528258,0.46883872,0.2423606,44.5125,-31.44375,34.800003,46.950733,0.3361091,49.741684,0.027586004,0.30307865,0.9524785,0.012922377,0.15839963,-0.25986,-0.7727076,0.5570506,-1.0,0
1763545091990,1009.78973,0.6765706,7.582257,8.373683,-0.09796744,0.035124727,0.15806127,44.79375,-30.150002,33.318752,46.950733,0.3361091,49.741684,0.02479192,0.30514863,0.9519329,0.009665239,0.16187288,-0.25986055,-0.77033764,0.55932957,-1.0,0
1763545092015,1009.79193,1.4267205,6.4648085,9.783055,-0.48174325,-0.027488915,0.01282816,43.74375,-31.0125,33.61875,46.950733,0.3361091,49.741684,0.024908595,0.30455756,0.9521333,0.008145099,0.16152178,-0.25939637,-0.7693883,0.5609509,-1.0,0
1763545092040,1009.79193,0.5706882,5.1296134,11.102697,-0.62071496,0.2933678,-0.11026109,43.800003,-30.750002,32.53125,46.950733,0.3361091,49.741684,0.022418967,0.29431838,0.95540726,0.008427122,0.15720521,-0.24982484,-0.7726646,0.5620173,-1.0,0
1763545092066,1009.8129,-0.8913264,4.63071,11.303694,-0.44799295,0.34727663,-0.033444848,45.9375,-30.281252,33.65625,46.950733,0.3361091,49.741684,0.01893156,0.28964707,0.95691377,0.00788677,0.15695867,-0.24416755,-0.77417046,0.56250006,-1.0,0
1763545092091,1009.8271,-0.23150559,4.718646,8.948559,-0.01244637,-0.0001527162,0.28344125,43.893753,-29.718752,31.218752,46.950733,0.3361091,49.741684,0.01833543,0.2875389,0.9575724,0.0063503566,0.15597276,-0.2422546,-0.7742804,0.56344926,-1.0,0
1763545092116,1009.8271,0.11246266,4.6582274,7.425527,-0.076434456,0.09422589,0.29840744,44.925003,-30.375002,31.931252,46.950733,0.3361091,49.741684,0.0187634,0.28615037,0.9580006,0.0008174443,0.15454872,-0.24155498,-0.77194,0.5673399,-1.0,0
1763545092141,1009.809,0.15553348,4.2275195,7.455437,-0.3615556,0.2790125,0.28527385,45.05625,-29.737501,31.556252,46.950733,0.3361091,49.741684,-0.017948445,-0.28359678,-0.9587731,0.0022170076,0.15364105,-0.23904756,-0.77088195,0.5700804,-1.0,0
1763545092167,1009.7985,0.27337998,4.0624146,7.4530444,-0.20822853,0.2583958,0.28023422,45.225002,-28.10625,32.381252,46.950733,0.3361091,49.741684,-0.016113821,-0.28014454,-0.95980656,0.0055496665,0.15300442,-0.23522386,-0.76990455,0.57315475,-1.0,0
1763545092192,1009.7985,0.4001996,3.9744785,6.6131635,0.012904518,0.092851445,0.26755878,44.775,-29.00625,30.618752,46.950733,0.3361091,49.741684,-0.01434249,-0.27799094,-0.96040714,0.011554999,0.15295744,-0.23256977,-0.76732224,0.5776953,-1.0,0
1763545092217,1009.7768,0.9349955,4.119244,5.858228,-0.018555017,-0.056046844,0.21303909,45.2625,-28.612501,32.86875,46.950733,0.3361091,49.741684,-0.015728977,-0.27874663,-0.96013796,0.013709891,0.15224046,-0.23402975,-0.7659454,0.5791206,-1.0,0
1763545092243,1009.7607,0.6735796,4.2394834,6.811768,-0.09078978,0.07910699,0.11606431,44.11875,-29.737501,31.5375,46.950733,0.3361091,49.741684,-0.016919825,-0.27864838,-0.96011806,0.015561177,0.15119533,-0.23467243,-0.76490057,0.58051354,-1.0,0
1763545092267,1009.7607,-0.22731815,4.581059,7.4398837,-0.009697478,0.2706131,0.12171481,45.54375,-28.81875,31.143751,46.950733,0.3361091,49.741684,-0.014458161,-0.27762508,-0.960398,0.018732244,0.15251237,-0.2324322,-0.76340705,0.5830308,-1.0,0
1763545092293,1009.7592,-0.6448657,5.1702914,7.1808605,0.17768529,0.25137085,0.21578798,45.375,-28.95,30.243752,46.950733,0.3361091,49.741684,-0.012463377,-0.27922937,-0.9599058,0.021364503,0.15505001,-0.23255938,-0.7615029,0.58479816,-1.0,0
1763545092317,1009.7592,0.24047868,5.8229337,6.6765733,0.2627482,-0.3167334,0.21197008,43.7625,-29.625002,31.687502,46.950733,0.3361091,49.741684,-0.013402844,-0.2821976,-0.95897424,0.023523381,0.15609576,-0.23547661,-0.75935477,0.5861444,-1.0,0
1763545092342,1009.75604,0.5449654,6.2398834,8.072187,0.05169443,-0.23655738,0.17989968,45.131252,-28.500002,32.71875,46.950733,0.3361091,49.741684,-0.016750373,-0.28495386,-0.95807874,0.02461405,0.1550999,-0.23963155,-0.7578083,0.5867259,-1.0,0
1763545092367,1009.75604,0.9493524,6.530611,9.73819,0.0077121677,0.058337588,0.14126249,44.643753,-29.643751,30.35625,46.950733,0.3361091,49.741684,-0.019394783,-0.28573075,-0.9577711,0.02561792,0.1534867,-0.24178515,-0.7568231,0.58753765,-1.0,0
1763545092392,1009.7685,0.91226363,7.106085,8.584849,0.28687736,-0.17516547,-0.04291325,43.93125,-30.862501,32.662502,46.950733,0.3361091,49.741684,-0.018823948,-0.28765684,-0.95714325,0.027856315,0.15499045,-0.24306123,-0.7552257,0.5886708,-1.0,0
1763545092417,1009.7846,0.9840483,7.628319,8.674581,0.11400264,-0.38789913,-0.0971275,43.3125,-30.187502,33.9375,46.950733,0.3361091,49.741684,-0.020342147,-0.29050002,-0.9562762,0.027051765,0.15543929,-0.24625738,-0.75502414,0.5874815,-1.0,0
1763545092442,1009.7846,1.3489537,7.507481,9.240483,-0.06345358,-0.4196641,-0.1594357,43.95,-30.093752,32.006252,46.950733,0.3361091,49.741684,-0.027203107,-0.2918918,-0.95580107,0.022436982,0.15088864,-0.25134328,-0.75700414,0.58395535,-1.0,0
1763545092468,1009.79535,1.7180467,7.24786,10.004392,-0.32322383,-0.19288056,-0.21395539,44.90625,-29.868752,30.35625,46.950733,0.3361091,49.741684,-0.028634634,-0.289227,-0.9566256,0.019883517,0.14817216,-0.25003445,-0.75914574,0.5824307,-1.0,0
1763545092494,1009.81146,1.2795619,5.6321063,11.59203,-0.4030944,0.040317077,-0.31505352,44.193752,-29.7,31.181252,46.950733,0.3361091,49.741684,-0.027856594,-0.28514323,-0.9579242,0.017281422,0.14629644,-0.24633309,-0.76193285,0.5808405,-1.0,0
1763545092519,1009.81146,0.81894356,4.838886,11.949757,-0.21387903,-0.19440772,-0.22311836,46.162502,-29.362501,31.125002,46.950733,0.3361091,49.741684,-0.02814001,-0.27886915,-0.959844,0.0118152825,0.14192419,-0.24169688,-0.76774395,0.5762026,-1.0,0
1763545092545,1009.8317,1.8807586,4.8855457,9.040682,0.22411102,-0.27473643,0.038331766,44.025,-30.581251,30.16875,46.950733,0.3361091,49.741684,-0.031004336,-0.27893823,-0.9597501,0.010578612,0.13935477,-0.24361455,-0.7691022,0.57420725,-1.0,0
1763545092570,1009.8244,2.1577277,4.983651,7.0115685,0.17829616,-0.22739442,-0.013286309,45.956253,-30.50625,29.812502,46.950733,0.3361091,49.741684,-0.03381916,-0.28066787,-0.95915323,0.010336675,0.13786507,-0.24680234,-0.769309,0.5729271,-1.0,0
1763545092595,1009.8244,2.8570302,5.0644093,5.5519466,-0.024205517,-0.22189663,-0.17760894,44.475002,-30.525002,29.6625,46.950733,0.3361091,49.741684,-0.038202226,-0.28236976,-0.9585143,0.0076391837,0.13517036,-0.2508407,-0.7707283,0.5698998,-1.0,0
1763545092620,1009.78876,2.8402805,4.782056,5.319245,-0.38736463,-0.26740605,-0.479987,45.6375,-31.29375,30.656252,46.950733,0.3361091,49.741684,-0.039988022,-0.27930665,-0.95936567,0.0024991261,0.13192555,-0.24941309,-0.77443767,0.56624645,-1.0,0
1763545092647,1009.7692,0.15074782,3.8135612,8.660822,-0.5603921,0.32192573,-0.683405,46.85625,-30.525002,28.331251,46.950733,0.3361091,49.741684,0.03934517,0.27331662,0.9611095,0.0042994698,0.12885806,-0.2442245,-0.77999485,0.5615674,-1.0,0
1763545092671,1009.7692,-0.93260264,3.867998,8.093124,-0.14637847,0.48517936,-0.46517354,46.40625,-29.812502,28.650002,46.950733,0.3361091,49.741684,0.03460685,0.26818252,0.9626946,0.009981732,0.12952778,-0.23736483,-0.7849581,0.5574237,-1.0,0
1763545092696,1009.769,-0.5886344,4.2867417,7.023533,0.20731224,0.06811142,-0.21731515,49.068752,-29.04375,27.243752,46.950733,0.3361091,49.741684,0.02715207,0.2686421,0.96273947,0.015062815,0.13565575,-0.23345949,-0.7883939,0.55274695,-1.0,0
1763545092721,1009.769,0.4989035,4.8436713,5.168497,0.35071275,-0.3970621,-0.16081016,46.3875,-29.19375,28.312502,46.950733,0.3361091,49.741684,0.03053952,0.27266127,0.96146876,0.017349517,0.13526642,-0.23870447,-0.78871816,0.5501335,-1.0,0
1763545092746,1009.7465,0.19202402,4.6600223,5.3389854,0.098578304,0.12965605,-0.116217025,48.768753,-31.2,28.1625,46.950733,0.3361091,49.741684,0.033903167,0.27617946,0.9603042,0.019781623,0.13465743,-0.24349925,-0.7890893,0.54764366,-1.0,0
1763545092771,1009.73944,0.12083755,4.851448,6.1435723,-0.048029244,0.48319405,-0.0029016077,49.818752,-31.087502,28.050001,46.950733,0.3361091,49.741684,0.027864687,0.2773424,0.960174,0.019253312,0.14033854,-0.24083261,-0.78842425,0.54835385,-1.0,0
1763545092797,1009.73944,1.1114662,5.797211,8.681161,0.009086614,-0.24999641,-0.14156792,48.80625,-30.431252,26.56875,46.950733,0.3361091,49.741684,0.025649276,0.27706447,0.960329,0.018591398,0.14198588,-0.23929606,-0.7881207,0.5490384,-1.0,0
1763545092822,1009.73505,0.44147578,5.930611,9.752547,0.16378812,-0.31245732,-0.24068072,49.2,-32.006252,27.54375,46.950733,0.3361091,49.741684,0.027770016,0.2772815,0.9601681,0.02051776,0.14037333,-0.24073124,-0.78917587,0.54730725,-1.0,0
1763545092847,1009.73505,-0.34636107,6.0370917,9.697512,0.2541961,0.0151189035,-0.17180572,48.975002,-30.056252,29.156252,46.950733,0.3361091,49.741684,0.03014621,0.27877486,0.9595952,0.023514125,0.13930196,-0.24334988,-0.79052836,0.54446363,-1.0,0
1763545092872,1009.77704,-0.26799613,6.3595243,9.610772,0.22502731,0.17516547,-0.058490302,49.143753,-31.518751,27.675001,46.950733,0.3361091,49.741684,0.027541276,0.2832672,0.9583168,0.02510147,0.14407538,-0.24544068,-0.79036635,0.5425147,-1.0,0
1763545092897,1009.80145,-0.9720842,6.742376,10.849656,0.19769111,0.035888307,0.08155045,49.425003,-30.862501,27.468752,46.950733,0.3361091,49.741684,0.02659355,0.28483006,0.9578805,0.0250927,0.1457816,-0.24613635,-0.7899611,0.5423339,-1.0,0
1763545092923,1009.81146,-1.0875379,7.463214,10.58166,0.31390813,-0.09560034,0.26755878,49.443752,-32.34375,26.306252,46.950733,0.3361091,49.741684,0.027567014,0.28935623,0.9565687,0.022120731,0.14771515,-0.25033417,-0.78701735,0.544166,-1.0,0
1763545092948,1009.81146,-0.19680966,7.750951,9.260223,0.23205225,-0.16432263,0.33154687,48.956253,-31.781252,26.79375,46.950733,0.3361091,49.741684,0.029763762,0.29160127,0.95587665,0.019561328,0.147402,-0.25335708,-0.78464055,0.5462802,-1.0,0
1763545092974,1009.82245,0.5132605,5.436493,10.555339,-0.26244277,-0.0537561,-0.030390523,48.6375,-31.81875,27.900002,46.950733,0.3361091,49.741684,0.031646147,0.29093352,0.95604676,0.018187042,0.14559883,-0.25385976,-0.78372836,0.54783756,-1.0,0
1763545092999,1009.82245,-0.7220342,4.587041,10.777871,-0.2683987,0.02687805,-0.022296565,49.818752,-33.206253,28.781252,46.950733,0.3361091,49.741684,0.032108277,0.28548494,0.95767707,0.01893971,0.14226876,-0.24951072,-0.78596264,0.5475096,-1.0,0
1763545093024,1009.82587,-0.7800602,4.278965,10.437492,-0.1437823,0.004581486,0.12186752,49.3875,-31.10625,26.400002,46.950733,0.3361091,49.741684,0.031448323,0.28360134,0.95825845,0.01794596,0.14106835,-0.24802914,-0.7862074,0.54814166,-1.0,0
1763545093049,1009.80585,0.7728817,4.1688952,7.442875,-0.09918917,0.07177661,0.19639303,49.95,-31.931252,26.7,46.950733,0.3361091,49.741684,0.03154185,0.2827232,0.95855385,0.01572368,0.14033854,-0.24745181,-0.7854494,0.54967445,-1.0,0
1763545093074,1009.80585,0.61794645,4.1162534,6.6717877,-0.33177593,0.13454297,0.068722285,49.65,-31.968752,27.50625,46.950733,0.3361091,49.741684,0.031380434,0.28153002,0.95894074,0.013738375,0.13967845,-0.24644232,-0.7848009,0.5512202,-1.0,0
1763545093100,1009.7929,-0.28414768,3.9882371,7.1413794,-0.5315287,0.33032513,0.049938194,50.156254,-31.031252,25.85625,46.950733,0.3361091,49.741684,0.027342565,0.2734569,0.96142536,0.011618173,0.13817197,-0.23756006,-0.7856701,0.55425286,-1.0,0
1763545093124,1009.7778,-0.8315059,3.946961,7.535597,-0.11247548,0.080634154,0.44761115,50.100002,-31.275002,25.556252,46.950733,0.3361091,49.741684,0.024087597,0.26933655,0.9627038,0.00888383,0.13838537,-0.23231848,-0.7851214,0.5571912,-1.0,0
1763545093149,1009.7778,0.28295127,4.1425743,7.0002027,0.19372049,-0.1924224,0.5856666,49.050003,-31.3875,25.66875,46.950733,0.3361091,49.741684,0.024122758,0.26805165,0.9630913,0.0046478165,0.13760024,-0.23130013,-0.78296006,0.56083864,-1.0,0
1763545093174,1009.76044,1.1910275,4.256233,6.1842504,0.32322383,-0.19089524,0.55695593,49.593754,-30.206251,25.237501,46.950733,0.3361091,49.741684,-0.030557932,-0.27250808,-0.96165466,0.005088734,0.1348824,-0.2387492,-0.77636653,0.5675038,-1.0,0
1763545093199,1009.76044,1.6103697,4.3962135,5.8037915,0.27801985,-0.07971785,0.42409286,50.175003,-29.531252,25.462502,46.950733,0.3361091,49.741684,-0.032632127,-0.27509308,-0.96082175,0.008972625,0.13467762,-0.24208057,-0.77350616,0.57004136,-1.0,0
1763545093224,1009.7526,1.1156535,5.0775695,6.6927247,0.2022726,0.14294235,0.15699224,49.3875,-31.35,24.243752,46.950733,0.3361091,49.741684,-0.03315838,-0.27688545,-0.96025926,0.011710284,0.13527654,-0.24385503,-0.77150387,0.5718538,-1.0,0
1763545093249,1009.7526,0.43728834,5.469394,6.5252275,0.245644,0.18845178,0.11514801,48.99375,-32.4,25.893751,46.950733,0.3361091,49.741684,-0.03242367,-0.27884585,-0.959691,0.013672782,0.13699672,-0.24502693,-0.7699488,0.57303804,-1.0,0
1763545093274,1009.7526,0.15553348,5.8564334,6.8518476,0.18593197,0.17608178,0.12339468,51.187504,-30.187502,27.093752,46.950733,0.3361091,49.741684,-0.029582553,-0.28322184,-0.9584479,0.016969202,0.14196652,-0.24685068,-0.76676786,0.5753063,-1.0,0
1763545093299,1009.7712,0.3367898,6.154938,8.158927,0.15920663,0.12843432,0.108581215,51.300003,-32.025,24.393751,46.950733,0.3361091,49.741684,-0.028585544,-0.28488585,-0.95795965,0.018336946,0.14380415,-0.24758326,-0.7654435,0.5762978,-1.0,0
1763545093324,1009.78534,-0.37088752,6.2865434,8.763713,0.29741478,0.11484258,0.23900084,50.362503,-34.256252,26.625002,46.950733,0.3361091,49.741684,-0.027197227,-0.28718975,-0.95728,0.019936709,0.14627028,-0.24864155,-0.76397604,0.57716805,-1.0,0
1763545093349,1009.78534,0.18903299,6.798009,8.481958,0.24121523,-0.07941242,0.27779076,50.11875,-32.025,25.143751,46.950733,0.3361091,49.741684,-0.027716704,-0.29222474,-0.9556268,0.024778364,0.14883444,-0.25300556,-0.7597204,0.5802253,-1.0,0
1763545093374,1009.80096,0.7423732,7.568498,9.136993,0.04085158,-0.38545567,0.22006404,48.937504,-32.756252,24.843752,46.950733,0.3361091,49.741684,-0.031795748,-0.29290518,-0.9552673,0.025688369,0.14599872,-0.25590774,-0.7587363,0.5809602,-1.0,0
1763545093399,1009.80096,0.90388876,7.408179,9.910473,-0.18974987,-0.42394015,0.11178826,50.49375,-32.98125,25.612501,46.950733,0.3361091,49.741684,-0.036044676,-0.2914721,-0.95556146,0.025438959,0.14183164,-0.257175,-0.7588609,0.5812701,-1.0,0
1763545093424,1009.8381,1.9830518,5.6524453,13.115659,-0.53870636,-0.28787002,0.083230324,51.675003,-32.98125,24.562502,46.950733,0.3361091,49.741684,-0.04282136,-0.2821787,-0.95808315,0.024864024,0.13063152,-0.2537595,-0.76183593,0.5815045,-1.0,0
1763545093449,1009.8483,2.9276185,4.8646083,14.045869,-0.2787834,-0.17776164,0.092546016,51.16875,-32.662502,24.45,46.950733,0.3361091,49.741684,-0.045022395,-0.27885947,-0.95894384,0.025238816,0.12648322,-0.25257006,-0.7632813,0.58104396,-1.0,0
1763545093474,1009.8483,3.3385859,5.1852465,9.613165,0.19433136,-0.006261364,-0.06169734,51.525,-31.63125,24.187502,46.950733,0.3361091,49.741684,-0.046115965,-0.2791618,-0.9587916,0.025702743,0.12531966,-0.2536789,-0.7639239,0.5799675,-1.0,0
1763545093499,1009.82635,2.868396,5.183452,7.561918,0.07628174,0.19700389,-0.15958843,51.937504,-31.06875,23.19375,46.950733,0.3361091,49.741684,-0.046475377,-0.2806483,-0.9583485,0.025390843,0.12566715,-0.25520813,-0.7642617,0.57877505,-1.0,0
1763545093524,1009.7956,2.3018954,5.3760743,6.5001025,-0.14179699,0.20005822,-0.22281294,51.35625,-31.0125,23.868752,46.950733,0.3361091,49.741684,-0.04268789,-0.28022793,-0.9587032,0.023197984,0.1284167,-0.25270358,-0.7660202,0.5769429,-1.0,0
1763545093549,1009.7956,2.3778675,5.48076,6.4181485,-0.29161158,0.055130545,-0.29397866,52.55625,-31.0125,22.81875,46.950733,0.3361091,49.741684,-0.04181743,-0.27791768,-0.9594729,0.02061078,0.12784824,-0.2502834,-0.7679944,0.57549775,-1.0,0
1763545093574,1009.76874,2.2737796,4.9926243,6.472585,-0.2541961,-0.08414663,-0.55008376,52.593754,-30.000002,22.9125,46.950733,0.3361091,49.741684,-0.041658446,-0.27538523,-0.96028596,0.01668686,0.12656803,-0.24809873,-0.7707896,0.5729842,-1.0,0
1763545093599,1009.76874,1.7330018,4.727021,6.035297,-0.21708608,0.010079269,-0.6829468,54.54375,-30.45,24.112501,46.950733,0.3361091,49.741684,-0.039872523,-0.2719324,-0.9614766,0.0050666477,0.12607837,-0.24421564,-0.77836454,0.56445694,-1.0,0
1763545093624,1009.7568,0.997807,4.6283174,6.227919,-0.23388486,0.07299834,-0.7631228,54.937504,-29.400002,22.48125,46.950733,0.3361091,49.741684,0.037417315,0.27023867,0.9620642,0.0018611457,0.12713508,-0.24138282,-0.7827668,0.55932736,-1.0,0
1763545093649,1009.7524,0.06520442,4.570291,7.0666037,-0.15401429,-0.008399391,-0.7315106,54.9,-29.643751,21.73125,46.950733,0.3361091,49.741684,0.03557388,0.26918006,0.9623929,0.008746523,0.12806514,-0.23942164,-0.7869334,0.554087,-1.0,0
1763545093675,1009.7524,-0.047856454,4.7605205,7.292127,0.24060437,-0.014966187,-0.47968158,56.1375,-27.656252,23.493752,46.950733,0.3361091,49.741684,0.03460291,0.2697977,0.96218485,0.014567445,0.12924413,-0.239341,-0.7900898,0.5493359,-1.0,0
1763545093700,1009.74774,-0.14895321,5.186443,6.6245294,0.29206973,0.116217025,-0.37262753,55.031254,-29.00625,21.35625,46.950733,0.3361091,49.741684,0.03128183,0.27518612,0.9606271,0.022128547,0.13518178,-0.24172677,-0.793016,0.5426045,-1.0,0
1763545093725,1009.75604,-0.5024927,5.682954,7.8083787,0.22853978,0.089797124,-0.23182319,56.550003,-28.500002,24.2625,46.950733,0.3361091,49.741684,0.029018972,0.27760157,0.95994586,0.024479724,0.13854998,-0.24229865,-0.79356486,0.54069406,-1.0,0
1763545093750,1009.75604,-0.8321041,5.738587,7.816155,0.31283912,0.09651663,-0.13301581,56.60625,-29.718752,22.931252,46.950733,0.3361091,49.741684,0.027449995,0.27998897,0.9592479,0.026384057,0.14132121,-0.24326043,-0.7938813,0.5390781,-1.0,0
1763545093775,1009.76166,-0.8279166,5.846264,7.9280195,0.30459246,0.11530073,-0.020158539,56.718754,-29.85,23.85,46.950733,0.3361091,49.741684,0.024721427,0.2860797,0.9574994,0.027242167,0.14729552,-0.24648888,-0.792525,0.53800684,-1.0,0
1763545093800,1009.76166,-0.43728834,6.07418,8.310871,0.27527094,0.19058982,0.06475167,56.193752,-29.531252,24.056252,46.950733,0.3361091,49.741684,0.02297404,0.28877118,0.9567657,0.026130674,0.15037294,-0.24759762,-0.79109323,0.53875315,-1.0,0
1763545093825,1009.7758,0.13280165,6.6311097,9.395418,0.18669555,-0.109650224,0.011300999,56.006252,-30.431252,24.900002,46.950733,0.3361091,49.741684,0.022735037,0.29103976,0.9561013,0.025481585,0.1519494,-0.2492637,-0.79005563,0.53906494,-1.0,0
1763545093850,1009.79706,0.013160525,6.851249,9.469596,0.0028252497,0.028710645,0.027488915,58.2,-27.69375,22.5,46.950733,0.3361091,49.741684,0.023781834,0.29277956,0.9555397,0.025660597,0.15214577,-0.251271,-0.78964835,0.53867435,-1.0,0
1763545093876,1009.79706,-0.64845496,6.8452673,10.155738,-0.21235187,0.28695372,0.1291979,58.312504,-27.91875,22.03125,46.950733,0.3361091,49.741684,0.021064753,0.29103488,0.9561934,0.02343569,0.15342246,-0.24820668,-0.7886672,0.54116446,-1.0,0
1763545093901,1009.82367,0.72083783,6.669993,12.675978,-0.24610215,-0.012675445,0.33154687,57.093754,-28.181252,22.03125,46.950733,0.3361091,49.741684,0.019787503,0.28801563,0.957211,0.020063581,0.15271398,-0.24499592,-0.7874607,0.5445742,-1.0,0
1763545093927,1009.8354,0.06520442,5.992226,12.162718,-0.017333288,0.19364414,0.23900084,59.437504,-26.681252,22.0125,46.950733,0.3361091,49.741684,0.020767903,0.28545246,0.95801556,0.017078316,0.15032758,-0.24354883,-0.78656626,0.54717374,-1.0,0
1763545093952,1009.8354,-1.0689936,5.6614184,10.420743,0.18425208,0.36270097,0.28267768,59.1375,-27.468752,22.237501,46.950733,0.3361091,49.741684,0.016868679,0.28624305,0.9579483,0.010742164,0.1536791,-0.24207926,-0.7834218,0.5513897,-1.0,0
1763545093977,1009.81195,0.56829536,5.5369916,8.142776,0.21571162,-0.12965605,0.2283107,58.48125,-27.0375,22.275002,46.950733,0.3361091,49.741684,0.016527198,0.28858793,0.9572824,0.007363697,0.15531172,-0.24379174,-0.7809413,0.5536917,-1.0,0
1763545094002,1009.81195,0.927817,5.135596,7.765308,0.043142326,-0.1472184,-0.008246674,59.287502,-27.337502,23.1375,46.950733,0.3361091,49.741684,0.018305864,0.2905174,0.95667815,0.0056037325,0.15499933,-0.24639535,-0.7794163,0.55477446,-1.0,0
1763545094027,1009.79364,0.54257256,4.6468616,7.2490563,-0.18180864,0.10399973,-0.19471315,60.61875,-26.062502,20.456251,46.950733,0.3361091,49.741684,0.018380279,0.28925988,0.9570444,0.0075424127,0.15415926,-0.2454466,-0.7809472,0.5532742,-1.0,0
1763545094052,1009.7863,-0.050249275,4.11386,7.576873,-0.3664425,0.36270097,-0.23900084,59.04375,-24.35625,20.681252,46.950733,0.3361091,49.741684,0.014340736,0.28585306,0.9581257,0.008799784,0.15540974,-0.24034442,-0.78264207,0.5527691,-1.0,0
1763545094077,1009.7863,-0.7477571,3.7555351,6.8255267,0.014278964,0.3008509,-0.0027488915,59.906254,-25.143751,21.243752,46.950733,0.3361091,49.741684,0.009580093,0.28316307,0.9589813,0.00904013,0.157625,-0.23543039,-0.78365517,0.5528214,-1.0,0
1763545094102,1009.76044,-0.526421,3.862614,5.4263234,0.25083634,0.03161225,0.14034618,59.30625,-25.312502,20.550001,46.950733,0.3361091,49.741684,0.006531908,0.285388,0.95836455,0.0069604306,0.16135128,-0.2354883,-0.78205144,0.5539915,-1.0,0
1763545094127,1009.7282,0.22671995,4.0121655,4.415954,0.27618724,-0.16508621,0.20631959,61.2,-23.1375,20.53125,46.950733,0.3361091,49.741684,0.008576676,0.28806934,0.9575553,0.0055135023,0.16132872,-0.23881067,-0.7803832,0.55492747,-1.0,0
1763545094152,1009.7282,0.48394838,4.552943,6.506085,-0.12912154,-0.037110034,0.098196514,59.718754,-23.2875,20.400002,46.950733,0.3361091,49.741684,0.010658574,0.28904286,0.9572458,0.0045838053,0.16029309,-0.24076022,-0.77939206,0.55577755,-1.0,0
1763545094177,1009.73236,0.019142581,4.582854,8.282157,-0.03489565,0.063377224,0.1434005,59.60625,-23.15625,19.0125,46.950733,0.3361091,49.741684,0.011403382,0.28801334,0.9575512,0.0037502032,0.15914033,-0.24032496,-0.77902913,0.5568051,-1.0,0
1763545094202,1009.73236,0.4636094,4.9118667,8.304291,0.2616792,-0.012370012,0.17715079,60.093754,-23.1,17.56875,46.950733,0.3361091,49.741684,0.011819232,0.2897908,0.9570168,0.0006163634,0.15972355,-0.24208838,-0.77703726,0.55865437,-1.0,0
1763545094227,1009.73724,0.16151553,5.4424753,7.3495545,0.36186102,-0.056963142,0.1018617,60.656254,-23.79375,18.768751,46.950733,0.3361091,49.741684,-0.012685211,-0.2931042,-0.95599633,0.00022568378,0.16094038,-0.24529405,-0.77575415,0.55869,-1.0,0
1763545094253,1009.7497,-0.87218386,5.675177,8.29771,0.21097742,0.013591741,0.2159407,59.193752,-22.331251,18.993752,46.950733,0.3361091,49.741684,-0.012766293,-0.2954449,-0.9552737,0.0012107134,0.16232152,-0.247189,-0.7744125,0.5593162,-1.0,0
1763545094278,1009.7497,-0.22552353,5.89412,8.650054,0.24686573,-0.20143266,0.2944368,59.025,-23.212502,18.45,46.950733,0.3361091,49.741684,-0.015458112,-0.29962477,-0.9539173,0.005264332,0.16266258,-0.25210088,-0.7707595,0.5620639,-1.0,0
1763545094303,1009.7663,0.7004988,6.3804617,9.136395,0.110490166,-0.36376998,0.2858847,60.7125,-21.31875,19.556252,46.950733,0.3361091,49.741684,-0.01957714,-0.30060908,-0.95352197,0.0068419874,0.15990192,-0.25530466,-0.76950467,0.56312823,-1.0,0
1763545094328,1009.78485,0.7615158,7.277172,10.515858,-0.0005345067,-0.1754709,0.06520981,59.100002,-21.35625,19.25625,46.950733,0.3361091,49.741684,-0.023382016,-0.30033353,-0.95351785,0.007538361,0.15662917,-0.25732133,-0.769149,0.56361586,-1.0,0
1763545094353,1009.78485,0.35294133,7.285547,9.763913,0.06849321,-0.009926553,0.047494736,58.8375,-20.625,17.550001,46.950733,0.3361091,49.741684,-0.025461722,-0.30093628,-0.9532701,0.008073095,0.15528193,-0.2590337,-0.7686626,0.56386787,-1.0,0
1763545094379,1009.78534,0.9026923,6.9708905,8.961719,0.017944153,-0.11133011,0.031306818,58.500004,-20.6625,19.44375,46.950733,0.3361091,49.741684,-0.026544508,-0.30123326,-0.9531472,0.00802654,0.15464084,-0.25986975,-0.7684517,0.5639467,-1.0,0
1763545094404,1009.7939,1.430908,5.705087,9.312865,-0.23831362,-0.016340632,-0.28817546,60.093754,-19.59375,15.656251,46.950733,0.3361091,49.741684,-0.02844263,-0.30020687,-0.95342934,0.006281879,0.15250894,-0.2601426,-0.7696835,0.5627203,-1.0,0
1763545094429,1009.7939,0.71365935,5.293522,9.28475,-0.3154353,0.14645483,-0.3488038,58.95,-19.35,17.00625,46.950733,0.3361091,49.741684,-0.027996732,-0.2979923,-0.95415086,0.0035942264,0.15149611,-0.25813204,-0.772013,0.56072515,-1.0,0
1763545094454,1009.79706,0.95712906,4.875974,9.745368,-0.3285689,0.13973531,-0.2658789,57.075,-18.431252,17.1375,46.950733,0.3361091,49.741684,0.02379078,0.2917789,0.9561889,0.0013496242,0.15106529,-0.25075924,-0.7770254,0.5572527,-1.0,0
1763545094479,1009.79706,0.8362915,4.996214,8.274381,0.14958552,-0.36621344,-0.19853105,58.612503,-18.993752,15.168751,46.950733,0.3361091,49.741684,0.024675716,0.29052386,0.95654184,0.0038382271,0.14941622,-0.2503753,-0.7792038,0.55482286,-1.0,0
1763545094504,1009.7841,0.76689965,4.9160542,6.6364937,-0.032452192,-0.29382595,-0.15515965,59.625004,-16.78125,15.8625,46.950733,0.3361091,49.741684,0.027611688,0.29162908,0.95610994,0.006622352,0.14752589,-0.25307316,-0.7808047,0.55184615,-1.0,0
1763545094529,1009.7773,0.7196414,4.642076,7.0151577,-0.32551455,0.031917684,-0.101250835,57.9,-15.975,15.375001,46.950733,0.3361091,49.741684,0.029437613,0.28848282,0.95698243,0.009782868,0.14422932,-0.2515687,-0.78331006,0.54985124,-1.0,0
1763545094554,1009.7773,0.9212367,4.293322,7.919645,-0.26656613,0.09422589,-0.067195125,57.91875,-15.20625,14.55,46.950733,0.3361091,49.741684,0.028427064,0.285933,0.9577737,0.01019006,0.14350472,-0.24894206,-0.7843217,0.5497942,-1.0,0
1763545094579,1009.76166,0.50368917,4.462016,5.5022955,0.19387321,-0.1621846,-0.1226311,59.831253,-14.512501,13.5375,46.950733,0.3361091,49.741684,0.027440812,0.28612748,0.9577381,0.01076011,0.14432988,-0.24857762,-0.7848233,0.54902685,-1.0,0
1763545094604,1009.72894,0.7812566,4.639085,4.7659044,0.13965896,-0.3100139,-0.15073088,56.5125,-14.981251,13.762501,46.950733,0.3361091,49.741684,0.03118988,0.2895264,0.9565521,0.014484457,0.14337273,-0.25346127,-0.7857892,0.5456528,-1.0,0
1763545094630,1009.72894,1.3082758,4.7575297,5.233701,-0.039477136,-0.15027274,-0.20967934,56.193752,-14.38125,14.08125,46.950733,0.3361091,49.741684,0.03217365,0.28949574,0.95649093,0.01679966,0.14265111,-0.25395587,-0.78688365,0.54403234,-1.0,0
1763545094655,1009.71844,0.51864433,4.8508496,6.373283,-0.17004949,0.13423753,-0.32085672,57.075,-13.05,12.675,46.950733,0.3361091,49.741684,0.03104963,0.28870767,0.95671815,0.019343432,0.14315051,-0.25263438,-0.7884534,0.5422408,-1.0,0
1763545094680,1009.71844,0.18604197,5.1158547,7.517052,-0.108504854,0.028405212,-0.27763805,56.718754,-14.587501,14.962501,46.950733,0.3361091,49.741684,0.028997546,0.2874171,0.95711476,0.021950819,0.14411479,-0.2503605,-0.7901884,0.5405117,-1.0,0
1763545094705,1009.72943,0.14117654,5.413761,8.019546,0.073685564,-0.056810424,-0.17669263,56.831253,-10.8,10.106251,46.950733,0.3361091,49.741684,0.027937304,0.287306,0.95707107,0.0262639,0.14496124,-0.24962267,-0.7925611,0.5371421,-1.0,0
1763545094730,1009.7358,0.2757728,5.718248,7.9794655,0.22105668,0.07788526,-0.057574004,56.2125,-11.512501,11.7375,46.950733,0.3361091,49.741684,0.027075987,0.28941542,0.9564526,0.026533708,0.14691074,-0.2508219,-0.79217535,0.5366226,-1.0,0
1763545094755,1009.7358,0.1381855,6.4235325,8.333603,0.18043418,0.17272201,0.034819294,55.331253,-10.856251,11.493751,46.950733,0.3361091,49.741684,0.02534292,0.2919506,0.95574737,0.025877122,0.14985812,-0.25183323,-0.7910904,0.5369343,-1.0,0
1763545094780,1009.75287,0.13579269,6.4594245,9.410972,0.17157665,0.10827578,0.07040217,55.55625,-10.33125,12.975,46.950733,0.3361091,49.741684,0.023863649,0.29384038,0.9552285,0.025036333,0.15224887,-0.2524518,-0.7899942,0.5375849,-1.0,0
1763545094805,1009.78485,0.9026923,7.0642104,10.182656,0.4058433,-0.15302163,0.034361143,53.625004,-11.400001,11.08125,46.950733,0.3361091,49.741684,0.023416148,0.2980029,0.95400006,0.023020217,0.15506129,-0.25555828,-0.7877815,0.5385595,-1.0,0
1763545094830,1009.78485,0.9026923,7.0642104,10.182656,0.4058433,-0.15302163,0.034361143,53.756252,-9.375,9.5625,46.950733,0.3361091,49.741684,0.025117358,0.30160984,0.95282257,0.02301499,0.15572913,-0.25951457,-0.7869434,0.5376995,-1.0,0
1763545094856,1009.799,-0.7848458,7.954939,8.258229,0.037491824,0.37140578,0.031917684,54.375004,-9.1875,9.95625,46.950733,0.3361091,49.741684,0.020744778,0.30567515,0.95166194,0.02172223,0.16187003,-0.2601264,-0.78479654,0.538727,-1.0,0
1763545094881,1009.799,0.25722843,7.484151,9.379865,-0.31497714,0.239459,0.04382955,53.60625,-10.03125,10.70625,46.950733,0.3361091,49.741684,0.018456878,0.30317685,0.95253,0.020729974,0.1624498,-0.25664547,-0.78453314,0.5406023,-1.0,0
1763545094906,1009.8166,-0.2847459,5.1696935,11.682957,-0.39790204,0.2591594,-0.28924447,53.8875,-8.512501,12.431251,46.950733,0.3361091,49.741684,0.01722449,0.29903692,0.953841,0.021625405,0.16097063,-0.2526029,-0.7862398,0.54046947,-1.0,0
1763545094933,1009.8283,-1.43689,4.476971,11.113464,-0.27817255,0.2782489,-0.17760894,52.93125,-7.6125,10.78125,46.950733,0.3361091,49.741684,0.010594466,0.29194334,0.9560617,0.02455266,0.16179305,-0.24324094,-0.79065055,0.5380786,-1.0,0
1763545094958,1009.8283,-1.3274183,4.2394834,9.805189,-0.17234023,0.10506874,0.007941242,54.787502,-5.775,8.94375,46.950733,0.3361091,49.741684,0.009223627,0.28984663,0.95671934,0.024329025,0.16152628,-0.24084309,-0.7914031,0.538131,-1.0,0
1763545094983,1009.821,-0.802792,4.3555355,7.676175,-0.26396993,0.20647229,0.14660755,52.500004,-6.2625003,8.90625,46.950733,0.3361091,49.741684,0.008447071,0.28777605,0.9573827,0.023065267,0.1608403,-0.23878187,-0.79145217,0.5391819,-1.0,0
1763545095008,1009.80804,-1.026521,4.319643,7.268199,-0.34231335,0.25045455,0.22113305,51.3375,-6.1312504,9.31875,46.950733,0.3361091,49.741684,0.006731613,0.28517222,0.958218,0.021208124,0.16066337,-0.23570277,-0.7911718,0.5409979,-1.0,0
1763545095033,1009.80804,-0.8787641,4.2448673,6.9768724,-0.30917394,0.26710063,0.32177302,52.275,-5.175,9.168751,46.950733,0.3361091,49.741684,0.0028289235,0.27907223,0.9601496,0.014950161,0.16030136,-0.22845738,-0.78904873,0.54727757,-1.0,0
1763545095058,1009.7812,0.19322042,4.0731826,5.95753,-0.012599086,-0.057879437,0.2944368,52.968754,-5.45625,8.043751,46.950733,0.3361091,49.741684,0.00241023,0.27749622,0.9606576,0.011271732,0.15973412,-0.226925,-0.78729236,0.5506004,-1.0,0
1763545095083,1009.75385,0.37447673,4.206582,5.2025948,-0.019165883,-0.16233732,0.18707734,50.100002,-5.7562504,8.962501,46.950733,0.3361091,49.741684,0.0037432648,0.27737784,0.9607143,0.008690779,0.15858522,-0.22760323,-0.7858263,0.5527427,-1.0,0
1763545095109,1009.75385,0.40618163,4.2388854,5.4574304,-0.15676318,-0.0594066,0.09529491,49.95,-4.40625,7.6687503,46.950733,0.3361091,49.741684,0.0066896877,0.2760496,0.96109724,0.0066283266,0.15552616,-0.22816606,-0.78466964,0.55501837,-1.0,0
1763545095134,1009.7441,0.29790643,4.305286,6.465407,-0.2323577,0.09300416,0.016340632,50.2125,-3.24375,6.1875005,46.950733,0.3361091,49.741684,0.005930742,0.2740233,0.96168464,0.0062200483,0.15499946,-0.22605106,-0.7848148,0.5558254,-1.0,0
1763545095158,1009.7441,-0.44626144,4.5918264,7.4069824,0.023441937,-0.028710645,-0.034208428,47.86875,-2.3812501,7.7812505,46.950733,0.3361091,49.741684,0.005208815,0.2727272,0.9620557,0.006452456,0.15482473,-0.22458085,-0.78526473,0.5558346,-1.0,0
1763545095183,1009.73895,-0.65084773,5.1996036,7.0265236,0.11323906,-0.03252855,0.01847866,47.8875,-2.3625002,7.4625,46.950733,0.3361091,49.741684,0.0055140685,0.27403864,0.9616786,0.006828062,0.15539132,-0.22579001,-0.7850552,0.5554824,-1.0,0
1763545095208,1009.7487,-0.994816,5.72423,7.328019,0.062384564,0.00076358096,0.0632245,47.4,-2.5500002,7.36875,46.950733,0.3361091,49.741684,0.005478486,0.27485076,0.9614507,0.006300643,0.15601303,-0.22634684,-0.78427005,0.5561902,-1.0,0
1763545095233,1009.7487,-1.079163,6.0921264,8.370692,0.02573268,-0.11713332,0.14828743,45.6375,-3.45,5.90625,46.950733,0.3361091,49.741684,0.0066653187,0.2752894,0.96132356,0.005329783,0.15543047,-0.22731043,-0.78329384,0.5573348,-1.0,0
1763545095258,1009.77216,0.52223355,6.4175506,10.146765,-0.013973532,-0.41920596,0.18890993,44.175003,-2.5125,8.175,46.950733,0.3361091,49.741684,0.010293168,0.27560386,0.96120596,0.004427772,0.15276164,-0.22962433,-0.78244865,0.5583105,-1.0,0
1763545095284,1009.7963,0.33439696,6.626324,10.87179,-0.039629854,-0.066889696,0.14477496,43.125,-0.50625,8.00625,46.950733,0.3361091,49.741684,0.015698392,0.27507973,0.96128964,0.0026298044,0.14808369,-0.23234999,-0.781432,0.559865,-1.0,0
1763545095309,1009.7963,0.26919255,7.0612197,10.159327,0.029092435,0.08093958,0.14828743,41.325,-3.0375001,6.3375,46.950733,0.3361091,49.741684,0.015277031,0.2753453,0.9612234,0.0010536362,0.1485963,-0.23230919,-0.7804193,0.5611571,-1.0,0
1763545095334,1009.8107,1.1826526,6.6574306,9.98824,-0.031688612,-0.4667007,0.12812889,41.362503,-1.29375,7.0125003,46.950733,0.3361091,49.741684,0.017147452,0.27628782,0.96092194,0.00015973674,0.1476904,-0.23412934,-0.7795071,0.5619072,-1.0,0
1763545095359,1009.8107,1.8969102,6.361319,10.41835,-0.22411102,-0.29718572,0.036346454,38.850002,-2.1750002,7.0125003,46.950733,0.3361091,49.741684,0.024975047,0.27403688,0.9613946,0.00063541275,0.14004593,-0.23686941,-0.78011864,0.56186736,-1.0,0
1763545095384,1009.82587,1.783251,5.8618174,10.716256,-0.40278897,0.06185006,-0.1545488,38.71875,-1.3125,7.2937503,46.950733,0.3361091,49.741684,0.024975047,0.27403688,0.9613946,0.00063541275,0.14004593,-0.23686941,-0.78011864,0.56186736,-1.0,0
1763545095409,1009.83954,1.1162517,4.733003,11.968301,-0.102854356,-0.025045456,-0.25518876,37.59375,1.06875,6.6562505,46.950733,0.3361091,49.741684,0.0222268,0.26641688,0.9635935,0.003949978,0.13762607,-0.22919652,-0.78430885,0.5598104,-1.0,0
1763545095434,1009.83954,1.0043873,4.409972,10.646864,0.18929173,-0.22846343,-0.19562945,38.287502,0.76875,5.5125003,46.950733,0.3361091,49.741684,0.021934291,0.26504987,0.9639642,0.0063616172,0.13686693,-0.22803506,-0.78650266,0.55738765,-1.0,0
1763545095459,1009.82196,0.7268199,4.2311087,8.341978,0.29985824,-0.3168861,-0.1385136,37.3125,1.03125,6.3750005,46.950733,0.3361091,49.741684,0.026422808,0.26884472,0.9627618,0.010675786,0.1350899,-0.23393667,-0.78886336,0.5520136,-1.0,0
1763545095484,1009.82196,0.7716853,3.9900317,6.99781,0.11797326,-0.2629773,-0.040622506,34.050003,-0.43125,8.34375,46.950733,0.3361091,49.741684,0.028826695,0.26983413,0.96240425,0.011689003,0.1336681,-0.2361658,-0.78926504,0.5508351,-1.0,0
1763545095509,1009.79535,0.9906286,3.8333018,8.166105,0.02527453,0.0033597562,0.023060145,32.943752,-1.03125,6.4875,46.950733,0.3361091,49.741684,0.030359324,0.26892608,0.96260846,0.011914797,0.13183653,-0.23635155,-0.7896949,0.5505806,-1.0,0
1763545095534,1009.77386,0.7369894,4.05404,6.8536425,0.28748822,0.080176,0.045662142,34.331253,0.84375006,6.8437505,46.950733,0.3361091,49.741684,0.030030524,0.27141437,0.9619324,0.0108796675,0.13335048,-0.23829657,-0.7890089,0.5503611,-1.0,0
1763545095559,1009.77386,1.2227324,4.4243293,4.9160542,0.32917976,-0.062002774,0.008399391,32.850002,-0.675,6.9375005,46.950733,0.3361091,49.741684,0.030790891,0.2745885,0.96100765,0.0108311735,0.13460785,-0.24130405,-0.7881581,0.54996353,-1.0,0
1763545095584,1009.7382,1.4620147,4.5469613,5.7577295,-0.24396412,0.054825112,-0.3866774,30.675001,-1.3875,6.1312504,46.950733,0.3361091,49.741684,0.031959984,0.27540088,0.9607149,0.012643662,0.13422593,-0.24259117,-0.7887547,0.5486337,-1.0,0
1763545095609,1009.7292,0.20817557,4.482953,7.149754,-0.26503897,0.32207847,-0.4572323,30.16875,-0.95625,6.9187503,46.950733,0.3361091,49.741684,0.026642807,0.2713732,0.9619079,0.019489076,0.136288,-0.23617542,-0.7935222,0.54403067,-1.0,0
1763545095635,1009.7292,-0.74835527,4.475775,8.188837,-0.022067491,0.32162032,-0.2913825,30.581251,-1.7625,6.4687505,46.950733,0.3361091,49.741684,0.022723949,0.27124682,0.96200323,0.021411989,0.1394041,-0.23378988,-0.7947118,0.5425328,-1.0,0
1763545095660,1009.7326,0.26859435,5.5908303,6.0460644,0.7137191,-0.12751803,0.11117739,29.7,-0.26250002,7.8562503,46.950733,0.3361091,49.741684,0.021011448,0.27519345,0.96092427,0.02125103,0.14309305,-0.23600271,-0.7937425,0.5420332,-1.0,0
1763545095686,1009.72015,0.5180461,6.1806607,5.53759,0.6097194,-0.27580544,0.10430516,26.04375,-1.7437501,6.7875004,46.950733,0.3361091,49.741684,0.025559451,0.28794152,0.957096,0.020092197,0.1470792,-0.24886,-0.7893806,0.5415853,-1.0,0
1763545095711,1009.72015,0.35353956,6.59761,5.797809,0.35621053,-0.065667965,0.09269873,26.475,-2.4562502,7.70625,46.950733,0.3361091,49.741684,0.026535302,0.2917181,0.95594084,0.019325515,0.14870536,-0.2523693,-0.787528,0.54221416,-1.0,0
1763545095736,1009.73456,0.40378883,6.6969123,8.887542,-0.09308052,0.15577053,0.02443459,26.6625,-1.5562501,7.6312504,46.950733,0.3361091,49.741684,0.024881959,0.29275042,0.95569557,0.01800184,0.15088014,-0.25210536,-0.78606117,0.54386204,-1.0,0
1763545095762,1009.73456,0.39960137,6.458228,9.855438,-0.018555017,0.046883874,-0.00763581,25.125002,-3.9750001,8.700001,46.950733,0.3361091,49.741684,0.023513522,0.29223916,0.9558986,0.017357744,0.15183018,-0.25080708,-0.78554904,0.5449368,-1.0,0
1763545095787,1009.76263,0.22432712,6.723233,10.10489,-0.03199404,0.0030543238,0.016646065,24.675001,-3.3937502,8.1,46.950733,0.3361091,49.741684,0.023058848,0.2917546,0.9560614,0.017148009,0.1519068,-0.25015348,-0.7855778,0.5451744,-1.0,0
1763545095813,1009.7985,0.33439696,7.227521,10.295717,-0.22319472,0.09117157,0.10399973,23.71875,-3.8437502,6.6937504,46.950733,0.3361091,49.741684,0.022359278,0.29080012,0.95638686,0.016110161,0.15193014,-0.24896163,-0.7852042,0.54625064,-1.0,0
1763545095838,1009.7985,0.50428736,7.0145597,11.375479,-0.37957612,0.04734202,0.025503604,22.125,-3.0187502,7.275,46.950733,0.3361091,49.741684,0.021717466,0.2888049,0.9570247,0.0149612455,0.15132537,-0.2469424,-0.7849576,0.54768753,-1.0,0
1763545095863,1009.8359,0.48035914,6.410372,12.412169,-0.3033707,0.18234314,-0.0490219,21.712502,-3.45,9.356251,46.950733,0.3361091,49.741684,0.019467093,0.28234258,0.95900387,0.014672273,0.14929171,-0.24043356,-0.7865734,0.5488223,-1.0,0
1763545095888,1009.8437,-0.06999006,5.672186,11.306685,-0.049098257,0.1470657,-0.11713332,21.393751,-3.4875002,10.1625,46.950733,0.3361091,49.741684,0.017741196,0.28156376,0.95925534,0.015373712,0.15009229,-0.23888326,-0.78751844,0.547925,-1.0,0
1763545095913,1009.8437,-0.55513483,4.816752,8.36112,-0.069104075,-0.18692462,-0.10583232,21.0,-3.3937502,8.493751,46.950733,0.3361091,49.741684,0.017670343,0.28172228,0.95918757,0.016720895,0.15017329,-0.23901395,-0.7884086,0.54656404,-1.0,0
1763545095938,1009.8244,-0.45942193,4.398008,7.9334035,-0.2164752,-0.116675176,-0.049327333,19.125,-4.59375,10.462501,46.950733,0.3361091,49.741684,0.01890674,0.28095907,0.9593592,0.018285926,0.14870967,-0.23912527,-0.7894944,0.54534686,-1.0,0
1763545095963,1009.8056,-0.33200413,4.3531427,7.7210402,-0.29237515,0.09636392,0.02443459,19.050001,-4.2375,10.125,46.950733,0.3361091,49.741684,0.018590357,0.27601492,0.96079004,0.01877815,0.14604199,-0.23495018,-0.7910305,0.5456563,-1.0,0
1763545095988,1009.8056,-0.3290131,4.0217366,6.821339,-0.12530364,0.30497423,0.06963859,17.362501,-5.15625,12.056251,46.950733,0.3361091,49.741684,0.015965289,0.27357015,0.9615591,0.017565677,0.14673473,-0.23143992,-0.79097384,0.5470511,-1.0,0
1763545096013,1009.778,-0.33260235,3.9158542,5.7816577,-0.019471316,0.089033544,0.09957096,18.6,-5.1375003,8.231251,46.950733,0.3361091,49.741684,0.013198972,0.27238628,0.9619617,0.016161963,0.14828059,-0.22886977,-0.79050314,0.5483943,-1.0,0
1763545096038,1009.778,0.05742774,3.7824545,5.413163,-0.045280352,-0.098654665,0.12721258,18.825,-5.3625,9.6,46.950733,0.3361091,49.741684,0.013685269,0.27187708,0.9621306,0.014148592,0.14766318,-0.22869198,-0.7892854,0.5503854,-1.0,0
1763545096063,1009.768,0.3056831,3.7453656,5.94437,-0.10728313,-0.056199558,0.11102467,15.825001,-7.1625004,10.03125,46.950733,0.3361091,49.741684,0.014510668,0.27092704,0.962399,0.01327093,0.14646173,-0.2283878,-0.7889343,0.55133533,-1.0,0
1763545096089,1009.7609,-0.424726,4.222734,7.3627152,0.014737112,-0.05177079,0.05665771,15.39375,-7.2000003,8.681251,46.950733,0.3361091,49.741684,0.01463868,0.270198,0.9626107,0.012625342,0.14592366,-0.2278761,-0.7887492,0.5519542,-1.0,0
1763545096114,1009.7609,-0.89371926,4.613362,7.8203425,0.14897464,-0.06918044,0.13225223,16.29375,-8.38125,10.96875,46.950733,0.3361091,49.741684,0.01596222,0.27157775,0.9622183,0.011258487,0.14566141,-0.22976515,-0.7876173,0.55285597,-1.0,0
1763545096139,1009.7614,-0.73399836,5.0685964,8.135597,0.2691623,-0.12034036,0.26282457,14.156251,-6.7125,9.8625,46.950733,0.3361091,49.741684,0.017535815,0.27401188,0.96152264,0.009173545,0.14583914,-0.2326391,-0.78575546,0.5542548,-1.0,0
1763545096164,1009.76605,1.2592229,6.175277,7.5349984,0.44402233,-0.2159407,0.29581127,11.56875,-9.01875,15.20625,46.950733,0.3361091,49.741684,0.020499436,0.27787605,0.9603766,0.0064358404,0.14572912,-0.23748338,-0.7831372,0.5559324,-1.0,0
1763545096189,1009.76605,1.9944177,6.4606214,7.7234335,0.21937682,-0.16065744,0.064140804,12.13125,-9.31875,12.843751,46.950733,0.3361091,49.741684,0.025373556,0.28440964,0.95835924,0.0038626299,0.14573367,-0.2455491,-0.7796734,0.55729413,-1.0,0
1763545096214,1009.7797,1.5050855,6.413961,9.102896,-0.0297033,-0.054061532,-0.18906265,12.4125,-9.28125,13.125001,46.950733,0.3361091,49.741684,0.025706023,0.28437227,0.95835257,0.005657266,0.14546937,-0.24569708,-0.7806558,0.555921,-1.0,0
1763545096239,1009.7797,-0.28295127,6.579066,10.569695,-0.12316561,0.10002911,-0.20433427,12.843751,-10.743751,13.63125,46.950733,0.3361091,49.741684,0.023961924,0.28319624,0.9587305,0.007845818,0.14619134,-0.24372603,-0.7822535,0.55435115,-1.0,0
1763545096264,1009.80365,0.11425728,6.384649,10.624731,-0.020387612,-0.21853687,-0.13637556,9.975,-11.793751,14.75625,46.950733,0.3361091,49.741684,0.022338085,0.28208378,0.9590823,0.009535481,0.14686677,-0.24186857,-0.7835067,0.55321515,-1.0,0
1763545096289,1009.8212,0.65922266,6.273981,10.2317095,-0.030772313,-0.4677697,-0.13255766,10.575001,-13.743751,17.4375,46.950733,0.3361091,49.741684,0.02775888,0.28143886,0.9590758,0.0139719825,0.14205979,-0.24453512,-0.7861702,0.5495071,-1.0,0
1763545096315,1009.8212,1.0923235,5.977271,10.550553,-0.21143557,-0.3245219,-0.12705988,10.14375,-13.14375,14.812501,46.950733,0.3361091,49.741684,0.03045154,0.2793949,0.9595587,0.016068693,0.13864052,-0.24447416,-0.7878771,0.5479607,-1.0,0
1763545096340,1009.8432,1.2981063,5.297111,10.922637,-0.105908684,-0.0051923506,-0.14508039,8.175,-13.481251,15.356251,46.950733,0.3361091,49.741684,0.030506283,0.2766868,0.96032053,0.01726885,0.13687983,-0.24238428,-0.78949714,0.5469991,-1.0,0
1763545096365,1009.8432,1.0348958,4.886742,9.702896,-0.04253146,-0.32559094,-0.14080434,8.325001,-14.83125,16.181252,46.950733,0.3361091,49.741684,0.030351548,0.27538246,0.9606757,0.018585976,0.13606304,-0.24133708,-0.79096293,0.5455464,-1.0,0
1763545096390,1009.83563,1.4273187,4.5966125,9.119645,-0.17737986,-0.3092503,-0.13530655,9.20625,-14.625001,17.775002,46.950733,0.3361091,49.741684,0.03570839,0.27280682,0.96113515,0.02281457,0.12996845,-0.24250124,-0.7943436,0.5415899,-1.0,0
1763545096416,1009.8244,1.1527423,4.293322,9.059227,-0.31589344,0.0003054324,-0.16416991,9.3,-14.250001,17.75625,46.950733,0.3361091,49.741684,0.035404354,0.26969355,0.9619863,0.024377793,0.1282735,-0.2398624,-0.796234,0.54039186,-1.0,0
1763545096441,1009.8244,0.4564309,4.0570307,7.8083787,-0.09033163,0.028863361,-0.010079269,8.868751,-15.656251,17.25,46.950733,0.3361091,49.741684,0.033850178,0.2658853,0.96307594,0.025375424,0.12711972,-0.23596905,-0.79815733,0.5395406,-1.0,0
1763545096467,1009.8005,0.9559326,4.3094735,6.580262,-0.037491824,-0.1385136,0.011759147,8.681251,-15.056251,18.018751,46.950733,0.3361091,49.741684,0.03522044,0.26548913,0.96312976,0.025614794,0.12576137,-0.2364509,-0.79837066,0.5393323,-1.0,0
1763545096492,1009.77167,0.58504516,4.3124647,6.346364,-0.16943862,0.08933897,-0.13973531,9.056251,-15.39375,18.150002,46.950733,0.3361091,49.741684,0.035900217,0.26459038,0.96332896,0.026464613,0.12470194,-0.23610659,-0.79898995,0.53881186,-1.0,0
1763545096517,1009.77167,0.381057,4.3561335,6.6311097,-0.09537126,0.2131918,-0.13607013,8.306251,-16.85625,18.9375,46.950733,0.3361091,49.741684,0.032435853,0.26252714,0.9639634,0.0283205,0.1263898,-0.23237513,-0.8004235,0.5379123,-1.0,0
1763545096542,1009.75604,0.4019942,4.549952,6.117251,0.021456625,0.20311254,-0.114079,8.418751,-17.7,18.975,46.950733,0.3361091,49.741684,0.030280536,0.26295292,0.96390146,0.028858267,0.1284398,-0.23143974,-0.8005713,0.53760993,-1.0,0
1763545096567,1009.7336,0.3278167,5.093123,6.5611196,0.07475458,-0.01970039,-0.10995566,8.0625,-18.0,19.63125,46.950733,0.3361091,49.741684,0.029411267,0.2638472,0.96366143,0.029601846,0.12975389,-0.23161237,-0.8006079,0.53716534,-1.0,0
1763545096592,1009.7336,-0.019740786,5.232505,7.495517,0.16668972,-0.07284562,-0.054825112,9.168751,-19.0125,20.04375,46.950733,0.3361091,49.741684,0.02938619,0.26484522,0.9633558,0.030644903,0.13045594,-0.23235272,-0.8007352,0.5364855,-1.0,0
1763545096617,1009.73846,0.0849452,5.47418,7.8903327,0.28977898,-0.06352994,0.07223476,7.275,-18.84375,21.46875,46.950733,0.3361091,49.741684,0.030692654,0.26937106,0.96205574,0.030755265,0.13218504,-0.23670638,-0.79939574,0.53615636,-1.0,0
1763545096643,1009.73846,0.43010986,5.7170515,7.9926257,0.39561132,-0.016035201,0.18829907,9.150001,-19.03125,21.75,46.950733,0.3361091,49.741684,0.031405717,0.27312115,0.9610311,0.028945807,0.13385515,-0.24013385,-0.7973693,0.5372343,-1.0,0
1763545096669,1009.7558,1.4937196,6.5048885,8.374281,0.4484511,-0.19975278,0.16508621,9.075001,-20.025002,22.125,46.950733,0.3361091,49.741684,0.032956097,0.27745047,0.9597988,0.02685891,0.1351816,-0.24452156,-0.7950199,0.5384036,-1.0,0
1763545096694,1009.75555,1.7670995,6.683752,8.727222,0.33666286,-0.1924224,0.06750056,9.168751,-21.65625,23.4375,46.950733,0.3361091,49.741684,0.037860774,0.28495374,0.95745724,0.02536805,0.13567849,-0.2534234,-0.79203624,0.5385597,-1.0,0
1763545096720,1009.75555,1.878964,6.5946193,9.537193,0.1918879,-0.0594066,-0.041844238,7.0875,-21.112501,23.475,46.950733,0.3361091,49.741684,0.038627766,0.2868478,0.95685047,0.025756089,0.13616484,-0.25540736,-0.7917644,0.5378991,-1.0,0
1763545096744,1009.778,0.35593235,7.1599236,10.030114,0.13691007,0.18524474,-0.17928882,10.106251,-22.050001,23.6625,46.950733,0.3361091,49.741684,0.037912186,0.28801125,0.9565003,0.02682108,0.13737461,-0.25596097,-0.792208,0.53667367,-1.0,0
1763545096769,1009.7856,-0.10827523,7.432107,8.688339,0.025427246,0.21258095,-0.114079,9.431251,-22.5,24.075,46.950733,0.3361091,49.741684,0.03340246,0.28995645,0.9560354,0.028387917,0.14228421,-0.2548444,-0.79250884,0.5354804,-1.0,0
1763545096794,1009.7856,0.03589234,7.0779696,9.111869,-0.25999933,0.16126831,-0.1084285,10.368751,-22.893751,24.0,46.950733,0.3361091,49.741684,0.031411584,0.28795984,0.9566856,0.029070092,0.14289632,-0.25196865,-0.79308933,0.5358188,-1.0,0
1763545096819,1009.809,-1.3220345,4.942375,11.65843,-0.29023713,0.36926776,-0.1763872,10.668751,-22.237501,23.15625,46.950733,0.3361091,49.741684,0.029030526,0.28413042,0.9578651,0.030357908,0.14261097,-0.24745703,-0.79475105,0.53553516,-1.0,0
1763545096844,1009.81195,-2.0847468,4.633103,10.859227,0.017180571,0.23930627,0.13423753,11.925,-23.118752,25.3875,46.950733,0.3361091,49.741684,0.024843834,0.2811933,0.9588247,0.031118317,0.1441537,-0.24270679,-0.7962736,0.53503406,-1.0,0
1763545096869,1009.81195,-0.6221339,5.09073,9.030513,0.25022548,-0.1375973,0.3581195,11.962501,-23.1,23.23125,46.950733,0.3361091,49.741684,0.024269588,0.28275815,0.9585164,0.026553167,0.14535697,-0.24374685,-0.7937471,0.53798175,-1.0,0
1763545096895,1009.7973,0.8979067,5.0937214,6.698707,-0.19998185,0.016187917,0.093615025,10.51875,-23.53125,25.875002,46.950733,0.3361091,49.741684,0.027075663,0.2840192,0.9581256,0.024400063,0.143821,-0.24640521,-0.7921593,0.53952163,-1.0,0
1763545096921,1009.7973,0.096311115,4.581657,7.798807,-0.5095376,0.1915061,-0.011148282,10.125,-23.41875,23.90625,46.950733,0.3361091,49.741684,0.027306,0.28230947,0.95864695,0.023489354,0.14267659,-0.24512786,-0.7919612,0.5406969,-1.0,0
1763545096945,1009.78973,-0.50488555,4.0833516,9.177671,-0.42981973,0.2784016,0.0971275,12.243751,-22.35,24.69375,46.950733,0.3361091,49.741684,0.02286775,0.2735431,0.9613431,0.021691946,0.14112152,-0.23544317,-0.7931913,0.54359794,-1.0,0
1763545096970,1009.78094,0.022731815,4.1784663,8.906684,-0.04940369,0.20280711,0.25595233,13.51875,-22.575,23.34375,46.950733,0.3361091,49.741684,0.02147899,0.27273238,0.96166563,0.018838033,0.14166747,-0.23403983,-0.7920398,0.5457368,-1.0,0
1763545096995,1009.78094,0.5515456,4.6259246,5.0458646,0.22319472,-0.03161225,0.19165882,11.700001,-22.7625,24.937502,46.950733,0.3361091,49.741684,0.021783683,0.2752092,0.96100086,0.016209308,0.14280418,-0.23626591,-0.7901071,0.5472807,-1.0,0
1763545097020,1009.7519,0.3493521,4.5206404,5.785247,-0.003130682,0.0058032153,0.14844014,13.63125,-22.706251,24.88125,46.950733,0.3361091,49.741684,0.02271529,0.27742592,0.96036994,0.0144398175,0.14340279,-0.2385723,-0.78841865,0.54855716,-1.0,0
1763545097045,1009.7426,0.27996024,4.4255257,6.8285174,0.018555017,0.17318016,0.13561198,13.6125,-22.06875,24.69375,46.950733,0.3361091,49.741684,0.021881726,0.2778778,0.9603006,0.011306353,0.1444759,-0.23837277,-0.78622794,0.5514986,-1.0,0
1763545097070,1009.7426,-0.5886344,4.7198424,6.1860447,0.15767947,0.058032155,0.17333288,12.562501,-22.81875,26.081251,46.950733,0.3361091,49.741684,0.020045102,0.27939713,0.95991963,0.009474117,0.14687824,-0.23851909,-0.7847929,0.55284315,-1.0,0
1763545097096,1009.73505,-0.19441684,5.0626144,7.192227,0.2323577,-0.27382013,0.21487169,13.481251,-23.34375,25.406252,46.950733,0.3361091,49.741684,0.019812461,0.2810019,0.95947146,0.0077404827,0.14810058,-0.23962642,-0.7831938,0.55430394,-1.0,0
1763545097121,1009.73505,0.18843478,5.499305,7.3429747,0.303218,-0.41279188,0.21349724,14.400001,-20.38125,24.35625,46.950733,0.3361091,49.741684,0.027077824,0.28602892,0.9578217,0.005637824,0.14527386,-0.24787349,-0.78032976,0.5554635,-1.0,0
1763545097146,1009.7404,1.416551,5.901897,8.880961,0.0080176005,-0.1472184,0.021532983,14.493751,-20.493752,25.275002,46.950733,0.3361091,49.741684,0.030635217,0.2878694,0.9571665,0.0050012358,0.14352402,-0.25141233,-0.7792934,0.5557827,-1.0,0
1763545097171,1009.7548,1.3184453,5.9617176,10.00798,-0.056428634,0.12568542,-0.085979216,14.400001,-22.5,25.10625,46.950733,0.3361091,49.741684,0.032245357,0.28801882,0.95706785,0.005149374,0.14231424,-0.2524703,-0.77928066,0.5556321,-1.0,0
1763545097196,1009.7548,0.5479564,6.322436,9.979267,0.0297033,0.27397284,-0.15790854,14.475,-21.2625,26.56875,46.950733,0.3361091,49.741684,0.028155558,0.28765655,0.9572996,0.0062018046,0.14528508,-0.24986249,-0.78038275,0.55449414,-1.0,0
1763545097221,1009.7802,-0.051445685,6.786643,9.91825,0.092011504,0.024587307,-0.1291979,16.0125,-21.825,24.431252,46.950733,0.3361091,49.741684,0.027457412,0.28854766,0.9570436,0.0073436433,0.14639245,-0.2501658,-0.7807981,0.5534805,-1.0,0
1763545097246,1009.7968,1.0594223,6.7585278,9.697512,-0.19646938,-0.2594648,-0.14874557,16.44375,-21.675001,26.081251,46.950733,0.3361091,49.741684,0.02940964,0.28932917,0.9567351,0.00904385,0.14531587,-0.25191185,-0.7814308,0.5520776,-1.0,0
1763545097271,1009.7968,1.2089736,6.0047884,11.076974,-0.48586658,-0.05497783,-0.19058982,17.75625,-20.2875,25.3875,46.950733,0.3361091,49.741684,0.03142975,0.28765714,0.95715225,0.011186511,0.14274502,-0.25171074,-0.7829223,0.55072516,-1.0,0
1763545097296,1009.8151,1.4751751,5.258826,12.439687,-0.53840095,0.107054055,-0.16264275,18.5625,-20.7,24.862501,46.950733,0.3361091,49.741684,0.030117529,0.2778381,0.96004575,0.014529551,0.1378396,-0.24310766,-0.7877378,0.54897,-1.0,0
1763545097321,1009.8151,1.2257234,4.551747,11.686545,-0.0796415,-0.03649917,-0.080176,18.393751,-20.831251,24.73125,46.950733,0.3361091,49.741684,0.029128963,0.27401653,0.96115845,0.0155210355,0.13612531,-0.23959018,-0.78987145,0.5478773,-1.0,0
1763545097347,1009.8295,0.96550393,4.4967117,9.653843,0.16821688,-0.21166465,-0.005345067,17.94375,-19.3875,25.0125,46.950733,0.3361091,49.741684,0.02941775,0.272668,0.96151996,0.016313177,0.13482334,-0.23882195,-0.79127085,0.5465136,-1.0,0
1763545097373,1009.80634,1.4769697,4.377669,7.3585277,0.20670137,-0.33643377,0.037415467,18.35625,-21.09375,24.300001,46.950733,0.3361091,49.741684,0.03488767,0.27541783,0.9605363,0.017258722,0.13167673,-0.2444041,-0.79169065,0.5442001,-1.0,0
1763545097399,1009.80634,1.9669002,4.2717867,6.4881387,-0.050319985,-0.28328854,-0.011911863,19.40625,-18.75,24.825,46.950733,0.3361091,49.741684,0.03776798,0.2749326,0.9605519,0.01804727,0.12901384,-0.24570262,-0.79224336,0.5434483,-1.0,0
1763545097424,1009.7785,0.44147578,3.7848473,7.283154,-0.18990259,0.15714496,-0.2035707,19.06875,-18.28125,24.675001,46.950733,0.3361091,49.741684,0.037926372,0.27254662,0.96119684,0.019506736,0.12785591,-0.2413645,-0.7952538,0.5412646,-1.0,0
1763545097449,1009.7524,0.05503492,3.8135612,6.762117,0.034437504,0.053145237,-0.102014415,19.331251,-16.893751,24.88125,46.950733,0.3361091,49.741684,0.035180874,0.2710004,0.96168834,0.021831397,0.12866025,-0.24109213,-0.79575807,0.54045373,-1.0,0
1763545097474,1009.7524,0.62093747,3.9978085,5.4089756,0.24762931,-0.17088942,-0.05177079,21.7875,-16.3875,25.050001,46.950733,0.3361091,49.741684,0.036652658,0.27329203,0.9609648,0.022687368,0.12880167,-0.24380748,-0.79564446,0.5393681,-1.0,0
1763545097500,1009.72406,0.92482597,4.3758745,4.38066,-0.10331251,-0.04291325,-0.19257513,19.518751,-16.743752,25.0125,46.950733,0.3361091,49.741684,0.038767632,0.27505964,0.9603345,0.024432117,0.12818632,-0.24643253,-0.795968,0.5378422,-1.0,0
1763545097525,1009.72455,-0.13339986,4.7952166,7.0785675,-0.19051345,0.16111559,-0.18417573,23.587502,-16.2,23.775002,46.950733,0.3361091,49.741684,0.036731243,0.27306303,0.9608955,0.027698971,0.12889309,-0.24351421,-0.7978631,0.536192,-1.0,0
1763545097550,1009.72455,-0.35234314,4.8239303,8.36112,0.099341884,-0.0074830935,-0.029474225,22.125,-15.58125,22.2,46.950733,0.3361091,49.741684,0.03652249,0.27396584,0.9606368,0.028030366,0.12961406,-0.24411342,-0.7977879,0.5358575,-1.0,0
1763545097575,1009.72675,0.8219346,5.732605,6.876972,0.54023355,-0.5317578,0.11988221,23.118752,-15.000001,22.987501,46.950733,0.3361091,49.741684,0.039503165,0.27815053,0.95932007,0.02787056,0.12963597,-0.24924433,-0.79659563,0.5352636,-1.0,0
1763545097601,1009.72675,1.2843475,6.1651077,6.882356,0.39408416,-0.34590217,0.10338886,20.90625,-16.987501,25.800001,46.950733,0.3361091,49.741684,0.048574034,0.286911,0.95632124,0.02778988,0.12753464,-0.2615574,-0.79373664,0.5341393,-1.0,0
1763545097627,1009.7243,1.4967105,6.5677,7.356135,0.1060614,0.1962403,0.04382955,21.975,-15.712501,21.75,46.950733,0.3361091,49.741684,0.04711437,0.28826687,0.9560166,0.026733879,0.12962879,-0.26175165,-0.792633,0.5351779,-1.0,0
1763545097652,1009.74286,1.2867404,6.7651076,8.797213,-0.046807513,0.4233293,-0.049174614,22.800001,-14.400001,23.456251,46.950733,0.3361091,49.741684,0.04323699,0.28822047,0.95623463,0.02597651,0.13283539,-0.25941327,-0.79219955,0.536171,-1.0,0
1763545097677,1009.74286,0.81236327,7.071389,9.777073,0.09338595,0.08949169,-0.18906265,23.325,-13.856251,24.281252,46.950733,0.3361091,49.741684,0.04113256,0.2888694,0.9561108,0.026736151,0.13495845,-0.25869605,-0.7924696,0.53558797,-1.0,0
1763545097703,1009.7753,0.26679972,7.262815,9.907482,0.043905906,0.3179551,-0.1962403,25.63125,-14.231251,21.900002,46.950733,0.3361091,49.741684,0.036364514,0.29058817,0.9557142,0.029093558,0.13991258,-0.25727096,-0.7933598,0.53368187,-1.0,0
1763545097728,1009.7797,-0.2111666,7.4045897,9.473185,-0.19860741,0.20036365,-0.10506874,24.337502,-14.118751,22.03125,46.950733,0.3361091,49.741684,0.031306125,0.29082826,0.9558217,0.02904673,0.14426488,-0.2544579,-0.79320365,0.5341037,-1.0,0
1763545097754,1009.7797,0.21475583,6.5635123,10.890334,-0.3861429,-0.0004581486,-0.17776164,24.35625,-14.1,21.4125,46.950733,0.3361091,49.741684,0.028210025,0.285932,0.9573208,0.03136841,0.1441305,-0.24855445,-0.7953295,0.53375846,-1.0,0
1763545097780,1009.8007,-0.28893334,5.5166526,12.116655,-0.39713848,0.2243401,-0.19700389,25.893751,-13.06875,20.41875,46.950733,0.3361091,49.741684,0.025376834,0.28209046,0.9584943,0.03270636,0.14408195,-0.24384297,-0.79729104,0.5330178,-1.0,0
1763545097806,1009.81805,-0.41455653,4.886742,9.7704935,0.08116866,0.06627883,0.02932151,27.206251,-11.681251,19.893751,46.950733,0.3361091,49.741684,0.021825068,0.2804315,0.9590735,0.032555606,0.14581141,-0.24053523,-0.79808503,0.5328622,-1.0,0
1763545097831,1009.81805,-0.18245272,4.730012,8.367701,0.061162837,-0.16264275,0.049938194,27.35625,-10.931251,20.1375,46.950733,0.3361091,49.741684,0.021091344,0.2807929,0.95899767,0.032157086,0.14648911,-0.24047957,-0.79807705,0.53271335,-1.0,0
1763545097856,1009.8034,-0.3152544,4.6007996,7.2735825,-0.10071633,-0.080176,0.050854493,26.475,-10.387501,18.35625,46.950733,0.3361091,49.741684,0.023363896,0.28008297,0.95915884,0.03196816,0.1441671,-0.24126375,-0.7982339,0.5327572,-1.0,0
1763545097882,1009.8034,-0.61794645,4.4021955,6.971489,-0.3362047,0.18875721,0.116980605,27.112501,-9.431251,17.625,46.950733,0.3361091,49.741684,0.021659698,0.27702168,0.96013504,0.03050411,0.14380608,-0.2377603,-0.7980911,0.5346405,-1.0,0
1763545097908,1009.78534,-0.5102694,3.8117664,7.893922,-0.21143557,0.28512114,0.31551164,27.862501,-9.243751,19.06875,46.950733,0.3361091,49.741684,0.01845924,0.27307162,0.96142066,0.027594054,0.14412327,-0.23267435,-0.7973996,0.5378151,-1.0,0
1763545097933,1009.76483,0.031106694,3.7226338,7.2622166,0.061773703,-0.009468404,0.3601048,25.462502,-9.4875,19.331251,46.950733,0.3361091,49.741684,0.017311987,0.2712645,0.9621262,0.020711496,0.1439042,-0.23059861,-0.7941943,0.54348075,-1.0,0
1763545097958,1009.76483,0.7076773,3.9140596,5.799604,0.092164226,-0.06185006,0.22281294,26.962502,-8.700001,17.737501,46.950733,0.3361091,49.741684,0.019915577,0.27281326,0.96168905,0.01817887,0.14264643,-0.2334003,-0.79246485,0.5451383,-1.0,0
1763545097983,1009.74774,0.49112684,3.9577286,6.215357,-0.040698867,0.12415826,0.10644319,26.587502,-6.8812504,18.6,46.950733,0.3361091,49.741684,0.021202678,0.2736439,0.96146053,0.01621887,0.14207834,-0.23482816,-0.79115015,0.54658115,-1.0,0
1763545098009,1009.7419,-0.25124636,3.8853457,6.823134,-0.044364054,0.13683371,0.017104214,29.625002,-4.9500003,17.71875,46.950733,0.3361091,49.741684,0.019175991,0.27290374,0.9617428,0.014371785,0.1432971,-0.23304528,-0.7902998,0.54825366,-1.0,0
1763545098034,1009.7419,-0.18484555,4.0157547,8.2348995,0.2154062,-0.10155627,0.07009673,27.093752,-7.4437504,16.725,46.950733,0.3361091,49.741684,0.019705493,0.27321598,0.96164477,0.014286056,0.14302726,-0.2336204,-0.7902198,0.5481947,-1.0,0
1763545098060,1009.75385,-0.30089745,4.6803613,7.7204423,0.3163516,0.11942407,0.120034926,28.10625,-5.9812503,17.306252,46.950733,0.3361091,49.741684,0.020718476,0.27496028,0.96113175,0.013905018,0.14314955,-0.23567055,-0.7897424,0.5479731,-1.0,0
1763545098085,1009.7531,-0.20398813,5.553143,7.353742,0.25053093,0.1197295,0.16997312,28.612501,-5.6625004,17.081251,46.950733,0.3361091,49.741684,0.019077914,0.28010714,0.9597212,0.010548652,0.14748459,-0.238898,-0.7866286,0.5499013,-1.0,0
1763545098110,1009.7531,0.6131608,6.174081,7.859824,0.09628756,-0.117438756,0.1385136,27.993752,-5.1000004,16.81875,46.950733,0.3361091,49.741684,0.020514904,0.2811901,0.9593849,0.009581263,0.14704473,-0.24055472,-0.7855666,0.5508142,-1.0,0
1763545098135,1009.76166,0.55752766,7.055238,9.4019985,-0.11934771,-0.12507457,-0.08918626,27.6375,-4.7625003,16.21875,46.950733,0.3361091,49.741684,0.022997988,0.28113222,0.9593395,0.010171699,0.14505675,-0.24191482,-0.7857268,0.5505172,-1.0,0
1763545098160,1009.76166,-0.10767702,7.6193457,9.952348,-0.21036656,0.08155045,-0.068722285,27.093752,-4.5750003,15.4875,46.950733,0.3361091,49.741684,0.024011057,0.2802462,0.9595609,0.011334328,0.14378794,-0.24174263,-0.786423,0.5499312,-1.0,0
1763545098185,1009.77655,-0.16869399,7.713862,10.623534,-0.19295691,-0.08857539,-0.01282816,26.1375,-3.6562502,14.306251,46.950733,0.3361091,49.741684,0.023580154,0.2770366,0.9604914,0.012285289,0.14251192,-0.23873761,-0.78717124,0.55050534,-1.0,0
1763545098210,1009.7956,2.0416758,6.876972,11.283355,-0.1645517,-0.38851,-0.0858265,26.250002,-3.7687502,14.45625,46.950733,0.3361091,49.741684,0.027506633,0.27587116,0.9607077,0.013385192,0.13871957,-0.24003828,-0.7878137,0.5499891,-1.0,0
1763545098235,1009.7956,2.1547368,6.113662,11.414362,-0.20563236,-0.008704823,-0.19853105,25.7625,-2.7,13.35,46.950733,0.3361091,49.741684,0.031092606,0.27435127,0.9610067,0.015189147,0.13490042,-0.24090919,-0.78915614,0.5486322,-1.0,0
1763545098260,1009.8139,0.849452,5.553143,10.772488,-0.2192241,0.37476555,-0.22113305,26.643751,-1.7625,15.675,46.950733,0.3361091,49.741684,0.027143424,0.27025288,0.9622375,0.018046033,0.13548438,-0.23540898,-0.7923579,0.5462559,-1.0,0
1763545098285,1009.8122,0.39182472,4.503292,9.647861,0.108199425,-0.11346813,0.13744457,25.743752,-1.3312501,12.50625,46.950733,0.3361091,49.741684,0.024617365,0.26888606,0.96268755,0.018084034,0.13664855,-0.23287953,-0.7929604,0.54617584,-1.0,0
1763545098311,1009.8122,1.2693924,4.456632,7.8574314,0.27817255,-0.423482,0.17806709,24.431252,-2.0812502,12.543751,46.950733,0.3361091,49.741684,0.02592003,0.269526,0.96249217,0.017108826,0.13585766,-0.2342196,-0.7924786,0.5464993,-1.0,0
1763545098336,1009.78656,1.6935202,4.599603,6.189634,0.10453424,-0.38820457,0.10109812,25.0125,-1.8000001,15.69375,46.950733,0.3361091,49.741684,0.034603585,0.27271476,0.9613322,0.016420823,0.1305341,-0.24193305,-0.79140675,0.5459895,-1.0,0
1763545098361,1009.78656,1.6564314,4.5224347,6.6215386,-0.21372631,-0.09086613,-0.014966187,24.0,-2.625,13.856251,46.950733,0.3361091,49.741684,0.035678487,0.27087918,0.9618056,0.016779978,0.12860891,-0.24105644,-0.791962,0.546029,-1.0,0
1763545098386,1009.76166,0.6628119,4.144967,6.613762,-0.074143715,0.23365578,-0.18936808,23.8875,-0.28125,14.493751,46.950733,0.3361091,49.741684,0.033643,0.26880774,0.96244836,0.017426118,0.12902074,-0.23820812,-0.79294837,0.5457503,-1.0,0
1763545098412,1009.7509,0.7938189,4.1611185,5.89771,0.013973532,0.05986475,-0.18997894,24.825,1.44375,13.218751,46.950733,0.3361091,49.741684,0.030117987,0.26847747,0.9626041,0.02015207,0.13168952,-0.23589213,-0.79467505,0.5436031,-1.0,0
1763545098438,1009.7509,1.3166506,4.28734,6.099305,-0.0060322895,-0.045203995,-0.2600757,23.0625,-0.75,14.306251,46.950733,0.3361091,49.741684,0.030059885,0.2686123,0.9625132,0.022630895,0.13183416,-0.23595743,-0.7959997,0.5415979,-1.0,0
1763545098463,1009.73505,0.21655045,4.485346,6.2847486,0.04864011,0.12599087,-0.28878632,24.13125,0.112500004,13.51875,46.950733,0.3361091,49.741684,0.02928237,0.2690222,0.96234405,0.02575964,0.13271421,-0.23583329,-0.7976615,0.53898585,-1.0,0
1763545098488,1009.7292,0.25902304,4.858028,6.795018,0.093233235,0.07513637,-0.19028437,23.175001,1.03125,11.25,46.950733,0.3361091,49.741684,0.027405765,0.26970527,0.96214277,0.028095542,0.13467966,-0.23527302,-0.79876155,0.5371108,-1.0,0
1763545098513,1009.7292,0.32542387,5.288138,7.3603225,0.20364705,-0.09346231,-0.14080434,21.112501,-0.3,12.937501,46.950733,0.3361091,49.741684,0.026787017,0.27282402,0.9611862,0.031154323,0.13711247,-0.23738293,-0.79950607,0.53445256,-1.0,0
1763545098538,1009.72797,0.34277186,5.986842,8.106285,0.35162905,-0.124616414,-0.0021380268,19.44375,-1.2375001,14.1,46.950733,0.3361091,49.741684,0.028392093,0.2756556,0.9602871,0.032505278,0.13752113,-0.24058273,-0.7994193,0.5330447,-1.0,0
1763545098563,1009.73724,0.59940207,6.3978095,8.295318,0.38293585,-0.0018325944,0.041844238,20.400002,-0.99375004,11.962501,46.950733,0.3361091,49.741684,0.029618293,0.2790236,0.9592676,0.03277462,0.13855292,-0.2439969,-0.79860324,0.53244853,-1.0,0
1763545098588,1009.73724,0.5353941,6.5204415,8.658429,0.32979062,-0.003817905,0.044745844,18.84375,-0.65625,12.731251,46.950733,0.3361091,49.741684,0.030201653,0.2859684,0.95723605,0.031765632,0.1422724,-0.24989721,-0.7960535,0.53254926,-1.0,0
1763545098613,1009.748,0.8446664,6.544968,9.265608,0.23327398,-0.047189303,0.00763581,18.618752,-1.8000001,12.50625,46.950733,0.3361091,49.741684,0.03079238,0.28822222,0.9565419,0.031739086,0.14314535,-0.25205082,-0.79539365,0.53228635,-1.0,0
1763545098639,1009.748,-0.06999006,6.5461645,10.442876,0.114308074,0.23594652,-0.13912445,19.143751,-1.5,11.3625,46.950733,0.3361091,49.741684,0.030869517,0.28954068,0.956115,0.03251608,0.14384134,-0.25317267,-0.7955225,0.5313729,-1.0,0
1763545098664,1009.7714,-1.5050855,7.049854,9.236296,0.09491312,0.42821622,-0.032986697,18.806252,-0.91875005,12.750001,46.950733,0.3361091,49.741684,0.024053741,0.29164752,0.9556787,0.032270536,0.15061477,-0.2509025,-0.7950067,0.53134495,-1.0,0
1763545098689,1009.7785,-1.1012967,7.26102,8.57468,-0.12331833,0.16447534,0.10002911,18.337502,-1.81875,11.775001,46.950733,0.3361091,49.741684,0.022345953,0.2908386,0.9560067,0.031061178,0.15173164,-0.24912639,-0.7941361,0.5331617,-1.0,0
1763545098714,1009.7785,-0.15672988,6.756733,10.365109,-0.40263626,-0.19501857,0.041996952,17.56875,-1.9125,12.618751,46.950733,0.3361091,49.741684,0.02395271,0.28726605,0.95703715,0.031374402,0.14846456,-0.24709064,-0.7948882,0.53390753,-1.0,0
1763545098739,1009.80707,-0.7393822,5.3389854,11.891132,-0.23419029,0.26664248,0.09071342,15.150001,-2.90625,13.70625,46.950733,0.3361091,49.741684,0.023815366,0.2831579,0.9582544,0.031668276,0.1461016,-0.24372096,-0.7962084,0.53414106,-1.0,0
1763545098764,1009.8156,-0.3786642,5.4424753,10.423136,-0.03092503,0.20036365,0.17455462,15.825001,-1.95,11.418751,46.950733,0.3361091,49.741684,0.019649059,0.2799782,0.9593924,0.028146869,0.14737451,-0.2388611,-0.79563874,0.5368288,-1.0,0
1763545098789,1009.8156,0.28713873,5.316852,7.9555373,-0.07185297,-0.020311253,-0.017867794,16.35,-1.5375,11.6625,46.950733,0.3361091,49.741684,0.019953428,0.2799931,0.9594119,0.027102303,0.1470949,-0.23907603,-0.7951375,0.5375519,-1.0,0
1763545098814,1009.8005,-0.37208393,5.00758,7.6827555,-0.12927426,-0.040622506,-0.038179047,14.64375,-1.9687501,12.168751,46.950733,0.3361091,49.741684,0.020145863,0.2793426,0.9595915,0.027313806,0.14655487,-0.23866254,-0.79541653,0.5374704,-1.0,0
1763545098839,1009.8005,-0.44865423,4.5523453,7.149754,-0.12881611,0.05986475,0.073303774,16.29375,-1.0500001,12.093751,46.950733,0.3361091,49.741684,0.019748222,0.27702928,0.96027714,0.027067464,0.14560017,-0.23650755,-0.7956672,0.53831077,-1.0,0
1763545098864,1009.79047,-0.0077766734,4.1383867,6.9062843,-0.08391755,0.17409647,0.18906265,15.937501,-0.69375,10.875,46.950733,0.3361091,49.741684,0.018517703,0.27624726,0.96058565,0.024894824,0.1461538,-0.23514792,-0.7946258,0.54029095,-1.0,0
1763545098889,1009.768,0.86141616,3.8213377,5.8187466,0.16226095,-0.011300999,0.22601996,12.76875,-3.3937502,10.743751,46.950733,0.3361091,49.741684,0.017825617,0.2767666,0.96051365,0.022272684,0.14699823,-0.23517871,-0.7930849,0.5423088,-1.0,0
1763545098915,1009.768,0.9876375,3.7136607,5.853442,0.13843723,-0.0632245,0.10644319,13.05,-3.35625,11.175,46.950733,0.3361091,49.741684,0.018651739,0.27822804,0.96012247,0.020150334,0.14716594,-0.23685636,-0.7915612,0.54375744,-1.0,0
1763545098940,1009.7507,0.0,3.4624143,6.19083,0.116904244,0.1583667,0.039095346,11.38125,-2.1750002,11.90625,46.950733,0.3361091,49.741684,0.018523015,0.28053838,0.9594878,0.018391429,0.14854972,-0.23870037,-0.7901761,0.54458874,-1.0,0
1763545098965,1009.7507,-0.65024954,3.7770705,6.3589263,0.16088651,0.18829907,0.14782928,10.5375,-4.2375,11.493751,46.950733,0.3361091,49.741684,0.017041668,0.28194365,0.9591371,0.016534783,0.15056032,-0.23898582,-0.7888365,0.545852,-1.0,0
1763545098990,1009.7348,0.38644084,5.009374,6.878767,0.2928333,-0.15347977,0.11514801,10.387501,-4.14375,12.431251,46.950733,0.3361091,49.741684,0.018369332,0.28400695,0.9585336,0.014698327,0.1506943,-0.24143036,-0.787254,0.5470227,-1.0,0
1763545099015,1009.7387,-0.38823548,5.366503,7.0301127,0.19249876,0.0003054324,0.021685699,9.525001,-4.1062503,11.90625,46.950733,0.3361091,49.741684,0.020215051,0.28862205,0.9571307,0.013769563,0.15195966,-0.24621052,-0.7854094,0.54719347,-1.0,0
1763545099040,1009.7387,0.04127619,6.1178493,8.328817,0.06956223,0.027947064,0.060322896,10.293751,-4.65,12.468751,46.950733,0.3361091,49.741684,0.019010179,0.28948507,0.95690703,0.012880172,0.15353295,-0.24615163,-0.78450584,0.5480763,-1.0,0
1763545099066,1009.748,0.22671995,6.4683976,8.693723,0.035201084,-0.19181155,-0.04214967,10.40625,-4.875,11.08125,46.950733,0.3361091,49.741684,0.018783683,0.29021943,0.9566969,0.012282371,0.15420996,-0.24657539,-0.7838429,0.54864395,-1.0,0
1763545099091,1009.7646,0.07298109,6.8859453,8.799605,-0.039935283,-0.30543238,-0.12110394,8.118751,-5.25,12.731251,46.950733,0.3361091,49.741684,0.022849245,0.29042128,0.956505,0.015218527,0.15115663,-0.24903472,-0.7851178,0.54655594,-1.0,0
1763545099116,1009.7646,-0.08733802,7.2939215,9.266804,-0.22853978,-0.25076,-0.13698642,7.1250005,-7.1062503,14.025001,46.950733,0.3361091,49.741684,0.024644738,0.28855073,0.9569914,0.01727959,0.1487292,-0.24849252,-0.78644776,0.5455557,-1.0,0
1763545099141,1009.788,0.5461618,6.8542404,10.552946,-0.4832704,-0.09697478,-0.051159926,5.625,-6.7500005,12.450001,46.950733,0.3361091,49.741684,0.025644396,0.28521672,0.9579356,0.018795196,0.14606823,-0.24631338,-0.7878798,0.5451965,-1.0,0
1763545099166,1009.788,1.5140585,6.189634,11.42154,-0.6243802,0.09590577,-0.035124727,6.24375,-6.3375,15.150001,46.950733,0.3361091,49.741684,0.026252829,0.28081188,0.9592019,0.019677263,0.14303887,-0.24307281,-0.7893306,0.54535556,-1.0,0
1763545099191,1009.8073,2.0225334,5.389833,12.708879,-0.60070914,0.19654575,-0.107817635,7.2937503,-4.21875,12.750001,46.950733,0.3361091,49.741684,0.023383047,0.26913753,0.9626022,0.02037615,0.13831204,-0.2320594,-0.7930204,0.5460191,-1.0,0
1763545099216,1009.83563,1.3100704,4.7359943,12.669397,-0.29527676,0.15317434,-0.15897755,5.1000004,-4.93125,13.031251,46.950733,0.3361091,49.741684,0.021805627,0.26587075,0.96352404,0.021415872,0.13740934,-0.22865133,-0.7950287,0.5447629,-1.0,0
1763545099241,1009.83563,0.84347,4.5481577,8.580662,0.19433136,-0.15332706,0.030695954,5.7375,-6.8625,13.06875,46.950733,0.3361091,49.741684,0.021813199,0.26575375,0.9635431,0.02199499,0.13711618,-0.22869197,-0.79590243,0.5435425,-1.0,0
1763545099266,1009.82806,1.6983058,4.319045,6.7118673,0.020845762,-0.23915356,0.0003054324,3.24375,-6.7500005,14.56875,46.950733,0.3361091,49.741684,0.025872268,0.26736972,0.96298194,0.022579407,0.13459916,-0.23246294,-0.7961597,0.54219353,-1.0,0
1763545099291,1009.8007,1.0564312,3.609573,8.724232,-0.44631308,-0.004734202,-0.36896232,4.59375,-6.61875,14.418751,46.950733,0.3361091,49.741684,0.028393302,0.26417592,0.96373206,0.025008641,0.13063955,-0.23136206,-0.7983019,0.5404804,-1.0,0
1763545099316,1009.8007,-0.40857446,3.5012977,8.965308,-0.2680933,0.25641048,-0.30802858,4.4812503,-7.8750005,13.875001,46.950733,0.3361091,49.741684,0.027741265,0.2598966,0.964818,0.0284681,0.1285404,-0.22758119,-0.80152726,0.5378087,-1.0,0
1763545099342,1009.7824,-0.7076773,3.720241,8.082356,0.09414954,0.14187334,-0.12873976,3.15,-7.7812505,16.181252,46.950733,0.3361091,49.741684,0.022602588,0.25786138,0.965398,0.031675212,0.13134183,-0.22305313,-0.8043344,0.5348297,-1.0,0
1763545099368,1009.7587,0.12981063,4.128217,6.220741,0.3635409,-0.17852524,-0.027641632,3.05625,-9.01875,15.7875,46.950733,0.3361091,49.741684,0.02415935,0.26114127,0.96445596,0.032345727,0.1319795,-0.22662713,-0.803956,0.5337381,-1.0,0
1763545099393,1009.7587,0.4019942,4.615755,4.95733,-0.054443322,0.07666353,-0.20204352,2.8312502,-8.793751,14.718751,46.950733,0.3361091,49.741684,0.026382644,0.26386562,0.9636048,0.033833038,0.13183126,-0.2300905,-0.8039424,0.5323115,-1.0,0
1763545099419,1009.7375,-0.29132617,4.54397,6.524031,-0.20868668,0.28435755,-0.21105379,2.2125,-9.6,14.981251,46.950733,0.3361091,49.741684,0.02198464,0.26228362,0.9640383,0.03679816,0.13471948,-0.2261121,-0.80548364,0.53096145,-1.0,0
1763545099445,1009.7399,-0.9212367,4.8771706,6.937989,0.17463097,-0.30390522,-0.058795735,2.3812501,-10.087501,16.3875,46.950733,0.3361091,49.741684,0.020828485,0.2622943,0.9640094,0.03812796,0.1357279,-0.22541085,-0.8060883,0.5300845,-1.0,0
1763545099471,1009.7399,-0.4977071,5.2743793,6.9822564,0.18654284,-0.3686569,0.02046397,2.325,-11.1,16.612501,46.950733,0.3361091,49.741684,0.023291366,0.26393658,0.9634494,0.039500706,0.13477103,-0.22812665,-0.80622333,0.5289602,-1.0,0
1763545099496,1009.737,-0.47318068,5.486144,7.706085,0.076739885,-0.06734784,0.13942988,1.575,-12.543751,17.7,46.950733,0.3361091,49.741684,0.02747174,0.26661545,0.9626138,0.0391932,0.13316692,-0.23260495,-0.80483246,0.529534,-1.0,0
1763545099521,1009.737,-0.27158538,5.680561,8.769695,0.12255475,0.18600832,0.32162032,2.71875,-12.056251,17.23125,46.950733,0.3361091,49.741684,0.026437424,0.26785725,0.9624322,0.035747144,0.1348064,-0.23296712,-0.8025037,0.53248596,-1.0,0
1763545099546,1009.7463,1.8909281,6.604789,8.395817,0.4258491,-0.25518876,0.3489565,-0.58125,-12.281251,19.143751,46.950733,0.3361091,49.741684,0.027505253,0.27104664,0.9616513,0.031685393,0.13584305,-0.23615564,-0.79940206,0.5354751,-1.0,0
1763545099571,1009.74945,2.477768,6.841678,8.706883,0.19631667,-0.14935644,0.10598504,-0.46875003,-13.14375,19.650002,46.950733,0.3361091,49.741684,0.033288117,0.27705577,0.9598642,0.02815496,0.13474603,-0.24435942,-0.795688,0.53759897,-1.0,0
1763545099596,1009.74945,1.288535,6.721439,9.631111,-0.04054615,0.228158,-0.11041381,0.93750006,-12.750001,19.0125,46.950733,0.3361091,49.741684,0.031255428,0.27696207,0.9599506,0.028458603,0.13635476,-0.24308902,-0.7959061,0.5374463,-1.0,0
1763545099621,1009.7641,-0.78783685,7.1694946,10.188639,-0.18486296,0.59727305,0.05650499,2.1375,-12.731251,17.025002,46.950733,0.3361091,49.741684,0.025014265,0.2757905,0.96049744,0.027540201,0.14077246,-0.23847273,-0.7957342,0.53862876,-1.0,0
1763545099647,1009.7641,0.039481573,7.133004,10.962119,-0.12530364,-0.048716467,0.10613775,0.4875,-13.650001,16.95,46.950733,0.3361091,49.741684,0.019330017,0.27436754,0.9610911,0.025546286,0.14465283,-0.23393753,-0.7948262,0.5409252,-1.0,0
1763545099672,1009.7856,1.2400804,6.3625154,11.610574,-0.068035066,-0.28954992,0.009162972,1.0125,-13.856251,17.98125,46.950733,0.3361091,49.741684,0.022618528,0.27257773,0.96153134,0.025441187,0.140999,-0.2343704,-0.79498184,0.54147357,-1.0,0
1763545099697,1009.8044,0.8853444,5.386244,11.177473,-0.03413207,0.10033454,-0.14278965,-1.4250001,-15.093751,17.53125,46.950733,0.3361091,49.741684,0.021514842,0.27204508,0.96168053,0.02644031,0.14144233,-0.23337841,-0.79601306,0.54027015,-1.0,0
1763545099722,1009.8044,-0.5288138,4.8191447,8.729615,-0.18287764,0.3149008,-0.10506874,0.24375,-14.793751,17.493752,46.950733,0.3361091,49.741684,0.016984452,0.27135614,0.96195173,0.02694828,0.14461392,-0.2302378,-0.7967718,0.5396592,-1.0,0
1763545099748,1009.8012,-0.083748795,4.811368,8.496315,-0.25618142,0.14782928,-0.11484258,0.24375,-15.543751,17.38125,46.950733,0.3361091,49.741684,0.011724734,0.26722524,0.963158,0.027926879,0.1464375,-0.22383668,-0.79840815,0.53944194,-1.0,0
1763545099774,1009.7922,-0.68135625,4.764708,7.9794655,-0.32322383,0.1744019,-0.15607595,0.31875002,-15.918751,17.868752,46.950733,0.3361091,49.741684,0.009541713,0.264271,0.96396554,0.028987119,0.14649294,-0.22015907,-0.7996657,0.5390775,-1.0,0
1763545099799,1009.7922,-1.3411771,3.9673,7.739585,-0.32551455,0.19364414,0.098960094,2.25,-15.093751,17.306252,46.950733,0.3361091,49.741684,0.006635572,0.26075685,0.9649424,0.029119713,0.14684832,-0.2155777,-0.80041975,0.5397129,-1.0,0
1763545099824,1009.7795,-0.7495517,3.6693935,7.5990067,-0.07475458,-0.021991132,0.21899502,2.1375,-14.962501,16.06875,46.950733,0.3361091,49.741684,0.005116314,0.25688305,0.9660812,0.025923917,0.14584225,-0.21153045,-0.79942185,0.5430558,-1.0,0
1763545099849,1009.7729,-0.098703936,3.638885,6.4701924,0.1259145,-0.22418737,0.29382595,0.35625002,-15.150001,15.50625,46.950733,0.3361091,49.741684,0.00783772,0.25789714,0.96584815,0.023770195,0.14421104,-0.21395217,-0.79801077,0.54461586,-1.0,0
1763545099874,1009.7729,0.25184458,3.7447674,6.0526447,-0.057192214,0.098960094,0.17134757,0.20625001,-15.056251,17.5125,46.950733,0.3361091,49.741684,0.010492239,0.25860956,0.9656785,0.02181962,0.14248149,-0.21607411,-0.79670995,0.5461357,-1.0,0
1763545099899,1009.75165,-0.2883351,3.758526,6.719644,-0.04329504,0.15683953,0.1707367,0.1875,-16.5375,17.1375,46.950733,0.3361091,49.741684,0.010122513,0.2581634,0.9658425,0.019938149,0.1425331,-0.21548815,-0.7957142,0.547803,-1.0,0
1763545099924,1009.7487,-0.33559337,4.0815573,7.090532,0.14088069,-0.042455103,0.18936808,0.35625002,-16.06875,22.03125,46.950733,0.3361091,49.741684,0.009815465,0.25904384,0.9656777,0.016329464,0.14331028,-0.21601439,-0.7934379,0.5506871,-1.0,0
1763545099949,1009.7487,-0.25902304,4.5188456,6.373283,0.26305366,-0.20662501,0.17699806,0.35625002,-16.06875,22.03125,46.950733,0.3361091,49.741684,0.012127507,0.26151565,0.9650033,0.015201323,0.14291593,-0.21934572,-0.79213375,0.5513499,-1.0,0
1763545099974,1009.7424,0.2656033,5.193023,7.7413793,-0.0692568,-0.088269964,0.025198173,-0.26250002,-17.625,22.5,46.950733,0.3361091,49.741684,0.0144932475,0.26287144,0.96461266,0.014524926,0.14188471,-0.22176607,-0.79118025,0.5520167,-1.0,0
1763545099999,1009.7424,-0.16630118,5.1092744,9.457033,-0.12698352,-0.14446951,-0.024587307,-1.1812501,-16.706251,19.462502,46.950733,0.3361091,49.741684,0.015406295,0.2624317,0.96471834,0.014516042,0.14096509,-0.2218932,-0.7910661,0.55236465,-1.0,0
1763545100024,1009.75433,0.16091733,5.0679984,10.892727,0.07108939,-0.26450446,0.02443459,-1.7437501,-17.8875,20.6625,46.950733,0.3361091,49.741684,0.02004773,0.26056963,0.9651124,0.016112348,0.13607357,-0.22311974,-0.7924118,0.551167,-1.0,0
1763545100049,1009.78534,0.0634098,6.174679,10.687542,0.116904244,0.1310305,0.04780017,-2.60625,-18.487501,21.862501,46.950733,0.3361091,49.741684,0.022559367,0.2608827,0.9649651,0.016539212,0.13410774,-0.2249085,-0.7928142,0.55034256,-1.0,0
1763545100075,1009.78534,-0.47018966,6.728617,10.131211,0.14821106,0.19379686,0.10415245,-1.2750001,-17.71875,21.225,46.950733,0.3361091,49.741684,0.01976442,0.26331332,0.96440184,0.014302804,0.1378011,-0.2252452,-0.7910382,0.551846,-1.0,0
1763545100101,1009.79535,0.39182472,6.626922,9.795019,0.14011711,-0.14385866,0.16478078,-1.2750001,-19.087502,21.6,46.950733,0.3361091,49.741684,0.02139715,0.2647445,0.9639914,0.013155691,0.13740112,-0.22730693,-0.78981876,0.55284613,-1.0,0
1763545100126,1009.7951,0.9882358,5.4257255,10.1395855,-0.21525347,0.08689552,-0.14813471,-0.41250002,-17.775002,22.06875,46.950733,0.3361091,49.741684,0.024020394,0.26478073,0.96391773,0.013297204,0.1353126,-0.22885878,-0.78979665,0.55275255,-1.0,0
1763545100151,1009.7951,0.27098715,4.5361934,10.496715,-0.38553202,0.19440772,-0.12522727,-0.35625002,-20.268751,23.587502,46.950733,0.3361091,49.741684,0.023083799,0.2627848,0.9644705,0.014419072,0.1343367,-0.22246517,-0.79252553,0.5516939,-1.0,0
1763545100176,1009.8044,0.52342993,3.9571304,10.874781,-0.40553784,0.0073303776,-0.042302385,0.43125,-17.8125,23.212502,46.950733,0.3361091,49.741684,0.020666422,0.25485775,0.9666314,0.0156249385,0.13195436,-0.21901512,-0.79405993,0.5514429,-1.0,0
1763545100201,1009.8044,0.9403793,3.5318062,10.692926,-0.34643668,-0.23594652,0.016951498,-1.25625,-18.112501,23.868752,46.950733,0.3361091,49.741684,0.022246571,0.2508872,0.96762574,0.016160043,0.12817252,-0.21682039,-0.79564106,0.55092293,-1.0,0
1763545100226,1009.8156,0.70588267,3.414558,10.35494,-0.24396412,-0.12202024,0.052839804,0.31875002,-18.431252,21.862501,46.950733,0.3361091,49.741684,0.024527833,0.24712698,0.9685302,0.0166121,0.12394206,-0.21520162,-0.79711294,0.5503977,-1.0,0
1763545100251,1009.8134,0.44506502,3.723232,9.179466,-0.10682498,-0.03405571,0.13988803,-2.0625,-19.3125,22.931252,46.950733,0.3361091,49.741684,0.02648204,0.24289553,0.96957153,0.015217274,0.119564764,-0.21308169,-0.79798853,0.55092174,-1.0,0
1763545100276,1009.8134,0.83688974,4.130012,8.036295,-0.024663666,-0.08261946,0.21303909,-0.39375,-18.16875,24.712502,46.950733,0.3361091,49.741684,0.027774772,0.2424672,0.96966916,0.013411491,0.11821404,-0.21351163,-0.79714745,0.5522627,-1.0,0
1763545100301,1009.7907,1.3842479,4.3262234,7.277172,0.029397868,-0.030237807,0.20983206,0.75,-17.775002,22.40625,46.950733,0.3361091,49.741684,0.02872981,0.24270712,0.9696064,0.011457597,0.11756057,-0.21427006,-0.79600126,0.55375975,-1.0,0
1763545100327,1009.75995,1.5391831,4.7102714,5.227121,0.13217586,0.10827578,0.0876591,0.0375,-17.60625,23.23125,46.950733,0.3361091,49.741684,0.02823306,0.24530374,0.9689974,0.008537823,0.11956531,-0.21604438,-0.79357225,0.55612236,-1.0,0
1763545100353,1009.75995,1.6127625,5.0398827,4.7922254,0.022678355,0.026572619,-0.08124501,-1.44375,-19.0125,24.712502,46.950733,0.3361091,49.741684,0.028138198,0.24601644,0.968814,0.009141246,0.12018278,-0.2164993,-0.7934498,0.555987,-1.0,0
1763545100378,1009.7243,0.28773692,5.0512486,6.9786673,-0.19433136,-0.11911863,-0.2622137,-1.0125,-19.725,25.1625,46.950733,0.3361091,49.741684,0.028180901,0.24538478,0.96894985,0.011323431,0.11993475,-0.21592477,-0.79443383,0.5548577,-1.0,0
1763545100403,1009.7243,0.010767702,4.919045,8.489137,-0.074143715,-0.07315106,-0.17898338,-0.26250002,-19.7625,23.85,46.950733,0.3361091,49.741684,0.028892938,0.24351992,0.9693334,0.016001398,0.11847288,-0.21471128,-0.79694825,0.5520296,-1.0,0
1763545100428,1009.72626,-0.00059820566,4.9878387,8.968898,0.2325104,0.08735366,-0.0377209,0.35625002,-20.94375,24.468752,46.950733,0.3361091,49.741684,0.02790356,0.24573965,0.96880007,0.016119087,0.120593734,-0.2159253,-0.79652464,0.55170816,-1.0,0
1763545100454,1009.7382,0.42412782,6.055636,7.5314093,0.6312524,-0.20616686,0.14370593,-0.54375005,-19.556252,25.425001,46.950733,0.3361091,49.741684,0.027479028,0.25075817,0.9675427,0.015044433,0.12390848,-0.21973039,-0.7947659,0.5520076,-1.0,0
1763545100480,1009.7382,0.7477571,6.608378,7.876574,0.5898663,-0.3329213,0.1583667,-0.26250002,-21.018751,26.250002,46.950733,0.3361091,49.741684,0.033403967,0.26266968,0.96421653,0.013240113,0.12631099,-0.23271596,-0.7903728,0.5524488,-1.0,0
1763545100506,1009.7475,1.2514462,6.908677,7.9740815,0.405996,-0.18188499,0.16294818,-1.5,-22.5375,29.250002,46.950733,0.3361091,49.741684,0.03564678,0.26679924,0.9630174,0.012040602,0.12706263,-0.23729226,-0.78832597,0.5532537,-1.0,0
1763545100532,1009.7548,2.2217357,6.788438,9.312267,0.14790563,0.16722423,0.07849612,0.075,-22.875,27.712502,46.950733,0.3361091,49.741684,0.034567174,0.2685238,0.96259254,0.010758218,0.12905377,-0.23800223,-0.7869824,0.5543995,-1.0,0
1763545100557,1009.7548,0.87158567,6.1860447,10.079765,0.19112432,0.36346453,-0.3894263,0.69375,-22.66875,27.31875,46.950733,0.3361091,49.741684,0.030838838,0.269894,0.96233153,0.011147657,0.13284801,-0.23694982,-0.7870713,0.5538276,-1.0,0
1763545100582,1009.7707,-0.68255264,6.24766,9.246465,0.15630503,0.2594648,-0.2942841,2.1375,-22.66875,28.875002,46.950733,0.3361091,49.741684,0.023496654,0.2733951,0.96148634,0.015716285,0.14082637,-0.23550986,-0.7891156,0.54954493,-1.0,0
1763545100607,1009.7846,0.78783685,6.1124654,10.433903,-0.17982332,-0.042607818,-0.14630212,-0.09375,-23.75625,27.31875,46.950733,0.3361091,49.741684,0.022219472,0.2734778,0.9614755,0.016765904,0.14201589,-0.2347665,-0.78947484,0.5490406,-1.0,0
1763545100632,1009.7846,-0.032303106,5.002794,11.091929,-0.28122687,0.22510368,-0.3046688,1.40625,-23.587502,26.831251,46.950733,0.3361091,49.741684,0.022163939,0.2718889,0.9618995,0.018288365,0.14115968,-0.23342827,-0.79064256,0.54815096,-1.0,0
1763545100657,1009.8117,-1.7988044,4.24726,11.452049,-0.22426373,0.4648681,-0.18967351,2.8125,-24.562502,27.056252,46.950733,0.3361091,49.741684,0.014135567,0.26674905,0.963428,0.021250082,0.14443685,-0.22470613,-0.7941606,0.5458517,-1.0,0
1763545100682,1009.8222,-1.7216359,4.137789,10.877173,0.022220206,0.1960876,0.08857539,3.7875001,-24.73125,28.031252,46.950733,0.3361091,49.741684,0.012014131,0.26644352,0.9635665,0.020078044,0.14585014,-0.22330299,-0.7939051,0.54642314,-1.0,0
1763545100707,1009.8222,0.37686956,4.3471603,7.382456,0.08071051,-0.25243986,0.17684536,5.1000004,-23.98125,29.1,46.950733,0.3361091,49.741684,0.0142573165,0.2679436,0.963148,0.018678956,0.14480995,-0.22589183,-0.7929792,0.54697984,-1.0,0
1763545100732,1009.8046,0.65024954,4.267599,6.963114,-0.2928333,-0.068416856,0.05574141,3.0,-23.681252,26.98125,46.950733,0.3361091,49.741684,0.017014956,0.26849973,0.9629669,0.01769485,0.14285667,-0.22797714,-0.79235065,0.5475389,-1.0,0
1763545100757,1009.8046,0.14237295,3.9188452,8.267202,-0.55535245,0.16096286,-0.0097738365,2.71875,-25.593752,29.437502,46.950733,0.3361091,49.741684,0.016296314,0.26058668,0.96516097,0.017126057,0.13879202,-0.221151,-0.7938772,0.5491703,-1.0,0
1763545100783,1009.7934,-0.45822555,3.705884,8.877372,-0.4067596,0.28909177,0.053450666,4.9125004,-24.35625,27.281252,46.950733,0.3361091,49.741684,0.013572681,0.25657,0.96629804,0.01599045,0.1385787,-0.21635236,-0.79434705,0.5504547,-1.0,0
1763545100808,1009.789,0.04127619,3.6346977,6.7968125,0.24320054,-0.26374087,0.2791652,4.4437504,-23.025002,26.79375,46.950733,0.3361091,49.741684,0.013118568,0.25583985,0.9665263,0.014170594,0.13844867,-0.21554141,-0.7936588,0.55179673,-1.0,0
1763545100833,1009.789,1.0462617,3.8416767,5.924031,0.20334162,-0.38621926,0.22953244,4.36875,-24.900002,26.75625,46.950733,0.3361091,49.741684,0.020456117,0.25972593,0.9654032,0.010985998,0.13470997,-0.22300051,-0.7909921,0.5535842,-1.0,0
1763545100858,1009.75775,-0.005383851,3.9840498,6.364908,0.015958842,0.17119485,0.013133593,2.98125,-24.206251,30.4125,46.950733,0.3361091,49.741684,0.02252955,0.26044586,0.9651677,0.010567675,0.1334442,-0.22479384,-0.7905574,0.55378646,-1.0,0
1763545100884,1009.74335,-0.40558344,4.2352962,6.660422,0.07704532,0.16447534,0.07422007,5.025,-24.993752,30.093752,46.950733,0.3361091,49.741684,0.019547362,0.26144212,0.96498,0.0089153815,0.13650292,-0.2238326,-0.78930676,0.5552124,-1.0,0
1763545100909,1009.74335,-0.18005991,4.5894337,6.6622167,0.20624322,-0.02565632,0.108886644,5.9625,-23.268751,29.737501,46.950733,0.3361091,49.741684,0.019942075,0.2634323,0.9644388,0.007970407,0.13739614,-0.225647,-0.78818333,0.5558532,-1.0,0
1763545100935,1009.738,0.020338992,5.5914283,7.0229344,0.0193186,-0.16982041,0.06734784,5.9437504,-26.156252,31.29375,46.950733,0.3361091,49.741684,0.021172468,0.2654942,0.9638513,0.007434304,0.1376975,-0.22797987,-0.7871525,0.5562872,-1.0,0
1763545100960,1009.738,0.40797627,5.564509,8.4813595,-0.1220966,-0.124616414,0.019853106,4.7625003,-24.0375,31.29375,46.950733,0.3361091,49.741684,0.022814471,0.26597098,0.9636835,0.007281699,0.13678436,-0.22924027,-0.7865819,0.55680144,-1.0,0
1763545100986,1009.73773,0.509073,5.4777694,9.780065,-0.16195552,-0.11377356,-0.048258316,6.6937504,-26.062502,30.581251,46.950733,0.3361091,49.741684,0.024916025,0.2635519,0.96428823,0.00823659,0.13376153,-0.2284475,-0.7873971,0.5567095,-1.0,0
1763545101011,1009.7536,0.15792629,5.896513,10.794621,0.0028252497,-0.17944153,0.00320704,6.2625003,-26.737501,30.975,46.950733,0.3361091,49.741684,0.026584772,0.26241806,0.9645432,0.009295278,0.1316947,-0.22853117,-0.7883444,0.55582654,-1.0,0
1763545101036,1009.7536,0.5766702,6.458228,10.323833,-0.0193186,-0.14401138,0.017562363,5.7375,-25.687502,32.0625,46.950733,0.3361091,49.741684,0.02814283,0.26225013,0.9645402,0.009752617,0.13028081,-0.22933398,-0.7887329,0.55527765,-1.0,0
1763545101061,1009.77484,0.8985049,6.303293,10.554741,-0.1550833,-0.083688475,-0.037873615,6.6562505,-26.081251,32.756252,46.950733,0.3361091,49.741684,0.03016277,0.26071477,0.96488655,0.010582311,0.12779057,-0.22924125,-0.7893869,0.55496514,-1.0,0
1763545101086,1009.79926,0.95712906,5.8277197,11.197213,-0.2370919,0.022143848,-0.07910699,6.61875,-26.343752,32.006252,46.950733,0.3361091,49.741684,0.029806485,0.25847247,0.9654924,0.01130979,0.12673783,-0.22723109,-0.79038244,0.55461615,-1.0,0
1763545101111,1009.79926,1.0857433,5.1792645,11.523235,-0.10468695,0.24648394,0.02367101,6.1312504,-26.643751,32.23125,46.950733,0.3361091,49.741684,0.027997956,0.25620937,0.96614707,0.011517364,0.12680575,-0.22438234,-0.7912297,0.5545524,-1.0,0
1763545101136,1009.8139,1.6211374,4.928018,10.816156,0.11247548,0.00962112,0.0772744,7.1625004,-25.1625,31.875002,46.950733,0.3361091,49.741684,0.025810463,0.25497818,0.9665432,0.010688341,0.12775075,-0.22217064,-0.791349,0.5550556,-1.0,0
1763545101161,1009.8139,2.1122642,4.8909297,9.260223,0.23984079,-0.3431533,0.05222894,7.1625004,-26.531252,32.568752,46.950733,0.3361091,49.741684,0.029767461,0.25770268,0.96571326,0.0100548025,0.1258629,-0.22683762,-0.79094785,0.5541703,-1.0,0
1763545101186,1009.8078,2.2019951,4.2442694,8.069196,-0.17432554,-0.28069237,-0.107817635,8.4375,-25.9125,33.6375,46.950733,0.3361091,49.741684,0.034832086,0.2583742,0.9653487,0.011458858,0.12206813,-0.23036902,-0.7916333,0.5525814,-1.0,0
1763545101211,1009.7917,1.402194,4.009773,8.330014,-0.29649848,0.058337588,-0.15057817,9.1875,-27.337502,33.6375,46.950733,0.3361091,49.741684,0.037567962,0.25671655,0.9656674,0.013101323,0.11880372,-0.23065217,-0.79302746,0.55117387,-1.0,0
1763545101236,1009.7917,0.6364908,3.886542,8.2761755,-0.15095995,0.069485866,-0.12599087,7.65,-26.98125,32.550003,46.950733,0.3361091,49.741684,0.036023196,0.25236207,0.9668394,0.015404421,0.11735634,-0.2263002,-0.7957344,0.5493837,-1.0,0
1763545101261,1009.7795,0.6233303,3.9511483,7.425527,0.1295797,-0.18906265,-0.091629714,8.625,-25.7625,33.0,46.950733,0.3361091,49.741684,0.037577134,0.2534501,0.96647453,0.01667486,0.11667695,-0.22811286,-0.79628927,0.54797304,-1.0,0
1763545101286,1009.74994,0.91226363,4.328616,5.293522,0.14011711,-0.0980438,-0.19654575,10.33125,-26.831251,31.95,46.950733,0.3361091,49.741684,0.039762907,0.2559444,0.9657002,0.018289974,0.11634915,-0.23141196,-0.7965929,0.54621524,-1.0,0
1763545101312,1009.74994,0.4851448,4.4081774,5.951548,-0.014278964,0.047647454,-0.23533566,8.212501,-27.806252,33.15,46.950733,0.3361091,49.741684,0.039399073,0.25775427,0.96514827,0.022344913,0.11785096,-0.23259558,-0.79814017,0.5431231,-1.0,0
1763545101336,1009.73334,0.05623133,4.482953,6.6077795,-0.020693045,0.14019346,-0.21258095,8.94375,-29.23125,34.237503,46.950733,0.3361091,49.741684,0.03751657,0.25784075,0.9651603,0.024004046,0.11950514,-0.23153374,-0.7989453,0.5420305,-1.0,0
1763545101361,1009.73334,-0.024526432,4.975875,7.3022966,0.2842812,-0.16432263,-0.074830934,10.21875,-28.612501,35.30625,46.950733,0.3361091,49.741684,0.03704833,0.25885954,0.96486956,0.025414836,0.12054659,-0.23205465,-0.7993715,0.54094774,-1.0,0
1763545101386,1009.7319,0.47258246,5.297111,6.919445,0.3420079,-0.2083049,-0.0377209,10.012501,-29.737501,34.0125,46.950733,0.3361091,49.741684,0.0383002,0.2615962,0.96405375,0.026475677,0.12118755,-0.23497458,-0.79917395,0.53983474,-1.0,0
1763545101411,1009.72235,0.5413761,5.5046883,6.8021965,0.24869832,-0.062613636,-0.054672398,10.1625,-28.85625,35.025,46.950733,0.3361091,49.741684,0.040686045,0.26751867,0.96229094,0.027831502,0.12289308,-0.24107857,-0.79809165,0.53835684,-1.0,0
1763545101436,1009.72235,0.2865405,5.7026944,7.2329044,0.07185297,0.19120067,-0.04138609,10.556251,-29.306252,33.0,46.950733,0.3361091,49.741684,0.03881596,0.26854977,0.96208465,0.02770364,0.12513524,-0.24076301,-0.7975775,0.53874344,-1.0,0
1763545101462,1009.7482,0.45403808,5.959325,9.984053,0.08880447,0.03375028,0.07498365,10.51875,-30.075,35.04375,46.950733,0.3361091,49.741684,0.036351815,0.26870874,0.96215945,0.026893651,0.12733965,-0.239396,-0.79691726,0.539812,-1.0,0
1763545101487,1009.76874,1.0031909,5.9150577,10.292129,0.21571162,-0.08933897,0.072540194,11.71875,-29.306252,33.487503,46.950733,0.3361091,49.741684,0.037219748,0.27144027,0.96139467,0.025594566,0.12823297,-0.24211866,-0.79553014,0.540432,-1.0,0
1763545101513,1009.76874,1.4608182,6.078966,10.296316,0.17722714,0.08811724,0.021685699,12.58125,-30.093752,33.45,46.950733,0.3361091,49.741684,0.036657788,0.27301094,0.96098596,0.025045225,0.12954378,-0.24309908,-0.7950161,0.54043555,-1.0,0
1763545101539,1009.76874,-0.52342993,6.4624157,9.887143,-0.027412556,0.7166971,0.0035124724,12.88125,-29.325,33.825,46.950733,0.3361091,49.741684,0.031941377,0.2735586,0.9610262,0.023960209,0.1336465,-0.24081764,-0.7945212,0.54118526,-1.0,0
1763545101563,1009.82025,-0.4743771,6.734001,9.969695,-0.12224931,0.25870124,0.07238748,13.575001,-29.493752,33.46875,46.950733,0.3361091,49.741684,0.022688672,0.2725074,0.9616606,0.020829676,0.14066097,-0.23449846,-0.79294866,0.544479,-1.0,0
1763545101588,1009.82025,0.62811595,6.236294,11.292328,-0.16699515,-0.14095704,0.0594066,11.3625,-30.337502,32.9625,46.950733,0.3361091,49.741684,0.024037968,0.2709332,0.96207505,0.020711368,0.13866703,-0.23399594,-0.79316837,0.5448865,-1.0,0
1763545101613,1009.82587,-0.10767702,4.82752,9.781859,-0.08681916,0.34483317,-0.014966187,12.225,-31.125002,33.393753,46.950733,0.3361091,49.741684,0.02282616,0.26975653,0.96244097,0.020438947,0.13884734,-0.23240274,-0.7935797,0.54492354,-1.0,0
1763545101638,1009.82587,-0.12921242,4.720441,8.782856,-0.1627191,0.21105379,0.005497783,14.231251,-29.2875,32.1375,46.950733,0.3361091,49.741684,0.019542594,0.26873305,0.9628149,0.019700928,0.14080806,-0.22972256,-0.7937115,0.54536474,-1.0,0
1763545101663,1009.8132,-0.20697916,4.58405,8.193623,-0.26442808,0.18845178,-0.007177661,14.625001,-31.10625,30.50625,46.950733,0.3361091,49.741684,0.015556781,0.2645926,0.9640513,0.018810922,0.14156826,-0.22407515,-0.794353,0.5465821,-1.0,0
1763545101688,1009.7966,-0.6299106,4.199404,7.6713896,-0.48296496,0.1753182,0.062460925,15.450001,-29.79375,32.04375,46.950733,0.3361091,49.741684,0.013299606,0.2610974,0.9650466,0.018338853,0.14138259,-0.21990837,-0.7948438,0.547608,-1.0,0
1763545101713,1009.7966,-0.1902294,3.903292,8.246863,-0.4067596,0.066431545,0.12492185,14.55,-29.250002,30.562502,46.950733,0.3361091,49.741684,0.011547471,0.25663358,0.96628255,0.017432109,0.14023808,-0.21523806,-0.7952337,0.54918957,-1.0,0
1763545101738,1009.77655,-0.1058824,3.6729827,7.850851,-0.14744748,-0.0024434591,0.14874557,15.543751,-30.13125,30.825,46.950733,0.3361091,49.741684,0.011344528,0.25117186,0.9677625,0.0148295285,0.13714974,-0.21072717,-0.79509944,0.55190665,-1.0,0
1763545101763,1009.77655,-0.10887343,3.7573297,6.9009004,0.074907295,-0.10644319,0.21273366,15.225,-29.550001,30.206251,46.950733,0.3361091,49.741684,0.0127866175,0.25173992,0.9676216,0.013112544,0.13628608,-0.21204382,-0.79404384,0.5531346,-1.0,0
1763545101789,1009.757,0.92183495,3.8955152,5.986244,0.05978839,-0.099418245,0.21853687,13.200001,-29.400002,31.48125,46.950733,0.3361091,49.741684,0.015323969,0.25316894,0.9672357,0.011214528,0.13507923,-0.21466938,-0.79256576,0.554536,-1.0,0
1763545101814,1009.73724,0.8644072,3.8315072,6.151947,0.015958842,0.0971275,0.1018617,15.95625,-28.10625,30.656252,46.950733,0.3361091,49.741684,0.016911265,0.2538074,0.96706146,0.009373361,0.13419062,-0.21609503,-0.791276,0.5560379,-1.0,0
1763545101840,1009.73724,-0.032901313,4.013362,6.5001025,-0.00068722287,0.09987639,0.0044287695,15.843751,-28.725,29.625002,46.950733,0.3361091,49.741684,0.015599505,0.25410604,0.96701896,0.007816649,0.13545172,-0.21555984,-0.79027945,0.5573555,-1.0,0
1763545101865,1009.7421,-0.7692925,4.450052,7.29452,0.053221595,-0.03084867,0.029779658,15.281251,-30.675001,31.35,46.950733,0.3361091,49.741684,0.015791014,0.25465804,0.9668719,0.0076590353,0.13566405,-0.21609107,-0.78994906,0.5575665,-1.0,0
1763545101891,1009.7475,-0.12263216,5.560322,8.130812,0.16210824,-0.25854853,0.10720677,17.475,-29.41875,28.725,46.950733,0.3361091,49.741684,0.01973967,0.25769398,0.9660003,0.0068953116,0.13438715,-0.22076213,-0.7883895,0.55825275,-1.0,0
1763545101917,1009.7475,0.66341007,5.804988,8.577073,0.08987348,-0.2698495,0.04138609,14.700001,-30.843752,29.400002,46.950733,0.3361091,49.741684,0.022339461,0.2586996,0.96567285,0.0071767448,0.13294028,-0.22305027,-0.78809506,0.5581054,-1.0,0
1763545101942,1009.76996,0.53240305,5.886942,10.53141,-0.11934771,-0.091477,-0.13607013,15.01875,-29.081251,31.425001,46.950733,0.3361091,49.741684,0.024335379,0.25840133,0.96569526,0.008319326,0.13118348,-0.22395167,-0.78868693,0.5573235,-1.0,0
1763545101966,1009.76996,-0.33080772,6.326623,10.653444,-0.050778136,0.14065161,-0.10216714,15.3,-29.906252,30.375002,46.950733,0.3361091,49.741684,0.02494032,0.25731552,0.9659557,0.009815881,0.1300453,-0.22343121,-0.78980464,0.5562152,-1.0,0
1763545101991,1009.78754,-0.62871414,6.8835526,10.136595,-0.01886045,0.10338886,-0.031001387,15.168751,-30.54375,30.88125,46.950733,0.3361091,49.741684,0.021967605,0.2568551,0.9661423,0.010579142,0.13228916,-0.22126162,-0.79015124,0.556061,-1.0,0
1763545102016,1009.8017,0.32362926,6.212964,10.500304,-0.2758818,0.05864302,-0.065667965,16.575,-31.0125,29.062502,46.950733,0.3361091,49.741684,0.021517651,0.25605175,0.9663629,0.010829356,0.13231261,-0.22027002,-0.7901537,0.5564456,-1.0,0
1763545102041,1009.8017,0.5096712,5.258228,11.102098,-0.34307694,0.22372922,-0.11102467,16.875,-30.975,28.725,46.950733,0.3361091,49.741684,0.020707356,0.25368282,0.9669989,0.011379344,0.13166347,-0.21782674,-0.79078877,0.5566591,-1.0,0
1763545102066,1009.81805,0.42412782,4.3740797,11.776277,-0.32123852,0.27962336,-0.06169734,15.431251,-30.768751,29.79375,46.950733,0.3361091,49.741684,0.01833185,0.2504592,0.9678801,0.011929331,0.13167726,-0.21383867,-0.791893,0.55663234,-1.0,0
1763545102091,1009.8276,1.0689936,3.6885362,12.007184,-0.11018474,0.02611447,0.02489274,16.6875,-31.875002,29.1,46.950733,0.3361091,49.741684,0.015435585,0.24561453,0.9691757,0.011567152,0.1308789,-0.2084118,-0.79356754,0.55649424,-1.0,0
1763545102116,1009.8276,1.9106688,3.2919257,9.869197,0.045280352,-0.19471315,0.0073303776,15.975,-31.593752,30.862501,46.950733,0.3361091,49.741684,0.018417325,0.24577127,0.9690811,0.011792635,0.12829572,-0.21043508,-0.79429346,0.5552974,-1.0,0
1763545102141,1009.81683,1.5332011,3.3589249,9.100503,-0.09842559,0.08796453,-0.010995566,16.3125,-30.7875,29.38125,46.950733,0.3361091,49.741684,0.02063057,0.24565357,0.96906304,0.012062886,0.12619415,-0.21176954,-0.795051,0.55418646,-1.0,0
1763545102166,1009.81683,1.099502,3.4917264,8.580662,-0.12621993,0.14630212,-0.01847866,16.95,-30.487501,29.75625,46.950733,0.3361091,49.741684,0.018916849,0.24290873,0.9697947,0.011651301,0.12567589,-0.20872965,-0.7962416,0.55374795,-1.0,0
1763545102191,1009.7934,0.29850462,3.9804604,6.754938,0.09262237,-0.057726722,-0.012675445,15.525001,-31.875002,28.7625,46.950733,0.3361091,49.741684,0.01848955,0.24248208,0.9699084,0.011756303,0.12567434,-0.20819555,-0.7966654,0.5533398,-1.0,0
1763545102216,1009.75507,0.57906306,4.058227,5.7146587,0.17692171,-0.0632245,0.028252495,16.181252,-31.425001,29.437502,46.950733,0.3361091,49.741684,0.019061979,0.24334304,0.969679,0.011979303,0.12568176,-0.20924458,-0.79667693,0.5529256,-1.0,0
1763545102242,1009.75507,1.3202399,4.214359,5.0368915,0.12866339,-0.062002774,-0.033444848,16.556252,-31.031252,29.831251,46.950733,0.3361091,49.741684,0.020473922,0.24659732,0.9688248,0.012209938,0.12650208,-0.21266554,-0.7959025,0.5525485,-1.0,0
1763545102268,1009.7275,0.9876375,4.4374895,5.4179487,-0.014584397,-0.04963276,-0.18448116,14.212501,-31.0125,29.625002,46.950733,0.3361091,49.741684,0.020776212,0.24681866,0.968738,0.013982381,0.1264475,-0.21298388,-0.7966978,0.55129075,-1.0,0
1763545102294,1009.72186,0.19561325,4.6378884,7.3256264,0.048029244,-0.01282816,-0.113926284,18.28125,-31.218752,28.893751,46.950733,0.3361091,49.741684,0.02020565,0.24646175,0.9688124,0.015839908,0.1267748,-0.21232006,-0.7976555,0.5500855,-1.0,0
1763545102318,1009.72186,0.49172506,4.942375,7.27777,0.22548546,-0.11560616,-0.04459313,16.81875,-32.625,30.056252,46.950733,0.3361091,49.741684,0.020041853,0.2470882,0.9686377,0.0169362,0.12730947,-0.21271236,-0.798054,0.54923177,-1.0,0
1763545102344,1009.7233,0.6113662,5.4113684,6.8859453,0.28092143,-0.114079,-0.028099779,15.712501,-32.98125,30.50625,46.950733,0.3361091,49.741684,0.022188112,0.25220287,0.9672516,0.01804802,0.12863132,-0.21806553,-0.7973326,0.5478705,-1.0,0
1763545102369,1009.7248,0.68494546,6.0251274,7.5212398,0.17157665,-0.12660173,-0.05222894,15.993751,-32.325,30.281252,46.950733,0.3361091,49.741684,0.023501862,0.25477803,0.9665323,0.018738972,0.12916149,-0.22086532,-0.7968988,0.5472551,-1.0,0
1763545102394,1009.7248,0.654437,6.154938,8.895318,0.07276927,0.020769402,-0.060475614,15.431251,-31.500002,29.5125,46.950733,0.3361091,49.741684,0.024662433,0.25673983,0.9659693,0.019484166,0.12946717,-0.22307357,-0.7966107,0.5467063,-1.0,0
1763545102419,1009.7436,0.40917268,5.88096,10.040284,0.15783219,0.14798199,-0.05742129,15.13125,-32.175003,31.29375,46.950733,0.3361091,49.741684,0.022971533,0.25935596,0.9652998,0.020077176,0.13245143,-0.22416474,-0.79620206,0.5461402,-1.0,0
1763545102444,1009.7436,0.6891329,5.682954,10.043873,0.29817837,-0.07910699,-0.03329213,15.731251,-32.737503,32.34375,46.950733,0.3361091,49.741684,0.023678493,0.2620946,0.9645334,0.020521712,0.13343388,-0.22682509,-0.7959312,0.54519653,-1.0,0
1763545102470,1009.7629,0.37686956,6.0729837,10.813764,0.13553563,0.14691298,-0.1744019,13.012501,-33.881252,31.612501,46.950733,0.3361091,49.741684,0.024565795,0.2656402,0.96348095,0.023157679,0.1326639,-0.23019868,-0.7963897,0.54329765,-1.0,0
1763545102496,1009.7756,-1.1623136,6.445068,10.071989,0.072921984,0.62201303,-0.07009673,14.400001,-33.61875,30.525002,46.950733,0.3361091,49.741684,0.018420454,0.26645494,0.9634144,0.022253545,0.14008372,-0.22740735,-0.7964221,0.54256266,-1.0,0
1763545102521,1009.7756,-0.08554341,6.2087765,10.342976,-0.16332997,-0.034666575,0.055283263,13.70625,-32.68125,30.69375,46.950733,0.3361091,49.741684,0.014410884,0.26622215,0.9635823,0.020672213,0.14331147,-0.2248193,-0.79539025,0.5443092,-1.0,0
1763545102546,1009.8024,0.03708875,5.0644093,11.587842,-0.25618142,-0.020616686,-0.08888082,14.606251,-33.45,29.250002,46.950733,0.3361091,49.741684,0.014609967,0.26482746,0.96397054,0.020341583,0.14240147,-0.22376071,-0.7953575,0.54503155,-1.0,0
1763545102571,1009.8117,-0.6771688,4.2664027,11.922837,-0.17829616,0.2122755,-0.075289086,14.718751,-32.831253,29.98125,46.950733,0.3361091,49.741684,0.012184361,0.26018575,0.9652426,0.021484708,0.14140624,-0.21874493,-0.7977114,0.5438856,-1.0,0
1763545102598,1009.8117,-0.25722843,3.923631,9.424132,0.03733911,-0.025503604,0.03604102,14.85,-32.193752,29.456251,46.950733,0.3361091,49.741684,0.010831173,0.2597132,0.96539354,0.021143477,0.14203973,-0.21769933,-0.7981168,0.5435451,-1.0,0
1763545102624,1009.8029,-0.09571291,3.952943,8.3348,-0.098578304,0.016951498,0.0061086477,14.64375,-32.475002,30.431252,46.950733,0.3361091,49.741684,0.0108190365,0.25848773,0.9657293,0.020832013,0.14110729,-0.21684487,-0.7987871,0.54314464,-1.0,0
1763545102649,1009.78265,-0.6681957,4.0408792,7.8346996,-0.23632832,0.22754712,0.006872229,13.856251,-32.79375,29.456251,46.950733,0.3361091,49.741684,0.008565094,0.25620905,0.9663712,0.02025426,0.14156944,-0.213716,-0.7991082,0.54379195,-1.0,0
1763545102674,1009.78265,-1.1162517,3.9942193,6.955337,-0.03565923,0.22281294,0.2922988,14.3625,-31.63125,30.4125,46.950733,0.3361091,49.741684,0.00494654,0.2541673,0.9669751,0.018266145,0.14331937,-0.20996436,-0.79848534,0.54570657,-1.0,0
1763545102700,1009.75165,0.066400826,3.964309,6.0544395,0.1060614,-0.106290475,0.37919432,15.150001,-31.5375,28.931252,46.950733,0.3361091,49.741684,0.0032594583,0.2538385,0.9671235,0.015083874,0.14451478,-0.20871057,-0.79673153,0.5484289,-1.0,0
1763545102724,1009.7331,1.1186446,4.0648074,5.64766,0.065744326,-0.25824308,0.25503606,14.343751,-31.125002,29.456251,46.950733,0.3361091,49.741684,0.0082537895,0.255591,0.9666976,0.010046033,0.14149983,-0.21300866,-0.79336447,0.5524291,-1.0,0
1763545102749,1009.7331,0.69152576,3.9882371,6.1322064,-0.066813335,-0.13881902,0.06582068,12.075001,-31.48125,29.250002,46.950733,0.3361091,49.741684,0.009938206,0.25510556,0.9668134,0.009711568,0.13985008,-0.21358737,-0.79325444,0.55278367,-1.0,0
1763545102774,1009.73505,-0.21595225,4.006183,7.7671022,-0.020845762,0.07574723,0.09544762,13.312501,-30.993752,31.406252,46.950733,0.3361091,49.741684,0.009541758,0.25414783,0.9670721,0.009452508,0.13961567,-0.21257854,-0.7933201,0.5531374,-1.0,0
1763545102800,1009.73505,0.2219343,4.0570307,7.9387875,0.18669555,0.03527744,0.1244637,12.3,-31.087502,29.04375,46.950733,0.3361091,49.741684,0.008950985,0.25392514,0.96714586,0.008410745,0.13995379,-0.21206371,-0.7928126,0.55397666,-1.0,0
1763545102826,1009.72845,-0.00059820566,4.5415773,6.905088,0.33727372,0.032223117,0.08277218,12.243751,-31.35,30.150002,46.950733,0.3361091,49.741684,0.008869714,0.25866428,0.96590626,0.0062613096,0.14267562,-0.21593875,-0.790794,0.5546701,-1.0,0
1763545102851,1009.736,-0.57487565,5.2181478,6.6999035,0.25938845,0.0140498895,0.088269964,11.512501,-30.431252,32.025,46.950733,0.3361091,49.741684,0.0088659115,0.26131225,0.9651984,0.005415402,0.14429583,-0.21803991,-0.78951687,0.555248,-1.0,0
1763545102877,1009.736,0.26141587,5.836693,8.608778,0.2531271,-0.22739442,0.12339468,10.70625,-30.656252,33.825,46.950733,0.3361091,49.741684,0.012712704,0.26600608,0.9638792,0.004005179,0.14402665,-0.22400257,-0.7872689,0.55613565,-1.0,0
1763545102903,1009.7443,0.8668,5.8935223,9.016156,0.2239583,-0.25900668,0.060781047,11.94375,-30.6375,30.300001,46.950733,0.3361091,49.741684,0.015357153,0.26819682,0.9632332,0.004058256,0.1431617,-0.22731058,-0.78673166,0.55577683,-1.0,0
1763545102928,1009.75287,0.3499503,6.518049,9.049057,0.032604907,0.10690133,-0.11377356,10.3125,-31.425001,30.825,46.950733,0.3361091,49.741684,0.016889269,0.26960877,0.9628094,0.004893595,0.14271161,-0.22936329,-0.7869246,0.55477524,-1.0,0
1763545102953,1009.75287,-0.11964113,6.8865438,9.631111,-0.1343139,0.12538,-0.13332124,10.9125,-31.237501,31.368752,46.950733,0.3361091,49.741684,0.014117671,0.26908875,0.96298933,0.0065934644,0.14476728,-0.22726743,-0.7878132,0.5538432,-1.0,0
1763545102978,1009.7751,-0.024526432,6.565307,10.785648,-0.13019055,-0.106290475,-0.13591741,8.981251,-31.331251,32.34375,46.950733,0.3361091,49.741684,0.014648705,0.26801077,0.96326977,0.008183827,0.14374927,-0.22667268,-0.7888668,0.5528515,-1.0,0
1763545103003,1009.7751,1.5762719,5.6961145,11.358729,-0.06131555,-0.19349141,-0.081397735,10.03125,-30.468752,32.49375,46.950733,0.3361091,49.741684,0.017158462,0.26750207,0.96335334,0.009926175,0.1413738,-0.2277394,-0.79003656,0.5513533,-1.0,0
1763545103028,1009.7983,2.1463618,5.029713,11.635698,-0.068340495,-0.0051923506,-0.15897755,9.975,-32.2125,32.1375,46.950733,0.3361091,49.741684,0.018892232,0.26677218,0.96351,0.01114577,0.13943987,-0.22821231,-0.7911101,0.5501095,-1.0,0
1763545103054,1009.8027,1.6139588,4.471587,10.780863,-0.0035888306,-0.0097738365,-0.26343542,9.056251,-30.937502,32.775,46.950733,0.3361091,49.741684,0.018703945,0.26541162,0.9638389,0.014881789,0.13836914,-0.22726011,-0.7945915,0.5457391,-1.0,0
1763545103079,1009.8027,1.2029916,3.330211,9.803992,-0.1871537,-0.19975278,-0.22785257,10.575001,-31.29375,33.5625,46.950733,0.3361091,49.741684,0.020373888,0.26437977,0.9640359,0.017970357,0.13620645,-0.22750728,-0.79702604,0.54262114,-1.0,0
1763545103105,1009.79974,1.0989038,3.251846,9.603594,-0.22380558,-0.01847866,-0.17241658,7.8187504,-31.95,33.28125,46.950733,0.3361091,49.741684,0.021804592,0.2621679,0.9645565,0.020575656,0.1335343,-0.22666281,-0.79949605,0.5399987,-1.0,0
1763545103131,1009.78046,1.102493,3.4342988,8.76491,-0.11476622,-0.032833982,-0.14202607,8.83125,-30.712502,31.25625,46.950733,0.3361091,49.741684,0.021691384,0.25959593,0.96521825,0.022208929,0.13192062,-0.22462747,-0.80151033,0.538257,-1.0,0
1763545103156,1009.78046,0.62751776,3.938586,6.1998034,-0.03886627,-0.0067195124,-0.28145593,8.90625,-30.843752,33.7125,46.950733,0.3361091,49.741684,0.022128752,0.25775272,0.96562064,0.025506528,0.13019483,-0.22355194,-0.80447286,0.53469366,-1.0,0
1763545103181,1009.7502,-0.1381855,4.007978,5.6500525,-0.12896882,0.0151189035,-0.32085672,8.587501,-31.63125,34.575,46.950733,0.3361091,49.741684,0.021659467,0.25743693,0.96564347,0.028102929,0.13036525,-0.22304218,-0.806061,0.53246856,-1.0,0
1763545103206,1009.74115,-0.56769717,4.0570307,6.186643,-0.18990259,-0.05665771,-0.2764163,7.7625003,-32.943752,33.487503,46.950733,0.3361091,49.741684,0.020353574,0.25486732,0.96616787,0.03388344,0.13008147,-0.22011459,-0.80951244,0.52850544,-1.0,0
1763545103231,1009.74115,-0.19381863,4.139583,6.732805,-0.14133884,-0.13454297,-0.21792601,9.46875,-31.66875,34.78125,46.950733,0.3361091,49.741684,0.020887198,0.2536348,0.9663922,0.036320254,0.12898922,-0.21938251,-0.81097007,0.52684027,-1.0,0
1763545103256,1009.7441,-0.09930214,4.6007996,7.6181493,-0.11843141,0.0024434591,-0.21746786,9.7875,-31.63125,33.675003,46.950733,0.3361091,49.741684,0.021452587,0.2526468,0.9665478,0.038662374,0.1279958,-0.21887825,-0.81235534,0.5251554,-1.0,0
1763545103282,1009.7441,-0.56590253,4.7042894,7.8239317,-0.039629854,0.16462806,-0.15317434,8.475,-31.518751,33.80625,46.950733,0.3361091,49.741684,0.020820383,0.25169346,0.96672565,0.04072363,0.12800664,-0.21770939,-0.8135842,0.5237344,-1.0,0
1763545103307,1009.7399,-0.8069794,4.907081,7.740183,0.09720386,0.15622866,-0.026725333,7.8,-31.331251,32.775,46.950733,0.3361091,49.741684,0.017100604,0.25255612,0.96653163,0.041708626,0.13164774,-0.216208,-0.81374204,0.52320826,-1.0,0
1763545103332,1009.74725,-0.66999036,5.316852,7.443473,0.23877177,0.03176497,0.09926552,6.9187503,-31.931252,34.612503,46.950733,0.3361091,49.741684,0.016929965,0.25495443,0.9659465,0.04073009,0.13326369,-0.21801186,-0.8124746,0.52401966,-1.0,0
1763545103357,1009.74725,0.3487539,6.055636,8.189436,0.24732387,-0.082161315,0.23380849,7.2375,-31.7625,34.725002,46.950733,0.3361091,49.741684,0.01823662,0.25769272,0.9652584,0.03921804,0.13390805,-0.22092253,-0.81072706,0.5253413,-1.0,0
1763545103383,1009.76044,0.7956135,6.031708,8.9521475,0.31360272,0.027794348,0.14813471,6.6562505,-31.706251,35.4,46.950733,0.3361091,49.741684,0.019970302,0.26333773,0.96383715,0.035670858,0.13593034,-0.22642556,-0.8071032,0.5280519,-1.0,0
1763545103408,1009.76874,0.2853441,5.9228344,8.44128,0.3841576,-0.03573559,0.05253437,5.3625,-30.843752,35.643753,46.950733,0.3361091,49.741684,0.019654596,0.26746163,0.9627409,0.03475639,0.13858452,-0.22960037,-0.8056507,0.52820915,-1.0,0
1763545103433,1009.76874,0.2853441,5.9228344,8.44128,0.3841576,-0.03573559,0.05253437,6.3562503,-31.743752,35.41875,46.950733,0.3361091,49.741684,0.020282466,0.27114192,0.9617149,0.034278944,0.14024465,-0.23293938,-0.804436,0.52816033,-1.0,0
1763545103459,1009.78705,0.8859426,6.122037,10.39502,-0.0834594,0.0594066,-0.10399973,5.5875,-31.837502,36.600002,46.950733,0.3361091,49.741684,0.02112126,0.27201784,0.9614208,0.035075553,0.14008509,-0.23412812,-0.80461556,0.52740306,-1.0,0
1763545103485,1009.8,-1.7868403,6.518647,10.269995,-0.099036455,0.30772313,0.08491021,5.4187503,-30.6,35.925003,46.950733,0.3361091,49.741684,0.016113536,0.27122763,0.9617507,0.034806993,0.14367883,-0.2306089,-0.80480856,0.5276923,-1.0,0
1763545103510,1009.8,-0.37387854,6.040681,10.838888,-0.17997603,-0.18493931,0.18585561,4.6125,-30.187502,36.131252,46.950733,0.3361091,49.741684,0.0130053125,0.27042183,0.9620757,0.03336483,0.14582644,-0.2281047,-0.8040599,0.52933025,-1.0,0
1763545103535,1009.821,0.39840496,5.117051,11.7685,-0.26671883,-0.12553272,0.091477,5.49375,-30.206251,35.5875,46.950733,0.3361091,49.741684,0.016170187,0.2659027,0.9633412,0.03174993,0.14059255,-0.22627297,-0.8042474,0.5312442,-1.0,0
1763545103560,1009.821,-0.5587241,4.465007,11.96531,-0.23006694,0.25793764,0.07834341,4.0687504,-30.73125,36.075,46.950733,0.3361091,49.741684,0.013832203,0.26333803,0.96412486,0.030413587,0.14084807,-0.22293514,-0.80451643,0.5321795,-1.0,0
1763545103585,1009.821,-0.17228323,4.295715,10.002597,-0.010308343,-0.07238748,0.21532984,3.3937502,-29.062502,35.4375,46.950733,0.3361091,49.741684,0.011980139,0.26208904,0.96455556,0.028256388,0.14148463,-0.22094409,-0.80399287,0.5336303,-1.0,0
1763545103611,1009.8073,0.19740787,4.2598224,8.79123,-0.039935283,-0.057574004,0.16264275,3.6375,-30.018751,34.8375,46.950733,0.3361091,49.741684,0.013038522,0.26157445,0.9647319,0.026480911,0.13898358,-0.22125036,-0.802984,0.5356758,-1.0,0
1763545103636,1009.8073,0.04007978,4.301697,8.218149,-0.17646356,0.1763872,0.09697478,1.7812501,-29.737501,36.2625,46.950733,0.3361091,49.741684,0.012529071,0.25917298,0.96545655,0.023789424,0.13910821,-0.21903537,-0.802752,0.5369,-1.0,0
1763545103661,1009.7819,-0.6939186,3.8195431,7.6953177,-0.14256057,0.3026835,0.15821397,2.1750002,-28.44375,35.98125,46.950733,0.3361091,49.741684,0.00958447,0.25701073,0.9661054,0.022225559,0.14024913,-0.21558426,-0.8024302,0.5384788,-1.0,0
1763545103686,1009.7548,-0.48993045,3.6843486,7.103094,0.028939718,0.073761925,0.22861615,2.86875,-27.993752,34.96875,46.950733,0.3361091,49.741684,0.0069534704,0.25561258,0.9665461,0.020060746,0.1415771,-0.21293677,-0.80158585,0.54043865,-1.0,0
1763545103711,1009.7548,-0.09451649,3.5180476,6.4217377,0.16287182,-0.1913534,0.25793764,2.5500002,-26.6625,35.23125,46.950733,0.3361091,49.741684,0.009025703,0.25719878,0.966186,0.015874045,0.14077976,-0.21543844,-0.79892325,0.54358894,-1.0,0
1763545103737,1009.72455,0.57009,3.5288153,5.6733823,0.14958552,-0.17287473,0.2234238,1.1812501,-27.54375,36.1875,46.950733,0.3361091,49.741684,0.011258167,0.2585527,0.9658273,0.014192182,0.13973057,-0.2178339,-0.7976719,0.5447415,-1.0,0
1763545103762,1009.72455,-0.25124636,3.714259,6.6628146,-0.12011129,0.010537418,0.09193515,2.41875,-27.300001,35.8875,46.950733,0.3361091,49.741684,0.01157317,0.25855672,0.96583915,0.013008619,0.13949005,-0.21800925,-0.7969631,0.54576945,-1.0,0
1763545103788,1009.7172,-0.27816564,3.6634114,7.725228,-0.062384564,-0.054519683,0.11453715,2.0625,-26.85,36.84375,46.950733,0.3361091,49.741684,0.01231721,0.2567725,0.9663278,0.01125913,0.13785788,-0.21697702,-0.79634494,0.5474951,-1.0,0
1763545103813,1009.7209,-0.34037903,4.016951,7.6462646,0.0938441,0.034208428,0.13545926,2.2687502,-26.681252,34.48125,46.950733,0.3361091,49.741684,0.012239963,0.2574764,0.96615607,0.009928408,0.13828428,-0.21753474,-0.7955445,0.54832935,-1.0,0
1763545103838,1009.7209,-1.3884354,5.0644093,7.259226,0.016569708,0.116217025,0.2594648,2.30625,-25.687502,35.34375,46.950733,0.3361091,49.741684,0.011281368,0.25860846,0.96588016,0.008356238,0.13976203,-0.21788111,-0.7943073,0.5496092,-1.0,0
1763545103864,1009.726,-0.3385844,5.176872,8.7673025,0.028481571,-0.04444041,0.32391104,1.48125,-26.156252,36.09375,46.950733,0.3361091,49.741684,0.011400899,0.25928172,0.96573,0.0029378522,0.14025605,-0.21836944,-0.79054564,0.55468965,-1.0,0
1763545103889,1009.74506,0.33379877,5.050052,9.531211,0.17249294,-0.3327686,0.26251915,2.0062501,-23.493752,36.3375,46.950733,0.3361091,49.741684,0.015108107,0.26078892,0.9652767,0.0013202453,0.13808267,-0.22174828,-0.7892789,0.55569744,-1.0,0
1763545103914,1009.74506,1.5278172,5.250451,10.963913,0.026954409,-0.07834341,0.13087778,-0.6,-25.612501,35.49375,46.950733,0.3361091,49.741684,0.019437619,0.26199433,0.96487355,0.00046846524,0.13518494,-0.22526404,-0.7885973,0.5559635,-1.0,0
1763545103940,1009.77167,1.4703895,5.779265,11.99522,0.06131555,0.25518876,0.028863361,0.3375,-24.4125,37.800003,46.950733,0.3361091,49.741684,-0.020681325,-0.26200822,-0.9648438,0.000619729,0.13407229,-0.2260545,-0.78820294,0.5564711,-1.0,0
1763545103964,1009.77167,0.96490574,5.9748783,11.617154,0.26412266,0.2603811,-0.07116575,-0.0,-24.69375,36.768753,46.950733,0.3361091,49.741684,-0.016226519,-0.26451406,-0.9642437,0.0017466599,0.13889535,-0.22569685,-0.7877089,0.55613285,-1.0,0
1763545103989,1009.78705,1.2813566,5.419743,9.920045,0.08223767,0.0025961753,-0.20234896,0.375,-24.393751,35.643753,46.950733,0.3361091,49.741684,-0.014948748,-0.2673645,-0.963479,0.0009952658,0.14151517,-0.2273339,-0.78767467,0.5548526,-1.0,0
1763545104014,1009.79535,1.1593226,4.537988,10.997413,-0.12056944,0.1262963,-0.2489274,2.5875,-22.800001,36.24375,46.950733,0.3361091,49.741684,0.014594164,0.26812086,0.9632744,0.00080736406,0.14219756,-0.2277754,-0.78864735,0.5531126,-1.0,0
1763545104039,1009.79535,0.6053841,3.891926,11.053644,-0.099341884,0.32299474,-0.21746786,-0.24375,-22.85625,37.93125,46.950733,0.3361091,49.741684,0.009617032,0.26534536,0.9640977,0.0038785504,0.14432201,-0.22287175,-0.79195744,0.54982066,-1.0,0
1763545104066,1009.79584,0.3379862,3.7172499,10.022338,-0.012904518,0.18829907,-0.10262528,1.7812501,-23.8875,36.075,46.950733,0.3361091,49.741684,0.0076417546,0.26470014,0.96429074,0.004336217,0.14536734,-0.22134341,-0.79288095,0.54883075,-1.0,0
1763545104091,1009.78436,1.4027922,3.8841493,8.633903,-0.11950042,-0.23182319,-0.027947064,-0.91875005,-21.9375,37.331253,46.950733,0.3361091,49.741684,0.009207389,0.2638926,0.9644955,0.004949328,0.1434712,-0.2216756,-0.7937715,0.5479076,-1.0,0
1763545104116,1009.78436,1.4721842,4.069593,8.160722,-0.27466008,-0.14019346,-0.11117739,-1.3312501,-21.84375,36.600002,46.950733,0.3361091,49.741684,0.011512598,0.26246843,0.96485484,0.005738244,0.14062381,-0.221917,-0.79486793,0.54695773,-1.0,0
1763545104141,1009.76483,1.2179468,3.9577286,8.315657,-0.41500625,0.03604102,-0.1886045,1.1812501,-22.462502,36.99375,46.950733,0.3361091,49.741684,0.012285302,0.25574598,0.9666269,0.00869161,0.13594621,-0.21696903,-0.79851305,0.54481184,-1.0,0
1763545104166,1009.76483,0.22372891,4.0833516,8.411968,-0.22624904,0.29657486,-0.16966769,0.6,-21.75,35.775,46.950733,0.3361091,49.741684,0.009470592,0.25162512,0.9677275,0.009932331,0.13581641,-0.21203493,-0.8003498,0.5440913,-1.0,0
1763545104192,1009.75604,0.20877378,4.2610188,7.9076805,0.008170316,0.027183482,-0.15790854,1.725,-21.393751,34.55625,46.950733,0.3361091,49.741684,0.0057214294,0.24940008,0.9683067,0.0122029055,0.13753098,-0.20813063,-0.8023672,0.5421934,-1.0,0
1763545104217,1009.7426,0.31166515,4.2610188,6.823134,0.13828452,-0.058490302,-0.18203771,1.21875,-22.44375,34.818752,46.950733,0.3361091,49.741684,0.005908265,0.2507196,0.96794015,0.01402099,0.13812895,-0.20932181,-0.8031058,0.54048675,-1.0,0
1763545104241,1009.7426,-0.26261228,4.208975,6.7704916,-0.20257804,0.2254091,-0.13087778,0.61875004,-21.018751,35.568752,46.950733,0.3361091,49.741684,0.0042225276,0.25094584,0.96786666,0.01557088,0.13969843,-0.20850897,-0.80378515,0.5393865,-1.0,0
1763545104267,1009.72845,0.2727818,4.1007,8.030313,-0.18730642,0.15683953,-0.09560034,1.3312501,-21.806252,35.550003,46.950733,0.3361091,49.741684,0.0016941363,0.249277,0.96829396,0.016277298,0.14089566,-0.20564607,-0.8043483,0.5393347,-1.0,0
1763545104293,1009.736,0.37328035,4.1497526,8.645268,-0.046349365,0.05054906,-0.13362667,1.8000001,-20.775002,37.443752,46.950733,0.3361091,49.741684,-0.00069044175,0.24702476,0.9688439,0.017884636,0.1415154,-0.20247245,-0.80585724,0.5381193,-1.0,0
1763545104318,1009.736,-0.6693921,4.703093,8.357532,0.009392046,0.24846925,-0.08307761,1.66875,-20.04375,36.487503,46.950733,0.3361091,49.741684,-0.0019850754,0.24713643,0.9687967,0.0187786,0.14260168,-0.2018542,-0.8064368,0.5371958,-1.0,0
1763545104344,1009.73505,-0.76570326,4.6235313,8.615358,-0.07887791,0.25534147,-0.009315688,1.1437501,-19.837502,35.456253,46.950733,0.3361091,49.741684,-0.0045582987,0.24725786,0.96875316,0.018978441,0.14478827,-0.20048337,-0.8065048,0.5370221,-1.0,0
1763545104368,1009.7531,-0.57427746,4.1647077,10.209576,-0.07322741,0.2102902,0.066736974,4.4437504,-17.38125,34.5,46.950733,0.3361091,49.741684,-0.009052735,0.24583112,0.9691143,0.017395534,0.1476701,-0.19674458,-0.805887,0.53854555,-1.0,0
1763545104393,1009.7531,-0.4881358,3.8321054,11.333006,0.15370885,0.20097451,0.17302746,1.0875001,-18.712502,35.081253,46.950733,0.3361091,49.741684,-0.010545622,0.24688928,0.968865,0.015332664,0.14936902,-0.19686145,-0.8048644,0.5395625,-1.0,0
1763545104418,1009.7619,-0.7375876,4.4518466,8.635098,0.5559633,0.23884813,0.31810784,2.9250002,-18.393751,33.6375,46.950733,0.3361091,49.741684,-0.012413509,0.25077593,0.9678893,0.012148764,0.15295154,-0.19911928,-0.80270326,0.54094803,-1.0,0
1763545104443,1009.7592,-0.21774685,4.7419763,7.42433,0.28748822,0.062613636,0.2921461,4.33125,-16.518751,34.4625,46.950733,0.3361091,49.741684,-0.013797745,0.25849977,0.96589494,0.0058688624,0.15841821,-0.20473441,-0.79766977,0.5447113,-1.0,0
1763545104469,1009.7592,-0.11006984,4.7078786,7.8281193,-0.1476002,-0.018936807,0.1838703,2.0625,-16.125,34.6875,46.950733,0.3361091,49.741684,-0.013120414,0.25726005,0.96624416,0.004163615,0.15718737,-0.20407599,-0.7969024,0.54643536,-1.0,0
1763545104493,1009.77435,-0.7040881,4.0588255,10.276575,-0.646524,0.099723674,0.18051054,3.075,-15.39375,34.6875,46.950733,0.3361091,49.741684,-0.013246725,0.25238374,0.9675334,0.002468333,0.15450093,-0.20000625,-0.7970399,0.54850185,-1.0,0
1763545104518,1009.77435,-0.97866446,3.799204,10.762917,-0.5154935,0.085215636,0.15806127,2.5875,-15.69375,34.7625,46.950733,0.3361091,49.741684,0.0143724205,-0.24092416,-0.9704367,0.00122953,0.1487378,-0.19007389,-0.79781294,0.5524885,-1.0,0
1763545104543,1009.78485,-1.6510476,3.6011982,9.84826,-0.2851975,0.032223117,0.19104797,3.2062502,-14.775001,35.25,46.950733,0.3361091,49.741684,0.014489098,-0.23789781,-0.9711773,0.0030531052,0.14703214,-0.1875816,-0.7976279,0.5540617,-1.0,0
1763545104568,1009.7712,0.044865426,3.8153558,8.645268,-0.12362376,-0.12034036,0.16737695,3.9750001,-12.450001,34.425003,46.950733,0.3361091,49.741684,0.014593525,-0.2361026,-0.97160196,0.005680716,0.14601779,-0.18610808,-0.79672664,0.5561198,-1.0,0
1763545104593,1009.7712,-0.4139583,3.0466614,8.839087,-0.28183773,-0.17424917,0.08429934,3.3937502,-11.64375,34.74375,46.950733,0.3361091,49.741684,0.013004848,-0.23476364,-0.97194016,0.0070136283,0.14387852,-0.1859625,-0.7964623,0.5571039,-1.0,0
1763545104618,1009.7702,-0.65922266,2.4197419,9.904491,-0.4058433,0.06520981,0.108886644,4.40625,-11.775001,33.881252,46.950733,0.3361091,49.741684,0.011600726,-0.22767471,-0.97363,0.008621047,0.1385226,-0.18105756,-0.79749316,0.5586003,-1.0,0
1763545104644,1009.7702,-0.22851457,2.5938199,10.390832,-0.33819002,0.021532983,0.08689552,4.14375,-11.793751,32.5125,46.950733,0.3361091,49.741684,0.0116311945,-0.22395034,-0.9744848,0.009505492,0.13628638,-0.17808723,-0.7981735,0.5591333,-1.0,0
1763545104669,1009.76825,-0.7082755,3.31047,7.5589266,-0.1702022,-0.013439025,0.06475167,6.58125,-9.806251,32.925003,46.950733,0.3361091,49.741684,0.011182387,-0.22235976,-0.9748534,0.00958514,0.1348855,-0.17712937,-0.7988459,0.5588169,-1.0,0
1763545104694,1009.75775,-0.17647067,3.3403804,7.8981094,-0.3908771,0.1424842,0.1310305,4.65,-10.63125,33.46875,46.950733,0.3361091,49.741684,0.012211491,-0.2168655,-0.97605515,0.011682299,0.13260333,-0.17203523,-0.7987379,0.56110424,-1.0,0
1763545104719,1009.75775,0.5521438,3.510869,9.232706,-0.47609273,0.20097451,0.054061532,5.775,-8.00625,32.287502,46.950733,0.3361091,49.741684,0.013741912,-0.2122627,-0.9770332,0.012722198,0.13121888,-0.1674094,-0.79911405,0.56229216,-1.0,0
1763545104744,1009.7641,0.6693921,3.5150564,9.799207,-0.11919499,-0.059712034,-0.07803798,6.7125,-8.306251,34.66875,46.950733,0.3361091,49.741684,0.01447314,-0.20904194,-0.977716,0.012780758,0.12992826,-0.16439784,-0.7999014,0.5623608,-1.0,0
1763545104770,1009.7541,0.232702,3.5521452,9.022138,-0.04741838,-0.21487169,-0.12140937,8.53125,-8.7375,34.350002,46.950733,0.3361091,49.741684,0.013882349,-0.20767467,-0.97802603,0.011982719,0.12858848,-0.16366579,-0.80088377,0.56148344,-1.0,0
1763545104795,1009.7541,-0.06580263,3.4067812,8.59442,-0.10560325,-0.2988656,-0.058337588,8.19375,-7.5375004,34.162502,46.950733,0.3361091,49.741684,0.00916085,-0.20604561,-0.978455,0.009327363,0.123691544,-0.16504279,-0.8030042,0.5591472,-1.0,0
1763545104821,1009.75775,0.6442675,3.3577285,10.158131,-0.21433719,-0.1262963,-0.14126249,6.5625005,-8.4375,33.15,46.950733,0.3361091,49.741684,0.007107756,-0.20383304,-0.9789423,0.008576846,0.12071161,-0.16439931,-0.8039553,0.558621,-1.0,0
1763545104846,1009.7641,-0.3804588,3.094518,10.281361,-0.009697478,-0.09697478,-0.2600757,7.9687505,-7.93125,33.75,46.950733,0.3361091,49.741684,0.005988163,-0.20160933,-0.97942233,0.0070538614,0.118462265,-0.16324483,-0.80545425,0.55728024,-1.0,0
1763545104871,1009.7641,-0.95473623,3.1609187,9.644272,0.16928591,-0.23518294,-0.20173809,7.65,-8.71875,34.59375,46.950733,0.3361091,49.741684,0.0038739624,-0.2025542,-0.9792614,0.0019919444,0.11711562,-0.16530924,-0.8086107,0.5523636,-1.0,0
1763545104896,1009.7724,-0.12981063,3.615555,9.242277,0.20975569,-0.28985533,-0.14156792,7.8750005,-7.5750003,35.5875,46.950733,0.3361091,49.741684,0.0015396937,-0.2043631,-0.97889394,4.2156204e-05,0.116171,-0.16813962,-0.8095073,0.5503919,-1.0,0
1763545104921,1009.7724,-0.6963114,3.728616,8.362317,0.074143715,-0.16371176,-0.23365578,7.36875,-7.8750005,35.34375,46.950733,0.3361091,49.741684,-0.00025665536,0.20602292,0.9785452,0.001964235,0.1160266,-0.17024495,-0.81040025,0.54845774,-1.0,0
1763545104947,1009.77386,-0.46660042,3.5389848,8.578867,-0.21311545,-0.19165882,-0.21945317,8.231251,-8.6625,35.60625,46.950733,0.3361091,49.741684,0.0019352802,0.20470525,0.97879654,0.0070290905,0.11559288,-0.1713949,-0.8116713,0.5463073,-1.0,0
1763545104971,1009.78314,-0.0424726,3.382853,10.277173,-0.52022773,0.007177661,-0.24129158,9.75,-8.493751,34.050003,46.950733,0.3361091,49.741684,0.0013233915,0.19967648,0.9798167,0.009316394,0.11115873,-0.16588004,-0.81556356,0.54312396,-1.0,0
1763545104996,1009.78314,-1.0797613,3.8638103,10.889137,0.06788235,0.076052666,-0.09040799,8.400001,-9.375,34.40625,46.950733,0.3361091,49.741684,-0.0015644375,0.19561163,0.98061806,0.011040168,0.1111928,-0.16094258,-0.81742793,0.5417981,-1.0,0
1763545105022,1009.78143,-0.16450655,4.369294,8.526823,0.3559051,-0.14859286,0.020311253,7.8187504,-8.56875,35.193752,46.950733,0.3361091,49.741684,-0.0027018427,0.19597393,0.9798565,0.011962009,0.1130994,-0.16415454,-0.8173944,0.5404889,-1.0,0
1763545105047,1009.76337,0.45164528,4.256233,7.5056863,0.18516839,-0.11942407,0.019089524,8.887501,-8.45625,33.99375,46.950733,0.3361091,49.741684,-9.347307e-05,0.2013266,0.97945076,0.011990976,0.11321714,-0.16647609,-0.8168977,0.5405051,-1.0,0
1763545105072,1009.76337,-0.40558344,3.5838501,9.363713,-0.15767947,0.115453444,-0.07925971,10.44375,-7.18125,35.1375,46.950733,0.3361091,49.741684,-0.00085690845,0.2007057,0.979576,0.012137749,0.11352741,-0.16551447,-0.8169933,0.5405909,-1.0,0
1763545105098,1009.75824,-0.6723832,3.5820556,9.546764,-0.08758274,-0.11331542,-0.075594515,8.925,-8.212501,34.74375,46.950733,0.3361091,49.741684,-0.0021246867,0.19919655,0.97987545,0.012663716,0.11372048,-0.16355866,-0.81756026,0.5402883,-1.0,0
1763545105123,1009.76215,-0.091525465,3.5760734,9.396614,-0.029856017,-0.20066908,-0.047494736,8.71875,-9.1125,36.525,46.950733,0.3361091,49.741684,0.0003556532,0.19784853,0.98012537,0.014493763,0.11089017,-0.1638522,-0.8188652,0.5388095,-1.0,0
1763545105148,1009.76215,0.21894327,3.6580276,9.460623,-0.044364054,0.064140804,-0.054672398,10.275001,-8.700001,35.4,46.950733,0.3361091,49.741684,-0.0002902143,0.19736055,0.9802181,0.0148707675,0.11112197,-0.16310479,-0.8192468,0.53840816,-1.0,0
1763545105173,1009.7658,-0.38165522,3.5970106,10.024133,0.028939718,0.14767656,0.061239194,10.06875,-8.45625,33.7125,46.950733,0.3361091,49.741684,-0.002485843,0.19666201,0.9803606,0.014522706,0.11252534,-0.16130769,-0.81923777,0.53867185,-1.0,0
1763545105198,1009.7658,-0.43788654,3.6490545,9.185448,0.14225514,-0.0065667965,0.103236146,10.44375,-7.18125,35.60625,46.950733,0.3361091,49.741684,-0.0038333954,0.19682209,0.98033625,0.013681893,0.11370367,-0.16070189,-0.81883407,0.539219,-1.0,0
1763545105223,1009.7614,0.039481573,3.9020956,8.474181,0.12545635,-0.111635536,0.117744185,11.53125,-6.8250003,35.475002,46.950733,0.3361091,49.741684,-0.002371758,0.1992569,0.9798727,0.011855858,0.113850646,-0.163545,-0.8174613,0.5404147,-1.0,0
1763545105249,1009.75824,0.5796613,3.7447674,9.168698,0.06956223,-0.11911863,0.013439025,9.95625,-8.118751,35.71875,46.950733,0.3361091,49.741684,-0.0015073239,0.19954062,0.9798241,0.011225143,0.11331184,-0.16425334,-0.81701046,0.54099464,-1.0,0
1763545105275,1009.75824,0.357727,3.6340995,8.314461,0.2022726,-0.3695732,-0.05253437,11.4375,-6.58125,35.625,46.950733,0.3361091,49.741684,-0.000237143,0.200244,0.9796809,0.0112996,0.11265794,-0.16554728,-0.81692713,0.54086256,-1.0,0
1763545105300,1009.7536,0.50428736,3.9349968,8.117651,-0.18700098,0.09224058,0.004581486,12.562501,-6.95625,33.825,46.950733,0.3361091,49.741684,0.0025287287,0.20037854,0.9796389,0.0122337565,0.11042242,-0.16722691,-0.8174901,0.5399555,-1.0,0
