timestamp,pressure,acc_x,acc_y,acc_z,gyro_x,gyro_y,gyro_z,mag_x,mag_y,mag_z,mag_bias_x,mag_bias_y,mag_bias_z,game_x,game_y,game_z,game_w,rot_x,rot_y,rot_z,rot_w,rot_accuracy,step
1763545166867,1009.76385,0.14057833,4.532604,7.673184,0.10499238,-0.04214967,0.033444848,34.2,3.3000002,9.975,46.950733,0.3361091,49.741684,0.16988446,0.16676009,0.69247836,0.6810316,0.22889303,-0.063162945,-0.24186704,0.9408075,-1.0,0
1763545166892,1009.7553,0.33080772,4.7455654,7.967501,-0.082543105,0.066736974,0.0042760535,34.425003,2.8500001,7.8,46.950733,0.3361091,49.741684,0.16935517,0.16702309,0.6926171,0.68095785,0.22949989,-0.06251153,-0.24078259,0.9409813,-1.0,0
1763545166917,1009.75165,-0.059820566,4.5296135,9.379267,-0.12163845,0.11575887,-0.029932374,34.0125,1.44375,6.6937504,46.950733,0.3361091,49.741684,0.16677184,0.16685711,0.6930142,0.6812321,0.22810961,-0.06016769,-0.24002086,0.94166654,-1.0,0
1763545166942,1009.75165,-0.16211374,4.5038905,9.246465,-0.008170316,0.006872229,-0.0,33.525,2.8500001,9.918751,46.950733,0.3361091,49.741684,0.16652472,0.16668177,0.69306666,0.6812821,0.22777589,-0.06026148,-0.2409434,0.9415057,-1.0,0
1763545166967,1009.75555,-0.04426722,4.566702,8.6961155,0.059941106,-0.053145237,0.027947064,34.350002,4.0687504,9.6,46.950733,0.3361091,49.741684,0.16682926,0.16666271,0.6930932,0.6811853,0.22785759,-0.060740247,-0.24169683,0.941262,-1.0,0
1763545166992,1009.75555,0.17527425,4.685745,8.425129,0.0020616686,-0.03604102,0.019394957,37.706253,3.6937501,6.3375,46.950733,0.3361091,49.741684,0.16705412,0.16658147,0.69310886,0.68113405,0.22790754,-0.060947698,-0.24152972,0.9412794,-1.0,0
1763545167017,1009.75555,0.09990034,4.5242295,9.32124,-0.065286174,0.00076358096,-0.013591741,33.99375,3.6562502,9.0375,46.950733,0.3361091,49.741684,0.16668357,0.1658893,0.6931378,0.6813643,0.22716832,-0.06080479,-0.24101138,0.94160014,-1.0,0
1763545167042,1009.7636,0.18005991,4.482953,9.389436,0.013515383,-0.026572619,-0.0070249448,33.91875,3.16875,7.3875003,46.950733,0.3361091,49.741684,0.16677013,0.16554223,0.6931224,0.6814432,0.2268871,-0.061145365,-0.24146669,0.9415293,-1.0,0
1763545167067,1009.7636,0.17527425,4.4895334,9.110074,0.056734066,0.014355322,-0.004581486,33.112503,3.80625,10.200001,46.950733,0.3361091,49.741684,0.16675456,0.16565226,0.69318247,0.6813591,0.22697389,-0.06107876,-0.24137242,0.94153684,-1.0,0
1763545167092,1009.77167,-0.11964113,4.6486564,8.551949,0.055665053,0.032070402,-0.008704823,34.706253,3.4875002,7.89375,46.950733,0.3361091,49.741684,0.16690546,0.16680712,0.6930612,0.68116385,0.22801681,-0.060748488,-0.24175517,0.94120795,-1.0,0
1763545167118,1009.76654,-0.033499517,4.670192,8.483154,0.035964664,-0.051618073,-0.010537418,35.9625,3.1312501,7.1625004,46.950733,0.3361091,49.741684,0.16755453,0.16704403,0.69272476,0.6812886,0.22854544,-0.061198104,-0.2420601,0.9409722,-1.0,0
1763545167143,1009.76654,0.0047856453,4.598407,8.800203,-0.0080176005,-0.061544627,-0.006872229,37.48125,3.3000002,6.2250004,46.950733,0.3361091,49.741684,0.16798905,0.16692184,0.69254696,0.6813924,0.2286587,-0.06163124,-0.24222231,0.9408747,-1.0,0
1763545167168,1009.77264,0.19561325,4.5631127,9.038888,0.050625417,0.030390523,-0.0006108648,34.050003,3.91875,8.71875,46.950733,0.3361091,49.741684,0.16810766,0.1670331,0.6926309,0.68125045,0.22881,-0.06169467,-0.2421257,0.9408586,-1.0,0
1763545167193,1009.7741,0.064008005,4.582854,8.457432,0.06971494,0.025961753,-0.004581486,33.225002,2.8312502,9.9375,46.950733,0.3361091,49.741684,0.16846873,0.16742286,0.69255334,0.6811444,0.22933665,-0.061780434,-0.24194477,0.9407713,-1.0,0
1763545167219,1009.7741,0.0047856453,4.562515,8.20798,0.022983788,-0.020005822,-0.02046397,33.80625,2.6437502,8.043751,46.950733,0.3361091,49.741684,0.1689166,0.1675288,0.69226545,0.6813001,0.22966698,-0.062062763,-0.24201089,0.9406551,-1.0,0
1763545167244,1009.77264,-0.09990034,4.3854456,8.554341,-0.03810269,-0.014813471,-0.024740024,33.80625,3.5062501,9.225,46.950733,0.3361091,49.741684,0.16869223,0.16761255,0.69211984,0.681483,0.22962308,-0.06184081,-0.24230012,0.940606,-1.0,0
1763545167269,1009.77264,-0.054436713,4.5415773,8.965906,-0.016111558,0.04138609,0.02046397,34.050003,2.41875,8.175,46.950733,0.3361091,49.741684,0.16721438,0.16783534,0.6925107,0.68139535,0.22900468,-0.060714174,-0.24311079,0.94062096,-1.0,0
1763545167294,1009.76996,-0.014955142,4.5930233,8.778668,0.014584397,-0.01924224,0.021838415,35.081253,2.53125,9.150001,46.950733,0.3361091,49.741684,0.16739596,0.16765536,0.69257706,0.6813276,0.22892354,-0.06102242,-0.24326934,0.9405798,-1.0,0
1763545167319,1009.7668,0.020937199,4.5690947,8.609376,-0.016111558,-0.04382955,0.016493348,35.381252,3.3000002,8.606251,46.950733,0.3361091,49.741684,0.16748431,0.16736624,0.69262654,0.6813267,0.2287358,-0.061174996,-0.24296163,0.94069505,-1.0,0
1763545167344,1009.7668,0.016749758,4.686941,8.772088,-0.066507906,0.034361143,0.03176497,33.99375,4.40625,9.150001,46.950733,0.3361091,49.741684,0.16655439,0.1671983,0.69314915,0.6810643,0.22839451,-0.060853668,-0.24277504,0.940847,-1.0,0
1763545167370,1009.7712,0.2847459,4.730012,9.018549,-0.033368487,0.023365578,0.026725333,34.331253,3.825,8.53125,46.950733,0.3361091,49.741684,0.16651951,0.16722682,0.6933528,0.68085855,0.2281389,-0.06038371,-0.24208575,0.94111687,-1.0,0
1763545167395,1009.77313,0.019740786,4.597809,8.825927,-0.011377357,0.023365578,0.020005822,32.643753,3.525,9.1875,46.950733,0.3361091,49.741684,0.16665378,0.16709839,0.6935988,0.68060654,0.22811286,-0.060496893,-0.24146639,0.941275,-1.0,0
1763545167420,1009.77313,0.31764722,4.5170507,8.979067,0.015806125,-0.04046979,0.0001527162,34.40625,3.6750002,10.856251,46.950733,0.3361091,49.741684,0.16715282,0.16664398,0.69365466,0.6805387,0.22811534,-0.060507394,-0.24133196,0.9413082,-1.0,0
1763545167445,1009.77655,0.3278167,4.406383,8.683554,0.0028252497,-0.028863361,-0.03375028,34.18125,3.05625,7.8187504,46.950733,0.3361091,49.741684,0.16734692,0.16611063,0.6934958,0.6807833,0.2279891,-0.06108394,-0.24108031,0.941366,-1.0,0
1763545167471,1009.77655,0.23868406,4.4117665,8.619545,-0.030772313,0.03252855,-0.04703659,32.850002,3.9,9.76875,46.950733,0.3361091,49.741684,0.1670365,0.16587415,0.6933885,0.6810264,0.22734322,-0.06107773,-0.24042822,0.9416894,-1.0,0
1763545167495,1009.78534,0.10887343,4.499105,8.55135,-0.03489565,0.03008509,-0.041691523,32.850002,3.9,10.06875,46.950733,0.3361091,49.741684,0.16681059,0.165638,0.693278,0.6812517,0.22705337,-0.06089744,-0.24024878,0.94181675,-1.0,0
1763545167520,1009.7841,0.23449662,4.601398,8.873184,-0.05902481,-0.046425723,-0.03176497,31.218752,3.1125002,10.9125,46.950733,0.3361091,49.741684,0.16692366,0.16481614,0.69286776,0.6818405,0.2264134,-0.06135833,-0.24075557,0.9418115,-1.0,0
1763545167546,1009.7841,0.11066805,4.5373898,9.233903,-0.059635673,-0.010231985,-0.059253883,35.1375,4.275,8.887501,46.950733,0.3361091,49.741684,0.16665807,0.16439046,0.69258016,0.6823002,0.22592573,-0.061291855,-0.24108467,0.94184875,-1.0,0
1763545167570,1009.7902,-0.04546363,4.503292,9.247662,-0.018249584,0.023976443,-0.059559315,34.631252,4.8187504,11.0625,46.950733,0.3361091,49.741684,0.16613206,0.1644007,0.6923474,0.6826622,0.22565258,-0.0608963,-0.24178226,0.9417611,-1.0,0
1763545167596,1009.79095,-0.08075777,4.7808595,8.331808,0.0058795735,0.029168794,-0.02565632,33.768753,3.4875002,11.400001,46.950733,0.3361091,49.741684,0.16564089,0.16535525,0.69197875,0.68292475,0.22621132,-0.060064122,-0.24249628,0.94149685,-1.0,0
1763545167622,1009.79095,0.01375873,4.698307,8.42453,-0.05535962,-0.009468404,-0.009010255,35.90625,2.86875,7.8,46.950733,0.3361091,49.741684,0.16567475,0.16558976,0.6918375,0.68300277,0.22645076,-0.05990115,-0.24232562,0.9414936,-1.0,0
1763545167647,1009.78046,0.17347965,4.5134616,8.763115,-0.069867656,0.03252855,-0.0036651888,34.725002,4.4625,10.1625,46.950733,0.3361091,49.741684,0.16528933,0.16574168,0.6919186,0.68297714,0.22641519,-0.05938888,-0.24183536,0.94166064,-1.0,0
1763545167672,1009.7858,0.2416751,4.694718,8.912068,0.08391755,-0.046883874,0.033444848,33.862503,4.51875,9.46875,46.950733,0.3361091,49.741684,0.16706865,0.16591527,0.69204265,0.68237615,0.22750907,-0.060658287,-0.24050593,0.9416566,-1.0,0
1763545167697,1009.7858,0.2745764,4.946563,8.228319,0.20303617,-0.24113888,0.08628465,35.568752,3.45,8.7375,46.950733,0.3361091,49.741684,0.17116338,0.16553916,0.6918049,0.6816934,0.229298,-0.064206995,-0.239308,0.9412925,-1.0,0
1763545167723,1009.78436,0.29671,4.9226346,7.5696945,0.1720348,-0.4147772,0.12186752,34.55625,3.5812502,9.150001,46.950733,0.3361091,49.741684,0.17612764,0.1640736,0.6914631,0.6811297,0.2305907,-0.06905815,-0.23828353,0.9408931,-1.0,0
1763545167749,1009.78436,0.92243314,4.612764,8.330014,0.08468113,-0.40683594,0.12996148,33.600002,2.71875,12.225,46.950733,0.3361091,49.741684,0.17996892,0.16263066,0.69142765,0.6805073,0.23135991,-0.07287074,-0.2368239,0.9407852,-1.0,0
1763545167774,1009.7724,1.599602,5.188836,8.059027,-0.19982915,0.25885394,0.11866048,33.487503,2.60625,8.53125,46.950733,0.3361091,49.741684,0.17978157,0.16107479,0.6941364,0.6781653,0.23035327,-0.072137944,-0.2278672,0.94329745,-1.0,0
1763545167800,1009.7587,1.7294126,5.3982077,8.322237,-0.25282165,0.38026333,0.085215636,35.11875,4.2562504,9.65625,46.950733,0.3361091,49.741684,0.17978157,0.16107479,0.6941364,0.6781653,0.23035327,-0.072137944,-0.2278672,0.94329745,-1.0,0
1763545167824,1009.7587,0.99720883,5.4640107,8.053643,-0.20777038,0.23747368,0.021838415,35.756252,2.23125,8.625,46.950733,0.3361091,49.741684,0.1742179,0.16133174,0.6963094,0.67732817,0.22778717,-0.06702845,-0.22522023,0.94493175,-1.0,0
1763545167849,1009.7563,0.657428,5.1050873,8.758927,-0.14179699,-0.18493931,0.009926553,34.55625,3.80625,12.056251,46.950733,0.3361091,49.741684,0.17465757,0.15766448,0.6964202,0.67796427,0.22488609,-0.06920691,-0.22538571,0.94543004,-1.0,0
1763545167874,1009.7675,0.3068795,5.003392,9.049057,-0.12133302,-0.09392046,0.03497201,35.287502,3.6562502,9.825001,46.950733,0.3361091,49.741684,0.17435914,0.15652321,0.6968228,0.6778918,0.22375996,-0.06951338,-0.2250241,0.94576085,-1.0,0
1763545167900,1009.7675,-0.060418773,5.0530434,9.140582,-0.11064288,0.12568542,0.09025527,33.768753,4.8562503,11.00625,46.950733,0.3361091,49.741684,0.17272589,0.15690662,0.6979456,0.67706573,0.22325283,-0.06791234,-0.2237307,0.94630367,-1.0,0
1763545167925,1009.76263,-0.51086766,5.538188,8.269595,0.04176788,0.14294235,0.16615522,34.4625,3.9375002,10.51875,46.950733,0.3361091,49.741684,0.17117676,0.15916428,0.70044583,0.6743448,0.22365908,-0.06579877,-0.22197416,0.9467706,-1.0,0
1763545167951,1009.76263,-0.37746778,5.588437,7.905886,0.017791437,-0.11560616,0.1499673,36.91875,2.9625,9.543751,46.950733,0.3361091,49.741684,0.17246644,0.15822782,0.70102227,0.6736372,0.22438467,-0.06546959,-0.22030061,0.9470126,-1.0,0
1763545167978,1009.7668,-0.011365907,5.3736815,8.660822,-0.093996815,-0.16019928,0.10461059,33.487503,4.8375,9.637501,46.950733,0.3361091,49.741684,0.17283213,0.15685038,0.7015022,0.6733659,0.22324859,-0.06806657,-0.21887599,0.9474283,-1.0,0
1763545168004,1009.7807,-0.62093747,5.4346986,9.670592,0.014278964,0.21792601,0.12415826,32.831253,3.8812501,11.475,46.950733,0.3361091,49.741684,0.17067865,0.1587863,0.70342124,0.6714569,0.22276443,-0.06675275,-0.21798947,0.94784,-1.0,0
1763545168029,1009.7807,-0.2757728,5.802595,8.961121,0.2163225,0.031306818,0.1508836,34.800003,2.7375002,10.856251,46.950733,0.3361091,49.741684,0.17270541,0.16031022,0.70384043,0.67013586,0.22613358,-0.066258095,-0.21520983,0.94771206,-1.0,0
1763545168054,1009.77045,0.18664017,6.1040907,7.8287177,0.28229588,-0.17272201,0.0858265,35.925003,3.9562502,11.137501,46.950733,0.3361091,49.741684,0.17584217,0.16101518,0.70340645,0.6696066,0.22834729,-0.06858478,-0.2149498,0.9470746,-1.0,0
1763545168079,1009.7668,-0.2620141,5.896513,8.160722,-0.20502149,0.23319763,-0.14859286,35.86875,2.1000001,9.5625,46.950733,0.3361091,49.741684,0.1726748,0.16228706,0.7024917,0.6710825,0.22784352,-0.06512293,-0.21631195,0.94713014,-1.0,0
1763545168104,1009.7668,-0.8213364,5.629115,9.550952,-0.21418446,0.44715303,-0.12034036,38.287502,3.9750001,9.806251,46.950733,0.3361091,49.741684,0.16844405,0.16464002,0.70277274,0.67129034,0.22769132,-0.06030249,-0.21642284,0.94746053,-1.0,0
1763545168130,1009.7697,-0.8386843,5.6739807,9.599406,0.039935283,0.37384924,-0.042455103,34.706253,4.4625,10.6125,46.950733,0.3361091,49.741684,0.1669635,0.16768014,0.7028426,0.67083436,0.22953263,-0.057517156,-0.21617582,0.9472458,-1.0,0
1763545168155,1009.75604,-0.18364914,5.9521465,7.9770727,0.40324712,-0.14492767,-0.034666575,35.4375,2.9250002,10.1625,46.950733,0.3361091,49.741684,0.17288977,0.17231323,0.70085496,0.67023844,0.23653296,-0.060290042,-0.21690574,0.9451821,-1.0,0
1763545168180,1009.75604,-0.23688944,5.8271213,7.426125,0.34903285,-0.077121675,-0.06536253,35.775,2.4562502,10.012501,46.950733,0.3361091,49.741684,0.17522568,0.17472734,0.6997532,0.670158,0.23980679,-0.061044104,-0.21733584,0.94420946,-1.0,0
1763545168205,1009.7414,-0.43489552,5.8971114,7.3453674,0.23556472,0.14156792,-0.07147118,34.66875,2.1000001,10.9125,46.950733,0.3361091,49.741684,0.17544779,0.17783305,0.69915277,0.6699096,0.24259794,-0.05960507,-0.21727599,0.94360197,-1.0,0
1763545168234,1009.7419,-0.59700924,6.0233326,7.6977105,0.31360272,0.08429934,-0.02535089,34.10625,1.3125,9.01875,46.950733,0.3361091,49.741684,0.17768207,0.1841347,0.6978997,0.66892415,0.24914737,-0.058327556,-0.21718907,0.94199383,-1.0,0
1763545168259,1009.7419,-0.2847459,6.133403,7.432107,0.41363183,-0.094378605,-0.045509428,35.15625,0.7875,9.543751,46.950733,0.3361091,49.741684,0.18129,0.18654454,0.69643235,0.6688176,0.25307268,-0.0601593,-0.21772538,0.94070756,-1.0,0
1763545168285,1009.74677,-0.5509474,6.343373,7.203593,0.3589594,-0.15347977,-0.100945406,35.550003,1.0875001,7.6312504,46.950733,0.3361091,49.741684,0.18420482,0.18840824,0.6948414,0.6691535,0.25617573,-0.06166892,-0.21868478,0.93954664,-1.0,0
1763545168310,1009.74677,-0.66041905,6.3535423,8.469396,0.03901899,0.13423753,-0.16203189,34.912502,-0.4875,9.1875,46.950733,0.3361091,49.741684,0.18371989,0.1921057,0.6926918,0.67046285,0.25909317,-0.059399642,-0.22106065,0.9383361,-1.0,0
1763545168335,1009.7631,-1.1850454,6.1214385,9.206984,0.08086322,0.11514801,-0.14538582,36.0,1.3687501,9.731251,46.950733,0.3361091,49.741684,0.18359521,0.19396307,0.6917288,0.67095643,0.26060915,-0.05841012,-0.2222256,0.937703,-1.0,0
1763545168360,1009.77875,-1.4273187,6.0233326,9.192028,0.2022726,-0.011453714,-0.05650499,33.600002,0.375,10.200001,46.950733,0.3361091,49.741684,0.18519968,0.19550799,0.6909563,0.67086303,0.2627342,-0.05910193,-0.22291344,0.93690306,-1.0,0
1763545168385,1009.77875,-1.1994023,6.070591,8.9521475,0.29130614,-0.11728604,0.049174614,33.9375,-0.95625,8.85,46.950733,0.3361091,49.741684,0.18794565,0.19688603,0.6905122,0.67015314,0.26530218,-0.06084754,-0.22285275,0.9360817,-1.0,0
1763545168410,1009.7836,-0.6161518,6.5228343,8.208578,0.16668972,-0.18814635,0.12614357,36.5625,0.45000002,8.493751,46.950733,0.3361091,49.741684,0.19318053,0.19748427,0.6904733,0.66852665,0.26847693,-0.06510683,-0.2217059,0.9351619,-1.0,0
1763545168435,1009.78534,-0.061615184,6.571289,8.405986,0.036880963,-0.1886045,0.057879437,36.84375,-1.1437501,8.400001,46.950733,0.3361091,49.741684,0.1945365,0.19661921,0.6902392,0.6686302,0.26843533,-0.06667851,-0.22178936,0.9350433,-1.0,0
1763545168460,1009.78534,-0.16570297,6.422934,8.383254,-0.112017326,-0.14126249,-0.04886918,34.256252,-1.5375,9.46875,46.950733,0.3361091,49.741684,0.1944877,0.19508901,0.6897522,0.6695944,0.2670988,-0.06740477,-0.22281782,0.9351294,-1.0,0
1763545168485,1009.8012,-0.19142582,5.7607207,9.771091,-0.23816091,-0.06017018,-0.13515383,34.275,-2.15625,9.337501,46.950733,0.3361091,49.741684,0.19214565,0.19184482,0.68854463,0.6724448,0.26500028,-0.067187205,-0.22437605,0.9353695,-1.0,0
1763545168510,1009.8012,0.19561325,5.307879,10.308878,-0.06330086,-0.17134757,-0.10140356,35.5875,-0.65625,9.900001,46.950733,0.3361091,49.741684,0.19314918,0.19065991,0.68759745,0.6734627,0.26258492,-0.06860735,-0.22755909,0.93517864,-1.0,0
1763545168535,1009.80634,0.79501534,4.939384,9.910473,0.15309799,-0.20509785,-0.077121675,34.256252,-1.5375,9.46875,46.950733,0.3361091,49.741684,0.19539188,0.19072753,0.68641865,0.6739989,0.26376998,-0.07057178,-0.2288745,0.9343776,-1.0,0
1763545168561,1009.7924,0.62751776,4.72403,8.054241,0.38018698,0.050243627,-0.10598504,34.987503,-1.35,11.08125,46.950733,0.3361091,49.741684,0.19951041,0.19549826,0.68388665,0.6739993,0.2664654,-0.07148162,-0.229809,0.93331367,-1.0,0
1763545168586,1009.7924,0.83389866,4.63071,7.222137,0.393626,0.016798781,-0.11331542,37.03125,-2.3812501,8.606251,46.950733,0.3361091,49.741684,0.20183523,0.19804102,0.6823716,0.67410034,0.2699668,-0.07170706,-0.23027526,0.9321745,-1.0,0
1763545168611,1009.77606,0.9272188,4.3962135,6.882356,0.28000516,-0.07864884,-0.17867795,33.1875,-1.6500001,10.05,46.950733,0.3361091,49.741684,0.20378716,0.19922666,0.680499,0.6750559,0.27537084,-0.07342601,-0.23273025,0.92984736,-1.0,0
1763545168637,1009.78265,0.72263247,4.2981076,7.990233,0.033826638,-0.13439025,-0.2150244,33.393753,-2.1375,10.05,46.950733,0.3361091,49.741684,0.20554811,0.19864228,0.6770669,0.6781383,0.27577975,-0.075195245,-0.23698811,0.9285084,-1.0,0
1763545168662,1009.78265,0.7088737,4.564309,7.9884386,-0.04253146,-0.1357647,-0.20479241,35.25,-3.075,10.5375,46.950733,0.3361091,49.741684,0.2056003,0.19748785,0.6756349,0.6798856,0.2748163,-0.07582177,-0.23919412,0.92817736,-1.0,0
1763545168687,1009.7778,0.53659046,4.6761737,8.19123,-0.1268308,-0.12583815,-0.21364996,35.34375,-3.3000002,10.387501,46.950733,0.3361091,49.741684,0.20504937,0.1960585,0.674336,0.68175274,0.27329734,-0.076110125,-0.24157004,0.9279869,-1.0,0
1763545168712,1009.7736,0.046660043,4.706084,8.559725,-0.13034327,-0.06307179,-0.18341215,35.550003,-3.7875001,10.06875,46.950733,0.3361091,49.741684,0.2042474,0.19524887,0.6734157,0.6831341,0.27217713,-0.07588624,-0.2434047,0.9278551,-1.0,0
1763545168737,1009.7736,-0.1160519,4.97408,7.1503525,0.08620829,0.050396346,-0.018631376,38.60625,-4.0687504,7.6125,46.950733,0.3361091,49.741684,0.20411567,0.1964971,0.67284304,0.68337977,0.27315632,-0.07523251,-0.24423768,0.92740154,-1.0,0
1763545168762,1009.76483,0.42412782,5.148756,6.9882383,0.033979353,-0.02367101,-0.009162972,35.71875,-2.8875,10.012501,46.950733,0.3361091,49.741684,0.20468087,0.19645168,0.6725115,0.6835501,0.2734136,-0.07571357,-0.24445786,0.92722857,-1.0,0
1763545168788,1009.76483,0.421735,5.058427,7.4853473,0.055512335,-0.11560616,-0.05589413,34.068752,-3.80625,10.387501,46.950733,0.3361091,49.741684,0.20599443,0.19624285,0.6717314,0.6839824,0.2739079,-0.07693785,-0.24518776,0.9267891,-1.0,0
1763545168813,1009.7531,0.32243285,5.1296134,6.942775,0.15920663,0.006872229,0.018784093,33.318752,-3.15,11.3625,46.950733,0.3361091,49.741684,0.20846729,0.1978371,0.6710614,0.6834314,0.27652088,-0.0783221,-0.24529667,0.9258679,-1.0,0
1763545168838,1009.73553,0.91525465,5.576473,7.119844,0.20044,-0.046425723,0.037262753,33.35625,-4.6125,8.19375,46.950733,0.3361091,49.741684,0.21058036,0.19879322,0.6706686,0.6828915,0.27843487,-0.07960431,-0.24487631,0.92529607,-1.0,0
1763545168863,1009.73553,0.84167534,5.837889,6.9385877,0.28855726,-0.13362667,-0.007941242,32.287502,-4.5,11.85,46.950733,0.3361091,49.741684,0.21381472,0.19972153,0.66967994,0.6825858,0.28090522,-0.0818394,-0.24488024,0.9243529,-1.0,0
1763545168888,1009.72797,0.91226363,5.986842,6.245267,0.2749655,-0.1754709,-0.025198173,32.643753,-4.96875,11.83125,46.950733,0.3361091,49.741684,0.21665691,0.20033984,0.6686295,0.68253815,0.2829122,-0.0838865,-0.24511205,0.9234955,-1.0,0
1763545168913,1009.75116,0.57547385,5.956932,8.370692,-0.008781182,-0.13271037,-0.21899502,34.03125,-5.55,9.09375,46.950733,0.3361091,49.741684,0.21872757,0.19988994,0.6655557,0.68500936,0.28367752,-0.08558504,-0.24779451,0.9223883,-1.0,0
1763545168939,1009.75116,-0.19262223,5.7726846,10.1497555,0.1589012,-0.2432769,-0.18066326,32.7,-4.70625,11.19375,46.950733,0.3361091,49.741684,0.22144501,0.20010431,0.66360664,0.6859639,0.28523812,-0.08785706,-0.24976481,0.9211612,-1.0,0
1763545168964,1009.77484,-0.36909288,5.913263,10.212567,0.45639235,-0.17989968,-0.06902772,32.006252,-5.15625,12.843751,46.950733,0.3361091,49.741684,0.22549033,0.20233017,0.6619919,0.6855534,0.28917047,-0.0903538,-0.250748,0.91942483,-1.0,0
1763545168989,1009.77484,0.29312077,6.0514483,7.13121,0.35498878,0.13836087,-0.027488915,33.112503,-7.0312505,10.9875,46.950733,0.3361091,49.741684,0.22950019,0.20884101,0.66045165,0.6837535,0.2967749,-0.090606585,-0.25040638,0.91706693,-1.0,0
1763545169014,1009.7834,0.030508488,6.2691956,7.623533,0.022372922,0.2952004,-0.057879437,33.0,-7.65,10.40625,46.950733,0.3361091,49.741684,0.22724345,0.21089795,0.6608737,0.6834679,0.2973777,-0.08765862,-0.25007746,0.9172479,-1.0,0
1763545169039,1009.8088,-0.36729828,6.640083,9.493524,-0.087888174,0.3110829,0.013286309,34.631252,-6.0,11.231251,46.950733,0.3361091,49.741684,0.22534962,0.21233097,0.6618099,0.68274504,0.29764035,-0.08530584,-0.24900036,0.91767746,-1.0,0
1763545169065,1009.8088,0.116650105,7.7072816,8.624331,0.34032804,-0.41630435,0.27305657,36.28125,-7.425,9.13125,46.950733,0.3361091,49.741684,0.23353106,0.2111179,0.66234595,0.6798458,0.29931164,-0.08696092,-0.24742803,0.91740376,-1.0,0
1763545169090,1009.8132,1.5481563,7.797013,8.008179,0.14928009,-0.69226253,0.18539746,31.800001,-8.418751,12.281251,46.950733,0.3361091,49.741684,0.2386557,0.20697536,0.66152215,0.680142,0.29981074,-0.09954322,-0.24709953,0.91604936,-1.0,0
1763545169115,1009.83734,1.7324036,6.9062843,8.793025,-0.27084216,-0.29672757,-0.026419902,31.237501,-7.5937505,11.681251,46.950733,0.3361091,49.741684,0.23714577,0.20412245,0.66158533,0.6814696,0.2966274,-0.09958044,-0.24783501,0.91688263,-1.0,0
1763545169140,1009.83734,-1.1276177,5.3653064,10.317253,-0.45929396,0.9144646,-0.0073303776,33.506252,-7.1250005,12.637501,46.950733,0.3361091,49.741684,0.22052608,0.20814838,0.6666284,0.6809178,0.29325026,-0.09167465,-0.24697289,0.91902363,-1.0,0
1763545169165,1009.83954,-1.2394822,5.264808,9.7399845,-0.0561232,0.3715585,0.16081016,33.956253,-6.5625005,10.087501,46.950733,0.3361091,49.741684,0.21963541,0.20922452,0.6681348,0.67939776,0.2915774,-0.083307356,-0.2450078,0.92087656,-1.0,0
1763545169190,1009.83954,-0.7160522,5.221139,7.966903,0.29833108,-0.29550585,0.21670428,33.73125,-6.95625,10.293751,46.950733,0.3361091,49.741684,0.22420482,0.20840347,0.66809106,0.67819947,0.2935383,-0.086804815,-0.24338119,0.92036176,-1.0,0
1763545169215,1009.80853,-0.20039889,5.159524,5.9874406,0.20914483,-0.38438666,0.19013166,35.7,-5.25,9.056251,46.950733,0.3361091,49.741684,0.22730984,0.20679504,0.66823196,0.6775191,0.29369083,-0.09044141,-0.24317908,0.9200163,-1.0,0
1763545169240,1009.8078,-0.16749759,4.5619164,7.7090764,-0.4267654,0.16019928,0.084757484,35.643753,-6.8812504,10.556251,46.950733,0.3361091,49.741684,0.22195105,0.2033593,0.671156,0.6774455,0.2879945,-0.087615274,-0.24175104,0.92246366,-1.0,0
1763545169265,1009.8078,-0.27996024,4.386044,8.437691,-0.29542947,0.19013166,0.06902772,33.80625,-6.4500003,11.34375,46.950733,0.3361091,49.741684,0.21923582,0.20263556,0.6724656,0.6772477,0.28595158,-0.08577412,-0.24132833,0.92338246,-1.0,0
1763545169290,1009.79926,-0.62931234,4.462614,7.8000035,-0.09063706,-0.011453714,0.083230324,34.18125,-7.65,10.125,46.950733,0.3361091,49.741684,0.21929315,0.20147876,0.67303896,0.67700475,0.28493047,-0.08658984,-0.24140559,0.92360175,-1.0,0
1763545169315,1009.7829,-0.44626144,4.5475593,7.166504,-0.042684175,-0.1414152,0.17195843,33.73125,-7.4625,12.337501,46.950733,0.3361091,49.741684,0.22104394,0.19855034,0.6745086,0.6758369,0.2831951,-0.089906566,-0.24070156,0.92400223,-1.0,0
1763545169340,1009.7829,-0.2111666,4.7395835,7.5236325,-0.041462447,-0.0015271619,0.16844596,34.29375,-7.0312505,10.387501,46.950733,0.3361091,49.741684,0.22091621,0.19816391,0.6756519,0.6748493,0.28275624,-0.090121046,-0.23969136,0.9243783,-1.0,0
1763545169365,1009.7807,-0.062213387,5.0135617,7.5290165,0.0240528,0.019394957,0.1310305,34.631252,-6.9750004,8.493751,46.950733,0.3361091,49.741684,0.22114116,0.1983034,0.6763715,0.67401326,0.28296387,-0.090327635,-0.23887828,0.924505,-1.0,0
1763545169392,1009.7807,-0.8542377,5.3557353,7.7754774,0.13614649,0.11484258,0.0971275,34.537502,-8.118751,9.806251,46.950733,0.3361091,49.741684,0.22162671,0.20086889,0.6775021,0.6719555,0.28538808,-0.08955645,-0.23688354,0.9243481,-1.0,0
1763545169417,1009.7807,-0.96849495,5.9270215,7.2825556,0.2529744,0.12064579,0.17180572,40.0125,-8.025001,6.4500003,46.950733,0.3361091,49.741684,0.22284637,0.20313017,0.6783263,0.67003804,0.28789714,-0.08965261,-0.23541607,0.92393553,-1.0,0
1763545169442,1009.7751,-0.49232325,6.4067826,6.890133,0.26671883,0.02611447,0.18234314,35.568752,-9.618751,8.400001,46.950733,0.3361091,49.741684,0.22473751,0.20479155,0.6788138,0.668405,0.29026708,-0.09050713,-0.23395827,0.9234809,-1.0,0
1763545169471,1009.7751,-0.33379877,6.4905314,8.200203,0.22059855,-0.05818487,0.115911596,33.84375,-10.1625,8.606251,46.950733,0.3361091,49.741684,0.2289233,0.20702575,0.67902315,0.6660796,0.29430598,-0.09300283,-0.23188262,0.9224776,-1.0,0
1763545169496,1009.79364,0.2321038,6.5347986,8.518449,0.29054257,-0.15989386,0.15577053,37.537502,-9.056251,10.931251,46.950733,0.3361091,49.741684,0.23221931,0.20765488,0.678979,0.6647865,0.29649872,-0.09557659,-0.2309346,0.9217499,-1.0,0
1763545169521,1009.8022,0.82672024,6.625128,8.2678,0.24488042,-0.118202336,0.11911863,34.48125,-8.3625,9.825001,46.950733,0.3361091,49.741684,0.23427385,0.20835118,0.67902315,0.6638021,0.29814047,-0.09698816,-0.2300314,0.9212986,-1.0,0
1763545169546,1009.8022,0.45882374,7.422536,9.077771,-0.12759438,0.054366965,-0.050090913,34.6875,-10.837501,10.725,46.950733,0.3361091,49.741684,0.2328738,0.20825729,0.6791384,0.664206,0.2984136,-0.09628229,-0.22941348,0.9214383,-1.0,0
1763545169571,1009.82025,0.12562318,7.496115,10.207782,-0.13217586,-0.11377356,-0.114079,33.1875,-8.887501,10.931251,46.950733,0.3361091,49.741684,0.23290291,0.2068928,0.67825246,0.6655262,0.2962372,-0.09639463,-0.2314521,0.92161894,-1.0,0
1763545169596,1009.8427,0.31585258,7.210771,10.332807,-0.11140647,-0.23655738,-0.109650224,34.800003,-8.1,10.856251,46.950733,0.3361091,49.741684,0.23351622,0.20473261,0.67720836,0.6670408,0.29466873,-0.098059185,-0.23342286,0.9214491,-1.0,0
1763545169621,1009.8427,1.2430713,6.5922265,11.112866,-0.15431972,-0.2600757,-0.12064579,34.987503,-8.681251,10.106251,46.950733,0.3361091,49.741684,0.23366325,0.20251924,0.6761423,0.66874444,0.292824,-0.099331066,-0.23551534,0.92136854,-1.0,0
1763545169646,1009.8554,1.0001999,5.515456,10.35494,-0.027259842,0.22311836,-0.21151192,33.693752,-9.95625,11.400001,46.950733,0.3361091,49.741684,0.22999662,0.2038116,0.6746719,0.67110366,0.29192862,-0.09823695,-0.23713194,0.9213553,-1.0,0
1763545169671,1009.84784,0.7196414,5.3156557,9.430114,0.025427246,0.20693044,-0.20250167,33.3375,-8.981251,9.675,46.950733,0.3361091,49.741684,0.22860625,0.20530942,0.6737832,0.6720144,0.2926619,-0.09360458,-0.239678,0.92094606,-1.0,0
1763545169697,1009.84784,0.67178494,4.883153,9.104691,0.11950042,0.040622506,-0.19318599,35.737503,-8.493751,11.56875,46.950733,0.3361091,49.741684,0.2290704,0.20641798,0.6723922,0.67290944,0.2938439,-0.09347404,-0.24124327,0.92017394,-1.0,0
1763545169723,1009.82635,0.9523434,4.537988,7.676773,0.2758818,-0.15729769,0.03375028,32.775,-10.293751,10.125,46.950733,0.3361091,49.741684,0.23385684,0.20749897,0.67079,0.67252946,0.29550028,-0.094787724,-0.2420993,0.91928387,-1.0,0
1763545169748,1009.82635,1.8526429,4.718048,6.9481587,0.2531271,-0.26160285,0.046883874,34.95,-9.46875,12.468751,46.950733,0.3361091,49.741684,0.2373574,0.20681156,0.6699006,0.6724014,0.29715565,-0.09717702,-0.24208775,0.9185035,-1.0,0
1763545169773,1009.78876,2.0428724,4.944768,6.1178493,0.1645517,-0.34559676,-0.07589995,31.687502,-9.675,12.20625,46.950733,0.3361091,49.741684,0.24034545,0.20539433,0.668227,0.6734388,0.29867122,-0.10367394,-0.24365379,0.9168861,-1.0,0
1763545169798,1009.75385,0.8913264,5.043472,5.669195,-0.3108538,0.11331542,-0.32360563,32.662502,-9.09375,13.762501,46.950733,0.3361091,49.741684,0.23636311,0.20396444,0.66551864,0.6779498,0.29553923,-0.10062593,-0.24788043,0.9171076,-1.0,0
1763545169823,1009.75385,0.21834506,4.8490553,6.6000032,-0.41928232,0.44073895,-0.33063057,32.325,-11.3625,14.868751,46.950733,0.3361091,49.741684,0.23011516,0.2052842,0.66529393,0.67991865,0.29353914,-0.094495334,-0.24946073,0.91797316,-1.0,0
1763545169848,1009.7353,-0.31106696,5.0105705,7.1766734,-0.2870301,0.47311476,-0.27259842,33.487503,-10.856251,12.543751,46.950733,0.3361091,49.741684,0.22543153,0.20714046,0.66503197,0.68117976,0.29276687,-0.0895216,-0.2506967,0.9183815,-1.0,0
1763545169873,1009.7153,-0.27756742,5.331807,6.623333,0.27420193,-0.16951497,-0.09407318,32.0625,-9.993751,12.0375,46.950733,0.3361091,49.741684,0.2283254,0.20928355,0.6623821,0.6821421,0.2960483,-0.09103563,-0.25318888,0.9164951,-1.0,0
1763545169898,1009.7153,-0.16570297,5.4634123,5.721837,0.32505643,-0.30894485,-0.03894263,33.956253,-10.6875,13.25625,46.950733,0.3361091,49.741684,0.23216617,0.20948295,0.6608575,0.68226326,0.29816085,-0.09425677,-0.25409338,0.9152335,-1.0,0
1763545169923,1009.70355,0.19561325,5.6243296,5.7451673,0.17081307,-0.19792019,-0.032070402,33.54375,-12.093751,11.85,46.950733,0.3361091,49.741684,0.2339801,0.20960392,0.6599015,0.6825317,0.29919508,-0.09572252,-0.25469363,0.91457677,-1.0,0
1763545169948,1009.70355,0.21894327,5.6560345,6.84766,0.023900084,0.009315688,-0.093615025,32.25,-12.6,13.2375,46.950733,0.3361091,49.741684,0.23368055,0.21044393,0.6592557,0.68299985,0.29978842,-0.094974436,-0.25522736,0.91431165,-1.0,0
1763545169973,1009.7194,-0.15732808,6.012565,8.303095,0.21998768,0.020616686,0.032223117,32.71875,-11.681251,13.44375,46.950733,0.3361091,49.741684,0.23530065,0.21345763,0.6587011,0.6820427,0.30319142,-0.09489749,-0.25483838,0.91330546,-1.0,0
1763545169998,1009.73236,0.3475575,6.45105,7.8257265,0.4182133,-0.20127994,0.09193515,33.075,-12.900001,13.012501,46.950733,0.3361091,49.741684,0.2398368,0.21441542,0.65785533,0.68097776,0.30630186,-0.098360695,-0.25445452,0.9120073,-1.0,0
1763545170023,1009.73236,0.9421739,6.9092755,7.4650083,0.3835467,-0.3084867,0.06475167,33.956253,-12.168751,12.731251,46.950733,0.3361091,49.741684,0.24423862,0.2145365,0.65670204,0.68048805,0.30864948,-0.10204862,-0.25447568,0.91080385,-1.0,0
1763545170048,1009.76263,1.21017,7.062416,8.310871,0.20853396,-0.20525056,-0.028405212,32.90625,-11.53125,12.656251,46.950733,0.3361091,49.741684,0.24644843,0.21470752,0.6556574,0.6806447,0.30995515,-0.10374945,-0.25479186,0.91007966,-1.0,0
1763545170074,1009.79535,0.35653058,7.0396843,10.017552,0.0075594517,0.22479823,-0.09315688,32.0625,-12.750001,13.425,46.950733,0.3361091,49.741684,0.24441233,0.21745357,0.6552288,0.6809198,0.31133002,-0.100484185,-0.25489897,0.90994674,-1.0,0
1763545170098,1009.79535,-0.23988047,7.3190465,9.840483,0.05016727,0.27504188,-0.05070178,32.193752,-14.343751,13.031251,46.950733,0.3361091,49.741684,0.24295835,0.21947761,0.6555095,0.68052053,0.31232455,-0.098247334,-0.25453603,0.9099518,-1.0,0
1763545170123,1009.80756,-0.56410795,7.4530444,8.896515,0.0041996953,0.1461494,-0.0016798781,33.825,-12.075001,12.900001,46.950733,0.3361091,49.741684,0.24196288,0.21996434,0.65583307,0.6804063,0.3121928,-0.09729338,-0.2547135,0.91004986,-1.0,0
1763545170148,1009.80756,-0.0526421,6.0454664,10.869397,-0.28473935,-0.03176497,0.03619374,33.675003,-12.825001,13.25625,46.950733,0.3361091,49.741684,0.23883837,0.21660645,0.65714186,0.68132406,0.31021318,-0.0966546,-0.25589582,0.911348,-1.0,0
1763545170174,1009.8466,-0.18484555,5.0889354,12.031711,-0.11339177,0.091324285,0.09040799,33.35625,-12.243751,12.337501,46.950733,0.3361091,49.741684,0.23763853,0.21666954,0.6584214,0.6804877,0.30695763,-0.09588937,-0.2554247,0.91177875,-1.0,0
1763545170199,1009.83856,-0.26739794,5.0009995,10.082158,0.18944444,0.13790272,0.1999055,33.375,-12.8625,12.675,46.950733,0.3361091,49.741684,0.23829399,0.21775004,0.659747,0.6786272,0.30811375,-0.09625492,-0.2541694,0.9117011,-1.0,0
1763545170224,1009.83856,0.28055847,5.3180485,6.899106,-0.057192214,-0.12889247,0.08002329,32.90625,-11.53125,12.656251,46.950733,0.3361091,49.741684,0.23973621,0.21559228,0.66079825,0.67778474,0.3084901,-0.09822927,-0.25357956,0.91152745,-1.0,0
1763545170250,1009.82025,-0.28893334,5.0865426,6.9535427,-0.3749946,0.09040799,-0.027794348,33.1875,-13.125001,12.39375,46.950733,0.3361091,49.741684,0.23578203,0.21389657,0.6618312,0.67870075,0.30337954,-0.09646636,-0.25451288,0.9131694,-1.0,0
1763545170275,1009.82074,-1.0845468,4.752744,7.9369926,-0.565279,0.31642795,-0.0051923506,31.706251,-12.525001,12.056251,46.950733,0.3361091,49.741684,0.22969107,0.21257,0.6639072,0.67917836,0.29912454,-0.09202462,-0.2543699,0.91506934,-1.0,0
1763545170301,1009.82074,-1.2335001,4.525426,8.251649,-0.17707443,0.24159703,0.2547306,32.7,-13.406251,11.38125,46.950733,0.3361091,49.741684,0.22286555,0.21196815,0.66902745,0.6766112,0.29599768,-0.08812705,-0.2532855,0.916769,-1.0,0
1763545170326,1009.8049,-0.82612205,4.7210393,7.05105,0.101632625,-0.048411034,0.3620901,33.9,-10.931251,12.975,46.950733,0.3361091,49.741684,0.2249639,0.21137436,0.67093074,0.67421365,0.29500753,-0.08700643,-0.25139666,0.91771466,-1.0,0
1763545170351,1009.8049,-0.039481573,4.8269215,6.0598235,0.20334162,-0.23930627,0.3911062,33.018753,-11.887501,11.26875,46.950733,0.3361091,49.741684,0.22845732,0.21036564,0.6724498,0.6718369,0.2963124,-0.09298059,-0.24657449,0.9180167,-1.0,0
1763545170376,1009.77386,0.56470615,4.874778,5.6093745,-0.030314164,-0.04367683,0.2403753,33.3375,-11.7375,11.53125,46.950733,0.3361091,49.741684,0.23104514,0.2085424,0.67536604,0.66858727,0.29600143,-0.09620267,-0.24251913,0.9188649,-1.0,0
1763545170401,1009.757,0.35234314,5.0213385,6.5778694,-0.037644543,-0.015577052,0.13209951,32.23125,-12.843751,11.868751,46.950733,0.3361091,49.741684,0.23140533,0.20816429,0.6760962,0.6678421,0.2958368,-0.09675431,-0.24166693,0.9190845,-1.0,0
1763545170426,1009.757,-0.030508488,5.1583276,6.6735826,0.073685564,-0.0035124724,0.10079269,32.381252,-12.712501,13.087501,46.950733,0.3361091,49.741684,0.23228054,0.20857523,0.6765329,0.6669672,0.2965904,-0.09742704,-0.24105988,0.91892993,-1.0,0
1763545170452,1009.7297,-0.14476576,5.6279187,6.645467,0.14240785,-0.051923506,0.10598504,32.41875,-11.94375,10.70625,46.950733,0.3361091,49.741684,0.2339679,0.20893145,0.67672575,0.66606975,0.29770926,-0.09880552,-0.240473,0.91857463,-1.0,0
1763545170476,1009.72577,0.27996024,6.611369,7.745567,0.28015786,-0.111635536,0.11423171,31.9125,-12.88125,12.20625,46.950733,0.3361091,49.741684,0.23930116,0.21058585,0.67656183,0.6638167,0.3017387,-0.10278713,-0.2391516,0.9171669,-1.0,0
1763545170501,1009.72577,0.41575295,6.821339,7.6983085,0.3192532,-0.033139415,0.08857539,33.84375,-14.2875,11.625,46.950733,0.3361091,49.741684,0.24166152,0.2123697,0.67631835,0.66264045,0.30443853,-0.104011364,-0.2384465,0.91631985,-1.0,0
1763545170526,1009.7365,0.39361933,6.9619174,8.0614195,0.22502731,-0.013286309,0.033139415,32.68125,-13.425,12.468751,46.950733,0.3361091,49.741684,0.24313225,0.21365388,0.6759656,0.66204935,0.306266,-0.10470148,-0.23826765,0.91567856,-1.0,0
1763545170551,1009.7365,0.30269206,7.140183,9.050852,0.13309216,0.0042760535,-0.011453714,33.84375,-12.056251,11.493751,46.950733,0.3361091,49.741684,0.24383147,0.21470991,0.6755968,0.6618269,0.30750653,-0.10485155,-0.23846209,0.9151949,-1.0,0
1763545170577,1009.7609,-0.036490545,7.921439,9.707084,0.04344776,0.14401138,-0.074067354,32.4375,-13.200001,11.868751,46.950733,0.3361091,49.741684,0.24263649,0.2175502,0.6750832,0.6618626,0.309319,-0.10257838,-0.2392673,0.9146314,-1.0,0
1763545170602,1009.7878,-0.31286156,7.6983085,9.803992,0.03214676,0.16982041,-0.05742129,31.800001,-13.500001,11.493751,46.950733,0.3361091,49.741684,0.24169074,0.21894549,0.6750329,0.66179985,0.31000498,-0.101234555,-0.23973912,0.9144253,-1.0,0
1763545170628,1009.7878,0.2644069,7.5583286,9.280562,-0.023136504,-0.028252495,-0.033444848,32.90625,-14.512501,12.20625,46.950733,0.3361091,49.741684,0.24183166,0.21807171,0.67456794,0.66251063,0.30925605,-0.101973146,-0.24112721,0.91423184,-1.0,0
1763545170653,1009.8239,1.585245,6.183652,10.48176,-0.35422522,-0.13026692,-0.24022257,34.74375,-13.44375,11.175,46.950733,0.3361091,49.741684,0.23926231,0.21274215,0.67248964,0.6672721,0.3033188,-0.10248598,-0.24660408,0.91470253,-1.0,0
1763545170678,1009.8405,0.8530413,5.3132625,10.998011,-0.34109163,0.26572618,-0.2773326,32.71875,-14.6625,12.375001,46.950733,0.3361091,49.741684,0.23443381,0.21315734,0.67238283,0.6689589,0.30126354,-0.098160766,-0.24835046,0.9153834,-1.0,0
1763545170703,1009.8405,-0.0029910284,4.842475,10.34836,-0.10682498,0.44516772,-0.16539164,34.143753,-13.51875,11.25,46.950733,0.3361091,49.741684,0.23089086,0.2154872,0.6727423,0.6690833,0.30147412,-0.09412053,-0.24886233,0.9155994,-1.0,0
1763545170728,1009.81903,0.73519474,4.6821556,7.3974113,0.27221662,-0.40500334,0.054519683,35.2125,-13.406251,10.5,46.950733,0.3361091,49.741684,0.23660591,0.21493803,0.67123115,0.66878104,0.3029862,-0.094590485,-0.24930945,0.9149299,-1.0,0
1763545170753,1009.79755,1.6534405,4.4165525,6.9505515,0.14332415,-0.5516109,-0.014508039,32.100002,-14.85,12.3,46.950733,0.3361091,49.741684,0.24023716,0.21215905,0.6697608,0.6698471,0.30301023,-0.10445166,-0.2526931,0.91291887,-1.0,0
1763545170778,1009.79755,1.5798612,4.269394,6.6155562,-0.13080142,-0.20311254,-0.09468404,33.956253,-15.150001,11.981251,46.950733,0.3361091,49.741684,0.23956951,0.21003932,0.66932267,0.6711908,0.30084082,-0.10490398,-0.25404307,0.91320974,-1.0,0
1763545170803,1009.78094,0.63828546,4.511069,7.2969127,-0.2720639,0.0003054324,-0.18631376,32.5875,-13.293751,10.931251,46.950733,0.3361091,49.741684,0.23513952,0.20669237,0.6684391,0.674668,0.29791924,-0.10328221,-0.25563544,0.91390777,-1.0,0
1763545170828,1009.78094,0.33379877,4.6301117,6.638288,-0.110490166,-0.18081598,-0.1583667,32.34375,-13.70625,12.20625,46.950733,0.3361091,49.741684,0.23554613,0.20495263,0.66720766,0.6762739,0.2957246,-0.102758326,-0.25768593,0.91410375,-1.0,0
1763545170853,1009.75726,0.4863412,4.752146,6.2757754,-0.08223767,-0.17409647,-0.13286309,32.0625,-13.500001,14.08125,46.950733,0.3361091,49.741684,0.23547155,0.20384024,0.66629225,0.6775374,0.29335,-0.10461103,-0.26173374,0.9135085,-1.0,0
1763545170879,1009.74286,0.3397808,5.0255256,6.7758756,-0.05627592,0.15241076,-0.060017463,32.193752,-15.31875,10.012501,46.950733,0.3361091,49.741684,0.23276472,0.20489137,0.66621214,0.6782341,0.29272953,-0.10318394,-0.26253143,0.9136409,-1.0,0
1763545170904,1009.74286,0.2632105,5.3353963,6.5407805,0.06345358,0.0140498895,-0.047952887,32.4,-14.19375,11.00625,46.950733,0.3361091,49.741684,0.23343584,0.20536761,0.665675,0.6783868,0.2928747,-0.1019033,-0.2628969,0.91363305,-1.0,0
1763545170930,1009.72943,0.32362926,5.5184474,6.187241,0.11339177,-0.09911281,-0.03405571,32.025,-13.968751,10.106251,46.950733,0.3361091,49.741684,0.23487473,0.20558904,0.6649966,0.67848843,0.2945002,-0.10345341,-0.26388988,0.9126495,-1.0,0
1763545170955,1009.7226,0.36670008,5.599803,6.323034,0.12286018,-0.06383537,-0.008399391,33.05625,-14.625001,10.650001,46.950733,0.3361091,49.741684,0.23618239,0.2062379,0.66459054,0.6782354,0.29569495,-0.10431056,-0.26398456,0.9121381,-1.0,0
1763545170981,1009.7226,0.8321041,6.253642,6.769295,0.09582941,-0.0010690134,0.024129158,32.15625,-15.337501,11.868751,46.950733,0.3361091,49.741684,0.23813917,0.20772067,0.6643889,0.67729557,0.29795673,-0.10526117,-0.26318976,0.9115224,-1.0,0
1763545171006,1009.7319,0.69152576,6.4348984,7.70788,0.11308634,-0.014660755,-0.012064579,34.3875,-14.475,11.118751,46.950733,0.3361091,49.741684,0.23939545,0.20844236,0.6639324,0.67707855,0.29920116,-0.106004976,-0.26323915,0.91101414,-1.0,0
1763545171031,1009.7319,0.4139583,6.4408803,8.408379,0.21219915,-0.07956514,0.0030543238,31.85625,-15.6,9.28125,46.950733,0.3361091,49.741684,0.24167313,0.20937003,0.6633206,0.67658263,0.3011175,-0.1075637,-0.2632027,0.9102102,-1.0,0
1763545171056,1009.7526,1.2981063,6.83091,8.765508,0.20761767,-0.057574004,-0.015577052,33.225002,-15.95625,10.40625,46.950733,0.3361091,49.741684,0.24562718,0.21129993,0.6620483,0.67580456,0.30472535,-0.11010373,-0.2632848,0.9086808,-1.0,0
1763545171081,1009.7685,1.0612168,6.835098,9.097511,0.08498656,0.12583815,-0.09926552,31.050001,-14.962501,12.4125,46.950733,0.3361091,49.741684,0.24481665,0.21282914,0.6616533,0.67600554,0.30565134,-0.10866778,-0.2637175,0.9084171,-1.0,0
1763545171106,1009.7685,0.24107689,7.016354,9.553345,-0.017180571,0.22678354,-0.12324197,32.23125,-17.081251,12.58125,46.950733,0.3361091,49.741684,0.24294499,0.21428975,0.6615516,0.67631876,0.3059909,-0.10635759,-0.26415196,0.90845,-1.0,0
1763545171131,1009.7983,-0.4331009,7.20778,9.285348,-0.31512988,0.14370593,-0.028863361,31.29375,-16.800001,11.26875,46.950733,0.3361091,49.741684,0.23703907,0.21349071,0.6627542,0.6774888,0.30229208,-0.101908304,-0.26549098,0.90980697,-1.0,0
1763545171157,1009.8354,0.20398813,6.5288167,10.799407,-0.5319869,0.06276636,-0.10598504,34.331253,-14.85,10.51875,46.950733,0.3361091,49.741684,0.23264226,0.21085213,0.663141,0.67945796,0.29779658,-0.09948979,-0.2673837,0.91100216,-1.0,0
1763545171181,1009.8354,-0.5168497,5.7260246,12.641282,-0.45089456,0.20066908,-0.13423753,32.268753,-15.69375,9.8625,46.950733,0.3361091,49.741684,0.2280478,0.210126,0.6638897,0.6805084,0.29484284,-0.09605435,-0.2685941,0.911975,-1.0,0
1763545171206,1009.86127,-1.1246266,5.3156557,12.009577,-0.07322741,0.32375833,0.044898562,33.037502,-15.375001,11.15625,46.950733,0.3361091,49.741684,0.22587517,0.21158822,0.6652241,0.6794761,0.29493597,-0.093818575,-0.26819938,0.9122938,-1.0,0
1763545171231,1009.84174,-0.12083755,5.462216,7.990233,0.26458082,-0.26664248,0.2319759,32.0625,-15.20625,10.1625,46.950733,0.3361091,49.741684,0.23131323,0.21126719,0.66639596,0.67659205,0.29709885,-0.09935753,-0.26706222,0.9113386,-1.0,0
1763545171256,1009.84174,0.041874398,5.261817,6.8536425,0.05627592,-0.23793183,0.15500695,32.831253,-16.5,9.84375,46.950733,0.3361091,49.741684,0.23266043,0.20950851,0.6669213,0.6761592,0.296173,-0.101519704,-0.26682764,0.9114704,-1.0,0
1763545171281,1009.8317,0.03708875,4.939384,6.8392854,-0.27740896,-0.06780599,0.12553272,33.600002,-16.425001,9.3,46.950733,0.3361091,49.741684,0.23077002,0.20693776,0.66836166,0.6761765,0.2929793,-0.1011986,-0.26639727,0.9126634,-1.0,0
1763545171306,1009.8317,0.4235296,4.197609,8.376076,-0.32444555,0.15103632,0.114079,33.1875,-15.468751,9.6,46.950733,0.3361091,49.741684,0.22459368,0.20338863,0.67195815,0.67576844,0.28921533,-0.099297695,-0.26575777,0.91425776,-1.0,0
1763545171331,1009.8234,0.17288144,4.0157547,7.3232336,-0.10942116,0.03619374,0.10002911,33.037502,-15.6,9.0,46.950733,0.3361091,49.741684,0.22414081,0.20239763,0.6728684,0.6753105,0.2856557,-0.09800364,-0.2647153,0.9158176,-1.0,0
1763545171356,1009.79535,0.31286156,3.9882371,6.530013,-0.011530072,-0.115453444,0.12064579,31.462502,-16.650002,11.08125,46.950733,0.3361091,49.741684,0.22508948,0.20115553,0.6733932,0.6748428,0.28497997,-0.09957524,-0.26450148,0.9159204,-1.0,0
1763545171382,1009.79535,0.5814559,4.4596233,5.858228,-0.06864593,0.060017463,0.027947064,32.325,-14.681251,9.95625,46.950733,0.3361091,49.741684,0.22447325,0.2003283,0.6743131,0.67437536,0.28451726,-0.10046633,-0.2642225,0.91604745,-1.0,0
1763545171407,1009.7734,0.053240303,4.6815577,6.466005,-0.13660464,0.16615522,-0.022143848,32.86875,-16.25625,11.231251,46.950733,0.3361091,49.741684,0.22251207,0.20066766,0.6747681,0.67446935,0.2839129,-0.09956476,-0.26406106,0.91637987,-1.0,0
1763545171432,1009.7673,-0.51086766,4.807779,7.27777,-0.06146827,0.17501275,-0.0025961753,32.68125,-17.15625,11.2875,46.950733,0.3361091,49.741684,0.22134678,0.20160465,0.6752363,0.6741047,0.28345782,-0.09638734,-0.26394805,0.9168929,-1.0,0
1763545171457,1009.7673,-0.6628119,5.0548377,7.5547395,0.15431972,0.023212861,0.0923933,31.650002,-17.25,10.63125,46.950733,0.3361091,49.741684,0.22306573,0.20258488,0.67544776,0.6730314,0.28507173,-0.097637504,-0.2636093,0.9163576,-1.0,0
1763545171482,1009.7668,0.038285162,6.113064,7.018747,0.32887432,-0.3990474,0.1404989,31.81875,-17.1,10.462501,46.950733,0.3361091,49.741684,0.23224378,0.20219038,0.67439574,0.6710978,0.28908852,-0.10604692,-0.26299283,0.9143395,-1.0,0
1763545171507,1009.7668,0.4354937,6.3571315,7.726424,0.18929173,-0.17791437,0.10140356,30.431252,-17.268751,12.76875,46.950733,0.3361091,49.741684,0.23419563,0.20260884,0.67435133,0.6703375,0.29036695,-0.1076334,-0.26259327,0.9138637,-1.0,0
1763545171532,1009.77826,0.5072784,6.4875402,8.251051,0.120264,0.04963276,0.03375028,31.575,-18.2625,11.00625,46.950733,0.3361091,49.741684,0.23474023,0.20370899,0.6743347,0.6698301,0.29157177,-0.107639395,-0.26234052,0.9135519,-1.0,0
1763545171557,1009.7924,0.18305093,6.875776,8.364112,0.09659299,-0.13790272,-0.0003054324,30.6375,-17.737501,12.7875,46.950733,0.3361091,49.741684,0.23737592,0.20366082,0.6733731,0.66988325,0.2927213,-0.1101785,-0.26349208,0.9125496,-1.0,0
1763545171582,1009.7924,0.32183465,7.240681,7.85444,-0.05383246,-0.083383046,-0.01725693,29.362501,-17.625,11.83125,46.950733,0.3361091,49.741684,0.23713224,0.2027393,0.6731768,0.67044616,0.29177067,-0.11047532,-0.26429057,0.9125873,-1.0,0
1763545171607,1009.8088,0.0741775,7.155736,8.708678,-0.269315,-0.033444848,-0.064140804,30.6,-16.612501,11.025001,46.950733,0.3361091,49.741684,0.23534659,0.20105344,0.67322195,0.6715368,0.2894299,-0.10973066,-0.2652591,0.91314137,-1.0,0
1763545171632,1009.8315,0.65922266,6.7686973,10.000802,-0.4218785,0.0006108648,0.007941242,30.6375,-17.962502,10.012501,46.950733,0.3361091,49.741684,0.22997451,0.1962,0.674631,0.6734169,0.28250122,-0.10759082,-0.267001,0.91505617,-1.0,0
1763545171657,1009.8315,1.9914266,6.3104715,12.250055,-0.41149378,-0.23503022,-0.058032155,30.431252,-16.743752,10.125,46.950733,0.3361091,49.741684,0.22911488,0.19217812,0.6742277,0.675271,0.27853203,-0.10883922,-0.26905856,0.9155225,-1.0,0
1763545171683,1009.8808,2.3629124,5.6153564,13.347763,-0.15263984,-0.20341797,-0.16890411,29.081251,-16.143751,10.6875,46.950733,0.3361091,49.741684,0.22909494,0.19048475,0.67301047,0.6769697,0.27698892,-0.10975449,-0.271531,0.91515136,-1.0,0
1763545171707,1009.8808,1.3944174,5.1696935,11.733804,0.083764836,0.043371398,-0.20677772,32.7,-15.656251,11.212501,46.950733,0.3361091,49.741684,0.22858751,0.19147404,0.67197603,0.6778891,0.2775614,-0.108968936,-0.2732751,0.91455245,-1.0,0
1763545171732,1009.8879,0.7118647,4.7653065,9.531211,0.090942495,-0.07208204,-0.065667965,29.493752,-16.987501,11.775001,46.950733,0.3361091,49.741684,0.22931704,0.19224572,0.6705834,0.6788027,0.27843812,-0.109621845,-0.27599734,0.9133897,-1.0,0
1763545171757,1009.8776,1.3010973,4.6061835,9.115458,0.1277471,-0.17333288,-0.091018856,31.66875,-16.893751,13.2375,46.950733,0.3361091,49.741684,0.23086658,0.19194527,0.6693494,0.67958003,0.27884236,-0.11130727,-0.27786067,0.91249716,-1.0,0
1763545171782,1009.8776,1.2550355,4.5708895,7.9160557,0.11003202,-0.08552107,-0.16752967,29.906252,-18.431252,12.58125,46.950733,0.3361091,49.741684,0.23129132,0.19224548,0.6679983,0.68067926,0.27925718,-0.11166663,-0.27989355,0.9117048,-1.0,0
1763545171807,1009.8339,1.2472588,4.579264,7.01097,-0.01886045,0.0810923,-0.24342962,30.956251,-17.587502,12.88125,46.950733,0.3361091,49.741684,0.22969119,0.1930544,0.6667022,0.682261,0.27918056,-0.10993753,-0.28210798,0.9112558,-1.0,0
1763545171832,1009.8005,0.089132644,4.60738,6.4701924,-0.062995434,0.2716821,-0.32146758,30.000002,-18.0375,11.475,46.950733,0.3361091,49.741684,0.2243874,0.19664265,0.66396374,0.6856632,0.27975476,-0.10370794,-0.28686988,0.9103228,-1.0,0
1763545171858,1009.8005,-0.39421752,4.7718863,6.161518,0.07032581,0.18585561,-0.22769985,29.85,-17.94375,13.031251,46.950733,0.3361091,49.741684,0.22374414,0.19886081,0.66278535,0.6863735,0.28135383,-0.10221098,-0.2884589,0.9094968,-1.0,0
1763545171884,1009.75946,0.8805587,5.273183,5.1236315,0.23037238,-0.13881902,-0.114689864,28.781252,-19.050001,11.34375,46.950733,0.3361091,49.741684,0.22752617,0.20130421,0.65993404,0.68716484,0.28352132,-0.10273161,-0.28960496,0.9084002,-1.0,0
1763545171908,1009.75946,0.87278205,5.3497534,5.3982077,0.111253746,-0.18448116,-0.18463388,31.2,-18.5625,13.2375,46.950733,0.3361091,49.741684,0.22912474,0.20117109,0.6580975,0.6884328,0.28588977,-0.105995186,-0.29297683,0.906199,-1.0,0
1763545171933,1009.736,0.66341007,5.3772707,6.4348984,0.023594651,-0.06459895,-0.17608178,30.768751,-19.85625,13.81875,46.950733,0.3361091,49.741684,0.22937647,0.20165983,0.65688735,0.68936116,0.2864382,-0.1059877,-0.29437914,0.905572,-1.0,0
1763545171958,1009.7277,0.52342993,5.5950174,6.91765,0.075670876,0.09483676,-0.12278382,29.00625,-18.4125,13.9125,46.950733,0.3361091,49.741684,0.22933549,0.20324636,0.65617234,0.6895898,0.28779876,-0.10524114,-0.29505682,0.905007,-1.0,0
1763545171984,1009.7277,0.3152544,6.352944,6.660422,0.22609633,-0.09407318,-0.08093958,30.31875,-19.275002,12.900001,46.950733,0.3361091,49.741684,0.232905,0.20579329,0.653867,0.68982774,0.28978762,-0.10550595,-0.29576203,0.90411085,-1.0,0
1763545172009,1009.7238,0.67178494,6.530013,7.203593,0.23861906,-0.20280711,-0.06902772,30.487501,-19.875,13.06875,46.950733,0.3361091,49.741684,0.23587905,0.20619515,0.6523899,0.6900957,0.29170343,-0.10726008,-0.29663378,0.9030021,-1.0,0
1763545172035,1009.73944,0.63170516,6.5204415,7.865208,0.19830199,-0.1404989,-0.074525505,29.156252,-19.893751,13.81875,46.950733,0.3361091,49.741684,0.2377275,0.20698585,0.6513264,0.69022924,0.2950475,-0.11092547,-0.2981552,0.90096945,-1.0,0
1763545172059,1009.73944,0.15014961,6.489335,8.675179,0.14607304,0.107359484,-0.037873615,32.15625,-21.1875,11.26875,46.950733,0.3361091,49.741684,0.23776467,0.20894276,0.651271,0.6896789,0.2967564,-0.11011247,-0.29795074,0.9005755,-1.0,0
1763545172084,1009.76263,0.34396824,6.946364,9.757931,0.25755587,-0.017715078,0.04444041,30.900002,-20.081251,12.58125,46.950733,0.3361091,49.741684,0.24030557,0.21198472,0.65107125,0.6880566,0.30056587,-0.11110563,-0.2972172,0.8994318,-1.0,0
1763545172109,1009.76263,0.19621146,7.44108,9.093325,0.2192241,-0.20250167,-0.019394957,30.73125,-20.85,13.406251,46.950733,0.3361091,49.741684,0.24260533,0.21171625,0.65004903,0.68829876,0.30135825,-0.11342098,-0.29840142,0.8984851,-1.0,0
1763545172134,1009.7895,0.046660043,7.5140615,9.020343,-0.037797257,-0.075594515,-0.06933315,28.7625,-20.325,14.981251,46.950733,0.3361091,49.741684,0.2418317,0.21118659,0.6496649,0.6890959,0.3004851,-0.113097504,-0.29960558,0.8984176,-1.0,0
1763545172160,1009.8249,0.023330022,6.4642105,11.726625,-0.45135272,0.0042760535,-0.12079851,29.925001,-19.800001,12.975,46.950733,0.3361091,49.741684,0.23538461,0.20710982,0.64989126,0.6923445,0.2937115,-0.1096994,-0.30343887,0.89979136,-1.0,0
1763545172184,1009.8249,0.14297116,5.8229337,12.987045,-0.2485456,0.04780017,-0.083230324,29.962502,-18.806252,13.51875,46.950733,0.3361091,49.741684,0.2332675,0.2066058,0.65008616,0.69302833,0.2921445,-0.10840335,-0.304973,0.8999399,-1.0,0
1763545172210,1009.8581,-0.18723837,5.608776,11.059627,0.13843723,0.16982041,-0.0065667965,30.281252,-19.29375,15.056251,46.950733,0.3361091,49.741684,0.23312289,0.20840487,0.65026444,0.69237083,0.29351327,-0.10783706,-0.30556217,0.8993625,-1.0,0
1763545172235,1009.83563,-0.29671,5.4233327,7.0666037,0.15111268,-0.102014415,0.060017463,30.300001,-19.29375,14.437501,46.950733,0.3361091,49.741684,0.2359931,0.2094979,0.6500263,0.6912913,0.29561475,-0.11042653,-0.30645156,0.89805645,-1.0,0
1763545172260,1009.83563,-0.293719,5.160122,6.533602,-0.042684175,-0.054366965,0.00076358096,31.781252,-20.737501,12.825001,46.950733,0.3361091,49.741684,0.23548408,0.20878895,0.65005195,0.69165516,0.29468316,-0.11048709,-0.3073046,0.89806366,-1.0,0
1763545172285,1009.81635,-0.91106725,4.786842,6.5760746,-0.2748128,0.039095346,0.00320704,29.775002,-18.975,14.475,46.950733,0.3361091,49.741684,0.23294416,0.20723496,0.6509363,0.6921507,0.29204664,-0.109170064,-0.30794796,0.8988652,-1.0,0
1763545172311,1009.81635,-0.7609176,4.348955,7.649854,-0.39255697,0.08811724,0.0876591,30.806252,-20.362501,14.75625,46.950733,0.3361091,49.741684,0.22982672,0.20534194,0.65253794,0.692249,0.28881726,-0.10756502,-0.30811948,0.90004265,-1.0,0
1763545172336,1009.80707,-0.45104706,4.016951,7.6313095,-0.053527027,0.0056504994,0.15027274,29.962502,-18.581251,16.29375,46.950733,0.3361091,49.741684,0.2279741,0.20331088,0.6551317,0.69101006,0.28592634,-0.107487746,-0.30775067,0.90110046,-1.0,0
1763545172361,1009.78314,-0.38584265,4.2687955,6.4420767,0.048029244,-0.052687086,0.22113305,30.50625,-18.375,12.825001,46.950733,0.3361091,49.741684,0.22895369,0.20258905,0.6564591,0.6896371,0.28562883,-0.108987585,-0.3068558,0.9013198,-1.0,0
1763545172386,1009.78314,0.14057833,4.469793,6.296713,0.045280352,-0.12873976,0.24816382,29.475,-18.13125,16.1625,46.950733,0.3361091,49.741684,0.23049682,0.20150444,0.6576509,0.68830407,0.28531483,-0.11103273,-0.30567554,0.9015707,-1.0,0
1763545172411,1009.76605,0.2853441,4.79402,6.289534,0.06131555,0.005345067,0.110108376,30.000002,-19.3125,14.475,46.950733,0.3361091,49.741684,0.23217855,0.2013617,0.6590476,0.68644214,0.28587037,-0.11283418,-0.30415022,0.9016869,-1.0,0
1763545172437,1009.7524,0.04127619,5.0129633,6.3678994,0.05933024,0.12812889,0.061544627,31.218752,-19.06875,14.493751,46.950733,0.3361091,49.741684,0.23196296,0.20259991,0.65955585,0.68566215,0.28682163,-0.112191334,-0.30360273,0.90164953,-1.0,0
1763545172462,1009.7524,-0.41156548,5.197809,6.378667,0.12484549,0.06459895,0.05574141,30.4125,-18.65625,14.700001,46.950733,0.3361091,49.741684,0.23290421,0.20363575,0.6597244,0.6848736,0.2881066,-0.11272304,-0.3033734,0.9012506,-1.0,0
1763545172487,1009.73676,-0.10887343,5.5633125,7.137192,0.15920663,-0.1434005,0.10720677,30.35625,-18.91875,15.806251,46.950733,0.3361091,49.741684,0.23701502,0.20396096,0.65982264,0.68327,0.28934512,-0.11473655,-0.30319336,0.90066016,-1.0,0
1763545172513,1009.73676,0.16510476,5.892924,7.893922,0.08315397,-0.04382955,0.1084285,30.806252,-18.862501,15.76875,46.950733,0.3361091,49.741684,0.23785026,0.20402676,0.66026,0.6825372,0.29014665,-0.11658093,-0.3030236,0.9002225,-1.0,0
1763545172538,1009.73627,0.5521438,6.1399827,8.475976,0.031535894,-0.051923506,0.06627883,28.85625,-18.956251,17.212502,46.950733,0.3361091,49.741684,0.23853551,0.20358229,0.660403,0.68229246,0.29037726,-0.11843125,-0.30289945,0.89994836,-1.0,0
1763545172563,1009.75507,0.6155536,6.385247,8.968898,-0.020387612,-0.17012584,0.01924224,30.50625,-19.650002,15.225,46.950733,0.3361091,49.741684,0.23956268,0.20201431,0.6600945,0.682697,0.28939715,-0.120205455,-0.30384114,0.8997113,-1.0,0
1763545172588,1009.75507,0.45224348,7.0959153,9.822537,-0.17004949,-0.13668099,-0.07620538,31.125002,-17.85,17.212502,46.950733,0.3361091,49.741684,0.23938833,0.19839251,0.65924555,0.6846378,0.2879037,-0.12149468,-0.30515754,0.8995718,-1.0,0
1763545172614,1009.79095,0.1381855,6.8662047,10.786844,-0.18104506,-0.032986697,-0.026267186,30.018751,-18.337502,16.743752,46.950733,0.3361091,49.741684,0.23817249,0.19735998,0.6595355,0.68508095,0.2844404,-0.121534996,-0.3075758,0.89984447,-1.0,0
1763545172639,1009.8212,0.8344969,6.518647,10.753345,-0.16210824,0.022449281,0.014660755,30.750002,-16.893751,15.95625,46.950733,0.3361091,49.741684,0.23541819,0.19556269,0.6606182,0.68550503,0.2814492,-0.12021996,-0.30845696,0.9006597,-1.0,0
1763545172665,1009.8212,1.0851451,6.1597238,11.443674,-0.13736822,-0.15913028,-0.035124727,30.13125,-17.7,17.00625,46.950733,0.3361091,49.741684,0.23567991,0.19349115,0.6602377,0.68636894,0.2796348,-0.1216068,-0.31007084,0.90048444,-1.0,0
1763545172690,1009.8564,1.7796619,5.7924256,11.61177,0.023441937,-0.1631009,-0.050090913,28.85625,-18.956251,17.212502,46.950733,0.3361091,49.741684,0.23663527,0.1928708,0.65955746,0.6868686,0.27942792,-0.12294481,-0.31148535,0.8998786,-1.0,0
1763545172716,1009.8398,1.0103694,5.3886366,8.0614195,0.1844048,-0.016951498,-0.14034618,30.000002,-17.587502,17.15625,46.950733,0.3361091,49.741684,0.23860368,0.1947273,0.6573029,0.68782437,0.28184256,-0.12415794,-0.31433463,0.8979662,-1.0,0
1763545172742,1009.8398,1.4273187,5.029115,7.391429,0.017027855,-0.16554436,-0.1960876,29.437502,-16.78125,17.643751,46.950733,0.3361091,49.741684,0.23911905,0.19361591,0.6555449,0.6896346,0.2810405,-0.1252249,-0.317075,0.8971056,-1.0,0
1763545172767,1009.8188,1.2460624,4.5302114,7.8143606,-0.21082471,-0.12232567,-0.27305657,30.31875,-16.81875,17.23125,46.950733,0.3361091,49.741684,0.23750204,0.1918921,0.65405625,0.6920843,0.27874592,-0.12462145,-0.32011133,0.89682716,-1.0,0
1763545172792,1009.80316,0.2656033,4.3238306,8.508878,-0.21387903,0.1763872,-0.17043127,30.4125,-16.3125,16.893751,46.950733,0.3361091,49.741684,0.23158872,0.1910893,0.6531719,0.6951389,0.27518323,-0.12009431,-0.3244691,0.89697903,-1.0,0
1763545172817,1009.80316,0.26979074,4.6899323,7.5978103,-0.0028252497,0.059253883,-0.09346231,31.687502,-16.44375,18.618752,46.950733,0.3361091,49.741684,0.2314963,0.19142969,0.6526066,0.69560677,0.2753434,-0.12009117,-0.3259014,0.8964108,-1.0,0
1763545172842,1009.7773,0.5832505,5.049454,6.409774,0.14271328,-0.15714496,-0.076052666,30.35625,-17.306252,17.1,46.950733,0.3361091,49.741684,0.23350956,0.191282,0.65136176,0.696141,0.2760499,-0.12211464,-0.32746094,0.89535123,-1.0,0
1763545172867,1009.7773,0.6837491,5.3036914,5.72423,0.13416117,-0.14126249,-0.10995566,30.206251,-16.706251,16.462502,46.950733,0.3361091,49.741684,0.2347653,0.19173473,0.6501388,0.6967371,0.27698544,-0.12310984,-0.32879874,0.8944352,-1.0,0
1763545172892,1009.74725,0.35413775,5.4442697,5.759524,-0.0297033,0.21884231,-0.14446951,30.337502,-16.06875,16.425001,46.950733,0.3361091,49.741684,0.23235835,0.19495003,0.64895874,0.69775116,0.27876702,-0.11951929,-0.33025992,0.89383024,-1.0,0
1763545172918,1009.7216,0.4959125,5.404788,6.2009997,-0.008475749,0.082924895,-0.15531237,30.806252,-16.40625,18.862501,46.950733,0.3361091,49.741684,0.23210904,0.19576137,0.64788634,0.69860303,0.27935869,-0.11897844,-0.33165547,0.8932007,-1.0,0
1763545172943,1009.7216,0.3481557,5.4233327,6.329614,0.07170025,-0.07498365,-0.15729769,30.768751,-16.66875,18.5625,46.950733,0.3361091,49.741684,0.23318592,0.19609813,0.6464987,0.699435,0.2801235,-0.11983732,-0.3331806,0.89227825,-1.0,0
1763545172968,1009.7126,1.0420742,5.7170515,6.2512493,0.06284271,-0.016798781,-0.10063997,29.493752,-16.518751,16.5375,46.950733,0.3361091,49.741684,0.23465595,0.19720061,0.6446113,0.7003748,0.28106365,-0.12060451,-0.33416095,0.89151233,-1.0,0
1763545172994,1009.7204,1.1389836,5.804988,6.95773,0.013820816,-0.002290743,-0.12858704,29.437502,-16.78125,17.643751,46.950733,0.3361091,49.741684,0.2348545,0.19751582,0.6436756,0.7010796,0.28213742,-0.1206964,-0.33594632,0.89048916,-1.0,0
1763545173019,1009.7204,1.1670992,5.804988,7.8317084,0.036880963,-0.022601997,-0.12767074,28.35,-16.9125,19.9125,46.950733,0.3361091,49.741684,0.2353511,0.19791198,0.64270365,0.70169276,0.2827027,-0.12098953,-0.33702043,0.889864,-1.0,0
1763545173045,1009.737,0.94396853,5.895915,8.472985,0.13385575,0.045967575,-0.10766492,30.375002,-16.331251,19.368752,46.950733,0.3361091,49.741684,0.23591179,0.19956343,0.641978,0.701701,0.28441027,-0.120792136,-0.33749792,0.88916546,-1.0,0
1763545173070,1009.737,0.6831509,6.649056,8.130213,0.24961463,0.032681264,0.008399391,30.956251,-15.76875,17.71875,46.950733,0.3361091,49.741684,0.23855382,0.20342267,0.6412708,0.700345,0.2889744,-0.12158329,-0.3371269,0.8877256,-1.0,0
1763545173095,1009.7436,1.0175478,6.8404818,8.558528,0.21418446,-0.12843432,-0.016951498,30.468752,-15.937501,17.94375,46.950733,0.3361091,49.741684,0.240906,0.20369476,0.64033335,0.70031846,0.29025614,-0.123606734,-0.3376621,0.88682413,-1.0,0
1763545173120,1009.7673,0.76570326,6.838089,9.45165,0.15172353,-0.12324197,-0.06887501,31.218752,-15.8625,18.6375,46.950733,0.3361091,49.741684,0.24246716,0.204072,0.6393781,0.7005426,0.2912827,-0.12486031,-0.33837897,0.88603836,-1.0,0
1763545173145,1009.7673,-0.06460621,7.1694946,9.209974,-0.014737112,0.08429934,-0.07024945,29.8875,-15.88125,18.91875,46.950733,0.3361091,49.741684,0.24166408,0.20544326,0.63868827,0.7010484,0.29232755,-0.12467311,-0.33896858,0.88549507,-1.0,0
1763545173171,1009.79486,0.05742774,6.987042,9.977472,-0.19463679,-0.035124727,-0.11041381,30.16875,-15.975,17.98125,46.950733,0.3361091,49.741684,0.24027334,0.20395727,0.63806057,0.7025303,0.29002848,-0.123342335,-0.34193775,0.88529587,-1.0,0
1763545173196,1009.79486,0.06580263,6.245267,11.008181,-0.27985242,-0.06398808,-0.19288056,30.16875,-15.975,17.98125,46.950733,0.3361091,49.741684,0.2379409,0.20246385,0.63720137,0.70453316,0.2875745,-0.12209991,-0.34464586,0.8852185,-1.0,0
1763545173221,1009.82294,-1.2077773,5.5190454,10.667802,-0.11308634,0.29550585,-0.030237807,29.8875,-15.88125,18.91875,46.950733,0.3361091,49.741684,0.23159875,0.20404698,0.6380797,0.7053943,0.285914,-0.11630278,-0.34682712,0.8856849,-1.0,0
1763545173246,1009.8398,-0.6729814,5.593223,9.82493,0.00068722287,0.08842268,0.05497783,31.893751,-14.793751,17.56875,46.950733,0.3361091,49.741684,0.23111287,0.20429198,0.638522,0.7050824,0.28576005,-0.1161446,-0.34754673,0.88547325,-1.0,0
1763545173271,1009.8398,-0.49172506,5.4341,8.619545,0.037797257,-0.0059559317,0.025503604,31.237501,-15.8625,17.550001,46.950733,0.3361091,49.741684,0.23097025,0.2043679,0.6386394,0.7050009,0.28565037,-0.116264194,-0.34829262,0.88519984,-1.0,0
1763545173297,1009.8288,-0.80877405,5.156533,7.4853473,-0.07887791,0.07467822,0.017104214,31.650002,-14.56875,16.5,46.950733,0.3361091,49.741684,0.22938327,0.20424446,0.63925415,0.7049976,0.28474456,-0.115121804,-0.34871617,0.8854742,-1.0,0
1763545173321,1009.8151,-0.55752766,4.273581,8.047063,-0.29756752,0.12950334,0.062308207,31.875002,-14.812501,18.65625,46.950733,0.3361091,49.741684,0.22375253,0.20238927,0.6417022,0.70511824,0.28039628,-0.11137566,-0.3492563,0.8871265,-1.0,0
1763545173350,1009.8151,-0.49950173,3.9338005,7.8311105,-0.23571745,0.12415826,0.07880156,33.16875,-14.2875,17.25,46.950733,0.3361091,49.741684,0.22142763,0.20157455,0.6429955,0.70490736,0.27851668,-0.10995892,-0.34948218,0.8878061,-1.0,0
1763545173376,1009.79266,-0.12023934,3.7537405,7.3980093,-0.040240716,-0.06398808,0.15317434,32.381252,-14.606251,16.893751,46.950733,0.3361091,49.741684,0.22086182,0.19937918,0.6451418,0.70374715,0.27608427,-0.11094814,-0.3492002,0.88855344,-1.0,0
1763545173400,1009.77606,0.44207397,4.01396,7.091728,0.028787002,-0.17577635,0.18264857,29.400002,-15.431251,18.956251,46.950733,0.3361091,49.741684,0.2223071,0.1978998,0.6459665,0.7029527,0.27530804,-0.11309411,-0.34876373,0.8886951,-1.0,0
1763545173425,1009.77606,0.48873404,4.2963133,6.5162544,0.014737112,-0.083230324,0.14095704,32.006252,-14.906251,17.41875,46.950733,0.3361091,49.741684,0.22277883,0.19715634,0.6468108,0.70223546,0.2747977,-0.11396165,-0.3481297,0.8889908,-1.0,0
1763545173450,1009.7636,0.2644069,4.537988,6.3607206,-0.043142326,0.056046844,0.09850194,33.112503,-14.55,17.268751,46.950733,0.3361091,49.741684,0.22218424,0.19708654,0.64767563,0.7016462,0.27444285,-0.1135344,-0.34747013,0.88941306,-1.0,0
1763545173475,1009.7502,-0.026919255,5.142774,7.0402822,0.011988222,-0.03527744,0.030695954,31.181252,-13.875001,17.75625,46.950733,0.3361091,49.741684,0.2224282,0.196872,0.6481079,0.7012298,0.27427062,-0.114054956,-0.34757873,0.88935715,-1.0,0
1763545173500,1009.7502,0.09571291,5.2492547,7.446464,0.0721584,-0.091018856,-0.0108428495,32.15625,-11.90625,18.46875,46.950733,0.3361091,49.741684,0.22353832,0.19696426,0.6476135,0.70130765,0.274797,-0.11511259,-0.34818628,0.8888206,-1.0,0
1763545173525,1009.75116,-0.30149564,5.3389854,7.8580294,0.16073379,-0.03924806,-0.023976443,30.825,-14.175,18.88125,46.950733,0.3361091,49.741684,0.22496334,0.19800527,0.6470915,0.7010406,0.27631462,-0.116038054,-0.34848875,0.88811094,-1.0,0
1763545173551,1009.75116,0.28773692,5.9096737,7.2508507,0.29130614,-0.21762058,0.08536835,31.66875,-14.325001,18.956251,46.950733,0.3361091,49.741684,0.23100024,0.19904125,0.64617056,0.6996321,0.27974427,-0.12133297,-0.34862047,0.88627607,-1.0,0
1763545173578,1009.7485,1.1814562,6.242276,7.512865,0.1164461,-0.35964665,0.014660755,31.406252,-13.481251,18.31875,46.950733,0.3361091,49.741684,0.23381487,0.1969886,0.6450737,0.7002899,0.27911747,-0.12476917,-0.34971786,0.88556397,-1.0,0
1763545173605,1009.7607,1.1527423,6.2721863,8.803793,-0.092469655,-0.30100363,-0.118507765,30.562502,-14.700001,19.10625,46.950733,0.3361091,49.741684,0.23453894,0.19475919,0.64382267,0.70182097,0.27744249,-0.12635398,-0.35152143,0.8851514,-1.0,0
1763545173630,1009.7607,0.29491538,6.9116683,10.345967,-0.17295109,-0.011911863,-0.17653993,31.462502,-14.493751,20.7,46.950733,0.3361091,49.741684,0.23211604,0.19287172,0.64212006,0.70470166,0.27581218,-0.12603082,-0.35333177,0.88498616,-1.0,0
1763545173654,1009.7824,-0.22492532,6.8931236,10.572687,-0.07276927,0.047189303,-0.12079851,32.11875,-13.650001,17.79375,46.950733,0.3361091,49.741684,0.2312771,0.19301274,0.641626,0.70538855,0.27434224,-0.12441599,-0.3564574,0.88441795,-1.0,0
1763545173679,1009.8027,0.02871387,7.043872,9.52822,-0.038560838,-0.07269291,-0.064140804,30.993752,-12.656251,18.31875,46.950733,0.3361091,49.741684,0.23131138,0.19198467,0.6410113,0.7062163,0.27335232,-0.12506624,-0.3580281,0.8839982,-1.0,0
1763545173704,1009.8027,1.0683953,6.117251,10.162916,-0.41928232,-0.11682789,-0.171653,30.806252,-14.175,19.2,46.950733,0.3361091,49.741684,0.22775203,0.18646789,0.6395412,0.7101731,0.27027664,-0.12578693,-0.36023057,0.8839469,-1.0,0
1763545173730,1009.8288,0.83090764,5.5926247,11.05843,-0.2767981,0.17745622,-0.21426082,30.675001,-12.056251,17.550001,46.950733,0.3361091,49.741684,0.22474924,0.18693836,0.6389704,0.71151865,0.26678488,-0.124366716,-0.36260462,0.8842379,-1.0,0
1763545173755,1009.82245,-0.24945176,5.58425,9.740582,0.11369721,0.12873976,-0.17088942,32.475002,-13.368751,17.118752,46.950733,0.3361091,49.741684,0.2252791,0.18847257,0.6378145,0.71198314,0.26739138,-0.12155021,-0.36591277,0.8830828,-1.0,0
1763545173781,1009.82245,0.99661064,5.453243,7.1934233,0.11247548,-0.5184715,-0.15225805,32.41875,-12.88125,17.868752,46.950733,0.3361091,49.741684,0.23214595,0.18527128,0.63340676,0.7145479,0.2685227,-0.12528633,-0.3680057,0.881346,-1.0,0
1763545173806,1009.78827,1.2215359,4.8442693,8.106285,-0.16852233,-0.30314165,-0.23182319,28.650002,-13.275001,19.368752,46.950733,0.3361091,49.741684,0.23164016,0.18301256,0.6317459,0.71676105,0.26514992,-0.12979323,-0.37332952,0.87947387,-1.0,0
1763545173832,1009.78827,0.9619147,4.4817567,8.703294,-0.24442227,0.10766492,-0.21074834,29.85,-14.75625,17.475,46.950733,0.3361091,49.741684,0.2286889,0.18301256,0.63123995,0.7181531,0.26384476,-0.12719335,-0.37500867,0.87953186,-1.0,0
1763545173856,1009.77924,0.6257231,5.1092744,6.399006,0.003130682,-0.1084285,-0.19288056,30.300001,-13.106251,18.88125,46.950733,0.3361091,49.741684,0.22783056,0.18275474,0.6287602,0.72066253,0.26316118,-0.12669751,-0.37889996,0.8781394,-1.0,0
1763545173881,1009.7541,0.39780676,5.346164,5.9527445,-0.05108357,-0.3026835,-0.23090689,32.475002,-13.368751,17.118752,46.950733,0.3361091,49.741684,0.22884902,0.1808487,0.62659806,0.722701,0.26189238,-0.12841539,-0.38159406,0.87710196,-1.0,0
1763545173906,1009.7541,0.04546363,5.325825,6.166902,-0.15951207,-0.12828161,-0.20983206,31.425001,-12.731251,17.962502,46.950733,0.3361091,49.741684,0.22782338,0.17993774,0.62538743,0.7242994,0.2606459,-0.12784679,-0.38343582,0.87675303,-1.0,0
1763545173931,1009.73773,0.42532423,5.3676996,6.4648085,-0.2126573,0.13255766,-0.15149446,30.300001,-13.106251,18.5625,46.950733,0.3361091,49.741684,0.22519721,0.18033041,0.6250132,0.7253452,0.25985965,-0.12532276,-0.3845894,0.87684554,-1.0,0
1763545173957,1009.72455,0.59581286,5.2660046,6.732805,-0.25022548,0.025503604,-0.21197008,30.937502,-12.900001,18.337502,46.950733,0.3361091,49.741684,0.2208584,0.17936309,0.6232047,0.7284685,0.2571431,-0.12176609,-0.38798225,0.87665284,-1.0,0
1763545173982,1009.72455,0.8500503,4.8819566,7.6600237,-0.2635118,-0.15363249,-0.20601414,32.53125,-12.993751,18.487501,46.950733,0.3361091,49.741684,0.21999542,0.17706622,0.62184083,0.7304543,0.25471103,-0.121953785,-0.39027408,0.8763194,-1.0,0
1763545174007,1009.7336,1.1880364,4.6618166,8.82473,-0.13797908,-0.120034926,-0.18066326,30.6375,-13.687501,18.5625,46.950733,0.3361091,49.741684,0.21956225,0.17626105,0.6207299,0.7317232,0.25378492,-0.12193751,-0.39199042,0.87582415,-1.0,0
1763545174032,1009.7453,0.75553375,5.1122656,7.6259255,0.18547381,0.39858928,-0.012522728,31.331251,-12.993751,19.5375,46.950733,0.3361091,49.741684,0.21772225,0.18223424,0.6211996,0.73041,0.25831708,-0.11783283,-0.3910573,0.8754781,-1.0,0
1763545174057,1009.7453,0.41515473,5.804988,6.975078,0.23373213,0.23457208,0.037415467,30.562502,-12.450001,19.425001,46.950733,0.3361091,49.741684,0.2186937,0.18465936,0.6214394,0.7293059,0.26092422,-0.117662914,-0.3899564,0.8752188,-1.0,0
1763545174082,1009.74506,-0.014356935,6.2494545,6.7256265,0.21846052,-0.026267186,0.068416856,30.187502,-12.975,17.962502,46.950733,0.3361091,49.741684,0.22082388,0.18536699,0.62148803,0.72844255,0.26251215,-0.1192119,-0.38893092,0.87499064,-1.0,0
1763545174107,1009.74506,0.020937199,6.201598,7.958528,0.12240203,-0.020922119,0.13240494,32.15625,-12.656251,18.65625,46.950733,0.3361091,49.741684,0.22193083,0.18627344,0.62231183,0.7271705,0.26383564,-0.11975748,-0.38722286,0.8752756,-1.0,0
1763545174132,1009.76215,0.34217364,6.599405,9.014959,0.38965538,0.22876886,0.12538,30.73125,-13.81875,19.800001,46.950733,0.3361091,49.741684,0.22449028,0.19267859,0.6239625,0.723291,0.27066228,-0.11942722,-0.3834198,0.8749105,-1.0,0
1763545174157,1009.7756,0.8279166,7.0965137,8.889337,0.39225155,-0.08261946,0.09040799,30.618752,-13.687501,18.88125,46.950733,0.3361091,49.741684,0.2280631,0.19399759,0.6234884,0.7222287,0.27338344,-0.12210381,-0.38273662,0.87399364,-1.0,0
1763545174182,1009.7756,1.0067801,7.433902,9.046664,0.28947353,-0.05665771,-0.0035124724,30.0375,-13.63125,19.556252,46.950733,0.3361091,49.741684,0.23012109,0.19545141,0.62283444,0.72174805,0.2756108,-0.12327057,-0.38238528,0.87328374,-1.0,0
1763545174207,1009.7961,-0.6412765,7.7072816,9.605389,0.07857248,0.09529491,0.0108428495,31.575,-14.08125,18.806252,46.950733,0.3361091,49.741684,0.2308515,0.19791035,0.62274754,0.72091925,0.27735335,-0.12290736,-0.38184595,0.8730192,-1.0,0
1763545174232,1009.82367,-0.2943172,7.5439715,9.793225,-0.026954409,-0.11056653,0.06185006,29.737501,-14.2875,20.400002,46.950733,0.3361091,49.741684,0.23140511,0.19661552,0.62282085,0.72103274,0.27721724,-0.123921655,-0.3817301,0.87296975,-1.0,0
1763545174257,1009.82367,0.33379877,6.619146,10.746765,-0.15111268,-0.11866048,-0.029779658,31.237501,-14.3625,17.306252,46.950733,0.3361091,49.741684,0.2305184,0.19552308,0.62258434,0.7218177,0.27581352,-0.123672634,-0.38279188,0.87298477,-1.0,0
1763545174282,1009.84247,-1.6582261,5.096114,8.971889,-0.042378742,0.5007564,0.0018325944,31.725,-14.700001,19.125,46.950733,0.3361091,49.741684,0.22381969,0.20045857,0.6245478,0.7208753,0.27605987,-0.12018393,-0.38304293,0.873284,-1.0,0
1763545174307,1009.84247,-1.9932213,4.883751,7.591828,-0.057192214,0.31994042,0.11133011,31.706251,-14.306251,16.800001,46.950733,0.3361091,49.741684,0.22174379,0.20151561,0.6260526,0.71991616,0.27719632,-0.115935795,-0.3824672,0.8737505,-1.0,0
1763545174332,1009.8227,-1.8945173,4.584648,7.382456,-0.13767365,-0.02489274,0.19226968,31.500002,-14.475,18.825,46.950733,0.3361091,49.741684,0.2212541,0.19979358,0.6275465,0.71924585,0.2752579,-0.114472546,-0.381511,0.8749734,-1.0,0
1763545174357,1009.811,-0.85483587,4.2514477,8.151151,-0.2352593,-0.20616686,0.34697118,30.900002,-13.14375,17.268751,46.950733,0.3361091,49.741684,0.22110854,0.19317137,0.6318833,0.71730006,0.27221912,-0.116093226,-0.38088816,0.87598133,-1.0,0
1763545174382,1009.811,-0.33738798,4.4572306,8.077571,-0.19799654,-0.15042545,0.33643377,33.318752,-12.656251,18.69375,46.950733,0.3361091,49.741684,0.22089459,0.1903721,0.6342102,0.7160596,0.26627493,-0.118884936,-0.37810758,0.8786346,-1.0,0
1763545174407,1009.7973,-0.25064817,4.7138605,7.2502527,-0.20471606,-0.105526894,0.27351472,30.243752,-13.462501,17.5125,46.950733,0.3361091,49.741684,0.22030443,0.18767785,0.63613206,0.7152475,0.26350942,-0.119665325,-0.37711564,0.8797879,-1.0,0
1763545174432,1009.77997,-0.123828575,4.6935215,6.9678993,-0.30947936,-0.10063997,0.17592905,31.556252,-12.825001,17.19375,46.950733,0.3361091,49.741684,0.21864997,0.18482462,0.63760614,0.71518564,0.26018524,-0.119463734,-0.37671593,0.8809751,-1.0,0
1763545174457,1009.77997,-1.1282159,4.3351965,8.069196,-0.29955283,0.30130905,0.1583667,30.806252,-12.806251,18.50625,46.950733,0.3361091,49.741684,0.21165149,0.1836376,0.6416759,0.7139558,0.2560125,-0.113915466,-0.3748534,0.8837227,-1.0,0
1763545174482,1009.76825,-1.1814562,4.3728833,7.8664045,-0.09705114,0.36376998,0.27763805,33.2625,-12.3,18.206251,46.950733,0.3361091,49.741684,0.20951393,0.18517144,0.64446306,0.71167606,0.2563915,-0.11157049,-0.37243974,0.8849317,-1.0,0
1763545174507,1009.76825,-0.80578303,4.66062,7.2819576,0.109268434,0.13316852,0.3339903,32.662502,-12.243751,19.81875,46.950733,0.3361091,49.741684,0.21050714,0.18591595,0.6465604,0.7092825,0.25738922,-0.112377904,-0.37014797,0.88550127,-1.0,0
1763545174532,1009.75555,-0.35593235,5.1457653,6.285347,0.17524183,-0.009468404,0.28145593,30.843752,-12.543751,19.10625,46.950733,0.3361091,49.741684,0.21434751,0.18698384,0.6495912,0.70506984,0.25988686,-0.11561404,-0.3657497,0.8861825,-1.0,0
1763545174558,1009.74164,-0.28055847,5.072784,6.3607206,0.074143715,0.1669188,0.24174973,33.45,-10.650001,18.2625,46.950733,0.3361091,49.741684,0.214011,0.18835557,0.6514242,0.703113,0.2609653,-0.11478522,-0.3633873,0.88694483,-1.0,0
1763545174583,1009.74164,-0.50488555,5.308477,7.058827,0.017333288,0.21670428,0.22617269,33.018753,-11.4375,16.650002,46.950733,0.3361091,49.741684,0.2132762,0.18965913,0.65331566,0.7012284,0.26181912,-0.11361375,-0.36103034,0.8878062,-1.0,0
1763545174608,1009.74066,-0.7513463,5.712266,7.8113694,0.07551816,0.17974696,0.26419902,33.018753,-9.95625,17.34375,46.950733,0.3361091,49.741684,0.21348493,0.1910165,0.6552826,0.6989575,0.2630966,-0.11332825,-0.3584687,0.8885027,-1.0,0
1763545174633,1009.7465,-0.51086766,6.3044896,7.719844,0.31421357,-0.03940078,0.3536907,32.2125,-9.65625,16.1625,46.950733,0.3361091,49.741684,0.2185813,0.19345288,0.6587375,0.69344294,0.26736835,-0.11711527,-0.35263866,0.88906926,-1.0,0
1763545174658,1009.7465,0.0735793,6.8225355,7.589435,0.22991423,-0.07574723,0.40225446,30.69375,-11.306251,16.875,46.950733,0.3361091,49.741684,0.22108136,0.193517,0.66080856,0.6906564,0.26844895,-0.119419195,-0.34944555,0.88969773,-1.0,0
1763545174683,1009.7548,1.18684,7.3746796,8.75474,0.0045051277,-0.029474225,0.31841326,31.44375,-10.59375,16.29375,46.950733,0.3361091,49.741684,0.22146447,0.19299881,0.66267693,0.68888617,0.26816675,-0.11992363,-0.34685236,0.8907291,-1.0,0
1763545174709,1009.7548,-0.13459627,7.515258,9.521041,-0.19738568,0.25534147,0.12614357,31.237501,-10.762501,17.868752,46.950733,0.3361091,49.741684,0.21710236,0.1933649,0.6660377,0.6869282,0.26671958,-0.11568966,-0.34325713,0.89311314,-1.0,0
1763545174734,1009.7724,0.40558344,7.4584284,10.316655,-0.24518585,0.0021380268,0.12064579,31.29375,-10.5,16.78125,46.950733,0.3361091,49.741684,0.21612468,0.19142741,0.6670178,0.68682814,0.26454043,-0.11564033,-0.34283274,0.8939303,-1.0,0
1763545174759,1009.7961,1.1270195,7.007381,10.875379,-0.24533857,-0.20494513,0.055283263,29.56875,-10.293751,17.400002,46.950733,0.3361091,49.741684,0.2162241,0.18812905,0.66719824,0.68753266,0.26158386,-0.11712934,-0.3434384,0.8943739,-1.0,0
1763545174784,1009.7961,2.0907288,6.3158555,11.356337,-0.28382304,-0.2950477,-0.03161225,31.81875,-9.20625,18.50625,46.950733,0.3361091,49.741684,0.21604457,0.18433012,0.6667646,0.6890371,0.25805032,-0.118586995,-0.34506863,0.8945808,-1.0,0
1763545174809,1009.8239,1.7904296,4.7545385,11.69851,-0.17921245,0.22479823,-0.26710063,30.618752,-10.200001,17.2875,46.950733,0.3361091,49.741684,0.21088614,0.18326277,0.6651578,0.6924644,0.25489745,-0.11439177,-0.3489844,0.894512,-1.0,0
1763545174834,1009.8271,0.5132605,4.555336,10.241879,0.05108357,0.43249226,-0.2328922,31.406252,-9.88125,18.2625,46.950733,0.3361091,49.741684,0.20835765,0.18663941,0.6646044,0.6928592,0.25683743,-0.1108229,-0.3500767,0.8939794,-1.0,0
1763545174859,1009.8271,0.13399807,4.69412,8.547761,0.2531271,0.20250167,-0.13790272,29.19375,-11.34375,18.75,46.950733,0.3361091,49.741684,0.20924366,0.18900749,0.66353214,0.6929779,0.25927806,-0.11082247,-0.35128483,0.8928002,-1.0,0
1763545174885,1009.8046,1.4315062,4.068995,6.908677,0.06696605,-0.37797257,-0.16493349,30.712502,-9.69375,17.868752,46.950733,0.3361091,49.741684,0.21452403,0.18649676,0.6597909,0.6956108,0.2602398,-0.11413857,-0.3531182,0.8913782,-1.0,0
1763545174910,1009.8046,1.521237,3.7764723,7.292725,-0.20639594,-0.12232567,-0.24449863,30.975,-9.168751,17.6625,46.950733,0.3361091,49.741684,0.21271694,0.18483104,0.6585277,0.6978039,0.25692582,-0.115758926,-0.35787794,0.8902316,-1.0,0
1763545174935,1009.78094,1.0031909,3.906283,8.173284,-0.30841035,0.14263692,-0.26435173,30.525002,-9.84375,18.206251,46.950733,0.3361091,49.741684,0.20931816,0.18430872,0.65772563,0.69972366,0.2550295,-0.11288821,-0.35994634,0.89031166,-1.0,0
1763545174960,1009.76044,0.503091,4.4051867,7.2448688,0.12637265,-0.1262963,-0.25778493,30.6,-9.58125,17.41875,46.950733,0.3361091,49.741684,0.20968917,0.18467127,0.65399176,0.70300907,0.25547874,-0.1131532,-0.36477134,0.8881829,-1.0,0
1763545174985,1009.76044,0.39840496,4.6007996,5.697311,0.16546799,-0.22388195,-0.27382013,31.931252,-8.175,16.10625,46.950733,0.3361091,49.741684,0.21140814,0.18462935,0.6514846,0.70483077,0.25614855,-0.114757665,-0.3675642,0.88663137,-1.0,0
1763545175010,1009.73114,0.39421752,4.9142594,5.6757755,-0.019165883,-0.046731155,-0.28344125,29.962502,-9.76875,17.643751,46.950733,0.3361091,49.741684,0.21066745,0.18500555,0.6496288,0.70666444,0.25620857,-0.11386393,-0.3697863,0.8858049,-1.0,0
1763545175036,1009.7155,0.3499503,5.0476594,7.043872,0.012751802,0.05742129,-0.2924515,30.54375,-10.575001,17.325,46.950733,0.3361091,49.741684,0.20891283,0.18708101,0.64593554,0.7100165,0.25738573,-0.11133942,-0.3741632,0.8839446,-1.0,0
1763545175061,1009.7155,0.35353956,5.1822557,6.735796,0.13507748,-0.03940078,-0.29825473,29.925001,-10.012501,17.6625,46.950733,0.3361091,49.741684,0.20990466,0.18828306,0.64349556,0.71162003,0.2588989,-0.11172204,-0.376592,0.8824217,-1.0,0
1763545175086,1009.7177,0.48873404,5.372485,6.683752,0.19814926,-0.07467822,-0.28603745,30.675001,-11.306251,17.6625,46.950733,0.3361091,49.741684,0.21152855,0.18971239,0.64099157,0.71301806,0.26088706,-0.11257469,-0.37883234,0.8807672,-1.0,0
1763545175111,1009.7177,0.7710871,5.5334024,6.5964136,0.25282165,-0.10033454,-0.2809978,30.45,-11.08125,16.893751,46.950733,0.3361091,49.741684,0.21377765,0.19113675,0.6382893,0.71438974,0.26315555,-0.11394419,-0.3809568,0.87899816,-1.0,0
1763545175136,1009.7165,0.9445667,5.7613187,6.8129644,0.2636645,-0.16462806,-0.31658068,30.056252,-11.38125,18.806252,46.950733,0.3361091,49.741684,0.21887918,0.1933516,0.632296,0.7175715,0.26738867,-0.11745737,-0.38573718,0.87516505,-1.0,0
1763545175161,1009.7319,1.198206,6.009574,6.760322,0.14561489,-0.0971275,-0.3349066,30.4125,-12.075001,16.181252,46.950733,0.3361091,49.741684,0.21973999,0.1941501,0.629542,0.71951157,0.2685269,-0.11778463,-0.38826826,0.87365204,-1.0,0
1763545175186,1009.7319,1.1485549,6.154938,7.5864444,-0.026801692,-0.016340632,-0.39003715,30.806252,-10.05,16.331251,46.950733,0.3361091,49.741684,0.21903823,0.19455686,0.626868,0.7219462,0.26865527,-0.11685241,-0.39119682,0.87243044,-1.0,0
1763545175211,1009.7358,0.7178468,6.105885,8.983254,-0.100869045,-0.022143848,-0.38744098,32.193752,-11.137501,16.40625,46.950733,0.3361091,49.741684,0.21824612,0.19438998,0.624398,0.7243675,0.26821247,-0.11610732,-0.39411855,0.8713505,-1.0,0
1763545175236,1009.7724,1.3674982,6.413961,10.242477,0.07628174,-0.086742796,-0.29474226,28.7625,-10.743751,16.743752,46.950733,0.3361091,49.741684,0.21902215,0.19455554,0.6198484,0.7279873,0.26867807,-0.116767526,-0.39940166,0.86870927,-1.0,0
1763545175261,1009.7724,0.9810573,6.7609205,10.254441,0.067118764,0.004123337,-0.2707658,31.725,-11.19375,17.53125,46.950733,0.3361091,49.741684,0.21900782,0.19520137,0.6180409,0.7293541,0.2692656,-0.11646475,-0.4013446,0.8676719,-1.0,0
1763545175287,1009.8007,1.5553347,6.2865434,11.077573,0.087124586,-0.15225805,-0.33307403,30.300001,-11.94375,15.262501,46.950733,0.3361091,49.741684,0.2204664,0.19504625,0.6130145,0.7331881,0.2696802,-0.116590016,-0.40346527,0.86654204,-1.0,0
1763545175312,1009.8007,1.8065811,5.487939,10.950154,0.035201084,-0.30879214,-0.5050325,31.143751,-12.0,16.40625,46.950733,0.3361091,49.741684,0.22150913,0.19344479,0.6085691,0.73699147,0.26975092,-0.11782569,-0.40685079,0.86476815,-1.0,0
1763545175338,1009.83295,1.3669,4.597809,11.737991,-0.020845762,-0.30344707,-0.61178106,30.88125,-12.525001,17.400002,46.950733,0.3361091,49.741684,0.22199486,0.19200653,0.6037852,0.74114454,0.26757938,-0.120621376,-0.4183692,0.8595458,-1.0,0
1763545175363,1009.8537,1.5667006,4.3112683,11.340185,0.09445497,-0.32559094,-0.6084213,30.843752,-12.7875,16.95,46.950733,0.3361091,49.741684,0.22353338,0.19068675,0.59857106,0.745241,0.2669168,-0.12281706,-0.42506406,0.8561495,-1.0,0
1763545175388,1009.8537,1.4243277,5.081159,8.428718,-0.0019089525,-0.52763444,-0.7644973,31.35,-13.33125,14.775001,46.950733,0.3361091,49.741684,0.227057,0.1854917,0.58578694,0.7555737,0.26577106,-0.12614699,-0.4325756,0.8522506,-1.0,0
1763545175413,1009.8461,1.2335001,5.0189457,8.304291,-0.24060437,-0.5090031,-0.87445295,29.643751,-13.5375,17.587502,46.950733,0.3361091,49.741684,0.22632402,0.18183683,0.57871985,0.76209986,0.26355442,-0.12845668,-0.4406478,0.84845,-1.0,0
1763545175438,1009.8383,0.88354975,4.447061,9.061021,-0.35071275,-0.46043932,-0.9346231,30.91875,-13.14375,16.5,46.950733,0.3361091,49.741684,0.22472677,0.17833121,0.57156944,0.768768,0.25606534,-0.1293626,-0.45865667,0.8410291,-1.0,0
1763545175463,1009.8383,0.6693921,3.9852462,9.396614,-0.23984079,-0.4017963,-0.8801034,29.906252,-14.493751,16.6875,46.950733,0.3361091,49.741684,0.22389615,0.17581591,0.56474143,0.77461374,0.25335595,-0.12981322,-0.4673247,0.83699876,-1.0,0
1763545175489,1009.82367,0.6867401,3.9613178,7.1946197,0.12988512,-0.558025,-0.7493784,28.800001,-14.118751,17.7,46.950733,0.3361091,49.741684,0.22793771,0.17144631,0.55088675,0.7843305,0.25198492,-0.13182159,-0.47536314,0.83256024,-1.0,0
1763545175514,1009.82367,1.0432707,4.238287,6.1513486,0.13141228,-0.7031054,-0.7367029,31.087502,-12.993751,16.63125,46.950733,0.3361091,49.741684,0.23143445,0.16790333,0.5434869,0.7892202,0.25091186,-0.13561955,-0.48296073,0.8278886,-1.0,0
1763545175539,1009.7929,1.294517,4.525426,6.708278,0.03810269,-0.62689996,-0.8785763,30.018751,-14.606251,17.1375,46.950733,0.3361091,49.741684,0.2366418,0.16160667,0.52736056,0.7998592,0.24565864,-0.14753936,-0.5065718,0.81318444,-1.0,0
1763545175565,1009.77435,1.1066805,4.733003,6.689734,0.09109521,-0.5737547,-0.93813556,28.425001,-15.900001,18.46875,46.950733,0.3361091,49.741684,0.23907754,0.15960298,0.5185341,0.8052895,0.2448665,-0.15057088,-0.51513094,0.8074707,-1.0,0
1763545175590,1009.77435,1.1102697,5.00399,6.524031,0.1259145,-0.605367,-1.0212132,30.225,-15.712501,18.73125,46.950733,0.3361091,49.741684,0.24170746,0.1576818,0.50881916,0.8110592,0.24425139,-0.1537117,-0.52426314,0.80116296,-1.0,0
1763545175616,1009.7558,0.18843478,5.2486563,6.7226353,0.076434456,-0.6365211,-1.1493421,28.9125,-17.212502,17.1,46.950733,0.3361091,49.741684,0.24623267,0.15363252,0.4876733,0.8233719,0.24255806,-0.15937082,-0.54381734,0.7874193,-1.0,0
1763545175641,1009.73944,-0.1369891,5.373083,7.1635127,0.07918335,-0.7185297,-1.0879502,30.018751,-16.612501,19.425001,46.950733,0.3361091,49.741684,0.24898362,0.15061425,0.4772611,0.8291829,0.24099018,-0.16309886,-0.55334353,0.78047,-1.0,0
1763545175667,1009.73944,0.49172506,5.5627146,7.7940216,0.110490166,-0.85795957,-1.0038035,29.587502,-18.900002,18.206251,46.950733,0.3361091,49.741684,0.2526453,0.14639103,0.46689638,0.8347142,0.23868428,-0.16819575,-0.5627172,0.77336234,-1.0,0
1763545175692,1009.738,1.5140585,5.4729834,8.860622,0.05093085,-1.0375538,-1.0737475,28.462502,-19.3875,18.35625,46.950733,0.3361091,49.741684,0.26005816,0.13514602,0.44465834,0.8463949,0.23157571,-0.17963123,-0.58262277,0.7580607,-1.0,0
1763545175718,1009.75726,1.1509477,5.2642097,9.762716,-0.029092435,-0.9634865,-1.0812306,28.706251,-20.98125,19.5,46.950733,0.3361091,49.741684,0.26240024,0.12969308,0.4337172,0.8521826,0.22754186,-0.18411644,-0.5927089,0.7503479,-1.0,0
1763545175743,1009.75726,0.89013004,5.424529,10.694721,0.03046688,-0.85734874,-0.9899064,28.275002,-20.90625,19.3875,46.950733,0.3361091,49.741684,0.2651397,0.12501717,0.4235929,0.8571119,0.22429994,-0.18872702,-0.60197234,0.7427657,-1.0,0
1763545175768,1009.7922,1.0546366,6.012565,10.192228,0.15997021,-0.9314161,-0.92072594,27.487501,-21.75,21.525002,46.950733,0.3361091,49.741684,0.2691644,0.11970826,0.4133466,0.86160606,0.22100697,-0.19477032,-0.610898,0.7348633,-1.0,0
1763545175794,1009.80194,2.1798615,6.1363935,8.914461,-0.20105088,-1.2347105,-1.0502293,27.187502,-22.518751,21.75,46.950733,0.3361091,49.741684,0.27425098,0.10362362,0.3902667,0.8727774,0.20841318,-0.20619261,-0.6309977,0.71825516,-1.0,0
1763545175819,1009.80194,2.5782664,5.5459647,10.027721,-0.58589566,-1.004109,-1.1801908,26.56875,-22.59375,22.125,46.950733,0.3361091,49.741684,0.27108848,0.09623737,0.37835327,0.87982845,0.2003824,-0.2063916,-0.642364,0.7103646,-1.0,0
1763545175844,1009.82367,2.0721843,4.8616176,11.433505,-0.7558688,-0.67561644,-1.2835796,28.35,-23.268751,21.35625,46.950733,0.3361091,49.741684,0.26576567,0.090976804,0.36657184,0.88697064,0.19325854,-0.20386098,-0.65419286,0.70222753,-1.0,0
1763545175869,1009.82367,0.78664047,4.256233,11.415559,-0.2511418,-0.7305943,-1.1016946,28.331251,-22.7625,19.95,46.950733,0.3361091,49.741684,0.26174906,0.08151044,0.34424326,0.89796436,0.18243586,-0.2046306,-0.6752991,0.68470037,-1.0,0
1763545175895,1009.8415,1.2616158,4.1850467,9.462418,0.0037415468,-0.9025527,-0.9596686,26.475,-24.581251,21.6375,46.950733,0.3361091,49.741684,0.26381144,0.07568837,0.33382934,0.9017942,0.17773037,-0.20913422,-0.6839234,0.6759612,-1.0,0
1763545175920,1009.8322,2.00698,4.217948,7.813762,-0.011835505,-0.8979712,-0.91477,27.4125,-24.993752,21.862501,46.950733,0.3361091,49.741684,0.26528943,0.06994671,0.32366595,0.9055216,0.1729359,-0.21298872,-0.6920525,0.6676768,-1.0,0
1763545175945,1009.8322,2.0398812,4.2598224,7.7593255,-0.17600541,-0.75915223,-0.9648609,29.75625,-24.35625,20.34375,46.950733,0.3361091,49.741684,0.2651083,0.06515271,0.31351006,0.90949667,0.16840596,-0.21486436,-0.7001202,0.65977603,-1.0,0
1763545175970,1009.80536,1.6223338,4.345366,7.69113,-0.11369721,-0.5430588,-1.0777181,26.118752,-25.63125,21.88125,46.950733,0.3361091,49.741684,0.2645738,0.05909335,0.29229358,0.9171004,0.16244933,-0.21702889,-0.71640897,0.6428584,-1.0,0
1763545175995,1009.80536,1.3734802,4.412365,6.8081784,-0.052763447,-0.61132294,-1.1398736,26.118752,-25.63125,21.88125,46.950733,0.3361091,49.741684,0.2652353,0.055996336,0.2805533,0.920763,0.16244933,-0.21702889,-0.71640897,0.6428584,-1.0,0
1763545176020,1009.7692,1.4027922,4.403392,6.553343,-0.089415334,-0.6565269,-1.1804962,28.25625,-26.531252,23.41875,46.950733,0.3361091,49.741684,0.2655381,0.052725848,0.26837802,0.9244906,0.15693252,-0.22059621,-0.73326033,0.62372977,-1.0,0
1763545176045,1009.736,1.1784651,4.4129634,7.8071823,-0.17142393,-0.51495904,-1.218828,27.525002,-28.837502,21.91875,46.950733,0.3361091,49.741684,0.26441994,0.047888905,0.24403436,0.9317918,0.15410705,-0.22141011,-0.7418357,0.6139286,-1.0,0
1763545176070,1009.736,0.72023964,4.4811587,8.352746,-0.0655916,-0.48899725,-1.1814125,28.85625,-29.437502,21.65625,46.950733,0.3361091,49.741684,0.26476225,0.04608111,0.23235282,0.9347672,0.15034182,-0.22275513,-0.7579656,0.59436154,-1.0,0
1763545176095,1009.72797,0.72382885,4.7371907,8.306684,0.09491312,-0.54718214,-1.0816888,28.781252,-29.718752,23.7,46.950733,0.3361091,49.741684,0.2666302,0.04388687,0.2213191,0.9370166,0.1489885,-0.22543326,-0.7648299,0.58482265,-1.0,0
1763545176120,1009.71576,0.991825,5.474778,6.920043,0.2154062,-0.5253437,-0.9834923,29.23125,-29.79375,22.10625,46.950733,0.3361091,49.741684,0.2719977,0.039760344,0.20044632,0.94034976,0.14734633,-0.23206179,-0.7765673,0.56690353,-1.0,0
1763545176145,1009.71576,0.92602235,5.6931233,6.862615,0.08605558,-0.40332347,-0.96867883,29.531252,-30.393751,23.19375,46.950733,0.3361091,49.741684,0.2731197,0.038822245,0.19067638,0.9420939,0.14698578,-0.23344532,-0.7820581,0.55882335,-1.0,0
1763545176170,1009.70526,0.94396853,5.88096,8.2678,0.0063377223,-0.32574365,-0.95493436,28.66875,-31.725,23.8125,46.950733,0.3361091,49.741684,0.2737645,0.038421422,0.18123367,0.94378555,0.14691567,-0.23417725,-0.7873826,0.551004,-1.0,0
1763545176195,1009.70526,0.50428736,5.95753,9.57787,0.11064288,-0.27687445,-0.8975131,30.50625,-32.025,23.962502,46.950733,0.3361091,49.741684,0.2754968,0.038345356,0.17256212,0.9449092,0.14749682,-0.23582521,-0.7920828,0.5433563,-1.0,0
1763545176221,1009.70917,0.7477571,6.300302,8.934201,0.44692394,-0.4149299,-0.7145591,30.862501,-33.225002,23.0625,46.950733,0.3361091,49.741684,0.28358936,0.03640501,0.1568176,0.9453359,0.14885461,-0.2441118,-0.7992814,0.5285839,-1.0,0
1763545176246,1009.71967,0.84167534,6.594021,8.608179,0.34506226,-0.5039635,-0.7032581,30.50625,-33.412502,24.656252,46.950733,0.3361091,49.741684,0.28696778,0.034122348,0.14893985,0.9456755,0.14810596,-0.24815208,-0.80289036,0.5213945,-1.0,0
1763545176271,1009.72894,0.26021945,6.600601,9.2488575,0.028176138,-0.205556,-0.6186533,31.06875,-34.96875,24.525002,46.950733,0.3361091,49.741684,0.28868255,0.032912467,0.13577707,0.9471767,0.14766592,-0.25023118,-0.80969477,0.50987595,-1.0,0
1763545176297,1009.72894,0.78783685,6.5108705,9.470194,-0.13324489,-0.344375,-0.6553052,32.30625,-33.225002,24.45,46.950733,0.3361091,49.741684,0.28748366,0.030948717,0.12837793,0.9486382,0.1453628,-0.24994868,-0.81408674,0.5036448,-1.0,0
1763545176322,1009.7409,0.6891329,5.7876396,10.057034,-0.28840452,-0.40790495,-0.82268214,31.725,-34.537502,25.35,46.950733,0.3361091,49.741684,0.28473502,0.029463861,0.119706385,0.9506462,0.14278112,-0.2481042,-0.81966484,0.49619293,-1.0,0
1763545176347,1009.7409,-0.44506502,4.99083,10.951949,-0.36033386,-0.1432478,-0.8631519,32.475002,-34.575,24.35625,46.950733,0.3361091,49.741684,0.2813272,0.030538827,0.111944325,0.9525707,0.14219517,-0.24465923,-0.8249439,0.48927495,-1.0,0
1763545176373,1009.7697,-1.1210374,4.64746,9.85484,0.09918917,-0.24694209,-0.45906487,33.300003,-35.60625,24.018751,46.950733,0.3361091,49.741684,0.28091103,0.030422207,0.101229586,0.9538952,0.14147693,-0.24458289,-0.8313749,0.47851783,-1.0,0
1763545176399,1009.77313,-0.41754755,4.71087,8.614759,0.19509494,-0.536492,-0.3478875,33.09375,-35.006252,25.3875,46.950733,0.3361091,49.741684,0.28274837,0.02644934,0.09645729,0.9539653,0.13844648,-0.24794915,-0.8336388,0.47370896,-1.0,0
1763545176425,1009.77313,0.1692922,4.6618166,7.8227353,0.085597426,-0.5745183,-0.33093598,34.143753,-35.643753,25.1625,46.950733,0.3361091,49.741684,0.28335914,0.022440858,0.091847174,0.9543417,0.13491353,-0.2501886,-0.83605814,0.4692662,-1.0,0
1763545176450,1009.77045,-0.053240303,4.3818564,8.078169,-0.16409355,-0.17318016,-0.28725916,32.11875,-36.225002,25.25625,46.950733,0.3361091,49.741684,0.2807906,0.019483408,0.08510327,0.9557899,0.13228841,-0.25016868,-0.8384981,0.46565688,-1.0,0
1763545176475,1009.76385,-0.12622139,4.4279184,7.795816,-0.083612114,-0.09911281,-0.21639885,35.11875,-35.175003,25.500002,46.950733,0.3361091,49.741684,0.28021386,0.018957587,0.08293222,0.9561606,0.13011907,-0.24889399,-0.84194744,0.46070084,-1.0,0
1763545176500,1009.76385,0.05682954,4.488337,7.5349984,0.06360629,-0.229227,-0.17669263,35.456253,-35.53125,26.868752,46.950733,0.3361091,49.741684,0.2812439,0.017026858,0.080544606,0.9560986,0.12867337,-0.25066152,-0.8430211,0.45817837,-1.0,0
1763545176525,1009.7475,0.637089,4.5631127,6.3678994,0.22731806,-0.37171122,-0.2112065,33.787502,-35.943752,25.218752,46.950733,0.3361091,49.741684,0.28561,0.011668875,0.074723616,0.9553571,0.12682624,-0.25385204,-0.8439644,0.45519048,-1.0,0
1763545176550,1009.7475,0.567099,4.6707897,5.989235,0.11064288,-0.23472479,-0.28710645,35.456253,-37.143753,25.575,46.950733,0.3361091,49.741684,0.286488,0.010635045,0.071389176,0.95536125,0.12533551,-0.25690514,-0.845013,0.4519334,-1.0,0
1763545176575,1009.7299,0.12263216,4.6295137,6.8650084,0.0032833982,-0.10491603,-0.33750278,34.3875,-37.256252,26.156252,46.950733,0.3361091,49.741684,0.2867295,0.010727379,0.06806736,0.95553017,0.12481428,-0.25836074,-0.8480303,0.44555095,-1.0,0
1763545176600,1009.7231,-0.31585258,5.1003013,7.6145597,0.32261297,-0.22846343,-0.2622137,34.350002,-38.25,25.29375,46.950733,0.3361091,49.741684,0.29162157,0.009236934,0.061860327,0.9544867,0.12525669,-0.25979015,-0.8491883,0.44237885,-1.0,0
1763545176625,1009.7231,-0.34217364,5.63091,7.006783,0.4311942,-0.28145593,-0.23136504,35.15625,-38.550003,26.456251,46.950733,0.3361091,49.741684,0.29573235,0.007771921,0.05892732,0.9534199,0.12525009,-0.2635164,-0.8498315,0.4389281,-1.0,0
1763545176650,1009.717,-0.35653058,6.0867424,6.3996043,0.34322965,-0.28435755,-0.21456626,34.36875,-38.643753,28.406252,46.950733,0.3361091,49.741684,0.29882577,0.005778623,0.05600092,0.9526456,0.12500013,-0.27148697,-0.8504371,0.4329279,-1.0,0
1763545176675,1009.7153,0.2727818,6.305686,7.454241,0.1579849,-0.46456265,-0.22876886,33.581253,-39.7125,27.618752,46.950733,0.3361091,49.741684,0.30053866,0.0020324467,0.05222962,0.9523363,0.12244343,-0.2744726,-0.85136765,0.42993662,-1.0,0
1763545176701,1009.7153,0.31585258,6.4612193,9.352945,0.0561232,-0.23304491,-0.32330018,35.25,-38.662502,27.69375,46.950733,0.3361091,49.741684,0.3020222,-0.0018203543,0.04469369,0.9522509,0.11936702,-0.27743867,-0.8545302,0.42256054,-1.0,0
1763545176726,1009.7475,-0.05383851,6.7465634,9.436694,0.007101303,-0.05329795,-0.2855793,35.831253,-38.60625,28.406252,46.950733,0.3361091,49.741684,0.30207595,-0.0014465273,0.04199297,0.9523574,0.11965748,-0.2773699,-0.85582155,0.41990182,-1.0,0
1763545176751,1009.7685,0.05503492,6.858428,9.647861,0.030161448,-0.11056653,-0.2583958,35.643753,-38.775,29.362501,46.950733,0.3361091,49.741684,0.3025238,-0.0019139185,0.039165575,0.9523349,0.11935912,-0.2779887,-0.8570075,0.41714957,-1.0,0
1763545176776,1009.7685,0.357727,6.6777697,8.858828,-0.0881936,-0.2376264,-0.2716821,37.21875,-39.84375,27.712502,46.950733,0.3361091,49.741684,0.3016757,-0.0045899753,0.03281468,0.95283467,0.116454765,-0.27832997,-0.8601744,0.41118205,-1.0,0
1763545176801,1009.79877,0.567099,6.7405815,9.270393,-0.29710937,-0.24098615,-0.28435755,36.54375,-38.15625,26.60625,46.950733,0.3361091,49.741684,0.2987959,-0.006230794,0.029387036,0.95384413,0.1137504,-0.27636692,-0.8625425,0.4082923,-1.0,0
1763545176827,1009.79877,1.1084751,6.378069,10.459028,-0.35712683,-0.28848088,-0.3028362,37.518753,-38.325,28.368752,46.950733,0.3361091,49.741684,0.29582417,-0.0082155075,0.02568958,0.9548615,0.110625684,-0.27448386,-0.86512667,0.40494004,-1.0,0
1763545176854,1009.82,0.9661021,5.56092,10.195219,-0.03978257,-0.3262018,-0.32757625,37.800003,-38.5125,26.175001,46.950733,0.3361091,49.741684,0.29388693,-0.012826808,0.017936327,0.9555858,0.105089776,-0.2747548,-0.86966074,0.3964292,-1.0,0
1763545176878,1009.82806,1.0241281,5.0715876,9.305089,0.03825541,-0.39675668,-0.27259842,37.350002,-39.1875,27.0375,46.950733,0.3361091,49.741684,0.29407105,-0.016044257,0.014364911,0.95554096,0.1019735,-0.2762908,-0.8713771,0.39238593,-1.0,0
1763545176903,1009.82806,1.5182459,4.5212383,9.118449,0.028328855,-0.41065386,-0.25503606,40.162502,-40.631252,25.743752,46.950733,0.3361091,49.741684,0.29418942,-0.019005202,0.010973244,0.9554952,0.099026166,-0.27767324,-0.87306833,0.38838527,-1.0,0
1763545176928,1009.821,1.5427724,4.365705,8.2558365,0.05688678,-0.28221953,-0.2716821,38.662502,-40.050003,25.725,46.950733,0.3361091,49.741684,0.29446986,-0.020932293,0.0077612232,0.95539993,0.09701944,-0.27881515,-0.8747333,0.38430586,-1.0,0
1763545176953,1009.7941,1.3034902,4.369294,6.469594,-0.051236283,-0.2762636,-0.320704,39.6375,-40.2,26.7,46.950733,0.3361091,49.741684,0.29373488,-0.024664054,0.0005468835,0.95556855,0.09279007,-0.27978295,-0.87842435,0.3761412,-1.0,0
1763545176978,1009.7941,1.486541,4.4081774,6.3678994,-0.16439898,-0.28710645,-0.3697259,39.956253,-38.568752,28.275002,46.950733,0.3361091,49.741684,0.29202154,-0.026455842,-0.0038038306,0.9560382,0.09027916,-0.2789734,-0.8808197,0.37172598,-1.0,0
1763545177003,1009.7653,1.1940185,4.348955,7.5643106,-0.2370919,-0.24877468,-0.41722065,38.456253,-38.831253,26.437502,46.950733,0.3361091,49.741684,0.29006228,-0.02753715,-0.008248963,0.95657593,0.088308536,-0.2776617,-0.8833331,0.36718968,-1.0,0
1763545177029,1009.7653,0.10707881,4.510471,7.597212,0.1494328,0.077579826,-0.26633704,38.98125,-39.787502,27.825,46.950733,0.3361091,49.741684,0.29132083,-0.025549155,-0.013465304,0.9561894,0.08866289,-0.2770712,-0.8849935,0.363534,-1.0,0
1763545177054,1009.76263,0.36370903,4.9986067,6.502496,0.29604036,-0.11560616,-0.19226968,39.300003,-41.006252,29.41875,46.950733,0.3361091,49.741684,0.29414073,-0.026619583,-0.015667114,0.9552629,0.090202965,-0.2812308,-0.8857307,0.35812542,-1.0,0
1763545177079,1009.7314,0.60059845,5.319843,5.790631,0.2917643,-0.27412558,-0.21395539,41.625,-40.612503,25.44375,46.950733,0.3361091,49.741684,0.2967649,-0.028600652,-0.01843068,0.9543442,0.0893426,-0.2844386,-0.886037,0.35503668,-1.0,0
1763545177104,1009.7314,0.53240305,5.5986066,6.250651,0.124692775,0.048716467,-0.22525638,42.54375,-41.1375,25.687502,46.950733,0.3361091,49.741684,0.29997554,-0.02787251,-0.02259734,0.9532718,0.08946327,-0.28625813,-0.88632786,0.35281086,-1.0,0
1763545177129,1009.72064,0.20398813,5.858228,6.1184473,0.13767365,0.11178826,-0.19226968,41.775,-41.23125,27.618752,46.950733,0.3361091,49.741684,0.30153185,-0.026704622,-0.02402811,0.9527792,0.09319488,-0.2880092,-0.8864765,0.3500355,-1.0,0
1763545177154,1009.7287,0.16390835,6.2997036,6.579664,0.108657576,-0.085979216,-0.17363831,43.987503,-40.3875,27.656252,46.950733,0.3361091,49.741684,0.30281627,-0.027493032,-0.025984285,0.95229787,0.0931156,-0.28945303,-0.8866234,0.34849024,-1.0,0
1763545177179,1009.7287,0.23090738,6.483353,7.8023963,0.12942697,-0.22525638,-0.15332706,43.987503,-38.8875,27.862501,46.950733,0.3361091,49.741684,0.30446172,-0.029174872,-0.027930386,0.9516679,0.09234708,-0.29158208,-0.886643,0.34686613,-1.0,0
1763545177204,1009.7497,0.5808577,6.786045,8.679366,0.36308277,-0.11866048,0.010995566,42.225002,-42.3375,30.4125,46.950733,0.3361091,49.741684,0.31055108,-0.031759493,-0.028907835,0.9495861,0.092258126,-0.29442963,-0.88604593,0.34600905,-1.0,0
1763545177230,1009.7497,1.0133604,7.2089763,8.282756,0.37728536,-0.22052218,-0.028863361,41.737503,-39.75,29.23125,46.950733,0.3361091,49.741684,0.3137712,-0.034059945,-0.030048128,0.94841164,0.09246607,-0.29816216,-0.88497865,0.34548825,-1.0,0
1763545177255,1009.7746,1.3860425,7.281359,8.219346,0.17524183,-0.27382013,-0.16478078,41.98125,-40.74375,30.187502,46.950733,0.3361091,49.741684,0.3149057,-0.035758734,-0.032557756,0.94789016,0.0905304,-0.3037244,-0.8848064,0.34157482,-1.0,0
1763545177280,1009.8083,-1.1270195,6.795616,9.877572,-0.15004367,0.6540835,-0.19226968,41.71875,-40.518753,30.525002,46.950733,0.3361091,49.741684,0.3129974,-0.025686935,-0.03353643,0.94881403,0.09902371,-0.29802936,-0.8860682,0.34096327,-1.0,0
1763545177305,1009.8083,-1.6109679,6.8985076,9.468399,-0.14973822,0.6789762,0.005345067,42.61875,-40.3125,31.331251,46.950733,0.3361091,49.741684,0.31168997,-0.019957595,-0.03154992,0.9494502,0.103931785,-0.29452866,-0.88570094,0.34348926,-1.0,0
1763545177330,1009.8403,-0.549751,6.760322,9.81476,-0.18073961,0.22143848,0.07925971,42.46875,-40.443752,30.431252,46.950733,0.3361091,49.741684,0.3100323,-0.01858149,-0.030733813,0.95004743,0.10473201,-0.29239786,-0.8857122,0.34503415,-1.0,0
1763545177356,1009.8649,-0.57188463,4.87418,10.198809,-0.13782637,0.23915356,-0.0016798781,43.18125,-39.75,31.087502,46.950733,0.3361091,49.741684,0.30680126,-0.015169584,-0.029807549,0.95118576,0.106420174,-0.28815258,-0.886611,0.34578001,-1.0,0
1763545177381,1009.8649,-0.74536425,4.6259246,9.456435,-0.118889555,0.23075417,0.09987639,41.775,-40.256252,30.50625,46.950733,0.3361091,49.741684,0.30534667,-0.013906082,-0.028343188,0.9517178,0.10690748,-0.28635773,-0.88665205,0.34701318,-1.0,0
1763545177406,1009.8559,-0.15732808,4.5284166,9.177671,-0.07826705,-0.15607595,0.15027274,40.85625,-41.100002,31.10625,46.950733,0.3361091,49.741684,0.30425733,-0.016292283,-0.027793137,0.95204496,0.10421168,-0.2863178,-0.88682675,0.34741965,-1.0,0
1763545177431,1009.8559,0.42951167,4.599005,8.66142,-0.05337431,-0.36331183,0.08857539,42.16875,-39.84375,29.343752,46.950733,0.3361091,49.741684,0.3011529,-0.021681515,-0.028352214,0.9529077,0.09777804,-0.28566173,-0.888154,0.34643805,-1.0,0
1763545177456,1009.8481,-0.40079778,4.6642094,8.221739,-0.25557056,0.075289086,0.118202336,39.46875,-39.9,32.568752,46.950733,0.3361091,49.741684,0.29861543,-0.020547656,-0.026636219,0.9537805,0.09779006,-0.28289658,-0.88833517,0.34823442,-1.0,0
1763545177481,1009.8349,-0.30029923,4.7198424,7.9818583,-0.19585852,0.27107126,0.21899502,41.737503,-38.79375,32.5875,46.950733,0.3361091,49.741684,0.29699844,-0.018574918,-0.023823652,0.9544,0.09896325,-0.280641,-0.88781965,0.35103154,-1.0,0
1763545177507,1009.8349,0.08853444,4.7718863,7.30768,-0.003894263,0.15424335,0.22510368,39.7125,-40.125,32.568752,46.950733,0.3361091,49.741684,0.2972793,-0.018128393,-0.021590322,0.95437425,0.09946898,-0.28073037,-0.88694215,0.3530297,-1.0,0
1763545177531,1009.7929,0.12263216,4.818547,6.128019,0.14240785,-0.03924806,0.1632536,39.75,-39.35625,31.275002,46.950733,0.3361091,49.741684,0.29861373,-0.019302316,-0.020424724,0.9539602,0.0989104,-0.2824172,-0.8861048,0.35394275,-1.0,0
1763545177556,1009.7746,0.15014961,4.5391846,5.81755,0.047112945,-0.17562363,0.12492185,40.48125,-39.300003,32.287502,46.950733,0.3361091,49.741684,0.30004513,-0.0230378,-0.019096212,0.95345557,0.09618684,-0.28514192,-0.88492733,0.35545158,-1.0,0
1763545177581,1009.7746,0.31046873,4.4524446,6.31765,-0.0029779659,-0.017562363,0.13530655,39.318752,-40.03125,31.368752,46.950733,0.3361091,49.741684,0.30001754,-0.023213634,-0.017827544,0.95348454,0.09604555,-0.28517476,-0.8844184,0.35672766,-1.0,0
1763545177606,1009.75995,-0.17587246,5.128417,6.908079,0.0051159924,0.16294818,0.14080434,38.90625,-39.075,32.268753,46.950733,0.3361091,49.741684,0.30012932,-0.021214083,-0.014529626,0.95355195,0.09673592,-0.28473574,-0.8839222,0.3581191,-1.0,0
1763545177633,1009.7526,-0.40857446,5.7631135,7.091728,0.118889555,0.13927718,0.15164718,38.268753,-39.15,34.050003,46.950733,0.3361091,49.741684,0.30160385,-0.020552771,-0.012806604,0.9531258,0.09922991,-0.28555337,-0.881978,0.36156273,-1.0,0
1763545177658,1009.7526,-0.86261255,6.238687,6.795616,0.22670719,0.003817905,0.16646065,40.66875,-39.15,31.63125,46.950733,0.3361091,49.741684,0.30387676,-0.021069102,-0.011266199,0.9524117,0.09980449,-0.28779167,-0.88051665,0.36318788,-1.0,0
1763545177684,1009.7651,-0.19262223,6.604789,7.2526455,0.035048366,-0.04856375,0.24678937,39.581253,-40.0125,33.037502,46.950733,0.3361091,49.741684,0.30568007,-0.02284656,-0.007444156,0.95183104,0.10009212,-0.28940946,-0.87894946,0.36561126,-1.0,0
1763545177710,1009.7651,0.62093747,6.6305118,8.707481,-0.10560325,-0.20127994,0.15439607,37.4625,-39.487503,34.612503,46.950733,0.3361091,49.741684,0.30474582,-0.025196131,-0.0070639253,0.95207417,0.09701394,-0.2899882,-0.87771463,0.3689338,-1.0,0
1763545177735,1009.7929,0.41515473,6.5431733,9.830314,-0.1466839,-0.13362667,0.05421425,38.475002,-39.75,32.662502,46.950733,0.3361091,49.741684,0.3033818,-0.025692454,-0.0067362194,0.95249885,0.096016005,-0.28893176,-0.8779807,0.3693903,-1.0,0
1763545177760,1009.8254,-0.6681957,7.0929246,9.399008,-0.20059273,0.5178606,0.14844014,38.850002,-39.3375,32.287502,46.950733,0.3361091,49.741684,0.29985437,-0.017795598,-0.001804091,0.95381725,0.099017434,-0.28584766,-0.87767255,0.37172243,-1.0,0
1763545177785,1009.8254,0.068793654,7.012167,9.618548,-0.19051345,0.09987639,0.13439025,37.8375,-39.1875,33.018753,46.950733,0.3361091,49.741684,0.29822224,-0.018245213,-0.0010338592,0.9543215,0.10183915,-0.2825918,-0.87730455,0.37430927,-1.0,0
1763545177811,1009.86615,1.0366904,6.5228343,10.253843,-0.21968225,-0.39813113,0.0061086477,38.23125,-39.412502,34.068752,46.950733,0.3361091,49.741684,0.29610413,-0.02240514,-0.0026721617,0.9548891,0.09604176,-0.28099045,-0.8787419,0.373675,-1.0,0
1763545177835,1009.9035,1.3046865,5.611169,11.818151,-0.23755004,-0.47280934,-0.08307761,36.206253,-39.35625,32.568752,46.950733,0.3361091,49.741684,0.29389378,-0.026222425,-0.0046633086,0.9554669,0.09152669,-0.28050676,-0.8802373,0.3716465,-1.0,0
1763545177860,1009.9035,1.7617157,5.110471,11.114063,-0.014737112,0.05497783,-0.11331542,38.943752,-38.831253,32.568752,46.950733,0.3361091,49.741684,0.29187086,-0.02649843,-0.0065399674,0.9560682,0.089547835,-0.27905542,-0.88275677,0.36721894,-1.0,0
1763545177885,1009.90424,0.89312106,4.953741,9.885348,-0.008781182,0.084452055,-0.18325943,37.443752,-38.86875,34.74375,46.950733,0.3361091,49.741684,0.291412,-0.02567121,-0.007977176,0.9562199,0.089723624,-0.27844143,-0.88399106,0.364664,-1.0,0
1763545177910,1009.90424,0.26620153,4.615755,9.080164,7.63581e-05,-0.02489274,-0.13271037,40.3125,-37.93125,31.9125,46.950733,0.3361091,49.741684,0.29114094,-0.025872203,-0.009103172,0.95628697,0.089166455,-0.27835545,-0.8848388,0.36280546,-1.0,0
1763545177935,1009.8852,1.0336994,4.3064823,7.6271224,-0.06772963,-0.1999055,-0.023823727,37.912502,-37.443752,32.5875,46.950733,0.3361091,49.741684,0.28971654,-0.02899752,-0.010756945,0.95661265,0.08528433,-0.27839383,-0.8863628,0.35997847,-1.0,0
1763545177961,1009.8576,1.3824533,4.4111686,7.697112,-0.15050182,-0.25885394,-0.09117157,37.36875,-37.987503,31.7625,46.950733,0.3361091,49.741684,0.28803185,-0.031170228,-0.012497873,0.9570318,0.0823808,-0.27775407,-0.8877428,0.3577412,-1.0,0
1763545177986,1009.8576,1.154537,4.5505505,7.646863,-0.20761767,-0.1867719,-0.16722423,37.59375,-37.48125,33.412502,46.950733,0.3361091,49.741684,0.28594702,-0.03227642,-0.014573571,0.9575908,0.0802933,-0.27633396,-0.8893973,0.35519695,-1.0,0
1763545178012,1009.83417,0.3062813,4.727021,7.919645,-0.05016727,0.021074835,-0.08872811,39.35625,-39.037502,32.23125,46.950733,0.3361091,49.741684,0.28423202,-0.031735152,-0.016641514,0.95808566,0.07974601,-0.2746553,-0.89114696,0.3522246,-1.0,0
1763545178037,1009.81903,0.85902333,5.0159545,7.478169,0.14500403,-0.03084867,-0.022754714,38.025,-38.30625,32.625,46.950733,0.3361091,49.741684,0.28585234,-0.03197814,-0.016884461,0.9575911,0.080002405,-0.27628568,-0.8909628,0.3513562,-1.0,0
1763545178062,1009.81903,1.1862419,5.259424,6.3828545,0.22273657,0.040317077,-0.047952887,37.425003,-37.612503,33.112503,46.950733,0.3361091,49.741684,0.28786147,-0.03117672,-0.017141493,0.9570109,0.081355855,-0.27788022,-0.8907231,0.35039422,-1.0,0
1763545178088,1009.78436,1.174876,5.3742795,5.66082,0.107435845,0.23518294,-0.13240494,39.9,-37.85625,31.331251,46.950733,0.3361091,49.741684,0.28882802,-0.02837812,-0.017746637,0.95679575,0.084198356,-0.27773649,-0.89089805,0.3493905,-1.0,0
1763545178113,1009.78436,0.18843478,5.5405807,7.0193453,0.050319985,0.30863944,-0.20127994,38.53125,-38.737503,32.456253,46.950733,0.3361091,49.741684,0.29030916,-0.021691859,-0.019692682,0.9564843,0.08756852,-0.27662548,-0.89140147,0.34815738,-1.0,0
1763545178138,1009.7702,0.0849452,5.615955,7.110871,0.25465426,0.15638138,-0.13729186,38.5875,-39.131252,33.7125,46.950733,0.3361091,49.741684,0.2933172,-0.02043402,-0.020467017,0.95557755,0.09305818,-0.27891344,-0.891057,0.3457815,-1.0,0
1763545178163,1009.76434,0.1692922,5.681159,6.799206,0.4058433,-0.041538805,-0.07238748,38.2125,-37.93125,34.912502,46.950733,0.3361091,49.741684,0.2973054,-0.021031072,-0.021186676,0.9543156,0.09399482,-0.28283876,-0.89020616,0.3445289,-1.0,0
1763545178188,1009.76434,-0.16689938,6.2327046,7.3567333,0.2738965,0.060017463,-0.02489274,38.193752,-40.93125,35.7,46.950733,0.3361091,49.741684,0.30337107,-0.020747991,-0.021512613,0.95240366,0.094759546,-0.28629166,-0.8894541,0.343408,-1.0,0
1763545178213,1009.77094,-0.29312077,6.3140607,7.6779695,0.19784383,0.113162704,0.058490302,39.61875,-38.268753,34.0125,46.950733,0.3361091,49.741684,0.3051942,-0.020049581,-0.020564198,0.9518569,0.09649278,-0.2883637,-0.8886561,0.3432577,-1.0,0
1763545178238,1009.7956,0.31166515,6.52104,8.19123,0.11446079,-0.010690134,0.07696896,39.24375,-39.318752,35.8125,46.950733,0.3361091,49.741684,0.30617616,-0.020548835,-0.020128176,0.9515402,0.09772702,-0.2908875,-0.887353,0.344149,-1.0,0
1763545178263,1009.7956,0.42652065,6.5724854,9.055637,0.026648976,-0.0858265,0.012064579,37.425003,-38.8875,35.362503,46.950733,0.3361091,49.741684,0.30635008,-0.021233479,-0.02031366,0.95146525,0.0970794,-0.2913363,-0.88745,0.34370226,-1.0,0
1763545178288,1009.83,-0.67836523,6.9768724,9.9140625,0.0014508038,0.19944735,0.19807291,37.96875,-39.09375,36.393753,46.950733,0.3361091,49.741684,0.30610365,-0.01910615,-0.016810996,0.95165795,0.097846575,-0.2908477,-0.8873024,0.34427917,-1.0,0
1763545178313,1009.83,0.33499518,7.3525457,9.97149,-0.053527027,-0.041691523,0.23258677,36.862503,-38.7,36.3375,46.950733,0.3361091,49.741684,0.30527484,-0.020561367,-0.015359914,0.95191836,0.098794036,-0.29035184,-0.88648295,0.34653074,-1.0,0
1763545178338,1009.85565,1.1114662,6.9445696,10.909476,-0.18745913,-0.21166465,0.05864302,40.18125,-38.25,36.881252,46.950733,0.3361091,49.741684,0.3032568,-0.022289842,-0.015906913,0.9525153,0.094602205,-0.28898433,-0.88712955,0.34718817,-1.0,0
1763545178363,1009.87225,0.31046873,6.0843496,11.712867,-0.26962045,0.056046844,-0.11178826,39.825,-40.237503,33.018753,46.950733,0.3361091,49.741684,0.30072716,-0.020538064,-0.016485868,0.95334655,0.094994195,-0.28606772,-0.8884423,0.3461383,-1.0,0
1763545178388,1009.87225,-0.6939186,5.415556,9.409177,0.051389,0.26542073,0.08491021,39.300003,-36.318752,33.318752,46.950733,0.3361091,49.741684,0.299957,-0.014863827,-0.0140111195,0.953734,0.09837228,-0.2836693,-0.88863367,0.3466768,-1.0,0
1763545178413,1009.8603,0.017347964,5.2283173,8.728418,0.06207913,-0.11804962,0.056352276,37.7625,-37.125,37.068752,46.950733,0.3361091,49.741684,0.30022103,-0.016119512,-0.014188219,0.95362794,0.098476365,-0.2840685,-0.88833946,0.3470742,-1.0,0
1763545178438,1009.8332,-0.47018966,4.6061835,7.318448,-0.17936517,0.10308343,-0.04535671,38.1375,-38.193752,36.318752,46.950733,0.3361091,49.741684,0.2974904,-0.01474292,-0.014792531,0.9544964,0.09845878,-0.28111163,-0.8896932,0.3460175,-1.0,0
1763545178464,1009.8332,-0.37567315,4.2711883,7.683952,-0.27221662,0.19700389,-0.009162972,38.362503,-38.550003,36.6375,46.950733,0.3361091,49.741684,0.29498562,-0.012750667,-0.014312054,0.9553094,0.09927359,-0.27807167,-0.8903732,0.34649172,-1.0,0
1763545178489,1009.8161,-0.67477596,3.923631,7.792825,-0.16928591,0.119271345,0.04444041,39.581253,-39.28125,33.91875,46.950733,0.3361091,49.741684,0.2936524,-0.012058728,-0.013505914,0.9557408,0.09928447,-0.276622,-0.89062995,0.34698868,-1.0,0
1763545178515,1009.7685,-0.89730847,3.6191442,6.9391856,0.028023422,-0.16707152,0.2932151,38.475002,-38.025,35.8125,46.950733,0.3361091,49.741684,0.29499716,-0.015486743,-0.009623829,0.9553242,0.096409045,-0.27922833,-0.88904077,0.3497762,-1.0,0
1763545178539,1009.7685,0.2883351,4.2185464,5.1439705,0.07903063,-0.21746786,0.26175556,36.862503,-37.331253,35.643753,46.950733,0.3361091,49.741684,0.2952669,-0.018010966,-0.008035489,0.9552112,0.0940743,-0.2804585,-0.8884605,0.35090023,-1.0,0
1763545178564,1009.75165,0.48394838,4.601398,5.6356955,-0.099036455,-0.13347395,0.15271619,37.0875,-36.91875,35.287502,46.950733,0.3361091,49.741684,0.2942016,-0.019324372,-0.007240374,0.9555206,0.092397146,-0.27998355,-0.88852435,0.35156286,-1.0,0
1763545178589,1009.75165,0.23569304,4.622335,6.6556363,-0.15386157,-0.03619374,0.032070402,36.768753,-36.975002,37.162502,46.950733,0.3361091,49.741684,0.29306543,-0.01964011,-0.0071804253,0.95586365,0.091606125,-0.27907237,-0.88891107,0.3515168,-1.0,0
1763545178614,1009.74506,-0.32662028,4.667799,7.0085773,-0.048334677,-0.00962112,-0.0035124724,37.987503,-38.325,35.11875,46.950733,0.3361091,49.741684,0.29284316,-0.019699866,-0.007234862,0.9559302,0.091376655,-0.2789185,-0.88910747,0.3512018,-1.0,0
1763545178639,1009.7492,-0.57009,5.341378,7.944171,0.07047852,-0.03252855,0.060781047,38.756252,-37.5,34.050003,46.950733,0.3361091,49.741684,0.29392853,-0.02006626,-0.006524616,0.9555945,0.091440886,-0.28006282,-0.8885333,0.35172716,-1.0,0
1763545178664,1009.7492,-0.7004988,5.48076,7.77129,0.19081889,0.008246674,0.10109812,38.831253,-36.487503,33.225002,46.950733,0.3361091,49.741684,0.29585117,-0.02016001,-0.005509293,0.9550054,0.09203564,-0.28189322,-0.8876546,0.35232788,-1.0,0
1763545178689,1009.75775,-0.09092726,6.0418773,7.652247,0.16959134,-0.26450446,0.1631009,37.96875,-35.475002,35.71875,46.950733,0.3361091,49.741684,0.2993814,-0.024628876,-0.0039867316,0.95380723,0.08929281,-0.2868146,-0.8858752,0.35353824,-1.0,0
1763545178714,1009.75775,-0.09092726,6.0418773,7.652247,0.16959134,-0.26450446,0.1631009,37.96875,-35.475002,35.71875,46.950733,0.3361091,49.741684,0.2993814,-0.024628876,-0.0039867316,0.95380723,0.08929281,-0.2868146,-0.8858752,0.35353824,-1.0,0
1763545178739,1009.7741,0.3912265,6.7764735,9.135797,-0.07093667,-0.19746204,0.034819294,37.068752,-36.1875,36.9375,46.950733,0.3361091,49.741684,0.29880682,-0.029009836,-0.0043082004,0.95386285,0.0849357,-0.28794616,-0.88614506,0.35301542,-1.0,0
1763545178765,1009.8039,-0.058624156,7.045666,9.677173,-0.17325652,-0.056963142,0.003817905,37.350002,-36.393753,34.7625,46.950733,0.3361091,49.741684,0.29717737,-0.029289572,-0.0044412096,0.95436263,0.084030874,-0.2865503,-0.88670206,0.35296908,-1.0,0
1763545178791,1009.8039,0.69571316,7.155138,9.830912,-0.23556472,-0.18585561,-0.011453714,38.53125,-35.662502,34.893753,46.950733,0.3361091,49.741684,0.29305974,-0.031606786,-0.005612636,0.9555551,0.08033547,-0.28360048,-0.88825345,0.35231057,-1.0,0
1763545178816,1009.8256,1.3142579,6.631708,10.756336,-0.37530005,-0.35216355,-0.11285727,38.90625,-36.0,34.875,46.950733,0.3361091,49.741684,0.28939852,-0.0344973,-0.007991814,0.9565535,0.07619075,-0.28131217,-0.89018697,0.3501793,-1.0,0
1763545178842,1009.87494,1.5284154,5.7451673,12.1352005,-0.4834231,-0.24846925,-0.17928882,38.625,-36.131252,32.60625,46.950733,0.3361091,49.741684,0.2847389,-0.03573801,-0.01029218,0.9578834,0.07306894,-0.27751464,-0.89256793,0.347806,-1.0,0
1763545178867,1009.87494,1.0977074,4.7856455,12.506686,-0.045585785,0.22113305,-0.1065959,36.99375,-36.693752,35.8875,46.950733,0.3361091,49.741684,0.2810478,-0.032075983,-0.011565578,0.95908785,0.073174044,-0.27376127,-0.8943758,0.34611014,-1.0,0
1763545178892,1009.87933,0.9391829,4.6151567,10.052248,0.23984079,-0.0029016077,-0.03329213,37.331253,-35.04375,35.456253,46.950733,0.3361091,49.741684,0.28291112,-0.03272918,-0.011780416,0.95851517,0.07406518,-0.27499864,-0.8951064,0.34303743,-1.0,0
1763545178917,1009.852,1.3256238,4.4261236,7.9244304,0.22685991,-0.20387612,0.014508039,36.600002,-35.100002,34.7625,46.950733,0.3361091,49.741684,0.28427047,-0.03495839,-0.012154274,0.95802945,0.07224108,-0.27715158,-0.89510727,0.34168875,-1.0,0
1763545178942,1009.852,1.6157535,4.2855453,6.678966,-0.19616395,-0.056046844,-0.0772744,37.29375,-36.65625,35.081253,46.950733,0.3361091,49.741684,0.2816602,-0.036815643,-0.013733803,0.9587093,0.07031026,-0.2775324,-0.89564925,0.34035957,-1.0,0
1763545178967,1009.8232,0.9924232,4.2634115,7.129415,-0.31757334,0.100487255,-0.14691298,38.850002,-34.65,36.506252,46.950733,0.3361091,49.741684,0.27880174,-0.035406392,-0.014794425,0.95958173,0.06923911,-0.27237833,-0.89823306,0.3379251,-1.0,0
1763545178993,1009.7863,0.56350976,4.4039903,7.308877,-0.22624904,0.13469568,-0.123089254,38.60625,-35.381252,33.16875,46.950733,0.3361091,49.741684,0.2772015,-0.03423998,-0.015661566,0.96007377,0.069603436,-0.27049664,-0.89917624,0.33685172,-1.0,0
1763545179018,1009.7863,0.63170516,4.368098,6.0921264,0.13645191,-0.23747368,-0.15073088,36.9,-36.3375,36.3375,46.950733,0.3361091,49.741684,0.27907953,-0.037241064,-0.019275649,0.95935196,0.06725983,-0.2734015,-0.9001174,0.33244,-1.0,0
1763545179043,1009.76483,0.62153566,4.552943,6.04427,0.03810269,-0.067653276,-0.11514801,38.15625,-34.575,35.34375,46.950733,0.3361091,49.741684,0.27929795,-0.037128605,-0.020343304,0.9592707,0.06738181,-0.27357918,-0.9005074,0.3312107,-1.0,0
1763545179068,1009.76483,0.907478,4.8508496,6.8045893,-0.042073313,0.074525505,-0.13500112,37.36875,-35.643753,34.55625,46.950733,0.3361091,49.741684,0.27915433,-0.03602307,-0.021487871,0.9593297,0.068289,-0.27305937,-0.9010643,0.32993683,-1.0,0
1763545179093,1009.7507,0.317049,4.8418765,6.8925257,0.025579963,0.07055488,-0.15485422,36.84375,-36.1875,32.943752,46.950733,0.3361091,49.741684,0.2798084,-0.035224423,-0.022615919,0.95914286,0.069174625,-0.27340147,-0.9014179,0.32849997,-1.0,0
1763545179118,1009.73773,0.5988039,5.006383,6.6394844,0.19891284,-0.11346813,-0.045509428,39.05625,-35.34375,33.131252,46.950733,0.3361091,49.741684,0.28331417,-0.0365304,-0.024050709,0.9580293,0.069123395,-0.27717024,-0.90103674,0.32639152,-1.0,0
1763545179144,1009.73773,0.47856453,5.1212387,7.117451,0.20166174,-0.10720677,-0.01924224,38.68125,-34.162502,35.71875,46.950733,0.3361091,49.741684,0.2853352,-0.037317935,-0.024242377,0.9573941,0.06905714,-0.27935627,-0.9005949,0.32576063,-1.0,0
1763545179170,1009.74457,0.4546363,5.300102,7.2957163,0.22258386,0.032681264,0.030695954,41.7,-34.6875,32.193752,46.950733,0.3361091,49.741684,0.28745243,-0.036914196,-0.02363275,0.9567915,0.07013977,-0.28119737,-0.8998857,0.32590517,-1.0,0
1763545179196,1009.7568,0.60598236,6.020342,8.158927,0.22548546,-0.015729768,0.076052666,36.1875,-34.912502,35.25,46.950733,0.3361091,49.741684,0.2917038,-0.037295572,-0.022070538,0.9555265,0.07123231,-0.2853209,-0.8982516,0.32659152,-1.0,0
1763545179221,1009.7568,0.56769717,6.503692,8.52144,0.26473352,-0.06352994,0.10476331,37.2,-34.18125,35.737503,46.950733,0.3361091,49.741684,0.29419345,-0.038255762,-0.021124646,0.95474625,0.07119655,-0.28800058,-0.897233,0.32704693,-1.0,0
1763545179246,1009.76483,1.1425728,6.9619174,8.3994055,0.21235187,-0.050090913,0.09987639,37.36875,-34.050003,36.6375,46.950733,0.3361091,49.741684,0.29590464,-0.038890887,-0.02048284,0.95420563,0.07120574,-0.28983063,-0.8965193,0.32738522,-1.0,0
1763545179271,1009.7939,0.27996024,7.18445,10.092926,-0.08926262,0.24877468,-0.12889247,38.86875,-33.99375,34.143753,46.950733,0.3361091,49.741684,0.29538053,-0.035250757,-0.021215115,0.9544934,0.07421611,-0.28806984,-0.89726985,0.32621244,-1.0,0
1763545179298,1009.7939,-0.5952146,7.1342006,10.188639,-0.119653136,0.34269515,-0.042607818,40.162502,-33.375,34.7625,46.950733,0.3361091,49.741684,0.2943271,-0.032063108,-0.020541511,0.95494586,0.0768073,-0.28593203,-0.89744484,0.32701105,-1.0,0
1763545179323,1009.82245,-0.45822555,7.038488,10.223933,-0.1645517,0.1960876,0.032986697,40.7625,-32.79375,31.875002,46.950733,0.3361091,49.741684,0.29272023,-0.030504799,-0.019930497,0.9555036,0.07773388,-0.283854,-0.89767766,0.3279621,-1.0,0
1763545179348,1009.82245,0.1058824,5.5686965,11.400005,-0.17524183,0.010690134,-0.032375835,39.9375,-34.518753,34.537502,46.950733,0.3361091,49.741684,0.2891749,-0.029710125,-0.020275077,0.9566003,0.07728746,-0.28186744,-0.8982865,0.32811382,-1.0,0
1763545179373,1009.8464,-0.26739794,4.915456,10.604392,-0.030314164,0.12278382,0.022601997,38.49375,-33.15,32.60625,46.950733,0.3361091,49.741684,0.28870043,-0.028429931,-0.019508746,0.95679843,0.07798693,-0.27941766,-0.8989932,0.32810828,-1.0,0
1763545179398,1009.831,-0.14596218,4.791029,9.026923,-0.0064904382,0.082924895,0.10522146,40.631252,-34.068752,33.506252,46.950733,0.3361091,49.741684,0.28804377,-0.02805788,-0.018349567,0.95703024,0.07804596,-0.27868494,-0.89884895,0.329111,-1.0,0
1763545179424,1009.831,0.1698904,4.519444,7.9561353,-0.25755587,0.051923506,0.060781047,36.54375,-34.612503,34.59375,46.950733,0.3361091,49.741684,0.28354198,-0.027528424,-0.016844815,0.95841664,0.07746599,-0.27709448,-0.8990335,0.3300855,-1.0,0
1763545179449,1009.8095,-0.3786642,4.2424746,7.9950185,-0.3559051,0.07666353,0.06444623,38.41875,-32.68125,34.275,46.950733,0.3361091,49.741684,0.28006437,-0.026827905,-0.01599439,0.95947295,0.07683912,-0.2743166,-0.8996838,0.33077982,-1.0,0
1763545179475,1009.79877,-0.5419743,3.9625144,8.370093,-0.3105484,0.091782436,0.14798199,39.862503,-32.775,33.975002,46.950733,0.3361091,49.741684,0.27732375,-0.026282117,-0.014290015,0.96031064,0.07576614,-0.26806477,-0.9005099,0.33389017,-1.0,0
1763545179500,1009.79877,-0.10468599,3.9535413,8.2761755,-0.10147991,0.01725693,0.23090689,38.53125,-32.15625,32.7,46.950733,0.3361091,49.741684,0.27662918,-0.026792089,-0.012196628,0.96052575,0.07503332,-0.2676033,-0.89996135,0.33589882,-1.0,0
1763545179525,1009.76825,0.5832505,4.284349,5.924031,0.08025236,-0.05253437,0.16890411,37.125,-32.4375,35.325,46.950733,0.3361091,49.741684,0.27784127,-0.028789027,-0.009103696,0.9601523,0.07403137,-0.26879784,-0.89913625,0.33737385,-1.0,0
1763545179550,1009.76825,0.57427746,4.208377,5.8432727,-0.017027855,0.03619374,0.07620538,37.8375,-33.35625,33.91875,46.950733,0.3361091,49.741684,0.2776677,-0.028519902,-0.008435366,0.9602167,0.07378426,-0.26919997,-0.89833045,0.3392486,-1.0,0
1763545179576,1009.74774,0.089132644,4.235894,5.9270215,-0.05383246,0.056352276,0.03695732,38.53125,-32.15625,33.46875,46.950733,0.3361091,49.741684,0.27719203,-0.028256143,-0.007963538,0.96036595,0.073882654,-0.2686544,-0.89826816,0.3398241,-1.0,0
1763545179601,1009.7482,0.253041,4.621737,7.3806615,-0.008170316,0.032375835,-0.038026333,39.5625,-33.768753,30.675001,46.950733,0.3361091,49.741684,0.27695093,-0.027662711,-0.008182805,0.96045095,0.07427226,-0.2682362,-0.8985235,0.3393942,-1.0,0
1763545179626,1009.7482,-0.65264237,4.8364925,7.274181,0.09308052,0.100945406,-0.02687805,38.475002,-33.9,33.2625,46.950733,0.3361091,49.741684,0.27801597,-0.02672657,-0.007991567,0.96017134,0.07555948,-0.26888278,-0.89815646,0.33957008,-1.0,0
1763545179651,1009.7448,-0.90149593,5.4185467,7.3567333,0.16699515,0.0025961753,0.07925971,36.73125,-33.09375,33.24375,46.950733,0.3361091,49.741684,0.27975476,-0.027025135,-0.0071717077,0.9596642,0.07598898,-0.27058965,-0.8972874,0.34041467,-1.0,0
1763545179676,1009.75653,0.049052864,6.242276,8.026724,0.20960298,-0.12965605,0.13041963,38.662502,-33.6375,33.375,46.950733,0.3361091,49.741684,0.28389564,-0.029788611,-0.005442393,0.9583769,0.07520788,-0.27536863,-0.8950922,0.3425286,-1.0,0
1763545179701,1009.75653,0.44925246,6.1878395,9.279964,0.11384992,-0.29275694,0.107817635,39.16875,-34.8375,33.09375,46.950733,0.3361091,49.741684,0.28503224,-0.033033367,-0.005492271,0.9579328,0.07265235,-0.27758998,-0.8946273,0.34250173,-1.0,0
1763545179728,1009.7944,0.67178494,6.198607,10.240683,0.14683662,-0.37827802,0.05146536,37.40625,-32.53125,34.36875,46.950733,0.3361091,49.741684,0.28642523,-0.036384642,-0.0060613733,0.9573923,0.069953404,-0.28012457,-0.8944297,0.34151465,-1.0,0
1763545179753,1009.7944,0.44626144,6.829714,8.772088,0.11614066,-0.23044874,0.037262753,37.55625,-32.625,33.45,46.950733,0.3361091,49.741684,0.2870261,-0.038260765,-0.006186343,0.95713836,0.068352684,-0.28138193,-0.89432347,0.34108308,-1.0,0
1763545179779,1009.81415,0.7040881,6.928418,8.959925,-0.1862374,-0.26374087,0.006872229,37.575,-33.131252,34.706253,46.950733,0.3361091,49.741684,0.28443244,-0.04248591,-0.007318826,0.95772624,0.06356615,-0.280475,-0.8951709,0.34053206,-1.0,0
1763545179804,1009.82904,1.1120644,6.661618,9.688539,-0.34964374,-0.4489856,-0.05742129,40.03125,-32.850002,30.88125,46.950733,0.3361091,49.741684,0.28097138,-0.046361525,-0.009364432,0.9585499,0.058716264,-0.2786516,-0.8966597,0.33897957,-1.0,0
1763545179829,1009.82904,1.4817554,6.186643,12.171092,-0.45746136,-0.2432769,-0.08048143,38.53125,-32.90625,33.35625,46.950733,0.3361091,49.741684,0.27695662,-0.047384553,-0.010559115,0.9596553,0.056226138,-0.2752978,-0.89822185,0.33800477,-1.0,0
1763545179855,1009.87396,1.7515461,5.5716877,12.023335,0.16439898,0.2535089,-0.023518294,36.84375,-33.206253,34.0125,46.950733,0.3361091,49.741684,0.27699518,-0.04329352,-0.009684728,0.9598466,0.059492618,-0.27397317,-0.8987746,0.33705118,-1.0,0
1763545179881,1009.8691,1.7784654,5.4849477,9.742377,0.34536767,-0.11957678,-0.09407318,36.393753,-34.125,32.71875,46.950733,0.3361091,49.741684,0.27971745,-0.045090202,-0.011135333,0.95895827,0.05853355,-0.2772162,-0.89878905,0.3345194,-1.0,0
1763545179906,1009.8691,1.4697913,4.371089,9.156734,-0.03825541,0.020311253,-0.17134757,38.756252,-33.375,31.500002,46.950733,0.3361091,49.741684,0.27996188,-0.04569956,-0.0145264035,0.9588127,0.05696931,-0.27875996,-0.89947236,0.3316577,-1.0,0
1763545179931,1009.8547,1.2921243,4.0905304,9.0341015,-0.04772381,0.2272417,-0.12293654,41.15625,-33.112503,30.937502,46.950733,0.3361091,49.741684,0.27953625,-0.043427404,-0.014912374,0.9590366,0.05763405,-0.27775067,-0.90037155,0.32994536,-1.0,0
1763545179956,1009.8315,1.2173486,4.1778684,8.199605,0.11064288,0.14294235,-0.11117739,38.625,-34.631252,32.831253,46.950733,0.3361091,49.741684,0.28070033,-0.042373016,-0.015626432,0.9587323,0.06049376,-0.27736014,-0.9012946,0.32723063,-1.0,0
1763545179982,1009.8315,0.6556334,4.3471603,6.6574306,0.23922992,-0.050396346,-0.12873976,39.28125,-32.943752,31.275002,46.950733,0.3361091,49.741684,0.28283083,-0.04301407,-0.016874278,0.9580563,0.060490977,-0.2796146,-0.9012982,0.32529682,-1.0,0
1763545180007,1009.7802,0.71724856,4.5278187,5.529215,0.12484549,0.013286309,-0.08155045,37.95,-33.46875,34.21875,46.950733,0.3361091,49.741684,0.28585273,-0.043053232,-0.018486554,0.9571274,0.060299493,-0.28160605,-0.9011717,0.3239623,-1.0,0
1763545180033,1009.7487,0.5419743,4.4638104,5.456234,0.07841977,0.1565341,-0.11362085,36.91875,-33.5625,33.24375,46.950733,0.3361091,49.741684,0.28673172,-0.041393127,-0.019124992,0.95692515,0.063275434,-0.28270957,-0.9011783,0.32241157,-1.0,0
1763545180058,1009.7487,0.33439696,4.4554358,5.636892,0.034742933,0.07147118,-0.12370012,37.93125,-33.7125,33.15,46.950733,0.3361091,49.741684,0.28720966,-0.040659185,-0.020126658,0.9567927,0.06412817,-0.282896,-0.90141433,0.32141808,-1.0,0
1763545180083,1009.7309,0.2632105,4.65404,6.3565335,0.124234624,0.020769402,-0.058032155,38.775,-33.862503,32.456253,46.950733,0.3361091,49.741684,0.2893021,-0.039909285,-0.021263719,0.9561691,0.06473227,-0.28338918,-0.901534,0.32052562,-1.0,0
1763545180108,1009.7309,0.3278167,4.8059845,5.9527445,0.17508912,0.03008509,0.008857539,38.850002,-34.237503,32.625,46.950733,0.3361091,49.741684,0.29101142,-0.039696336,-0.020898528,0.9556672,0.06553312,-0.28459418,-0.9012808,0.320007,-1.0,0
1763545180133,1009.715,0.60358953,5.0590253,6.244669,0.17997603,0.020769402,0.07467822,37.443752,-35.381252,33.0,46.950733,0.3361091,49.741684,0.29291472,-0.039783586,-0.019977938,0.95510167,0.06698327,-0.28791493,-0.8997719,0.32098094,-1.0,0
1763545180159,1009.71576,0.9601201,6.1597238,6.8243303,0.22762349,-0.05070178,0.11331542,38.100002,-34.2,33.9375,46.950733,0.3361091,49.741684,0.29732937,-0.041277397,-0.01792407,0.95371383,0.06706783,-0.29259267,-0.89784276,0.32213327,-1.0,0
1763545180185,1009.71576,0.93260264,6.74776,7.5092754,0.12728895,-0.02932151,0.09269873,38.23125,-34.3125,34.237503,46.950733,0.3361091,49.741684,0.29849967,-0.041749492,-0.017159976,0.9533417,0.06704717,-0.29385325,-0.8972181,0.32272986,-1.0,0
1763545180210,1009.73724,0.99003035,6.8931236,8.843872,0.03138318,0.014508039,0.025809037,38.49375,-34.518753,32.68125,46.950733,0.3361091,49.741684,0.29899845,-0.04162922,-0.01702284,0.9531932,0.067344144,-0.2942751,-0.8970225,0.32282752,-1.0,0
1763545180236,1009.77435,0.3696911,6.9134626,10.12822,0.08071051,0.10827578,0.009315688,39.09375,-33.09375,32.53125,46.950733,0.3361091,49.741684,0.30028647,-0.039863437,-0.0163919,0.9528747,0.06932286,-0.29488203,-0.89664257,0.32291022,-1.0,0
1763545180261,1009.77435,0.32841492,7.159325,9.962517,0.0060322895,0.049174614,0.045051277,39.300003,-34.18125,32.268753,46.950733,0.3361091,49.741684,0.3000155,-0.03960758,-0.015879342,0.9529794,0.06944244,-0.29454342,-0.8965842,0.32335526,-1.0,0
1763545180286,1009.81146,0.73399836,7.361519,10.433903,-0.13309216,-0.009926553,0.03405571,41.943752,-32.79375,31.593752,46.950733,0.3361091,49.741684,0.29854366,-0.039731525,-0.015848413,0.95343685,0.06878547,-0.29321575,-0.89702165,0.3234892,-1.0,0
1763545180312,1009.81146,0.6861419,6.6418777,11.864213,-0.25816673,0.07589995,-0.076816246,39.24375,-34.443752,33.375,46.950733,0.3361091,49.741684,0.29393178,-0.038284864,-0.016810197,0.9549114,0.06832524,-0.28843242,-0.8989389,0.32256365,-1.0,0
1763545180337,1009.8454,-0.008973085,5.8917274,11.716456,-0.15355614,0.36835146,-0.041996952,37.631252,-34.48125,32.925003,46.950733,0.3361091,49.741684,0.2927237,-0.0344121,-0.015860163,0.955446,0.07136398,-0.28596944,-0.89927745,0.32315436,-1.0,0
1763545180362,1009.852,-0.26799613,5.561518,10.244272,0.03657553,0.33246315,0.06444623,39.65625,-33.9,32.5125,46.950733,0.3361091,49.741684,0.29297706,-0.032064274,-0.014398209,0.9554732,0.0735439,-0.28540316,-0.8989059,0.3241984,-1.0,0
1763545180387,1009.852,0.01375873,5.3276196,8.86122,0.11186461,0.016798781,0.10430516,39.05625,-33.112503,34.0875,46.950733,0.3361091,49.741684,0.29369724,-0.032544743,-0.0136003485,0.9552475,0.073291615,-0.28626135,-0.8984778,0.32468507,-1.0,0
1763545180412,1009.83563,0.025722843,4.6025944,7.0223365,-0.17982332,0.04612029,0.07620538,37.256252,-34.143753,32.79375,46.950733,0.3361091,49.741684,0.29120603,-0.032604974,-0.012223683,0.95602643,0.07226539,-0.28397492,-0.89882356,0.3259634,-1.0,0
1763545180437,1009.8112,-0.12083755,4.17069,7.265208,-0.3673588,0.17150028,0.10338886,40.36875,-32.0625,29.56875,46.950733,0.3361091,49.741684,0.28759393,-0.031080673,-0.010787112,0.9571872,0.072390154,-0.2800642,-0.89943385,0.32763156,-1.0,0
1763545180462,1009.8112,0.033499517,3.9218364,7.9238324,-0.3491856,0.1632536,0.15897755,37.818752,-33.600002,32.23125,46.950733,0.3361091,49.741684,0.2845514,-0.030060573,-0.008933553,0.9581477,0.07221497,-0.27687207,-0.89974546,0.32952225,-1.0,0
1763545180487,1009.788,0.41814575,4.1007,6.579066,0.074907295,-0.034666575,0.26603162,38.475002,-33.15,33.05625,46.950733,0.3361091,49.741684,0.2842348,-0.03136689,-0.0043733325,0.95823145,0.071626,-0.27597916,-0.89939356,0.33135548,-1.0,0
1763545180512,1009.788,0.7848458,4.2687955,5.371289,0.13019055,-0.08093958,0.24969098,37.256252,-34.143753,32.79375,46.950733,0.3361091,49.741684,0.28523886,-0.032734346,-0.002365834,0.9578944,0.07067202,-0.27708983,-0.8984672,0.3331417,-1.0,0
1763545180537,1009.7465,1.0953146,4.3764725,5.2103715,0.027107125,-0.0632245,0.15851942,37.3875,-32.775,33.318752,46.950733,0.3361091,49.741684,0.2853222,-0.03377254,-0.0013363716,0.9578355,0.06869915,-0.27897984,-0.89715266,0.3355112,-1.0,0
1763545180562,1009.7292,0.0424726,4.512265,7.110871,-0.055206906,0.04657844,0.039858926,37.59375,-32.60625,30.956251,46.950733,0.3361091,49.741684,0.28448373,-0.033710074,-0.00041665084,0.9580879,0.06798585,-0.27860177,-0.8972784,0.33563426,-1.0,0
1763545180588,1009.7292,0.2416751,4.782056,7.50449,0.058413945,0.12492185,0.06994402,38.53125,-33.881252,30.31875,46.950733,0.3361091,49.741684,0.28522643,-0.032505326,0.0005612045,0.9579087,0.06836766,-0.27819636,-0.8971807,0.336154,-1.0,0
1763545180613,1009.72894,0.04127619,5.10748,7.4189467,0.15447243,0.1547015,0.038331766,37.631252,-33.112503,31.9125,46.950733,0.3361091,49.741684,0.28676778,-0.031145725,0.0013062697,0.9574928,0.07148649,-0.27945572,-0.8961202,0.3372874,-1.0,0
1763545180638,1009.7387,-0.50009996,5.4867425,7.41117,0.199371,0.101250835,0.04963276,36.525,-32.737503,32.15625,46.950733,0.3361091,49.741684,0.28875387,-0.030477244,0.0021105576,0.95691586,0.07282805,-0.28107604,-0.89527535,0.33789697,-1.0,0
1763545180663,1009.7387,0.11964113,6.058627,7.9884386,0.26885685,-0.22098033,0.120034926,36.5625,-34.59375,33.506252,46.950733,0.3361091,49.741684,0.2937141,-0.03384656,0.0032483393,0.95528835,0.07303935,-0.28366715,-0.8941685,0.33861616,-1.0,0
1763545180689,1009.7607,0.5138587,6.2961144,8.192427,0.16943862,-0.31322092,0.11713332,37.893753,-33.09375,33.28125,46.950733,0.3361091,49.741684,0.29497498,-0.036776472,0.0034235623,0.95479083,0.07156773,-0.28686517,-0.89317113,0.33886838,-1.0,0
1763545180714,1009.7607,0.7968099,6.591628,8.476574,-0.023747368,-0.18661919,0.07086031,37.74375,-33.975002,32.268753,46.950733,0.3361091,49.741684,0.29440323,-0.038296867,0.00341585,0.95490754,0.06774945,-0.28905004,-0.8926317,0.33921775,-1.0,0
1763545180740,1009.7795,0.3278167,6.6311097,9.83809,-0.28382304,-0.08124501,-0.040011644,37.800003,-33.600002,33.318752,46.950733,0.3361091,49.741684,0.28978854,-0.039646458,0.002125431,0.9562668,0.06487137,-0.28520337,-0.8943474,0.33851656,-1.0,0
1763545180765,1009.81635,0.78424764,6.6681986,10.2107725,-0.35101816,-0.21624613,-0.021838415,40.36875,-34.068752,31.368752,46.950733,0.3361091,49.741684,0.28629842,-0.041976266,0.00090674974,0.95722014,0.061475612,-0.2827535,-0.8956528,0.33775333,-1.0,0
1763545180790,1009.81635,1.8137596,6.4570317,11.71526,-0.46784607,-0.39385507,-0.08536835,39.581253,-32.79375,33.24375,46.950733,0.3361091,49.741684,0.2818318,-0.04528028,-0.0014156351,0.95839375,0.05675178,-0.2797476,-0.8976397,0.33580276,-1.0,0
1763545180815,1009.8659,1.7377875,5.786443,13.521242,-0.46662432,-0.23014331,-0.16432263,39.581253,-32.79375,33.24375,46.950733,0.3361091,49.741684,0.2776459,-0.046174403,-0.0033680962,0.95956725,0.054207295,-0.2761899,-0.89970934,0.33362234,-1.0,0
1763545180840,1009.89594,0.9517452,5.2031927,12.096316,0.19142975,0.28069237,0.06169734,39.24375,-32.4375,31.406252,46.950733,0.3361091,49.741684,0.2778544,-0.041622788,-0.0014562231,0.95971996,0.057951063,-0.27491307,-0.89990115,0.33353028,-1.0,0
1763545180865,1009.89594,1.4668003,5.1385865,9.493524,0.39576402,-0.05864302,0.10522146,37.96875,-32.081253,32.5875,46.950733,0.3361091,49.741684,0.28105953,-0.04307292,-0.00075416424,0.958723,0.057506625,-0.27846494,-0.8989661,0.3331821,-1.0,0
1763545180890,1009.8708,1.6253247,4.604987,6.802795,0.0063377223,-0.025198173,-0.00076358096,38.025,-32.456253,33.225002,46.950733,0.3361091,49.741684,0.28238222,-0.04485855,-0.00076130836,0.95825225,0.055973377,-0.28039077,-0.8989069,0.3319855,-1.0,0
1763545180916,1009.8422,1.5433706,4.537988,6.870392,-0.18089233,0.12935062,-0.039095346,37.893753,-33.09375,33.581253,46.950733,0.3361091,49.741684,0.28067088,-0.043623794,-0.0008745296,0.9588118,0.056389757,-0.2783871,-0.89964664,0.33159727,-1.0,0
1763545180941,1009.8422,1.1413764,4.4428735,6.8339014,-0.15783219,0.119271345,-0.08613193,38.2125,-32.30625,33.037502,46.950733,0.3361091,49.741684,0.27951485,-0.04265187,-0.0014209023,0.9591925,0.056769904,-0.27699265,-0.9003493,0.33079192,-1.0,0
1763545180967,1009.8078,0.91884387,4.319643,6.317052,-0.0353538,0.046731155,-0.080634154,37.706253,-32.49375,34.350002,46.950733,0.3361091,49.741684,0.2794871,-0.042272657,-0.0020595987,0.95921624,0.05704082,-0.2768508,-0.90068245,0.32995626,-1.0,0
1763545180993,1009.7658,0.98644114,4.506881,5.3515477,0.036270097,-0.12996148,-0.1621846,37.59375,-33.131252,33.61875,46.950733,0.3361091,49.741684,0.28050187,-0.04355988,-0.0051570144,0.9588507,0.05606384,-0.27827257,-0.90155256,0.32653368,-1.0,0
1763545181019,1009.7658,0.51206404,4.511069,5.568098,-0.051541716,-0.03894263,-0.17608178,38.100002,-30.712502,32.662502,46.950733,0.3361091,49.741684,0.280118,-0.043207612,-0.0066983304,0.9589693,0.05623936,-0.2777951,-0.9022227,0.3250557,-1.0,0
1763545181044,1009.7465,0.6305088,4.578068,6.229714,-0.10758856,0.06398808,-0.120034926,37.96875,-31.35,33.16875,46.950733,0.3361091,49.741684,0.2793706,-0.042261504,-0.007616373,0.9592226,0.056885235,-0.27676353,-0.90275854,0.32433477,-1.0,0
1763545181069,1009.7465,0.30867413,4.963312,6.652645,0.0049632764,-0.003817905,-0.10140356,40.66875,-31.29375,29.94375,46.950733,0.3361091,49.741684,0.27937645,-0.041627493,-0.009463897,0.9592322,0.057369024,-0.27657342,-0.9035379,0.32223463,-1.0,0
1763545181094,1009.7375,0.17407785,5.2008,7.0061846,-0.008323032,-0.030390523,-0.010995566,38.9625,-31.500002,33.375,46.950733,0.3361091,49.741684,0.2794651,-0.04179137,-0.009411377,0.9591998,0.057273265,-0.27670747,-0.9034574,0.32236236,-1.0,0
1763545181119,1009.7458,0.17288144,5.3246284,7.785647,0.035048366,0.03252855,0.10827578,36.45,-32.362503,32.925003,46.950733,0.3361091,49.741684,0.2801472,-0.04150231,-0.007931425,0.9590267,0.05779703,-0.2772443,-0.90276414,0.32374674,-1.0,0
1763545181144,1009.7458,0.9804591,6.133403,7.4213395,0.28794637,0.11346813,0.31841326,38.268753,-30.562502,32.943752,46.950733,0.3361091,49.741684,0.28482473,-0.040804584,-0.0017336879,0.9577092,0.05917045,-0.2788008,-0.901225,0.3264392,-1.0,0
1763545181169,1009.75116,1.8101703,6.565307,7.3692956,0.2625955,-0.10980295,0.23777911,38.7,-29.6625,35.30625,46.950733,0.3361091,49.741684,0.28723413,-0.043155618,-0.00022653065,0.9568877,0.05871492,-0.28446162,-0.89807034,0.3303087,-1.0,0
1763545181194,1009.7768,2.3892334,6.701698,8.079366,0.1344666,-0.31551164,0.092851445,38.268753,-30.581251,33.5625,46.950733,0.3361091,49.741684,0.28833246,-0.04652078,-0.00047656547,0.95639944,0.055864427,-0.28666875,-0.8977812,0.3296804,-1.0,0
1763545181219,1009.7768,1.1892328,6.8339014,10.8047905,-0.21418446,0.46120292,-0.11194097,38.831253,-31.3875,32.925003,46.950733,0.3361091,49.741684,0.28546074,-0.041421372,-0.00047033947,0.95749474,0.054909196,-0.28598344,-0.89848584,0.32851425,-1.0,0
1763545181244,1009.8332,-0.16331014,7.2783685,10.589437,-0.18532111,0.80496705,0.015577052,37.518753,-31.9125,35.41875,46.950733,0.3361091,49.741684,0.28379342,-0.034476496,0.002029305,0.9582633,0.059324794,-0.28228375,-0.89919734,0.32899937,-1.0,0
1763545181270,1009.8332,-0.11306087,7.556534,10.200005,-0.1720348,0.40607235,0.11499529,38.831253,-32.86875,33.318752,46.950733,0.3361091,49.741684,0.2822215,-0.032383103,0.0035965745,0.95879585,0.066737145,-0.27612278,-0.8989709,0.33339724,-1.0,0
1763545181297,1009.8515,0.8279166,6.936793,11.273186,-0.20547964,-0.25213444,0.06475167,37.575,-30.16875,35.456253,46.950733,0.3361091,49.741684,0.28045768,-0.035425227,0.00286341,0.9592082,0.063421376,-0.2754799,-0.899432,0.33333266,-1.0,0
1763545181322,1009.8908,-0.030508488,4.208975,11.91865,-0.20685409,0.262061,-0.11056653,38.60625,-29.550001,33.61875,46.950733,0.3361091,49.741684,0.27586803,-0.03304317,0.001561983,0.9606261,0.06369801,-0.27043962,-0.9016749,0.3313417,-1.0,0
1763545181347,1009.8908,-0.7178468,4.0995035,10.919048,-0.18791728,0.41752607,0.005345067,39.412502,-29.212502,33.506252,46.950733,0.3361091,49.741684,0.27361104,-0.029480895,0.0027753625,0.9613845,0.06611417,-0.26713488,-0.9021628,0.33222014,-1.0,0
1763545181372,1009.89886,-0.276371,4.256233,10.6103735,-0.061162837,0.11377356,0.108123064,39.506252,-29.550001,31.987501,46.950733,0.3361091,49.741684,0.27298188,-0.029187864,0.0038555118,0.9615686,0.06608432,-0.2664656,-0.90207714,0.33299524,-1.0,0
1763545181397,1009.89886,0.18783657,4.514658,9.129216,0.11247548,-0.13041963,0.10399973,40.6875,-27.956251,33.768753,46.950733,0.3361091,49.741684,0.27366677,-0.030675713,0.004317417,0.9613256,0.064807296,-0.26764625,-0.9018322,0.3329626,-1.0,0
1763545181422,1009.88446,0.31345975,4.238287,7.536793,-0.06131555,-0.010690134,0.09224058,38.381252,-30.69375,33.7125,46.950733,0.3361091,49.741684,0.2730633,-0.03183088,0.005588815,0.9614531,0.06343303,-0.26749396,-0.9016199,0.33392337,-1.0,0
1763545181447,1009.8649,0.5282156,3.824927,7.3585277,0.008781182,0.06780599,0.07238748,36.9375,-29.718752,34.875,46.950733,0.3361091,49.741684,0.27339518,-0.03136988,0.006381011,0.961369,0.063913435,-0.2676641,-0.9013529,0.33441588,-1.0,0
1763545181472,1009.82733,0.26021945,3.7591243,5.157729,0.24640758,-0.014966187,0.08811724,37.59375,-30.150002,34.36875,46.950733,0.3361091,49.741684,0.27729535,-0.03171853,0.008010011,0.9602276,0.064784184,-0.2714807,-0.8998892,0.33511305,-1.0,0
1763545181497,1009.82733,0.31585258,3.8817565,4.77069,0.1381318,-0.009926553,0.09468404,38.737503,-28.275002,33.075,46.950733,0.3361091,49.741684,0.2783561,-0.031892076,0.008853465,0.95990753,0.06498931,-0.27253556,-0.89929265,0.33581772,-1.0,0
1763545181523,1009.7885,0.060418773,4.098307,4.8215375,-0.015806125,0.06276636,0.05742129,39.075,-30.975,32.568752,46.950733,0.3361091,49.741684,0.27797353,-0.031235492,0.009491393,0.96003383,0.065500215,-0.27194607,-0.8991637,0.33654064,-1.0,0
1763545181549,1009.7885,-0.2638087,4.310072,5.808577,-0.16241367,0.10522146,0.03970621,39.46875,-30.337502,34.65,46.950733,0.3361091,49.741684,0.2765169,-0.030354423,0.010037605,0.96047705,0.065894626,-0.27026078,-0.899315,0.33741602,-1.0,0
1763545181574,1009.7797,0.0035892338,4.837091,8.380861,0.042989608,0.014966187,0.05329795,38.30625,-30.093752,36.768753,46.950733,0.3361091,49.741684,0.27641597,-0.029874852,0.011018802,0.96051043,0.06634353,-0.26999417,-0.89897037,0.33845824,-1.0,0
1763545181599,1009.7807,-0.29012975,5.340182,7.798807,0.22731806,0.05253437,0.07742711,39.112503,-30.618752,34.40625,46.950733,0.3361091,49.741684,0.27856395,-0.029482398,0.011986874,0.9598902,0.06743661,-0.2718812,-0.8980686,0.3391249,-1.0,0
1763545181624,1009.7807,-0.26141587,5.8337016,7.585248,0.22273657,-0.007788526,0.12767074,37.96875,-29.625002,35.850002,46.950733,0.3361091,49.741684,0.28056872,-0.029969396,0.013109975,0.9592764,0.067755595,-0.273909,-0.89699394,0.3402719,-1.0,0
1763545181650,1009.79535,0.8703892,5.9904313,9.34457,0.17325652,-0.20799945,0.067653276,39.300003,-29.493752,36.787502,46.950733,0.3361091,49.741684,0.2839667,-0.033692412,0.013567236,0.958146,0.06673444,-0.2760737,-0.8961906,0.34084058,-1.0,0
1763545181675,1009.81146,0.7495517,5.9467626,9.188439,0.15263984,-0.13652828,0.02046397,38.737503,-27.937502,36.600002,46.950733,0.3361091,49.741684,0.28510502,-0.03464276,0.013520156,0.95777464,0.064947516,-0.2797621,-0.8954025,0.34024906,-1.0,0
1763545181701,1009.81146,0.56410795,6.328418,8.8492565,-0.017333288,0.05299252,0.021227552,39.318752,-30.975,35.79375,46.950733,0.3361091,49.741684,0.28438854,-0.033796325,0.013926643,0.958012,0.06546537,-0.27880698,-0.8955263,0.34060773,-1.0,0
1763545181726,1009.8378,0.7752745,6.7651076,11.115857,-0.35178176,0.03497201,0.0019853106,40.912502,-28.95,35.34375,46.950733,0.3361091,49.741684,0.27874646,-0.032598116,0.014076871,0.9597081,0.0656028,-0.276084,-0.896176,0.3410902,-1.0,0
1763545181752,1009.88324,1.7970098,6.3661046,12.032309,-0.28855726,-0.025045456,-0.0056504994,39.45,-29.587502,35.53125,46.950733,0.3361091,49.741684,0.27622214,-0.032819398,0.013649035,0.96043634,0.06354562,-0.2708094,-0.89795727,0.34102347,-1.0,0
1763545181777,1009.88324,2.3162522,5.831907,12.010774,-0.18577924,0.05742129,-0.15439607,40.275,-30.000002,34.237503,46.950733,0.3361091,49.741684,0.2744643,-0.031580884,0.012113766,0.9610022,0.063857496,-0.26879403,-0.89933115,0.33893287,-1.0,0
1763545181802,1009.89764,1.2921243,5.4777694,10.69831,-0.0067958706,0.2538143,-0.23564109,38.34375,-29.325,34.706253,46.950733,0.3361091,49.741684,0.2732868,-0.026260095,0.008899061,0.9615329,0.065848015,-0.26676553,-0.9006851,0.33655095,-1.0,0
1763545181827,1009.89764,1.5655042,5.5250273,9.594621,0.11064288,0.054672398,-0.23930627,39.375,-29.98125,35.268753,46.950733,0.3361091,49.741684,0.27427578,-0.02574654,0.0066406154,0.96128345,0.06799508,-0.2659923,-0.9015099,0.33452162,-1.0,0
1763545181852,1009.8857,1.4009976,5.2498527,8.49452,0.09796744,-0.12568542,-0.3006982,42.318752,-29.2875,34.143753,46.950733,0.3361091,49.741684,0.27496582,-0.02655135,0.0034585176,0.9610811,0.06797903,-0.2677499,-0.90331286,0.32819918,-1.0,0
1763545181878,1009.86053,0.8009974,4.232305,8.069795,-0.15477787,0.020005822,-0.22937973,41.643753,-31.218752,33.09375,46.950733,0.3361091,49.741684,0.27274042,-0.026036344,-0.0012947593,0.9617344,0.06743566,-0.26555166,-0.9058706,0.32300645,-1.0,0
1763545181903,1009.86053,0.849452,4.068995,7.9794655,-0.16791146,0.0003054324,-0.1508836,37.893753,-31.3875,36.73125,46.950733,0.3361091,49.741684,0.2712344,-0.02606557,-0.0027123692,0.96215653,0.066764034,-0.2641781,-0.90691197,0.32134596,-1.0,0
1763545181930,1009.8337,0.8703892,3.984648,7.5236325,-0.052458014,-0.11804962,-0.13698642,40.95,-29.550001,33.84375,46.950733,0.3361091,49.741684,0.27097446,-0.026983961,-0.0042885267,0.9621987,0.06565952,-0.26428038,-0.9076664,0.31935322,-1.0,0
1763545181955,1009.79,0.2883351,4.0031924,4.703691,0.09063706,-0.073303774,-0.10537417,40.48125,-30.975,35.5125,46.950733,0.3361091,49.741684,0.27259907,-0.028223865,-0.0068522976,0.96168923,0.064884454,-0.26626462,-0.9082305,0.31624442,-1.0,0
1763545181980,1009.79,0.60000026,4.138985,4.7216372,-0.0037415468,-0.20143266,-0.12293654,39.45,-30.337502,35.4375,46.950733,0.3361091,49.741684,0.27271995,-0.030051919,-0.008765231,0.96158403,0.06322699,-0.26698622,-0.908745,0.31448892,-1.0,0
1763545182005,1009.7553,0.4869394,4.168297,5.1379886,-0.042226028,-0.28435755,-0.18493931,39.24375,-31.25625,37.350002,46.950733,0.3361091,49.741684,0.2724734,-0.03223729,-0.011300623,0.96155673,0.061082352,-0.2674882,-0.90957403,0.31208026,-1.0,0
1763545182030,1009.7553,0.4325027,4.6031923,6.4935226,-0.07536544,-0.15485422,-0.08384119,43.331253,-30.91875,33.05625,46.950733,0.3361091,49.741684,0.27145445,-0.034798235,-0.014346905,0.961715,0.058352407,-0.26738256,-0.9107173,0.309347,-1.0,0
1763545182055,1009.7497,0.86081797,4.9058847,6.7441707,-0.0043524117,-0.23350306,-0.106290475,41.662502,-30.468752,33.1875,46.950733,0.3361091,49.741684,0.27158168,-0.036934108,-0.01615664,0.96157074,0.056354232,-0.26822555,-0.91122216,0.30749547,-1.0,0
1763545182080,1009.75385,0.6358926,5.0919266,6.8835526,-0.043905906,-0.31230462,-0.14080434,40.050003,-31.875002,33.45,46.950733,0.3361091,49.741684,0.27111304,-0.039569102,-0.018247753,0.9615607,0.05367931,-0.2686755,-0.9119549,0.3054019,-1.0,0
1763545182105,1009.75385,0.60059845,5.227121,8.057232,-0.11186461,-0.27397284,-0.08460477,39.2625,-32.60625,36.35625,46.950733,0.3361091,49.741684,0.27030092,-0.041644786,-0.01950838,0.96167696,0.05144084,-0.26860887,-0.9124993,0.3042172,-1.0,0
1763545182130,1009.7758,0.9421739,5.503492,9.019147,-0.008323032,-0.123089254,-0.0140498895,39.9,-32.41875,36.43125,46.950733,0.3361091,49.741684,0.27061883,-0.04244722,-0.0197856,0.9615468,0.050752625,-0.26918483,-0.9125136,0.30378047,-1.0,0
1763545182155,1009.80365,0.5270192,6.3828545,8.538788,0.15447243,-0.04978548,-0.030390523,38.90625,-33.6375,36.600002,46.950733,0.3361091,49.741684,0.2735112,-0.04333852,-0.020328708,0.9606769,0.05077904,-0.272228,-0.91199166,0.3026296,-1.0,0
1763545182181,1009.80365,0.5563313,6.628717,9.356535,0.09812015,-0.12797616,-0.01282816,42.393753,-31.143751,33.768753,46.950733,0.3361091,49.741684,0.27453437,-0.04457682,-0.020782031,0.9603186,0.049989738,-0.27360052,-0.91176754,0.3021982,-1.0,0
1763545182206,1009.8466,0.8961121,6.650851,10.831112,0.08972076,0.09529491,-0.10674862,40.74375,-32.8125,33.581253,46.950733,0.3361091,49.741684,0.27637494,-0.043378845,-0.021974694,0.95981884,0.049648236,-0.2746842,-0.911704,0.30146226,-1.0,0
1763545182232,1009.8466,-0.45702913,6.8859453,10.357931,0.07582359,0.3930915,-0.093615025,39.84375,-32.79375,35.0625,46.950733,0.3361091,49.741684,0.277088,-0.03921041,-0.021440674,0.9598047,0.051646233,-0.27495003,-0.9117936,0.30061203,-1.0,0
1763545182257,1009.8796,-1.2658032,7.1916285,9.797412,0.026801692,0.34666577,0.039095346,40.237503,-31.3875,36.487503,46.950733,0.3361091,49.741684,0.2772837,-0.036584277,-0.0202053,0.9598787,0.05844296,-0.27351248,-0.9111581,0.30259913,-1.0,0
1763545182283,1009.8901,-0.6759724,7.1838517,9.902697,-0.098272875,-0.033902995,0.11133011,39.393753,-32.081253,35.53125,46.950733,0.3361091,49.741684,0.2761161,-0.03742281,-0.019710097,0.9601932,0.057476524,-0.27264816,-0.9110493,0.3038891,-1.0,0
1763545182308,1009.8901,-0.0849452,4.680959,12.95534,-0.36201373,0.11377356,0.032833982,39.975002,-31.406252,35.4375,46.950733,0.3361091,49.741684,0.26979005,-0.036511995,-0.018902443,0.962041,0.05560232,-0.27016515,-0.9117394,0.3043853,-1.0,0
1763545182334,1009.92426,-0.3487539,4.136592,12.886546,-0.12545635,0.377209,0.2197586,37.631252,-31.3875,34.59375,46.950733,0.3361091,49.741684,0.2686287,-0.033533383,-0.015556497,0.96253425,0.05846813,-0.2643243,-0.9120433,0.3080442,-1.0,0
1763545182359,1009.9218,0.72382885,4.744369,8.843274,0.16409355,-0.20036365,0.27091852,39.787502,-33.037502,34.612503,46.950733,0.3361091,49.741684,0.2702639,-0.0366506,-0.010715445,0.96202874,0.058179982,-0.26536864,-0.91102505,0.31020626,-1.0,0
1763545182385,1009.9218,0.59581286,4.6953163,8.169097,-0.020234896,-0.13637556,0.20509785,39.80625,-31.5375,35.006252,46.950733,0.3361091,49.741684,0.26943326,-0.037843402,-0.009116824,0.962232,0.055742208,-0.26698065,-0.9103381,0.31128547,-1.0,0
1763545182410,1009.89667,0.5563313,4.502694,8.035098,-0.1928042,0.100181825,0.17776164,38.8875,-31.7625,34.48125,46.950733,0.3361091,49.741684,0.26737386,-0.036967635,-0.007184866,0.9628567,0.054323953,-0.2643942,-0.9101222,0.3143599,-1.0,0
1763545182435,1009.8664,0.6299106,4.1958146,8.414959,-0.15691589,0.18875721,0.18432845,38.287502,-31.06875,34.518753,46.950733,0.3361091,49.741684,0.26625037,-0.035794016,-0.0050204564,0.96322596,0.05503243,-0.26294848,-0.9097765,0.31644312,-1.0,0
1763545182460,1009.8664,0.991825,3.7507496,6.477969,0.3653735,-0.14462224,0.17134757,37.7625,-31.500002,34.125,46.950733,0.3361091,49.741684,0.27123454,-0.03848032,-0.001974552,0.96174175,0.053904675,-0.26859483,-0.9076663,0.3179511,-1.0,0
1763545182485,1009.8173,1.2526426,3.589832,5.212166,0.43180504,-0.22556181,0.117438756,39.16875,-31.10625,34.275,46.950733,0.3361091,49.741684,0.2749964,-0.040756617,-0.0013599609,0.96058005,0.05288831,-0.27292296,-0.90650684,0.31774393,-1.0,0
1763545182510,1009.8173,1.2987045,3.6143587,5.024329,0.31482443,-0.056810424,0.07345649,40.66875,-32.325,35.268753,46.950733,0.3361091,49.741684,0.2777125,-0.041159276,-0.0005152582,0.959782,0.053283747,-0.2756432,-0.90561986,0.31785896,-1.0,0
1763545182535,1009.77313,1.2412767,4.402794,5.7266226,0.43837184,0.021074835,0.1084285,37.575,-31.650002,34.93125,46.950733,0.3361091,49.741684,0.28499123,-0.04125482,0.002027928,0.9576398,0.055369157,-0.2825884,-0.90302503,0.31878495,-1.0,0
1763545182560,1009.7546,1.2065809,4.946563,4.9052863,0.4577668,-0.18234314,-0.0,37.3875,-32.550003,35.775,46.950733,0.3361091,49.741684,0.28912407,-0.043279912,0.0012497491,0.95631194,0.05476194,-0.2871707,-0.90209997,0.3174111,-1.0,0
1763545182585,1009.7546,0.05623133,5.323432,4.718048,0.26045746,-0.21273366,-0.1434005,37.5,-32.662502,35.925003,46.950733,0.3361091,49.741684,0.29133558,-0.044653974,-0.00056165765,0.95557797,0.054209854,-0.28970966,-0.90199167,0.31550056,-1.0,0
1763545182610,1009.7514,-0.9720842,5.5800624,5.6961145,-0.00083993905,-0.07238748,-0.11514801,37.59375,-32.79375,37.93125,46.950733,0.3361091,49.741684,0.29131702,-0.044659927,-0.0016606702,0.9555821,0.054376382,-0.2896607,-0.9021653,0.31502005,-1.0,0
1763545182636,1009.7817,-0.45702913,6.1244297,9.385248,-0.043753188,-0.12996148,0.050854493,36.45,-32.025,37.237503,46.950733,0.3361091,49.741684,0.29044703,-0.04599156,-0.0020308464,0.955783,0.053227562,-0.2892084,-0.90204597,0.31597215,-1.0,0
1763545182660,1009.7817,-0.020338992,6.2416778,9.497711,0.118889555,-0.18631376,0.06459895,37.143753,-32.2125,36.693752,46.950733,0.3361091,49.741684,0.2916118,-0.04757373,-0.002012688,0.9553508,0.052206695,-0.2908181,-0.9015413,0.3161054,-1.0,0
1763545182685,1009.80707,0.21296121,6.3122663,9.04786,0.100105464,-0.1310305,0.051159926,38.90625,-33.0,35.325,46.950733,0.3361091,49.741684,0.29218444,-0.048288755,-0.0018917806,0.9551402,0.05175398,-0.29159063,-0.9012689,0.31624487,-1.0,0
1763545182711,1009.80707,-0.30209386,6.906883,9.724431,-0.24029893,0.18188499,0.046273008,37.237503,-31.81875,35.90625,46.950733,0.3361091,49.741684,0.28885823,-0.045364864,-0.0006054828,0.95629627,0.053532064,-0.28745675,-0.9017885,0.31824598,-1.0,0
1763545182737,1009.82904,-0.13459627,7.24786,10.71506,-0.22380558,0.05665771,0.10231985,38.775,-32.15625,35.90625,46.950733,0.3361091,49.741684,0.28697735,-0.045320842,0.00026457486,0.95686466,0.0530576,-0.28564817,-0.90191,0.3196065,-1.0,0
1763545182761,1009.86615,0.5132605,7.292725,10.812568,-0.18898629,-0.19120067,0.1574504,38.49375,-32.175003,35.625,46.950733,0.3361091,49.741684,0.28509077,-0.047884423,0.00094620715,0.9573032,0.050105758,-0.28470877,-0.90198964,0.32069454,-1.0,0
1763545182788,1009.86615,3.6771703,6.2201424,12.51865,-0.36873326,-0.15515965,-0.039095346,37.7625,-30.750002,34.85625,46.950733,0.3361091,49.741684,0.2786586,-0.05190136,-0.00013161401,0.95898676,0.045889664,-0.28311667,-0.9025863,0.32105628,-1.0,0
1763545182814,1009.89056,2.6703901,5.1876397,12.64846,-0.33559385,0.27382013,-0.22143848,39.35625,-30.225,34.2,46.950733,0.3361091,49.741684,0.2754662,-0.048567254,-0.0012716998,0.9600823,0.043941975,-0.28002405,-0.904198,0.31950215,-1.0,0
1763545182838,1009.914,1.6528423,4.529015,12.201003,-0.17951788,0.42470375,-0.18127412,38.287502,-31.06875,34.818752,46.950733,0.3361091,49.741684,0.2738838,-0.044674166,-0.001597526,0.96072334,0.048371673,-0.27325502,-0.907245,0.31606716,-1.0,0
1763545182864,1009.914,1.352543,4.19402,10.903495,0.081015944,0.23243405,-0.09605849,37.6875,-31.7625,35.850002,46.950733,0.3361091,49.741684,0.2745059,-0.04313791,-0.0018113323,0.96061563,0.049733315,-0.27338797,-0.907553,0.31485423,-1.0,0
1763545182889,1009.89813,1.6600207,3.6041892,7.8311105,0.15263984,-0.10583232,-0.039553493,37.96875,-31.125002,35.943752,46.950733,0.3361091,49.741684,0.2767249,-0.044875897,-0.002782756,0.95989674,0.049294684,-0.2749812,-0.9075767,0.31346446,-1.0,0
1763545182915,1009.86053,1.8687944,3.679563,7.2179494,0.073685564,-0.091782436,-0.04214967,38.4,-31.2,35.737503,46.950733,0.3361091,49.741684,0.27708325,-0.045709755,-0.0033554286,0.95975214,0.04743541,-0.27679306,-0.9080572,0.31075332,-1.0,0
1763545182941,1009.86053,1.7084754,4.210171,5.5184474,-0.061926417,0.07651082,-0.19104797,38.71875,-31.050001,35.850002,46.950733,0.3361091,49.741684,0.2763926,-0.04451857,-0.0060529914,0.9599941,0.047248293,-0.27687448,-0.90859884,0.30912185,-1.0,0
1763545182966,1009.81464,1.0660025,4.293322,5.8600225,-0.1720348,0.14676027,-0.29352054,38.325,-31.462502,36.225002,46.950733,0.3361091,49.741684,0.27501205,-0.04244751,-0.008472582,0.96046597,0.04795962,-0.27581632,-0.9095871,0.30704495,-1.0,0
1763545182991,1009.81464,0.22731815,4.348955,6.687341,-0.14989094,0.18188499,-0.30527967,42.09375,-30.431252,33.91875,46.950733,0.3361091,49.741684,0.27414557,-0.040097367,-0.010708954,0.96079224,0.05124297,-0.27228248,-0.9120415,0.30235195,-1.0,0
1763545183017,1009.7929,-0.18783657,4.2927237,7.1742806,0.0240528,0.12370012,-0.21044292,39.075,-30.6375,36.5625,46.950733,0.3361091,49.741684,0.27496195,-0.038638018,-0.012157924,0.9606015,0.05294023,-0.27256984,-0.91227525,0.30109286,-1.0,0
1763545183042,1009.7819,0.2428715,4.795815,6.220741,0.21342088,0.0033597562,-0.076052666,37.912502,-30.6375,36.225002,46.950733,0.3361091,49.741684,0.278937,-0.03779338,-0.013649727,0.9594683,0.05505342,-0.2760495,-0.91166645,0.29938287,-1.0,0
1763545183067,1009.7819,0.086141616,5.155935,6.122037,0.15676318,0.1640172,-0.046273008,40.5,-30.225,35.006252,46.950733,0.3361091,49.741684,0.28047407,-0.035793684,-0.013406763,0.9591003,0.05746875,-0.27684695,-0.9112131,0.29957262,-1.0,0
1763545183092,1009.7763,-0.36131623,5.3826547,5.9060845,0.09430225,0.24556763,0.013286309,41.025,-30.562502,35.4375,46.950733,0.3361091,49.741684,0.2815186,-0.033678707,-0.012491999,0.95888317,0.059883516,-0.2771298,-0.9106288,0.30061316,-1.0,0
1763545183117,1009.7817,0.16570297,5.979664,7.0893354,0.048334677,-0.04214967,0.13271037,39.15,-30.375002,35.775,46.950733,0.3361091,49.741684,0.2830547,-0.0339614,-0.010337179,0.9584465,0.060376387,-0.2786181,-0.9092316,0.30335543,-1.0,0
1763545183142,1009.7817,0.20518455,6.265008,7.537391,0.08025236,0.01970039,0.13591741,41.362503,-30.2625,35.381252,46.950733,0.3361091,49.741684,0.2840502,-0.033636354,-0.0088387625,0.95817846,0.06107355,-0.27943864,-0.9084181,0.30489448,-1.0,0
1763545183167,1009.7939,-0.058624156,6.3493547,7.768897,0.07383828,0.22128576,0.18448116,40.575,-30.6,35.475002,46.950733,0.3361091,49.741684,0.2849199,-0.03173813,-0.006280076,0.95800513,0.06323412,-0.27962133,-0.90732735,0.3075231,-1.0,0
1763545183192,1009.8117,0.51505506,6.169295,8.882756,0.108504854,0.27656904,0.2131918,39.975002,-30.656252,35.23125,46.950733,0.3361091,49.741684,0.28691527,-0.027536353,-0.000722331,0.9575598,0.06796367,-0.28010634,-0.9049695,0.31297222,-1.0,0
1763545183217,1009.8117,0.32183465,5.9204416,8.43111,0.08147409,0.23976442,0.16004658,40.331253,-29.625002,35.60625,46.950733,0.3361091,49.741684,0.2874303,-0.025894178,0.0013556998,0.9574505,0.06965612,-0.28006196,-0.90421677,0.31480995,-1.0,0
1763545183242,1009.8381,-0.37806597,6.059225,8.920443,-0.040240716,0.20906848,0.17791437,39.506252,-30.712502,36.375,46.950733,0.3361091,49.741684,0.28685707,-0.02423004,0.0038041493,0.95765936,0.071045525,-0.2789742,-0.90360695,0.31720716,-1.0,0
1763545183267,1009.8381,-1.410569,6.5347986,9.338589,-0.11186461,0.34177884,0.3090976,39.80625,-31.5375,34.537502,46.950733,0.3361091,49.741684,0.2855918,-0.021498749,0.007984976,0.9580769,0.07329077,-0.2768634,-0.90254074,0.32155138,-1.0,0
1763545183293,1009.86005,-1.3591232,6.9708905,10.469795,-0.35926485,0.22372922,0.6006328,39.15,-29.625002,36.037502,46.950733,0.3361091,49.741684,0.279832,-0.018716156,0.019427864,0.9596699,0.07448969,-0.27038404,-0.8997306,0.33440778,-1.0,0
1763545183319,1009.90155,-0.29970104,5.9790654,12.580863,-0.23907721,-0.16172644,0.59650946,42.862503,-30.225,33.975002,46.950733,0.3361091,49.741684,0.27810347,-0.021904988,0.0240794,0.9599994,0.07100948,-0.26977587,-0.8983841,0.33924133,-1.0,0
1763545183344,1009.90155,-0.14955142,4.753342,12.695121,0.0184023,-0.17424917,0.5592467,39.600002,-29.7,34.29375,46.950733,0.3361091,49.741684,0.27809507,-0.024147168,0.028959818,0.95981324,0.06877078,-0.27053747,-0.8967505,0.34339267,-1.0,0
1763545183369,1009.92914,-0.45822555,4.267599,9.759128,-0.06666062,0.28970262,0.4885391,39.15,-28.875002,35.68125,46.950733,0.3361091,49.741684,0.27612668,-0.021944532,0.03959102,0.9600547,0.06992523,-0.26802602,-0.8938431,0.35258618,-1.0,0
1763545183395,1009.9294,-1.1736795,4.104887,9.048459,-0.26045746,0.38255405,0.41172287,37.66875,-28.406252,34.275,46.950733,0.3361091,49.741684,0.27270135,-0.019154673,0.04421204,0.9608914,0.07138191,-0.26388925,-0.89318943,0.357043,-1.0,0
1763545183420,1009.9294,-2.0350957,4.072584,9.003593,-0.40080366,0.38530296,0.39660397,38.775,-28.650002,34.3125,46.950733,0.3361091,49.741684,0.26835862,-0.01658136,0.04879615,0.9619395,0.07241603,-0.2589348,-0.89263606,0.36181423,-1.0,0
1763545183450,1009.9262,-2.4430718,3.6293137,9.859626,-0.15309799,0.32665995,0.6875283,39.3375,-28.10625,33.91875,46.950733,0.3361091,49.741684,0.26319426,-0.012812343,0.061977983,0.9626647,0.07444491,-0.2527713,-0.888752,0.3750794,-1.0,0
1763545183475,1009.92645,-2.067997,3.4881372,8.906086,0.075976305,0.3336849,0.87078774,39.506252,-27.45,31.706251,46.950733,0.3361091,49.741684,0.26347992,-0.011301828,0.07105011,0.96197844,0.07601355,-0.25252986,-0.88504755,0.38359025,-1.0,0
1763545183500,1009.92645,-1.2424731,3.4803605,7.459625,0.34582582,0.27030766,1.0564907,40.875,-26.550001,30.281252,46.950733,0.3361091,49.741684,0.2678149,-0.009972376,0.091441415,0.95906943,0.07735806,-0.2537988,-0.8806322,0.39254147,-1.0,0
1763545183525,1009.915,-0.7070791,3.6861434,6.595217,0.36231917,0.3037525,1.1149809,37.10625,-28.44375,32.175003,46.950733,0.3361091,49.741684,0.2704009,-0.009117944,0.10251907,0.9572304,0.07873056,-0.25617525,-0.8755362,0.40201008,-1.0,0
1763545183550,1009.915,-0.20398813,3.894917,6.634699,0.2853502,0.43249226,1.0589341,36.975002,-26.737501,34.55625,46.950733,0.3361091,49.741684,0.27219716,-0.0068927985,0.11325259,0.9555287,0.08317028,-0.2592711,-0.8648686,0.42173874,-1.0,0
1763545183575,1009.8881,-0.62452674,3.792624,6.7298136,0.19173518,0.6024654,0.9741766,36.525,-27.393751,35.100002,46.950733,0.3361091,49.741684,0.2729222,-0.0032024416,0.123828076,0.9540282,0.086890794,-0.25874072,-0.8599722,0.4312205,-1.0,0
1763545183600,1009.8669,-1.1120644,3.731607,7.368099,0.22915065,0.6499601,1.0645846,37.631252,-25.781252,33.037502,46.950733,0.3361091,49.741684,0.27467722,0.0046233498,0.14634569,0.9503231,0.09491022,-0.25780028,-0.8489638,0.45143273,-1.0,0
1763545183625,1009.8669,-0.6155536,4.223332,7.3429747,0.28962627,0.5129737,1.1085669,36.91875,-26.362501,33.61875,46.950733,0.3361091,49.741684,0.27646238,0.0068170764,0.15764716,0.9479818,0.09761592,-0.25874516,-0.8429457,0.46148095,-1.0,0
1763545183650,1009.83124,0.14416756,4.801797,7.7497544,0.24701844,0.42745262,1.074053,35.49375,-26.23125,31.893751,46.950733,0.3361091,49.741684,0.2778846,0.008643174,0.1683273,0.9457121,0.09986183,-0.25946513,-0.8371845,0.47098577,-1.0,0
1763545183676,1009.821,0.49651068,5.5340004,8.705687,0.2861138,0.64446235,0.8874338,37.65,-25.7625,31.95,46.950733,0.3361091,49.741684,0.2808427,0.015822303,0.18801056,0.94102556,0.107624345,-0.25988454,-0.82624733,0.4880496,-1.0,0
1763545183701,1009.821,0.81236327,6.0604215,8.193623,0.31955865,0.5062542,0.82420933,36.506252,-24.900002,32.175003,46.950733,0.3361091,49.741684,0.28295738,0.018373378,0.19643627,0.9386215,0.11075886,-0.26102665,-0.8211432,0.4952993,-1.0,0
1763545183726,1009.81903,1.4596218,6.5575304,7.9112697,0.23021966,0.3187187,0.6901245,35.5125,-26.00625,34.050003,46.950733,0.3361091,49.741684,0.28437877,0.019697782,0.2030679,0.9367519,0.11254914,-0.26190072,-0.8170535,0.50116295,-1.0,0
1763545183751,1009.81903,0.87278205,7.3633137,8.687142,-0.3183369,0.44409868,0.39080074,34.4625,-26.343752,30.937502,46.950733,0.3361091,49.741684,0.2794838,0.02382019,0.21305808,0.93591005,0.115088224,-0.25579932,-0.8124283,0.51115716,-1.0,0
1763545183776,1009.8227,0.4941179,7.2305117,10.392627,-0.4802161,0.49250972,0.3329213,37.875,-25.368752,31.44375,46.950733,0.3361091,49.741684,0.27450636,0.026379656,0.2174459,0.93630534,0.116002895,-0.25018585,-0.8110397,0.5159118,-1.0,0
1763545183801,1009.85175,0.73399836,6.7118673,11.523235,-0.44600764,0.41615164,0.34910923,35.9625,-24.69375,31.143751,46.950733,0.3361091,49.741684,0.27004886,0.0282162,0.22178271,0.93653077,0.11632287,-0.24533962,-0.80967045,0.5202992,-1.0,0
1763545183826,1009.85175,1.4327025,6.0598235,12.326626,-0.34414595,0.3764454,0.36651886,34.78125,-24.69375,32.5125,46.950733,0.3361091,49.741684,0.2664143,0.03020699,0.22619218,0.9364551,0.11695586,-0.24126828,-0.8082154,0.52430797,-1.0,0
1763545183852,1009.8886,0.68195444,4.84068,11.88515,0.13095413,0.62476194,0.39370236,34.96875,-25.181252,32.5125,46.950733,0.3361091,49.741684,0.26435277,0.038689625,0.23624803,0.9342417,0.12388078,-0.2367125,-0.8036704,0.53172797,-1.0,0
1763545183877,1009.91595,0.6837491,4.790431,10.253843,0.32459828,0.4575377,0.5050325,35.100002,-24.656252,30.768751,46.950733,0.3361091,49.741684,0.26635212,0.04153584,0.24183634,0.93211937,0.12705217,-0.23775287,-0.8002165,0.5357097,-1.0,0
1763545183902,1009.91595,1.3890336,4.7952166,8.85823,0.3407862,0.17226386,0.505796,36.16875,-24.54375,30.187502,46.950733,0.3361091,49.741684,0.26888797,0.041980963,0.24640141,0.93017375,0.12819555,-0.24006052,-0.7971284,0.539002,-1.0,0
1763545183927,1009.8918,1.3495519,4.173681,7.0869427,-0.13752094,0.26313,0.32772896,33.881252,-24.150002,30.862501,46.950733,0.3361091,49.741684,0.2672091,0.043267373,0.2538821,0.92858547,0.12821701,-0.24097738,-0.79496104,0.54178154,-1.0,0
1763545183952,1009.85956,1.0331012,3.8703907,7.663613,-0.34674212,0.50029826,0.27931792,36.1875,-23.775002,29.38125,46.950733,0.3361091,49.741684,0.26283547,0.04621328,0.2578931,0.9285866,0.12994294,-0.23309435,-0.79244673,0.5484615,-1.0,0
1763545183977,1009.85956,0.5706882,3.7501514,7.4015985,-0.32811075,0.5361866,0.2516763,36.525,-22.7625,30.525002,46.950733,0.3361091,49.741684,0.25875553,0.049221445,0.26162052,0.9285351,0.13132729,-0.22832067,-0.79145867,0.5515578,-1.0,0
1763545184002,1009.8288,-0.35653058,3.7854455,6.7226353,-0.14775293,0.15164718,0.3263545,34.6875,-22.44375,30.075,46.950733,0.3361091,49.741684,0.25462785,0.050776027,0.26847586,0.92763525,0.13188988,-0.22530025,-0.7902892,0.5543355,-1.0,0
1763545184027,1009.8288,0.061016977,3.9308095,6.7704916,-0.12102758,0.12751803,0.41523534,36.46875,-23.75625,29.962502,46.950733,0.3361091,49.741684,0.25325525,0.05096097,0.27269575,0.92676955,0.13130684,-0.22399122,-0.7886997,0.5572605,-1.0,0
1763545184052,1009.8012,0.9631111,4.1371903,7.2622166,-0.1419497,0.27672175,0.41126472,34.4625,-22.725,30.73125,46.950733,0.3361091,49.741684,0.25139368,0.05249865,0.27701244,0.92590994,0.13182625,-0.2204013,-0.78440386,0.56458455,-1.0,0
1763545184077,1009.7778,0.93559366,4.3172503,7.7270226,-0.07658717,0.36453354,0.31444263,37.29375,-22.66875,28.893751,46.950733,0.3361091,49.741684,0.25023127,0.054593485,0.2806339,0.9250127,0.1333609,-0.21865727,-0.78253996,0.56748134,-1.0,0
1763545184102,1009.7778,1.3010973,4.671388,8.082356,0.17508912,0.1348484,0.30222535,35.1375,-22.3875,29.400002,46.950733,0.3361091,49.741684,0.2521846,0.056597967,0.28673637,0.9224868,0.1343314,-0.21872222,-0.7805586,0.5699509,-1.0,0
1763545184127,1009.7614,1.0037891,4.8454657,7.5385876,0.2286925,0.21487169,0.25228715,34.65,-23.4375,29.212502,46.950733,0.3361091,49.741684,0.25370708,0.058572765,0.28953382,0.92107123,0.13577004,-0.21992475,-0.77848023,0.57198614,-1.0,0
1763545184152,1009.7575,0.56769717,5.0386863,7.9860454,0.22059855,0.31826055,0.30558512,35.456253,-22.35,28.593752,46.950733,0.3361091,49.741684,0.2552331,0.0612601,0.29317757,0.91932046,0.14113012,-0.22131206,-0.77349406,0.576897,-1.0,0
1763545184177,1009.7575,1.2592229,5.834898,7.980662,0.60193086,0.17883067,0.4346303,34.36875,-22.48125,30.88125,46.950733,0.3361091,49.741684,0.26406762,0.06571982,0.301202,0.9139073,0.14814445,-0.22826308,-0.76597005,0.58244234,-1.0,0
1763545184202,1009.75604,1.7174485,6.4366927,7.115058,0.5585595,-0.04734202,0.39202246,34.537502,-22.35,31.781252,46.950733,0.3361091,49.741684,0.2693437,0.065229006,0.30381587,0.9115344,0.14943573,-0.2333877,-0.76278293,0.58426136,-1.0,0
1763545184228,1009.75604,2.324029,6.561718,7.932207,0.31894776,-0.20540328,0.20509785,34.143753,-20.643751,31.725,46.950733,0.3361091,49.741684,0.27284393,0.0635423,0.3044379,0.9104043,0.14906512,-0.23719406,-0.7613061,0.58474916,-1.0,0
1763545184254,1009.7497,1.3160524,5.936593,10.41835,-0.0796415,0.12400555,-0.09987639,35.8875,-20.831251,30.468752,46.950733,0.3361091,49.741684,0.2724668,0.06412711,0.30367315,0.9107317,0.14945956,-0.23666914,-0.7619523,0.5840191,-1.0,0
1763545184279,1009.77386,0.24885355,6.16092,10.864013,-0.084375694,0.5013673,-0.057726722,37.068752,-21.581251,28.837502,46.950733,0.3361091,49.741684,0.2700571,0.06871564,0.304915,0.91069984,0.15288731,-0.23297673,-0.76182956,0.5847761,-1.0,0
1763545184304,1009.77386,-0.8141579,6.47438,9.296116,-0.108657576,0.5031999,0.033902995,35.831253,-21.09375,30.487501,46.950733,0.3361091,49.741684,0.26736134,0.07185071,0.3065692,0.9106979,0.15491404,-0.22944772,-0.76144254,0.58614045,-1.0,0
1763545184329,1009.78827,-0.69272214,6.5030937,9.317652,-0.39805475,0.077579826,0.08842268,35.568752,-21.50625,32.4,46.950733,0.3361091,49.741684,0.26327717,0.07035034,0.30748174,0.91169673,0.15225707,-0.22601289,-0.7618553,0.5876329,-1.0,0
1763545184354,1009.81683,-0.87936234,4.674379,14.056637,-0.6457604,0.1915061,0.09086613,33.9,-20.41875,31.275002,46.950733,0.3361091,49.741684,0.25108138,0.06823716,0.31038317,0.9143107,0.14613141,-0.21527608,-0.76380986,0.59067446,-1.0,0
1763545184379,1009.81683,-1.1946167,4.237689,13.704892,-0.123929195,0.56092656,0.3394881,37.48125,-21.7875,28.81875,46.950733,0.3361091,49.741684,0.24915957,0.0724928,0.31517404,0.9128689,0.14923114,-0.21228698,-0.7617304,0.5936591,-1.0,0
1763545184404,1009.8305,-0.95413804,4.5744786,10.307083,0.45196357,0.3028362,0.48227775,36.46875,-21.6375,28.9125,46.950733,0.3361091,49.741684,0.2528944,0.07443434,0.31953198,0.9101666,0.15200266,-0.21538626,-0.758523,0.59594196,-1.0,0
1763545184429,1009.8305,-0.31286156,4.9489555,7.2807612,0.562072,-0.22769985,0.48319405,37.275,-19.931252,27.956251,46.950733,0.3361091,49.741684,0.2584088,0.07246895,0.32241723,0.9077556,0.15183711,-0.22129698,-0.75553524,0.5976116,-1.0,0
1763545184454,1009.78925,-0.059820566,4.5338006,6.4612193,-0.026038112,0.10216714,0.30757043,36.975002,-19.21875,28.725,46.950733,0.3361091,49.741684,0.2601923,0.07143356,0.32796997,0.9053358,0.15150079,-0.2232718,-0.75126857,0.60232276,-1.0,0
1763545184480,1009.7651,-0.212363,4.4117665,7.12762,-0.16928591,0.30680683,0.32299474,35.006252,-20.0625,30.525002,46.950733,0.3361091,49.741684,0.25808862,0.07289813,0.331663,0.9044754,0.15223147,-0.22079276,-0.74920183,0.60561764,-1.0,0
1763545184505,1009.7651,0.22313072,4.162315,6.6448684,0.065744326,-0.013286309,0.21364996,34.55625,-20.212502,29.343752,46.950733,0.3361091,49.741684,0.25850952,0.07281535,0.33598024,0.9027669,0.1525418,-0.22009902,-0.74751365,0.607874,-1.0,0
1763545184531,1009.74066,0.09272188,4.017549,6.0436716,0.06482802,-0.07437278,0.16676609,34.275,-19.3875,29.94375,46.950733,0.3361091,49.741684,0.25923383,0.072117165,0.33719537,0.90216196,0.15179682,-0.22217289,-0.7454057,0.60989124,-1.0,0
1763545184556,1009.71454,0.22073789,3.909274,6.0323057,-0.028023422,0.048258316,0.15393792,36.09375,-18.45,29.23125,46.950733,0.3361091,49.741684,0.25869203,0.07237813,0.33872002,0.90172535,0.15187454,-0.22157232,-0.74448663,0.6112115,-1.0,0
1763545184582,1009.71454,0.4755735,3.9517467,6.884151,0.059635673,0.11209369,-0.0009162972,35.550003,-20.362501,29.250002,46.950733,0.3361091,49.741684,0.2584215,0.07443366,0.33981386,0.9012239,0.15254591,-0.22057757,-0.7438827,0.6121387,-1.0,0
1763545184607,1009.7087,-0.18185452,4.0612183,6.2662044,0.13309216,0.076052666,-0.06704241,37.612503,-18.16875,29.5125,46.950733,0.3361091,49.741684,0.25917026,0.07571153,0.3393137,0.90109086,0.15367071,-0.22069745,-0.74383295,0.6118746,-1.0,0
1763545184633,1009.696,-0.590429,4.473382,6.0023956,0.05093085,0.10308343,-0.054672398,34.78125,-19.81875,29.456251,46.950733,0.3361091,49.741684,0.2589897,0.07701812,0.3391129,0.9011076,0.1562714,-0.2204239,-0.7440292,0.61107534,-1.0,0
1763545184659,1009.696,-0.5413761,4.866403,6.9445696,-0.027717989,0.093615025,-0.040317077,34.74375,-20.8125,28.275002,46.950733,0.3361091,49.741684,0.25859147,0.077988364,0.3389038,0.9012172,0.15711962,-0.21969333,-0.74403965,0.6111082,-1.0,0
1763545184683,1009.7065,-0.7896315,5.555536,8.364112,0.0796415,0.06856957,0.08933897,32.68125,-20.6625,30.956251,46.950733,0.3361091,49.741684,0.25942913,0.07984049,0.34003103,0.9003893,0.15801251,-0.21960276,-0.7437047,0.61131823,-1.0,0
1763545184708,1009.7065,-0.3074777,5.9521465,9.022138,0.14164427,0.058337588,0.14981459,36.28125,-20.41875,29.643751,46.950733,0.3361091,49.741684,0.2608224,0.08050985,0.3412587,0.8994622,0.16031267,-0.22092989,-0.7413773,0.61306566,-1.0,0
1763545184733,1009.72894,-0.17467605,6.1387863,9.245867,0.1918879,-0.091782436,0.16065744,37.050003,-19.6875,27.206251,46.950733,0.3361091,49.741684,0.26303583,0.0797353,0.34215298,0.8985465,0.1603354,-0.22324458,-0.7401062,0.61375666,-1.0,0
1763545184758,1009.7609,0.25902304,7.033104,9.732208,0.0041996953,-0.041996952,0.13164136,36.018753,-18.825,28.800001,46.950733,0.3361091,49.741684,0.26454428,0.078069374,0.34407923,0.89751375,0.1593016,-0.22516993,-0.7383532,0.6154316,-1.0,0
1763545184783,1009.7609,-0.28893334,7.4739814,10.491331,-0.12087487,0.02535089,0.094378605,34.875,-19.2,31.575,46.950733,0.3361091,49.741684,0.2635744,0.077559344,0.34501126,0.89748555,0.15858154,-0.22436309,-0.7378173,0.61655396,-1.0,0
1763545184808,1009.79877,-0.3152544,7.450053,11.388639,-0.14775293,-0.1018617,0.15027274,35.475002,-19.368752,28.893751,46.950733,0.3361091,49.741684,0.26305833,0.07568291,0.3461238,0.8973688,0.15670544,-0.22443481,-0.73716444,0.6177872,-1.0,0
1763545184833,1009.8415,1.8777676,6.472585,12.525828,-0.009544762,-0.3414734,0.13561198,34.893753,-18.45,30.281252,46.950733,0.3361091,49.741684,0.26470095,0.06940411,0.34719014,0.8969813,0.15123145,-0.22806264,-0.73662674,0.6184638,-1.0,0
1763545184858,1009.8415,1.6606189,5.9001026,12.008381,0.0561232,-0.12583815,0.037110034,34.3875,-18.862501,29.587502,46.950733,0.3361091,49.741684,0.26521724,0.0686946,0.34736764,0.89681464,0.15056324,-0.22888827,-0.73685384,0.6180512,-1.0,0
1763545184883,1009.8654,1.5433706,5.4987063,11.6686,0.06788235,0.13439025,0.027488915,34.6875,-18.09375,29.6625,46.950733,0.3361091,49.741684,0.2651617,0.0703051,0.34810767,0.8964193,0.1519251,-0.22841258,-0.73663265,0.6181576,-1.0,0
1763545184909,1009.8654,1.5960127,5.061418,10.915459,0.2370919,0.25320345,-0.011148282,36.075,-17.8125,28.575,46.950733,0.3361091,49.741684,0.26671124,0.0729777,0.34836954,0.89564395,0.1547496,-0.22915757,-0.7363662,0.61749834,-1.0,0
1763545184934,1009.8725,1.2340983,3.9188452,7.402197,0.5096903,-0.3358229,-0.062613636,35.831253,-18.975,29.437502,46.950733,0.3361091,49.741684,0.2762797,0.07186404,0.34554303,0.8939268,0.1564552,-0.23878166,-0.7364498,0.6133081,-1.0,0
1763545184959,1009.84125,1.771287,3.5958142,6.7088766,0.30169085,-0.38515025,-0.07437278,34.7625,-17.71875,29.94375,46.950733,0.3361091,49.741684,0.2791514,0.06975644,0.34381545,0.8938677,0.15525734,-0.24225326,-0.73724794,0.6112888,-1.0,0
1763545184984,1009.84125,2.1421745,3.501896,7.042675,-0.004657844,-0.066126116,-0.16859868,36.112503,-19.6875,29.925001,46.950733,0.3361091,49.741684,0.27828404,0.06993818,0.34237054,0.8946782,0.15501416,-0.2414621,-0.73882705,0.6097551,-1.0,0
1763545185009,1009.81683,0.48215377,3.8650067,7.623533,-0.05535962,0.25060728,-0.22892158,36.131252,-17.456251,30.4125,46.950733,0.3361091,49.741684,0.27462345,0.07424159,0.34002647,0.8963549,0.1576055,-0.23683406,-0.7419859,0.60706425,-1.0,0
1763545185035,1009.7985,0.05623133,4.2185464,6.220741,0.16012293,0.120034926,-0.16340633,36.46875,-18.13125,27.6375,46.950733,0.3361091,49.741684,0.27565867,0.07598211,0.33888617,0.89632314,0.15948121,-0.23733252,-0.74258196,0.6056493,-1.0,0
1763545185060,1009.7985,0.57607204,4.4285164,4.8568316,0.15065452,0.068722285,-0.12217296,36.61875,-18.018751,29.306252,46.950733,0.3361091,49.741684,0.27630946,0.07750442,0.33788157,0.89637166,0.16115892,-0.23744822,-0.7428764,0.60479814,-1.0,0
1763545185085,1009.7663,0.8243274,4.56072,6.390033,-0.12805253,0.1395826,-0.29000807,37.068752,-18.712502,28.368752,46.950733,0.3361091,49.741684,0.27391276,0.0805321,0.33427525,0.8981907,0.16226429,-0.2359611,-0.74384046,0.60389906,-1.0,0
1763545185111,1009.7663,0.13160525,4.7515473,6.963712,0.013973532,0.18814635,-0.27794346,36.318752,-18.0375,29.343752,46.950733,0.3361091,49.741684,0.27369586,0.08303393,0.3325728,0.89866084,0.16574396,-0.23309436,-0.74629253,0.60103524,-1.0,0
1763545185137,1009.75165,0.09571291,5.28754,6.1154566,0.18547381,0.16187917,-0.17501275,35.081253,-19.050001,29.531252,46.950733,0.3361091,49.741684,0.2749815,0.08536494,0.33136606,0.89849573,0.16837423,-0.23356396,-0.7464903,0.5998752,-1.0,0
1763545185163,1009.72577,0.32542387,5.843871,5.232505,0.020693045,0.06811142,-0.12018765,35.381252,-19.0125,29.493752,46.950733,0.3361091,49.741684,0.27632457,0.08784377,0.3293837,0.89857364,0.17034154,-0.23424622,-0.746397,0.5991694,-1.0,0
1763545185188,1009.72577,0.1591227,5.910272,6.979265,-0.04421134,0.07696896,-0.06368265,36.112503,-18.431252,28.462502,46.950733,0.3361091,49.741684,0.27628514,0.08871282,0.32924595,0.89855087,0.17147389,-0.233813,-0.74636966,0.5990497,-1.0,0
1763545185213,1009.7121,0.35533416,6.2512493,8.164909,0.13309216,0.06811142,0.05574141,36.600002,-18.768751,30.281252,46.950733,0.3361091,49.741684,0.27806476,0.08963336,0.3298358,0.8976938,0.17246345,-0.23336628,-0.7459336,0.5994828,-1.0,0
1763545185239,1009.7277,0.9702896,6.5868425,7.893324,0.33819002,-0.04886918,0.07024945,37.893753,-19.743752,28.35,46.950733,0.3361091,49.741684,0.2816602,0.08988252,0.32978514,0.8965659,0.17543706,-0.23797728,-0.7435144,0.59981245,-1.0,0
1763545185264,1009.7277,0.48394838,6.6891356,8.422736,0.18028148,-0.14767656,-0.0006108648,35.325,-18.525002,29.94375,46.950733,0.3361091,49.741684,0.28695083,0.08863419,0.32866764,0.89542216,0.17598534,-0.24139561,-0.742822,0.5991434,-1.0,0
1763545185289,1009.74774,0.8392825,6.6089764,9.616755,0.035201084,0.0059559317,-0.014813471,36.3375,-17.8125,31.181252,46.950733,0.3361091,49.741684,0.28696498,0.089318305,0.32856873,0.8953859,0.17680486,-0.24303645,-0.74229044,0.5988975,-1.0,0
1763545185315,1009.7983,0.11066805,6.6077795,10.454242,-0.0022143847,0.2952004,-0.06108648,35.49375,-19.143751,30.73125,46.950733,0.3361091,49.741684,0.28579593,0.092523724,0.3291776,0.8952106,0.17942122,-0.24093148,-0.7420365,0.5992844,-1.0,0
1763545185340,1009.7983,-1.2251252,7.3525457,9.164511,-0.009392046,0.14630212,0.16233732,35.5125,-18.900002,32.100002,46.950733,0.3361091,49.741684,0.28426215,0.096070886,0.3323403,0.8941562,0.18229145,-0.23833671,-0.7400127,0.6019524,-1.0,0
1763545185366,1009.8256,-0.19860429,7.1048884,9.565907,-0.28260133,-0.13622284,0.097432934,36.675003,-18.393751,30.562502,46.950733,0.3361091,49.741684,0.2816838,0.09391684,0.33273673,0.89505315,0.179545,-0.23649469,-0.7404247,0.6029968,-1.0,0
1763545185390,1009.8256,-0.18364914,5.922236,11.673984,-0.53824824,0.085215636,-0.017409647,36.16875,-18.69375,30.16875,46.950733,0.3361091,49.741684,0.2762952,0.09396157,0.33354437,0.89642644,0.17786746,-0.23136765,-0.74142945,0.60424715,-1.0,0
1763545185416,1009.86395,-1.1042876,4.9734817,12.90868,-0.38751733,0.4424188,0.05131264,35.53125,-17.625,29.250002,46.950733,0.3361091,49.741684,0.2719103,0.09670945,0.33583802,0.8966186,0.17885064,-0.22649589,-0.74142927,0.6058009,-1.0,0
1763545185441,1009.8879,-0.45044887,5.046463,8.641081,0.09582941,-0.2583958,0.22525638,37.706253,-16.9125,30.056252,46.950733,0.3361091,49.741684,0.27289397,0.09433281,0.33878335,0.8954641,0.17653075,-0.22848786,-0.7404141,0.6069738,-1.0,0
1763545185466,1009.8879,0.08733802,4.9399824,7.813164,-0.10453424,-0.23090689,0.14492767,35.79375,-16.987501,29.343752,46.950733,0.3361091,49.741684,0.2719357,0.092156015,0.33956182,0.89568746,0.17411956,-0.22830711,-0.7404899,0.6076454,-1.0,0
1763545185491,1009.8786,-0.30029923,4.555336,8.097312,-0.45150542,0.20601414,0.14844014,36.46875,-17.175001,31.125002,46.950733,0.3361091,49.741684,0.2637284,0.09178635,0.34340182,0.896715,0.17112656,-0.22066511,-0.74030334,0.61153376,-1.0,0
1763545185521,1009.8671,0.148355,4.321438,8.122437,-0.27236933,0.11713332,0.13912445,36.037502,-16.462502,29.737501,46.950733,0.3361091,49.741684,0.26163608,0.09144566,0.3449015,0.89678717,0.1700873,-0.2188288,-0.74003017,0.6128129,-1.0,0
1763545185546,1009.8671,-0.31286156,4.026522,7.039086,-0.03886627,-0.036651887,0.14370593,37.18125,-16.06875,27.431252,46.950733,0.3361091,49.741684,0.26185837,0.09046919,0.34616807,0.8963332,0.16917628,-0.21939433,-0.7393539,0.6136786,-1.0,0
1763545185568,1009.83344,-0.10109676,3.851248,5.9270215,0.059941106,-0.09117157,0.22418737,37.7625,-16.143751,27.225,46.950733,0.3361091,49.741684,0.2627202,0.0894815,0.34796393,0.8954844,0.16848646,-0.2205474,-0.73805565,0.6150163,-1.0,0
1763545185593,1009.7951,0.56410795,4.1844487,5.886942,-0.101327196,0.12996148,0.21823144,35.90625,-16.35,30.375002,46.950733,0.3361091,49.741684,0.26141647,0.08960049,0.3524801,0.89408666,0.16825803,-0.21921691,-0.7350837,0.6191003,-1.0,0
1763545185618,1009.7951,0.28055847,4.334598,6.4588265,-0.053068876,0.099723674,0.13637556,34.912502,-15.468751,30.581251,46.950733,0.3361091,49.741684,0.26110095,0.08988128,0.35378385,0.89363563,0.16845143,-0.21880694,-0.73416173,0.6202856,-1.0,0
1763545185643,1009.778,-0.018544376,4.587041,6.45105,0.045433067,0.025809037,0.09666935,36.375,-16.29375,29.550001,46.950733,0.3361091,49.741684,0.26180503,0.089959025,0.35453764,0.8931229,0.1687753,-0.2194297,-0.73336285,0.62092227,-1.0,0
1763545185668,1009.778,-0.29671,5.6069818,6.4031935,0.06635518,-0.07009673,0.026267186,36.600002,-15.900001,29.6625,46.950733,0.3361091,49.741684,0.26388985,0.089471325,0.35469437,0.8924959,0.16914545,-0.2214335,-0.7322493,0.6214241,-1.0,0
1763545185693,1009.767,-0.14237295,5.663213,7.6869426,-0.09430225,-0.15164718,-0.032833982,38.2125,-15.225,28.2,46.950733,0.3361091,49.741684,0.26352808,0.08813976,0.3539226,0.8930415,0.1679069,-0.22141126,-0.7326239,0.6213265,-1.0,0
1763545185718,1009.7817,-0.44685963,5.4263234,9.865608,-0.11186461,-0.046425723,-0.059712034,36.862503,-16.125,29.025002,46.950733,0.3361091,49.741684,0.26293588,0.08811036,0.35356838,0.89335924,0.16773255,-0.22082685,-0.7329168,0.62123615,-1.0,0
1763545185743,1009.7817,-0.52342993,5.3162537,10.800603,0.43088874,-0.08796453,0.14569125,36.2625,-15.31875,30.431252,46.950733,0.3361091,49.741684,0.26871592,0.08923434,0.35470834,0.8910729,0.16923192,-0.22189407,-0.7321936,0.62130195,-1.0,0
1763545185768,1009.8134,0.55393845,5.9347982,8.729615,0.45165816,-0.27030766,0.14370593,35.04375,-14.94375,29.456251,46.950733,0.3361091,49.741684,0.27310345,0.087998725,0.3547619,0.8898397,0.17045195,-0.22609101,-0.7309294,0.62094384,-1.0,0
1763545185793,1009.8205,0.32063824,6.576673,8.525029,0.18547381,-0.16798781,0.09728022,34.7625,-15.6,29.362501,46.950733,0.3361091,49.741684,0.2745324,0.087085985,0.3551846,0.889321,0.17026308,-0.23229831,-0.7291508,0.62079555,-1.0,0
1763545185818,1009.8205,0.212363,7.314859,9.707084,-0.111253746,0.016493348,0.08720095,36.075,-14.83125,29.643751,46.950733,0.3361091,49.741684,0.27334163,0.08680693,0.3560565,0.88936645,0.16971463,-0.23118833,-0.72865546,0.6219406,-1.0,0
1763545185843,1009.84125,0.78723866,6.571289,10.812568,-0.21937682,-0.18707734,0.004581486,36.09375,-16.2,29.41875,46.950733,0.3361091,49.741684,0.27065405,0.08297147,0.3560024,0.89057535,0.16831852,-0.23006348,-0.72868806,0.6226985,-1.0,0
1763545185868,1009.84125,1.541576,5.899504,11.342578,-0.3012327,-0.3045161,-0.02932151,36.65625,-14.493751,29.062502,46.950733,0.3361091,49.741684,0.26884508,0.0794184,0.35523963,0.89175105,0.1613136,-0.22926599,-0.73107326,0.6220506,-1.0,0
1763545185893,1009.8659,1.8281165,5.4460645,12.121441,-0.28596106,-0.089797124,-0.041691523,35.925003,-14.981251,28.893751,46.950733,0.3361091,49.741684,0.26636153,0.07831958,0.35522312,0.89259964,0.15932685,-0.22737059,-0.7322946,0.62182164,-1.0,0
1763545185918,1009.8942,1.3268201,5.1828537,10.216156,0.02328922,0.06475167,0.04856375,35.287502,-15.168751,29.437502,46.950733,0.3361091,49.741684,0.26475412,0.079190455,0.35657704,0.8924612,0.15928182,-0.22582111,-0.7327143,0.6219034,-1.0,0
1763545185943,1009.8942,2.1421745,4.7515473,9.052048,0.1343139,-0.25152358,0.015882485,36.600002,-15.900001,29.343752,46.950733,0.3361091,49.741684,0.26678464,0.07689688,0.35573253,0.8923941,0.15763488,-0.22855723,-0.7332406,0.620702,-1.0,0
1763545185968,1009.8874,2.1337996,4.3178487,7.4943204,0.06284271,-0.2707658,-0.09773836,36.768753,-15.01875,30.056252,46.950733,0.3361091,49.741684,0.26756155,0.074860856,0.354237,0.8929294,0.15584643,-0.2300113,-0.73450446,0.61912024,-1.0,0
1763545185994,1009.8532,1.80359,4.1407795,7.399804,-0.38934994,0.20815217,-0.24174973,36.037502,-15.825001,28.462502,46.950733,0.3361091,49.741684,0.2607583,0.075470746,0.35176295,0.8958639,0.15418977,-0.22341946,-0.73828673,0.6174479,-1.0,0
1763545186019,1009.8532,1.1413764,4.1443686,7.7994056,-0.32215482,0.30695954,-0.2933678,37.4625,-15.31875,28.7625,46.950733,0.3361091,49.741684,0.25724936,0.077489324,0.35025185,0.89729697,0.15493119,-0.2194952,-0.7402977,0.61626095,-1.0,0
1763545186045,1009.82245,0.65982085,4.1958146,7.171888,-0.08880447,0.12767074,-0.27962336,37.800003,-15.150001,27.7875,46.950733,0.3361091,49.741684,0.25650096,0.0782654,0.3480698,0.8982924,0.1553751,-0.21857905,-0.7420883,0.61431813,-1.0,0
1763545186070,1009.82245,0.52163535,4.386044,6.3481584,0.042836893,-0.13515383,-0.2614501,35.8875,-15.20625,27.375002,46.950733,0.3361091,49.741684,0.25724003,0.0777323,0.34544876,0.8991387,0.15510124,-0.2194501,-0.7437254,0.612093,-1.0,0
1763545186095,1009.79266,0.32422748,4.690531,6.24108,-0.08086322,0.1301142,-0.19960007,36.7125,-15.50625,27.45,46.950733,0.3361091,49.741684,0.2558801,0.07974638,0.34219092,0.90059495,0.1567143,-0.21742757,-0.74576586,0.6099173,-1.0,0
1763545186120,1009.76263,0.3469593,4.7425747,6.6442704,-0.04772381,0.12370012,-0.14660755,35.662502,-15.6,27.2625,46.950733,0.3361091,49.741684,0.25539848,0.08087714,0.3412438,0.9009901,0.15770338,-0.21656209,-0.7462461,0.6093827,-1.0,0
1763545186146,1009.76263,0.15373886,4.9058847,6.808777,0.03413207,-0.013286309,-0.09834923,36.825,-16.368752,27.487501,46.950733,0.3361091,49.741684,0.25611326,0.080851875,0.34035802,0.9011245,0.15796411,-0.2172058,-0.746492,0.60878456,-1.0,0
1763545186173,1009.74066,0.8219346,5.1613183,7.676175,0.20578507,-0.040622506,0.006261364,36.5625,-15.4125,28.85625,46.950733,0.3361091,49.741684,0.2599555,0.08115599,0.33973524,0.90023154,0.15958825,-0.22066888,-0.74552286,0.608303,-1.0,0
1763545186198,1009.7404,0.92303133,5.272585,7.5882387,0.32994333,0.03527744,0.033902995,39.6375,-16.650002,22.575,46.950733,0.3361091,49.741684,0.26300755,0.08251633,0.3399181,0.89915174,0.16186464,-0.22311826,-0.7443963,0.6081877,-1.0,0
1763545186223,1009.7404,0.8919246,5.608776,7.090532,0.3617083,0.043218683,0.022907428,34.3125,-16.5,27.300001,46.950733,0.3361091,49.741684,0.26614785,0.08376863,0.3398853,0.8981237,0.16408712,-0.22567075,-0.74333346,0.6079502,-1.0,0
1763545186248,1009.7409,0.927817,6.13759,7.4979095,0.3117701,-0.050090913,0.003817905,36.75,-16.743752,27.993752,46.950733,0.3361091,49.741684,0.2692686,0.08405592,0.33939663,0.8973511,0.16544136,-0.22847347,-0.74251974,0.60753065,-1.0,0
1763545186274,1009.75433,1.2963116,6.588039,8.370692,0.17325652,-0.083383046,-0.12156209,36.6375,-15.88125,27.16875,46.950733,0.3361091,49.741684,0.27356568,0.08413452,0.33682245,0.89701384,0.16704899,-0.23240362,-0.7425917,0.60550874,-1.0,0
1763545186300,1009.75433,1.1150553,6.6364937,9.026325,-0.042073313,0.057726722,-0.21532984,36.9375,-16.48125,28.406252,46.950733,0.3361091,49.741684,0.2723613,0.085489064,0.3352674,0.8978344,0.16801976,-0.23077786,-0.7436785,0.60452724,-1.0,0
1763545186325,1009.7824,-1.451247,7.2819576,10.389636,-0.2031889,0.44730574,-0.040622506,37.65,-16.03125,26.775002,46.950733,0.3361091,49.741684,0.26605532,0.092155404,0.3360765,0.89876276,0.17067613,-0.22613071,-0.7444295,0.604615,-1.0,0
1763545186350,1009.7824,-0.41156548,7.652247,11.030314,-0.12438734,-0.011300999,0.10690133,38.775,-17.025002,25.931252,46.950733,0.3361091,49.741684,0.26559135,0.09089356,0.3366384,0.8988182,0.17241359,-0.22260186,-0.74405104,0.60589606,-1.0,0
1763545186376,1009.85614,1.0929217,7.103692,11.434701,-0.12621993,-0.25717407,-0.00962112,36.35625,-16.5375,27.093752,46.950733,0.3361091,49.741684,0.26501712,0.08866958,0.33557516,0.89960706,0.16891992,-0.22262621,-0.7446274,0.6061631,-1.0,0
1763545186401,1009.88983,-1.911267,4.316652,12.395419,-0.16989677,0.53099424,-0.109039366,36.45,-16.25625,25.66875,46.950733,0.3361091,49.741684,0.2586298,0.094444975,0.33561227,0.9008636,0.16883415,-0.21932594,-0.746386,0.60522646,-1.0,0
1763545186426,1009.88983,-2.3449662,4.0959144,10.823934,0.15462515,0.4072941,0.19547673,36.73125,-17.71875,25.25625,46.950733,0.3361091,49.741684,0.25908607,0.09715262,0.33832085,0.8994303,0.1720966,-0.2149232,-0.74650353,0.6057419,-1.0,0
1763545186452,1009.8752,-0.9290134,4.406383,9.160921,0.3737729,-0.12873976,0.3912589,37.518753,-16.650002,26.362501,46.950733,0.3361091,49.741684,0.26294976,0.095864125,0.34075877,0.8975249,0.17442854,-0.21887715,-0.74278885,0.6082205,-1.0,0
1763545186478,1009.84393,0.17168503,4.640281,7.496713,0.34643668,-0.33032513,0.34025168,36.112503,-17.79375,26.868752,46.950733,0.3361091,49.741684,0.26661444,0.09333878,0.34233868,0.8961076,0.17311917,-0.22321549,-0.7411586,0.60900617,-1.0,0
1763545186503,1009.84393,-0.21655045,4.49073,6.6101727,-0.18089233,0.042607818,0.23167047,36.43125,-17.025002,26.493752,46.950733,0.3361091,49.741684,0.2654689,0.09121187,0.34643513,0.89509183,0.1707896,-0.22276498,-0.7387553,0.61273754,-1.0,0
1763545186528,1009.821,-0.14237295,4.322036,7.153343,-0.26503897,0.19822562,0.25335616,37.7625,-17.1,23.8875,46.950733,0.3361091,49.741684,0.26284975,0.09158795,0.34940222,0.894673,0.17034192,-0.2201408,-0.7373393,0.6155098,-1.0,0
1763545186553,1009.788,0.22253251,4.1401815,6.4797635,0.012293654,-0.020158539,0.26419902,35.775,-15.843751,26.343752,46.950733,0.3361091,49.741684,0.26252562,0.09039821,0.35416535,0.8930148,0.1690786,-0.22023615,-0.73434466,0.619392,-1.0,0
1763545186578,1009.788,0.41575295,4.0624146,6.196214,0.08590286,-0.13026692,0.27565274,37.2,-16.06875,26.04375,46.950733,0.3361091,49.741684,0.26409498,0.08887043,0.35620263,0.8918944,0.16813332,-0.22220555,-0.732621,0.6209849,-1.0,0
1763545186603,1009.767,0.9026923,4.322634,6.0801625,0.11919499,-0.0490219,0.2762636,37.03125,-16.95,26.118752,46.950733,0.3361091,49.741684,0.26541266,0.088498555,0.35832006,0.8906912,0.16820656,-0.22356753,-0.7307871,0.622635,-1.0,0
1763545186628,1009.767,0.9924232,4.8939204,6.031708,0.099036455,0.102778,0.16707152,37.3125,-16.181252,26.6625,46.950733,0.3361091,49.741684,0.26606834,0.08947557,0.35973546,0.889827,0.16937968,-0.22384985,-0.72941095,0.62382805,-1.0,0
1763545186653,1009.75433,-0.2536392,5.111667,6.1770716,0.131565,0.010690134,-0.013286309,36.825,-18.075,24.806252,46.950733,0.3361091,49.741684,0.2682587,0.09125327,0.35975868,0.8889791,0.1719352,-0.22522916,-0.7281178,0.62414306,-1.0,0
1763545186678,1009.75653,-0.22971097,5.493921,6.40439,0.11720968,-0.062002774,-0.015882485,38.925003,-17.118752,24.69375,46.950733,0.3361091,49.741684,0.26949558,0.09137865,0.35930392,0.888776,0.17255273,-0.22628187,-0.72778136,0.6239843,-1.0,0
1763545186704,1009.75653,-0.16689938,5.866005,7.2006016,0.06498074,-0.029779658,-0.022907428,37.85625,-16.59375,24.150002,46.950733,0.3361091,49.741684,0.27033973,0.09161642,0.3589082,0.888655,0.17317145,-0.22691141,-0.7274517,0.62396866,-1.0,0
1763545186729,1009.779,0.16151553,6.133403,9.043075,0.24976733,-0.2290743,0.0016798781,36.206253,-18.150002,25.968752,46.950733,0.3361091,49.741684,0.2753788,0.09016454,0.35741726,0.88785684,0.1735252,-0.2320606,-0.7268499,0.62267655,-1.0,0
1763545186755,1009.80634,0.8566305,6.3367925,9.174082,0.23312128,-0.34941465,-0.01802051,35.643753,-18.075,24.7875,46.950733,0.3361091,49.741684,0.2782089,0.08814389,0.35607827,0.88771546,0.17253187,-0.23537691,-0.7271028,0.62141126,-1.0,0
1763545186780,1009.80634,0.8596215,6.428318,9.646665,0.06589704,-0.15851942,-0.07238748,34.5,-17.081251,26.23125,46.950733,0.3361091,49.741684,0.27870288,0.08766516,0.355194,0.8879621,0.17224191,-0.23599409,-0.727605,0.6206694,-1.0,0
1763545186805,1009.82904,-0.059820566,6.728617,10.2347,-0.037033677,0.14370593,-0.05818487,35.325,-19.5,27.056252,46.950733,0.3361091,49.741684,0.27768567,0.08910837,0.3554076,0.8880517,0.17326234,-0.2345843,-0.727678,0.62083423,-1.0,0
1763545186830,1009.82904,0.5910272,7.1563344,10.061819,-0.07460186,-0.24785839,0.038331766,36.412502,-18.0,24.225,46.950733,0.3361091,49.741684,0.2774307,0.086184874,0.35516497,0.88851684,0.17319046,-0.23403752,-0.7274383,0.62134135,-1.0,0
1763545186855,1009.85614,1.3764713,6.7334027,10.298709,-0.25694498,-0.43233955,-0.074525505,37.10625,-18.91875,24.056252,46.950733,0.3361091,49.741684,0.27608377,0.08183071,0.35342818,0.8900393,0.16596547,-0.23531677,-0.7299027,0.6199383,-1.0,0
1763545186880,1009.89276,1.6498512,5.869594,11.373684,-0.5093849,-0.22571453,-0.17608178,36.61875,-16.10625,25.031252,46.950733,0.3361091,49.741684,0.27170023,0.07902859,0.35193148,0.8922318,0.16187616,-0.2320833,-0.73254067,0.6191265,-1.0,0
1763545186905,1009.89276,0.50189453,4.4398823,12.757932,-0.21418446,0.45112363,-0.07803798,35.53125,-17.962502,24.16875,46.950733,0.3361091,49.741684,0.26298228,0.08296564,0.35270724,0.8941782,0.16056806,-0.22672804,-0.7347262,0.6188616,-1.0,0
1763545186930,1009.8837,0.1788635,4.462614,10.527822,0.16012293,0.2658789,0.06291907,37.050003,-17.681252,24.618752,46.950733,0.3361091,49.741684,0.2639172,0.08462286,0.3538,0.8933153,0.1623212,-0.2229233,-0.7355071,0.61885893,-1.0,0
1763545186956,1009.842,0.62093747,4.3501515,8.799605,0.40370527,-0.23151775,0.1621846,35.925003,-18.91875,24.337502,46.950733,0.3361091,49.741684,0.2686861,0.08267026,0.3541438,0.8919392,0.16341136,-0.22874288,-0.7341305,0.6180824,-1.0,0
1763545186980,1009.842,1.5098711,4.158128,7.151549,0.52328205,-0.5421425,0.19593488,36.99375,-17.94375,24.6375,46.950733,0.3361091,49.741684,0.27501073,0.07893855,0.353916,0.89043885,0.16175652,-0.23600218,-0.7330806,0.6170337,-1.0,0
1763545187005,1009.8007,2.3365912,4.473382,5.0955157,-0.1353829,-0.17272201,-0.0386372,36.525,-19.59375,24.150002,46.950733,0.3361091,49.741684,0.27708337,0.07409157,0.35278997,0.8906596,0.15972808,-0.2405442,-0.73269093,0.6162706,-1.0,0
1763545187030,1009.8007,1.4733806,4.3764725,7.1748786,-0.41179922,0.22693627,-0.1989892,36.16875,-18.393751,24.431252,46.950733,0.3361091,49.741684,0.2727746,0.075491615,0.35212797,0.8921328,0.15784483,-0.23492552,-0.7350821,0.61607575,-1.0,0
1763545187055,1009.7785,0.465404,4.3357944,8.075776,-0.22288929,0.33597562,-0.19654575,36.018753,-19.275002,23.118752,46.950733,0.3361091,49.741684,0.2705099,0.07787188,0.351507,0.8928624,0.15932767,-0.23206536,-0.7361283,0.61552864,-1.0,0
1763545187081,1009.74945,0.4648058,4.8137608,5.3503513,0.35651594,-0.23075417,-0.13698642,35.287502,-20.493752,25.725,46.950733,0.3361091,49.741684,0.27626115,0.07804646,0.34791747,0.892492,0.16125216,-0.23750624,-0.7370594,0.6118267,-1.0,0
1763545187106,1009.74945,0.83090764,5.1625147,4.859225,0.2239583,-0.2376264,-0.15913028,35.850002,-19.181252,25.44375,46.950733,0.3361091,49.741684,0.2786465,0.077435955,0.34576187,0.8926413,0.16156782,-0.2398667,-0.7375202,0.6102653,-1.0,0
1763545187132,1009.73773,0.9702896,5.1673007,5.5022955,0.06223185,-0.06429352,-0.20066908,35.11875,-19.25625,25.218752,46.950733,0.3361091,49.741684,0.27926454,0.07798613,0.3438623,0.89313394,0.16242863,-0.24018215,-0.7382246,0.6090599,-1.0,0
1763545187157,1009.73773,-0.6155536,5.276772,6.920043,0.020693045,0.16172644,-0.094378605,35.4375,-18.46875,23.90625,46.950733,0.3361091,49.741684,0.27894866,0.081367806,0.34243712,0.89347845,0.16574007,-0.23866987,-0.7384833,0.60844827,-1.0,0
1763545187182,1009.73773,-0.048454657,5.6416774,7.652247,0.20196716,-0.00763581,0.09498947,34.18125,-19.48125,25.1625,46.950733,0.3361091,49.741684,0.2815916,0.08153493,0.34305325,0.89239717,0.16680573,-0.24107598,-0.73709095,0.6088967,-1.0,0
1763545187207,1009.7409,0.8321041,6.0711894,7.3746796,0.42829257,-0.24465135,0.18997894,35.925003,-20.2875,25.181252,46.950733,0.3361091,49.741684,0.28668028,0.08020162,0.3436026,0.8906848,0.16721645,-0.24628551,-0.73515046,0.6090451,-1.0,0
1763545187232,1009.7531,1.8981066,6.8135624,7.151549,0.24762931,-0.11438443,0.09224058,32.737503,-21.6,24.35625,46.950733,0.3361091,49.741684,0.2937477,0.07863988,0.34430268,0.88824755,0.16822897,-0.25331986,-0.7320272,0.60964274,-1.0,0
1763545187257,1009.7531,1.7246269,6.734001,8.09791,0.07078396,0.056810424,-0.046731155,34.443752,-21.075,25.3875,46.950733,0.3361091,49.741684,0.29418537,0.07950297,0.34389675,0.8881831,0.1693045,-0.25338066,-0.731812,0.609578,-1.0,0
1763545187282,1009.7819,1.1473584,6.7316084,9.172287,0.010155627,0.120034926,-0.12675445,35.287502,-22.087502,23.962502,46.950733,0.3361091,49.741684,0.2940088,0.080761895,0.343114,0.8884307,0.17048183,-0.25278372,-0.73219854,0.6090334,-1.0,0
1763545187307,1009.7819,0.25603202,7.0283184,9.506684,-0.0712421,0.116980605,-0.14187334,36.075,-21.88125,23.56875,46.950733,0.3361091,49.741684,0.29222918,0.08303868,0.34139836,0.8894683,0.1714532,-0.2520425,-0.73291135,0.6082099,-1.0,0
1763545187332,1009.81024,0.038285162,7.124031,9.409775,-0.22365287,0.10155627,-0.09957096,39.112503,-22.181252,21.862501,46.950733,0.3361091,49.741684,0.28965244,0.0830342,0.34094518,0.8904848,0.17131007,-0.24788322,-0.73467314,0.607834,-1.0,0
1763545187357,1009.8566,0.5712864,6.859026,10.519446,-0.43211046,-0.12400555,-0.101708986,37.93125,-21.65625,20.268751,46.950733,0.3361091,49.741684,0.28613457,0.08044828,0.33978698,0.8923003,0.16779909,-0.24533322,-0.7366048,0.60751,-1.0,0
1763545187383,1009.8566,0.83688974,6.1561346,12.597014,-0.5165625,-0.18921536,-0.17180572,36.693752,-21.16875,20.681252,46.950733,0.3361091,49.741684,0.28200257,0.07813697,0.33825827,0.8943995,0.16422205,-0.24220228,-0.7392451,0.6065359,-1.0,0
1763545187409,1009.88055,-0.81894356,5.1583276,10.998011,-0.034742933,0.29917103,0.034208428,36.225002,-21.975,22.0125,46.950733,0.3361091,49.741684,0.27710396,0.081554905,0.33959654,0.8951181,0.16537823,-0.23682874,-0.740821,0.60642105,-1.0,0
1763545187434,1009.8659,-0.5401797,5.3886366,9.060423,0.07108939,-0.0018325944,0.15286891,36.581253,-22.5375,20.15625,46.950733,0.3361091,49.741684,0.27759284,0.080853015,0.34072614,0.89460087,0.16474982,-0.23759735,-0.7402738,0.6069594,-1.0,0
1763545187460,1009.8659,0.07537391,5.233701,8.075178,-0.033368487,-0.18906265,0.15806127,35.831253,-21.88125,20.8125,46.950733,0.3361091,49.741684,0.2775762,0.07875637,0.34147668,0.8945069,0.1627469,-0.23825315,-0.73997027,0.60761243,-1.0,0
1763545187485,1009.85004,-0.20219351,4.715057,7.6540413,-0.30535603,0.07956514,0.11682789,36.75,-20.90625,20.6625,46.950733,0.3361091,49.741684,0.27284396,0.07705628,0.34398466,0.8951497,0.16092485,-0.23725516,-0.73995245,0.6085093,-1.0,0
1763545187510,1009.85004,-0.31106696,4.438686,7.969894,-0.3256673,0.1913534,0.171653,36.91875,-21.75,18.525002,46.950733,0.3361091,49.741684,0.26965836,0.07736202,0.34628546,0.89520156,0.15890272,-0.23119351,-0.7391301,0.6123612,-1.0,0
1763545187536,1009.8376,-0.17647067,4.258028,7.813762,-0.15050182,0.116522454,0.22464553,34.706253,-20.868752,20.56875,46.950733,0.3361091,49.741684,0.26861265,0.077242434,0.34854063,0.89465094,0.15841395,-0.23026983,-0.738009,0.6141853,-1.0,0
1763545187562,1009.7978,0.1369891,4.186243,5.4909296,0.09124792,-0.12232567,0.22113305,36.91875,-21.75,18.525002,46.950733,0.3361091,49.741684,0.27084044,0.075119905,0.3518192,0.89287496,0.1578939,-0.23158516,-0.7366722,0.6154282,-1.0,0
1763545187587,1009.7978,0.0741775,4.0683966,5.5722857,-0.0240528,-0.031154104,0.22846343,34.7625,-21.243752,21.806252,46.950733,0.3361091,49.741684,0.27071002,0.074503146,0.35384336,0.892166,0.15708959,-0.2330674,-0.7353317,0.61667633,-1.0,0
1763545187612,1009.7819,0.4121637,3.9290147,6.594021,-0.040088,0.08414663,0.23167047,34.10625,-20.831251,22.1625,46.950733,0.3361091,49.741684,0.27048138,0.07484547,0.35599372,0.8913509,0.15682511,-0.23274001,-0.7322711,0.6204974,-1.0,0
1763545187637,1009.7692,-0.02632105,4.229314,6.1710896,0.16668972,0.07116575,0.18921536,33.787502,-19.612501,21.35625,46.950733,0.3361091,49.741684,0.2726314,0.076391965,0.3594428,0.88917786,0.15892489,-0.23432137,-0.7292463,0.6229255,-1.0,0
1763545187662,1009.7692,0.09930214,4.6522455,6.7405815,0.14347686,0.065667965,0.17944153,32.90625,-21.056252,20.75625,46.950733,0.3361091,49.741684,0.2737897,0.07717623,0.3609774,0.888132,0.16007246,-0.23514628,-0.727671,0.6241618,-1.0,0
1763545187687,1009.77094,-0.2973082,4.996214,7.2412796,0.18043418,0.08261946,0.18845178,33.91875,-20.456251,20.306252,46.950733,0.3361091,49.741684,0.2753585,0.07810393,0.3627585,0.8868392,0.16147871,-0.23631999,-0.72580403,0.6255286,-1.0,0
1763545187713,1009.77094,-0.04007978,5.616553,7.583453,0.24197881,0.024587307,0.26374087,34.4625,-21.28125,21.84375,46.950733,0.3361091,49.741684,0.27775362,0.078475066,0.36487904,0.88518804,0.16263644,-0.2384424,-0.7234456,0.62715316,-1.0,0
1763545187738,1009.77216,1.5667006,6.9816585,8.072785,0.25541782,-0.29672757,0.31291547,32.850002,-20.587502,21.975,46.950733,0.3361091,49.741684,0.28472602,0.074765354,0.3683598,0.881846,0.16151664,-0.24611208,-0.7187028,0.6299266,-1.0,0
1763545187763,1009.78876,2.4017956,7.4249287,8.709874,0.13553563,-0.42027497,0.16065744,32.4,-21.993752,22.875,46.950733,0.3361091,49.741684,0.28751147,0.07120614,0.36802217,0.88137764,0.15915827,-0.2498035,-0.71804124,0.6298283,-1.0,0
1763545187788,1009.78876,1.9800607,7.7497544,9.205189,-0.023136504,-0.33322674,-0.06658426,31.63125,-23.0625,20.7,46.950733,0.3361091,49.741684,0.2882464,0.06863999,0.3664341,0.8820026,0.15707712,-0.25124538,-0.71884793,0.6288563,-1.0,0
1763545187814,1009.82245,0.7190432,7.820941,9.946365,-0.21051927,-0.08567379,-0.15134175,31.63125,-23.0625,20.7,46.950733,0.3361091,49.741684,0.28644618,0.06792028,0.36527744,0.8831239,0.15595095,-0.24968758,-0.71995115,0.62849486,-1.0,0
1763545187840,1009.8742,1.0211371,6.990033,11.516057,-0.41576985,-0.041691523,-0.027794348,32.550003,-21.35625,21.431252,46.950733,0.3361091,49.741684,0.27988002,0.06575867,0.36477718,0.88559616,0.15197071,-0.24405313,-0.72202176,0.6293072,-1.0,0
1763545187868,1009.8742,1.8448663,6.1585274,12.872787,-0.35727954,-0.14676027,-0.09590577,33.675003,-20.98125,20.212502,46.950733,0.3361091,49.741684,0.27724183,0.063938275,0.3637512,0.88698024,0.14932136,-0.2421864,-0.72386825,0.6285409,-1.0,0
1763545187893,1009.9086,0.7429714,4.7563334,11.793026,-0.03291034,0.41630435,-0.07024945,33.300003,-22.0125,21.243752,46.950733,0.3361091,49.741684,0.27250093,0.068951376,0.36435613,0.8878252,0.15203735,-0.23642269,-0.7258473,0.6278015,-1.0,0
1763545187919,1009.8945,0.5515456,4.496114,10.781461,0.19112432,0.3037525,0.031459536,32.34375,-22.48125,20.4375,46.950733,0.3361091,49.741684,0.27342907,0.07138921,0.36530212,0.88695794,0.15439935,-0.236687,-0.72537315,0.6276734,-1.0,0
1763545187944,1009.8945,0.9708878,4.1635113,9.370892,0.3983602,-0.10995566,0.11942407,31.612501,-22.3125,21.581251,46.950733,0.3361091,49.741684,0.2774033,0.07068268,0.36568826,0.88562036,0.15477046,-0.24082094,-0.72455233,0.6269571,-1.0,0
1763545187969,1009.86615,2.6590242,4.2077785,7.211369,0.2766454,-0.35979936,0.03176497,31.3875,-22.087502,20.5125,46.950733,0.3361091,49.741684,0.28489622,0.06574066,0.36454365,0.8840929,0.15213062,-0.24968775,-0.724268,0.6244583,-1.0,0
1763545187994,1009.83075,2.5609183,4.4458647,6.832705,-0.042226028,-0.13072506,-0.1122464,33.300003,-22.7625,20.8125,46.950733,0.3361091,49.741684,0.28396693,0.064890124,0.36337495,0.88493544,0.15095532,-0.24911934,-0.7256244,0.623395,-1.0,0
1763545188019,1009.83075,1.9220347,4.58405,6.9936223,-0.30917394,0.2509127,-0.25014913,32.41875,-23.587502,20.175001,46.950733,0.3361091,49.741684,0.27981138,0.06694549,0.36225465,0.88656384,0.151555,-0.24455507,-0.7276335,0.6227146,-1.0,0
1763545188044,1009.7966,-0.19262223,4.5673003,6.686145,-0.21494804,0.375071,-0.27595815,31.575,-22.575,21.300001,46.950733,0.3361091,49.741684,0.27249983,0.07329436,0.3598021,0.88933355,0.15334834,-0.23879401,-0.7297138,0.6220767,-1.0,0
1763545188069,1009.7966,0.076570325,4.5655055,6.1250277,0.08834632,0.03649917,-0.16554436,33.61875,-22.725,20.00625,46.950733,0.3361091,49.741684,0.27385885,0.074171536,0.3582897,0.889454,0.15529193,-0.23561117,-0.7310079,0.6212884,-1.0,0
1763545188094,1009.75604,0.7848458,4.496114,5.005785,0.2935969,-0.083993904,-0.14110976,33.2625,-23.00625,19.743752,46.950733,0.3361091,49.741684,0.27669373,0.07508793,0.35661125,0.8891742,0.15841109,-0.23896348,-0.73160833,0.61850756,-1.0,0
1763545188119,1009.72845,1.4937196,5.1607203,5.2049875,0.045280352,0.059253883,-0.1122464,31.575,-22.575,20.98125,46.950733,0.3361091,49.741684,0.27855968,0.07734613,0.35460252,0.8892014,0.15999343,-0.24001919,-0.7315379,0.6177744,-1.0,0
1763545188145,1009.72845,1.5032908,5.5310097,5.6506505,0.047876526,0.18219042,-0.17898338,32.643753,-22.96875,22.44375,46.950733,0.3361091,49.741684,0.27857783,0.079653285,0.35348237,0.88943803,0.16143543,-0.23982605,-0.7315123,0.61750454,-1.0,0
1763545188171,1009.707,0.56829536,5.8546386,5.0799623,0.022831071,0.2122755,-0.20509785,31.425001,-23.4375,19.96875,46.950733,0.3361091,49.741684,0.27818212,0.08172152,0.35236284,0.8898183,0.16573933,-0.23789528,-0.7321009,0.61641264,-1.0,0
1763545188197,1009.707,0.573081,6.0711894,5.8247285,-0.10254893,0.07467822,-0.1084285,33.05625,-23.400002,19.48125,46.950733,0.3361091,49.741684,0.27748066,0.08187542,0.35168627,0.89029074,0.16589747,-0.23701715,-0.7321536,0.6166458,-1.0,0
1763545188222,1009.7243,1.1479566,6.174081,9.485149,0.15493058,-0.2913825,-0.09834923,33.206253,-24.018751,20.2875,46.950733,0.3361091,49.741684,0.28114852,0.07859728,0.34870178,0.8906094,0.16412726,-0.24142134,-0.7329708,0.61443615,-1.0,0
1763545188248,1009.75116,0.99900347,6.302097,9.297313,0.33773187,-0.14355323,-0.01527162,33.675003,-22.35,21.056252,46.950733,0.3361091,49.741684,0.28447506,0.078703366,0.34817564,0.8897491,0.1652417,-0.24457195,-0.7324401,0.6135236,-1.0,0
1763545188274,1009.79047,1.3232309,6.5258255,9.801002,0.25648686,0.04291325,-0.08888082,32.025,-24.018751,20.550001,46.950733,0.3361091,49.741684,0.2888874,0.08102795,0.34688613,0.8886217,0.16876902,-0.24806951,-0.73198456,0.6117002,-1.0,0
1763545188299,1009.79047,0.40438703,6.7447686,9.77827,0.116904244,0.20525056,-0.13164136,31.968752,-24.50625,18.431252,46.950733,0.3361091,49.741684,0.28859174,0.08366984,0.3464945,0.8886258,0.17114174,-0.24697436,-0.7322062,0.61121863,-1.0,0
1763545188325,1009.82196,-0.44506502,7.1228347,9.723833,-0.04405862,0.3243692,-0.08460477,33.037502,-24.900002,19.575,46.950733,0.3361091,49.741684,0.28678128,0.086225405,0.3467948,0.8888504,0.1729932,-0.24444158,-0.7323119,0.6115889,-1.0,0
1763545188351,1009.8674,0.75972116,6.3942204,12.098709,-0.31864235,-0.25213444,-0.10033454,32.475002,-24.075,18.975,46.950733,0.3361091,49.741684,0.2826673,0.08268664,0.34494925,0.8912195,0.16838036,-0.2416318,-0.7350161,0.61074823,-1.0,0
1763545188377,1009.8674,-0.029910283,5.40419,12.701701,-0.24594943,-0.041996952,-0.1470657,30.243752,-23.4375,20.25,46.950733,0.3361091,49.741684,0.28013098,0.08267456,0.3443511,0.89225215,0.16734387,-0.2393835,-0.7367401,0.60984063,-1.0,0
1763545188402,1009.88055,-0.43788654,5.1092744,11.402398,-0.10071633,0.25961754,0.0029016077,33.3375,-24.13125,20.118752,46.950733,0.3361091,49.741684,0.27798283,0.08455457,0.3454581,0.8923199,0.16817513,-0.23694102,-0.7371472,0.6100738,-1.0,0
1763545188427,1009.88055,-0.07238288,5.2085767,10.043275,-0.040393434,0.15577053,0.089033544,33.693752,-23.831251,19.7625,46.950733,0.3361091,49.741684,0.27692,0.085194804,0.34657246,0.8921573,0.16826549,-0.23585922,-0.7371083,0.610515,-1.0,0
1763545188452,1009.86395,0.17108682,4.8771706,7.6851482,-0.06330086,-0.008399391,0.031917684,33.5625,-23.71875,19.9125,46.950733,0.3361091,49.741684,0.2756162,0.084572196,0.3474099,0.8922945,0.16707997,-0.23494896,-0.7374505,0.6107782,-1.0,0
1763545188477,1009.82416,-0.22313072,4.666602,6.728617,-0.17463097,0.051007207,0.056046844,33.225002,-23.25,19.3125,46.950733,0.3361091,49.741684,0.27358788,0.08438818,0.34841326,0.8925449,0.16626425,-0.23308343,-0.73737794,0.61180234,-1.0,0
1763545188502,1009.82416,-0.29970104,4.3124647,6.9445696,-0.28092143,0.1404989,0.15286891,33.600002,-24.337502,19.331251,46.950733,0.3361091,49.741684,0.27083796,0.0843285,0.35050097,0.89257187,0.16537336,-0.23046944,-0.736661,0.61389416,-1.0,0
1763545188528,1009.80096,0.51445687,4.220939,6.859026,0.03367392,-0.1423315,0.21807873,32.8875,-23.53125,19.050001,46.950733,0.3361091,49.741684,0.2710263,0.0815738,0.35387844,0.8914373,0.16401762,-0.22979239,-0.73569995,0.6156617,-1.0,0
1763545188553,1009.7675,0.45762733,4.54397,5.5016975,0.10651954,-0.1594357,0.18371758,33.28125,-23.737501,18.862501,46.950733,0.3361091,49.741684,0.2724034,0.080185056,0.35494995,0.89071727,0.16185366,-0.23331659,-0.7337123,0.61727875,-1.0,0
1763545188579,1009.7675,0.5138587,4.5355954,5.2893343,-0.0063377223,-0.04382955,0.13652828,32.23125,-23.85,18.975,46.950733,0.3361091,49.741684,0.27248228,0.07974414,0.35598058,0.8903213,0.16155145,-0.233467,-0.7327699,0.6184194,-1.0,0
1763545188605,1009.74725,0.078963146,4.604389,6.3128643,-0.0067958706,0.114689864,-0.009315688,32.006252,-24.243752,18.88125,46.950733,0.3361091,49.741684,0.27174017,0.081409514,0.35683435,0.89005566,0.16199777,-0.23272054,-0.7321543,0.61931247,-1.0,0
1763545188630,1009.74725,-0.8560323,4.813163,6.4091754,0.04741838,0.12140937,-0.00320704,32.90625,-24.7875,19.425001,46.950733,0.3361091,49.741684,0.27187043,0.08274737,0.35718504,0.88975173,0.16439436,-0.23180847,-0.73135394,0.6199683,-1.0,0
1763545188655,1009.74554,-0.8967103,5.1026945,6.808777,0.082084954,0.09086613,0.09086613,31.087502,-25.218752,18.5625,46.950733,0.3361091,49.741684,0.2725934,0.08375537,0.35812646,0.8890575,0.16566354,-0.23211576,-0.73017216,0.6209078,-1.0,0
1763545188681,1009.74774,-0.17288144,5.456234,7.1808605,0.18135048,-0.037110034,0.13408482,31.85625,-23.400002,20.23125,46.950733,0.3361091,49.741684,0.27473798,0.08372738,0.358762,0.8881433,0.16639233,-0.23410432,-0.7288992,0.62146175,-1.0,0
1763545188706,1009.74774,-0.025124637,6.2668023,8.124829,0.16653702,-0.12553272,0.0754418,32.90625,-24.0375,20.625,46.950733,0.3361091,49.741684,0.2792357,0.082560234,0.35906976,0.88672435,0.16667876,-0.236667,-0.7279038,0.6215811,-1.0,0
1763545188731,1009.7746,0.32243285,6.296713,9.373882,0.12820524,-0.116675176,0.106290475,31.5375,-23.56875,20.4375,46.950733,0.3361091,49.741684,0.280941,0.08186,0.35952005,0.886068,0.16683966,-0.24040265,-0.72603106,0.6222942,-1.0,0
1763545188757,1009.8046,0.8153543,6.406184,10.046266,0.16302454,-0.12843432,0.10980295,31.837502,-24.900002,21.393751,46.950733,0.3361091,49.741684,0.28395697,0.080713324,0.3602859,0.8849,0.16665,-0.24366772,-0.7248338,0.62247074,-1.0,0
1763545188782,1009.8046,0.5312066,7.5792656,10.844273,0.027565273,0.084757484,0.056199558,31.2,-25.331251,19.48125,46.950733,0.3361091,49.741684,0.28369308,0.0818603,0.3611527,0.8845258,0.1676667,-0.24304475,-0.7241712,0.623212,-1.0,0
1763545188807,1009.83685,0.7435696,7.7407813,11.337791,0.041157015,0.22846343,0.06108648,33.3375,-23.38125,20.23125,46.950733,0.3361091,49.741684,0.28355962,0.08376777,0.3621102,0.8839984,0.1694519,-0.24229974,-0.72331905,0.62400836,-1.0,0
1763545188834,1009.8554,1.9010975,6.495317,11.300105,0.3259727,-0.17928882,-0.089797124,32.325,-23.98125,20.53125,46.950733,0.3361091,49.741684,0.28884378,0.083693095,0.36012098,0.8831068,0.17090261,-0.24744204,-0.723497,0.6213831,-1.0,0
1763545188859,1009.8554,1.3974084,5.81097,9.717851,0.27618724,-0.031459536,-0.10506874,33.412502,-24.487501,19.2,46.950733,0.3361091,49.741684,0.29045454,0.084578805,0.35931247,0.88282347,0.17209783,-0.2487966,-0.72387147,0.62007475,-1.0,0
1763545188885,1009.8444,1.6265212,5.4442697,8.883952,0.016569708,0.15210533,-0.08261946,32.081253,-25.125002,21.075,46.950733,0.3361091,49.741684,0.2891933,0.085986964,0.35919896,0.8831476,0.17293443,-0.24722497,-0.7244666,0.6197755,-1.0,0
1763545188910,1009.8444,1.6791633,4.829314,9.376275,-0.19387321,0.22876886,-0.12278382,31.556252,-24.937502,20.34375,46.950733,0.3361091,49.741684,0.28648233,0.08717032,0.3589951,0.88399756,0.17308412,-0.24436179,-0.7256336,0.61950386,-1.0,0
1763545188936,1009.8361,1.3154542,4.3357944,8.681759,0.027259842,-0.12324197,-0.041996952,33.05625,-23.400002,19.181252,46.950733,0.3361091,49.741684,0.28573695,0.08567835,0.35791168,0.8848236,0.17101277,-0.24441975,-0.7278231,0.6174845,-1.0,0
1763545188961,1009.7978,1.332204,4.336991,6.9499536,0.08071051,-0.20219624,-0.031306818,32.23125,-24.487501,20.25,46.950733,0.3361091,49.741684,0.28674912,0.084027745,0.35716492,0.88495624,0.16960377,-0.2460087,-0.72858286,0.6163451,-1.0,0
1763545188986,1009.7978,1.4584254,4.4021955,5.6524453,-0.03642281,-0.12980877,-0.043371398,32.268753,-24.975,20.4375,46.950733,0.3361091,49.741684,0.28640497,0.08282805,0.35651144,0.8854441,0.16830617,-0.24609213,-0.72937727,0.61572766,-1.0,0
1763545189012,1009.7675,1.1700903,4.0594234,5.599205,-0.3161989,-0.012675445,-0.26465717,33.018753,-24.16875,20.925001,46.950733,0.3361091,49.741684,0.28174576,0.08139288,0.3530812,0.88844144,0.16554673,-0.24207388,-0.73314077,0.61359525,-1.0,0
1763545189037,1009.7482,0.25184458,3.8877387,5.9156556,-0.3180315,0.0067195124,-0.27977607,32.2125,-23.85,19.59375,46.950733,0.3361091,49.741684,0.27888075,0.08105413,0.3511697,0.8901323,0.16432229,-0.2394628,-0.73535895,0.6122932,-1.0,0
1763545189065,1009.7482,0.2536392,3.9661036,6.628717,-0.26213735,0.06291907,-0.20158538,31.63125,-24.54375,20.00625,46.950733,0.3361091,49.741684,0.27646133,0.08147982,0.34996068,0.89132357,0.16395503,-0.2370413,-0.7369044,0.6114753,-1.0,0
1763545189090,1009.7392,0.53300124,4.6899323,6.53779,-0.0074067353,0.035430156,-0.11423171,31.987501,-22.875,18.806252,46.950733,0.3361091,49.741684,0.27519283,0.082802735,0.34821615,0.89227694,0.16474481,-0.23547088,-0.7385359,0.60989946,-1.0,0
1763545189115,1009.7299,0.3481557,5.0937214,6.622735,0.06055197,0.0013744457,-0.10293072,32.737503,-24.187502,20.175001,46.950733,0.3361091,49.741684,0.27581784,0.08340947,0.3473728,0.8923562,0.16554819,-0.2358525,-0.7387935,0.6092221,-1.0,0
1763545189140,1009.7299,0.20638095,5.4388857,6.4199433,0.08620829,0.07437278,-0.062155493,31.143751,-23.456251,18.150002,46.950733,0.3361091,49.741684,0.27633107,0.08466965,0.3470752,0.8921945,0.16697721,-0.23589489,-0.7385484,0.60911286,-1.0,0
1763545189165,1009.737,0.36550367,5.669793,6.788438,0.07551816,0.0980438,-0.031154104,32.925003,-24.0375,19.237501,46.950733,0.3361091,49.741684,0.2769605,0.085910246,0.3469505,0.89192915,0.16845976,-0.2360275,-0.73805887,0.6092466,-1.0,0
1763545189191,1009.737,0.42891344,6.4354963,7.5756764,0.18913901,-0.053603385,-0.042302385,33.525,-23.23125,19.743752,46.950733,0.3361091,49.741684,0.28048855,0.08699023,0.34583995,0.891153,0.17077863,-0.2389054,-0.7371953,0.6085244,-1.0,0
1763545189217,1009.7497,0.084346995,6.556334,8.225926,0.12041672,-0.004581486,-0.00076358096,33.975002,-24.675001,18.993752,46.950733,0.3361091,49.741684,0.28145686,0.08770213,0.34603015,0.890704,0.17186065,-0.23952776,-0.7364508,0.60887647,-1.0,0
1763545189242,1009.7729,0.503091,6.786045,9.894321,0.1107956,0.1461494,0.17837252,32.362503,-24.581251,19.63125,46.950733,0.3361091,49.741684,0.28248808,0.09031374,0.34932297,0.88882923,0.17357422,-0.23906583,-0.734978,0.6103498,-1.0,0
1763545189267,1009.7729,0.61794645,6.9678993,10.322039,0.14866921,0.04046979,0.16523892,32.11875,-23.625,19.44375,46.950733,0.3361091,49.741684,0.2836767,0.09087119,0.35079286,0.88781434,0.17476314,-0.23961206,-0.7333819,0.61171466,-1.0,0
1763545189292,1009.80756,-0.27337998,7.535597,10.328021,0.11766783,0.27137667,0.20097451,33.16875,-24.2625,19.518751,46.950733,0.3361091,49.741684,0.2835807,0.09350443,0.35363132,0.8864445,0.17809497,-0.23967324,-0.7298648,0.61492795,-1.0,0
1763545189317,1009.8337,0.3164508,8.196614,11.123036,0.19036074,-0.04046979,0.39813113,31.3875,-23.7,19.21875,46.950733,0.3361091,49.741684,0.28669447,0.09408372,0.36001477,0.8828046,0.17978603,-0.24232715,-0.72398925,0.62031776,-1.0,0
1763545189342,1009.8337,1.2789637,7.5062847,10.757532,0.34429866,-0.41706792,0.28954992,33.487503,-24.956251,18.300001,46.950733,0.3361091,49.741684,0.29141527,0.090976626,0.36056936,0.881357,0.17833751,-0.24778083,-0.7224175,0.62041384,-1.0,0
1763545189370,1009.8493,1.6049858,6.169295,9.753145,0.26030475,-0.29947644,0.08231403,32.0625,-24.618752,19.35,46.950733,0.3361091,49.741684,0.29392493,0.089594536,0.36012965,0.88084483,0.17776549,-0.25063613,-0.7222016,0.6196821,-1.0,0
1763545189396,1009.8427,0.6233303,4.938786,9.032308,0.0035888306,0.0537561,-0.0537561,32.081253,-24.618752,19.050001,46.950733,0.3361091,49.741684,0.29286274,0.09023032,0.36009142,0.8811493,0.1779068,-0.2495181,-0.72281754,0.61937445,-1.0,0
1763545189421,1009.8427,0.34456646,4.3154554,9.08136,-0.12621993,-0.09193515,0.0632245,31.087502,-24.993752,21.487501,46.950733,0.3361091,49.741684,0.2899282,0.088427246,0.36087605,0.88198113,0.1749051,-0.24756,-0.7242763,0.619311,-1.0,0
1763545189447,1009.8295,0.64905316,4.601398,7.6223364,-0.076434456,-0.239459,0.07864884,30.937502,-23.625,20.19375,46.950733,0.3361091,49.741684,0.28961825,0.0858709,0.36101583,0.8822783,0.17220014,-0.24819277,-0.7249649,0.6190099,-1.0,0
1763545189472,1009.80853,0.055633128,4.5912285,6.2147584,-0.38095054,0.26618433,0.068416856,31.85625,-24.150002,20.118752,46.950733,0.3361091,49.741684,0.28290066,0.0861511,0.36366203,0.88334316,0.17037505,-0.24171709,-0.72511923,0.6218901,-1.0,0
1763545189497,1009.80853,-0.1471586,4.276572,6.2063837,-0.32719445,0.2480111,0.13301581,32.41875,-24.337502,19.29375,46.950733,0.3361091,49.741684,0.27990463,0.08638157,0.3656618,0.88344955,0.16968833,-0.23877656,-0.72451013,0.62392044,-1.0,0
1763545189522,1009.7863,0.17467605,4.2999024,6.1238313,-0.1758527,-0.045967575,0.1962403,32.475002,-23.325,19.3875,46.950733,0.3361091,49.741684,0.2792203,0.084487304,0.36712185,0.88324374,0.16769508,-0.2387058,-0.723805,0.6253033,-1.0,0
1763545189547,1009.7863,0.7405786,4.3812585,5.945566,-0.087124586,-0.2547306,0.16982041,31.837502,-24.393751,19.050001,46.950733,0.3361091,49.741684,0.27966017,0.08150011,0.36773035,0.8831321,0.1650189,-0.2400434,-0.72344863,0.6259153,-1.0,0
1763545189572,1009.76825,1.5726827,4.595416,6.0598235,-0.10300707,-0.025961753,-0.03649917,31.087502,-23.1,17.98125,46.950733,0.3361091,49.741684,0.278787,0.07919326,0.36742806,0.88374364,0.16261211,-0.23989798,-0.7239741,0.62599343,-1.0,0
1763545189598,1009.76117,0.73519474,4.901099,6.0107703,-0.15080725,0.12095123,-0.19669846,30.73125,-24.750002,18.73125,46.950733,0.3361091,49.741684,0.27675787,0.080337904,0.36609384,0.8848312,0.16310279,-0.23758489,-0.7253199,0.6251895,-1.0,0
1763545189623,1009.76117,-0.41694933,4.9848475,6.5072813,-0.27832526,0.28909177,-0.27046037,31.66875,-23.04375,18.525002,46.950733,0.3361091,49.741684,0.27295402,0.08283302,0.36490154,0.88627404,0.1643691,-0.2331266,-0.72682166,0.624792,-1.0,0
1763545189648,1009.7797,-1.3938192,4.965107,8.509476,-0.28565565,0.35033095,-0.18600832,33.7125,-22.331251,19.2,46.950733,0.3361091,49.741684,0.26976135,0.08544512,0.3646707,0.8870982,0.16591868,-0.22922271,-0.72747934,0.6250614,-1.0,0
1763545189673,1009.79486,-0.5300102,5.6596236,9.016754,0.49502954,-0.05299252,0.18997894,31.931252,-23.1375,19.125,46.950733,0.3361091,49.741684,0.27547914,0.08811137,0.36641866,0.88435566,0.17008705,-0.23392896,-0.7247549,0.6253622,-1.0,0
1763545189698,1009.79486,0.13878371,6.2715883,6.943373,0.5156462,-0.11866048,0.21364996,32.193752,-24.093752,17.925001,46.950733,0.3361091,49.741684,0.27986392,0.08831011,0.3673937,0.88255274,0.1716762,-0.23801214,-0.72267187,0.6257978,-1.0,0
1763545189723,1009.79974,0.8961121,6.712466,6.899704,0.16775873,-0.1472184,0.14019346,32.550003,-23.0625,17.6625,46.950733,0.3361091,49.741684,0.28150296,0.087133124,0.36773697,0.88200533,0.17125459,-0.23980819,-0.7215704,0.6264982,-1.0,0
1763545189748,1009.79974,0.19680966,7.058827,9.882358,-0.15859577,0.055435978,-0.07299834,31.987501,-23.5125,20.0625,46.950733,0.3361091,49.741684,0.27952456,0.086479805,0.36711204,0.88295865,0.17040409,-0.23956272,-0.72171646,0.6266558,-1.0,0
1763545189774,1009.82416,-0.06281159,7.4650083,10.773684,-0.10804671,0.038179047,-0.0033597562,30.862501,-23.25,20.025002,46.950733,0.3361091,49.741684,0.27896363,0.086207554,0.3672075,0.883123,0.16982298,-0.23751338,-0.7221498,0.62709427,-1.0,0
1763545189799,1009.84906,0.5246264,7.541579,11.062617,0.03565923,-0.2357938,0.054519683,31.3875,-23.0625,17.94375,46.950733,0.3361091,49.741684,0.28065357,0.083777964,0.36681104,0.8829861,0.16807659,-0.23986542,-0.72207737,0.62675285,-1.0,0
1763545189824,1009.84906,2.42034,6.73101,10.925629,0.033521205,-0.27885976,0.013744458,31.312502,-24.075,18.9375,46.950733,0.3361091,49.741684,0.2838733,0.07843794,0.3655606,0.882966,0.16526519,-0.24345477,-0.72215194,0.62603015,-1.0,0
1763545189849,1009.8632,2.062613,6.1495543,10.916656,-0.03459022,0.14691298,-0.09376775,31.2,-24.581251,19.59375,46.950733,0.3361091,49.741684,0.2826964,0.079863824,0.36534074,0.8833066,0.16398363,-0.2446343,-0.7225606,0.62543553,-1.0,0
1763545189874,1009.8637,1.3441681,5.676972,10.414761,-0.0721584,0.15668681,-0.14095704,33.037502,-23.400002,19.95,46.950733,0.3361091,49.741684,0.28142017,0.08047565,0.36453885,0.8839897,0.16488782,-0.24183805,-0.7245146,0.6240232,-1.0,0
1763545189899,1009.8637,1.1359925,4.8568316,10.433305,-0.08987348,-0.056352276,-0.13652828,31.143751,-24.956251,18.54375,46.950733,0.3361091,49.741684,0.28057253,0.07968618,0.3634174,0.88479203,0.163723,-0.24138269,-0.72601306,0.62276334,-1.0,0
1763545189924,1009.8571,0.9846465,4.128217,9.080762,-0.053221595,-0.013286309,0.07880156,30.393751,-24.281252,18.73125,46.950733,0.3361091,49.741684,0.27890494,0.07822949,0.3642225,0.8851182,0.16136488,-0.24056017,-0.7272404,0.6222649,-1.0,0
1763545189950,1009.8571,1.5738791,4.4458647,7.515258,-0.015653409,-0.053908817,0.10995566,30.393751,-25.556252,20.8125,46.950733,0.3361091,49.741684,0.2786573,0.07713184,0.36497617,0.884982,0.16008042,-0.24077676,-0.72730094,0.6224421,-1.0,0
1763545189975,1009.83026,1.2675978,4.6097727,6.4408803,-0.21784966,0.10338886,-0.04612029,30.69375,-22.7625,19.087502,46.950733,0.3361091,49.741684,0.27515712,0.07667774,0.36526558,0.8859967,0.15855175,-0.23759684,-0.7281935,0.62301147,-1.0,0
1763545190000,1009.79266,0.9613165,4.4021955,6.220741,-0.17600541,0.15806127,-0.14034618,30.975,-23.60625,18.6375,46.950733,0.3361091,49.741684,0.27329805,0.07777467,0.36445534,0.88680977,0.15903465,-0.2354755,-0.7291671,0.6225549,-1.0,0
1763545190025,1009.79266,0.36131623,4.1611185,5.6057854,-0.1117119,0.14217877,-0.19730933,30.88125,-24.0,19.125,46.950733,0.3361091,49.741684,0.27187067,0.07905734,0.36320162,0.88764906,0.15983957,-0.23369859,-0.7302736,0.62172085,-1.0,0
1763545190050,1009.7553,0.24705894,3.9595232,5.89771,-0.074907295,-0.004123337,-0.15775582,32.006252,-24.243752,18.4125,46.950733,0.3361091,49.741684,0.27022636,0.08005208,0.36060122,0.889121,0.16037926,-0.23175228,-0.7321966,0.6200463,-1.0,0
1763545190075,1009.73846,0.68494546,4.072584,6.3367925,-0.008781182,-0.088269964,-0.14156792,31.987501,-24.993752,19.6875,46.950733,0.3361091,49.741684,0.270455,0.079734966,0.35914522,0.8896691,0.16015907,-0.23206174,-0.73314583,0.6188648,-1.0,0
1763545190100,1009.73846,0.76630145,4.2251267,6.5342007,0.016111558,0.010690134,-0.15378521,30.806252,-24.2625,20.23125,46.950733,0.3361091,49.741684,0.27030778,0.08064707,0.35802215,0.8900842,0.16096635,-0.23164645,-0.7339262,0.61788523,-1.0,0
1763545190125,1009.74066,-0.09571291,4.5619164,6.585646,0.03657553,0.20769402,-0.09392046,31.48125,-23.175001,19.181252,46.950733,0.3361091,49.741684,0.26992324,0.082870044,0.35812113,0.8899569,0.16296037,-0.23058599,-0.7337689,0.617946,-1.0,0
1763545190150,1009.74066,-0.1268196,5.316852,6.544968,0.10636683,0.16432263,0.07620538,31.29375,-24.075,19.556252,46.950733,0.3361091,49.741684,0.27075174,0.084197216,0.35917342,0.8891562,0.16453315,-0.23092104,-0.7325369,0.61886513,-1.0,0
1763545190176,1009.7316,0.9320044,6.376274,6.9302125,0.025579963,-0.12125666,0.09605849,32.86875,-24.281252,19.25625,46.950733,0.3361091,49.741684,0.27330193,0.08263581,0.3603706,0.8880374,0.16415702,-0.23361312,-0.73027533,0.62062496,-1.0,0
1763545190201,1009.7492,0.7465607,6.6155562,8.625527,-0.0674242,-0.076816246,0.1065959,31.800001,-24.4125,20.75625,46.950733,0.3361091,49.741684,0.27342921,0.08156541,0.36125612,0.88773733,0.1633262,-0.23396796,-0.7293258,0.62182593,-1.0,0
1763545190228,1009.7492,1.294517,6.8255267,10.622338,0.06620247,-0.042607818,0.15500695,31.218752,-25.087502,20.85,46.950733,0.3361091,49.741684,0.2750016,0.08129483,0.3623387,0.8868348,0.1636147,-0.23550998,-0.7279928,0.6227293,-1.0,0
1763545190253,1009.78485,1.7790636,7.088737,8.997013,0.22502731,-0.061544627,-0.014355322,32.081253,-24.618752,19.050001,46.950733,0.3361091,49.741684,0.27973673,0.08163374,0.36210904,0.8854154,0.16540076,-0.23991516,-0.7267798,0.6219923,-1.0,0
1763545190278,1009.811,1.125823,7.126424,9.809377,-0.023747368,0.08078687,-0.097432934,30.000002,-24.6,20.962502,46.950733,0.3361091,49.741684,0.27894446,0.08260929,0.36167789,0.885751,0.1661404,-0.23881303,-0.72707134,0.62187856,-1.0,0
1763545190303,1009.811,0.30269206,6.9738817,10.97169,-0.11522437,0.13942988,-0.07910699,31.706251,-24.281252,19.21875,46.950733,0.3361091,49.741684,0.27771804,0.08314608,0.36142823,0.8861879,0.16629581,-0.23745796,-0.7274821,0.6218756,-1.0,0
1763545190330,1009.84906,0.22372891,6.007181,12.040086,-0.107741274,-0.14584397,-0.062155493,29.400002,-25.406252,20.60625,46.950733,0.3361091,49.741684,0.27635217,0.08068269,0.35996848,0.8874359,0.16336015,-0.23705204,-0.7295649,0.6203667,-1.0,0
1763545190355,1009.8725,-0.30209386,5.526822,12.224931,-0.10529782,0.2075413,0.00763581,30.337502,-25.800001,21.300001,46.950733,0.3361091,49.741684,0.2743641,0.08289127,0.3611834,0.88735557,0.16465217,-0.23459813,-0.72958606,0.6209328,-1.0,0
1763545190381,1009.8725,-0.5688936,5.4089756,10.835897,0.11110103,0.36636615,0.12935062,33.46875,-23.475,19.29375,46.950733,0.3361091,49.741684,0.27424097,0.08570627,0.36316732,0.8863159,0.16706114,-0.23376112,-0.7285786,0.62178737,-1.0,0
1763545190406,1009.8564,0.37088752,5.2181478,7.280163,0.055512335,-0.2591594,0.16111559,30.2625,-24.581251,22.48125,46.950733,0.3361091,49.741684,0.27700636,0.082786106,0.364768,0.8850753,0.16707498,-0.23583189,-0.7275499,0.6222061,-1.0,0
1763545190431,1009.8564,0.634098,4.7748775,6.988837,-0.24335326,-0.13377939,0.059559315,30.13125,-24.69375,20.175001,46.950733,0.3361091,49.741684,0.27464882,0.08096657,0.36516833,0.88581294,0.16504365,-0.2373745,-0.72718084,0.6225929,-1.0,0
1763545190456,1009.83905,0.32063824,4.3555355,7.655836,-0.47563457,0.117438756,0.025961753,30.018751,-23.85,20.456251,46.950733,0.3361091,49.741684,0.26990807,0.08058057,0.36626586,0.88685155,0.16077507,-0.23128979,-0.72829175,0.6246979,-1.0,0
1763545190481,1009.8261,0.29012975,4.0959144,8.273184,-0.41760245,0.24449863,0.05818487,30.993752,-24.112501,20.362501,46.950733,0.3361091,49.741684,0.26586393,0.08123019,0.36772972,0.88740796,0.16006084,-0.22729386,-0.72855526,0.6260393,-1.0,0
1763545190507,1009.8261,-0.13998012,4.046263,6.1944194,0.092469655,0.02535089,0.09529491,31.968752,-24.281252,21.35625,46.950733,0.3361091,49.741684,0.26561213,0.08220016,0.3695499,0.88663757,0.16074657,-0.2268638,-0.7276912,0.6270239,-1.0,0
1763545190533,1009.7946,0.05623133,4.019344,5.108078,0.09766201,-0.12873976,0.1432478,30.768751,-23.775002,20.362501,46.950733,0.3361091,49.741684,0.26678866,0.08102974,0.37039164,0.8860406,0.1600277,-0.22832684,-0.72678643,0.6277256,-1.0,0
1763545190558,1009.768,0.0735793,3.807579,6.4013987,-0.12484549,0.091629714,0.13362667,29.681252,-23.8875,22.650002,46.950733,0.3361091,49.741684,0.26512146,0.080620766,0.37317798,0.885409,0.1592169,-0.22680184,-0.7250504,0.6304862,-1.0,0
1763545190583,1009.768,-0.4636094,4.019942,6.942775,0.0075594517,0.07177661,0.1660025,31.3875,-24.206251,21.243752,46.950733,0.3361091,49.741684,0.26545098,0.08077139,0.37477657,0.88462096,0.15943226,-0.2270894,-0.7238882,0.6316626,-1.0,0
1763545190609,1009.7536,-0.08973085,4.683352,6.768099,0.16134466,-0.048258316,0.20433427,31.893751,-25.275002,21.5625,46.950733,0.3361091,49.741684,0.26725087,0.08056367,0.3761007,0.8835354,0.15977757,-0.22887693,-0.72249365,0.63252616,-1.0,0
1763545190634,1009.7536,0.0041874396,5.444868,6.5282183,0.17539455,-0.06444623,0.15225805,30.806252,-23.5125,21.112501,46.950733,0.3361091,49.741684,0.26898012,0.080478884,0.37696734,0.8826485,0.16029891,-0.23050249,-0.7212068,0.6332722,-1.0,0
1763545190659,1009.7524,0.07956135,5.9228344,8.403593,0.19509494,-0.10140356,0.22403465,28.0125,-24.937502,22.425001,46.950733,0.3361091,49.741684,0.2732058,0.079750374,0.37944865,0.8803506,0.16113587,-0.23459916,-0.7176755,0.635563,-1.0,0
1763545190684,1009.76776,1.2299109,6.3595243,8.516654,0.33116508,-0.28069237,0.21746786,30.281252,-23.831251,22.575,46.950733,0.3361091,49.741684,0.27728832,0.07800583,0.37998262,0.8789992,0.16078277,-0.23900339,-0.7161498,0.6357325,-1.0,0
1763545190710,1009.76776,1.8687944,6.7034926,8.303693,0.1834885,-0.21655156,0.08918626,29.906252,-24.88125,23.60625,46.950733,0.3361091,49.741684,0.2789422,0.077058874,0.3799885,0.8785567,0.16047226,-0.2408225,-0.7155378,0.63581353,-1.0,0
1763545190735,1009.79266,0.27876383,7.099505,9.802198,-0.27618724,0.4156935,-0.118202336,28.743752,-24.225,21.84375,46.950733,0.3361091,49.741684,0.27296853,0.08164096,0.38048258,0.8798045,0.16314097,-0.23358531,-0.7160614,0.6372433,-1.0,0
1763545190760,1009.84955,0.07298109,6.9858456,10.064212,-0.22853978,0.2698495,-0.08231403,28.81875,-25.331251,21.13125,46.950733,0.3361091,49.741684,0.27027008,0.08305667,0.38052613,0.88048595,0.16369118,-0.23054181,-0.7165502,0.637661,-1.0,0
1763545190785,1009.84955,0.58564335,6.774679,10.0163555,-0.28397575,0.021074835,-0.07864884,28.781252,-23.25,22.706251,46.950733,0.3361091,49.741684,0.267821,0.081786044,0.37985632,0.88164175,0.16177437,-0.22857407,-0.71769506,0.637571,-1.0,0
1763545190810,1009.88715,1.9387846,5.779863,13.4458685,-0.10453424,-0.4327977,-0.058490302,31.44375,-21.712502,21.5625,46.950733,0.3361091,49.741684,0.2674473,0.074178815,0.37708157,0.883617,0.15425134,-0.2307316,-0.7209472,0.6349839,-1.0,0
1763545190836,1009.9213,2.1517458,5.494519,12.661621,0.12286018,-0.23701553,-0.020922119,30.018751,-22.875,23.475,46.950733,0.3361091,49.741684,0.26896137,0.07282682,0.37655035,0.8834964,0.15314823,-0.23278658,-0.7217993,0.6335312,-1.0,0
1763545190860,1009.9213,1.975275,5.258228,10.920244,0.16592614,-0.037262753,-0.008246674,28.687502,-23.53125,25.518751,46.950733,0.3361091,49.741684,0.26992872,0.072909586,0.37653074,0.88320285,0.1532737,-0.23384719,-0.72221744,0.6326331,-1.0,0
1763545190886,1009.914,1.7120646,4.7078786,8.861818,-0.0035888306,-0.049174614,-0.0003054324,30.13125,-23.1,22.556252,46.950733,0.3361091,49.741684,0.27010337,0.072119944,0.37662995,0.883172,0.15336484,-0.23397402,-0.7224129,0.6323409,-1.0,0
1763545190911,1009.914,1.4751751,4.4285164,8.13799,-0.041157015,-0.14492767,-0.042760536,29.062502,-23.212502,23.2875,46.950733,0.3361091,49.741684,0.2700215,0.0705746,0.37599593,0.8835919,0.15064687,-0.23494235,-0.723928,0.63090086,-1.0,0
1763545190936,1009.89105,1.1724831,4.2574296,7.4015985,-0.1155298,-0.08261946,-0.04382955,28.781252,-23.25,23.025002,46.950733,0.3361091,49.741684,0.26903832,0.0695598,0.37564486,0.8841215,0.1492973,-0.23437257,-0.7247565,0.6304822,-1.0,0
1763545190961,1009.8459,1.0013963,4.241876,7.015756,0.06589704,0.019853106,-0.09224058,29.831251,-23.75625,23.550001,46.950733,0.3361091,49.741684,0.26907828,0.07017106,0.3744908,0.88455045,0.14890239,-0.23364897,-0.7253587,0.6301515,-1.0,0
1763545190986,1009.8459,0.3912265,4.185645,5.5423756,0.2173915,-0.011453714,-0.11636974,28.312502,-23.2875,23.38125,46.950733,0.3361091,49.741684,0.27096444,0.070945114,0.37332103,0.8844074,0.14976306,-0.2343035,-0.7258648,0.62912095,-1.0,0
1763545191012,1009.79706,0.6257231,4.2275195,4.9064827,0.11400264,-0.06627883,-0.10567961,28.9125,-24.50625,25.85625,46.950733,0.3361091,49.741684,0.2718025,0.07115942,0.37212247,0.88463813,0.15158388,-0.23656417,-0.7265724,0.6270186,-1.0,0
1763545191037,1009.7741,1.0444671,4.31067,5.9521465,-0.024205517,0.080634154,-0.16233732,28.7625,-23.8875,25.368752,46.950733,0.3361091,49.741684,0.27117,0.07258706,0.37093854,0.8852133,0.15281704,-0.23547614,-0.7272975,0.6262877,-1.0,0
1763545191062,1009.7741,-0.18005991,4.598407,6.814161,0.14561489,0.20631959,-0.12400555,28.725,-24.88125,24.187502,46.950733,0.3361091,49.741684,0.2714832,0.077546984,0.36945412,0.88531744,0.15765463,-0.2342257,-0.72779226,0.6249814,-1.0,0
1763545191087,1009.75726,0.101694964,4.8341,6.2416778,0.2926806,0.0006108648,0.038179047,29.175001,-22.81875,22.181252,46.950733,0.3361091,49.741684,0.27443954,0.07808058,0.3695838,0.88430434,0.15909916,-0.23685671,-0.726727,0.6248633,-1.0,0
1763545191113,1009.74506,1.1413764,5.221139,6.102296,0.32459828,-0.24755295,0.116522454,29.925001,-23.25,23.831251,46.950733,0.3361091,49.741684,0.27830788,0.07665532,0.36952865,0.8832425,0.15901275,-0.24092792,-0.7255447,0.6247028,-1.0,0
1763545191138,1009.74506,1.3674982,5.9353967,7.487142,0.05169443,0.034208428,0.057115857,29.175001,-23.34375,24.675001,46.950733,0.3361091,49.741684,0.281006,0.0762146,0.37028962,0.88210684,0.159621,-0.24350396,-0.7237353,0.625647,-1.0,0
1763545191163,1009.759,1.2149557,6.227919,8.659625,0.08025236,0.17745622,0.059559315,27.900002,-23.1,25.10625,46.950733,0.3361091,49.741684,0.28163812,0.077855,0.37117603,0.8813892,0.16142048,-0.24356693,-0.7226651,0.62639743,-1.0,0
1763545191188,1009.759,1.0677971,6.4666033,8.976674,0.24717116,0.030695954,0.056046844,28.81875,-23.625,24.73125,46.950733,0.3361091,49.741684,0.2843526,0.07831878,0.37132764,0.88041216,0.16270372,-0.24600352,-0.7216895,0.626238,-1.0,0
1763545191214,1009.77313,1.6564314,6.660422,9.168698,0.35529423,-0.23060146,0.032223117,28.66875,-24.900002,26.681252,46.950733,0.3361091,49.741684,0.2884637,0.07730879,0.37047705,0.8795219,0.16302827,-0.25021943,-0.7210855,0.62517816,-1.0,0
1763545191239,1009.79535,1.4147564,7.019943,8.925228,0.12881611,0.16019928,-0.06536253,28.3875,-24.937502,26.400002,46.950733,0.3361091,49.741684,0.2911822,0.07951584,0.36973304,0.87874204,0.16595022,-0.2521316,-0.72062427,0.62417215,-1.0,0
1763545191264,1009.79535,0.67477596,7.2382884,9.515059,-0.16302454,0.3912589,-0.06307179,29.718752,-24.16875,26.062502,46.950733,0.3361091,49.741684,0.28822735,0.08204423,0.37044334,0.87918454,0.16750194,-0.24849421,-0.72066075,0.6251734,-1.0,0
1763545191289,1009.8215,0.6520442,7.1425757,10.642677,-0.26335907,0.19456044,-0.05665771,27.937502,-24.975,25.66875,46.950733,0.3361091,49.741684,0.28560436,0.0823171,0.3703761,0.8800429,0.16697863,-0.24589445,-0.72141635,0.62546986,-1.0,0
1763545191314,1009.8215,0.95832545,6.7166533,11.016556,-0.28137958,-0.09544762,-0.11759147,29.75625,-22.425001,26.718752,46.950733,0.3361091,49.741684,0.28329942,0.080726534,0.36912018,0.88146186,0.16471311,-0.2442231,-0.7232513,0.6246057,-1.0,0
1763545191339,1009.84344,-0.552742,5.2193446,10.991431,-0.3436878,0.44623673,-0.11071924,28.9125,-23.75625,26.268751,46.950733,0.3361091,49.741684,0.27434984,0.0845405,0.36930743,0.88385355,0.16528049,-0.23472813,-0.7262092,0.62466407,-1.0,0
1763545191364,1009.8498,-0.44506502,4.9674997,9.999606,-0.2334267,0.34727663,0.00076358096,30.7875,-24.056252,24.54375,46.950733,0.3361091,49.741684,0.27126268,0.08601555,0.3701674,0.8843042,0.16555211,-0.23146191,-0.7268469,0.6250692,-1.0,0
1763545191389,1009.8498,-0.61016977,4.362714,8.674581,-0.034284785,-0.032681264,0.0772744,30.69375,-22.3125,25.087502,46.950733,0.3361091,49.741684,0.269879,0.084981166,0.37111515,0.88443035,0.16386127,-0.23066418,-0.7274335,0.6251272,-1.0,0
1763545191414,1009.8366,-0.12801601,4.278965,8.078169,-0.06391173,0.031306818,0.17088942,28.7625,-23.6625,27.525002,46.950733,0.3361091,49.741684,0.26909062,0.084600404,0.3727531,0.8840182,0.16315475,-0.23010328,-0.72681457,0.62623763,-1.0,0
1763545191439,1009.81805,0.5132605,4.121637,7.8287177,-0.03718639,-0.04535671,0.18371758,30.487501,-21.956251,24.0,46.950733,0.3361091,49.741684,0.26909405,0.08346928,0.37408304,0.88356274,0.16198805,-0.23051813,-0.7262212,0.6270758,-1.0,0
1763545191465,1009.81805,0.7615158,3.9343987,7.393822,0.011682789,-0.13836087,0.15256348,29.437502,-22.59375,26.925001,46.950733,0.3361091,49.741684,0.26977938,0.08189474,0.37496597,0.8831268,0.16059996,-0.23172249,-0.7258054,0.6274702,-1.0,0
1763545191490,1009.7961,0.951147,4.1174498,5.689534,0.05413789,0.09544762,0.03252855,29.2875,-23.456251,24.825,46.950733,0.3361091,49.741684,0.27035257,0.08251407,0.37610054,0.88241106,0.161226,-0.23217504,-0.7251529,0.6278966,-1.0,0
1763545191515,1009.76605,1.1784651,4.2341,5.454439,-0.08972076,0.016951498,-0.042760536,30.993752,-22.181252,26.268751,46.950733,0.3361091,49.741684,0.26939803,0.081777096,0.3755211,0.8830182,0.16026783,-0.23146713,-0.7258123,0.6276414,-1.0,0
1763545191541,1009.76605,0.99661064,3.9361932,8.327023,-0.22838707,0.14950916,-0.34666577,30.018751,-22.650002,25.63125,46.950733,0.3361091,49.741684,0.26453495,0.08261987,0.37135547,0.8861661,0.15861735,-0.2298415,-0.72787064,0.6262729,-1.0,0
1763545191567,1009.759,-0.2632105,3.8967116,7.740183,-0.05856666,0.4488329,-0.33001968,27.562502,-22.518751,26.04375,46.950733,0.3361091,49.741684,0.26220164,0.08740961,0.37004223,0.88694906,0.159475,-0.22665505,-0.73037994,0.6242919,-1.0,0
1763545191592,1009.7441,-1.1910275,4.395017,6.4977098,0.12667808,0.4989238,-0.22769985,31.575,-22.35,24.525002,46.950733,0.3361091,49.741684,0.2616366,0.0924215,0.3692994,0.8869174,0.16769944,-0.2210709,-0.7323524,0.62182355,-1.0,0
1763545191618,1009.7441,-1.8203398,5.1553364,5.5908303,0.21235187,0.14889829,-0.094378605,30.525002,-22.44375,23.868752,46.950733,0.3361091,49.741684,0.2632591,0.09398666,0.3685542,0.88658273,0.1697631,-0.22207956,-0.73204017,0.62127155,-1.0,0
1763545191644,1009.74603,-0.5419743,6.085546,8.014161,0.18043418,-0.30390522,0.08964441,30.187502,-22.5,26.062502,46.950733,0.3361091,49.741684,0.2688722,0.09092966,0.3676293,0.88560045,0.1688986,-0.22810903,-0.73047304,0.6211672,-1.0,0
1763545191670,1009.74603,-0.71724856,6.3427744,8.673384,0.22258386,-0.07009673,0.09834923,29.268751,-21.975,26.437502,46.950733,0.3361091,49.741684,0.2711439,0.09144449,0.3682404,0.8846004,0.17014931,-0.23006591,-0.7291585,0.62164843,-1.0,0
1763545191695,1009.7631,-0.9092726,6.6041903,8.259425,0.23098324,-0.047494736,0.18280129,30.31875,-22.612501,25.593752,46.950733,0.3361091,49.741684,0.27354223,0.091217786,0.3694388,0.8833849,0.17073971,-0.23236607,-0.7274437,0.62263924,-1.0,0
1763545191720,1009.7778,0.9403793,7.4386873,9.212965,0.052763447,-0.4338667,0.23472479,29.7,-23.4375,26.94375,46.950733,0.3361091,49.741684,0.2783991,0.084601715,0.37105218,0.8818485,0.16620336,-0.23883042,-0.72477955,0.6245247,-1.0,0
1763545191745,1009.7778,1.3663018,7.5026956,9.806984,-0.024969097,-0.23884813,0.13148865,28.85625,-23.38125,25.331251,46.950733,0.3361091,49.741684,0.2789255,0.08275536,0.37150398,0.88166714,0.16468854,-0.23984487,-0.7242599,0.6251397,-1.0,0
1763545191770,1009.8195,0.9559326,7.37109,9.163314,-0.18073961,-0.021227552,0.025809037,29.062502,-21.50625,27.206251,46.950733,0.3361091,49.741684,0.27708167,0.08170377,0.37172642,0.88225263,0.16319872,-0.23836094,-0.7245414,0.62577146,-1.0,0
1763545191795,1009.87396,1.8496519,6.3367925,12.397214,-0.56848603,-0.20097451,-0.105526894,29.56875,-21.956251,26.41875,46.950733,0.3361091,49.741684,0.26929992,0.07557284,0.3701298,0.88587254,0.15507992,-0.23277444,-0.7281718,0.62572527,-1.0,0
1763545191820,1009.87396,1.9794625,5.3389854,13.613366,-0.34811658,-0.14278965,-0.15393792,27.993752,-21.84375,25.48125,46.950733,0.3361091,49.741684,0.26707014,0.07381255,0.36886123,0.88722414,0.1524906,-0.23134683,-0.73046005,0.6242222,-1.0,0
1763545191846,1009.9052,1.2520444,4.6408796,12.449856,0.0184023,0.015729768,-0.110871956,28.837502,-20.643751,25.031252,46.950733,0.3361091,49.741684,0.26714933,0.07408381,0.368302,0.88741,0.15241021,-0.23157786,-0.73178613,0.6226009,-1.0,0
1763545191872,1009.8974,1.0145568,4.4925246,10.199407,0.20547964,-0.07009673,-0.0129808765,28.1625,-21.712502,25.781252,46.950733,0.3361091,49.741684,0.26880947,0.07350969,0.3679955,0.8870835,0.1500252,-0.23555523,-0.7329197,0.62035066,-1.0,0
1763545191898,1009.8974,1.6540387,4.223332,8.852247,-0.025885396,-0.28710645,0.009926553,29.306252,-20.98125,27.000002,46.950733,0.3361091,49.741684,0.2705365,0.06845133,0.36701316,0.8873701,0.14744414,-0.23692994,-0.7338285,0.6193708,-1.0,0
1763545191925,1009.8752,1.6468602,4.213761,8.454441,-0.036728244,-0.17211115,-0.03405571,26.718752,-20.118752,26.456251,46.950733,0.3361091,49.741684,0.2704882,0.06714237,0.36643577,0.8877234,0.14601663,-0.23738392,-0.73477274,0.61841494,-1.0,0
1763545191951,1009.8752,1.3136597,4.217948,7.0779696,0.09873102,0.13194679,-0.15210533,29.268751,-21.337502,25.181252,46.950733,0.3361091,49.741684,0.2707716,0.069581255,0.3647319,0.88815075,0.14819804,-0.23705725,-0.7362914,0.6162112,-1.0,0
1763545191976,1009.83563,0.657428,4.232305,5.9527445,0.22472188,0.100487255,-0.1594357,28.800001,-22.143751,26.04375,46.950733,0.3361091,49.741684,0.27255446,0.0711501,0.36347577,0.8879961,0.15018897,-0.23830974,-0.7366362,0.6148324,-1.0,0
1763545192001,1009.7807,0.8153543,4.3357944,5.3796635,0.24457498,-0.082466744,-0.13057235,27.562502,-22.518751,25.575,46.950733,0.3361091,49.741684,0.27499843,0.07149735,0.3618816,0.8878658,0.15129606,-0.24051094,-0.73689806,0.6133883,-1.0,0
1763545192026,1009.7807,0.61914283,4.302893,5.283951,0.12545635,-0.02565632,-0.18570289,28.0125,-21.618752,27.31875,46.950733,0.3361091,49.741684,0.27796432,0.07280983,0.3583941,0.8882501,0.15251218,-0.24208087,-0.7373937,0.6118721,-1.0,0
1763545192052,1009.738,0.6466603,4.398008,5.834898,0.08071051,0.041996952,-0.15256348,27.91875,-22.125,26.587502,46.950733,0.3361091,49.741684,0.27848879,0.074112214,0.35727903,0.8884273,0.1550186,-0.24293591,-0.7383866,0.60970205,-1.0,0
1763545192077,1009.71454,0.5306084,4.670192,6.099305,0.12224931,0.11835505,-0.11896592,27.750002,-22.25625,25.837502,46.950733,0.3361091,49.741684,0.27932927,0.07579856,0.35656267,0.88830894,0.15691082,-0.24320619,-0.7384145,0.60907614,-1.0,0
1763545192102,1009.71454,0.7908279,5.5304112,5.9694943,0.13125958,-0.20295982,0.04535671,27.13125,-21.581251,28.031252,46.950733,0.3361091,49.741684,0.28310364,0.07440849,0.35579535,0.88753897,0.15770434,-0.24471289,-0.73805046,0.60870886,-1.0,0
1763545192127,1009.69696,1.314856,5.9234324,6.7148585,0.04864011,-0.23350306,0.040317077,28.9125,-22.78125,29.00625,46.950733,0.3361091,49.741684,0.28427908,0.072736815,0.3554871,0.8874253,0.1569104,-0.24711014,-0.73747027,0.6086488,-1.0,0
1763545192152,1009.70404,1.0917253,6.142974,8.224132,-0.054443322,0.017562363,0.02046397,28.893751,-21.6375,26.306252,46.950733,0.3361091,49.741684,0.2837166,0.073350064,0.35605353,0.88732773,0.15631948,-0.24787003,-0.7366225,0.6095178,-1.0,0
1763545192179,1009.70404,0.7363912,6.308079,9.153145,0.0041996953,0.34498587,0.061239194,28.143751,-22.48125,27.056252,46.950733,0.3361091,49.741684,0.28291482,0.07643676,0.3577067,0.8866581,0.15903199,-0.24615481,-0.7354388,0.6109389,-1.0,0
1763545192204,1009.7275,0.9415757,6.812366,8.897113,0.21662793,-0.038331766,0.14752385,28.44375,-20.94375,27.243752,46.950733,0.3361091,49.741684,0.28606334,0.07800696,0.36003605,0.88456583,0.16154173,-0.2486395,-0.7326017,0.6126805,-1.0,0
1763545192229,1009.7275,1.227518,7.190432,8.58784,0.04864011,0.005345067,0.1075122,29.268751,-21.975,26.906252,46.950733,0.3361091,49.741684,0.28595898,0.078031674,0.36094207,0.8842281,0.16159852,-0.24849024,-0.731843,0.6136321,-1.0,0
1763545192255,1009.74677,1.0504491,7.3022966,9.127422,-0.26671883,0.12828161,0.045509428,28.800001,-19.9125,27.000002,46.950733,0.3361091,49.741684,0.2828847,0.07797793,0.36185288,0.88484925,0.16073862,-0.24549419,-0.7318316,0.61507577,-1.0,0
1763545192280,1009.7775,0.7070791,6.224928,11.343176,-0.66759884,0.19975278,-0.091018856,26.550001,-20.775002,28.050001,46.950733,0.3361091,49.741684,0.27095196,0.07728891,0.3626577,0.88830787,0.1565123,-0.23429136,-0.7346724,0.61714494,-1.0,0
1763545192305,1009.7775,0.11724831,5.602196,11.329417,-0.63843006,0.35475972,-0.10384701,28.0125,-21.618752,27.018751,46.950733,0.3361091,49.741684,0.26393747,0.07860679,0.36331868,0.8900323,0.15550585,-0.22728828,-0.7364221,0.6179324,-1.0,0
1763545192331,1009.81195,-0.111864455,5.1122656,10.974083,-0.57108223,0.36132652,-0.06429352,28.143751,-19.612501,26.41875,46.950733,0.3361091,49.741684,0.25779498,0.079525456,0.36406142,0.8914464,0.15437934,-0.22124553,-0.7378887,0.618658,-1.0,0
1763545192357,1009.83466,0.15254244,4.3316073,11.625529,-0.21372631,-0.18173227,-0.028099779,27.73125,-20.268751,25.743752,46.950733,0.3361091,49.741684,0.2528701,0.07610448,0.36353412,0.8933688,0.14928137,-0.21783076,-0.74083894,0.6175941,-1.0,0
1763545192382,1009.83466,0.05742774,4.02054,10.473385,-0.025579963,-0.12034036,0.015729768,30.056252,-19.650002,24.525002,46.950733,0.3361091,49.741684,0.25259405,0.075311616,0.36370286,0.8934454,0.14821075,-0.21796595,-0.7415163,0.61699104,-1.0,0
1763545192408,1009.8378,-0.09930214,4.042674,9.001799,0.028787002,0.051923506,0.09086613,28.612501,-19.425001,26.212502,46.950733,0.3361091,49.741684,0.25226808,0.07580608,0.36484188,0.8930312,0.14841023,-0.21762389,-0.7412686,0.6173614,-1.0,0
1763545192434,1009.8378,-0.1794617,4.191029,7.872985,0.05856666,0.09834923,0.16478078,27.900002,-19.5,24.6,46.950733,0.3361091,49.741684,0.2524713,0.07643036,0.36654612,0.8922223,0.14897317,-0.21769327,-0.7402489,0.61842394,-1.0,0
1763545192460,1009.8215,0.41814575,4.1425743,5.825925,0.13324489,-0.113162704,0.22678354,28.218752,-19.96875,26.2875,46.950733,0.3361091,49.741684,0.25548235,0.075154305,0.36973432,0.8901557,0.14865537,-0.22095464,-0.7373417,0.62081224,-1.0,0
1763545192485,1009.788,0.8673982,4.1401815,5.1326046,0.07582359,-0.09651663,0.18356487,28.425001,-19.575,26.85,46.950733,0.3361091,49.741684,0.2563908,0.074365385,0.37092575,0.8894648,0.14823636,-0.22201902,-0.7361574,0.6219371,-1.0,0
1763545192511,1009.788,0.28594232,4.2095733,5.723632,-0.15401429,0.0876591,0.0048869182,27.45,-17.94375,26.868752,46.950733,0.3361091,49.741684,0.25428402,0.07442871,0.3719439,0.88963914,0.14783636,-0.21987359,-0.73552036,0.6235462,-1.0,0
1763545192536,1009.75555,-0.020937199,4.238287,6.291329,-0.10071633,0.05665771,0.038179047,29.156252,-19.10625,23.8125,46.950733,0.3361091,49.741684,0.25368395,0.07447726,0.37248114,0.88958156,0.14776263,-0.21924558,-0.7351282,0.62424684,-1.0,0
1763545192561,1009.7397,0.33080772,4.6767716,5.877969,-0.033063058,-0.011300999,0.049327333,27.750002,-19.275002,27.525002,46.950733,0.3361091,49.741684,0.2533373,0.07430545,0.37276053,0.88957775,0.1475449,-0.21893284,-0.7348946,0.624683,-1.0,0
1763545192586,1009.7397,-0.53300124,5.198407,8.016554,-0.26122105,0.16676609,-0.06963859,27.825,-19.7625,26.00625,46.950733,0.3361091,49.741684,0.24879044,0.07559824,0.37272716,0.89076525,0.1473378,-0.21672204,-0.73512584,0.62523043,-1.0,0
1763545192612,1009.748,-0.80877405,5.081159,9.373284,-0.054901473,0.09773836,0.027030766,27.937502,-19.125,26.737501,46.950733,0.3361091,49.741684,0.24882577,0.0761685,0.37320077,0.8905085,0.14823857,-0.21387202,-0.73481596,0.6263622,-1.0,0
1763545192637,1009.7673,-0.39840496,5.31745,9.519845,0.23281583,-0.18127412,0.12721258,26.587502,-19.275002,26.41875,46.950733,0.3361091,49.741684,0.25198126,0.074961424,0.37357458,0.88956636,0.1480238,-0.21726185,-0.7338757,0.62634873,-1.0,0
1763545192662,1009.7673,0.22432712,6.0047884,9.284152,0.18150319,-0.110108376,0.16737695,27.468752,-18.675001,25.66875,46.950733,0.3361091,49.741684,0.25699836,0.07310356,0.3752402,0.8875824,0.14749542,-0.22102658,-0.73272645,0.6265016,-1.0,0
1763545192688,1009.79095,-0.38404804,6.2751775,9.87817,0.09262237,-0.06734784,0.17318016,26.7,-18.75,26.062502,46.950733,0.3361091,49.741684,0.25862134,0.07189701,0.3763245,0.8867501,0.14779308,-0.22259714,-0.7314403,0.62737775,-1.0,0
1763545192713,1009.81976,-0.4743771,6.726823,10.9788685,0.2520581,-0.54748756,0.23044874,26.550001,-17.400002,25.06875,46.950733,0.3361091,49.741684,0.26385504,0.066981524,0.37638104,0.8855684,0.14413612,-0.23093462,-0.7289298,0.6281364,-1.0,0
1763545192739,1009.81976,0.28713873,6.9338017,9.577272,0.3907244,-0.8692606,0.27351472,26.23125,-18.91875,25.968752,46.950733,0.3361091,49.741684,0.26987645,0.060637478,0.376272,0.8842563,0.13996105,-0.23858145,-0.72762245,0.6277383,-1.0,0
1763545192765,1009.8215,2.5669005,6.3768725,10.106087,-0.66469723,-0.052687086,0.08093958,25.987501,-17.1,28.218752,46.950733,0.3361091,49.741684,0.26378962,0.053279903,0.3778284,0.8859018,0.13557896,-0.2400245,-0.7270258,0.62884027,-1.0,0
1763545192790,1009.8215,2.5202405,5.6321063,12.87518,-0.8099303,0.21151192,-0.04856375,26.737501,-17.025002,27.35625,46.950733,0.3361091,49.741684,0.25654805,0.052421387,0.37829578,0.88787806,0.12833545,-0.22824311,-0.72973716,0.63160014,-1.0,0
1763545192816,1009.85614,2.067997,5.0685964,14.109279,-0.4078286,0.24022257,-0.0754418,26.1,-16.462502,28.1625,46.950733,0.3361091,49.741684,0.25315842,0.0531608,0.37858424,0.8886837,0.12776987,-0.22492248,-0.7310719,0.6313625,-1.0,0
1763545192841,1009.8808,2.1487548,4.5014977,9.565309,0.4087449,0.008857539,0.0097738365,27.806252,-18.28125,27.000002,46.950733,0.3361091,49.741684,0.25773364,0.05568437,0.37869996,0.8871634,0.13104361,-0.22881202,-0.73103243,0.6293363,-1.0,0
1763545192866,1009.8808,2.4999015,4.17727,7.835896,0.26030475,-0.07696896,-0.048411034,26.681252,-17.268751,27.375002,46.950733,0.3361091,49.741684,0.2595102,0.055580545,0.3779077,0.8869899,0.1313708,-0.23060021,-0.73141,0.6281757,-1.0,0
1763545192891,1009.8598,2.3168504,3.8548372,7.733603,-0.029550584,0.012675445,-0.11988221,27.956251,-17.00625,25.218752,46.950733,0.3361091,49.741684,0.25855315,0.05566524,0.37712142,0.8875985,0.1310783,-0.2297103,-0.7324576,0.6273416,-1.0,0
1763545192918,1009.84906,2.1559331,3.8201413,8.445468,-0.09750929,0.4147772,-0.21823144,26.625002,-17.53125,27.862501,46.950733,0.3361091,49.741684,0.25360382,0.061125632,0.3758709,0.88919616,0.13454045,-0.22349519,-0.7350604,0.62580746,-1.0,0
1763545192943,1009.84906,1.0342976,4.0037904,7.1766734,0.09460768,0.44501498,-0.27305657,25.931252,-18.31875,24.431252,46.950733,0.3361091,49.741684,0.25294095,0.06552922,0.37459764,0.8896086,0.1384196,-0.22161503,-0.7361788,0.62431365,-1.0,0
1763545192968,1009.8161,0.22612174,4.1635113,5.8450675,0.17249294,0.3130682,-0.22937973,26.5125,-17.41875,27.562502,46.950733,0.3361091,49.741684,0.25334543,0.068928696,0.37338898,0.8897447,0.14177904,-0.22098364,-0.7366847,0.6231859,-1.0,0
1763545192993,1009.7768,0.8392825,4.5302114,5.7924256,0.09506583,0.07024945,-0.11255184,27.6,-18.0375,24.843752,46.950733,0.3361091,49.741684,0.2548008,0.07215588,0.37155202,0.8898422,0.1454916,-0.22127381,-0.7367745,0.62212014,-1.0,0
1763545193019,1009.7768,1.0229317,4.532604,6.411568,0.14072797,-0.050854493,-0.17852524,27.150002,-18.075,25.2,46.950733,0.3361091,49.741684,0.2564074,0.072757654,0.3696591,0.89012,0.14662276,-0.2225763,-0.73740345,0.62064296,-1.0,0
1763545193044,1009.7575,0.75254273,4.7401814,6.416952,0.16439898,0.0065667965,-0.20677772,27.73125,-17.175001,27.2625,46.950733,0.3361091,49.741684,0.2576821,0.073962435,0.36790112,0.8903809,0.14821175,-0.22339159,-0.7380262,0.6192308,-1.0,0
1763545193069,1009.7575,0.83030945,5.0422754,6.9738817,0.22380558,0.13179408,-0.159283,28.575,-18.1875,26.60625,46.950733,0.3361091,49.741684,0.2604572,0.07807989,0.36538976,0.8902561,0.15310602,-0.22470635,-0.73830265,0.6172316,-1.0,0
1763545193094,1009.75287,0.82911307,5.155935,6.4127645,0.26855144,0.0594066,-0.11759147,26.475,-19.1625,26.268751,46.950733,0.3361091,49.741684,0.26264662,0.079559125,0.36432785,0.889917,0.15524173,-0.22630268,-0.73812526,0.6163264,-1.0,0
1763545193119,1009.7453,1.2957134,5.325825,7.0618176,0.21678063,0.0010690134,-0.11346813,28.63125,-19.425001,25.125002,46.950733,0.3361091,49.741684,0.2646178,0.08069774,0.3631295,0.8897203,0.15701695,-0.22777265,-0.7380463,0.6154291,-1.0,0
1763545193145,1009.7453,1.0564312,5.534599,7.8406816,0.13950625,0.23533566,-0.22846343,26.212502,-18.9375,27.35625,46.950733,0.3361091,49.741684,0.26592365,0.085924886,0.36034557,0.88997334,0.15932825,-0.22857383,-0.7384037,0.6141079,-1.0,0
1763545193170,1009.76215,0.44506502,5.9204416,8.14457,-0.03459022,0.46639526,-0.22113305,28.462502,-18.075,25.218752,46.950733,0.3361091,49.741684,0.2636251,0.0902916,0.35983217,0.8904325,0.16596006,-0.22384821,-0.7394498,0.6128321,-1.0,0
1763545193196,1009.77924,0.1692922,6.2979093,8.901898,-0.117362395,0.37827802,-0.21105379,28.143751,-19.612501,26.41875,46.950733,0.3361091,49.741684,0.2615221,0.093052536,0.3588232,0.8911752,0.16802046,-0.22095637,-0.7402782,0.6123198,-1.0,0
1763545193221,1009.77924,-0.17048861,6.5647087,9.083753,-0.15447243,0.060475614,-0.23121232,27.300001,-20.175001,25.462502,46.950733,0.3361091,49.741684,0.25977206,0.09323084,0.35702974,0.8923879,0.16773297,-0.21917838,-0.74177265,0.61122817,-1.0,0
1763545193246,1009.8195,-0.8362915,6.6939216,11.026725,-0.4258491,0.20173809,0.054672398,27.825,-19.0125,25.800001,46.950733,0.3361091,49.741684,0.25206712,0.09371565,0.3582384,0.89406085,0.16689657,-0.2157966,-0.7427157,0.6115151,-1.0,0
1763545193271,1009.8195,0.19920248,6.515058,11.829517,-0.37804893,0.07208204,0.14676027,29.493752,-18.712502,26.081251,46.950733,0.3361091,49.741684,0.24903123,0.09237508,0.3596821,0.8944714,0.16383392,-0.20906496,-0.74242616,0.6150233,-1.0,0
1763545193296,1009.86444,0.8225328,5.860621,12.24527,-0.2711476,-0.10155627,0.043065965,29.41875,-17.71875,24.7875,46.950733,0.3361091,49.741684,0.24705316,0.090662844,0.359873,0.8951181,0.161534,-0.20775414,-0.7431813,0.61516386,-1.0,0
1763545193321,1009.88666,-0.38524446,4.8173504,10.95494,-0.12805253,0.2593121,0.14110976,28.462502,-18.806252,25.10625,46.950733,0.3361091,49.741684,0.24261512,0.09239566,0.36295682,0.8949096,0.16102338,-0.20541856,-0.7434974,0.6156999,-1.0,0
1763545193346,1009.88666,-0.40857446,4.8376894,9.900304,-0.038408123,0.08307761,0.18432845,30.243752,-18.0,24.88125,46.950733,0.3361091,49.741684,0.24224801,0.09196766,0.36457488,0.8943953,0.16156091,-0.20321696,-0.7428757,0.6170386,-1.0,0
1763545193371,1009.89667,-0.45583272,4.791029,9.069994,0.00481056,-0.19501857,0.159283,29.79375,-17.550001,22.743752,46.950733,0.3361091,49.741684,0.24302268,0.08969696,0.36531013,0.89411575,0.15894993,-0.20454945,-0.74189806,0.61845106,-1.0,0
1763545193396,1009.8857,-0.2644069,4.4225345,8.175676,-0.1381318,-0.14278965,0.15225805,27.712502,-16.78125,24.91875,46.950733,0.3361091,49.741684,0.2422603,0.08570208,0.36720666,0.8939376,0.15490694,-0.20503351,-0.74116874,0.62018865,-1.0,0
1763545193421,1009.8857,0.034097724,3.9607196,7.9908314,-0.15202898,0.033139415,0.15592323,29.1,-17.75625,25.9125,46.950733,0.3361091,49.741684,0.24087371,0.08552491,0.36881697,0.89366627,0.15429698,-0.203782,-0.7404907,0.62156165,-1.0,0
1763545193446,1009.8691,0.0849452,3.4809587,7.4829545,-0.028481571,0.14462224,0.16050471,28.706251,-16.931252,25.143751,46.950733,0.3361091,49.741684,0.24050318,0.086474806,0.3705876,0.8929419,0.15503368,-0.20318519,-0.73943967,0.62282366,-1.0,0
1763545193471,1009.8691,-0.12023934,3.339184,6.1040907,0.13614649,0.06276636,0.19822562,28.556252,-16.2,24.956251,46.950733,0.3361091,49.741684,0.2418549,0.08661368,0.3723148,0.89184415,0.15551469,-0.20447719,-0.738053,0.6239247,-1.0,0
1763545193496,1009.82416,0.5479564,3.8015969,5.779863,0.08575014,-0.18616104,0.22525638,28.575,-18.1875,26.1375,46.950733,0.3361091,49.741684,0.2455152,0.08355539,0.37523687,0.889909,0.15375865,-0.208848,-0.7351586,0.62632465,-1.0,0
1763545193521,1009.77875,0.47916272,4.269394,6.2997036,0.12194388,-0.024129158,0.16966769,28.5375,-17.8125,24.581251,46.950733,0.3361091,49.741684,0.24698089,0.083627544,0.3764273,0.88899344,0.15429835,-0.21020265,-0.7338413,0.62728286,-1.0,0
1763545193546,1009.77875,0.21475583,4.5619164,5.97428,0.17249294,-0.049327333,0.102778,29.04375,-15.900001,25.35,46.950733,0.3361091,49.741684,0.24895956,0.08335367,0.37681055,0.8883046,0.15469298,-0.21212915,-0.7328965,0.6276417,-1.0,0
1763545193572,1009.74945,0.016151553,4.892126,6.281758,0.08132137,-0.12935062,0.028557928,28.987501,-16.9125,26.19375,46.950733,0.3361091,49.741684,0.25203887,0.08184504,0.37646365,0.88772345,0.15439476,-0.21537049,-0.73183775,0.62784654,-1.0,0
1763545193597,1009.7475,-0.39361933,5.4520464,8.265408,0.116293386,0.0012217296,0.07086031,27.13125,-17.34375,26.400002,46.950733,0.3361091,49.741684,0.25324458,0.08264934,0.37712756,0.8870237,0.15560384,-0.2162202,-0.73074555,0.62852776,-1.0,0
1763545193623,1009.7475,-0.30927232,5.604589,8.441878,0.20685409,0.091629714,0.13255766,28.2,-17.737501,27.243752,46.950733,0.3361091,49.741684,0.25501537,0.083958946,0.37828594,0.8858994,0.1574453,-0.21746936,-0.72916013,0.6294788,-1.0,0
1763545193648,1009.7641,0.32841492,5.8743796,8.623135,0.24656029,-0.123852834,0.14156792,28.612501,-15.937501,24.937502,46.950733,0.3361091,49.741684,0.25801927,0.08293612,0.37857428,0.8850024,0.15744303,-0.22059925,-0.7280468,0.6296789,-1.0,0
1763545193673,1009.78973,0.63828546,6.0484576,10.042078,0.20028728,-0.35964665,-0.0073303776,28.0125,-17.38125,25.85625,46.950733,0.3361091,49.741684,0.26433522,0.07817001,0.37666142,0.8843882,0.15486975,-0.2280329,-0.72791266,0.6278212,-1.0,0
1763545193699,1009.78973,0.0741775,6.5443697,9.459426,0.19463679,-0.20005822,0.020005822,27.712502,-18.150002,26.081251,46.950733,0.3361091,49.741684,0.26659474,0.07705356,0.37624994,0.883983,0.15449174,-0.2305262,-0.72765666,0.6273004,-1.0,0
1763545193724,1009.7912,0.49112684,6.960721,9.1256275,0.10575596,-0.3081813,0.017409647,27.937502,-17.00625,25.987501,46.950733,0.3361091,49.741684,0.26854506,0.074578546,0.3752147,0.88404495,0.15282795,-0.23307082,-0.7277598,0.62664765,-1.0,0
1763545193749,1009.7912,1.1359925,6.672386,11.260025,-0.28122687,-0.43127054,-0.028252495,28.050001,-17.868752,26.79375,46.950733,0.3361091,49.741684,0.2682009,0.066193156,0.37266195,0.88589495,0.14939655,-0.23456612,-0.7286186,0.6259188,-1.0,0
1763545193774,1009.8066,2.6470602,6.0137615,12.772289,-0.22792892,-0.41355544,-0.006872229,26.175001,-17.587502,28.518751,46.950733,0.3361091,49.741684,0.26785427,0.062040396,0.3715748,0.8867566,0.14083126,-0.2361387,-0.7310385,0.62448996,-1.0,0
1763545193800,1009.84955,3.7100716,5.367101,12.963117,-0.04940369,-0.27794346,-0.15118903,26.85,-17.8875,27.862501,46.950733,0.3361091,49.741684,0.26821473,0.06022375,0.36949357,0.8876421,0.13896564,-0.2371805,-0.73316187,0.62201905,-1.0,0
1763545193824,1009.84955,1.3920245,4.4518466,9.073584,0.036728244,0.13591741,-0.22403465,28.3875,-18.337502,26.79375,46.950733,0.3361091,49.741684,0.26758498,0.06243262,0.36609447,0.8890868,0.13963147,-0.23690742,-0.73534995,0.6193855,-1.0,0
1763545193849,1009.852,1.8346968,4.1892343,8.414361,-0.0040469794,-0.09728022,-0.18982624,26.7,-16.518751,26.868752,46.950733,0.3361091,49.741684,0.26780328,0.06128463,0.36401203,0.8899555,0.14039606,-0.2361959,-0.7368355,0.6177167,-1.0,0
1763545193874,1009.8437,1.5583258,3.935595,7.69113,-0.06421716,-0.28451028,-0.23625195,27.16875,-17.85,27.35625,46.950733,0.3361091,49.741684,0.26770326,0.0587932,0.36137185,0.8912288,0.13673426,-0.23754036,-0.7408948,0.61315024,-1.0,0
1763545193899,1009.8437,0.7088737,3.7944186,7.75454,-0.2700786,0.109039366,-0.15867212,26.85,-17.1375,28.593752,46.950733,0.3361091,49.741684,0.26287404,0.058032732,0.35895234,0.8936904,0.13477573,-0.23595503,-0.7430128,0.61163116,-1.0,0
1763545193924,1009.8234,0.12801601,3.8901315,7.382456,-0.03138318,0.074067354,-0.046731155,27.000002,-17.23125,27.0375,46.950733,0.3361091,49.741684,0.26314253,0.058331903,0.35880974,0.8936492,0.13438551,-0.23326188,-0.74441236,0.611048,-1.0,0
1763545193950,1009.8234,0.3361916,4.135994,5.749355,0.2787834,-0.31428993,0.03924806,27.712502,-18.675001,28.425001,46.950733,0.3361091,49.741684,0.26728982,0.055748384,0.35786176,0.8929632,0.13343425,-0.23821639,-0.7443034,0.6094758,-1.0,0
1763545193975,1009.7802,1.032503,4.3561335,4.462016,0.29634577,-0.6058251,-0.007177661,26.718752,-17.775002,28.63125,46.950733,0.3361091,49.741684,0.2715898,0.05166373,0.3558592,0.89271164,0.13093576,-0.24348715,-0.7443989,0.60781586,-1.0,0
1763545194001,1009.73895,0.97866446,4.3178487,6.546763,-0.14561489,0.06383537,-0.22556181,28.25625,-16.743752,27.7875,46.950733,0.3361091,49.741684,0.27087048,0.05086728,0.35226056,0.89440155,0.13018706,-0.24291895,-0.7465268,0.6055902,-1.0,0
1763545194026,1009.73895,0.22851457,4.475775,7.472187,-0.055817768,0.2696968,-0.19074252,26.85,-18.525002,29.118752,46.950733,0.3361091,49.741684,0.26986182,0.053626135,0.35151276,0.89483947,0.13252544,-0.24111858,-0.7471393,0.60504687,-1.0,0
1763545194051,1009.74677,0.27158538,4.95075,7.4177504,0.16775873,0.16004658,-0.09987639,26.19375,-18.956251,28.44375,46.950733,0.3361091,49.741684,0.27130482,0.055652853,0.35093912,0.8945044,0.13490562,-0.24187604,-0.7469614,0.6044378,-1.0,0
1763545194077,1009.748,0.5952146,5.8211393,6.426523,0.36125016,-0.07223476,0.0058032153,25.85625,-19.10625,28.331251,46.950733,0.3361091,49.741684,0.27800333,0.057294104,0.3500572,0.8926878,0.1386693,-0.2476677,-0.7450616,0.6035849,-1.0,0
1763545194102,1009.748,0.99900347,6.151947,7.3286176,0.21204643,-0.08949169,0.016187917,26.85,-19.25625,28.556252,46.950733,0.3361091,49.741684,0.28016102,0.057306457,0.3497755,0.8921227,0.13951397,-0.24961987,-0.74417186,0.6036837,-1.0,0
1763545194129,1009.7514,1.2173486,6.189634,9.245269,0.14866921,-0.041844238,0.010231985,25.781252,-18.6375,30.6375,46.950733,0.3361091,49.741684,0.28190494,0.057614814,0.3496792,0.8915911,0.14044154,-0.25112954,-0.7434415,0.6037423,-1.0,0
1763545194154,1009.7846,1.474577,6.448657,9.09811,0.30947936,-0.053908817,0.047952887,25.66875,-19.275002,29.906252,46.950733,0.3361091,49.741684,0.28711906,0.058476668,0.34984475,0.8898043,0.14278221,-0.25587124,-0.74183685,0.603176,-1.0,0
1763545194179,1009.7846,1.9477576,6.838687,8.845667,0.118889555,-0.13240494,0.0048869182,24.69375,-18.35625,28.725,46.950733,0.3361091,49.741684,0.28828868,0.057376407,0.3492236,0.8897418,0.1421381,-0.257292,-0.7418492,0.6027084,-1.0,0
1763545194205,1009.8005,1.5804594,7.1413794,9.71486,-0.09613484,-0.18203771,-0.08093958,27.375002,-18.206251,27.50625,46.950733,0.3361091,49.741684,0.28789845,0.055497892,0.34808177,0.8904345,0.14030157,-0.25745097,-0.7426877,0.6020377,-1.0,0
1763545194231,1009.8005,1.1946167,7.2526455,10.56491,-0.23205225,-0.12186752,-0.084757484,25.85625,-17.625,29.325,46.950733,0.3361091,49.741684,0.28603444,0.054076772,0.34725317,0.8914456,0.13843991,-0.25607497,-0.7437655,0.601725,-1.0,0
1763545194256,1009.83563,0.9732806,6.424729,12.378072,-0.48174325,0.1018617,-0.06933315,25.312502,-18.91875,29.156252,46.950733,0.3361091,49.741684,0.27760425,0.05320241,0.34692287,0.8942874,0.13505536,-0.24830356,-0.7465484,0.60230464,-1.0,0
1763545194282,1009.87396,0.25244278,5.642276,13.672588,-0.36186102,0.37491825,-0.07696896,28.125002,-16.63125,27.656252,46.950733,0.3361091,49.741684,0.27330667,0.056329537,0.34783742,0.895064,0.13655825,-0.24335451,-0.7474323,0.6028892,-1.0,0
1763545194307,1009.87396,-0.63529444,5.3365927,9.848858,0.37255114,0.23823726,0.28237224,26.85,-17.8875,28.48125,46.950733,0.3361091,49.741684,0.27498877,0.06306221,0.35298455,0.8920797,0.14038153,-0.24108334,-0.7464552,0.60413283,-1.0,0
1763545194333,1009.8891,0.60000026,5.2923255,7.6678,0.44341147,-0.061544627,0.28069237,26.718752,-18.4125,29.60625,46.950733,0.3361091,49.741684,0.27871236,0.063412026,0.35463935,0.89024115,0.14448267,-0.24663013,-0.7419165,0.6065132,-1.0,0
1763545194358,1009.86053,0.75972116,4.872385,6.1567326,0.22563818,0.04214967,0.15057817,26.475,-18.4125,26.85,46.950733,0.3361091,49.741684,0.27974376,0.06454226,0.35590467,0.889331,0.14591973,-0.24724425,-0.7405481,0.6075905,-1.0,0
1763545194383,1009.86053,0.26081768,4.3633122,5.604589,-0.11262819,0.29153523,0.09575305,25.781252,-18.225,26.1375,46.950733,0.3361091,49.741684,0.2772755,0.066480026,0.35771614,0.8892344,0.14711228,-0.2442525,-0.7396861,0.60955983,-1.0,0
1763545194408,1009.8244,0.36311084,3.5820556,7.0522466,-0.22548546,0.102014415,0.16539164,26.56875,-17.90625,27.431252,46.950733,0.3361091,49.741684,0.27213243,0.06693073,0.36146742,0.88927245,0.14700572,-0.24067573,-0.73909974,0.6117157,-1.0,0
1763545194433,1009.8244,0.46301118,3.4067812,6.5569324,-0.032299474,-0.019394957,0.2046397,28.5375,-16.2,26.04375,46.950733,0.3361091,49.741684,0.27225193,0.06605116,0.36326823,0.88856757,0.14602941,-0.23918861,-0.7384853,0.61327296,-1.0,0
1763545194458,1009.7985,0.8811569,3.35055,5.553143,0.0692568,-0.03161225,0.2594648,27.206251,-17.081251,24.675001,46.950733,0.3361091,49.741684,0.2730157,0.065365374,0.36541587,0.8875027,0.14465363,-0.24059415,-0.73599064,0.61604184,-1.0,0
1763545194484,1009.7624,1.747957,3.8333018,5.22413,0.011071924,-0.082924895,-0.020616686,26.343752,-16.06875,27.187502,46.950733,0.3361091,49.741684,0.2741561,0.06361397,0.36584663,0.8871009,0.14400382,-0.24160413,-0.73508584,0.6168785,-1.0,0
1763545194510,1009.7624,0.5886344,4.026522,5.6799626,-0.07536544,-0.020005822,-0.14034618,26.5125,-18.393751,24.675001,46.950733,0.3361091,49.741684,0.27338862,0.06364357,0.36476994,0.8877787,0.14314725,-0.24145539,-0.7363905,0.6155788,-1.0,0
1763545194536,1009.7375,-0.19082761,4.302295,6.585646,-0.12805253,0.11575887,-0.082161315,26.737501,-18.393751,28.2,46.950733,0.3361091,49.741684,0.27182767,0.06455112,0.36474708,0.8882018,0.14358996,-0.23966445,-0.73667663,0.6158331,-1.0,0
1763545194562,1009.7443,0.44027936,5.575277,8.473583,0.12744166,0.038331766,0.016951498,26.7,-17.268751,26.75625,46.950733,0.3361091,49.741684,0.27242076,0.06632622,0.3652324,0.8876897,0.14550088,-0.23967004,-0.73594016,0.6162628,-1.0,0
1763545194587,1009.7443,0.15314065,5.959325,7.460821,0.1532507,0.07819069,-0.0073303776,26.718752,-16.518751,26.400002,46.950733,0.3361091,49.741684,0.2731517,0.06766913,0.36532292,0.8873264,0.14705276,-0.23993008,-0.7354357,0.6163955,-1.0,0
1763545194613,1009.75995,0.061016977,6.3571315,7.7365937,-0.023900084,0.058490302,0.0140498895,26.7,-17.268751,27.056252,46.950733,0.3361091,49.741684,0.272759,0.06775008,0.36549032,0.88737214,0.14717127,-0.23943298,-0.7350165,0.6170601,-1.0,0
1763545194638,1009.78754,0.34037903,7.09771,11.099706,-0.11003202,-0.28832817,0.09224058,25.781252,-17.493752,27.018751,46.950733,0.3361091,49.741684,0.2729203,0.06266979,0.36558065,0.8876586,0.14261417,-0.24098589,-0.7346581,0.6179518,-1.0,0
1763545194663,1009.78754,0.30508488,7.4177504,11.987443,0.038560838,-0.20173809,0.18692462,25.63125,-17.60625,25.031252,46.950733,0.3361091,49.741684,0.27438468,0.061061885,0.36679623,0.88681734,0.14154598,-0.24285848,-0.7334392,0.6189115,-1.0,0
1763545194688,1009.84393,0.718445,7.676175,11.216954,0.22059855,-0.17424917,0.2593121,27.375002,-16.181252,25.237501,46.950733,0.3361091,49.741684,0.27712157,0.059801444,0.36831668,0.8854209,0.14119093,-0.24584082,-0.7316111,0.61997795,-1.0,0
1763545194713,1009.8652,3.0323045,7.1748786,10.716256,-0.08300125,-0.46929687,-0.003817905,24.975,-16.44375,25.968752,46.950733,0.3361091,49.741684,0.28025156,0.052545838,0.36693558,0.8854695,0.13543491,-0.2509171,-0.73157096,0.61927533,-1.0,0
1763545194738,1009.8652,3.8027935,6.0915284,12.673585,-0.2690096,-0.23335035,-0.22128576,24.13125,-17.1375,24.54375,46.950733,0.3361091,49.741684,0.2783371,0.05099061,0.3646457,0.88710874,0.13332063,-0.24959405,-0.7339529,0.6174476,-1.0,0
1763545194763,1009.9023,3.4372897,5.1457653,13.018151,-0.14546217,0.3084867,-0.3346012,27.243752,-16.837502,26.062502,46.950733,0.3361091,49.741684,0.27574548,0.054452676,0.3630624,0.88836086,0.13552885,-0.24623685,-0.736379,0.61542284,-1.0,0
1763545194788,1009.9023,2.5357938,4.92084,10.780264,0.07551816,0.4761691,-0.35384342,26.1,-16.81875,24.6375,46.950733,0.3361091,49.741684,0.27458528,0.05880726,0.36136574,0.8891341,0.13899817,-0.24399771,-0.738456,0.61304754,-1.0,0
1763545194814,1009.9052,1.8083757,4.4482574,7.2879395,0.046807513,-0.057268575,-0.36987862,26.681252,-17.5125,25.218752,46.950733,0.3361091,49.741684,0.2750052,0.06074552,0.3553873,0.8912811,0.14069895,-0.24397063,-0.74299055,0.60716325,-1.0,0
1763545194839,1009.87445,1.1431711,4.0701914,6.949355,-0.1485165,-0.0097738365,-0.34193155,26.2875,-17.306252,25.25625,46.950733,0.3361091,49.741684,0.27322534,0.060979467,0.3528532,0.89281803,0.14035441,-0.24222142,-0.74529874,0.6051109,-1.0,0
1763545194865,1009.87445,0.56590253,4.034299,7.094121,-0.20349433,0.12492185,-0.23136504,27.112501,-18.31875,23.831251,46.950733,0.3361091,49.741684,0.2708931,0.062037632,0.35164127,0.89393324,0.14061491,-0.23970644,-0.7468453,0.6041443,-1.0,0
1763545194890,1009.84393,1.14018,4.319045,6.8488564,-0.0064904382,0.013744458,-0.22036947,27.712502,-18.375,23.15625,46.950733,0.3361091,49.741684,0.26962087,0.06364771,0.34846,0.89544916,0.14173274,-0.23802997,-0.74933666,0.60145503,-1.0,0
1763545194915,1009.84393,0.6041877,4.298706,6.235696,0.13202316,-0.04459313,-0.29199335,27.712502,-18.375,23.15625,46.950733,0.3361091,49.741684,0.27077398,0.06476929,0.34584507,0.89603436,0.14173274,-0.23802997,-0.74933666,0.60145503,-1.0,0
1763545194941,1009.82,0.13459627,4.438088,5.003392,0.100869045,0.20418155,-0.27336198,25.050001,-19.1625,24.093752,46.950733,0.3361091,49.741684,0.2703251,0.06802799,0.34423542,0.8965481,0.14617898,-0.23735031,-0.75151134,0.59793586,-1.0,0
1763545194966,1009.7797,-0.13459627,4.5858445,5.260022,-0.08743002,0.35430157,-0.21426082,27.206251,-18.056252,21.956251,46.950733,0.3361091,49.741684,0.26839212,0.07119607,0.34340656,0.89720047,0.14877225,-0.23445687,-0.7519924,0.597833,-1.0,0
1763545194991,1009.7797,-0.5910272,4.691727,7.2101727,0.36231917,-0.30619597,-0.033139415,27.525002,-18.6375,22.425001,46.950733,0.3361091,49.741684,0.27396777,0.07037355,0.34094325,0.89651936,0.14980178,-0.23993789,-0.7517541,0.5956971,-1.0,0
1763545195017,1009.77655,-0.18245272,5.132006,6.1363935,0.49594584,-0.32986698,0.112399116,25.931252,-18.5625,22.275002,46.950733,0.3361091,49.741684,0.27912977,0.069405034,0.3410117,0.8949752,0.15050018,-0.2451126,-0.7501076,0.5954898,-1.0,0
1763545195042,1009.7553,0.9625129,5.885147,6.6000032,0.32749987,-0.07819069,0.13744457,27.206251,-20.79375,23.8125,46.950733,0.3361091,49.741684,0.2863572,0.069396324,0.34254533,0.89210224,0.15175168,-0.24874154,-0.7480135,0.596301,-1.0,0
1763545195067,1009.7553,0.60837513,6.2171516,7.029515,0.25251624,-0.06062833,0.12965605,26.925001,-20.831251,23.081251,46.950733,0.3361091,49.741684,0.2888158,0.06929058,0.3433901,0.8909924,0.152975,-0.25182322,-0.74619675,0.5969708,-1.0,0
1763545195092,1009.7519,1.0462617,6.341578,8.515457,0.12438734,-0.027641632,0.15439607,27.300001,-19.78125,22.050001,46.950733,0.3361091,49.741684,0.2901421,0.069260724,0.34456423,0.89011014,0.15427557,-0.25530085,-0.7430253,0.59911096,-1.0,0
1763545195117,1009.77386,1.8011973,6.463014,10.938788,0.35605782,0.03894263,0.14767656,25.593752,-20.081251,23.175001,46.950733,0.3361091,49.741684,0.2950086,0.07078986,0.34691262,0.8874742,0.15707846,-0.25955278,-0.74011135,0.60016155,-1.0,0
1763545195142,1009.77386,2.2851455,6.9523463,9.579067,0.3983602,-0.04612029,0.043218683,26.41875,-20.38125,23.71875,46.950733,0.3361091,49.741684,0.2981276,0.07136761,0.34666148,0.8864832,0.15845408,-0.26242274,-0.73952335,0.59927607,-1.0,0
1763545195167,1009.8027,1.5224334,7.25444,8.879765,0.17936517,0.08704823,-0.08918626,25.031252,-21.50625,23.00625,46.950733,0.3361091,49.741684,0.29864112,0.07304419,0.34624988,0.8863346,0.16021878,-0.26239645,-0.7394808,0.59887075,-1.0,0
1763545195192,1009.8149,0.44745782,6.960123,10.327422,-0.28870997,0.22235478,-0.013439025,26.062502,-21.4125,23.962502,46.950733,0.3361091,49.741684,0.29318175,0.07606489,0.34731865,0.8874843,0.16164564,-0.2561486,-0.7397711,0.60083044,-1.0,0
1763545195217,1009.8149,0.72323066,6.1603217,11.445469,-0.27130032,0.17883067,-0.04703659,25.368752,-20.475,23.0625,46.950733,0.3361091,49.741684,0.29026037,0.07710594,0.3476033,0.88824296,0.16169688,-0.25308204,-0.7405303,0.6011809,-1.0,0
1763545195242,1009.8515,-0.34456646,5.5316076,11.254642,-0.115835235,0.27305657,-0.0051923506,25.650002,-20.8125,20.587502,46.950733,0.3361091,49.741684,0.28838792,0.07915504,0.34880087,0.88820314,0.16290034,-0.25079194,-0.74055916,0.6017799,-1.0,0
1763545195268,1009.8515,-0.44207397,5.2498527,9.806984,0.07582359,0.23686282,0.17623448,25.312502,-20.868752,22.78125,46.950733,0.3361091,49.741684,0.28829387,0.080707826,0.3510434,0.8872099,0.16417848,-0.25034484,-0.7393495,0.60310465,-1.0,0
1763545195293,1009.8735,0.4121637,5.1158547,7.3489566,0.00083993905,-0.050854493,0.22250749,26.94375,-21.5625,21.88125,46.950733,0.3361091,49.741684,0.28891438,0.07941769,0.35477108,0.8856403,0.16304049,-0.25138915,-0.73695713,0.6059005,-1.0,0
1763545195319,1009.84735,0.04366901,4.8562336,6.8189464,-0.19402592,0.07666353,0.16752967,26.156252,-22.63125,21.09375,46.950733,0.3361091,49.741684,0.28661036,0.07909717,0.35667002,0.8856549,0.16207126,-0.24926847,-0.736317,0.607812,-1.0,0
1763545195344,1009.84735,-0.020338992,4.627121,6.81775,-0.36140287,0.14798199,0.18784092,25.1625,-20.25,21.225,46.950733,0.3361091,49.741684,0.2829739,0.07859992,0.35895666,0.88594466,0.16055666,-0.24591407,-0.735755,0.610256,-1.0,0
1763545195370,1009.81586,0.33080772,4.305286,7.2646093,-0.18929173,-0.10399973,0.2037234,25.331251,-20.85,20.925001,46.950733,0.3361091,49.741684,0.27940878,0.075069234,0.36245698,0.88595724,0.15608883,-0.24359995,-0.73476744,0.6135244,-1.0,0
1763545195395,1009.7946,0.76689965,4.148556,6.640083,-0.09506583,-0.10231985,0.19837834,25.3875,-21.225,22.181252,46.950733,0.3361091,49.741684,0.27902994,0.07358377,0.3639095,0.88560575,0.15454093,-0.24369937,-0.7340369,0.61474997,-1.0,0
1763545195420,1009.7946,0.9056834,3.9714873,6.5718875,-0.022831071,-0.0010690134,0.14172062,24.825,-21.0375,23.306252,46.950733,0.3361091,49.741684,0.27908164,0.073366374,0.3650852,0.8851235,0.15433463,-0.24382374,-0.7332587,0.61568046,-1.0,0
1763545195445,1009.77484,0.5174479,3.751946,6.1639113,0.11186461,0.05299252,0.112399116,24.862501,-21.018751,21.13125,46.950733,0.3361091,49.741684,0.28015402,0.073936336,0.36612332,0.8843081,0.15517153,-0.244693,-0.7322449,0.61633146,-1.0,0
1763545195470,1009.77484,0.6125626,4.153342,4.895715,0.06940951,-0.021838415,0.08460477,25.63125,-22.3125,21.13125,46.950733,0.3361091,49.741684,0.2820752,0.07409487,0.36750036,0.8831121,0.15596296,-0.24643871,-0.7305395,0.61745894,-1.0,0
1763545195495,1009.75336,0.43010986,4.735396,5.6482577,-0.03565923,-0.026267186,0.007788526,25.237501,-21.35625,20.6625,46.950733,0.3361091,49.741684,0.28188226,0.07381488,0.36739078,0.8832428,0.15574528,-0.2462715,-0.7304275,0.61771303,-1.0,0
1763545195520,1009.7514,-0.15792629,5.3832526,6.674779,-0.06406444,-0.012064579,-0.012675445,24.581251,-21.7875,20.2875,46.950733,0.3361091,49.741684,0.281654,0.073543094,0.3672898,0.88338023,0.1555289,-0.2460657,-0.7303085,0.61799026,-1.0,0
1763545195547,1009.7514,0.29072794,6.1417775,8.829515,0.08880447,-0.4094321,0.09498947,23.118752,-22.331251,22.48125,46.950733,0.3361091,49.741684,0.2853432,0.06839369,0.3666183,0.8828888,0.15423296,-0.24747267,-0.7299685,0.6181549,-1.0,0
1763545195572,1009.77216,0.78364944,6.446862,8.95813,0.18303037,-0.4517345,0.12156209,23.90625,-22.237501,20.23125,46.950733,0.3361091,49.741684,0.28850052,0.06505698,0.3662566,0.8822648,0.14979625,-0.25500208,-0.7288908,0.6174571,-1.0,0
1763545195598,1009.799,1.247857,6.6801624,8.892925,0.10407609,-0.37598726,0.10445788,22.875,-22.725,23.1375,46.950733,0.3361091,49.741684,0.29035065,0.062241957,0.3660408,0.88195044,0.1477431,-0.25758404,-0.72850114,0.6173399,-1.0,0
1763545195623,1009.799,1.3621143,7.758129,11.0398855,-0.29313874,-0.023212861,-0.046273008,23.79375,-21.13125,22.331251,46.950733,0.3361091,49.741684,0.28718308,0.059687585,0.36556008,0.8833624,0.14577699,-0.25744033,-0.72874933,0.6175742,-1.0,0
1763545195648,1009.8276,0.95353985,7.524829,12.836297,-0.18272492,0.17394374,-0.06185006,24.91875,-22.125,21.1875,46.950733,0.3361091,49.741684,0.28548074,0.0613379,0.3658617,0.8836762,0.14454323,-0.25523317,-0.72951317,0.6178785,-1.0,0
1763545195673,1009.8842,0.7956135,7.0749784,12.193824,0.14821106,0.27320927,0.046883874,24.712502,-23.268751,19.893751,46.950733,0.3361091,49.741684,0.28624564,0.06405777,0.36710465,0.8827198,0.14833118,-0.25305697,-0.72864276,0.6189021,-1.0,0
1763545195699,1009.8842,1.1557333,7.1856465,10.466207,0.3514763,0.07834341,0.14889829,23.56875,-22.275002,22.425001,46.950733,0.3361091,49.741684,0.28919774,0.06507482,0.36822137,0.8812167,0.15013233,-0.255598,-0.7270356,0.61931354,-1.0,0
1763545195724,1009.8964,2.620739,6.157929,8.602198,0.09964732,-0.12125666,0.0029016077,22.425001,-24.375002,20.962502,46.950733,0.3361091,49.741684,0.29293028,0.06368017,0.36797035,0.88019,0.15000871,-0.2595394,-0.7259748,0.6189486,-1.0,0
1763545195749,1009.8964,2.3150558,5.636892,8.082356,-0.1494328,0.08155045,-0.14538582,24.393751,-22.556252,21.431252,46.950733,0.3361091,49.741684,0.29070297,0.06413076,0.3670938,0.88126117,0.14975141,-0.25728482,-0.7272788,0.618421,-1.0,0
1763545195774,1009.89325,1.2323036,4.3531427,9.239884,-0.39561132,0.037262753,-0.14172062,23.60625,-21.50625,20.362501,46.950733,0.3361091,49.741684,0.28335035,0.062979415,0.36534104,0.88446146,0.14630187,-0.2506982,-0.7311328,0.61740667,-1.0,0
1763545195800,1009.8754,1.099502,4.065406,8.748159,-0.22930336,-0.20647229,-0.07941242,23.775002,-22.85625,19.96875,46.950733,0.3361091,49.741684,0.28229916,0.059923876,0.36426976,0.88545126,0.14288668,-0.2507331,-0.7328559,0.6161481,-1.0,0
1763545195825,1009.8754,1.4422739,3.9738803,7.745567,-0.17631085,-0.41554075,-0.011300999,24.487501,-20.79375,19.78125,46.950733,0.3361091,49.741684,0.28189233,0.055571746,0.36326003,0.8862791,0.13847691,-0.2517452,-0.7342934,0.6150299,-1.0,0
1763545195850,1009.8532,1.9794625,3.9738803,7.9148593,-0.20578507,-0.2922988,-0.018173227,22.78125,-21.975,20.493752,46.950733,0.3361091,49.741684,0.28086892,0.05283913,0.36253926,0.88706595,0.13545237,-0.25165844,-0.7355309,0.61425966,-1.0,0
1763545195875,1009.8178,1.1539388,4.255037,6.309275,0.055512335,0.053908817,-0.12293654,24.225,-21.956251,21.2625,46.950733,0.3361091,49.741684,0.28050312,0.05344245,0.3608928,0.8878166,0.13569298,-0.25124788,-0.7372903,0.61226207,-1.0,0
1763545195900,1009.8178,1.1593226,4.4554358,5.752944,0.065744326,-0.15347977,-0.16249003,24.075,-22.087502,19.743752,46.950733,0.3361091,49.741684,0.2816794,0.052462056,0.35883695,0.8883358,0.13515942,-0.25264102,-0.7382961,0.6105926,-1.0,0
1763545195925,1009.7985,1.1832508,4.542176,6.2159553,0.0561232,-0.14538582,-0.22036947,22.95,-23.212502,21.150002,46.950733,0.3361091,49.741684,0.282544,0.052549526,0.35661072,0.8889523,0.1355621,-0.2534077,-0.73941755,0.60882604,-1.0,0
1763545195950,1009.7985,0.58683974,4.6953163,5.775676,0.08086322,0.15546508,-0.20967934,24.150002,-22.44375,20.212502,46.950733,0.3361091,49.741684,0.28253108,0.05517856,0.35549578,0.88924366,0.13811925,-0.25256988,-0.7398997,0.60801315,-1.0,0
1763545195976,1009.7858,0.78723866,5.453243,5.986842,0.14973822,0.030390523,-0.1621846,22.85625,-23.831251,19.81875,46.950733,0.3361091,49.741684,0.2844137,0.05873903,0.35300633,0.88940716,0.14235798,-0.25313166,-0.74015,0.6064953,-1.0,0
1763545196001,1009.7719,0.061016977,5.5250273,6.02094,0.21662793,0.0036651888,-0.14660755,23.56875,-23.75625,21.112501,46.950733,0.3361091,49.741684,0.2864477,0.060189072,0.3518971,0.889097,0.14451739,-0.2545383,-0.7398107,0.6058095,-1.0,0
1763545196026,1009.7719,0.2428715,5.931209,6.2494545,0.1871537,0.10720677,0.15790854,21.6,-24.093752,21.50625,46.950733,0.3361091,49.741684,0.2897519,0.06318627,0.35399127,0.88698447,0.1470958,-0.2553952,-0.73834574,0.60661495,-1.0,0
1763545196052,1009.7736,1.2071791,6.5982084,7.2903323,0.1663843,-0.09560034,0.19364414,20.550001,-24.206251,21.618752,46.950733,0.3361091,49.741684,0.29200462,0.06211235,0.35492817,0.8859466,0.14860772,-0.25892156,-0.7345555,0.60934687,-1.0,0
1763545196077,1009.81024,2.003989,6.862017,8.595019,0.09124792,-0.28053966,0.10522146,22.44375,-23.625,19.987501,46.950733,0.3361091,49.741684,0.29390365,0.059632532,0.3546853,0.88558626,0.14698073,-0.261404,-0.7339337,0.60943085,-1.0,0
1763545196102,1009.81024,1.8807586,6.9098735,10.61157,-0.1758527,0.06017018,-0.09987639,22.837502,-23.831251,20.8875,46.950733,0.3361091,49.741684,0.29187042,0.058594126,0.35366115,0.8867368,0.14561985,-0.26201865,-0.73420566,0.60916597,-1.0,0
1763545196127,1009.8659,0.7190432,6.859026,11.593824,-0.26870415,0.26755878,-0.11148282,21.018751,-25.518751,21.6375,46.950733,0.3361091,49.741684,0.2885042,0.060232278,0.35388753,0.8876379,0.14541405,-0.25976214,-0.73523587,0.60893893,-1.0,0
1763545196152,1009.9062,0.72263247,6.9092755,11.887543,-0.22319472,0.21624613,-0.01924224,23.081251,-23.94375,22.10625,46.950733,0.3361091,49.741684,0.28592283,0.061081085,0.35435683,0.8882277,0.14584187,-0.25340268,-0.73671067,0.6097333,-1.0,0
1763545196177,1009.9062,1.2658032,6.8105717,11.512468,-0.20211989,-0.01970039,-0.050243627,24.750002,-23.75625,20.85,46.950733,0.3361091,49.741684,0.28404522,0.06004862,0.35366216,0.8891769,0.14420725,-0.25197577,-0.7380108,0.6091408,-1.0,0
1763545196202,1009.9333,0.148355,5.5944195,11.881561,-0.16943862,0.24266604,-0.050090913,23.79375,-23.25,23.081251,46.950733,0.3361091,49.741684,0.2790076,0.061979633,0.35370946,0.8906194,0.14326167,-0.24964799,-0.7393896,0.60865015,-1.0,0
1763545196227,1009.9333,-0.08554341,5.430511,10.665409,-0.053068876,0.25854853,0.06108648,22.275002,-23.118752,18.431252,46.950733,0.3361091,49.741684,0.27751654,0.063623466,0.35502678,0.8904452,0.14426653,-0.24672636,-0.73994994,0.6089231,-1.0,0
1763545196252,1009.925,0.3080759,5.2666025,9.590433,-0.019471316,0.11606431,0.103236146,23.2875,-23.79375,20.85,46.950733,0.3361091,49.741684,0.2766961,0.064271085,0.3561168,0.89021873,0.14547916,-0.2439822,-0.7394912,0.610296,-1.0,0
1763545196278,1009.9135,0.26021945,4.579264,7.780861,-0.19433136,0.1273653,-0.0033597562,23.25,-24.0375,20.081251,46.950733,0.3361091,49.741684,0.27283186,0.06524445,0.35716265,0.8909213,0.1451371,-0.240061,-0.74007744,0.6112212,-1.0,0
1763545196303,1009.9135,0.07178468,4.0971107,8.26122,-0.25709772,0.159283,0.0108428495,22.143751,-25.143751,19.650002,46.950733,0.3361091,49.741684,0.27008125,0.06594221,0.35799965,0.891372,0.14494278,-0.23724218,-0.74031,0.61208564,-1.0,0
1763545196330,1009.8837,0.16510476,3.723232,8.331808,-0.10957387,0.21380267,0.098654665,23.85,-23.23125,20.1375,46.950733,0.3361091,49.741684,0.26867872,0.06731297,0.3596113,0.8910445,0.14571878,-0.23555325,-0.73977727,0.6131968,-1.0,0
1763545196355,1009.8315,0.587438,3.5413775,5.99761,0.2711476,-0.057115857,0.18707734,22.29375,-23.53125,21.54375,46.950733,0.3361091,49.741684,0.27236968,0.06787907,0.36239204,0.8887515,0.14716588,-0.23902936,-0.73729616,0.6144929,-1.0,0
1763545196380,1009.8315,1.0235299,3.7728832,5.2223353,0.26198465,-0.11270455,0.16371176,23.25,-23.2875,19.893751,46.950733,0.3361091,49.741684,0.274834,0.06756777,0.36328673,0.8876506,0.14760588,-0.24147798,-0.7360003,0.61498326,-1.0,0
1763545196405,1009.7985,1.0707881,4.1724844,4.65404,0.13477205,0.0736092,0.08964441,23.2875,-24.4125,21.65625,46.950733,0.3361091,49.741684,0.27529818,0.06877547,0.36415526,0.88705796,0.14895071,-0.24152192,-0.7350367,0.61579376,-1.0,0
1763545196430,1009.7985,-0.27816564,4.476373,5.973682,-0.082848534,0.31337363,-0.08781181,23.625,-24.375002,19.9125,46.950733,0.3361091,49.741684,0.2724047,0.07369553,0.3646751,0.88734245,0.15296946,-0.23714064,-0.73461324,0.6170154,-1.0,0
1763545196455,1009.79584,-0.83988076,4.818547,6.8775706,-0.03214676,0.15958843,0.015577052,23.98125,-24.712502,20.5125,46.950733,0.3361091,49.741684,0.27200523,0.07470366,0.36530414,0.887122,0.15389143,-0.2363999,-0.7339957,0.6178049,-1.0,0
1763545196480,1009.8078,-0.20219351,5.408377,8.050652,0.0721584,-0.01527162,0.12095123,23.775002,-25.837502,19.21875,46.950733,0.3361091,49.741684,0.2730445,0.074743986,0.3661407,0.88645416,0.15430894,-0.23733672,-0.7329408,0.6185934,-1.0,0
1763545196506,1009.8078,-0.31764722,5.743971,8.536395,0.17615813,-0.035430156,0.15913028,24.243752,-24.187502,19.6875,46.950733,0.3361091,49.741684,0.27483344,0.07494587,0.36742577,0.8853519,0.15508069,-0.23895667,-0.7314092,0.6195888,-1.0,0
1763545196532,1009.82806,0.9720842,6.385247,9.138189,0.23052509,-0.22006404,0.19853105,22.837502,-26.062502,20.25,46.950733,0.3361091,49.741684,0.280047,0.07297362,0.36968374,0.8829397,0.15489024,-0.24445961,-0.7281688,0.6213041,-1.0,0
1763545196557,1009.84906,1.2921243,6.814759,9.176475,0.21510077,-0.28313583,0.14508039,21.31875,-25.48125,20.831251,46.950733,0.3361091,49.741684,0.28276566,0.07111854,0.36995876,0.882109,0.15398185,-0.24759611,-0.72721994,0.6213991,-1.0,0
1763545196583,1009.84906,1.1066805,7.4494553,9.093325,0.09048434,-0.14065161,0.08628465,22.85625,-26.062502,19.1625,46.950733,0.3361091,49.741684,0.28378358,0.070214815,0.37029055,0.8817152,0.15351056,-0.24879262,-0.72654676,0.6218252,-1.0,0
1763545196608,1009.86957,1.5972091,7.548159,9.4839525,-0.27175847,0.068722285,0.021380268,22.2,-26.268751,20.79375,46.950733,0.3361091,49.741684,0.28022698,0.06946847,0.3712162,0.8825222,0.15312468,-0.24790221,-0.72609216,0.62280613,-1.0,0
1763545196633,1009.9018,2.423331,7.25444,10.392029,-0.417297,-0.021991132,-0.10293072,23.04375,-25.9125,18.525002,46.950733,0.3361091,49.741684,0.27700037,0.06755754,0.37002927,0.88418615,0.14931281,-0.24289693,-0.72794455,0.6235411,-1.0,0
1763545196658,1009.9018,2.2863421,6.2267227,12.016755,-0.42019862,-0.18555018,-0.2602284,22.181252,-25.518751,21.675001,46.950733,0.3361091,49.741684,0.2742912,0.06518786,0.36751553,0.8862546,0.14621808,-0.24105059,-0.7307051,0.6217596,-1.0,0
1763545196684,1009.9277,1.2616158,5.1828537,12.563516,-0.22640176,-0.025961753,-0.2669479,22.837502,-25.331251,20.362501,46.950733,0.3361091,49.741684,0.27244285,0.06501683,0.3657865,0.88755167,0.14528196,-0.23946911,-0.73300415,0.61988115,-1.0,0
1763545196709,1009.9277,0.92542416,4.400999,9.568299,0.33376125,-0.31428993,0.15775582,23.2875,-25.9125,21.431252,46.950733,0.3361091,49.741684,0.2773398,0.062311087,0.3660882,0.88610345,0.14529048,-0.24043877,-0.73348796,0.61893076,-1.0,0
1763545196734,1009.90326,2.2241287,4.319643,7.774879,0.3024544,-0.5487093,0.19013166,18.84375,-25.368752,21.393751,46.950733,0.3361091,49.741684,0.28119823,0.05796701,0.36594418,0.8852413,0.14054295,-0.25036034,-0.73250437,0.6172558,-1.0,0
1763545196759,1009.8813,1.9543378,4.3633122,7.5032935,-0.20929754,0.0051923506,-0.10063997,20.2875,-25.593752,20.643751,46.950733,0.3361091,49.741684,0.27951768,0.054773543,0.36471167,0.8864847,0.13797937,-0.2517269,-0.73316705,0.61649114,-1.0,0
1763545196784,1009.8813,0.9200403,4.5224347,7.9154572,-0.19051345,0.102014415,-0.14126249,21.65625,-26.081251,20.831251,46.950733,0.3361091,49.741684,0.27787206,0.05519076,0.36394376,0.8872914,0.13679413,-0.24983521,-0.73454654,0.6158824,-1.0,0
1763545196810,1009.8676,0.67178494,4.570291,7.8053875,0.06269,-0.042455103,-0.10293072,22.96875,-25.2,22.03125,46.950733,0.3361091,49.741684,0.27928048,0.0551013,0.36279735,0.8873243,0.13691418,-0.24957614,-0.73622274,0.6139563,-1.0,0
1763545196835,1009.8676,0.8847462,4.552943,6.0233326,0.2937496,-0.24251331,-0.083383046,22.96875,-25.2,22.03125,46.950733,0.3361091,49.741684,0.28257737,0.054048322,0.36115518,0.88701504,0.13688116,-0.25305086,-0.73648584,0.6122233,-1.0,0
1763545196861,1009.842,1.4889339,4.2017965,6.6388865,-0.055665053,-0.028405212,-0.23793183,20.925001,-26.550001,23.71875,46.950733,0.3361091,49.741684,0.28344366,0.053590577,0.3571629,0.8883819,0.13683581,-0.25394532,-0.7386846,0.6092067,-1.0,0
1763545196886,1009.8249,0.54675996,3.970889,7.648658,-0.0080176005,0.18310672,-0.239459,21.618752,-26.718752,23.19375,46.950733,0.3361091,49.741684,0.28291485,0.055932757,0.3559163,0.88890624,0.13884504,-0.25276738,-0.73971355,0.60799223,-1.0,0
1763545196911,1009.8249,0.4528417,4.1425743,7.3495545,0.21204643,0.16432263,-0.12705988,20.15625,-27.487501,23.400002,46.950733,0.3361091,49.741684,0.28446716,0.05825545,0.3552278,0.88853693,0.1414229,-0.2536037,-0.73982215,0.6069167,-1.0,0
1763545196936,1009.811,0.6257231,5.0416775,5.554938,0.32261297,-0.052076224,-0.005345067,23.025002,-27.056252,22.59375,46.950733,0.3361091,49.741684,0.2903929,0.060187783,0.35432217,0.8868513,0.14506441,-0.25866374,-0.7384646,0.60557365,-1.0,0
1763545196962,1009.7944,0.72083783,5.4107704,6.4528446,0.22380558,-0.020158539,0.06429352,21.6375,-27.225,25.218752,46.950733,0.3361091,49.741684,0.29256102,0.060839456,0.35490072,0.88586235,0.14647129,-0.2604603,-0.73704237,0.6061973,-1.0,0
1763545196988,1009.7944,1.0301101,5.7834525,7.3190465,0.26229006,0.090560704,0.15546508,22.050001,-27.54375,23.19375,46.950733,0.3361091,49.741684,0.294796,0.06229422,0.35644355,0.88439965,0.14860792,-0.2621086,-0.73501,0.60743314,-1.0,0
1763545197014,1009.7941,1.2664014,6.1561346,7.5696945,0.27160576,0.05497783,0.1847866,21.206251,-27.375002,22.650002,46.950733,0.3361091,49.741684,0.29723698,0.06271682,0.3578745,0.88297373,0.14981452,-0.2642704,-0.7330684,0.60854536,-1.0,0
1763545197040,1009.8183,2.1996021,6.6388865,9.762118,0.23877177,-0.19272783,0.126449,20.737501,-27.431252,24.093752,46.950733,0.3361091,49.741684,0.30272913,0.060391944,0.35894954,0.8808309,0.14928865,-0.27019444,-0.730642,0.608991,-1.0,0
1763545197066,1009.8183,2.2037897,7.0396843,9.3409815,0.22441645,0.058032155,0.034208428,23.98125,-27.975,24.562502,46.950733,0.3361091,49.741684,0.30405304,0.061971862,0.3594211,0.8800726,0.15113337,-0.27101195,-0.7299161,0.6090433,-1.0,0
1763545197091,1009.83246,0.48873404,7.585248,8.172686,-0.07017309,0.40561423,-0.049480047,19.706251,-27.31875,26.362501,46.950733,0.3361091,49.741684,0.30140465,0.06845645,0.36101228,0.8798517,0.1566563,-0.26643923,-0.728892,0.61088896,-1.0,0
1763545197117,1009.83246,0.08015956,7.537391,8.799605,-0.3161989,0.262061,-0.0018325944,22.743752,-26.118752,24.581251,46.950733,0.3361091,49.741684,0.29791284,0.0691903,0.36182988,0.88064736,0.15649627,-0.26277038,-0.7289366,0.6124639,-1.0,0
1763545197142,1009.8566,0.8141579,6.9726853,10.648061,-0.3937787,0.074067354,0.02367101,22.21875,-26.6625,23.90625,46.950733,0.3361091,49.741684,0.29470268,0.06855177,0.36231035,0.88157934,0.15503193,-0.2598348,-0.72939515,0.6135419,-1.0,0
1763545197167,1009.89374,1.0307083,6.2697935,11.84507,-0.22991423,0.05421425,0.019394957,20.325,-26.60625,24.093752,46.950733,0.3361091,49.741684,0.2928653,0.068495005,0.36284313,0.8819769,0.15432875,-0.25815552,-0.7298248,0.61391705,-1.0,0
1763545197192,1009.8881,0.85902333,5.620142,9.299107,0.07460186,0.063377224,0.09468404,21.825,-28.462502,25.425001,46.950733,0.3361091,49.741684,0.29262856,0.069593534,0.3647201,0.88119495,0.15491186,-0.2578314,-0.7294428,0.6143603,-1.0,0
1763545197218,1009.8881,0.86979103,5.372485,8.0614195,-0.06207913,0.0019853106,0.048716467,21.956251,-27.187502,24.112501,46.950733,0.3361091,49.741684,0.2915025,0.069155104,0.36511305,0.8814399,0.15408957,-0.25692907,-0.7297094,0.6146284,-1.0,0
1763545197243,1009.87445,0.34157544,4.9674997,7.536195,-0.28932083,0.074830934,-0.0001527162,20.90625,-25.181252,23.643751,46.950733,0.3361091,49.741684,0.28822675,0.06876529,0.3656027,0.8823442,0.15270649,-0.2539371,-0.73047334,0.6153091,-1.0,0
1763545197268,1009.87445,-0.18903299,4.775476,7.878967,-0.45654505,0.12018765,0.0368046,21.768751,-25.218752,24.018751,46.950733,0.3361091,49.741684,0.28380734,0.06810228,0.36670625,0.8833697,0.15073249,-0.24992847,-0.73113084,0.6166548,-1.0,0
1763545197293,1009.8703,0.20877378,4.41057,8.288139,-0.08880447,-0.07040217,0.21059564,22.35,-26.1375,22.462502,46.950733,0.3361091,49.741684,0.28091872,0.06566762,0.3699717,0.8831157,0.14737442,-0.24800874,-0.7303108,0.61920804,-1.0,0
1763545197318,1009.8415,0.83030945,4.3184466,7.019943,0.12301289,-0.19440772,0.2837467,20.868752,-25.425001,23.19375,46.950733,0.3361091,49.741684,0.2827644,0.06391958,0.37187055,0.8818565,0.14617933,-0.2503458,-0.72874916,0.6203896,-1.0,0
1763545197343,1009.8415,1.3004991,4.4554358,5.962316,0.059941106,0.11148282,0.20586143,22.06875,-25.931252,23.56875,46.950733,0.3361091,49.741684,0.2841047,0.06426596,0.3759587,0.8796644,0.14614919,-0.25157812,-0.72698915,0.6219611,-1.0,0
1763545197368,1009.8144,0.85064846,4.339384,6.350551,0.05383246,0.15958843,0.13927718,21.31875,-25.25625,23.75625,46.950733,0.3361091,49.741684,0.2843574,0.06536597,0.37744176,0.87886626,0.14690864,-0.2515222,-0.7254391,0.6236125,-1.0,0
1763545197393,1009.7856,0.61734825,4.4955153,6.558727,0.14821106,0.09605849,0.10644319,21.73125,-25.462502,23.41875,46.950733,0.3361091,49.741684,0.28563327,0.06645293,0.37839293,0.8779615,0.1494748,-0.25230864,-0.72303164,0.6254781,-1.0,0
1763545197418,1009.7856,0.29012975,4.746762,6.087939,0.23388486,0.06918044,0.0858265,22.21875,-24.54375,23.325,46.950733,0.3361091,49.741684,0.28750044,0.06772782,0.3791267,0.8769375,0.15125944,-0.2537009,-0.7218189,0.6258865,-1.0,0
1763545197443,1009.7753,0.00059820566,5.47418,6.0191455,0.23205225,0.06826414,0.098960094,22.0125,-26.175001,23.8875,46.950733,0.3361091,49.741684,0.29135972,0.07027643,0.38063094,0.874809,0.15503187,-0.25650418,-0.718899,0.62718016,-1.0,0
1763545197468,1009.7753,0.18903299,5.8540406,6.984051,0.1721875,-0.11957678,0.09911281,21.5625,-26.343752,22.40625,46.950733,0.3361091,49.741684,0.29360574,0.069382966,0.3807393,0.87408197,0.15500411,-0.25882825,-0.71782124,0.6274666,-1.0,0
1763545197494,1009.79706,0.66341007,6.0077796,8.688937,0.17295109,-0.2953531,0.0971275,21.206251,-25.781252,24.581251,46.950733,0.3361091,49.741684,0.29649338,0.06732607,0.38042685,0.87340385,0.15399557,-0.2621574,-0.7170836,0.6271762,-1.0,0
1763545197519,1009.8256,1.9417756,6.533602,9.491729,0.07689261,-0.102778,-0.02687805,21.31875,-25.275002,24.525002,46.950733,0.3361091,49.741684,0.29930976,0.0654932,0.37938616,0.8730352,0.15299965,-0.2654558,-0.7172894,0.6257957,-1.0,0
1763545197545,1009.8256,1.2669996,7.012765,9.87817,-0.117056966,0.22403465,-0.086742796,21.431252,-26.250002,23.643751,46.950733,0.3361091,49.741684,0.29713202,0.06715012,0.37952203,0.873594,0.15388347,-0.26290005,-0.7178675,0.625995,-1.0,0
1763545197570,1009.86957,0.7704889,7.3363943,10.646266,-0.16623157,0.09346231,-0.05421425,21.1875,-25.781252,25.968752,46.950733,0.3361091,49.741684,0.29588318,0.06671401,0.3792379,0.8741745,0.15310171,-0.26183483,-0.71847874,0.62593186,-1.0,0
1763545197595,1009.8913,2.207977,7.1539416,11.1116705,-0.028634287,-0.18371758,-0.0059559317,22.48125,-24.525002,24.993752,46.950733,0.3361091,49.741684,0.29643854,0.06299623,0.37801096,0.87479335,0.14962505,-0.26354632,-0.71967953,0.62467355,-1.0,0
1763545197620,1009.8913,2.3742783,6.870392,10.8352995,-0.08452842,0.032070402,-0.052687086,22.40625,-24.900002,24.393751,46.950733,0.3361091,49.741684,0.29539606,0.06311807,0.37772536,0.8752605,0.14933874,-0.26256555,-0.72041917,0.62430245,-1.0,0
1763545197645,1009.913,2.2821546,6.3678994,10.746765,-0.08086322,0.031001387,-0.11209369,20.5125,-26.23125,25.743752,46.950733,0.3361091,49.741684,0.29470038,0.063007474,0.37682396,0.8758912,0.14892061,-0.26199412,-0.721537,0.6233507,-1.0,0
1763545197671,1009.913,2.1888344,5.0829535,9.496515,0.10346522,-0.109344795,-0.1621846,23.118752,-24.843752,26.475,46.950733,0.3361091,49.741684,0.29601425,0.06215062,0.3737741,0.87681574,0.14811085,-0.2637239,-0.72425276,0.61965376,-1.0,0
1763545197696,1009.90814,1.5732809,4.66062,8.184649,0.0570395,-0.014966187,-0.16554436,22.931252,-25.218752,24.50625,46.950733,0.3361091,49.741684,0.29596615,0.06252693,0.37257022,0.8773174,0.14827426,-0.26366708,-0.7255176,0.6181575,-1.0,0
1763545197721,1009.8796,1.1449656,4.3184466,7.2269225,-0.057955798,0.02046397,-0.11896592,19.743752,-26.550001,24.300001,46.950733,0.3361091,49.741684,0.29507387,0.062270496,0.3717533,0.8779825,0.14764595,-0.26295793,-0.72667027,0.61725533,-1.0,0
1763545197746,1009.8796,1.5768701,4.4656053,7.1886373,-0.056428634,-0.15363249,-0.095142186,22.987501,-24.975,24.806252,46.950733,0.3361091,49.741684,0.29445517,0.05955907,0.36957565,0.8792967,0.14582202,-0.2628831,-0.7278666,0.61631054,-1.0,0
1763545197771,1009.8588,1.4374882,4.6408796,5.982655,-0.0054214248,-0.011606431,-0.15057817,22.931252,-24.487501,24.937502,46.950733,0.3361091,49.741684,0.29415607,0.06009209,0.36830878,0.8798919,0.14504611,-0.26286972,-0.73009866,0.6138543,-1.0,0
1763545197796,1009.8244,0.94755775,4.805386,5.113462,-0.060857404,0.099418245,-0.19547673,23.5125,-25.1625,25.06875,46.950733,0.3361091,49.741684,0.29316583,0.061206635,0.36695892,0.8807092,0.14586775,-0.26156273,-0.7311571,0.61295736,-1.0,0
1763545197821,1009.8244,0.9343972,4.792824,5.231907,-0.14026983,0.10720677,-0.21349724,22.875,-24.843752,23.268751,46.950733,0.3361091,49.741684,0.2916721,0.06221646,0.3654732,0.88175154,0.14651003,-0.2597659,-0.7323031,0.61219984,-1.0,0
1763545197846,1009.8066,0.7112665,4.7078786,6.6795645,0.034742933,-0.041080657,-0.15622866,22.143751,-24.91875,22.875,46.950733,0.3361091,49.741684,0.29172674,0.06302245,0.36255214,0.8828814,0.14704354,-0.25867903,-0.7333449,0.6112844,-1.0,0
1763545197872,1009.7973,0.99661064,5.046463,6.678368,0.18150319,-0.08155045,-0.091629714,22.5375,-24.2625,24.337502,46.950733,0.3361091,49.741684,0.29362562,0.06349391,0.36150607,0.88264704,0.14842841,-0.2611829,-0.7340733,0.6090065,-1.0,0
1763545197897,1009.7973,1.224527,5.3162537,6.3798633,0.22334744,0.020922119,-0.098196514,24.243752,-25.331251,23.306252,46.950733,0.3361091,49.741684,0.29544094,0.06487823,0.36058778,0.88231623,0.15032743,-0.26248085,-0.7339512,0.60812914,-1.0,0
1763545197922,1009.79755,1.1234303,5.7834525,6.695716,0.21891867,0.031154104,-0.08796453,23.53125,-25.1625,24.750002,46.950733,0.3361091,49.741684,0.2991578,0.06761905,0.35891834,0.8815384,0.15238437,-0.26368135,-0.73371315,0.6073847,-1.0,0
1763545197948,1009.79755,1.041476,6.1399827,7.285547,0.22945608,0.034208428,-0.072540194,22.143751,-26.062502,26.19375,46.950733,0.3361091,49.741684,0.30111316,0.06894265,0.3583077,0.8810184,0.15420131,-0.265122,-0.73337406,0.6067081,-1.0,0
1763545197973,1009.81366,1.1234303,6.4408803,7.6073813,0.1824195,0.019853106,-0.051923506,23.34375,-26.062502,24.825,46.950733,0.3361091,49.741684,0.3025183,0.06969669,0.35771415,0.8807188,0.15735528,-0.2676084,-0.73258144,0.60576355,-1.0,0
1763545197999,1009.842,1.5840486,6.669395,8.667402,0.035506517,-0.04978548,-0.102778,24.525002,-26.062502,24.54375,46.950733,0.3361091,49.741684,0.30288017,0.06953775,0.35644126,0.88112295,0.15739027,-0.26795563,-0.73317355,0.60488397,-1.0,0
1763545198024,1009.842,0.6969096,6.6717877,10.834103,0.06421716,0.17959425,-0.16340633,22.743752,-25.3875,25.781252,46.950733,0.3361091,49.741684,0.3024382,0.07262986,0.35438102,0.881856,0.16007742,-0.26668182,-0.7347838,0.6027842,-1.0,0
1763545198049,1009.8691,0.06281159,6.923034,10.381859,0.21433719,0.49403688,0.014355322,23.681252,-25.893751,23.85,46.950733,0.3361091,49.741684,0.30246723,0.077777945,0.3562476,0.8806542,0.16486743,-0.26524433,-0.7333715,0.6038464,-1.0,0
1763545198074,1009.88666,0.29910284,7.4063845,9.367303,-0.03733911,0.42668906,0.13820815,23.71875,-27.018751,25.462502,46.950733,0.3361091,49.741684,0.29999882,0.08504361,0.36111194,0.87884384,0.1711285,-0.26066595,-0.73002434,0.60813874,-1.0,0
1763545198099,1009.88666,-0.3361916,6.8817577,10.292129,-0.18959716,0.42271844,0.0876591,25.218752,-24.112501,23.75625,46.950733,0.3361091,49.741684,0.29696703,0.0877254,0.36328295,0.87871516,0.17282334,-0.25693825,-0.7291407,0.61030215,-1.0,0
1763545198124,1009.90326,-0.41515473,6.3014984,11.401201,-0.10575596,0.37048948,0.19379686,24.393751,-25.95,25.0125,46.950733,0.3361091,49.741684,0.2954052,0.08995059,0.36612615,0.8778361,0.1743959,-0.25483605,-0.7276439,0.61251855,-1.0,0
1763545198150,1009.90326,0.55513483,6.094519,10.576276,0.1984547,0.13713914,0.27458373,25.650002,-25.66875,22.556252,46.950733,0.3361091,49.741684,0.29708415,0.09081752,0.3683688,0.8762406,0.17553319,-0.2563102,-0.7259122,0.6136324,-1.0,0
1763545198175,1009.88495,0.94337034,5.6991053,6.1417775,-0.027870705,0.050854493,0.048258316,24.112501,-25.968752,23.34375,46.950733,0.3361091,49.741684,0.297781,0.0910909,0.36992294,0.8753205,0.17590834,-0.25695786,-0.7247946,0.6145744,-1.0,0
1763545198200,1009.8642,0.89312106,5.2163534,6.582655,-0.4481457,0.19379686,-0.08613193,24.150002,-24.468752,22.48125,46.950733,0.3361091,49.741684,0.29283628,0.09132586,0.36997393,0.87694114,0.1747636,-0.2520936,-0.7260611,0.61542,-1.0,0
1763545198226,1009.8642,-0.0011964113,4.723432,8.003992,-0.5826886,0.20250167,-0.14462224,24.956251,-24.0,22.987501,46.950733,0.3361091,49.741684,0.2872893,0.09127058,0.36998582,0.87877476,0.17305854,-0.24681208,-0.72778857,0.6160019,-1.0,0
1763545198251,1009.85785,-0.50488555,4.4925246,7.8143606,-0.08452842,0.099723674,0.18738277,24.375002,-23.306252,22.087502,46.950733,0.3361091,49.741684,0.28309202,0.09146532,0.3732126,0.8787522,0.17174779,-0.24291912,-0.7274143,0.6183538,-1.0,0
1763545198278,1009.8217,0.37268212,4.6295137,6.193223,0.1720348,-0.11026109,0.25977024,25.25625,-24.843752,21.9375,46.950733,0.3361091,49.741684,0.2854766,0.09018452,0.3747587,0.87745416,0.17118405,-0.24561387,-0.72584677,0.6192869,-1.0,0
1763545198303,1009.8217,1.1557333,4.642076,5.1158547,0.19769111,-0.2933678,0.20784675,25.406252,-24.712502,22.368752,46.950733,0.3361091,49.741684,0.288266,0.0877422,0.3752617,0.8765744,0.16972831,-0.24897449,-0.7247475,0.619633,-1.0,0
1763545198328,1009.8012,1.0378869,4.220939,5.858826,-0.092927806,0.25824308,-0.047952887,25.237501,-24.093752,22.66875,46.950733,0.3361091,49.741684,0.28685662,0.08941149,0.375958,0.87656975,0.1692175,-0.24966846,-0.7243625,0.6199436,-1.0,0
1763545198354,1009.7839,0.25842485,4.17727,6.122635,-0.08269582,0.40989026,-0.07910699,25.725,-23.925001,22.44375,46.950733,0.3361091,49.741684,0.28496763,0.09250821,0.37638065,0.8766831,0.17338508,-0.24433976,-0.72428507,0.6210047,-1.0,0
1763545198378,1009.7839,-0.509073,4.4279184,6.1788664,0.046807513,0.13179408,-0.07223476,26.156252,-24.6375,23.0625,46.950733,0.3361091,49.741684,0.285329,0.093430586,0.37590897,0.8766702,0.1743582,-0.24442002,-0.7244519,0.62050587,-1.0,0
1763545198403,1009.78265,-1.2215359,5.6075797,6.702894,-0.12286018,0.21914774,0.115911596,25.48125,-25.06875,22.5375,46.950733,0.3361091,49.741684,0.28341195,0.095672995,0.3780237,0.8761406,0.17502676,-0.2441506,-0.7242023,0.6207151,-1.0,0
1763545198429,1009.78265,-0.9870393,5.8600225,8.787043,-0.04772381,0.19120067,0.2716821,25.368752,-24.206251,22.2,46.950733,0.3361091,49.741684,0.28348625,0.09641567,0.38076022,0.87484926,0.17610827,-0.24178821,-0.7228458,0.62291116,-1.0,0
1763545198454,1009.8029,0.10049855,6.2470617,8.949755,0.31864235,-0.17989968,0.34055713,25.125002,-25.368752,23.362501,46.950733,0.3361091,49.741684,0.28790602,0.094743654,0.38229352,0.8729178,0.17662609,-0.24631172,-0.71834135,0.6261944,-1.0,0
1763545198480,1009.8212,1.1018949,6.736394,7.72463,0.37850708,-0.56642437,0.24388777,25.0125,-25.237501,22.44375,46.950733,0.3361091,49.741684,0.29299912,0.090257555,0.38200316,0.8718249,0.17389165,-0.25250068,-0.71733546,0.6256476,-1.0,0
1763545198505,1009.8212,1.6217356,7.2341013,10.200005,-0.20089816,0.012217295,-0.003817905,23.400002,-24.300001,24.712502,46.950733,0.3361091,49.741684,0.29232267,0.08667675,0.38190553,0.8724579,0.170985,-0.2550308,-0.7172957,0.6254681,-1.0,0
1763545198530,1009.8581,0.7920243,7.60798,10.809576,-0.234343,0.21853687,-0.034361143,23.75625,-24.243752,21.431252,46.950733,0.3361091,49.741684,0.28996426,0.08724903,0.38227522,0.8730258,0.17041117,-0.2528348,-0.7176258,0.6261372,-1.0,0
1763545198555,1009.89154,0.93320084,7.524231,10.627124,-0.14698933,-0.17287473,-0.04535671,24.618752,-24.281252,22.275002,46.950733,0.3361091,49.741684,0.289806,0.08436944,0.38106862,0.87388843,0.16745585,-0.251126,-0.7192393,0.6257708,-1.0,0
1763545198581,1009.89154,2.3928227,6.510272,12.039487,-0.33773187,-0.25534147,-0.20647229,26.5125,-24.225,23.625,46.950733,0.3361091,49.741684,0.28694174,0.07735492,0.37682632,0.8773155,0.15980218,-0.25056458,-0.7240373,0.62245536,-1.0,0
1763545198606,1009.9399,2.3611178,5.871987,13.580465,-0.27557638,0.15592323,-0.18493931,24.525002,-24.675001,23.7,46.950733,0.3361091,49.741684,0.28410128,0.07854037,0.37625486,0.8783793,0.15984023,-0.24765547,-0.7258301,0.6215212,-1.0,0
1763545198631,1009.9399,1.8430717,5.6500525,12.421143,0.099341884,0.2509127,-0.1424842,24.243752,-23.94375,22.44375,46.950733,0.3361091,49.741684,0.28421372,0.080865,0.37583035,0.8783137,0.1617162,-0.24731448,-0.7268384,0.61999136,-1.0,0
1763545198656,1009.93695,1.7641085,5.250451,7.9543405,0.28275403,-0.034666575,-0.0481056,24.900002,-23.643751,22.368752,46.950733,0.3361091,49.741684,0.2885196,0.08272253,0.3746258,0.8772508,0.16437505,-0.25113225,-0.72715414,0.6173818,-1.0,0
1763545198681,1009.9111,1.8047864,4.854439,6.9391856,0.13507748,0.029626941,-0.102472566,27.50625,-23.00625,22.81875,46.950733,0.3361091,49.741684,0.2891629,0.0835623,0.37377188,0.8773236,0.1653176,-0.2515312,-0.72759885,0.6164431,-1.0,0
1763545198707,1009.9111,1.2933207,4.6618166,6.599405,0.029245151,0.047494736,-0.1470657,23.625,-23.90625,24.825,46.950733,0.3361091,49.741684,0.28926268,0.08407123,0.3726598,0.8777151,0.16580349,-0.25149566,-0.7283744,0.61541027,-1.0,0
1763545198731,1009.8686,1.0301101,4.6558347,6.6969123,0.07460186,-0.020922119,-0.13515383,27.225,-25.143751,23.1375,46.950733,0.3361091,49.741684,0.29022065,0.08444788,0.37141636,0.87788975,0.16642222,-0.25231552,-0.7289677,0.614204,-1.0,0
1763545198756,1009.82025,0.69272214,4.7970114,4.8640103,0.28000516,-0.15790854,-0.1640172,26.456251,-24.6,23.025002,46.950733,0.3361091,49.741684,0.2954872,0.084833205,0.36759624,0.8777036,0.16837728,-0.25721285,-0.7298451,0.61058724,-1.0,0
1763545198781,1009.82025,0.6011967,4.8191447,4.3740797,0.21067199,-0.29168794,-0.21334453,25.81875,-24.7875,23.56875,46.950733,0.3361091,49.741684,0.29817834,0.08356076,0.36460665,0.87816244,0.1680843,-0.26007766,-0.7308696,0.6082244,-1.0,0
1763545198806,1009.7912,0.45583272,4.690531,4.482355,0.045585785,-0.26939136,-0.25961754,24.6375,-24.056252,24.431252,46.950733,0.3361091,49.741684,0.29903668,0.08245528,0.36166292,0.87919176,0.1674398,-0.26112399,-0.7323591,0.6061586,-1.0,0
1763545198831,1009.7912,0.11545369,4.8137608,6.6592255,-0.10636683,0.058490302,-0.25702137,26.493752,-24.993752,25.050001,46.950733,0.3361091,49.741684,0.29701698,0.08351642,0.35749215,0.881479,0.16800675,-0.25878143,-0.73542506,0.6032876,-1.0,0
1763545198856,1009.7917,-0.07956135,5.316852,7.0265236,0.022067491,-0.037110034,-0.16905683,27.300001,-25.3875,23.60625,46.950733,0.3361091,49.741684,0.29758292,0.083612055,0.3559642,0.88189733,0.1682774,-0.2592861,-0.73625255,0.60198474,-1.0,0
1763545198882,1009.79095,0.28713873,5.7056856,7.012167,0.1220966,-0.16294818,-0.08811724,25.406252,-26.831251,23.737501,46.950733,0.3361091,49.741684,0.29927543,0.08296789,0.35466993,0.8819069,0.16821344,-0.2610626,-0.7365357,0.6008874,-1.0,0
1763545198908,1009.79095,0.44745782,6.0346985,7.806584,0.15905392,0.1867719,0.05421425,25.95,-25.5375,24.525002,46.950733,0.3361091,49.741684,0.30155447,0.08588141,0.35556737,0.8804892,0.1688461,-0.26258194,-0.73617774,0.6004865,-1.0,0
1763545198932,1009.79926,0.38584265,6.4618177,8.099705,0.2775617,0.47601637,0.15332706,26.19375,-25.0125,25.087502,46.950733,0.3361091,49.741684,0.3028646,0.09061686,0.3581137,0.8785307,0.17175798,-0.2623164,-0.7347202,0.60156095,-1.0,0
1763545198957,1009.79584,0.7052845,6.75434,7.379465,0.4566978,0.2809978,0.19226968,25.95,-24.16875,23.5125,46.950733,0.3361091,49.741684,0.30654585,0.093221985,0.35974097,0.87631375,0.18031378,-0.26485404,-0.7293498,0.6044735,-1.0,0
1763545198983,1009.79584,2.0171494,7.0343003,7.1431737,0.04054615,-0.21288638,-0.028252495,26.156252,-25.25625,23.56875,46.950733,0.3361091,49.741684,0.3107736,0.09099339,0.35858822,0.87553096,0.1807317,-0.2689606,-0.7279765,0.6041907,-1.0,0
1763545199008,1009.8156,1.4668003,6.988837,9.378669,-0.39118254,0.26175556,-0.15851942,25.500002,-25.575,23.79375,46.950733,0.3361091,49.741684,0.30576348,0.09298711,0.3588376,0.87698215,0.17973922,-0.26935825,-0.728289,0.603933,-1.0,0
1763545199034,1009.8537,0.31944183,6.9619174,10.657632,-0.5263364,0.59360784,-0.10583232,26.962502,-25.66875,23.6625,46.950733,0.3361091,49.741684,0.29926172,0.096045405,0.36038312,0.8782606,0.18113543,-0.25685066,-0.73031765,0.60650957,-1.0,0
1763545199059,1009.8537,0.779462,7.2843504,11.369496,-0.4757873,-0.2498437,-0.11453715,27.31875,-25.3875,22.987501,46.950733,0.3361091,49.741684,0.29131007,0.09148991,0.35917392,0.88190824,0.17857388,-0.25298524,-0.73194915,0.6069269,-1.0,0
1763545199084,1009.88983,-0.02871387,6.791429,11.684153,-0.52404565,0.022754714,-0.13591741,26.79375,-25.181252,21.7875,46.950733,0.3361091,49.741684,0.28614706,0.091010675,0.35904077,0.88370055,0.17429921,-0.2507025,-0.73442954,0.6061199,-1.0,0
1763545199109,1009.88983,-0.71007013,6.075975,12.153146,-0.42142034,0.29962918,-0.009468404,27.281252,-25.63125,22.5375,46.950733,0.3361091,49.741684,0.28179434,0.09226948,0.36037222,0.8844265,0.1722171,-0.24597636,-0.73638475,0.60627913,-1.0,0
1763545199134,1009.91815,-0.567099,5.5944195,11.252249,-0.12240203,0.110108376,0.110108376,28.087502,-24.675001,21.0,46.950733,0.3361091,49.741684,0.28078634,0.092103794,0.36156458,0.8842777,0.17134482,-0.24075928,-0.7369835,0.60789084,-1.0,0
1763545199159,1009.9001,-0.08015956,4.8819566,7.905886,-0.03489565,-0.035582874,0.084757484,26.550001,-24.206251,22.21875,46.950733,0.3361091,49.741684,0.2805031,0.090463065,0.36302617,0.883938,0.16942826,-0.24116303,-0.7368961,0.6083737,-1.0,0
1763545199185,1009.9001,-0.67836523,4.6612186,7.85444,-0.17340924,0.11682789,0.12293654,29.41875,-23.15625,20.15625,46.950733,0.3361091,49.741684,0.27856487,0.09070747,0.36478907,0.88380015,0.16906045,-0.23925887,-0.73631316,0.6099317,-1.0,0
1763545199209,1009.87714,-0.8452646,4.4662037,8.111669,-0.05780308,0.09575305,0.25671592,27.750002,-22.59375,21.84375,46.950733,0.3361091,49.741684,0.27844322,0.09061525,0.36740202,0.882765,0.16887952,-0.23921008,-0.73469675,0.6119469,-1.0,0
1763545199234,1009.87714,-0.56350976,4.41057,7.2807612,0.22288929,-0.102472566,0.4101957,28.968752,-21.6,22.44375,46.950733,0.3361091,49.741684,0.28156173,0.089262284,0.37040016,0.88065827,0.16843386,-0.2426413,-0.73198783,0.61396176,-1.0,0
1763545199259,1009.8383,1.2693924,4.5804605,4.828118,0.41027206,-0.41859508,0.40088,26.19375,-23.00625,22.81875,46.950733,0.3361091,49.741684,0.29183343,0.08339688,0.37458837,0.876106,0.16586748,-0.2541845,-0.7263923,0.61662984,-1.0,0
1763545199284,1009.79095,1.4482559,4.6929235,4.415356,0.13858995,-0.13439025,0.22571453,26.118752,-22.650002,22.95,46.950733,0.3361091,49.741684,0.29300794,0.08264431,0.37601322,0.87517446,0.16561577,-0.25545087,-0.72479033,0.61805767,-1.0,0
1763545199310,1009.79095,0.75972116,4.6636114,5.300102,-0.07811433,0.13820815,0.11178826,27.675001,-22.875,23.737501,46.950733,0.3361091,49.741684,0.29211116,0.08329321,0.3773609,0.8748326,0.16609931,-0.25431812,-0.72375107,0.6196109,-1.0,0
1763545199335,1009.7712,0.32183465,4.6989055,5.782256,-0.03459022,0.11713332,0.07040217,26.04375,-23.643751,23.475,46.950733,0.3361091,49.741684,0.29193768,0.083878726,0.37812322,0.87450534,0.16667873,-0.253932,-0.72303784,0.62044585,-1.0,0
1763545199361,1009.7729,-0.27876383,5.651249,5.6207404,-0.085292,-0.004123337,0.009010255,26.60625,-24.468752,23.925001,46.950733,0.3361091,49.741684,0.29136917,0.083782755,0.37834108,0.8746099,0.16666509,-0.25325543,-0.72246855,0.62138844,-1.0,0
1763545199386,1009.7729,-0.48454657,5.982655,7.717451,-0.20013458,0.110871956,0.025961753,26.98125,-22.6875,23.025002,46.950733,0.3361091,49.741684,0.28955522,0.08449288,0.37909943,0.87481564,0.16697474,-0.25119856,-0.722015,0.62266606,-1.0,0
1763545199411,1009.8149,-0.698106,6.288936,8.871988,0.31329727,0.0029016077,0.21166465,28.237501,-23.04375,22.59375,46.950733,0.3361091,49.741684,0.293004,0.08630163,0.38188243,0.8722766,0.16972895,-0.25395155,-0.71876293,0.62456423,-1.0,0
1763545199437,1009.8276,0.061016977,6.760322,8.033902,0.39622217,-0.3434587,0.2790125,25.650002,-22.81875,22.85625,46.950733,0.3361091,49.741684,0.29775047,0.08381367,0.3826545,0.8705719,0.16881579,-0.25919357,-0.7167932,0.624922,-1.0,0
1763545199462,1009.8276,1.7754744,7.2287173,8.547162,0.23128867,-0.42088583,0.19058982,27.6,-24.112501,22.10625,46.950733,0.3361091,49.741684,0.30084467,0.08117011,0.38248995,0.8698306,0.16732825,-0.26286376,-0.715867,0.62485063,-1.0,0
1763545199487,1009.85126,0.2644069,7.4901333,9.539586,-0.3013854,0.40378162,-0.10461059,27.656252,-22.125,24.150002,46.950733,0.3361091,49.741684,0.29563195,0.084280156,0.3828603,0.8711582,0.16763344,-0.26170623,-0.71620244,0.62487036,-1.0,0
1763545199512,1009.88544,0.47736812,7.281359,10.953744,-0.29710937,0.240528,-0.056046844,27.468752,-24.0,21.956251,46.950733,0.3361091,49.741684,0.29300883,0.08486978,0.38291952,0.87196076,0.1687575,-0.25412193,-0.7171826,0.6265717,-1.0,0
1763545199537,1009.88544,1.096511,6.9619174,11.083554,-0.09598213,-0.1678351,-0.0707076,26.925001,-22.95,23.8125,46.950733,0.3361091,49.741684,0.29306078,0.08292825,0.38165385,0.8726847,0.16686215,-0.25479156,-0.71839625,0.6254159,-1.0,0
1763545199562,1009.90497,1.9154545,5.8749776,11.027323,-0.11904228,0.08231403,-0.087506376,26.56875,-23.98125,24.056252,46.950733,0.3361091,49.741684,0.29091427,0.082349844,0.38041264,0.87399864,0.16517945,-0.25487444,-0.7196948,0.624335,-1.0,0
1763545199587,1009.90497,1.8191434,5.276772,10.561321,-0.0029779659,0.28145593,-0.07284562,28.29375,-22.78125,22.10625,46.950733,0.3361091,49.741684,0.2899225,0.08464399,0.3807418,0.8739657,0.16544515,-0.25306225,-0.72057056,0.62399155,-1.0,0
1763545199612,1009.90814,1.6893328,5.0805607,9.189635,0.14546217,0.115911596,-0.054519683,27.618752,-23.118752,24.056252,46.950733,0.3361091,49.741684,0.29085577,0.0853317,0.38036907,0.87375104,0.16782689,-0.25241378,-0.7214507,0.62259966,-1.0,0
1763545199637,1009.8813,1.7796619,5.226523,8.225926,0.17692171,-0.17898338,-0.091324285,26.475,-23.625,24.975,46.950733,0.3361091,49.741684,0.29281232,0.08413192,0.3787693,0.8739088,0.16711429,-0.25473523,-0.7224364,0.6206999,-1.0,0
1763545199662,1009.8813,0.5515456,4.831109,6.850053,-0.19265148,0.09117157,-0.14110976,29.1,-23.60625,25.781252,46.950733,0.3361091,49.741684,0.29050866,0.08393074,0.37668443,0.87559646,0.16626295,-0.2553668,-0.7238437,0.61902726,-1.0,0
1763545199688,1009.8515,0.26979074,4.5278187,7.268199,-0.29680392,0.23961172,-0.021380268,26.306252,-23.75625,24.075,46.950733,0.3361091,49.741684,0.2873358,0.08471499,0.37758318,0.8761806,0.16598159,-0.24937645,-0.72512406,0.62004566,-1.0,0
1763545199713,1009.82733,0.76271224,4.657031,7.2346992,-0.17722714,0.0030543238,0.06887501,28.29375,-24.7875,24.075,46.950733,0.3361091,49.741684,0.28641224,0.08334532,0.37809584,0.87639326,0.16435456,-0.24892971,-0.7252884,0.62046623,-1.0,0
1763545199738,1009.82733,1.2520444,4.8675995,6.0831532,-0.08239039,-0.08872811,0.013897174,28.44375,-21.91875,23.587502,46.950733,0.3361091,49.741684,0.28619847,0.08036082,0.37798247,0.87679064,0.16142026,-0.24962157,-0.72575176,0.62041676,-1.0,0
1763545199763,1009.7995,1.1084751,5.0715876,5.860621,-0.1625664,0.11911863,-0.03008509,28.143751,-22.6875,23.831251,46.950733,0.3361091,49.741684,0.28430906,0.081002206,0.37815824,0.8772704,0.16154222,-0.24758257,-0.72598714,0.62092644,-1.0,0
1763545199788,1009.7995,0.93559366,5.3407803,5.8301125,-0.25694498,0.17592905,-0.09575305,29.643751,-23.2875,23.550001,46.950733,0.3361091,49.741684,0.28148517,0.081707686,0.3779177,0.8782187,0.16148695,-0.24460582,-0.72669274,0.6212951,-1.0,0
1763545199813,1009.779,0.7046863,5.3587265,7.5092754,-0.0353538,-0.039858926,-0.15775582,28.3875,-22.9125,23.8125,46.950733,0.3361091,49.741684,0.28007138,0.0819555,0.37555373,0.8796606,0.16148971,-0.24305917,-0.7282984,0.6200199,-1.0,0
1763545199838,1009.77313,0.31226337,5.1924253,7.1300135,0.21952952,-0.099723674,-0.054061532,29.156252,-23.56875,22.5375,46.950733,0.3361091,49.741684,0.282654,0.08217037,0.3749498,0.8790719,0.16247936,-0.24544999,-0.7278731,0.6193186,-1.0,0
1763545199863,1009.77313,0.8386843,5.476573,6.5431733,0.31222826,-0.037110034,0.08994984,28.143751,-22.706251,24.13125,46.950733,0.3361091,49.741684,0.28551337,0.082999796,0.37557447,0.8778023,0.16416864,-0.24790224,-0.7263569,0.61967635,-1.0,0
1763545199888,1009.7646,1.7545372,5.901897,6.7052875,0.32276568,0.059253883,0.109344795,28.837502,-23.625,23.962502,46.950733,0.3361091,49.741684,0.2883709,0.08454745,0.37625167,0.8764295,0.16658096,-0.25011364,-0.7246347,0.62016004,-1.0,0
1763545199914,1009.76654,1.2269198,6.294918,6.072386,0.23984079,0.08964441,-0.047647454,27.50625,-23.53125,25.95,46.950733,0.3361091,49.741684,0.29288593,0.08788287,0.37577456,0.87480736,0.17134534,-0.25327128,-0.72265154,0.6198945,-1.0,0
1763545199940,1009.76654,1.5104693,6.4588265,7.233503,0.0020616686,0.06887501,-0.08506292,29.250002,-22.95,24.187502,46.950733,0.3361091,49.741684,0.2925739,0.08847188,0.37509343,0.87514466,0.17198762,-0.25267965,-0.72275186,0.6198411,-1.0,0
1763545199965,1009.79877,1.387239,6.445068,9.620343,-0.13278674,0.029932374,-0.15286891,28.66875,-23.53125,25.968752,46.950733,0.3361091,49.741684,0.29151002,0.08852414,0.37399498,0.87596416,0.17178598,-0.25160322,-0.7236979,0.61923075,-1.0,0
1763545199990,1009.79877,0.36490545,7.1186476,10.936995,0.16974404,0.23136504,-0.02687805,29.306252,-24.937502,23.212502,46.950733,0.3361091,49.741684,0.29155844,0.092286766,0.3740857,0.8755209,0.17510837,-0.25071943,-0.7239439,0.6183705,-1.0,0
1763545200016,1009.8498,-0.27816564,7.84128,9.375677,0.18684827,0.29077163,0.11148282,29.737501,-24.150002,24.675001,46.950733,0.3361091,49.741684,0.2919745,0.0947959,0.3759042,0.8743344,0.17760785,-0.2503814,-0.7223169,0.6196958,-1.0,0
1763545200041,1009.86005,0.33499518,8.109874,9.035896,0.021456625,0.060475614,0.19058982,30.656252,-24.7875,23.0625,46.950733,0.3361091,49.741684,0.29220933,0.094123796,0.3771704,0.8737831,0.1771828,-0.2507027,-0.72105044,0.62116075,-1.0,0
1763545200066,1009.86005,1.2747762,7.3782687,10.730613,-0.15248711,-0.30634868,0.058337588,28.875002,-23.362501,23.94375,46.950733,0.3361091,49.741684,0.2921962,0.0907927,0.37641513,0.87446535,0.17414157,-0.25158826,-0.72157836,0.6210497,-1.0,0
1763545200091,1009.8923,-0.46899325,4.9064827,11.352747,-0.23953535,0.32589635,-0.11423171,31.368752,-22.725,22.875,46.950733,0.3361091,49.741684,0.28631875,0.092442,0.37606737,0.87638426,0.17358956,-0.245745,-0.7244364,0.6202161,-1.0,0
1763545200116,1009.8923,-1.0630114,4.6989055,10.646864,-0.13965896,0.30879214,0.023518294,29.19375,-22.59375,23.7,46.950733,0.3361091,49.741684,0.28404847,0.09389924,0.37727684,0.8764483,0.1740379,-0.24333395,-0.7248157,0.6205977,-1.0,0
1763545200141,1009.893,-0.6795616,4.7778687,9.497113,0.015042545,-0.0070249448,0.1339321,30.50625,-21.712502,25.518751,46.950733,0.3361091,49.741684,0.28404292,0.0934349,0.37833846,0.876042,0.17337385,-0.24362257,-0.724671,0.6208393,-1.0,0
1763545200166,1009.87103,-0.03708875,4.685745,6.89432,-0.18913901,0.16661337,0.13194679,31.087502,-22.518751,24.431252,46.950733,0.3361091,49.741684,0.2807341,0.09393932,0.38150093,0.87568307,0.1728908,-0.24305005,-0.7242261,0.621717,-1.0,0
1763545200192,1009.8444,-0.05802595,4.2945185,7.0731835,-0.23495387,0.2414443,0.11988221,29.6625,-23.90625,23.268751,46.950733,0.3361091,49.741684,0.27815026,0.09489962,0.38336933,0.87558806,0.17289546,-0.2376566,-0.7230948,0.6251083,-1.0,0
1763545200218,1009.8444,0.07238288,4.0672,6.73101,-0.08422298,0.118507765,0.16096286,30.750002,-23.550001,23.90625,46.950733,0.3361091,49.741684,0.27763486,0.09483432,0.3850259,0.87503165,0.17263098,-0.23721975,-0.7222048,0.6263749,-1.0,0
1763545200243,1009.8149,1.1252248,4.459025,5.011169,0.11033745,-0.17730351,0.19639303,30.337502,-24.093752,24.13125,46.950733,0.3361091,49.741684,0.28089383,0.091790564,0.38733914,0.87329346,0.17183487,-0.23898038,-0.72100407,0.6273072,-1.0,0
1763545200268,1009.8149,1.4907285,4.532604,4.529015,0.021914775,-0.27275112,0.09911281,30.2625,-23.85,23.6625,46.950733,0.3361091,49.741684,0.28221756,0.089008145,0.38711408,0.87325454,0.16850437,-0.2432601,-0.7196695,0.6280976,-1.0,0
1763545200293,1009.7912,1.8885353,4.371089,5.1870413,-0.14607304,-0.240528,-0.05665771,29.7,-24.16875,26.362501,46.950733,0.3361091,49.741684,0.28162748,0.08687513,0.38597366,0.87416416,0.16639534,-0.2432569,-0.72060996,0.6275826,-1.0,0
1763545200318,1009.78827,-0.26859435,4.4751763,7.263413,-0.0054214248,0.14172062,-0.18707734,29.400002,-21.45,25.312502,46.950733,0.3361091,49.741684,0.27966365,0.08875598,0.3835647,0.8756647,0.16756004,-0.2408589,-0.72288674,0.625576,-1.0,0
1763545200343,1009.78827,-0.7292127,5.0177493,6.218348,0.1598175,-0.07009673,-0.11209369,31.10625,-23.025002,26.00625,46.950733,0.3361091,49.741684,0.2812981,0.08872758,0.38222688,0.8757291,0.16800958,-0.24243346,-0.7233626,0.6242959,-1.0,0
1763545200368,1009.7829,-0.18664017,5.506483,6.3332033,0.10835214,-0.22785257,-0.066889696,31.10625,-24.6375,24.243752,46.950733,0.3361091,49.741684,0.28293583,0.08755863,0.3808269,0.87592906,0.16749063,-0.24426642,-0.72367996,0.62335235,-1.0,0
1763545200393,1009.79535,-0.20458634,6.1597238,8.053643,-0.002367101,-0.09758565,-0.020616686,32.381252,-23.90625,26.85,46.950733,0.3361091,49.741684,0.28421012,0.08608446,0.37942347,0.8762716,0.16663921,-0.2457993,-0.72397053,0.62264013,-1.0,0
1763545200419,1009.79535,0.054436713,6.7022963,9.077771,-0.016264275,-0.013133593,0.07391464,31.125002,-23.025002,24.91875,46.950733,0.3361091,49.741684,0.28443092,0.08586608,0.38000518,0.8759693,0.16657475,-0.24602193,-0.72331035,0.6233364,-1.0,0
1763545200445,1009.83344,0.82731843,7.0893354,9.492926,0.08315397,-0.14080434,0.08231403,30.7875,-24.056252,24.862501,46.950733,0.3361091,49.741684,0.2860967,0.084622175,0.3798787,0.87560266,0.16592857,-0.24795146,-0.7228823,0.62324077,-1.0,0
1763545200472,1009.8486,0.6418747,8.076973,8.178668,-0.08849903,-0.1915061,-0.09468404,31.48125,-24.975,24.69375,46.950733,0.3361091,49.741684,0.28730926,0.08124687,0.37744287,0.87657815,0.16330063,-0.24996115,-0.72395784,0.62188214,-1.0,0
1763545200496,1009.8486,0.3290131,7.958528,8.8085785,-0.46265373,0.008399391,-0.11209369,30.768751,-23.306252,26.062502,46.950733,0.3361091,49.741684,0.28297305,0.079944044,0.37686038,0.87835723,0.16101885,-0.24604414,-0.7251826,0.62261176,-1.0,0
1763545200521,1009.8859,0.73399836,7.4380894,11.077573,-0.73265594,-0.028252495,-0.12018765,28.650002,-24.281252,27.2625,46.950733,0.3361091,49.741684,0.27686074,0.077400066,0.37615746,0.88083076,0.15694119,-0.240857,-0.7272876,0.6232256,-1.0,0
1763545200546,1009.8859,1.1072787,6.6795645,13.880764,-0.724562,-0.049480047,-0.11713332,31.406252,-23.625,27.243752,46.950733,0.3361091,49.741684,0.27110562,0.07503882,0.37571412,0.88301176,0.15292697,-0.23609829,-0.7295914,0.62335163,-1.0,0
1763545200571,1009.9489,1.5690935,5.541777,13.563117,0.100105464,0.3575086,0.037568185,31.893751,-22.931252,24.056252,46.950733,0.3361091,49.741684,0.26733205,0.07881457,0.37780872,0.88293964,0.1547399,-0.23180537,-0.73066413,0.62325895,-1.0,0
1763545200597,1009.9423,1.1108679,5.588437,10.430912,0.3991238,0.17287473,0.06780599,32.175003,-22.9125,24.806252,46.950733,0.3361091,49.741684,0.2703734,0.08052215,0.37836713,0.8816194,0.15700696,-0.23438089,-0.7299492,0.62256616,-1.0,0
1763545200623,1009.9423,1.1754742,5.337789,8.238488,0.46494445,-0.22678354,0.042607818,31.650002,-24.712502,26.19375,46.950733,0.3361091,49.741684,0.27521756,0.0794171,0.37752473,0.88058126,0.15727909,-0.23940568,-0.72948635,0.62112635,-1.0,0
1763545200648,1009.9035,2.137389,4.5768714,6.6239314,0.060093824,-0.17409647,-0.17806709,30.91875,-24.7875,25.2,46.950733,0.3361091,49.741684,0.27925184,0.0769555,0.3738688,0.8810893,0.15660124,-0.24349989,-0.72970366,0.6194484,-1.0,0
1763545200673,1009.87787,1.6169499,4.171288,7.34118,-0.14332415,0.07971785,-0.30405796,32.7,-24.618752,26.081251,46.950733,0.3361091,49.741684,0.27741078,0.077999234,0.3716866,0.88250124,0.15650159,-0.24196666,-0.73323053,0.6158996,-1.0,0
1763545200699,1009.87787,1.0253245,3.9661036,7.373483,-0.08422298,0.17852524,-0.34300056,30.712502,-25.050001,25.3875,46.950733,0.3361091,49.741684,0.27609852,0.07997248,0.3693116,0.8837324,0.15787986,-0.24020812,-0.7354127,0.6136303,-1.0,0
1763545200724,1009.8449,0.54735816,4.152744,5.278567,0.26549712,-0.053450666,-0.31948227,30.825,-25.800001,26.962502,46.950733,0.3361091,49.741684,0.27919644,0.08285634,0.3634486,0.88492334,0.15968564,-0.24058688,-0.73721486,0.61084586,-1.0,0
1763545200749,1009.8449,0.9176475,4.338187,4.199404,0.16623157,-0.07574723,-0.3197877,32.41875,-26.531252,28.218752,46.950733,0.3361091,49.741684,0.28034142,0.08358842,0.36032093,0.88577116,0.16140027,-0.24241659,-0.7386549,0.6079252,-1.0,0
1763545200774,1009.8,0.83389866,4.3172503,4.805386,-0.013362667,-0.038026333,-0.37888888,32.5125,-25.500002,26.60625,46.950733,0.3361091,49.741684,0.28016454,0.08416993,0.35695168,0.88713515,0.16311729,-0.24283637,-0.74224365,0.6029076,-1.0,0
1763545200799,1009.8,0.111864455,4.1832523,5.8618174,-0.042836893,-0.025809037,-0.3564396,32.5125,-25.500002,26.60625,46.950733,0.3361091,49.741684,0.27998266,0.08470346,0.35409138,0.8882873,0.16311729,-0.24283637,-0.74224365,0.6029076,-1.0,0
1763545200825,1009.7775,0.6454639,4.7455654,6.0921264,0.1277471,-0.20723587,-0.12064579,33.28125,-26.681252,27.225,46.950733,0.3361091,49.741684,0.28269958,0.083524555,0.35048646,0.8889678,0.1639198,-0.24327913,-0.7450402,0.59904987,-1.0,0
1763545200849,1009.7712,0.41455653,5.103891,6.303891,0.1042288,-0.21364996,-0.08704823,33.75,-28.10625,26.325,46.950733,0.3361091,49.741684,0.28413048,0.08241682,0.34934613,0.8890639,0.16273125,-0.2470652,-0.74604595,0.5965675,-1.0,0
1763545200874,1009.78314,0.09990034,5.4646087,7.2041907,0.012599086,-0.077121675,0.022143848,33.91875,-27.225,26.718752,46.950733,0.3361091,49.741684,0.28448868,0.081945695,0.34967795,0.88886243,0.16244705,-0.24750732,-0.7456108,0.5970056,-1.0,0
1763545200900,1009.78314,1.1712867,6.5724854,9.304491,0.13141228,-0.1339321,0.21471897,29.8875,-28.3875,25.968752,46.950733,0.3361091,49.741684,0.28738332,0.07983793,0.35222667,0.88711506,0.16130649,-0.2508854,-0.7431483,0.59897184,-1.0,0
1763545200924,1009.80927,1.8281165,7.0145597,9.896116,0.16791146,-0.35201082,0.123089254,32.60625,-28.500002,29.1,46.950733,0.3361091,49.741684,0.29012388,0.076836735,0.35185784,0.8866343,0.159229,-0.2544049,-0.74284935,0.5984139,-1.0,0
1763545200949,1009.80927,1.7940187,7.1365933,10.546366,0.077198036,-0.25411975,-0.011911863,31.593752,-29.212502,28.1625,46.950733,0.3361091,49.741684,0.2911699,0.07548751,0.35112703,0.886697,0.15820199,-0.2558328,-0.7432368,0.5975959,-1.0,0
1763545200974,1009.84247,-0.4001996,7.2341013,10.028319,-0.025579963,0.61208653,0.021380268,33.131252,-28.931252,27.056252,46.950733,0.3361091,49.741684,0.28741583,0.083472185,0.35398817,0.8860683,0.16458642,-0.24997355,-0.74211013,0.59974754,-1.0,0
1763545200999,1009.8713,-0.26919255,7.5116687,9.273982,-0.027107125,0.3187187,0.1594357,33.5625,-28.25625,26.6625,46.950733,0.3361091,49.741684,0.28656262,0.08458566,0.3557973,0.8855142,0.16546047,-0.24878849,-0.74089694,0.6014971,-1.0,0
1763545201024,1009.8713,0.6658029,7.44108,9.853045,-0.1711185,-0.22983788,0.11194097,33.80625,-29.868752,27.956251,46.950733,0.3361091,49.741684,0.28587133,0.08155989,0.35585546,0.885998,0.16249014,-0.2489405,-0.74104065,0.6020667,-1.0,0
1763545201049,1009.89935,0.91585284,6.4683976,11.225927,-0.3183369,-0.06826414,-0.0010690134,32.550003,-28.875002,27.581251,46.950733,0.3361091,49.741684,0.28287452,0.0809711,0.35610503,0.8869131,0.1610676,-0.24623476,-0.74177605,0.60265577,-1.0,0
1763545201074,1009.92035,-0.785444,5.241478,10.713265,-0.06864593,0.29856017,0.10445788,32.90625,-30.581251,29.175001,46.950733,0.3361091,49.741684,0.27792677,0.08492872,0.35923347,0.8868456,0.16304417,-0.24056762,-0.74163944,0.6045782,-1.0,0
1763545201099,1009.92035,-0.15314065,5.2576294,9.088538,0.12438734,-0.15867212,0.1800524,34.912502,-27.88125,28.968752,46.950733,0.3361091,49.741684,0.27959728,0.08309432,0.35997385,0.8861939,0.16165395,-0.24279068,-0.741121,0.60469854,-1.0,0
1763545201124,1009.88837,0.4223332,5.061418,7.3292155,0.03901899,-0.27855435,0.12889247,34.78125,-28.7625,26.868752,46.950733,0.3361091,49.741684,0.28022584,0.080632344,0.3601961,0.8861324,0.15945038,-0.24413864,-0.7410845,0.6047856,-1.0,0
1763545201149,1009.88837,0.37806597,4.666602,7.066005,-0.23357943,-0.13377939,0.04978548,33.24375,-29.04375,27.50625,46.950733,0.3361091,49.741684,0.27807114,0.078888446,0.36051482,0.8868382,0.15718198,-0.24257118,-0.7415859,0.6053952,-1.0,0
1763545201175,1009.86444,-0.6412765,3.525824,9.105886,-0.14026983,0.16447534,0.2319759,33.131252,-29.6625,26.475,46.950733,0.3361091,49.741684,0.27371585,0.07907237,0.3647005,0.8864653,0.15593587,-0.23844668,-0.7403586,0.60884833,-1.0,0
1763545201201,1009.8576,0.061016977,3.5688949,8.093722,0.3334558,-0.026267186,0.41828966,35.41875,-29.19375,27.13125,46.950733,0.3361091,49.741684,0.27761045,0.07863977,0.36786065,0.8839835,0.15645029,-0.24243575,-0.737601,0.61048585,-1.0,0
1763545201226,1009.8576,1.4614165,4.2969112,3.403192,0.46754062,-0.28344125,0.24373505,32.850002,-30.093752,30.093752,46.950733,0.3361091,49.741684,0.2884564,0.0757053,0.3706959,0.87957156,0.15661523,-0.24933414,-0.73463315,0.6112432,-1.0,0
1763545201251,1009.81024,0.3702893,4.391428,3.760919,0.015958842,0.058032155,0.07024945,31.2,-31.0125,29.38125,46.950733,0.3361091,49.741684,0.28769037,0.07655425,0.3716418,0.87934977,0.15751073,-0.25261962,-0.7318105,0.61304736,-1.0,0
1763545201276,1009.8024,-0.39541394,4.5014977,6.075975,-0.21708608,0.3500255,0.07666353,34.143753,-30.956251,29.062502,46.950733,0.3361091,49.741684,0.28502265,0.07887863,0.37350646,0.87922305,0.15911217,-0.2492851,-0.7307457,0.615265,-1.0,0
1763545201301,1009.8024,-0.14416756,5.252844,6.274579,0.19494222,-0.049480047,0.114079,32.568752,-32.23125,29.306252,46.950733,0.3361091,49.741684,0.28701502,0.08032851,0.37528434,0.87768525,0.16079912,-0.24848424,-0.72958857,0.6165223,-1.0,0
1763545201326,1009.7922,0.17108682,5.6584272,6.326025,0.14821106,-0.18921536,0.07987057,33.45,-30.656252,30.35625,46.950733,0.3361091,49.741684,0.28873223,0.07942853,0.3752766,0.8772071,0.16116063,-0.2507141,-0.72856325,0.6167376,-1.0,0
1763545201351,1009.80194,0.14416756,5.9437714,7.8981094,0.036270097,0.006261364,0.05986475,34.03125,-30.093752,29.025002,46.950733,0.3361091,49.741684,0.28907174,0.080048054,0.37587956,0.8767807,0.161758,-0.25259554,-0.72688645,0.6177912,-1.0,0
1763545201376,1009.80194,-0.24466611,6.378069,8.766106,0.1051451,0.10415245,0.1122464,33.24375,-31.800001,29.681252,46.950733,0.3361091,49.741684,0.2899713,0.081027955,0.3770809,0.8758773,0.16300386,-0.25313753,-0.7255609,0.6187992,-1.0,0
1763545201401,1009.8195,1.4404793,7.1880393,9.595219,0.0730747,-0.3329213,0.13041963,33.24375,-31.800001,29.681252,46.950733,0.3361091,49.741684,0.29375365,0.077006936,0.3777821,0.87467676,0.16239262,-0.25528228,-0.72428614,0.6195718,-1.0,0
1763545201426,1009.8195,1.7437695,7.382456,10.5900345,0.018707734,-0.19013166,0.0490219,33.5625,-32.5125,28.44375,46.950733,0.3361091,49.741684,0.2944718,0.075793386,0.37773636,0.874561,0.15952793,-0.25886115,-0.7236383,0.6195881,-1.0,0
1763545201451,1009.8525,2.158326,7.641479,11.3019,0.048334677,0.04734202,-0.02535089,32.943752,-33.206253,30.243752,46.950733,0.3361091,49.741684,0.29465368,0.07686072,0.37756422,0.87448096,0.16056436,-0.25874203,-0.7237012,0.6192966,-1.0,0
1763545201476,1009.87933,1.4644074,7.612167,9.460623,-0.18684827,0.13591741,-0.18707734,34.10625,-33.956253,30.487501,46.950733,0.3361091,49.741684,0.2915004,0.07921729,0.37571737,0.87612134,0.1619138,-0.25501332,-0.72573966,0.61810523,-1.0,0
1763545201503,1009.87933,1.4769697,7.0205417,11.433505,-0.3615556,0.04016436,-0.23090689,33.9375,-32.60625,30.4125,46.950733,0.3361091,49.741684,0.28848842,0.07888133,0.3741884,0.87780136,0.16077536,-0.25218868,-0.7276167,0.6173541,-1.0,0
1763545201528,1009.9108,1.7425731,6.038886,13.14557,-0.11720968,0.06429352,-0.1744019,35.643753,-33.675003,29.681252,46.950733,0.3361091,49.741684,0.28781828,0.07977097,0.37319738,0.87836266,0.16126125,-0.25139132,-0.72885185,0.6160943,-1.0,0
1763545201553,1009.91473,1.7312071,5.305486,8.1738825,0.41179922,0.06108648,-0.087506376,34.443752,-32.925003,31.312502,46.950733,0.3361091,49.741684,0.2927053,0.083614364,0.37169307,0.8770271,0.1658059,-0.25529617,-0.72939414,0.6126308,-1.0,0
1763545201579,1009.91473,1.6378871,5.1296134,7.0618176,0.13629921,-0.093309596,-0.16768238,34.443752,-33.693752,31.81875,46.950733,0.3361091,49.741684,0.29344243,0.08316013,0.3698231,0.87761426,0.16554582,-0.25616136,-0.73060447,0.6108953,-1.0,0
1763545201604,1009.8908,1.1413764,4.5655055,7.8466635,-0.14362958,-0.09957096,-0.21639885,36.61875,-33.206253,30.16875,46.950733,0.3361091,49.741684,0.29215437,0.08219559,0.36799645,0.8789018,0.16421872,-0.2552303,-0.7324361,0.60944813,-1.0,0
1763545201630,1009.8908,0.9314062,4.3501515,7.982456,-0.10254893,-0.057879437,-0.11377356,36.112503,-33.375,31.1625,46.950733,0.3361091,49.741684,0.28977504,0.080771126,0.3657864,0.8807422,0.16187046,-0.2535577,-0.7355359,0.60703653,-1.0,0
1763545201655,1009.8759,1.0085747,4.590032,6.745367,0.03291034,-0.05742129,-0.12522727,37.125,-32.662502,32.4,46.950733,0.3361091,49.741684,0.29017144,0.08069374,0.3645544,0.88112944,0.16179523,-0.25403398,-0.73654515,0.6056322,-1.0,0
1763545201680,1009.841,0.6903293,4.8011985,5.267799,0.06788235,-0.043524116,-0.14584397,34.93125,-32.756252,31.10625,46.950733,0.3361091,49.741684,0.29076946,0.08089227,0.36311916,0.8815067,0.1621706,-0.25454104,-0.7372981,0.6044014,-1.0,0
1763545201705,1009.841,0.45882374,5.042874,4.58405,0.0025198173,-0.053908817,-0.170584,34.95,-34.74375,31.81875,46.950733,0.3361091,49.741684,0.2909691,0.08082107,0.36143982,0.8821373,0.16229466,-0.25466743,-0.7380738,0.6033672,-1.0,0
1763545201731,1009.79974,0.7902297,5.008776,5.9545393,-0.05535962,-0.06597339,-0.19288056,36.487503,-35.831253,31.575,46.950733,0.3361091,49.741684,0.29076815,0.08030984,0.3577588,0.88374937,0.16192497,-0.25467938,-0.7389459,0.60239327,-1.0,0
1763545201756,1009.78705,0.62931234,5.057829,6.7818575,-0.019165883,0.014660755,-0.22235478,35.41875,-34.59375,32.381252,46.950733,0.3361091,49.741684,0.29063663,0.08124378,0.35596663,0.88443065,0.16297974,-0.25398389,-0.7409746,0.5999053,-1.0,0
1763545201781,1009.78705,0.25543383,4.948357,7.2993054,0.088651754,0.08964441,-0.19593488,37.3875,-35.006252,32.2125,46.950733,0.3361091,49.741684,0.29125094,0.08299823,0.35462517,0.8846045,0.16484813,-0.25404906,-0.74150884,0.5987059,-1.0,0
1763545201807,1009.78436,0.22731815,5.384449,6.734001,0.32704175,-0.050854493,0.036346454,36.862503,-36.16875,31.556252,46.950733,0.3361091,49.741684,0.2963441,0.08500305,0.35401404,0.88296586,0.16680902,-0.2554758,-0.741179,0.5979637,-1.0,0
1763545201832,1009.78436,0.5515456,5.7338014,6.407979,0.31406087,-0.08628465,0.092851445,38.081253,-34.443752,32.568752,46.950733,0.3361091,49.741684,0.29923373,0.08509987,0.35437268,0.88183737,0.16821028,-0.2583615,-0.7402366,0.5974985,-1.0,0
1763545201857,1009.7836,0.9026923,6.178268,7.1072817,0.17142393,-0.0490219,0.109650224,36.600002,-35.325,31.837502,46.950733,0.3361091,49.741684,0.30080354,0.084964134,0.3549818,0.8810711,0.16952558,-0.2626076,-0.7380409,0.5979916,-1.0,0
1763545201883,1009.7978,1.0953146,6.6053867,9.782457,0.03886627,0.075594515,-0.056199558,35.5125,-34.706253,33.9375,46.950733,0.3361091,49.741684,0.3014131,0.08602681,0.35478243,0.8808399,0.16960645,-0.26319712,-0.7378649,0.5979267,-1.0,0
1763545201908,1009.7978,0.4552345,6.8021965,9.504292,0.0778089,0.19272783,-0.038179047,35.79375,-34.800003,33.75,46.950733,0.3361091,49.741684,0.30128255,0.08791582,0.35512674,0.88055927,0.17061853,-0.26294443,-0.7381099,0.59744734,-1.0,0
1763545201933,1009.8261,0.57487565,7.1838517,8.897113,0.015347977,0.15409064,0.008704823,38.41875,-34.912502,33.16875,46.950733,0.3361091,49.741684,0.3005906,0.08912168,0.35563257,0.8804704,0.17313404,-0.2613848,-0.73797,0.5975809,-1.0,0
1763545201958,1009.84,0.4959125,7.3178496,8.732008,-0.1645517,0.1678351,-0.009010255,37.36875,-34.275,33.7125,46.950733,0.3361091,49.741684,0.2982334,0.08992913,0.3561658,0.8809742,0.17322639,-0.25888807,-0.73827374,0.5982654,-1.0,0
1763545201983,1009.84,0.09810573,6.753144,10.803595,-0.60345805,0.0050396346,0.020922119,37.162502,-35.4,31.63125,46.950733,0.3361091,49.741684,0.28879303,0.087317124,0.3573809,0.88388526,0.16808105,-0.2505483,-0.7404298,0.6006147,-1.0,0
1763545202008,1009.8676,0.0735793,6.233303,12.31167,-0.5174788,0.14446951,0.04092794,37.59375,-34.5,34.78125,46.950733,0.3361091,49.741684,0.28408432,0.087183155,0.35876736,0.88486224,0.16641179,-0.2461949,-0.74135363,0.6017391,-1.0,0
1763545202034,1009.89545,-0.56829536,5.764908,11.580065,-0.21250458,0.20311254,0.1452331,37.21875,-33.65625,31.987501,46.950733,0.3361091,49.741684,0.28198424,0.087597124,0.3608851,0.8846319,0.16591243,-0.24425687,-0.7412096,0.6028432,-1.0,0
1763545202059,1009.89545,0.45702913,5.4263234,7.9686975,-0.03291034,-0.052381653,0.2536616,37.706253,-33.46875,31.612501,46.950733,0.3361091,49.741684,0.28158817,0.08569053,0.36500338,0.8832541,0.16365416,-0.24464686,-0.73948264,0.6054177,-1.0,0
1763545202084,1009.88495,0.47856453,4.8705907,7.283154,-0.20975569,0.1472184,0.14110976,36.862503,-33.1875,32.625,46.950733,0.3361091,49.741684,0.27893534,0.085979424,0.36671343,0.88335943,0.16310012,-0.24206558,-0.7392415,0.60689753,-1.0,0
1763545202109,1009.88495,-0.09451649,4.2388854,7.7300134,-0.3259727,0.13713914,0.11178826,37.6875,-34.21875,32.287502,46.950733,0.3361091,49.741684,0.2759229,0.08538351,0.36829722,0.88370436,0.16157912,-0.23940758,-0.7393109,0.60827255,-1.0,0
1763545202134,1009.8769,0.20458634,4.1515474,7.0815587,-0.07154754,0.0,0.20891576,37.8375,-33.581253,31.143751,46.950733,0.3361091,49.741684,0.27374437,0.08354608,0.37189874,0.88304895,0.15884787,-0.23808251,-0.73851943,0.6104696,-1.0,0
1763545202159,1009.8549,0.55692947,4.4632125,5.9318075,-0.026038112,0.0050396346,0.24220788,37.612503,-32.381252,33.112503,46.950733,0.3361091,49.741684,0.2737437,0.082769394,0.37389007,0.88228106,0.15802477,-0.238358,-0.7374137,0.61191064,-1.0,0
1763545202184,1009.8549,1.0342976,4.6205406,5.581259,-0.0037415468,-0.066889696,0.18829907,37.85625,-34.0875,32.41875,46.950733,0.3361091,49.741684,0.27434835,0.08172021,0.37507182,0.88168925,0.15719058,-0.23924117,-0.73651546,0.61286193,-1.0,0
1763545202209,1009.8295,1.1102697,4.725825,5.1786666,0.023594651,-0.057879437,0.08384119,38.362503,-33.675003,33.412502,46.950733,0.3361091,49.741684,0.27493864,0.081240624,0.37548193,0.8813751,0.1569162,-0.2399346,-0.736058,0.6132107,-1.0,0
1763545202235,1009.7963,0.2961118,5.006383,5.8624153,-0.18593197,0.19089524,-0.06291907,37.2,-33.65625,32.925003,46.950733,0.3361091,49.741684,0.27193636,0.08299472,0.37568796,0.88205504,0.15786281,-0.2364674,-0.73631096,0.61401033,-1.0,0
1763545202260,1009.7963,-0.32662028,5.21755,7.408777,-0.16241367,0.112399116,-0.06918044,36.65625,-33.581253,32.193752,46.950733,0.3361091,49.741684,0.27064312,0.08358312,0.37549266,0.88248026,0.15809134,-0.23503396,-0.7366754,0.61406475,-1.0,0
1763545202285,1009.7966,-0.54735816,5.476573,8.536395,0.008323032,0.06994402,0.010537418,36.131252,-35.268753,34.2,46.950733,0.3361091,49.741684,0.27085462,0.08458285,0.37589568,0.8821485,0.15908796,-0.23496278,-0.7362981,0.6142871,-1.0,0
1763545202310,1009.7966,-0.1052842,6.134599,8.881559,0.3644572,-0.025198173,0.17699806,39.412502,-31.556252,31.800001,46.950733,0.3361091,49.741684,0.27631116,0.08650179,0.37795776,0.87938476,0.16237006,-0.23972143,-0.7333875,0.6150711,-1.0,0
1763545202337,1009.81244,0.5772685,6.4558353,8.781659,0.348422,-0.17302746,0.14065161,39.412502,-31.556252,31.800001,46.950733,0.3361091,49.741684,0.27993038,0.08573021,0.3780363,0.87828124,0.16237006,-0.23972143,-0.7333875,0.6150711,-1.0,0
1763545202363,1009.82635,1.0749756,6.6311097,9.447462,0.22853978,-0.28710645,0.019089524,36.75,-33.7125,33.75,46.950733,0.3361091,49.741684,0.28276724,0.084111534,0.3769835,0.8779814,0.16188784,-0.24662599,-0.7324516,0.6135818,-1.0,0
1763545202388,1009.82635,0.52223355,7.222137,10.024133,0.057344932,0.032375835,-0.0754418,39.35625,-33.9375,32.550003,46.950733,0.3361091,49.741684,0.28423125,0.084533356,0.37543902,0.87812996,0.16177863,-0.24817644,-0.7330095,0.61231786,-1.0,0
1763545202413,1009.85126,0.30388847,7.5553374,10.0163555,0.03046688,0.06826414,-0.048258316,38.41875,-32.68125,34.275,46.950733,0.3361091,49.741684,0.2844728,0.08518833,0.37513265,0.8781194,0.1632211,-0.2480739,-0.7335811,0.6112912,-1.0,0
1763545202438,1009.85614,0.72382885,7.4512496,9.665807,0.066813335,-0.16340633,-0.014355322,37.66875,-33.487503,33.46875,46.950733,0.3361091,49.741684,0.2859945,0.08354996,0.37423426,0.87816584,0.16209413,-0.2499979,-0.73386884,0.61046135,-1.0,0
1763545202463,1009.85614,1.9806589,6.4683976,9.960124,-0.034742933,-0.12812889,-0.11117739,37.575,-33.15,35.006252,46.950733,0.3361091,49.741684,0.2871494,0.08053281,0.37162548,0.87917817,0.16001187,-0.2523638,-0.73470175,0.6090337,-1.0,0
1763545202488,1009.8686,1.8071793,5.9653068,9.848858,-0.17737986,0.22006404,-0.170584,38.1375,-31.837502,34.575,46.950733,0.3361091,49.741684,0.28431684,0.08226328,0.3710477,0.88018197,0.15942399,-0.25204024,-0.7358554,0.60792804,-1.0,0
1763545202513,1009.8713,0.9062816,5.3108697,10.156934,-0.24900375,0.2441932,-0.19853105,37.85625,-33.112503,35.756252,46.950733,0.3361091,49.741684,0.28143132,0.08322686,0.37026477,0.88134766,0.16002803,-0.24601084,-0.73916,0.6062279,-1.0,0
1763545202538,1009.8713,0.9870393,4.4039903,9.389436,0.25923574,-0.27351472,0.032375835,38.0625,-32.9625,34.18125,46.950733,0.3361091,49.741684,0.284784,0.08050657,0.36901188,0.8810488,0.15873154,-0.24656424,-0.7403782,0.6048558,-1.0,0
1763545202564,1009.87494,0.7304091,4.7491546,6.485746,0.36415178,-0.25106543,0.11530073,37.3875,-33.28125,35.34375,46.950733,0.3361091,49.741684,0.28828126,0.07920386,0.36930335,0.87990665,0.15734111,-0.25421074,-0.73991776,0.602613,-1.0,0
1763545202588,1009.87494,1.2711871,5.13081,4.557729,0.14011711,-0.20051636,0.12232567,37.631252,-32.775,36.075,46.950733,0.3361091,49.741684,0.28976798,0.07736504,0.3694414,0.8795239,0.15599535,-0.25615677,-0.73951447,0.60263383,-1.0,0
1763545202613,1009.8295,1.841277,5.168497,5.063811,-0.16042836,-0.2622137,-0.058490302,36.9,-32.831253,35.0625,46.950733,0.3361091,49.741684,0.28928632,0.07471749,0.36790007,0.88055676,0.15341833,-0.25638273,-0.74070853,0.6017322,-1.0,0
1763545202638,1009.81,0.82672024,4.402794,6.7166533,-0.20685409,0.13942988,-0.32253662,37.443752,-32.287502,35.4375,46.950733,0.3361091,49.741684,0.28508094,0.07553436,0.363464,0.8836953,0.15294841,-0.25215742,-0.74512726,0.59817123,-1.0,0
1763545202663,1009.81,0.613759,4.386642,6.5365934,-0.092927806,0.12217296,-0.31199917,38.4375,-32.4375,35.34375,46.950733,0.3361091,49.741684,0.2841443,0.076638564,0.36107466,0.8848806,0.15364328,-0.25100836,-0.7471763,0.5959162,-1.0,0
1763545202688,1009.8039,0.9607183,4.5008993,6.5760746,0.044669487,-0.16875139,-0.29352054,38.60625,-32.287502,35.475002,46.950733,0.3361091,49.741684,0.28526634,0.07580266,0.35789847,0.88588136,0.15307127,-0.25237295,-0.749235,0.5928946,-1.0,0
1763545202713,1009.80365,0.23688944,4.4428735,6.29432,0.03291034,0.16722423,-0.25717407,39.80625,-31.5375,35.006252,46.950733,0.3361091,49.741684,0.28538963,0.0785789,0.3537061,0.88728243,0.15559737,-0.2518161,-0.7521635,0.5887513,-1.0,0
1763545202738,1009.80365,-0.07836494,4.8179483,6.8057857,0.057955798,0.33231044,-0.06169734,38.49375,-32.925003,35.2125,46.950733,0.3361091,49.741684,0.28525087,0.081538245,0.35433358,0.8868096,0.15834771,-0.25088358,-0.7516528,0.58906835,-1.0,0
1763545202763,1009.7968,1.0253245,5.407779,7.356135,0.28977898,0.043065965,0.08704823,39.15,-32.49375,36.206253,46.950733,0.3361091,49.741684,0.28854656,0.08227097,0.35467592,0.8855379,0.15992202,-0.2538751,-0.750462,0.5888796,-1.0,0
1763545202789,1009.7968,1.4261223,5.9694943,6.9499536,0.52496195,-0.17837252,0.05589413,39.768753,-33.05625,36.16875,46.950733,0.3361091,49.741684,0.2939438,0.08230547,0.35413277,0.88397557,0.16139418,-0.25909275,-0.7492855,0.5877024,-1.0,0
1763545202814,1009.7929,1.3597214,6.7005014,7.185048,0.15172353,-0.008399391,-0.066431545,39.825,-32.79375,35.68125,46.950733,0.3361091,49.741684,0.2988778,0.08344631,0.3527879,0.88275105,0.16400085,-0.26342922,-0.7482008,0.5864336,-1.0,0
1763545202839,1009.80316,1.0887343,6.4869423,9.408579,0.0019089525,0.06994402,-0.13545926,41.100002,-32.925003,36.6375,46.950733,0.3361091,49.741684,0.2987346,0.08455675,0.35184106,0.8830717,0.16502245,-0.26298255,-0.7487833,0.5856034,-1.0,0
1763545202865,1009.80316,0.83688974,6.4175506,10.079167,0.0457385,0.15118903,-0.15378521,39.225002,-31.987501,37.237503,46.950733,0.3361091,49.741684,0.29836598,0.08665324,0.35103598,0.8833135,0.16676554,-0.26214558,-0.7496107,0.58442515,-1.0,0
1763545202890,1009.83734,-1.2095718,7.335198,8.788837,-0.11293363,0.41325003,-0.07147118,41.25,-32.287502,36.28125,46.950733,0.3361091,49.741684,0.29427493,0.093121074,0.35179958,0.8837238,0.17163394,-0.25653666,-0.7502342,0.5847045,-1.0,0
1763545202916,1009.83734,-1.6103697,7.612167,9.853045,-0.2202931,0.14217877,0.11911863,41.41875,-31.3875,36.525,46.950733,0.3361091,49.741684,0.29240885,0.09282784,0.35337123,0.88374704,0.17092593,-0.25476316,-0.7495989,0.5864994,-1.0,0
1763545202942,1009.85394,-0.293719,7.353742,11.319247,-0.15874848,-0.18371758,0.252898,37.275,-33.80625,36.46875,46.950733,0.3361091,49.741684,0.2921864,0.09018316,0.35487503,0.8834919,0.16833672,-0.2552815,-0.74890536,0.5879072,-1.0,0
1763545202968,1009.8825,1.0001999,6.035297,10.83829,0.028328855,-0.13469568,0.14172062,38.775,-31.406252,36.487503,46.950733,0.3361091,49.741684,0.2931569,0.086304456,0.35663962,0.88284695,0.1658823,-0.25665155,-0.74875104,0.5882048,-1.0,0
1763545202994,1009.8942,1.4668003,5.7397833,9.801002,-0.03718639,-0.08994984,0.073761925,39.09375,-32.11875,35.568752,46.950733,0.3361091,49.741684,0.29277828,0.08485535,0.356802,0.8830474,0.16271967,-0.25776318,-0.7494655,0.587692,-1.0,0
1763545203019,1009.8942,1.2454642,5.5202417,9.449257,-0.12667808,-0.14599667,-0.0537561,41.4,-30.768751,36.018753,46.950733,0.3361091,49.741684,0.29178375,0.08316306,0.35600376,0.8838594,0.16058953,-0.25741962,-0.7509879,0.58648384,-1.0,0
1763545203044,1009.894,0.6197411,5.3850474,7.911868,-0.30443972,0.1386663,-0.12996148,41.34375,-31.031252,36.65625,46.950733,0.3361091,49.741684,0.28601947,0.083334714,0.35495183,0.8861475,0.15931997,-0.25541455,-0.7526667,0.58555394,-1.0,0
1763545203070,1009.894,0.2847459,5.179863,7.829914,-0.27908885,0.2037234,-0.12049308,39.3375,-31.593752,35.662502,46.950733,0.3361091,49.741684,0.2831587,0.08451617,0.35474744,0.8870357,0.15910995,-0.24900974,-0.75531805,0.5849554,-1.0,0
1763545203095,1009.8798,-0.16570297,4.8364925,7.0612197,-0.1117119,0.16890411,-0.062308207,39.35625,-32.325,34.162502,46.950733,0.3361091,49.741684,0.2819293,0.08575419,0.35489413,0.8872498,0.15987736,-0.24754222,-0.7556843,0.584896,-1.0,0
1763545203120,1009.84564,-0.035294134,4.1198425,5.5507503,0.053221595,-0.0010690134,0.18035783,39.9375,-32.90625,36.300003,46.950733,0.3361091,49.741684,0.2827358,0.08611717,0.35735378,0.8859699,0.16048597,-0.24737221,-0.75512767,0.58551985,-1.0,0
1763545203145,1009.84564,0.7088737,4.249653,5.7116675,0.10545053,-0.08628465,0.21426082,41.025,-32.04375,34.125,46.950733,0.3361091,49.741684,0.28433576,0.08507076,0.35863093,0.88504237,0.15986472,-0.25005427,-0.75257385,0.58783394,-1.0,0
1763545203170,1009.81537,0.9242278,4.342973,6.163313,0.15722132,-0.18921536,0.13194679,39.393753,-32.081253,35.53125,46.950733,0.3361091,49.741684,0.28670737,0.08358035,0.3588762,0.88431954,0.15901719,-0.25278512,-0.7519638,0.58767647,-1.0,0
1763545203196,1009.80145,0.5772685,4.508676,6.506085,0.22334744,-0.19532402,0.045509428,39.225002,-32.23125,35.100002,46.950733,0.3361091,49.741684,0.28934595,0.08273971,0.3584825,0.8836987,0.15883665,-0.25561273,-0.7516949,0.5868456,-1.0,0
1763545203222,1009.80145,-0.20219351,5.0482574,7.0019975,0.118889555,0.06918044,-0.045662142,39.73125,-32.550003,35.831253,46.950733,0.3361091,49.741684,0.2916686,0.084685445,0.35775527,0.88304526,0.16124466,-0.25737587,-0.7514924,0.58567655,-1.0,0
1763545203248,1009.7966,-0.7645068,5.4687963,7.7437725,0.1833358,-0.004734202,-0.0368046,40.237503,-31.3875,37.256252,46.950733,0.3361091,49.741684,0.29341945,0.08537951,0.357211,0.88261867,0.1623358,-0.25890484,-0.7513561,0.5848755,-1.0,0
1763545203273,1009.7985,-0.07597212,6.2997036,8.338388,0.116598815,-0.119271345,-0.07498365,40.3125,-31.125002,35.7,46.950733,0.3361091,49.741684,0.29640844,0.08531965,0.35509786,0.8824784,0.16306974,-0.26181227,-0.7518557,0.5827312,-1.0,0
1763545203299,1009.7985,0.5808577,6.4761744,9.888938,0.08498656,-0.08078687,-0.15409064,39.412502,-31.725,37.987503,46.950733,0.3361091,49.741684,0.29735518,0.08576322,0.3532626,0.8828534,0.16370076,-0.26263565,-0.7528382,0.5809124,-1.0,0
1763545203324,1009.83295,0.5072784,6.81775,10.455439,0.19433136,-0.0030543238,-0.23472479,40.3875,-32.23125,35.1375,46.950733,0.3361091,49.741684,0.2987536,0.08736082,0.35112977,0.8830754,0.16544347,-0.26365522,-0.7540207,0.5784178,-1.0,0
1763545203349,1009.83295,-0.2727818,7.2490563,9.570094,0.21616977,0.12935062,-0.19578215,39.881252,-31.050001,36.037502,46.950733,0.3361091,49.741684,0.29955748,0.08984585,0.3500006,0.88300204,0.16792148,-0.2638358,-0.75454646,0.57693386,-1.0,0
1763545203374,1009.8581,0.5814559,7.5661054,9.856635,-0.033521205,-0.008704823,-0.0056504994,40.65,-32.34375,36.037502,46.950733,0.3361091,49.741684,0.29933318,0.09111715,0.34957075,0.8831181,0.16909914,-0.26326445,-0.7547416,0.5765955,-1.0,0
1763545203399,1009.87665,1.3722838,7.2358956,10.642677,-0.07231112,-0.12125666,-0.040317077,41.04375,-30.31875,37.275,46.950733,0.3361091,49.741684,0.29900715,0.09006135,0.34891164,0.88359743,0.16791742,-0.26328704,-0.7555507,0.57587045,-1.0,0
1763545203424,1009.87665,1.6468602,6.4528446,10.3848505,-0.12927426,0.040622506,-0.066431545,41.41875,-31.3875,36.206253,46.950733,0.3361091,49.741684,0.2972217,0.09038836,0.34885168,0.8841899,0.16756505,-0.26159656,-0.7565377,0.57544756,-1.0,0
1763545203449,1009.89374,1.4530416,5.723632,10.185648,-0.21311545,0.2554942,-0.06536253,42.018753,-31.95,37.256252,46.950733,0.3361091,49.741684,0.29418507,0.09186842,0.34944728,0.8848175,0.16791824,-0.25843403,-0.7575341,0.5754628,-1.0,0
1763545203475,1009.89594,0.5389833,4.881358,9.056235,-0.16241367,0.13057235,0.05070178,41.90625,-32.0625,34.18125,46.950733,0.3361091,49.741684,0.28952473,0.09269482,0.351405,0.88549286,0.16690734,-0.25408432,-0.7588996,0.5758945,-1.0,0
1763545203501,1009.89594,0.35234314,4.6414776,7.932805,-0.062995434,-0.123089254,0.11682789,41.006252,-31.29375,35.325,46.950733,0.3361091,49.741684,0.2896426,0.090485804,0.35213274,0.8853937,0.16459362,-0.2549303,-0.75909996,0.5759225,-1.0,0
1763545203526,1009.8708,0.83988076,4.4428735,5.77747,-0.15767947,-0.23441936,0.24190246,41.0625,-32.41875,36.45,46.950733,0.3361091,49.741684,0.2894103,0.08409218,0.3548253,0.88502496,0.16129959,-0.25644976,-0.75890946,0.57643074,-1.0,0
1763545203551,1009.8708,1.1030912,4.499703,5.669793,-0.26305366,-0.07345649,0.19074252,42.112503,-30.937502,34.875,46.950733,0.3361091,49.741684,0.28745568,0.08228783,0.35643184,0.885186,0.15583582,-0.25518084,-0.75837255,0.5791969,-1.0,0
1763545203576,1009.8388,1.0959128,4.5882373,5.629115,-0.2796997,0.00641408,0.11270455,41.006252,-31.29375,35.625,46.950733,0.3361091,49.741684,0.28541663,0.080831505,0.35745546,0.8855672,0.1538594,-0.25362113,-0.7585358,0.58019567,-1.0,0
1763545203601,1009.80975,0.96909314,4.6354957,6.402595,-0.22365287,-0.120034926,0.06902772,39.206253,-31.500002,36.300003,46.950733,0.3361091,49.741684,0.28455627,0.07870202,0.3577852,0.88590264,0.15155919,-0.25336942,-0.75881404,0.58054715,-1.0,0
1763545203626,1009.80975,1.4590236,4.9340005,5.74756,-0.008933897,-0.0537561,0.029474225,41.68125,-30.225,34.256252,46.950733,0.3361091,49.741684,0.28499728,0.076790996,0.35804734,0.88582265,0.1503271,-0.25421962,-0.75887156,0.5804206,-1.0,0
1763545203651,1009.7944,1.6115661,4.989035,6.265008,-0.10224349,0.022449281,-0.03054324,40.4625,-30.468752,33.9375,46.950733,0.3361091,49.741684,0.28421763,0.07673199,0.3578642,0.88615227,0.14942952,-0.25364986,-0.7593553,0.580269,-1.0,0
1763545203676,1009.7941,1.0737791,5.0997033,6.808777,-0.04344776,0.027183482,-0.07819069,40.65,-31.06875,33.956253,46.950733,0.3361091,49.741684,0.28427193,0.07675021,0.35727417,0.8863713,0.14941056,-0.2537274,-0.75983953,0.5796057,-1.0,0
1763545203701,1009.7941,0.85902333,5.723632,7.1228347,0.1277471,-0.1348484,-0.005497783,40.74375,-30.45,35.30625,46.950733,0.3361091,49.741684,0.2872823,0.075606585,0.3561806,0.885939,0.14894599,-0.2552898,-0.76001465,0.5788091,-1.0,0
1763545203727,1009.7963,0.8991031,5.9192452,7.318448,0.15065452,0.056810424,0.016646065,41.943752,-31.81875,34.48125,46.950733,0.3361091,49.741684,0.28846833,0.07685241,0.35648993,0.8853218,0.15066941,-0.25771883,-0.75892985,0.57870996,-1.0,0
1763545203751,1009.81146,0.98524475,6.085546,7.6576304,0.15584688,0.08032872,0.023823727,41.100002,-31.031252,33.9,46.950733,0.3361091,49.741684,0.28987485,0.077741705,0.35668,0.8847079,0.15190445,-0.25883633,-0.758278,0.57874286,-1.0,0
1763545203776,1009.81146,1.7144574,6.693323,9.986445,0.155236,-0.19471315,-0.009926553,42.3375,-31.1625,36.24375,46.950733,0.3361091,49.741684,0.29388607,0.076002955,0.3554639,0.88402486,0.15119152,-0.26322344,-0.75816464,0.57709694,-1.0,0
1763545203801,1009.83466,1.7090735,7.009176,10.464412,0.16409355,0.039553493,-0.07819069,42.375,-29.775002,34.0125,46.950733,0.3361091,49.741684,0.29479852,0.07756603,0.35494846,0.88379234,0.15277855,-0.26378283,-0.75843114,0.5760725,-1.0,0
1763545203826,1009.83466,1.0929217,7.155736,10.391431,0.15462515,0.33414304,-0.12202024,41.11875,-30.0375,35.381252,46.950733,0.3361091,49.741684,0.29465163,0.08160851,0.35498327,0.88346326,0.15648848,-0.26266113,-0.75843287,0.57558674,-1.0,0
1763545203852,1009.8603,0.14297116,7.414759,9.900304,0.15645774,0.49373147,-0.076052666,41.25,-31.518751,35.60625,46.950733,0.3361091,49.741684,0.2942403,0.086412005,0.3558258,0.8828044,0.16090643,-0.26106223,-0.75781024,0.57591605,-1.0,0
1763545203877,1009.86444,0.5371887,7.37109,9.069994,-0.10621411,0.043065965,-0.028405212,41.30625,-31.275002,36.05625,46.950733,0.3361091,49.741684,0.29268357,0.088768415,0.35615623,0.88295484,0.16284633,-0.25889105,-0.7576967,0.5765,-1.0,0
1763545203902,1009.86444,0.31764722,6.7405815,10.521839,-0.26106834,0.035124727,-0.097432934,41.7,-30.956251,33.375,46.950733,0.3361091,49.741684,0.29010653,0.08892652,0.35580012,0.8839324,0.16230354,-0.25637332,-0.75876814,0.576369,-1.0,0
1763545203928,1009.884,-0.106480606,5.9838514,10.877771,-0.2248746,0.25411975,-0.057268575,42.862503,-30.975,33.862503,46.950733,0.3361091,49.741684,0.28725836,0.09074024,0.35643214,0.88442355,0.16313747,-0.25325346,-0.75944924,0.57661575,-1.0,0
1763545203953,1009.8881,0.0071784677,5.5896335,8.257032,-0.031230463,-0.053603385,0.027183482,40.95,-30.937502,34.8375,46.950733,0.3361091,49.741684,0.28564435,0.090715915,0.35703525,0.8847055,0.1623185,-0.251942,-0.7604116,0.57615286,-1.0,0
1763545203978,1009.8881,0.20638095,5.238487,7.231708,-0.21907139,-0.109344795,0.010079269,42.6375,-30.000002,33.225002,46.950733,0.3361091,49.741684,0.2834781,0.08915908,0.3570995,0.88553417,0.16020228,-0.25028867,-0.76130205,0.5762899,-1.0,0
1763545204003,1009.87177,-0.23090738,4.7659044,7.123433,-0.46357,0.061239194,0.02932151,42.16875,-30.675001,35.15625,46.950733,0.3361091,49.741684,0.27886942,0.0881884,0.35820746,0.8866465,0.15803027,-0.24611336,-0.76215553,0.57755834,-1.0,0
1763545204028,1009.87177,-0.21655045,3.976273,7.7258263,-0.38660106,0.07651082,0.26526803,43.425003,-31.050001,34.275,46.950733,0.3361091,49.741684,0.2709386,0.08586146,0.36330354,0.8872602,0.15352139,-0.23918843,-0.7618767,0.58203435,-1.0,0
1763545204053,1009.8671,0.31226337,3.976273,6.9056864,-0.15554145,-0.04612029,0.32299474,41.943752,-29.812502,32.98125,46.950733,0.3361091,49.741684,0.27037185,0.08386387,0.365909,0.88655317,0.15130228,-0.23925236,-0.7608637,0.5839112,-1.0,0
1763545204078,1009.8444,0.49052864,4.1222353,5.905486,-0.04176788,-0.22999059,0.31245732,42.15,-30.16875,33.131252,46.950733,0.3361091,49.741684,0.2710801,0.080764234,0.36796114,0.88577497,0.14840215,-0.24079886,-0.7598009,0.58540183,-1.0,0
1763545204103,1009.8444,0.7160522,4.6055856,6.1842504,-0.1392008,0.045509428,0.22754712,41.2125,-29.775002,33.206253,46.950733,0.3361091,49.741684,0.26979885,0.07819533,0.37224647,0.88460535,0.14625406,-0.24112822,-0.7586685,0.5872726,-1.0,0
1763545204128,1009.81244,0.23808585,4.6600223,6.7369924,-0.06879865,0.033902995,0.17577635,41.662502,-30.468752,32.8875,46.950733,0.3361091,49.741684,0.26977336,0.07758802,0.3736965,0.884055,0.14556159,-0.24024515,-0.7576246,0.5891511,-1.0,0
1763545204153,1009.7961,0.24586253,4.848457,7.1892357,0.09521855,-0.15271619,0.15699224,41.362503,-31.237501,33.112503,46.950733,0.3361091,49.741684,0.27178913,0.076149136,0.37433067,0.8832941,0.14406565,-0.24272025,-0.75590646,0.5907092,-1.0,0
1763545204178,1009.7961,0.35234314,5.308477,6.963114,0.20486878,-0.23365578,0.12583815,40.4625,-30.468752,33.9375,46.950733,0.3361091,49.741684,0.27436444,0.07488798,0.37461224,0.88248605,0.1434878,-0.24555103,-0.7551207,0.5906849,-1.0,0
1763545204203,1009.8029,0.52941203,5.7451673,7.8077803,0.1353829,0.14385866,0.058795735,41.5125,-29.00625,33.75,46.950733,0.3361091,49.741684,0.2765223,0.07728315,0.3759016,0.8810566,0.14446203,-0.24654841,-0.754169,0.5912476,-1.0,0
1763545204229,1009.8029,0.5880362,5.8277197,7.806584,0.19524765,-0.002290743,-0.012522728,41.8875,-30.075,33.0,46.950733,0.3361091,49.741684,0.27862757,0.077453524,0.3752134,0.8806716,0.14641047,-0.24698432,-0.75328654,0.59171116,-1.0,0
1763545204254,1009.8107,0.74177504,5.9671016,8.333005,0.17936517,-0.34544402,-0.06811142,39.318752,-30.975,35.475002,46.950733,0.3361091,49.741684,0.28144878,0.074916184,0.3733723,0.8807765,0.14539434,-0.2523615,-0.75369364,0.58916897,-1.0,0
1763545204279,1009.8295,0.95054877,6.799206,9.74836,-0.05413789,-0.011453714,-0.07864884,42.9,-30.206251,32.11875,46.950733,0.3361091,49.741684,0.2818579,0.073416084,0.3714139,0.88159966,0.14391313,-0.25412378,-0.7545298,0.5877031,-1.0,0
1763545204304,1009.8295,0.5395815,7.1156564,10.326226,-0.11339177,0.15134175,-0.08185588,41.287502,-30.13125,32.756252,46.950733,0.3361091,49.741684,0.28042373,0.07455178,0.37124836,0.88203126,0.14472026,-0.2514985,-0.7555878,0.58727473,-1.0,0
1763545204329,1009.85785,0.276371,6.943373,10.325029,-0.06971494,0.07299834,-0.017867794,41.86875,-29.325,33.881252,46.950733,0.3361091,49.741684,0.27977884,0.074672334,0.3713692,0.882175,0.1446383,-0.25086233,-0.7557682,0.58733493,-1.0,0
1763545204354,1009.87885,1.5942181,6.519245,10.877173,-0.12820524,-0.13057235,-0.014202606,42.881252,-30.206251,32.5875,46.950733,0.3361091,49.741684,0.2785458,0.07182066,0.3709153,0.8829925,0.14142999,-0.25048658,-0.7569907,0.5867019,-1.0,0
1763545204379,1009.87885,1.9657038,5.837291,11.100903,-0.22609633,0.12400555,-0.08429934,42.84375,-29.831251,31.331251,46.950733,0.3361091,49.741684,0.275749,0.072533935,0.37066785,0.8839155,0.14122911,-0.24769545,-0.75834024,0.58619225,-1.0,0
1763545204404,1009.90375,1.5810575,5.175077,11.1523485,-0.22059855,0.18814635,-0.1838703,42.6375,-31.368752,33.300003,46.950733,0.3361091,49.741684,0.2731144,0.07333051,0.3696812,0.8850802,0.14106292,-0.245092,-0.7603314,0.5847455,-1.0,0
1763545204429,1009.90375,1.090529,4.6438704,10.740185,-0.13797908,0.011606431,-0.18280129,42.45,-30.13125,33.09375,46.950733,0.3361091,49.741684,0.2718426,0.072747864,0.36830598,0.88609254,0.13987786,-0.24418198,-0.7623683,0.58275545,-1.0,0
1763545204455,1009.9118,1.3100704,4.301099,8.611769,-0.039935283,-0.14095704,-0.09315688,42.768753,-29.362501,32.86875,46.950733,0.3361091,49.741684,0.27128428,0.07018366,0.36602017,0.88741666,0.13669525,-0.24461259,-0.76556396,0.5791294,-1.0,0
1763545204480,1009.90204,1.7258233,4.323232,8.147561,-0.108657576,-0.17455462,-0.10308343,42.5625,-30.2625,33.7125,46.950733,0.3361091,49.741684,0.2705327,0.068556406,0.36479178,0.8882787,0.1347302,-0.24440885,-0.76718324,0.5775309,-1.0,0
1763545204505,1009.90204,1.7988044,4.4165525,7.7826557,-0.1550833,-0.014202606,-0.18035783,42.881252,-30.225,33.206253,46.950733,0.3361091,49.741684,0.26889923,0.06853858,0.36335248,0.8893653,0.13411348,-0.24293603,-0.76904076,0.57582283,-1.0,0
1763545204531,1009.88885,0.8177471,4.578068,6.1675005,-0.038560838,0.14813471,-0.2112065,43.59375,-29.531252,33.7125,46.950733,0.3361091,49.741684,0.26659134,0.07141129,0.36049208,0.8909966,0.13610381,-0.24009639,-0.77183664,0.57279813,-1.0,0
1763545204555,1009.85345,0.8781659,4.6522455,5.491528,-0.034437504,-0.021380268,-0.26083925,43.29375,-28.931252,32.325,46.950733,0.3361091,49.741684,0.26633948,0.071550466,0.3580156,0.8920587,0.13618226,-0.23981364,-0.77347016,0.57069063,-1.0,0
1763545204581,1009.85345,0.58265233,4.587041,5.804988,-0.07857248,-0.022296565,-0.3112356,46.03125,-29.8875,32.23125,46.950733,0.3361091,49.741684,0.26572376,0.07209046,0.35536996,0.8932559,0.13658106,-0.23906438,-0.7752204,0.5685307,-1.0,0
1763545204607,1009.8244,0.2883351,4.447659,6.4941206,0.0035888306,0.00320704,-0.21044292,44.04375,-28.85625,32.23125,46.950733,0.3361091,49.741684,0.26539138,0.07360691,0.3514742,0.8947711,0.13720864,-0.23835307,-0.77662766,0.5667549,-1.0,0
1763545204633,1009.8046,0.25603202,4.72403,6.578468,0.0891099,0.0368046,-0.16279547,44.79375,-28.7625,32.15625,46.950733,0.3361091,49.741684,0.26606253,0.07481234,0.35018852,0.8949759,0.13930663,-0.23870444,-0.7781738,0.5639675,-1.0,0
1763545204658,1009.8046,-0.049052864,5.1643095,6.88116,0.12789981,0.08552107,-0.106290475,44.381252,-30.056252,32.737503,46.950733,0.3361091,49.741684,0.26700252,0.07641918,0.34955934,0.89480615,0.14110814,-0.23920438,-0.7781443,0.56334823,-1.0,0
1763545204684,1009.8046,-0.022731815,5.5627146,7.713264,0.33574656,0.15607595,0.116217025,45.1875,-29.1,31.518751,46.950733,0.3361091,49.741684,0.27156365,0.0808094,0.35115325,0.89242053,0.14369786,-0.2401873,-0.7772135,0.56356025,-1.0,0
1763545204709,1009.8046,0.45942193,5.8307104,7.7569327,0.4566978,0.008857539,0.21777329,45.018753,-30.50625,33.300003,46.950733,0.3361091,49.741684,0.27594647,0.08158186,0.35262322,0.89042395,0.14839144,-0.24654013,-0.7730468,0.5653288,-1.0,0
1763545204734,1009.81464,0.98943216,6.110671,8.147561,0.41027206,-0.1385136,0.23212862,45.075,-29.493752,32.625,46.950733,0.3361091,49.741684,0.27993748,0.08110941,0.35388112,0.88872063,0.14893368,-0.25052443,-0.77109253,0.566103,-1.0,0
1763545204759,1009.83124,1.6570296,6.3403816,9.160323,0.25053093,-0.0368046,0.18066326,43.8375,-29.23125,31.66875,46.950733,0.3361091,49.741684,0.2820045,0.08144301,0.355081,0.8875573,0.14973222,-0.25246733,-0.7697644,0.5668362,-1.0,0
1763545204784,1009.83124,0.7471589,6.8345,9.235697,0.0816268,0.38209593,-0.022754714,45.787502,-29.6625,32.568752,46.950733,0.3361091,49.741684,0.2815392,0.08714116,0.35683748,0.88645875,0.15193461,-0.25227746,-0.76918554,0.56712043,-1.0,0
1763545204809,1009.8603,-0.3595216,7.560123,8.157731,-0.053679742,0.31642795,0.007788526,45.09375,-28.743752,32.4375,46.950733,0.3361091,49.741684,0.2798941,0.08885554,0.35776874,0.88643414,0.15486997,-0.2507453,-0.7688493,0.5674618,-1.0,0
1763545204834,1009.8603,-0.21415763,7.95793,8.626125,-0.3363574,-0.020616686,0.06368265,43.575,-30.50625,31.44375,46.950733,0.3361091,49.741684,0.27714494,0.08688034,0.35832456,0.88726884,0.1561407,-0.24870886,-0.7685398,0.56842816,-1.0,0
1763545204859,1009.862,0.718445,6.55095,12.4630165,-0.5454259,0.17119485,0.005497783,45.018753,-30.73125,30.393751,46.950733,0.3361091,49.741684,0.26762122,0.08473058,0.35995048,0.88973886,0.14942013,-0.23764262,-0.7703568,0.57249457,-1.0,0
1763545204884,1009.88763,-0.16211374,5.654838,11.83191,-0.36231917,0.49357873,0.037568185,45.99375,-29.493752,30.206251,46.950733,0.3361091,49.741684,0.26296517,0.0874666,0.3619436,0.8900538,0.15067203,-0.23259197,-0.7707097,0.5737643,-1.0,0
1763545204909,1009.88763,-0.5306084,5.328816,11.085349,-0.18883358,0.18432845,0.07666353,44.775,-29.75625,30.50625,46.950733,0.3361091,49.741684,0.26128238,0.08728367,0.36288473,0.8901841,0.14987089,-0.23113991,-0.77110094,0.57403517,-1.0,0
1763545204934,1009.9018,-0.5174479,4.8729835,10.281959,0.013362667,-0.23991714,0.09697478,45.581253,-30.7875,30.487501,46.950733,0.3361091,49.741684,0.26231992,0.08492538,0.3630204,0.8900518,0.14766116,-0.2328524,-0.77139723,0.57351744,-1.0,0
1763545204959,1009.8996,-0.36251262,4.1760736,7.6666036,-0.11232276,-0.1036943,0.1461494,45.9375,-29.75625,31.0125,46.950733,0.3361091,49.741684,0.26175722,0.08164604,0.36478987,0.8898008,0.14408717,-0.23328485,-0.77134866,0.57431555,-1.0,0
1763545204984,1009.8996,-0.11545369,3.8494534,7.5750785,-0.18700098,0.033902995,0.17653993,45.15,-28.706251,28.875002,46.950733,0.3361091,49.741684,0.25993443,0.08121233,0.3665979,0.88963175,0.14311405,-0.23168884,-0.77098536,0.5756911,-1.0,0
1763545205009,1009.8879,0.24646074,3.6963127,7.2059855,-0.12301289,0.11514801,0.15225805,45.206253,-29.831251,30.000002,46.950733,0.3361091,49.741684,0.25862727,0.08157236,0.36817738,0.8893274,0.14301203,-0.23041196,-0.77061653,0.5767218,-1.0,0
1763545205034,1009.8879,-0.23569304,3.562913,6.4648085,-0.008323032,0.11713332,0.14889829,46.3875,-28.44375,28.10625,46.950733,0.3361091,49.741684,0.25837162,0.08219459,0.36991873,0.88862157,0.14343405,-0.23008373,-0.76979744,0.57784086,-1.0,0
1763545205059,1009.8632,0.3804588,3.8488553,5.453243,0.2615265,-0.05421425,0.33887723,44.643753,-29.118752,28.331251,46.950733,0.3361091,49.741684,0.2626268,0.082123116,0.37481168,0.88532436,0.1442882,-0.23430315,-0.76570976,0.5813532,-1.0,0
1763545205084,1009.8171,0.6622137,3.9415772,5.063213,0.26992586,-0.15103632,0.27779076,45.46875,-30.675001,30.337502,46.950733,0.3361091,49.741684,0.2656663,0.08100546,0.3763763,0.8838554,0.14394195,-0.23753144,-0.76392955,0.5824699,-1.0,0
1763545205109,1009.8171,0.6053841,3.8781674,5.4502516,0.17569998,-0.16523892,0.18814635,44.7,-30.768751,31.500002,46.950733,0.3361091,49.741684,0.2678619,0.079762384,0.37722236,0.88294464,0.14327498,-0.23996733,-0.7628457,0.58305615,-1.0,0
1763545205134,1009.80023,0.48215377,4.104887,6.093921,0.08849903,-0.08659008,0.07864884,46.5,-29.325,28.9125,46.950733,0.3361091,49.741684,0.26854303,0.07968416,0.3776059,0.88258076,0.1433298,-0.24066886,-0.76248854,0.5832206,-1.0,0
1763545205159,1009.8171,-0.07058827,5.212166,7.6570325,-0.19753839,0.3358229,0.03451386,46.6875,-29.681252,30.150002,46.950733,0.3361091,49.741684,0.26388898,0.08382141,0.37973833,0.88268644,0.14618932,-0.23514274,-0.76207834,0.5852975,-1.0,0
1763545205184,1009.8171,0.3481557,5.628517,9.065806,-0.08773545,0.07299834,-0.025198173,45.45,-29.41875,28.725,46.950733,0.3361091,49.741684,0.26356167,0.08381423,0.379291,0.88297725,0.1460756,-0.23484358,-0.7625356,0.5848504,-1.0,0
1763545205209,1009.8371,0.31465617,5.95095,9.23809,-0.0072540194,-0.23655738,-0.07223476,47.193752,-29.493752,28.5375,46.950733,0.3361091,49.741684,0.2651074,0.08076117,0.37684268,0.8838469,0.14339802,-0.23715247,-0.764223,0.58237356,-1.0,0
1763545205235,1009.8671,0.39661035,6.2033925,9.860224,-0.142866,0.07880156,-0.0012217296,45.018753,-29.98125,30.187502,46.950733,0.3361091,49.741684,0.2631749,0.08142344,0.37748155,0.88409096,0.14352542,-0.23514092,-0.7644018,0.5829229,-1.0,0
1763545205260,1009.8671,0.56829536,6.574878,10.654641,-0.18730642,0.14401138,0.068722285,44.53125,-30.50625,27.187502,46.950733,0.3361091,49.741684,0.2614446,0.081375435,0.37851432,0.8841672,0.1430042,-0.23350595,-0.76434726,0.5837791,-1.0,0
1763545205285,1009.8942,2.2007985,6.9224358,10.856834,-0.06940951,-0.3263545,0.050243627,47.287502,-30.6,27.525002,46.950733,0.3361091,49.741684,0.2620403,0.07589639,0.3783229,0.88456005,0.14079809,-0.23430724,-0.76440984,0.5839124,-1.0,0
1763545205310,1009.8942,2.4466612,6.573682,11.289935,-0.21769693,-0.1434005,-0.116980605,46.48125,-31.781252,26.587502,46.950733,0.3361091,49.741684,0.26019692,0.07450032,0.3771954,0.8857036,0.13579525,-0.23412046,-0.76675206,0.5820984,-1.0,0
1763545205335,1009.9272,1.9106688,5.8953166,12.317653,-0.2824486,0.14569125,-0.15225805,50.287502,-29.75625,23.90625,46.950733,0.3361091,49.741684,0.25730374,0.07508006,0.37673658,0.8866946,0.1354823,-0.23127209,-0.7682489,0.5813359,-1.0,0
1763545205361,1009.925,1.6863418,5.449055,10.4362955,0.1966221,-0.059101168,-0.1461494,46.275,-30.675001,25.462502,46.950733,0.3361091,49.741684,0.25875765,0.075760365,0.3744424,0.8871853,0.13608658,-0.23058417,-0.7692817,0.5801009,-1.0,0
1763545205386,1009.925,1.614557,5.130212,8.87139,0.19876012,-0.28970262,-0.16340633,46.518753,-29.531252,24.91875,46.950733,0.3361091,49.741684,0.26111278,0.07384691,0.37216026,0.88761675,0.13607083,-0.23276572,-0.7703413,0.57782274,-1.0,0
1763545205411,1009.9001,2.297708,4.618148,8.656036,0.028328855,-0.27122396,-0.22510368,46.143753,-30.581251,26.250002,46.950733,0.3361091,49.741684,0.2616627,0.0722264,0.36947623,0.8887088,0.13317372,-0.23653492,-0.77343297,0.57281536,-1.0,0
1763545205436,1009.8837,1.6875381,4.130012,8.4604225,-0.12545635,-0.043371398,-0.33597562,47.831253,-30.0375,27.431252,46.950733,0.3361091,49.741684,0.26007265,0.072231375,0.36677045,0.8902945,0.13265617,-0.23506914,-0.77596164,0.5701126,-1.0,0
1763545205461,1009.8837,0.30209386,4.092923,7.920841,-0.013362667,0.08720095,-0.24617851,47.475002,-31.06875,27.675001,46.950733,0.3361091,49.741684,0.25788316,0.074347846,0.36279386,0.89238405,0.13394628,-0.23257196,-0.7795252,0.56595856,-1.0,0
1763545205486,1009.8547,0.48933223,4.51406,6.7878394,0.19081889,-0.10690133,-0.19165882,47.268753,-30.825,25.687502,46.950733,0.3361091,49.741684,0.26017037,0.07425361,0.360561,0.8926329,0.1343632,-0.23483771,-0.78039604,0.5637196,-1.0,0
1763545205511,1009.8547,0.6478567,4.8646083,5.24746,0.25862488,-0.25045455,-0.23243405,48.112503,-30.993752,25.44375,46.950733,0.3361091,49.741684,0.26296613,0.07362404,0.35759953,0.89305705,0.13448313,-0.23766777,-0.78137016,0.5611497,-1.0,0
1763545205536,1009.8073,0.32662028,4.761717,4.9722853,-0.18486296,0.16936226,-0.377209,48.16875,-32.100002,26.118752,46.950733,0.3361091,49.741684,0.26054713,0.07645282,0.35197982,0.8957569,0.13700977,-0.2344316,-0.7844834,0.5575446,-1.0,0
1763545205561,1009.7963,-0.25962126,4.648058,6.3607206,-0.2862665,0.26480988,-0.3649917,48.468754,-30.581251,26.456251,46.950733,0.3361091,49.741684,0.25750577,0.07866624,0.34976086,0.8973125,0.13858111,-0.23085248,-0.78615135,0.55629885,-1.0,0
1763545205587,1009.7963,-0.57846487,4.5338006,7.698907,-0.07017309,0.07864884,-0.2509127,47.5875,-32.15625,25.575,46.950733,0.3361091,49.741684,0.2575137,0.079465985,0.34784943,0.89798254,0.13943847,-0.23061891,-0.78707266,0.554877,-1.0,0
1763545205612,1009.7951,-0.1591227,5.1296134,7.280163,0.42722356,-0.1763872,0.06062833,49.068752,-31.3875,24.900002,46.950733,0.3361091,49.741684,0.2650673,0.079235055,0.34665215,0.8962664,0.14108852,-0.23797669,-0.78559124,0.5534506,-1.0,0
1763545205637,1009.7941,0.48215377,5.8432727,6.940382,0.43501207,-0.021227552,0.14569125,50.381252,-32.23125,23.56875,46.950733,0.3361091,49.741684,0.268964,0.08041869,0.3475212,0.8946621,0.14327385,-0.2414154,-0.7836108,0.5542069,-1.0,0
1763545205663,1009.7941,0.7393822,6.079564,7.2412796,0.38492116,0.049327333,0.10109812,49.068752,-32.1375,25.25625,46.950733,0.3361091,49.741684,0.2722883,0.08204854,0.34812123,0.8932741,0.1457949,-0.24416538,-0.781816,0.5548792,-1.0,0
1763545205689,1009.8034,0.23389842,6.0580287,7.7072816,0.3180315,0.06750056,0.07819069,47.4,-31.556252,25.85625,46.950733,0.3361091,49.741684,0.2751062,0.08323476,0.3487413,0.8920583,0.14774981,-0.24653885,-0.7802176,0.55556196,-1.0,0
1763545205714,1009.8217,1.3722838,6.4037914,9.496515,0.2748128,-0.25106543,0.116675176,47.53125,-32.41875,26.212502,46.950733,0.3361091,49.741684,0.28150445,0.08109165,0.3492169,0.8900713,0.1473542,-0.2531943,-0.7779021,0.55592054,-1.0,0
1763545205739,1009.8217,1.7270198,6.6921268,9.269794,0.20150901,-0.07131846,-0.027488915,47.5875,-32.90625,24.993752,46.950733,0.3361091,49.741684,0.28273764,0.0817234,0.34862456,0.88985485,0.14822465,-0.25426117,-0.77793115,0.55516106,-1.0,0
1763545205764,1009.841,0.49950173,6.9098735,9.229715,-0.048029244,0.3941605,-0.15347977,48.937504,-32.775,25.312502,46.950733,0.3361091,49.741684,0.28012735,0.086170435,0.348874,0.890163,0.1519097,-0.2506394,-0.77814907,0.5555064,-1.0,0
1763545205789,1009.841,-2.243271,6.702894,10.074382,-0.2635118,0.5722276,0.1499673,48.787502,-32.90625,23.94375,46.950733,0.3361091,49.741684,0.27194804,0.09536887,0.35405982,0.8897138,0.1589318,-0.24039891,-0.77622175,0.5607396,-1.0,0
1763545205814,1009.8691,-1.0043873,6.5718875,11.167901,-0.039629854,0.15027274,0.38789913,51.000004,-31.312502,24.225,46.950733,0.3361091,49.741684,0.27210426,0.09549106,0.3576294,0.888224,0.15909891,-0.24051362,-0.7738803,0.56387055,-1.0,0
1763545205839,1009.8786,0.61435723,5.9617176,10.242477,0.15920663,-0.10002911,0.4092794,50.268753,-32.643753,25.781252,46.950733,0.3361091,49.741684,0.27404177,0.09403524,0.36038148,0.88667,0.15803581,-0.24282955,-0.7719921,0.5657621,-1.0,0
1763545205865,1009.8786,0.48035914,4.938786,8.955139,-0.22166756,0.11484258,0.20066908,49.500004,-32.081253,25.518751,46.950733,0.3361091,49.741684,0.2715021,0.09222514,0.36477375,0.88584495,0.15660049,-0.24356714,-0.77105385,0.5671219,-1.0,0
1763545205890,1009.88544,0.49351966,4.558327,9.297911,-0.39011353,0.06704241,0.1273653,49.2,-32.23125,24.31875,46.950733,0.3361091,49.741684,0.2678679,0.090582766,0.36614525,0.88655466,0.15269226,-0.23799898,-0.7716487,0.56973666,-1.0,0
1763545205915,1009.88544,0.57427746,4.2969112,9.143574,-0.44020444,-0.10140356,0.051007207,50.362503,-30.862501,23.493752,46.950733,0.3361091,49.741684,0.2641863,0.087707065,0.36659464,0.88776207,0.14879823,-0.23525734,-0.7732281,0.5697643,-1.0,0
1763545205941,1009.88446,0.07776674,4.3591247,8.944969,-0.3804924,0.0980438,0.06933315,49.55625,-30.468752,24.806252,46.950733,0.3361091,49.741684,0.25649732,0.08525532,0.3685892,0.8894283,0.1453395,-0.23182598,-0.7747746,0.5699627,-1.0,0
1763545205967,1009.85956,-0.22791636,4.4458647,7.4344997,-0.13858995,0.23212862,0.15057817,50.1375,-31.25625,23.7,46.950733,0.3361091,49.741684,0.25487792,0.0864622,0.37073168,0.8888867,0.14419377,-0.2286209,-0.7752941,0.5708412,-1.0,0
1763545205993,1009.8249,-0.23748764,4.5062833,5.9964137,0.022525638,0.11682789,0.2535089,53.2125,-30.581251,23.643751,46.950733,0.3361091,49.741684,0.25527436,0.08665896,0.37315828,0.88773763,0.14510943,-0.227196,-0.7729489,0.5743476,-1.0,0
1763545206017,1009.8249,0.613759,4.4871407,5.6410794,0.099341884,-0.07208204,0.28115052,53.343754,-30.675001,23.025002,46.950733,0.3361091,49.741684,0.25694874,0.08577757,0.37503684,0.88654774,0.14469992,-0.22900303,-0.7712278,0.5760445,-1.0,0
1763545206042,1009.7966,0.68135625,4.2885365,5.408377,0.038560838,0.02932151,0.0481056,51.54375,-30.862501,23.23125,46.950733,0.3361091,49.741684,0.2586243,0.08568533,0.37635818,0.8855089,0.14516881,-0.23055263,-0.7695076,0.57760674,-1.0,0
1763545206067,1009.7966,0.55812585,4.471587,6.4552374,-0.040240716,-0.010079269,-0.0004581486,51.018753,-31.29375,23.456251,46.950733,0.3361091,49.741684,0.25853038,0.08531816,0.37620115,0.8856385,0.14486846,-0.23050006,-0.769474,0.5777478,-1.0,0
1763545206092,1009.8061,0.5772685,4.801797,7.749156,-0.017791437,-0.026725333,-0.07192933,52.912502,-31.35,23.1,46.950733,0.3361091,49.741684,0.25858,0.085516855,0.37545386,0.8859219,0.14510076,-0.23048322,-0.7698597,0.57718223,-1.0,0
1763545206117,1009.82635,-0.31944183,5.348557,8.443074,0.16500984,0.17608178,-0.018631376,53.156254,-31.575,23.868752,46.950733,0.3361091,49.741684,0.2597474,0.08958999,0.37526897,0.885256,0.14936061,-0.23062192,-0.76919365,0.57692814,-1.0,0
1763545206142,1009.82635,-0.6155536,5.8008003,8.63151,0.23984079,0.18814635,0.020922119,53.343754,-30.675001,22.706251,46.950733,0.3361091,49.741684,0.2611509,0.09217541,0.375764,0.88436717,0.15223841,-0.23134294,-0.7681348,0.5772979,-1.0,0
1763545206167,1009.8476,-1.0725827,6.491728,8.738588,0.2494619,0.123547405,0.08185588,52.36875,-31.893751,22.425001,46.950733,0.3361091,49.741684,0.2631475,0.09371709,0.37643322,0.8833281,0.15430483,-0.23285086,-0.7667418,0.57799435,-1.0,0
1763545206192,1009.8735,-0.13579269,6.9332037,8.772686,0.06589704,-0.51068294,0.14019346,51.000004,-30.675001,22.96875,46.950733,0.3361091,49.741684,0.2684686,0.08754226,0.3761153,0.88249546,0.14994158,-0.23928344,-0.7651672,0.57860196,-1.0,0
1763545206217,1009.8735,0.5389833,6.9056864,9.84826,-0.21021384,-0.411112,0.09666935,53.60625,-30.150002,22.81875,46.950733,0.3361091,49.741684,0.26762462,0.08369214,0.37611917,0.88312346,0.14614514,-0.23930927,-0.7654285,0.57921666,-1.0,0
1763545206242,1009.91254,0.33140594,6.665806,10.7024975,-0.3991238,-0.09071342,0.083993904,53.5125,-30.54375,23.15625,46.950733,0.3361091,49.741684,0.2642886,0.08165565,0.37720662,0.8838547,0.14341795,-0.23653203,-0.7657313,0.58063716,-1.0,0
1763545206267,1009.91254,0.8566305,6.339185,10.811969,-0.4803688,-0.027794348,0.15668681,52.65,-29.75625,22.575,46.950733,0.3361091,49.741684,0.26044828,0.07889674,0.37874928,0.8845852,0.13982448,-0.23346756,-0.7660257,0.58236295,-1.0,0
1763545206292,1009.94183,2.3072793,4.8885365,11.2349,-0.5973494,-0.01725693,-0.020616686,53.9625,-28.48125,21.300001,46.950733,0.3361091,49.741684,0.25099468,0.07313534,0.379735,0.8873862,0.1317614,-0.22580087,-0.76896095,0.5833969,-1.0,0
1763545206317,1009.9589,1.3884354,4.139583,11.413764,-0.6807324,0.5338958,-0.109650224,53.775,-27.88125,21.581251,46.950733,0.3361091,49.741684,0.2425453,0.07607344,0.3810402,0.888928,0.1323553,-0.21701948,-0.77070594,0.5842918,-1.0,0
1763545206342,1009.9589,-0.025722843,3.9379878,12.320045,-0.48831004,0.7163917,0.0129808765,54.61875,-27.4125,20.550001,46.950733,0.3361091,49.741684,0.23683794,0.07944256,0.38343814,0.8891411,0.13401537,-0.21081558,-0.77098006,0.58582115,-1.0,0
1763545206367,1009.9455,0.3361916,3.9403806,11.898909,0.1268308,0.0065667965,0.24541493,55.3875,-27.337502,19.6875,46.950733,0.3361091,49.741684,0.23967586,0.07785861,0.3851826,0.88776565,0.13289613,-0.21411471,-0.7699481,0.58623666,-1.0,0
1763545206392,1009.9074,2.74038,4.386642,6.849455,0.47059494,-1.0601559,0.17211115,54.99375,-27.862501,19.44375,46.950733,0.3361091,49.741684,0.25491476,0.063592725,0.38351348,0.8853767,0.12235204,-0.23249847,-0.7688676,0.58293825,-1.0,0
1763545206417,1009.9074,3.2709885,4.316054,6.279963,-0.05535962,-0.4650208,-0.07864884,52.800003,-27.73125,20.90625,46.950733,0.3361091,49.741684,0.25444412,0.06059878,0.381815,0.8864555,0.119309664,-0.2327643,-0.770375,0.5814708,-1.0,0
1763545206443,1009.88837,0.47018966,3.8057845,8.443673,-0.4741074,0.43982264,-0.32757625,55.537502,-27.093752,22.44375,46.950733,0.3361091,49.741684,0.24353744,0.064740576,0.37883425,0.8904958,0.11963433,-0.22666566,-0.77297866,0.580357,-1.0,0
1763545206469,1009.88837,0.25244278,3.9098723,8.592028,-0.100869045,0.10506874,-0.22357652,56.60625,-26.343752,20.268751,46.950733,0.3361091,49.741684,0.2432925,0.06517924,0.3771067,0.89126366,0.12065974,-0.22123076,-0.7752231,0.5792473,-1.0,0
1763545206494,1009.86176,0.6155536,4.254439,7.0839515,0.26122105,-0.2930624,-0.15347977,53.475002,-26.1375,16.875,46.950733,0.3361091,49.741684,0.24687308,0.06364523,0.3748231,0.89135325,0.12024579,-0.22480653,-0.77736855,0.5750662,-1.0,0
1763545206519,1009.83026,1.5427724,4.8125644,5.9898334,0.06207913,-0.049480047,-0.24159703,53.756252,-25.143751,21.28125,46.950733,0.3361091,49.741684,0.25013793,0.06322839,0.37028205,0.8923701,0.1197899,-0.22784218,-0.77804863,0.57304335,-1.0,0
1763545206544,1009.83026,0.97567344,4.8508496,6.791429,0.012293654,0.13194679,-0.29031348,55.256252,-25.743752,21.0,46.950733,0.3361091,49.741684,0.25005683,0.06511963,0.36811766,0.89315194,0.120776296,-0.22799101,-0.7790224,0.5714519,-1.0,0
1763545206569,1009.80927,0.34337005,4.851448,7.051648,0.1117119,0.1036943,-0.25686863,56.11875,-24.525002,19.29375,46.950733,0.3361091,49.741684,0.2510725,0.06690714,0.36615863,0.8935401,0.12268592,-0.22741409,-0.78006595,0.5698492,-1.0,0
1763545206594,1009.80804,0.051445685,4.935795,7.0540414,0.25999933,-0.007941242,-0.16203189,55.65,-24.69375,18.88125,46.950733,0.3361091,49.741684,0.25374296,0.06814415,0.36466154,0.89330447,0.12666278,-0.2301861,-0.78063446,0.5670809,-1.0,0
1763545206619,1009.80804,0.20638095,5.4556355,6.8506513,0.24808747,-0.03008509,-0.0021380268,57.43125,-23.868752,17.8875,46.950733,0.3361091,49.741684,0.2590762,0.06997885,0.36367548,0.89203286,0.1299706,-0.23478746,-0.77902037,0.5666655,-1.0,0
1763545206645,1009.821,0.5288138,5.654838,8.471788,0.23403756,0.08796453,0.07498365,55.687504,-24.431252,19.48125,46.950733,0.3361091,49.741684,0.26137203,0.07170271,0.3644582,0.8909061,0.13232173,-0.2365324,-0.77743256,0.5675756,-1.0,0
1763545206670,1009.821,0.60059845,5.7170515,8.603992,0.45089456,0.007788526,0.13790272,55.7625,-24.056252,19.462502,46.950733,0.3361091,49.741684,0.2659895,0.072665416,0.3652579,0.88913214,0.13439396,-0.2407674,-0.77544844,0.568022,-1.0,0
1763545206695,1009.8271,2.140978,6.3086767,7.2861447,0.28687736,-0.25030184,0.08659008,55.237503,-23.737501,19.800001,46.950733,0.3361091,49.741684,0.27410433,0.07044913,0.36516994,0.88687915,0.13436276,-0.24908414,-0.77289,0.5679303,-1.0,0
1763545206720,1009.851,2.4634109,6.518647,8.5220375,-0.11033745,-0.036651887,-0.15195261,55.875004,-24.300001,18.993752,46.950733,0.3361091,49.741684,0.27261487,0.07044117,0.3637044,0.88794047,0.13409683,-0.24758604,-0.7740431,0.56707716,-1.0,0
1763545206745,1009.851,1.0043873,6.578468,10.073783,-0.36430448,0.24969098,-0.27687445,54.9,-24.018751,19.087502,46.950733,0.3361091,49.741684,0.26837113,0.07192022,0.36248043,0.88961357,0.13454741,-0.24308966,-0.77587247,0.5664153,-1.0,0
1763545206770,1009.89325,0.23389842,6.0640106,12.333804,-0.37316203,-0.049938194,-0.11911863,55.912502,-23.5125,16.63125,46.950733,0.3361091,49.741684,0.26115522,0.07061565,0.3606964,0.8925858,0.13151199,-0.23641749,-0.77925515,0.5653077,-1.0,0
1763545206796,1009.9406,0.66400826,5.4412785,12.868002,-0.31696245,-0.10033454,-0.115911596,57.787502,-20.71875,17.04375,46.950733,0.3361091,49.741684,0.25827035,0.069524564,0.3597175,0.8939049,0.12961978,-0.23395713,-0.7811035,0.5642164,-1.0,0
1763545206821,1009.9406,-0.109471634,4.8472605,12.343974,-0.23846634,0.20402883,-0.11942407,56.025,-20.8875,15.69375,46.950733,0.3361091,49.741684,0.2550671,0.071206644,0.3597208,0.89469063,0.13026257,-0.23056734,-0.7824017,0.5636648,-1.0,0
1763545206846,1009.94403,-0.6119644,4.5397825,11.149357,-0.05093085,0.25961754,-0.0019853106,58.3875,-19.9125,17.400002,46.950733,0.3361091,49.741684,0.2538529,0.07298107,0.36049643,0.89458084,0.13149904,-0.22907537,-0.78259,0.56372464,-1.0,0
1763545206871,1009.94403,0.54675996,4.421936,7.57448,0.097814724,-0.10476331,0.06307179,56.98125,-20.41875,16.181252,46.950733,0.3361091,49.741684,0.25538948,0.07237578,0.36122635,0.89389795,0.13107666,-0.23082668,-0.7822452,0.56358707,-1.0,0
1763545206896,1009.9089,0.64905316,4.2705903,7.012167,-0.18303037,-0.037873615,-0.050243627,55.65,-19.06875,15.7875,46.950733,0.3361091,49.741684,0.25319424,0.07155674,0.36073315,0.8947871,0.1297647,-0.22888601,-0.78321135,0.5633403,-1.0,0
1763545206921,1009.8979,0.26979074,4.109673,8.03809,-0.40569058,0.066736974,-0.11988221,56.343754,-18.487501,16.143751,46.950733,0.3361091,49.741684,0.24921027,0.071187496,0.36021316,0.89614344,0.12846453,-0.2251006,-0.7846358,0.56318134,-1.0,0
1763545206946,1009.8979,-0.27098715,3.9188452,8.178069,-0.06146827,0.16676609,0.025045456,56.30625,-18.0,16.59375,46.950733,0.3361091,49.741684,0.2452851,0.0731702,0.3611339,0.896696,0.12850797,-0.22187945,-0.7854676,0.5632902,-1.0,0
1763545206971,1009.8732,0.046061836,3.9984066,6.8578296,0.10468695,0.0386372,0.107817635,55.912502,-17.15625,15.187501,46.950733,0.3361091,49.741684,0.2462387,0.07355297,0.3620739,0.896024,0.12988262,-0.22175221,-0.7845149,0.5643517,-1.0,0
1763545206997,1009.83344,0.46959144,4.0570307,5.851648,0.13355032,-0.03451386,0.11866048,56.156254,-16.7625,13.9125,46.950733,0.3361091,49.741684,0.24760811,0.073308736,0.36278614,0.8953783,0.13000223,-0.22312187,-0.7836379,0.56500244,-1.0,0
1763545207022,1009.83344,0.9086744,4.077968,5.666204,0.08575014,-0.11377356,0.06734784,57.206253,-16.425001,16.237501,46.950733,0.3361091,49.741684,0.24895383,0.07268155,0.36221543,0.89528733,0.12956181,-0.22447155,-0.78317386,0.5652123,-1.0,0
1763545207047,1009.80414,0.20398813,4.1647077,6.4031935,-0.0410043,0.17287473,-0.12797616,57.675003,-15.731251,14.306251,46.950733,0.3361091,49.741684,0.24797963,0.07455668,0.3616149,0.89564615,0.12983029,-0.22450995,-0.7833888,0.56483746,-1.0,0
1763545207072,1009.7834,-0.6239285,4.2723846,7.1491556,0.028481571,0.18784092,-0.09636392,54.91875,-17.00625,14.19375,46.950733,0.3361091,49.741684,0.24802835,0.0764211,0.36124063,0.89562654,0.13334018,-0.22266261,-0.7837021,0.5643162,-1.0,0
1763545207097,1009.7834,-0.8111669,4.4111686,7.300502,0.20654866,0.016035201,-0.0129808765,56.156254,-16.0125,14.325001,46.950733,0.3361091,49.741684,0.25023156,0.07730476,0.36097845,0.89504343,0.13477325,-0.22456188,-0.7830734,0.5640959,-1.0,0
1763545207122,1009.76215,-0.8219346,4.985446,6.175875,0.27084216,-0.05299252,0.08170316,56.2125,-15.750001,13.218751,46.950733,0.3361091,49.741684,0.2558211,0.07831054,0.36141306,0.89319855,0.13609402,-0.22766668,-0.78199345,0.5640324,-1.0,0
1763545207148,1009.76215,-0.7118647,5.2313085,6.769295,0.08055779,-0.0858265,0.16065744,56.86875,-14.681251,13.25625,46.950733,0.3361091,49.741684,0.2569788,0.07705692,0.36239627,0.89257663,0.13727379,-0.22963648,-0.7807107,0.56472456,-1.0,0
1763545207173,1009.7785,0.503091,5.561518,8.977871,-0.031535894,-0.48579022,0.16676609,54.525,-13.931251,13.762501,46.950733,0.3361091,49.741684,0.2589124,0.07177974,0.3621326,0.89256483,0.13199507,-0.23401979,-0.7791445,0.5663443,-1.0,0
1763545207198,1009.82294,0.9290134,6.282954,11.614162,-0.13874267,-0.2451095,0.07666353,53.250004,-14.437501,14.08125,46.950733,0.3361091,49.741684,0.25946063,0.06438938,0.3619284,0.8930521,0.124882974,-0.23636846,-0.7798367,0.566029,-1.0,0
1763545207224,1009.82294,0.4564309,6.6478596,11.830115,-0.08513928,0.22372922,0.13561198,55.893753,-13.8,13.14375,46.950733,0.3361091,49.741684,0.25807667,0.06607349,0.36397278,0.892499,0.12612855,-0.2346505,-0.7789448,0.56769335,-1.0,0
1763545207249,1009.8471,0.64606214,6.8333035,10.424332,0.023136504,0.14294235,0.205556,54.412502,-14.437501,14.118751,46.950733,0.3361091,49.741684,0.25813368,0.06608693,0.36579597,0.89173585,0.12616123,-0.23469944,-0.7777516,0.5692995,-1.0,0
1763545207275,1009.8781,1.393221,6.209973,11.310873,-0.28825182,-0.24831653,-0.058795735,52.7625,-12.618751,12.31875,46.950733,0.3361091,49.741684,0.25632668,0.060160227,0.36465594,0.89314246,0.12013219,-0.23428799,-0.7790069,0.5690568,-1.0,0
1763545207301,1009.8781,1.253839,5.3772707,13.079168,-0.26992586,0.114689864,-0.060781047,52.443752,-11.400001,11.3625,46.950733,0.3361091,49.741684,0.2537916,0.06101875,0.36489832,0.893709,0.12026087,-0.23166956,-0.7797292,0.5691124,-1.0,0
1763545207326,1009.89545,1.4303098,4.9375896,12.691531,0.102854356,0.20647229,0.019089524,53.456253,-10.78125,10.762501,46.950733,0.3361091,49.741684,0.25459865,0.062686674,0.36551148,0.89311326,0.12181743,-0.23218657,-0.77963233,0.5687032,-1.0,0
1763545207351,1009.89545,2.2301106,4.4835515,8.502895,0.39790204,-0.3675879,-0.02535089,51.037502,-11.793751,12.3,46.950733,0.3361091,49.741684,0.26288214,0.0598064,0.36364654,0.89167106,0.120563395,-0.24113959,-0.7797132,0.56512254,-1.0,0
1763545207376,1009.8649,2.2331018,4.2831526,7.5607214,0.1211803,-0.10567961,-0.08185588,51.506252,-10.2375,10.931251,46.950733,0.3361091,49.741684,0.26321533,0.059897624,0.3629351,0.89185655,0.12061931,-0.24149746,-0.7803238,0.5641141,-1.0,0
1763545207401,1009.83,1.6671991,4.2077785,7.42792,-0.13019055,0.24572036,-0.114689864,51.7125,-9.975,11.3625,46.950733,0.3361091,49.741684,0.26100492,0.061633017,0.36282033,0.8924344,0.12170231,-0.23897853,-0.7810979,0.5638828,-1.0,0
1763545207426,1009.83,1.1760724,4.141378,7.739585,-0.0721584,0.21700971,-0.09773836,52.143753,-10.668751,11.19375,46.950733,0.3361091,49.741684,0.26021585,0.063184276,0.36256862,0.89265865,0.12295414,-0.23787984,-0.7815374,0.56346667,-1.0,0
1763545207452,1009.7812,0.8554341,4.551747,4.558925,0.24182609,-0.09911281,-0.06902772,51.693752,-9.356251,10.856251,46.950733,0.3361091,49.741684,0.2642989,0.064054795,0.3608226,0.8921043,0.124762475,-0.2416428,-0.78142,0.5616279,-1.0,0
1763545207476,1009.74384,1.2705889,4.738985,4.3686957,0.034742933,-0.18585561,-0.13423753,50.4,-8.493751,11.418751,46.950733,0.3361091,49.741684,0.26499176,0.06295794,0.3589891,0.8927164,0.12404694,-0.24248028,-0.78201807,0.56059206,-1.0,0
1763545207502,1009.74384,1.2209377,4.5918264,5.66082,-0.1550833,-0.040011644,-0.22983788,51.45,-8.38125,10.9875,46.950733,0.3361091,49.741684,0.26373398,0.063049,0.35701507,0.89387333,0.12399567,-0.24115522,-0.78324234,0.55946463,-1.0,0
1763545207528,1009.7414,0.52163535,4.5409794,7.5978103,0.003894263,0.1084285,-0.21258095,49.406254,-9.712501,11.26875,46.950733,0.3361091,49.741684,0.26240322,0.06568322,0.35377666,0.89536154,0.12497558,-0.23929125,-0.7845087,0.5582713,-1.0,0
1763545207553,1009.74384,0.37387854,4.7084765,7.492526,0.23602287,-0.035888307,-0.13377939,48.54375,-7.4437504,12.01875,46.950733,0.3361091,49.741684,0.26495528,0.06644554,0.3524498,0.895077,0.12766443,-0.24149144,-0.7853157,0.5555744,-1.0,0
1763545207578,1009.74384,0.39601216,4.913063,6.748956,0.36583164,-0.08353576,-0.05329795,49.2,-7.9875,10.125,46.950733,0.3361091,49.741684,0.26842478,0.067218155,0.35169277,0.894283,0.12927154,-0.24466105,-0.7846568,0.5547463,-1.0,0
1763545207603,1009.7382,1.0588241,5.272585,6.903293,0.27908885,0.0386372,0.050854493,46.2,-8.175,11.3625,46.950733,0.3361091,49.741684,0.27388915,0.06961873,0.35199052,0.89232314,0.13113333,-0.24728848,-0.7834888,0.5547952,-1.0,0
1763545207629,1009.7382,1.198206,5.3736815,7.7868433,0.28565565,0.06963859,0.008857539,47.925003,-6.99375,10.5,46.950733,0.3361091,49.741684,0.27634954,0.071103185,0.3519897,0.8914475,0.13518582,-0.25129572,-0.78127605,0.55514234,-1.0,0
1763545207654,1009.747,0.887139,5.4616175,8.046464,0.29206973,0.022754714,-0.0056504994,46.36875,-7.2937503,12.075001,46.950733,0.3361091,49.741684,0.27885193,0.071956664,0.3517997,0.89067435,0.1366136,-0.25352097,-0.7805706,0.5547732,-1.0,0
1763545207680,1009.76776,1.2610176,5.67757,8.554939,0.20685409,-0.07498365,-0.002290743,46.10625,-8.043751,10.14375,46.950733,0.3361091,49.741684,0.28066534,0.071853794,0.35133794,0.89029527,0.13695331,-0.25530332,-0.78030115,0.554251,-1.0,0
1763545207705,1009.76776,0.19800608,6.3403816,9.416355,-0.11751511,0.20433427,-0.0386372,45.675003,-5.8500004,9.431251,46.950733,0.3361091,49.741684,0.2785017,0.07395867,0.3515462,0.89072007,0.13756718,-0.25520316,-0.7805659,0.55377203,-1.0,0
1763545207731,1009.79535,-0.401396,6.725028,9.873384,-0.26412266,0.21731515,0.068722285,45.35625,-7.6125,7.4062505,46.950733,0.3361091,49.741684,0.27550787,0.07442092,0.3529972,0.89103866,0.13822238,-0.24967511,-0.7806007,0.55607504,-1.0,0
1763545207757,1009.8376,0.091525465,6.927222,10.539187,-0.34017533,-0.03848448,0.13836087,44.475002,-5.2312503,10.3125,46.950733,0.3361091,49.741684,0.27289462,0.07212948,0.35406438,0.8916077,0.13546745,-0.24763423,-0.7806826,0.55754864,-1.0,0
1763545207782,1009.8376,0.6562316,6.1292152,13.04208,-0.32948518,0.00962112,0.083993904,42.675003,-7.0312505,9.20625,46.950733,0.3361091,49.741684,0.26714015,0.06844805,0.3559266,0.89289826,0.1304373,-0.24297142,-0.7816643,0.55942106,-1.0,0
1763545207807,1009.8671,-0.29252258,5.42094,12.070594,-0.20547964,0.34468046,0.124616414,44.850002,-4.18125,8.962501,46.950733,0.3361091,49.741684,0.26410022,0.07046373,0.35829583,0.89269817,0.13148242,-0.23963816,-0.7813333,0.56107414,-1.0,0
1763545207833,1009.8671,-0.07776674,5.3419766,10.96511,-0.06467531,0.18402301,0.20433427,40.256252,-4.40625,9.618751,46.950733,0.3361091,49.741684,0.263218,0.07081686,0.36030856,0.89212054,0.13147755,-0.23877269,-0.78061503,0.56244236,-1.0,0
1763545207858,1009.86664,0.38285163,4.6971107,8.097312,-0.050625417,-0.020311253,0.083383046,40.55625,-3.0,8.418751,46.950733,0.3361091,49.741684,0.2626271,0.06952476,0.36204132,0.89169466,0.12993042,-0.23858915,-0.7801467,0.56352854,-1.0,0
1763545207883,1009.84,0.04965107,4.39741,7.507481,-0.2796997,0.16584979,0.06811142,42.318752,-2.9625,9.168751,46.950733,0.3361091,49.741684,0.25914922,0.069959916,0.36337292,0.8921364,0.12953079,-0.23510526,-0.7802499,0.56494015,-1.0,0
1763545207908,1009.84,-0.17407785,4.0558343,7.9573317,-0.3580431,0.24266604,0.10415245,40.631252,-2.7375002,7.3125005,46.950733,0.3361091,49.741684,0.25542927,0.07072749,0.3651975,0.89240366,0.12939934,-0.23130563,-0.7800592,0.56679904,-1.0,0
1763545207933,1009.8144,-0.30029923,3.8835511,6.771688,0.09674571,0.07788526,0.35521787,41.4,-2.41875,8.775001,46.950733,0.3361091,49.741684,0.25504655,0.071699776,0.37093636,0.89006555,0.13019839,-0.23073353,-0.77655923,0.5716347,-1.0,0
1763545207958,1009.77045,0.5623133,3.9176488,5.3186464,0.2625955,-0.02046397,0.43600473,37.85625,-3.91875,10.14375,46.950733,0.3361091,49.741684,0.257824,0.071346395,0.37435383,0.8878602,0.13054077,-0.23350081,-0.773541,0.5745179,-1.0,0
1763545207983,1009.77045,1.2628121,4.0163527,4.2646084,0.22426373,-0.094378605,0.38759372,39.975002,-2.9437501,8.94375,46.950733,0.3361091,49.741684,0.26023707,0.07031306,0.3770575,0.8860928,0.1301967,-0.23604253,-0.7709704,0.57700723,-1.0,0
1763545208008,1009.737,1.3980067,4.0325046,4.4261236,0.073380135,-0.08032872,0.26343542,37.537502,-3.43125,8.606251,46.950733,0.3361091,49.741684,0.26137635,0.06917343,0.37881827,0.88509554,0.1294776,-0.2373565,-0.7692982,0.578859,-1.0,0
1763545208034,1009.737,0.4438686,4.549354,5.994021,-0.05291616,0.010384701,0.076052666,37.912502,-3.15,7.4812503,46.950733,0.3361091,49.741684,0.26128808,0.0681234,0.3804628,0.8844975,0.12862396,-0.23741977,-0.7678678,0.5809189,-1.0,0
1763545208058,1009.7292,0.20518455,4.910072,7.1688967,-0.04405862,-0.06475167,0.07192933,35.71875,-2.2687502,9.356251,46.950733,0.3361091,49.741684,0.26157588,0.067185536,0.3808418,0.88432103,0.1278854,-0.23786794,-0.7673534,0.5815779,-1.0,0
1763545208085,1009.74603,0.5288138,5.3479586,8.312068,0.04848739,-0.18829907,0.064140804,35.34375,-2.04375,7.8375,46.950733,0.3361091,49.741684,0.263055,0.06572856,0.38066122,0.8840695,0.12689489,-0.2396161,-0.7669832,0.5815656,-1.0,0
1763545208110,1009.74603,0.53180486,5.871987,8.639884,0.08513928,0.052076224,-0.008704823,33.45,-2.625,8.83125,46.950733,0.3361091,49.741684,0.2648046,0.066462286,0.38035825,0.8836226,0.12810893,-0.241095,-0.766424,0.5814254,-1.0,0
1763545208135,1009.76776,0.69930243,6.2147584,9.063414,-0.02527453,0.018173227,-0.02687805,33.45,-2.625,9.150001,46.950733,0.3361091,49.741684,0.26458704,0.06623334,0.37990132,0.8839015,0.12791851,-0.24089418,-0.76660156,0.5813165,-1.0,0
1763545208160,1009.80023,0.6221339,6.5497537,9.902697,-0.09918917,-0.14126249,-0.08918626,31.66875,-2.04375,8.38125,46.950733,0.3361091,49.741684,0.26414797,0.06493636,0.3787306,0.88463116,0.12663186,-0.24073894,-0.76740366,0.5806038,-1.0,0
1763545208185,1009.80023,0.20219351,6.8518476,10.450653,-0.18791728,-0.07925971,-0.095142186,33.075,-0.90000004,8.00625,46.950733,0.3361091,49.741684,0.26261294,0.064153045,0.37797615,0.8854676,0.12558536,-0.23939401,-0.7681951,0.5803405,-1.0,0
1763545208210,1009.8378,0.3062813,6.678368,10.930414,-0.06131555,-0.039553493,0.13377939,31.050001,-1.3875,10.106251,46.950733,0.3361091,49.741684,0.26106432,0.06305749,0.37953368,0.885338,0.12426634,-0.2380939,-0.7674062,0.5822,-1.0,0
1763545208235,1009.8581,1.6654046,6.5479593,11.197213,-0.08086322,-0.13423753,0.21273366,30.375002,-1.1812501,8.625,46.950733,0.3361091,49.741684,0.26104057,0.061145127,0.38089672,0.88489366,0.12245231,-0.23850857,-0.76652974,0.5835677,-1.0,0
1763545208260,1009.8581,2.8552356,5.360521,11.200205,-0.04497492,-0.11133011,-0.016493348,28.893751,-1.9687501,9.6,46.950733,0.3361091,49.741684,0.26110306,0.057936206,0.3808296,0.88512003,0.120543174,-0.2392874,-0.7664486,0.5837529,-1.0,0
1763545208285,1009.8649,2.3682961,4.8771706,10.844871,-0.09231694,0.0048869182,-0.13607013,29.04375,-0.35625002,11.025001,46.950733,0.3361091,49.741684,0.25982818,0.05780836,0.37983537,0.88593036,0.119126506,-0.23945831,-0.7673191,0.5828293,-1.0,0
1763545208310,1009.8649,1.8604196,4.3387856,10.733006,-0.1392008,0.12950334,-0.16875139,27.31875,-2.3812501,10.556251,46.950733,0.3361091,49.741684,0.2578635,0.058595438,0.37892422,0.8868424,0.11859225,-0.2363533,-0.7704176,0.58011186,-1.0,0
1763545208335,1009.86786,1.4943178,4.0773697,10.408778,-0.074907295,0.11133011,-0.18371758,26.400002,-1.2375001,9.95625,46.950733,0.3361091,49.741684,0.2567186,0.05926834,0.37765384,0.88767135,0.11874311,-0.2351962,-0.7720889,0.5783265,-1.0,0
1763545208360,1009.8481,0.9708878,3.9463627,8.540583,0.059177525,-0.04734202,-0.16890411,26.212502,-1.3875,10.9125,46.950733,0.3361091,49.741684,0.25700644,0.059531856,0.37458038,0.88887185,0.11870102,-0.235598,-0.77488244,0.5744222,-1.0,0
1763545208386,1009.8481,0.9942178,4.1150565,7.730612,0.08452842,0.06307179,-0.15042545,25.312502,-2.8500001,11.1,46.950733,0.3361091,49.741684,0.2573007,0.06090731,0.3735135,0.88914245,0.120008714,-0.2356083,-0.77563727,0.573126,-1.0,0
1763545208411,1009.8173,0.9696914,4.267001,6.788438,0.1674533,0.13500112,-0.15012002,24.937502,-2.625,9.731251,46.950733,0.3361091,49.741684,0.25834206,0.063082136,0.37245655,0.8891322,0.12232717,-0.23612718,-0.7759763,0.57196224,-1.0,0
1763545208436,1009.8173,0.5706882,4.49731,5.5537415,0.24793474,0.10644319,-0.14844014,24.243752,-3.9375002,9.262501,46.950733,0.3361091,49.741684,0.2602217,0.06499182,0.3712671,0.88894403,0.124659166,-0.23748551,-0.7759967,0.5708676,-1.0,0
1763545208462,1009.76385,1.1910275,4.8586264,5.4412785,0.060704686,0.005345067,-0.18325943,23.71875,-2.1375,9.825001,46.950733,0.3361091,49.741684,0.26236126,0.066808686,0.36810452,0.88949555,0.12725374,-0.23896301,-0.77651095,0.56897616,-1.0,0
1763545208488,1009.7443,1.0163515,4.7024946,6.294918,0.042684175,0.09422589,-0.24495678,22.556252,-2.11875,10.106251,46.950733,0.3361091,49.741684,0.26258028,0.068628214,0.36623532,0.8900637,0.12918575,-0.2386824,-0.77723956,0.56766224,-1.0,0
1763545208513,1009.7341,0.3152544,4.853841,6.695118,0.22655447,0.09422589,-0.07086031,21.431252,-3.99375,10.950001,46.950733,0.3361091,49.741684,0.26532212,0.07265221,0.36460713,0.8895996,0.13388546,-0.24030991,-0.7768502,0.5664182,-1.0,0
1763545208538,1009.7341,0.93320084,5.271388,6.608378,0.34964374,-0.097432934,-0.021074835,22.3125,-4.0125003,10.087501,46.950733,0.3361091,49.741684,0.26907888,0.07287056,0.36375397,0.88880223,0.13507392,-0.24386185,-0.77609485,0.5656529,-1.0,0
1763545208563,1009.72504,0.9828519,5.4819565,6.5647087,0.37636906,-0.16203189,-0.037873615,20.400002,-5.3625,12.525001,46.950733,0.3361091,49.741684,0.27294305,0.07308468,0.3628062,0.88799345,0.13630535,-0.24750787,-0.77530813,0.56485224,-1.0,0
1763545208589,1009.72504,0.7040881,5.6727843,6.6335025,0.31589344,0.0025961753,-0.018325943,19.181252,-7.0875,12.13125,46.950733,0.3361091,49.741684,0.2755368,0.074616246,0.36267924,0.8871165,0.13853168,-0.24959385,-0.77421933,0.5648861,-1.0,0
1763545208614,1009.72845,0.9445667,6.073582,8.026125,0.21464261,-0.06536253,0.0697913,19.0125,-7.9687505,11.4375,46.950733,0.3361091,49.741684,0.27992174,0.07566783,0.36323845,0.8854242,0.14085096,-0.25346166,-0.7718924,0.565774,-1.0,0
1763545208638,1009.75336,1.5894325,6.250053,9.030513,0.16531529,-0.2614501,0.044134982,16.59375,-6.6375003,14.38125,46.950733,0.3361091,49.741684,0.28219572,0.07384747,0.36266315,0.88509184,0.13968447,-0.25607836,-0.7715922,0.56529427,-1.0,0
1763545208663,1009.75336,2.030908,6.311668,10.010972,0.057192214,-0.089033544,-0.046273008,17.25,-9.3,13.5375,46.950733,0.3361091,49.741684,0.28244463,0.07402973,0.3620717,0.88523936,0.13988708,-0.2562947,-0.7719534,0.5646526,-1.0,0
1763545208688,1009.7807,-0.29910284,6.5682983,10.186246,-0.14592032,0.43966994,-0.07223476,17.25,-8.55,13.031251,46.950733,0.3361091,49.741684,0.2774077,0.080105245,0.36294484,0.8859454,0.14242534,-0.2533548,-0.7726427,0.56440204,-1.0,0
1763545208713,1009.81464,0.27996024,6.8374906,10.377672,-0.1645517,0.09773836,0.050090913,17.831251,-9.356251,13.031251,46.950733,0.3361091,49.741684,0.27592906,0.07954321,0.36335933,0.88628775,0.1435697,-0.24870005,-0.7728861,0.5658473,-1.0,0
1763545208738,1009.81464,1.3657036,6.6681986,10.987842,-0.20822853,-0.18280129,-0.06963859,16.650002,-9.356251,13.6125,46.950733,0.3361091,49.741684,0.27441376,0.077795096,0.36206564,0.8874421,0.1415182,-0.2476441,-0.77429545,0.5648996,-1.0,0
1763545208763,1009.8349,-0.9912268,5.0548377,11.078171,-0.28183773,0.29733843,-0.12858704,16.1625,-10.275001,13.725,46.950733,0.3361091,49.741684,0.26740086,0.080556594,0.36114246,0.88970983,0.14162464,-0.2438971,-0.7761562,0.56394875,-1.0,0
1763545208789,1009.8349,-0.74117684,4.7431726,10.484153,-0.08651373,0.0036651888,0.033139415,16.63125,-9.375,14.700001,46.950733,0.3361091,49.741684,0.26687455,0.07973102,0.36138967,0.8898418,0.14232524,-0.24028338,-0.7771567,0.56394583,-1.0,0
1763545208814,1009.83856,-0.049052864,4.6881375,8.962915,0.011071924,-0.23594652,0.089033544,16.181252,-10.03125,15.093751,46.950733,0.3361091,49.741684,0.26730898,0.077603705,0.3615017,0.88985395,0.13918002,-0.24105053,-0.77781063,0.5635017,-1.0,0
1763545208840,1009.8166,0.17647067,4.4452662,7.5607214,-0.268246,-0.02687805,0.028863361,14.212501,-9.618751,15.281251,46.950733,0.3361091,49.741684,0.26375112,0.07498371,0.36214066,0.89087987,0.1373361,-0.24050431,-0.7782315,0.56360644,-1.0,0
1763545208865,1009.8166,0.10348958,4.152744,7.611569,-0.30841035,0.10827578,0.030390523,15.225,-10.5,14.437501,46.950733,0.3361091,49.741684,0.2607147,0.07506847,0.36299467,0.89141876,0.13572837,-0.2382541,-0.77879155,0.5641777,-1.0,0
1763545208890,1009.7956,-0.05742774,4.135994,7.0654073,-0.19799654,0.13607013,0.06383537,14.175,-10.6125,14.56875,46.950733,0.3361091,49.741684,0.25884798,0.07533955,0.36398613,0.89153564,0.13486561,-0.23343003,-0.7790825,0.5659966,-1.0,0
1763545208915,1009.76434,-0.13878371,4.1084766,6.25424,-0.0796415,-0.016493348,0.09498947,14.418751,-11.3625,17.19375,46.950733,0.3361091,49.741684,0.25856867,0.07436632,0.36474046,0.8913901,0.13387561,-0.23337832,-0.7787086,0.56676704,-1.0,0
1763545208941,1009.76434,0.5419743,4.074379,6.775277,0.042226028,-0.17409647,0.170584,13.181251,-11.1,16.237501,46.950733,0.3361091,49.741684,0.26037556,0.07086032,0.36651194,0.8904226,0.13098408,-0.23592326,-0.77714777,0.5685286,-1.0,0
1763545208965,1009.7519,0.7680961,4.2077785,6.3194447,0.07750347,-0.012064579,0.1517999,10.9125,-11.962501,17.90625,46.950733,0.3361091,49.741684,0.26099735,0.07097277,0.3677399,0.889725,0.13124065,-0.23650086,-0.77617985,0.5695508,-1.0,0
1763545208990,1009.7519,0.6305088,4.5649076,6.5252275,0.050014555,0.06963859,0.08491021,12.450001,-13.9125,17.1,46.950733,0.3361091,49.741684,0.26138327,0.07149728,0.3684035,0.8892951,0.13188,-0.23672926,-0.7755127,0.5702166,-1.0,0
1763545209016,1009.737,-0.17048861,4.874778,7.6749787,0.20838125,-0.017409647,0.047952887,12.825001,-13.387501,18.4125,46.950733,0.3361091,49.741684,0.26463163,0.07264554,0.36881033,0.8880719,0.13387407,-0.23955168,-0.77398264,0.57065195,-1.0,0
1763545209041,1009.7441,-0.21595225,5.104489,7.170093,0.29527676,-0.0067195124,0.10063997,11.90625,-12.8625,18.16875,46.950733,0.3361091,49.741684,0.26721662,0.07353393,0.36949223,0.88694054,0.13540387,-0.24182177,-0.7726064,0.57119817,-1.0,0
1763545209066,1009.7441,0.1902294,5.5597234,7.047461,0.23464844,-0.021532983,0.12583815,11.118751,-15.20625,20.081251,46.950733,0.3361091,49.741684,0.26932654,0.073799156,0.37019226,0.88598794,0.1362791,-0.24374397,-0.77125037,0.572005,-1.0,0
1763545209092,1009.75507,1.1443675,5.892924,9.439685,0.16943862,-0.39095345,0.029779658,10.9875,-14.45625,18.675001,46.950733,0.3361091,49.741684,0.27470037,0.06937955,0.36900225,0.8851912,0.13342269,-0.24994437,-0.77043295,0.5711036,-1.0,0
1763545209117,1009.7858,1.4709877,6.029913,9.3200445,0.0692568,-0.1725693,-0.03054324,8.53125,-15.712501,19.931252,46.950733,0.3361091,49.741684,0.27509737,0.06887185,0.36838794,0.88536346,0.13299133,-0.25046992,-0.7708255,0.5704438,-1.0,0
1763545209142,1009.7858,1.1288141,6.348757,9.323035,-0.15661046,0.17150028,-0.116980605,9.69375,-15.731251,20.268751,46.950733,0.3361091,49.741684,0.27258593,0.070168674,0.3679788,0.8862081,0.13364676,-0.24772014,-0.77174276,0.57025117,-1.0,0
1763545209167,1009.811,0.23150559,6.433702,10.602597,-0.26702428,0.23457208,-0.13087778,11.306251,-16.5375,18.6,46.950733,0.3361091,49.741684,0.2696721,0.071378805,0.36774778,0.88709843,0.1341594,-0.24457966,-0.7725725,0.5703628,-1.0,0
1763545209193,1009.84247,1.3244274,6.3044896,11.679966,0.03733911,-0.34193155,0.027488915,10.387501,-17.38125,19.2,46.950733,0.3361091,49.741684,0.27069256,0.06746403,0.36674187,0.8875103,0.13052098,-0.24655657,-0.7734086,0.5692217,-1.0,0
1763545209218,1009.84247,2.0715861,6.233303,11.157732,0.07002038,-0.26251915,0.011911863,8.587501,-18.206251,20.681252,46.950733,0.3361091,49.741684,0.27160648,0.06575543,0.36628804,0.8875467,0.12896091,-0.2479172,-0.7738308,0.5684119,-1.0,0
1763545209244,1009.8569,2.7433712,6.035297,10.913066,-0.037797257,0.01802051,-0.048411034,8.118751,-17.400002,23.60625,46.950733,0.3361091,49.741684,0.27067244,0.06620111,0.3660064,0.8879151,0.129037,-0.24697289,-0.7745609,0.5678109,-1.0,0
1763545209269,1009.8569,2.487339,5.773881,10.098908,-0.13171771,0.24709481,-0.18356487,10.650001,-17.38125,21.806252,46.950733,0.3361091,49.741684,0.2683411,0.067952834,0.3651207,0.8888545,0.13002674,-0.24437177,-0.77604073,0.56668884,-1.0,0
1763545209294,1009.8464,1.0390832,4.816154,9.7609215,-0.1297324,-0.10231985,-0.19104797,10.78125,-18.112501,22.143751,46.950733,0.3361091,49.741684,0.2657376,0.067144714,0.36178893,0.8910577,0.12842467,-0.24214044,-0.77943176,0.56334823,-1.0,0
1763545209319,1009.8271,1.3100704,4.395017,8.921639,0.023747368,-0.3205513,-0.1357647,10.650001,-18.0,22.612501,46.950733,0.3361091,49.741684,0.26691702,0.06469364,0.3598432,0.8916742,0.12618074,-0.24394338,-0.7808242,0.56114495,-1.0,0
1763545209345,1009.8271,1.538585,4.371089,7.626524,-0.015347977,-0.17486005,-0.15958843,8.231251,-19.0125,23.53125,46.950733,0.3361091,49.741684,0.26808888,0.061697446,0.35621238,0.8929919,0.124455184,-0.24515271,-0.7821416,0.55916506,-1.0,0
1763545209370,1009.8012,1.1850454,4.3740797,7.669595,0.10178535,-0.16768238,-0.20815217,8.6625,-19.725,24.468752,46.950733,0.3361091,49.741684,0.26986137,0.061055686,0.35388306,0.89342815,0.12308121,-0.24779825,-0.78453434,0.55493504,-1.0,0
1763545209395,1009.7724,0.45702913,4.314259,6.3738813,0.2625955,-0.15974113,-0.20143266,9.20625,-20.6625,24.150002,46.950733,0.3361091,49.741684,0.27254236,0.0611911,0.35176557,0.89344126,0.123797074,-0.25039563,-0.7851557,0.5527267,-1.0,0
1763545209421,1009.7724,1.0223335,4.5361934,5.2863436,0.14805835,0.0097738365,-0.1385136,8.981251,-20.306252,24.618752,46.950733,0.3361091,49.741684,0.274578,0.061879873,0.35041773,0.8933002,0.12501436,-0.25217775,-0.7851893,0.55159366,-1.0,0
1763545209447,1009.73944,1.0893325,4.692325,5.38086,0.07063124,0.07819069,-0.251829,8.606251,-22.087502,25.368752,46.950733,0.3361091,49.741684,0.27578583,0.064866684,0.34684741,0.89410925,0.12654798,-0.25294656,-0.7854087,0.5505787,-1.0,0
1763545209472,1009.72943,0.45104706,4.752744,5.6500525,-0.0787252,0.28542656,-0.3188714,9.543751,-21.13125,24.91875,46.950733,0.3361091,49.741684,0.2738058,0.06819077,0.3450635,0.8951601,0.13127954,-0.24977045,-0.78757066,0.5478256,-1.0,0
1763545209498,1009.72943,-0.23389842,4.852046,6.91765,-0.10193806,0.34193155,-0.2640463,9.675,-21.75,27.093752,46.950733,0.3361091,49.741684,0.27227238,0.07138477,0.34380206,0.8958639,0.13413274,-0.24745998,-0.7883001,0.5471334,-1.0,0
1763545209523,1009.7297,0.06281159,5.1936216,7.3830543,0.31329727,-0.12889247,0.00641408,11.025001,-21.84375,24.487501,46.950733,0.3361091,49.741684,0.27705136,0.07279363,0.34245294,0.8948015,0.13677697,-0.25169113,-0.78728896,0.5460034,-1.0,0
1763545209548,1009.7297,0.5880362,5.4849477,7.2915287,0.40385798,-0.16447534,0.082161315,11.34375,-22.2,27.2625,46.950733,0.3361091,49.741684,0.28102937,0.07291305,0.34257433,0.8935038,0.13789482,-0.25549725,-0.7858866,0.5459748,-1.0,0
1763545209574,1009.73456,1.015155,5.837291,7.1018977,0.32062766,0.10079269,0.08781181,10.181251,-22.81875,27.88125,46.950733,0.3361091,49.741684,0.2830409,0.07519122,0.34352583,0.89231396,0.14065708,-0.25686857,-0.7843555,0.54682773,-1.0,0
1763545209599,1009.7492,0.8979067,5.9300127,8.986245,0.17340924,0.22403465,-0.018631376,11.306251,-22.462502,26.6625,46.950733,0.3361091,49.741684,0.28471017,0.08063443,0.34449682,0.8909322,0.14643683,-0.25713432,-0.7825788,0.54773045,-1.0,0
1763545209625,1009.7492,1.3513466,6.0394845,9.064013,0.17600541,0.17119485,-0.023823727,11.45625,-22.3125,27.562502,46.950733,0.3361091,49.741684,0.2852504,0.0828609,0.34469566,0.8904781,0.14866978,-0.25715953,-0.78221405,0.54763806,-1.0,0
1763545209650,1009.768,1.3405789,6.3942204,8.904889,0.021151192,0.39538223,-0.08307761,12.01875,-22.5,26.737501,46.950733,0.3361091,49.741684,0.28348204,0.08670026,0.34522378,0.89047265,0.15191987,-0.25455716,-0.78220093,0.54798055,-1.0,0
1763545209675,1009.7917,0.02871387,7.092326,10.379466,-0.35575238,0.091324285,-0.060017463,11.7375,-23.90625,27.150002,46.950733,0.3361091,49.741684,0.27713752,0.08815138,0.345496,0.8922201,0.15194263,-0.24797036,-0.783546,0.5490718,-1.0,0
1763545209700,1009.7917,0.16031912,6.6406813,11.569896,-0.3210858,-0.1913534,-0.084757484,11.56875,-22.66875,25.556252,46.950733,0.3361091,49.741684,0.27501467,0.08585806,0.3444442,0.8935063,0.149214,-0.24645457,-0.78503275,0.5483784,-1.0,0
1763545209725,1009.83295,-0.3044867,5.767899,11.187642,-0.27618724,-0.008093959,-0.08078687,12.712501,-22.050001,25.706251,46.950733,0.3361091,49.741684,0.27211204,0.08560802,0.3442659,0.89448714,0.14818017,-0.24375466,-0.78624374,0.5481305,-1.0,0
1763545209750,1009.83295,-0.5341976,5.1876397,10.163514,-0.32459828,0.13881902,-0.002290743,13.181251,-22.743752,24.937502,46.950733,0.3361091,49.741684,0.26831946,0.0855555,0.34497634,0.89536375,0.1471155,-0.24015018,-0.7871696,0.54867935,-1.0,0
1763545209776,1009.84564,-0.19800608,4.369892,10.439287,-0.3841576,-0.2102902,0.03329213,12.825001,-21.65625,23.831251,46.950733,0.3361091,49.741684,0.26180547,0.0801579,0.34547305,0.8975974,0.14009076,-0.23524874,-0.789754,0.54892737,-1.0,0
1763545209801,1009.85394,-0.34217364,4.2071805,9.868001,-0.36934412,-0.2535089,0.12278382,12.075001,-21.73125,24.375002,46.950733,0.3361091,49.741684,0.25889596,0.076688685,0.34656715,0.8983223,0.13587023,-0.23334,-0.7905733,0.54962313,-1.0,0
1763545209828,1009.85394,-0.008374879,4.1784663,9.702896,-0.3927097,0.007788526,0.23212862,13.44375,-21.35625,25.29375,46.950733,0.3361091,49.741684,0.25509748,0.07557572,0.34921816,0.89847666,0.13375983,-0.22998855,-0.790404,0.55179256,-1.0,0
1763545209854,1009.8444,0.18843478,4.202395,8.170891,-0.010919208,0.11896592,0.2924515,11.34375,-20.831251,26.400002,46.950733,0.3361091,49.741684,0.2525077,0.076090746,0.35509205,0.896861,0.13341631,-0.22748628,-0.7880118,0.556316,-1.0,0
1763545209878,1009.809,0.4989035,4.2077785,6.3696938,0.1721875,-0.01847866,0.30222535,12.431251,-18.35625,25.837502,46.950733,0.3361091,49.741684,0.25442013,0.07562192,0.3574032,0.89544106,0.1334094,-0.2294563,-0.7860915,0.5582221,-1.0,0
1763545209903,1009.809,0.9846465,4.246662,5.1146584,0.1598175,-0.085979216,0.24740024,11.400001,-19.81875,25.725,46.950733,0.3361091,49.741684,0.25610754,0.07486102,0.35906017,0.8943604,0.13315196,-0.23122673,-0.78444606,0.55986524,-1.0,0
1763545209928,1009.7614,0.52163535,4.258626,5.819943,-0.08605558,0.2591594,0.07116575,12.825001,-19.425001,24.7875,46.950733,0.3361091,49.741684,0.2545119,0.0773476,0.36171657,0.8935335,0.13543075,-0.22894861,-0.7824296,0.5630675,-1.0,0
1763545209953,1009.74384,0.12502499,4.3878384,6.32423,-0.019013166,0.2921461,0.03695732,14.868751,-18.712502,24.843752,46.950733,0.3361091,49.741684,0.25386208,0.079652175,0.3626379,0.8931424,0.13761027,-0.22771437,-0.78159744,0.56419414,-1.0,0
1763545209979,1009.74384,-0.02632105,4.69412,6.4408803,0.11675153,0.1404989,0.028710645,12.76875,-17.550001,24.525002,46.950733,0.3361091,49.741684,0.25495386,0.08098118,0.36292657,0.89259446,0.13926406,-0.22839648,-0.7807404,0.56469905,-1.0,0
1763545210004,1009.7314,-0.46002015,5.5190454,7.45783,0.13950625,-0.05070178,0.014355322,12.562501,-18.45,25.368752,46.950733,0.3361091,49.741684,0.25832444,0.081611075,0.3626244,0.8916903,0.14006111,-0.23033404,-0.7800461,0.5646744,-1.0,0
1763545210029,1009.7314,-0.63888365,5.7613187,8.592028,0.084375694,0.14278965,0.07055488,13.125001,-17.8875,24.656252,46.950733,0.3361091,49.741684,0.25861597,0.08347697,0.3636807,0.89100266,0.14097129,-0.23134169,-0.77921623,0.56518155,-1.0,0
1763545210055,1009.7563,-0.41336012,5.9706907,9.355338,0.1485165,0.13332124,0.1508836,15.356251,-16.425001,23.8875,46.950733,0.3361091,49.741684,0.26004705,0.08467425,0.36501446,0.8899271,0.14458518,-0.23214072,-0.7763762,0.56784314,-1.0,0
1763545210081,1009.7753,0.4755735,6.634699,8.851051,0.33910632,-0.19975278,0.09850194,14.868751,-17.118752,27.206251,46.950733,0.3361091,49.741684,0.26705027,0.08373001,0.36547697,0.88774997,0.1454988,-0.23907459,-0.7737948,0.56825614,-1.0,0
1763545210106,1009.7753,0.21655045,7.0151577,8.047063,0.16699515,0.023518294,0.052076224,14.043751,-18.431252,25.050001,46.950733,0.3361091,49.741684,0.26788607,0.084758736,0.36595678,0.88720274,0.14681947,-0.23956427,-0.77286065,0.56898105,-1.0,0
1763545210131,1009.7895,-0.29910284,7.3429747,7.861619,-0.11751511,0.14309508,0.051618073,15.637501,-15.01875,23.00625,46.950733,0.3361091,49.741684,0.26621172,0.08527813,0.36683345,0.8872948,0.14714834,-0.23767291,-0.7721912,0.5705959,-1.0,0
1763545210157,1009.80707,0.98584294,6.966703,10.438689,-0.6292671,-0.08643737,-0.049174614,15.675,-15.618751,22.575,46.950733,0.3361091,49.741684,0.25742623,0.08109134,0.3669753,0.8902163,0.14140019,-0.22989142,-0.7738978,0.5729206,-1.0,0
1763545210182,1009.80707,1.0504491,6.022136,12.302697,-0.7386119,0.007941242,-0.13209951,16.35,-12.825001,24.337502,46.950733,0.3361091,49.741684,0.25094822,0.07929173,0.36654615,0.89240223,0.1380908,-0.22403821,-0.7760837,0.5730898,-1.0,0
1763545210208,1009.8571,0.6987042,5.2755756,13.726427,-0.5481748,0.15974113,-0.10690133,17.56875,-13.44375,23.325,46.950733,0.3361091,49.741684,0.24629623,0.079079784,0.36659393,0.89369655,0.13659,-0.21967843,-0.77774715,0.5728821,-1.0,0
1763545210232,1009.8571,0.44207397,4.8652067,12.693924,-0.028634287,-0.007177661,0.0044287695,18.225,-13.35,20.325,46.950733,0.3361091,49.741684,0.24700998,0.07812808,0.36662441,0.8935707,0.13557437,-0.22076572,-0.77830774,0.57194334,-1.0,0
1763545210257,1009.8732,2.0249262,4.2945185,8.486744,0.17554727,-0.5487093,0.063377224,17.8125,-13.781251,22.556252,46.950733,0.3361091,49.741684,0.25375473,0.07018299,0.365159,0.89294,0.12918179,-0.2294105,-0.7788344,0.5692977,-1.0,0
1763545210282,1009.8647,2.1972094,3.6867416,8.599805,-0.13232858,-0.11499529,-0.013439025,18.075,-11.53125,24.393751,46.950733,0.3361091,49.741684,0.2520621,0.06919602,0.3651541,0.89349824,0.12768066,-0.22808123,-0.7797166,0.56896275,-1.0,0
1763545210307,1009.8647,1.3076776,3.347559,9.110672,-0.25908303,0.22785257,-0.04016436,17.98125,-12.168751,23.0625,46.950733,0.3361091,49.741684,0.24891827,0.07013176,0.36579123,0.8940458,0.12763944,-0.22491543,-0.78058887,0.5690363,-1.0,0
1763545210333,1009.85077,0.98644114,4.000201,8.038688,0.2700786,-0.10231985,0.025045456,19.03125,-12.056251,22.931252,46.950733,0.3361091,49.741684,0.2514944,0.07033853,0.36591017,0.89325964,0.12807381,-0.22758305,-0.78075296,0.5676512,-1.0,0
1763545210358,1009.811,1.1617154,4.395017,5.712266,0.4406626,-0.2941314,0.010231985,19.29375,-11.512501,21.6375,46.950733,0.3361091,49.741684,0.256175,0.06910956,0.3648899,0.89244246,0.12794256,-0.23244883,-0.7803221,0.5663,-1.0,0
1763545210383,1009.811,1.500898,4.651647,4.429115,0.23449571,-0.16768238,-0.08628465,19.237501,-11.887501,21.206251,46.950733,0.3361091,49.741684,0.25801274,0.069039114,0.36351424,0.8924799,0.1284127,-0.23419471,-0.7804381,0.5653135,-1.0,0
1763545210409,1009.7663,0.12323037,4.354937,7.603792,-0.03611738,0.1556178,-0.23686282,20.8125,-9.8625,21.075,46.950733,0.3361091,49.741684,0.25674894,0.072162166,0.36029524,0.8939015,0.13136372,-0.23210123,-0.7820556,0.56325984,-1.0,0
1763545210433,1009.7663,-0.23150559,4.4404807,7.66122,0.24457498,0.051007207,-0.1339321,20.8125,-9.8625,21.075,46.950733,0.3361091,49.741684,0.2590977,0.0738131,0.3592504,0.89350945,0.13136372,-0.23210123,-0.7820556,0.56325984,-1.0,0
1763545210458,1009.7675,0.39421752,4.9698925,6.3858457,0.37453645,0.0012217296,-0.036346454,19.612501,-11.475,21.150002,46.950733,0.3361091,49.741684,0.26209322,0.075356305,0.35866436,0.8927421,0.13575275,-0.23652193,-0.7812916,0.5614374,-1.0,0
1763545210484,1009.7487,0.84047896,5.3760743,6.3104715,0.25954118,0.06887501,-0.08048143,22.03125,-9.09375,19.21875,46.950733,0.3361091,49.741684,0.26389378,0.077288166,0.35786828,0.89236593,0.1381778,-0.23773994,-0.7808354,0.5609659,-1.0,0
1763545210509,1009.7487,-0.36251262,5.291129,7.975876,0.26458082,0.2695441,-0.02367101,22.143751,-9.225,19.66875,46.950733,0.3361091,49.741684,0.26672354,0.083511166,0.35784376,0.8909726,0.14508036,-0.23888749,-0.77905816,0.5612066,-1.0,0
1763545210534,1009.7475,-0.12622139,5.611169,7.760522,0.45135272,0.20219624,0.12476913,21.712502,-9.13125,19.85625,46.950733,0.3361091,49.741684,0.27047953,0.08625963,0.35907078,0.88908285,0.148698,-0.24184458,-0.7768173,0.5620987,-1.0,0
1763545210559,1009.75116,0.48454657,5.940182,7.2329044,0.5124392,-0.04367683,0.18921536,20.8125,-9.8625,21.075,46.950733,0.3361091,49.741684,0.275297,0.08673908,0.35995245,0.88719904,0.15040797,-0.2463525,-0.7745771,0.5627772,-1.0,0
1763545210584,1009.75116,1.7760726,6.042475,8.373683,0.09720386,-0.04214967,0.04214967,22.25625,-8.700001,19.0125,46.950733,0.3361091,49.741684,0.27915114,0.08615786,0.36044228,0.88585144,0.15040427,-0.24995194,-0.7731452,0.56315994,-1.0,0
1763545210610,1009.7653,0.9702896,6.068198,8.637491,-0.17188208,0.297033,-0.09682207,21.525002,-8.025001,18.73125,46.950733,0.3361091,49.741684,0.27606532,0.08819034,0.3607126,0.8865082,0.1521453,-0.24666047,-0.77339506,0.5638001,-1.0,0
1763545210636,1009.78754,-0.068793654,6.298507,9.148957,-0.39622217,0.25656322,-0.05574141,21.46875,-8.2875,18.45,46.950733,0.3361091,49.741684,0.27181828,0.088182405,0.3611984,0.8876229,0.15114968,-0.24251823,-0.77427596,0.5646551,-1.0,0
1763545210661,1009.78754,0.91585284,6.3427744,11.500504,-0.6587413,-0.27550003,-0.21792601,22.087502,-8.1,19.3125,46.950733,0.3361091,49.741684,0.26257682,0.08068091,0.35806015,0.8923771,0.14167963,-0.23533565,-0.77955294,0.56288654,-1.0,0
1763545210686,1009.8361,-0.9182457,5.517849,12.683156,-0.723493,0.21746786,-0.21166465,21.75,-7.6312504,18.54375,46.950733,0.3361091,49.741684,0.25515157,0.081524365,0.3580922,0.8944392,0.14061531,-0.22798222,-0.78176975,0.5631053,-1.0,0
1763545210711,1009.86176,-1.8005991,5.087141,12.385848,-0.48174325,0.44409868,0.04382955,22.875,-5.775,17.7,46.950733,0.3361091,49.741684,0.24990948,0.08344916,0.3602237,0.89488566,0.14107364,-0.22252356,-0.782061,0.56476736,-1.0,0
1763545210737,1009.86176,-1.2789637,5.008776,10.851451,-0.15370885,0.06994402,0.24251331,23.868752,-5.90625,17.1375,46.950733,0.3361091,49.741684,0.24882676,0.08252668,0.36248434,0.89436,0.13736078,-0.22319204,-0.77998847,0.568274,-1.0,0
1763545210763,1009.8532,0.20518455,4.536792,8.747561,0.02008218,-0.25411975,0.33979353,22.78125,-4.14375,16.21875,46.950733,0.3361091,49.741684,0.25068733,0.07720035,0.36698303,0.89247936,0.13499993,-0.22489786,-0.7785953,0.5700748,-1.0,0
1763545210789,1009.8532,0.317049,4.4859443,7.838289,-0.0043524117,-0.14508039,0.3090976,23.60625,-4.3125,17.23125,46.950733,0.3361091,49.741684,0.25092372,0.075575754,0.36937043,0.89156663,0.13344106,-0.22553913,-0.77723426,0.57204235,-1.0,0
1763545210814,1009.82587,0.67178494,4.238287,7.2562346,-0.04940369,0.1632536,0.1725693,24.900002,-3.05625,16.40625,46.950733,0.3361091,49.741684,0.24937426,0.07636949,0.37344494,0.8902354,0.13384478,-0.22384234,-0.7749563,0.5756934,-1.0,0
1763545210840,1009.7956,0.587438,4.0815573,7.0378895,0.062384564,0.06902772,0.10598504,23.38125,-3.3375,15.95625,46.950733,0.3361091,49.741684,0.25029978,0.07656936,0.37420833,0.88963777,0.13425416,-0.22469682,-0.7742092,0.5762701,-1.0,0
1763545210865,1009.7956,0.16091733,4.1001015,6.6855464,0.22380558,-0.12125666,0.0772744,23.0625,-2.7562501,16.10625,46.950733,0.3361091,49.741684,0.25303873,0.07608087,0.3744306,0.88881093,0.13442737,-0.22747785,-0.7733737,0.57626057,-1.0,0
1763545210891,1009.77094,0.78424764,4.304688,5.3306108,0.1306487,0.05299252,0.09590577,23.306252,-4.3500004,17.268751,46.950733,0.3361091,49.741684,0.25617343,0.07710282,0.37590352,0.88720167,0.13628802,-0.230207,-0.7711622,0.57770157,-1.0,0
1763545210916,1009.7441,0.6873383,4.395017,6.2057858,-0.027870705,0.1631009,-0.016035201,24.075,-2.25,14.2875,46.950733,0.3361091,49.741684,0.25544694,0.07848971,0.37597385,0.8872598,0.13754803,-0.22911637,-0.7709803,0.5780793,-1.0,0
1763545210941,1009.7441,-0.5377869,4.393821,7.0689964,-0.013668099,0.1197295,-0.057268575,23.212502,-2.8312502,14.250001,46.950733,0.3361091,49.741684,0.25536567,0.07932467,0.3758494,0.8872616,0.13839154,-0.2288052,-0.7708793,0.57813585,-1.0,0
1763545210966,1009.74457,-1.1132607,4.694718,8.018349,0.16791146,-0.10399973,0.08933897,22.875,-1.63125,15.000001,46.950733,0.3361091,49.741684,0.25802955,0.07866541,0.37632295,0.8863484,0.13843988,-0.2315208,-0.76975954,0.578535,-1.0,0
1763545210991,1009.7463,0.73818576,5.7810597,6.969694,0.46326458,-0.42562005,0.21609342,21.1875,-3.9562502,17.775002,46.950733,0.3361091,49.741684,0.268718,0.074597225,0.377214,0.88313955,0.13718309,-0.24280632,-0.7661443,0.57900673,-1.0,0
1763545211016,1009.7463,1.1240284,6.2961144,6.8835526,0.15966478,-0.1989892,0.07773254,23.0625,-2.7375002,15.806251,46.950733,0.3361091,49.741684,0.27010775,0.073547184,0.37714225,0.88283426,0.13665783,-0.24431947,-0.76548916,0.57936084,-1.0,0
1763545211041,1009.7602,0.93978107,6.416952,9.035298,-0.155236,-0.12064579,-0.02611447,21.6375,-3.2625,15.825001,46.950733,0.3361091,49.741684,0.26949897,0.07181359,0.37649703,0.8834382,0.13500652,-0.24404943,-0.76580876,0.57943946,-1.0,0
1763545211066,1009.7602,1.1928221,6.690332,10.472188,-0.076739885,-0.10384701,-0.09193515,20.118752,-3.54375,15.843751,46.950733,0.3361091,49.741684,0.2685681,0.06948174,0.37446722,0.8847699,0.13324475,-0.24438642,-0.7666315,0.57861674,-1.0,0
1763545211091,1009.79755,1.0444671,7.0528445,10.422537,-0.21250458,0.14889829,-0.15347977,21.65625,-1.8937501,14.6625,46.950733,0.3361091,49.741684,0.26579913,0.07060419,0.37370485,0.88583887,0.13295947,-0.24074034,-0.768759,0.5773868,-1.0,0
1763545211117,1009.82074,0.357727,6.9391856,11.133803,-0.2711476,0.15363249,-0.17043127,22.331251,-2.0812502,15.993751,46.950733,0.3361091,49.741684,0.26334798,0.07092724,0.37270832,0.8869643,0.13274464,-0.2382471,-0.76993215,0.576907,-1.0,0
1763545211142,1009.82074,0.85842514,6.2871413,11.3677025,0.012599086,-0.15500695,-0.06352994,21.487501,-0.52500004,13.9875,46.950733,0.3361091,49.741684,0.26360482,0.0688711,0.37063706,0.8879175,0.13150157,-0.23830965,-0.7708795,0.57589984,-1.0,0
1763545211168,1009.8498,1.3884354,5.860621,10.917851,0.035201084,-0.05329795,-0.038179047,22.143751,-0.95625,13.8,46.950733,0.3361091,49.741684,0.26386565,0.06875168,0.37016714,0.88804525,0.13078946,-0.23900808,-0.7714149,0.57505506,-1.0,0
1763545211193,1009.8503,1.5062819,5.105685,10.526027,0.026038112,0.0030543238,-0.07345649,20.90625,-1.21875,15.168751,46.950733,0.3361091,49.741684,0.26393828,0.06884712,0.36954227,0.8882765,0.13066289,-0.23943798,-0.7724705,0.57348585,-1.0,0
1763545211218,1009.8503,1.3274183,4.348955,9.668798,0.044669487,-0.006261364,-0.067958705,20.325,-0.52500004,13.950001,46.950733,0.3361091,49.741684,0.26398525,0.0689865,0.36912286,0.88842607,0.13063967,-0.23954251,-0.77312326,0.57256705,-1.0,0
1763545211243,1009.8295,1.2933207,3.7944186,7.664211,-0.05933024,0.05253437,0.0001527162,20.681252,-1.6125001,14.437501,46.950733,0.3361091,49.741684,0.26248184,0.06910399,0.36952132,0.88869673,0.13007352,-0.2382288,-0.774053,0.5719877,-1.0,0
1763545211268,1009.8295,1.2807583,3.7932222,7.652247,-0.08132137,-0.098960094,0.02565632,19.743752,-1.95,14.250001,46.950733,0.3361091,49.741684,0.2622675,0.06748539,0.3695435,0.8888752,0.12834384,-0.23846671,-0.7744774,0.5717047,-1.0,0
1763545211294,1009.799,1.1832508,4.0564327,6.818348,-0.053679742,0.099723674,-0.0010690134,18.9375,-0.7875,14.7375,46.950733,0.3361091,49.741684,0.26106402,0.067472644,0.37002346,0.88903075,0.12787257,-0.2373933,-0.7749245,0.5716511,-1.0,0
1763545211319,1009.77875,0.80757767,4.354339,6.5485573,-0.057955798,0.3025308,-0.023976443,18.112501,-0.61875004,13.275001,46.950733,0.3361091,49.741684,0.25955203,0.06992492,0.37061614,0.8890371,0.1298793,-0.2353468,-0.7748219,0.57218385,-1.0,0
1763545211344,1009.77875,0.7004988,4.6707897,6.748956,0.013362667,0.21151192,-0.06658426,18.525002,-2.1937501,13.931251,46.950733,0.3361091,49.741684,0.2595195,0.071621545,0.37026376,0.88905835,0.13155936,-0.23488751,-0.77482855,0.57197964,-1.0,0
1763545211370,1009.75385,0.28055847,4.7336016,6.503692,0.1833358,0.022907428,-0.09224058,18.73125,-1.29375,12.7875,46.950733,0.3361091,49.741684,0.26142505,0.07266903,0.36938706,0.8887797,0.13308689,-0.2364566,-0.7746345,0.5712421,-1.0,0
1763545211394,1009.7211,0.38823548,5.069195,5.436493,0.19524765,0.05986475,-0.057115857,18.35625,-1.5937501,13.9125,46.950733,0.3361091,49.741684,0.2650693,0.07536655,0.36822164,0.8879589,0.13681689,-0.23921324,-0.7735462,0.57068765,-1.0,0
1763545211419,1009.7211,0.41156548,5.4430733,5.953343,0.07399099,0.02535089,-0.05146536,15.20625,-1.1625,14.062501,46.950733,0.3361091,49.741684,0.26587167,0.0757741,0.3676845,0.88790685,0.13758911,-0.23978886,-0.77318734,0.5707467,-1.0,0
1763545211444,1009.7016,0.57846487,5.424529,7.2903323,0.06879865,-0.09697478,-0.029626941,16.63125,-1.5187501,12.712501,46.950733,0.3361091,49.741684,0.26733825,0.07532663,0.36710975,0.8877424,0.13766754,-0.2412291,-0.77278924,0.57066005,-1.0,0
1763545211469,1009.7016,1.1389836,5.3336015,8.026125,0.18974987,-0.06017018,-0.0013744457,15.093751,-2.5500002,13.2375,46.950733,0.3361091,49.741684,0.2694066,0.076049864,0.36688083,0.88714993,0.13892922,-0.24302708,-0.7721281,0.57048637,-1.0,0
1763545211494,1009.71454,0.9200403,5.7966127,7.8077803,0.26122105,0.21135922,0.047494736,16.237501,-3.54375,12.093751,46.950733,0.3361091,49.741684,0.2728785,0.08073925,0.36803454,0.88519436,0.14433928,-0.24525025,-0.7699042,0.571197,-1.0,0
1763545211519,1009.72845,1.1754742,6.0454664,8.624929,0.20074543,-0.04657844,0.049327333,15.918751,-2.8312502,13.312501,46.950733,0.3361091,49.741684,0.27505833,0.080394596,0.36797503,0.8845756,0.14458999,-0.24741484,-0.76918447,0.5711698,-1.0,0
1763545211545,1009.72845,1.6917256,6.257231,9.464211,0.14103341,-0.1310305,-0.01282816,14.775001,-2.8125,11.4375,46.950733,0.3361091,49.741684,0.27643058,0.080142364,0.36737654,0.8844195,0.1446826,-0.24880436,-0.7691661,0.57056713,-1.0,0
1763545211571,1009.7509,0.022731815,6.5312095,9.638887,-0.17172936,0.47280934,-0.0858265,13.312501,-3.5812502,11.00625,46.950733,0.3361091,49.741684,0.27164367,0.08617549,0.36822292,0.8849833,0.14933454,-0.24272554,-0.769609,0.5713892,-1.0,0
1763545211596,1009.7753,-0.17467605,6.767501,9.873384,-0.25755587,0.33246315,0.021380268,13.293751,-4.96875,12.7875,46.950733,0.3361091,49.741684,0.26842105,0.087479785,0.36932573,0.88537896,0.14988208,-0.23924454,-0.7695785,0.57275325,-1.0,0
1763545211622,1009.7753,0.3702893,6.661618,10.356136,-0.34704757,0.02687805,-0.011300999,13.275001,-3.6000001,12.712501,46.950733,0.3361091,49.741684,0.26532373,0.08625716,0.36922807,0.8864726,0.14801809,-0.23649025,-0.77048796,0.57315904,-1.0,0
1763545211647,1009.81244,-0.36251262,5.6297135,12.0125675,-0.26626068,0.19211698,-0.0048869182,13.51875,-3.3000002,10.668751,46.950733,0.3361091,49.741684,0.258778,0.08668808,0.36994818,0.88806385,0.14660122,-0.23319173,-0.77159756,0.57338196,-1.0,0
1763545211672,1009.8327,-0.22432712,5.3904314,10.902896,-0.12866339,0.1197295,0.021838415,12.731251,-4.14375,12.4875,46.950733,0.3361091,49.741684,0.25723222,0.08690983,0.37033504,0.88833,0.14645168,-0.22863425,-0.7726185,0.5738806,-1.0,0
1763545211697,1009.8327,0.17527425,4.9363933,9.600004,-0.0994946,-0.022143848,-0.035888307,12.356251,-3.075,12.468751,46.950733,0.3361091,49.741684,0.25597224,0.08650337,0.36987382,0.8889256,0.1456631,-0.22756733,-0.7735345,0.57327116,-1.0,0
1763545211723,1009.8244,-0.70648086,4.0498524,8.520842,-0.3475057,0.15622866,-0.10415245,12.187501,-3.9562502,12.543751,46.950733,0.3361091,49.741684,0.2492489,0.08702,0.36924908,0.891043,0.14490321,-0.22503091,-0.7749495,0.5725534,-1.0,0
1763545211748,1009.8244,-1.0372887,3.874578,8.7780695,-0.32612544,0.27091852,0.061544627,12.150001,-3.45,11.887501,46.950733,0.3361091,49.741684,0.24561198,0.08829263,0.37107387,0.8911696,0.14441723,-0.22100034,-0.7760676,0.5727317,-1.0,0
1763545211773,1009.8173,-0.8787641,3.8925242,8.209176,-0.09048434,0.20204352,0.25641048,11.2875,-6.2812505,12.0,46.950733,0.3361091,49.741684,0.2448637,0.08895253,0.3739674,0.89009976,0.14510968,-0.21636534,-0.77435994,0.5766246,-1.0,0
1763545211798,1009.80194,0.5288138,4.202395,5.9958153,0.4050797,-0.3582722,0.46975502,9.8625,-4.5750003,12.975,46.950733,0.3361091,49.741684,0.25324622,0.08486523,0.3797334,0.8857013,0.14312416,-0.2255022,-0.76878136,0.58106756,-1.0,0
1763545211823,1009.80194,1.4907285,4.3441696,5.046463,0.34979644,-0.30436337,0.3894263,10.03125,-4.425,12.4875,46.950733,0.3361091,49.741684,0.25702134,0.08322212,0.38196236,0.88380927,0.14249577,-0.22952305,-0.7662541,0.58298266,-1.0,0
1763545211848,1009.7651,1.4315062,4.4279184,5.1140604,0.100105464,0.10980295,0.21471897,9.356251,-3.5062501,12.187501,46.950733,0.3361091,49.741684,0.25726008,0.084425926,0.38395667,0.8827609,0.14381355,-0.22940825,-0.7645234,0.58497304,-1.0,0
1763545211874,1009.7338,0.48454657,4.6564326,7.1688967,0.20059273,0.032070402,0.08078687,9.46875,-4.36875,12.69375,46.950733,0.3361091,49.741684,0.25964397,0.08660138,0.38566092,0.88110775,0.14661632,-0.2311243,-0.7622099,0.58661854,-1.0,0
1763545211898,1009.7338,0.3714857,5.0883374,6.843473,0.39240426,-0.11377356,0.033444848,9.88125,-5.30625,11.775001,46.950733,0.3361091,49.741684,0.26355502,0.08713776,0.38521695,0.8800873,0.14809933,-0.23477827,-0.7612766,0.5860065,-1.0,0
1763545211923,1009.73114,-0.18783657,5.601598,6.2554364,0.32719445,-0.025961753,0.0061086477,7.7250004,-6.525,11.925,46.950733,0.3361091,49.741684,0.26607063,0.08831302,0.38503158,0.879294,0.14995559,-0.23686725,-0.7602812,0.5859861,-1.0,0
1763545211948,1009.73114,-0.33200413,5.828916,7.0845494,0.1333976,0.08964441,0.025961753,6.9,-6.8625,13.406251,46.950733,0.3361091,49.741684,0.26680383,0.08979315,0.38536802,0.87877434,0.15175775,-0.23710057,-0.7592289,0.58679163,-1.0,0
1763545211973,1009.7402,0.26679972,6.046663,9.8219385,0.10025818,-0.2234238,-0.040775225,7.33125,-6.8250003,13.668751,46.950733,0.3361091,49.741684,0.26952702,0.08851873,0.383875,0.8787261,0.15135378,-0.23994255,-0.7591223,0.5858779,-1.0,0
1763545211998,1009.7602,0.7507481,6.276972,10.4668045,0.1333976,-0.2319759,-0.084757484,7.74375,-7.6687503,14.45625,46.950733,0.3361091,49.741684,0.27099308,0.087955974,0.3824791,0.8789404,0.15112327,-0.24152699,-0.75976825,0.5844473,-1.0,0
1763545212023,1009.7602,0.27517462,6.7244296,9.601201,0.040698867,0.098654665,-0.14737113,6.3750005,-7.8187504,15.375001,46.950733,0.3361091,49.741684,0.27020183,0.08951273,0.38157657,0.879419,0.15240404,-0.24040501,-0.7605421,0.5835702,-1.0,0
1763545212048,1009.7797,-0.23928227,6.593423,9.343374,-0.16073379,0.12614357,-0.14065161,7.1250005,-7.1062503,14.325001,46.950733,0.3361091,49.741684,0.2681764,0.089912206,0.3808222,0.8803247,0.15238735,-0.23828737,-0.76139027,0.583337,-1.0,0
1763545212074,1009.8068,0.89371926,6.0508504,11.609976,-0.31451902,-0.26572618,-0.07437278,5.90625,-8.7375,15.468751,46.950733,0.3361091,49.741684,0.26442027,0.08447412,0.3788364,0.8828528,0.14625336,-0.23593202,-0.7641922,0.5821995,-1.0,0
1763545212099,1009.8068,1.0863415,5.6446686,12.008381,-0.2163225,-0.10873393,0.010537418,5.0437503,-8.681251,14.94375,46.950733,0.3361091,49.741684,0.26290247,0.08302308,0.379211,0.8832828,0.14432563,-0.23490565,-0.7648928,0.58217555,-1.0,0
1763545212124,1009.8432,1.6887345,5.491528,11.288739,-0.043600474,0.01924224,0.07971785,4.9125004,-7.8375,15.375001,46.950733,0.3361091,49.741684,0.26256725,0.08272289,0.37998655,0.8830773,0.14375068,-0.23477733,-0.76500773,0.5822186,-1.0,0
1763545212150,1009.8432,1.8137596,5.1146584,8.398808,-0.09750929,-0.09605849,-0.07834341,5.4750004,-9.39375,15.562501,46.950733,0.3361091,49.741684,0.26191103,0.08059596,0.3789986,0.8838931,0.14294437,-0.23529552,-0.76540524,0.58168525,-1.0,0
1763545212176,1009.8349,1.1521441,4.479364,8.649456,-0.24152066,-0.09010255,-0.15882485,4.03125,-9.9375,16.96875,46.950733,0.3361091,49.741684,0.26005694,0.079170205,0.3777622,0.8850978,0.13941114,-0.23337112,-0.7682156,0.5796095,-1.0,0
1763545212201,1009.8166,0.6095716,4.1294136,8.595617,-0.19081889,-0.019394957,-0.093309596,4.4812503,-9.88125,16.931252,46.950733,0.3361091,49.741684,0.25856066,0.078531906,0.37737218,0.88575923,0.1383244,-0.23213626,-0.7692189,0.57903486,-1.0,0
1763545212226,1009.8166,0.7609176,4.4913282,6.558727,0.11568252,-0.041844238,0.11255184,3.61875,-9.09375,15.88125,46.950733,0.3361091,49.741684,0.26000097,0.07797495,0.3785132,0.88489956,0.13812819,-0.23216198,-0.7691302,0.57918924,-1.0,0
1763545212251,1009.7902,1.3627125,4.8155556,6.1238313,0.17936517,-0.2603811,0.0051923506,2.71875,-9.825001,17.1,46.950733,0.3361091,49.741684,0.26287642,0.076035656,0.37726286,0.8847527,0.13800465,-0.23374198,-0.7684204,0.57952523,-1.0,0
1763545212276,1009.7658,0.8865408,4.7515473,6.07418,0.17615813,-0.33780822,-0.13469568,2.6437502,-10.087501,18.525002,46.950733,0.3361091,49.741684,0.26552683,0.07438245,0.37513894,0.8850049,0.13597035,-0.2398944,-0.76902014,0.5766895,-1.0,0
1763545212301,1009.7658,0.6227321,4.6552362,5.9676995,0.11491894,-0.09911281,-0.1547015,3.35625,-11.7375,17.15625,46.950733,0.3361091,49.741684,0.26678002,0.07651073,0.37240368,0.8856015,0.1367311,-0.24077196,-0.76944584,0.57557493,-1.0,0
1763545212326,1009.74457,0.782453,4.9956155,6.387042,0.076434456,0.06139191,-0.20448698,2.025,-11.868751,16.518751,46.950733,0.3361091,49.741684,0.26747707,0.077581525,0.37053084,0.88608354,0.13851045,-0.24050018,-0.76984274,0.5747318,-1.0,0
1763545212352,1009.74457,0.8668,5.066802,6.4719872,0.10117448,-0.039553493,-0.25137085,1.81875,-12.7875,18.45,46.950733,0.3361091,49.741684,0.2684462,0.07828235,0.36813167,0.8867286,0.14080116,-0.2415917,-0.7715638,0.5713998,-1.0,0
1763545212377,1009.73895,-0.1274178,5.2031927,7.085148,0.061926417,0.1678351,-0.17562363,2.3812501,-13.593751,18.13125,46.950733,0.3361091,49.741684,0.26879513,0.08196883,0.3652737,0.8874714,0.14463903,-0.24093413,-0.7725586,0.5693711,-1.0,0
1763545212402,1009.7414,0.36191443,5.4239306,8.053044,0.123471044,0.08811724,-0.047189303,2.4,-14.212501,18.9375,46.950733,0.3361091,49.741684,0.269912,0.08318829,0.36497158,0.88714314,0.14617448,-0.24167292,-0.77212083,0.5692597,-1.0,0
1763545212427,1009.7414,0.7728817,5.665606,9.306286,0.23373213,-0.04734202,-0.0151189035,2.9250002,-14.531251,18.28125,46.950733,0.3361091,49.741684,0.27242595,0.083530895,0.36447102,0.8865481,0.14711902,-0.24402727,-0.7716595,0.5686372,-1.0,0
1763545212453,1009.7653,0.6879365,6.0957155,9.936794,0.39408416,-0.01282816,0.021380268,-0.50625,-15.281251,21.768751,46.950733,0.3361091,49.741684,0.2787962,0.0854979,0.36405343,0.88454956,0.15041892,-0.24982266,-0.77017087,0.5672738,-1.0,0
1763545212478,1009.7978,1.3022938,6.3750777,9.257831,0.32200208,0.3451386,-0.041691523,2.7375002,-16.050001,19.63125,46.950733,0.3361091,49.741684,0.27959037,0.0902321,0.36454186,0.88362694,0.1551251,-0.24949718,-0.76933837,0.56727934,-1.0,0
1763545212503,1009.7978,0.40797627,6.6598234,8.596813,0.12820524,0.59818935,-0.09773836,2.98125,-16.275002,20.081251,46.950733,0.3361091,49.741684,0.27818957,0.095707014,0.3652988,0.8831803,0.1601019,-0.246813,-0.76871586,0.5679143,-1.0,0
1763545212528,1009.80145,-0.33260235,6.806384,9.139984,-0.04619665,0.41126472,-0.066889696,4.1062503,-18.0375,19.59375,46.950733,0.3361091,49.741684,0.27653542,0.09834824,0.3657292,0.8832315,0.16235933,-0.24450698,-0.76844233,0.56864065,-1.0,0
1763545212554,1009.83,-0.148355,6.443273,11.379666,-0.16760603,0.06108648,-0.021838415,2.1000001,-17.85,18.712502,46.950733,0.3361091,49.741684,0.27323893,0.0987541,0.36601716,0.8840925,0.1619899,-0.24118693,-0.7691261,0.5692391,-1.0,0
1763545212579,1009.83,-0.4642076,6.1435723,11.214561,-0.1598175,0.28084508,0.033444848,2.8125,-17.8125,21.112501,46.950733,0.3361091,49.741684,0.27075377,0.10062217,0.36735344,0.8840922,0.16310126,-0.23839128,-0.7690397,0.5702154,-1.0,0
1763545212605,1009.8503,-0.34516466,5.705087,10.155738,-0.08849903,0.12278382,0.07498365,2.71875,-16.06875,20.7,46.950733,0.3361091,49.741684,0.26977128,0.10043868,0.3680912,0.8841065,0.16259007,-0.23754779,-0.7691049,0.57062525,-1.0,0
1763545212631,1009.8503,-0.17587246,5.2773705,9.107681,-0.10453424,-0.2112065,0.052381653,1.1437501,-17.475,19.875,46.950733,0.3361091,49.741684,0.2692493,0.0979172,0.36797726,0.8845959,0.15995167,-0.237694,-0.7697644,0.57042074,-1.0,0
1763545212656,1009.84344,-0.56410795,4.5020957,8.368299,-0.4482984,0.14859286,-0.0048869182,2.11875,-16.875,20.962502,46.950733,0.3361091,49.741684,0.26161012,0.09633093,0.3691764,0.8865604,0.15647753,-0.2307256,-0.7716116,0.57174826,-1.0,0
1763545212682,1009.8361,-0.66101724,4.3375893,8.589635,-0.4237111,0.19303326,0.08353576,2.4750001,-17.325,20.025002,46.950733,0.3361091,49.741684,0.25755474,0.09645372,0.37089035,0.8870189,0.15557632,-0.22679019,-0.7717555,0.5733721,-1.0,0
1763545212709,1009.8361,-0.63888365,4.0797625,6.4414787,0.07933606,0.07666353,0.26450446,2.3625002,-17.85,21.150002,46.950733,0.3361091,49.741684,0.256914,0.09718658,0.37548253,0.88519084,0.15601538,-0.2260735,-0.7691781,0.5769879,-1.0,0
1763545212734,1009.8183,-0.21355942,4.06062,4.8616176,0.1749364,-0.097432934,0.39263335,2.3625002,-17.85,21.150002,46.950733,0.3361091,49.741684,0.25925645,0.09576305,0.37839687,0.8834203,0.15601538,-0.2260735,-0.7691781,0.5769879,-1.0,0
1763545212760,1009.78094,0.8171489,4.2125645,4.4051867,0.10270164,-0.21242823,0.39492407,1.0500001,-17.962502,18.825,46.950733,0.3361091,49.741684,0.26107264,0.09351036,0.3809251,0.88203907,0.15362455,-0.23087357,-0.7643595,0.5821095,-1.0,0
1763545212786,1009.78094,1.015155,4.31067,4.9046884,-0.08193224,-0.09346231,0.25702137,2.3625002,-17.1,21.2625,46.950733,0.3361091,49.741684,0.26078758,0.09198171,0.38282353,0.8814621,0.1521947,-0.23088434,-0.7630326,0.5842178,-1.0,0
1763545212811,1009.7653,0.40259242,4.3944187,7.6103725,-0.034742933,-0.056963142,0.12873976,-0.31875002,-17.38125,20.475,46.950733,0.3361091,49.741684,0.26051232,0.09008486,0.38512057,0.88073844,0.15036085,-0.23102716,-0.7615898,0.5865143,-1.0,0
1763545212836,1009.7653,0.2213361,4.7898326,7.780861,0.1295797,-0.1291979,0.1348484,1.40625,-16.706251,21.806252,46.950733,0.3361091,49.741684,0.26231992,0.08926334,0.38586494,0.8799594,0.14996284,-0.23300391,-0.76074874,0.5869256,-1.0,0
1763545212861,1009.7707,0.0951147,5.8337016,7.8699937,0.10911572,-0.09392046,0.08842268,0.91875005,-19.0125,23.38125,46.950733,0.3361091,49.741684,0.2655698,0.08821949,0.3868718,0.8786468,0.15003571,-0.23464043,-0.7597753,0.58751565,-1.0,0
1763545212887,1009.7695,-0.029312078,6.032904,8.817552,0.17646356,-0.25732678,0.09666935,0.375,-18.075,23.53125,46.950733,0.3361091,49.741684,0.26871517,0.08623895,0.38668066,0.877971,0.14984788,-0.23633792,-0.7589502,0.5879496,-1.0,0
1763545212912,1009.78534,1.1036894,6.081957,9.101699,0.30459246,-0.4477639,0.07956514,-0.43125,-19.1625,23.831251,46.950733,0.3361091,49.741684,0.2730125,0.08363515,0.38564578,0.8773521,0.14733462,-0.24458773,-0.7576685,0.5868627,-1.0,0
1763545212938,1009.78534,0.7800602,6.396613,8.765508,-0.123471044,0.031154104,-0.24342962,0.80625004,-18.675001,25.687502,46.950733,0.3361091,49.741684,0.2729285,0.08310179,0.38201663,0.879015,0.14684524,-0.2446065,-0.7600461,0.58389556,-1.0,0
1763545212962,1009.8056,0.04366901,6.6598234,10.063016,-0.2709949,0.04459313,-0.2667952,1.9312501,-19.66875,25.312502,46.950733,0.3361091,49.741684,0.27045313,0.08305284,0.38006318,0.8806301,0.14626825,-0.24217406,-0.76191574,0.58261627,-1.0,0
1763545212987,1009.8056,0.2009971,6.608378,10.373485,-0.2609156,-0.043371398,-0.2196059,0.58125,-19.800001,25.0125,46.950733,0.3361091,49.741684,0.26824734,0.082294814,0.37828204,0.8821415,0.14504069,-0.24019216,-0.76370907,0.5813944,-1.0,0
1763545213013,1009.83685,0.9379865,6.3397837,10.741979,-0.26763514,-0.12568542,-0.20570871,0.16875,-20.475,24.468752,46.950733,0.3361091,49.741684,0.26627535,0.080578335,0.376245,0.8837671,0.14290889,-0.23868908,-0.7657505,0.5798541,-1.0,0
1763545213038,1009.8691,1.3698909,5.211568,12.246467,-0.21051927,-0.23273948,-0.16478078,0.7875,-20.90625,26.1375,46.950733,0.3361091,49.741684,0.26329368,0.07544031,0.3724205,0.88672894,0.13693213,-0.23720117,-0.77020466,0.57599473,-1.0,0
1763545213064,1009.8691,1.2466606,4.9429736,11.288141,-0.13874267,-0.11117739,-0.11362085,1.5375,-20.71875,26.962502,46.950733,0.3361091,49.741684,0.26201952,0.074154586,0.37157592,0.8875687,0.13512878,-0.23641774,-0.77182585,0.5745709,-1.0,0
1763545213089,1009.8984,0.87936234,4.7748775,10.4051895,-0.10621411,-0.06108648,-0.019089524,3.3937502,-19.5375,27.31875,46.950733,0.3361091,49.741684,0.26116556,0.07304622,0.37164402,0.8878837,0.13365166,-0.23596704,-0.7725915,0.57407254,-1.0,0
1763545213114,1009.8835,2.0775683,4.7228336,8.016554,-0.041462447,-0.21426082,0.028252495,-0.75,-21.825,28.050001,46.950733,0.3361091,49.741684,0.2612481,0.06920702,0.37160033,0.88818526,0.12968965,-0.23710923,-0.77351195,0.5732705,-1.0,0
1763545213139,1009.8835,1.628914,4.7024946,8.295917,-0.19769111,-0.09392046,-0.10644319,0.93750006,-20.79375,27.487501,46.950733,0.3361091,49.741684,0.25955752,0.06821581,0.3706409,0.8891579,0.12826727,-0.23573503,-0.7748208,0.57238907,-1.0,0
1763545213164,1009.8647,0.73519474,4.6283174,8.700303,-0.16149737,0.15958843,-0.1669188,1.7625,-21.825,27.000002,46.950733,0.3361091,49.741684,0.25768682,0.06977034,0.3698566,0.88990766,0.12926248,-0.23358427,-0.77590084,0.57158333,-1.0,0
1763545213190,1009.8647,0.3493521,4.6839504,7.911868,0.039935283,0.2490801,-0.15027274,2.1750002,-21.28125,26.625002,46.950733,0.3361091,49.741684,0.25747558,0.07243178,0.3690952,0.89007235,0.13395903,-0.23424469,-0.7767221,0.56911093,-1.0,0
1763545213215,1009.8432,0.57846487,4.5822554,5.194818,0.25495967,-0.09605849,-0.23350306,3.1125002,-22.2,28.893751,46.950733,0.3361091,49.741684,0.26187855,0.074711494,0.3648063,0.89036745,0.13511796,-0.23644309,-0.7774171,0.5669748,-1.0,0
1763545213240,1009.79047,0.77826554,4.5170507,5.634499,0.19585852,-0.043524116,-0.26618433,2.04375,-23.90625,28.0125,46.950733,0.3361091,49.741684,0.26362947,0.07631974,0.3623543,0.89071554,0.13722508,-0.23768568,-0.7780389,0.56509316,-1.0,0
1763545213266,1009.79047,0.2009971,4.4057846,5.011169,0.15905392,0.22846343,-0.16737695,1.9875001,-22.800001,27.956251,46.950733,0.3361091,49.741684,0.2653358,0.08234708,0.35991746,0.89066005,0.1409033,-0.23781222,-0.7782663,0.5638201,-1.0,0
1763545213291,1009.7658,0.5240282,4.566104,6.0137615,0.14011711,0.043218683,-0.07116575,1.66875,-24.337502,28.85625,46.950733,0.3361091,49.741684,0.2669328,0.08304769,0.3592388,0.8903917,0.14486398,-0.23909089,-0.7777281,0.5630178,-1.0,0
1763545213318,1009.7548,0.8039884,4.8969116,6.617949,0.2483929,-0.14920372,-0.021685699,0.31875002,-25.10625,30.281252,46.950733,0.3361091,49.741684,0.2699808,0.08256619,0.35848126,0.88982266,0.14518447,-0.24213278,-0.7772325,0.5623191,-1.0,0
1763545213343,1009.7548,1.2197413,5.532804,7.2209406,0.2088394,0.025198173,0.033139415,3.0,-24.825,30.281252,46.950733,0.3361091,49.741684,0.27462357,0.08346057,0.3584713,0.88832116,0.14598218,-0.24497019,-0.77639824,0.56203616,-1.0,0
1763545213368,1009.76044,1.1647065,5.601,8.629117,0.15447243,0.03329213,0.012522728,3.5625002,-25.0125,30.093752,46.950733,0.3361091,49.741684,0.27612585,0.0840389,0.35851008,0.88778514,0.14728954,-0.24635254,-0.77550757,0.56232035,-1.0,0
1763545213394,1009.7868,1.1318051,5.7517476,9.553943,0.18761185,0.029474225,0.0021380268,3.2250001,-23.681252,30.975,46.950733,0.3361091,49.741684,0.277535,0.08506527,0.3585444,0.88723403,0.1495163,-0.24881046,-0.7745102,0.56202507,-1.0,0
1763545213419,1009.7868,1.1090733,6.0687966,9.816555,0.1786016,0.21105379,-0.032223117,4.40625,-25.800001,30.806252,46.950733,0.3361091,49.741684,0.2779857,0.08778566,0.35875863,0.88674116,0.15216725,-0.24865139,-0.77420133,0.56180954,-1.0,0
1763545213444,1009.821,-0.17527425,6.8979096,8.514859,-0.057344932,0.36300638,-0.061239194,3.1312501,-26.306252,30.825,46.950733,0.3361091,49.741684,0.27526987,0.09386038,0.3595495,0.88664585,0.15539223,-0.24735002,-0.77404493,0.5617167,-1.0,0
1763545213469,1009.821,0.23748764,7.1706915,9.273384,-0.336052,0.10644319,-0.034208428,6.8437505,-24.056252,29.38125,46.950733,0.3361091,49.741684,0.2720987,0.09289932,0.35934958,0.88780624,0.1573911,-0.24456353,-0.7739591,0.56249803,-1.0,0
1763545213495,1009.83514,0.73100734,6.795616,11.257632,-0.47349656,-0.1960876,-0.1791361,5.68125,-25.181252,31.875002,46.950733,0.3361091,49.741684,0.26854944,0.090243705,0.35734817,0.889966,0.15250666,-0.23875603,-0.77713734,0.5619562,-1.0,0
1763545213520,1009.88153,-0.87637126,5.165506,11.877972,-0.4258491,0.2828304,-0.24159703,5.925,-26.156252,32.0625,46.950733,0.3361091,49.741684,0.2585428,0.091928706,0.35464042,0.8938316,0.15149988,-0.22878604,-0.78208625,0.559505,-1.0,0
1763545213546,1009.88153,-0.9296116,4.8532424,10.663614,-0.3180315,0.19013166,-0.1499673,6.6375003,-26.325,30.91875,46.950733,0.3361091,49.741684,0.2548504,0.092473626,0.35408285,0.895056,0.15098587,-0.22517404,-0.78379,0.5587246,-1.0,0
1763545213571,1009.9084,-1.1174482,4.4321055,9.313464,-0.3068832,0.01924224,-0.063377224,6.6937504,-26.812502,30.7875,46.950733,0.3361091,49.741684,0.25160062,0.09167387,0.35408637,0.89605576,0.14933585,-0.2222741,-0.7849935,0.55863965,-1.0,0
1763545213596,1009.8952,-0.6263213,3.958925,8.2456665,-0.4945714,0.056963142,0.22846343,7.0125003,-26.025002,30.093752,46.950733,0.3361091,49.741684,0.24291413,0.08892884,0.35831255,0.8970488,0.14451742,-0.21454678,-0.78512865,0.56272316,-1.0,0
1763545213621,1009.8952,-0.05802595,3.8117664,8.395218,-0.39316785,-0.0050396346,0.3037525,6.4125004,-25.35,29.962502,46.950733,0.3361091,49.741684,0.24008451,0.0868776,0.36126286,0.89682823,0.14179678,-0.21232514,-0.7843449,0.56534487,-1.0,0
1763545213646,1009.86957,-0.023928227,3.690929,7.650452,-0.1786016,-0.0810923,0.35995206,6.9750004,-25.650002,28.5375,46.950733,0.3361091,49.741684,0.23944534,0.084603645,0.36443067,0.8959344,0.13936205,-0.21229711,-0.7829169,0.5679342,-1.0,0
1763545213671,1009.8378,0.33020952,3.6197424,6.460023,-0.07994693,-0.22769985,0.42485645,7.18125,-24.393751,30.6,46.950733,0.3361091,49.741684,0.24023941,0.07842946,0.37087926,0.8936344,0.13352276,-0.21456426,-0.7792326,0.5735245,-1.0,0
1763545213696,1009.8378,1.9136599,3.7633119,7.332805,-0.19081889,0.03008509,0.21624613,7.5375004,-25.500002,31.85625,46.950733,0.3361091,49.741684,0.23834309,0.07818396,0.37292323,0.893313,0.13278867,-0.21280818,-0.77854854,0.5752756,-1.0,0
1763545213721,1009.8183,0.54735816,3.8811584,7.6277204,-0.16226095,0.45341438,0.07941242,9.0375,-25.44375,29.38125,46.950733,0.3361091,49.741684,0.23543495,0.081569955,0.37489966,0.89295405,0.13529971,-0.20923017,-0.77795845,0.5767993,-1.0,0
1763545213746,1009.8183,-0.71425754,4.5822554,7.12762,-0.03886627,0.46440995,0.10231985,7.8375,-25.462502,31.050001,46.950733,0.3361091,49.741684,0.23404159,0.08466878,0.37679031,0.8922358,0.13797109,-0.20714302,-0.7768283,0.5784406,-1.0,0
1763545213771,1009.8049,-0.6963114,5.2779684,6.8662047,0.18852814,0.07269291,0.110108376,8.306251,-24.768751,28.800001,46.950733,0.3361091,49.741684,0.23655397,0.08744386,0.37886536,0.8904251,0.14151038,-0.20875588,-0.7738925,0.5809356,-1.0,0
1763545213797,1009.7895,-0.9284152,5.2552366,6.483951,0.14042254,0.13286309,0.1423315,6.58125,-25.218752,30.862501,46.950733,0.3361091,49.741684,0.23746434,0.08890796,0.3802987,0.8894262,0.14332004,-0.20917289,-0.77210575,0.5827167,-1.0,0
1763545213822,1009.7895,-0.5910272,5.4221363,6.8739815,0.060399257,-0.025198173,0.20051636,8.85,-25.593752,30.956251,46.950733,0.3361091,49.741684,0.23855063,0.08807575,0.38169947,0.88861793,0.1429569,-0.21030234,-0.7704741,0.5845562,-1.0,0
1763545213847,1009.79193,1.2173486,5.845666,10.071989,-0.124998204,-0.5222894,0.0876591,10.06875,-23.868752,31.650002,46.950733,0.3361091,49.741684,0.24061349,0.07910497,0.38149616,0.88899285,0.13941546,-0.21249105,-0.7697901,0.5855203,-1.0,0
1763545213873,1009.8295,1.3070793,6.0023956,10.925629,-0.25373796,-0.20769402,-0.08796453,7.14375,-25.1625,32.193752,46.950733,0.3361091,49.741684,0.23842177,0.077507555,0.38055623,0.8901261,0.13288346,-0.2125896,-0.77162415,0.5845886,-1.0,0
1763545213898,1009.8295,0.25124636,6.2309103,11.744572,-0.33574656,0.28344125,-0.14446951,9.4875,-23.79375,31.556252,46.950733,0.3361091,49.741684,0.23429246,0.079433076,0.3804915,0.8910801,0.13372993,-0.20813188,-0.7726297,0.5846715,-1.0,0
1763545213923,1009.8725,0.9487542,6.1250277,12.437294,0.020234896,-0.3517054,-0.041996952,8.043751,-25.2,31.63125,46.950733,0.3361091,49.741684,0.23443861,0.07656927,0.37888366,0.89197695,0.1338359,-0.20607091,-0.77310646,0.5847471,-1.0,0
1763545213948,1009.8725,1.7958134,5.5184474,12.286546,0.1277471,-0.40149087,-0.100181825,9.356251,-25.06875,32.568752,46.950733,0.3361091,49.741684,0.23637626,0.07453539,0.37718326,0.8923584,0.13098043,-0.20896994,-0.7739056,0.583306,-1.0,0
1763545213974,1009.9084,1.5678971,5.0452666,11.583056,0.06895136,0.08704823,-0.1452331,9.4875,-26.025002,30.91875,46.950733,0.3361091,49.741684,0.23582384,0.076358184,0.3764592,0.89265615,0.13085853,-0.21052197,-0.7758462,0.580189,-1.0,0
1763545213999,1009.9267,0.96849495,4.725825,11.248659,0.0112246405,0.3527744,-0.12156209,11.19375,-24.862501,30.50625,46.950733,0.3361091,49.741684,0.23455712,0.07927184,0.37636888,0.892774,0.1332345,-0.20868547,-0.77639157,0.57958186,-1.0,0
1763545214024,1009.9267,0.9942178,3.9403806,9.952946,0.33009607,-0.073303774,0.04780017,10.087501,-25.968752,31.312502,46.950733,0.3361091,49.741684,0.23868352,0.08056592,0.37645426,0.8915276,0.13450654,-0.20956378,-0.77648777,0.57884175,-1.0,0
1763545214049,1009.9272,1.4596218,4.0067816,8.155337,0.32352927,-0.08155045,0.085215636,11.212501,-26.118752,31.66875,46.950733,0.3361091,49.741684,0.24132603,0.08064795,0.3768405,0.8906452,0.1356718,-0.21525687,-0.77561796,0.5776456,-1.0,0
1763545214074,1009.88885,1.6983058,4.1150565,6.875178,0.20471606,-0.032375835,0.021838415,10.05,-25.987501,32.4,46.950733,0.3361091,49.741684,0.24298751,0.080678925,0.3766524,0.8902702,0.13601698,-0.21691334,-0.77551025,0.5770891,-1.0,0
1763545214099,1009.88885,1.2143575,4.2610188,5.624928,-0.08605558,0.018784093,-0.23640467,13.031251,-26.550001,32.11875,46.950733,0.3361091,49.741684,0.24245887,0.08093154,0.37331492,0.89179575,0.1361795,-0.2163131,-0.7776711,0.5743618,-1.0,0
1763545214124,1009.8388,0.927817,4.173681,5.9970117,-0.12301289,0.10415245,-0.33444846,11.53125,-27.337502,33.393753,46.950733,0.3361091,49.741684,0.24117698,0.08215415,0.37064686,0.8931435,0.13712537,-0.21473767,-0.779447,0.57231694,-1.0,0
1763545214150,1009.8388,0.09930214,3.9649072,6.154938,-0.031230463,-0.022601997,-0.35307986,13.856251,-29.062502,31.087502,46.950733,0.3361091,49.741684,0.24139209,0.082051925,0.3675255,0.8943838,0.13712595,-0.21493983,-0.78126454,0.569757,-1.0,0
1763545214175,1009.8112,0.7920243,4.1114674,6.5922265,0.15187626,-0.1876882,-0.23655738,12.3,-28.63125,33.393753,46.950733,0.3361091,49.741684,0.24468732,0.08059907,0.3620377,0.89585745,0.13654128,-0.21845956,-0.7838917,0.56492984,-1.0,0
1763545214201,1009.7902,0.77347994,4.3669014,6.4199433,0.08269582,-0.052687086,-0.27931792,12.225,-29.625002,33.61875,46.950733,0.3361091,49.741684,0.24512811,0.08119566,0.35945868,0.8967212,0.13724774,-0.21873176,-0.7852878,0.56271,-1.0,0
1763545214226,1009.7902,0.41455653,4.4596233,7.366903,-0.007864884,0.07040217,-0.3113883,12.618751,-29.85,34.5,46.950733,0.3361091,49.741684,0.24468341,0.082615525,0.3569847,0.8977007,0.13856083,-0.21793622,-0.7867255,0.560685,-1.0,0
1763545214252,1009.77313,0.051445685,4.581059,8.4502535,0.062995434,0.08460477,-0.2941314,13.012501,-31.031252,31.7625,46.950733,0.3361091,49.741684,0.24518012,0.08419986,0.3546118,0.8983582,0.14021875,-0.21804036,-0.78792757,0.5585403,-1.0,0
1763545214277,1009.7873,-0.4456632,4.8454657,9.007781,0.4918225,-0.040317077,-0.059101168,15.58125,-29.1375,31.5375,46.950733,0.3361091,49.741684,0.25247034,0.08729021,0.35199615,0.89707184,0.14487606,-0.2244366,-0.78750426,0.55540633,-1.0,0
1763545214303,1009.7873,0.0424726,5.395217,8.19781,0.6097194,0.08643737,0.09117157,14.325001,-30.91875,33.46875,46.950733,0.3361091,49.741684,0.25734553,0.090167455,0.35267428,0.8951335,0.14880396,-0.22850443,-0.785526,0.5555106,-1.0,0
1763545214329,1009.80804,0.5814559,5.9916277,7.153343,0.5481748,0.11209369,0.112399116,15.637501,-30.2625,32.662502,46.950733,0.3361091,49.741684,0.26157194,0.092423715,0.35328352,0.8934365,0.15205768,-0.23203555,-0.78359693,0.55589014,-1.0,0
1763545214354,1009.82513,0.8171489,6.556334,8.599805,0.124692775,-0.025045456,-0.021380268,13.5375,-31.237501,32.475002,46.950733,0.3361091,49.741684,0.2654218,0.09349719,0.3528188,0.89237237,0.15428393,-0.23534428,-0.78204435,0.55607206,-1.0,0
1763545214379,1009.82513,0.51505506,6.6927247,9.462418,0.04864011,0.10109812,-0.064140804,14.418751,-29.8875,31.3875,46.950733,0.3361091,49.741684,0.26528814,0.09513618,0.35264534,0.89230746,0.15590201,-0.23478343,-0.7818839,0.5560835,-1.0,0
1763545214405,1009.83466,-0.30029923,6.8488564,8.799007,-0.06788235,0.3724748,-0.050243627,15.0375,-30.31875,32.11875,46.950733,0.3361091,49.741684,0.26299933,0.098229274,0.35347158,0.89232296,0.15841566,-0.23178029,-0.78155994,0.5570874,-1.0,0
1763545214429,1009.83466,0.08075777,6.7244296,10.699507,-0.43776098,-0.21242823,-0.028099779,16.275002,-31.556252,30.825,46.950733,0.3361091,49.741684,0.25695825,0.09484268,0.3533828,0.8944819,0.1540005,-0.22650942,-0.7828869,0.55862814,-1.0,0
1763545214454,1009.87494,-0.27876383,5.866005,12.107084,-0.48540843,-0.159283,-0.11636974,17.15625,-31.593752,31.2,46.950733,0.3361091,49.741684,0.25285468,0.092841595,0.35271034,0.8961252,0.15104531,-0.22302549,-0.78470325,0.5582883,-1.0,0
1763545214479,1009.8913,-1.3316058,4.9322057,12.857833,-0.38095054,0.18723005,0.00962112,16.21875,-30.431252,30.300001,46.950733,0.3361091,49.741684,0.249045,0.093584664,0.35411766,0.89655966,0.15071,-0.21924415,-0.7851388,0.55926347,-1.0,0
1763545214504,1009.8913,-0.33918262,4.71087,9.352347,0.10881029,-0.19226968,0.3019199,15.0375,-31.81875,31.743752,46.950733,0.3361091,49.741684,0.24993274,0.09118877,0.35828516,0.89490217,0.15008217,-0.2189455,-0.78441346,0.5605656,-1.0,0
1763545214529,1009.8754,0.071186475,4.7078786,7.4769726,-0.015958842,-0.18127412,0.21884231,15.806251,-31.087502,29.456251,46.950733,0.3361091,49.741684,0.24980322,0.08916908,0.35966548,0.8945882,0.148252,-0.22091426,-0.78340864,0.5616842,-1.0,0
1763545214554,1009.85394,-0.20518455,4.487739,6.8255267,-0.30566147,-0.045203995,0.15317434,15.843751,-30.862501,30.993752,46.950733,0.3361091,49.741684,0.24683924,0.087473355,0.36122742,0.8949489,0.14392158,-0.21878706,-0.78270876,0.5646112,-1.0,0
1763545214579,1009.85394,-0.41814575,4.092923,8.003992,-0.44127345,0.07101303,0.17592905,16.650002,-30.50625,29.79375,46.950733,0.3361091,49.741684,0.24313435,0.086459845,0.36341247,0.89517695,0.14210223,-0.21539865,-0.78227633,0.5669693,-1.0,0
1763545214604,1009.8139,-0.57188463,3.8644085,7.0372915,0.04176788,-0.12538,0.35766134,15.150001,-30.7875,29.362501,46.950733,0.3361091,49.741684,0.24317215,0.08369222,0.36880147,0.8932236,0.14096566,-0.21415919,-0.7811352,0.56929106,-1.0,0
1763545214630,1009.8139,0.048454657,3.851248,5.9234324,0.16424626,-0.31459537,0.41126472,15.76875,-30.487501,30.35625,46.950733,0.3361091,49.741684,0.24600622,0.080634326,0.37137,0.8916633,0.13708808,-0.21960829,-0.7770779,0.5736976,-1.0,0
1763545214655,1009.78046,1.0145568,3.9170506,5.3826547,0.07506001,-0.27412558,0.33964083,14.118751,-30.656252,30.54375,46.950733,0.3361091,49.741684,0.24735686,0.0781518,0.37344822,0.89064205,0.13505332,-0.22148074,-0.7754517,0.5756574,-1.0,0
1763545214680,1009.77924,0.46779683,4.1018963,7.263413,-0.1268308,0.22021675,0.16676609,14.325001,-30.393751,30.337502,46.950733,0.3361091,49.741684,0.24482471,0.07881739,0.37753496,0.8895595,0.13515925,-0.21882252,-0.77324986,0.5795976,-1.0,0
1763545214705,1009.77924,0.0011964113,4.3519464,7.408777,0.03611738,0.194255,0.14981459,15.712501,-31.48125,30.2625,46.950733,0.3361091,49.741684,0.2450318,0.0800711,0.3791109,0.8887198,0.13642122,-0.21872635,-0.7720701,0.58090943,-1.0,0
1763545214731,1009.7956,-0.20338993,4.7455654,7.2807612,0.17066035,0.019089524,0.15042545,14.437501,-29.868752,30.300001,46.950733,0.3361091,49.741684,0.24681862,0.080370225,0.3802078,0.8877292,0.13717498,-0.22036749,-0.7707521,0.58186114,-1.0,0
1763545214756,1009.8193,-0.19561325,5.4466624,8.641679,0.20547964,-0.061544627,0.12751803,13.556251,-31.218752,31.087502,46.950733,0.3361091,49.741684,0.25119555,0.08046575,0.38175553,0.88582665,0.13846199,-0.2245044,-0.7681564,0.5834053,-1.0,0
1763545214781,1009.8193,0.043070808,5.558527,8.942576,0.26534438,-0.12751803,0.1678351,14.75625,-31.837502,30.69375,46.950733,0.3361091,49.741684,0.25435886,0.07967156,0.38248068,0.8846822,0.13850076,-0.2277357,-0.76674396,0.5840015,-1.0,0
1763545214806,1009.842,1.2436695,5.7954164,8.888738,0.27175847,-0.35124725,0.11835505,14.250001,-31.3875,31.331251,46.950733,0.3361091,49.741684,0.25793365,0.07727815,0.38199714,0.8840682,0.1370727,-0.2317601,-0.766175,0.5835017,-1.0,0
1763545214831,1009.8593,1.0372887,6.4881387,9.731609,-0.11064288,-0.046883874,-0.18203771,11.793751,-31.275002,31.425001,46.950733,0.3361091,49.741684,0.25819233,0.07513352,0.37892985,0.8854964,0.13504653,-0.2325312,-0.76831627,0.5808457,-1.0,0
1763545214856,1009.8593,0.85244304,6.798009,10.584053,-0.21143557,0.08994984,-0.21197008,14.250001,-32.15625,31.837502,46.950733,0.3361091,49.741684,0.25610188,0.07561498,0.37735695,0.88673335,0.13504678,-0.23036526,-0.76980495,0.5797366,-1.0,0
1763545214881,1009.88226,0.87158567,6.6329045,11.033305,-0.1844048,-0.0051923506,-0.25335616,14.3625,-30.88125,30.993752,46.950733,0.3361091,49.741684,0.25461984,0.07532289,0.375212,0.8880941,0.13441193,-0.22899395,-0.7716284,0.5780007,-1.0,0
1763545214907,1009.88226,1.0348958,6.2147584,11.35514,-0.14836378,-0.0632245,-0.24449863,14.6625,-30.112501,31.687502,46.950733,0.3361091,49.741684,0.2534845,0.07482264,0.37314203,0.8893324,0.13361554,-0.22803444,-0.7734235,0.5761626,-1.0,0
1763545214932,1009.9023,2.1487548,5.1457653,11.164312,-0.1663843,-0.059253883,-0.20311254,15.375001,-32.5125,30.206251,46.950733,0.3361091,49.741684,0.25080892,0.07323983,0.36972484,0.89164704,0.1311811,-0.22596616,-0.77713734,0.57252806,-1.0,0
1763545214958,1009.9191,2.1864417,4.531408,11.06142,-0.17279838,-0.0024434591,-0.21151192,15.000001,-32.8125,31.031252,46.950733,0.3361091,49.741684,0.2490804,0.072800055,0.36816895,0.8928106,0.13011043,-0.22452655,-0.779224,0.570499,-1.0,0
1763545214983,1009.9191,1.6863418,4.1407795,10.297512,-0.102854356,0.0033597562,-0.20066908,13.8,-32.30625,30.35625,46.950733,0.3361091,49.741684,0.24810004,0.072340876,0.3666946,0.8937272,0.12916271,-0.22383884,-0.7811469,0.56835085,-1.0,0
1763545215008,1009.892,1.5888343,3.8691943,8.054839,-0.017944153,-0.2751946,-0.098196514,15.075001,-33.16875,30.73125,46.950733,0.3361091,49.741684,0.24888724,0.06812663,0.3638291,0.89500964,0.12751138,-0.22446308,-0.7826466,0.5664111,-1.0,0
1763545215034,1009.8454,1.7066808,3.876971,7.4679995,-0.040088,-0.32299474,-0.13775001,13.44375,-33.112503,32.756252,46.950733,0.3361091,49.741684,0.24941403,0.06544389,0.36189845,0.89584553,0.12222803,-0.2270475,-0.78570026,0.5623031,-1.0,0
1763545215059,1009.8454,1.39023,3.848257,6.5198436,-0.07979421,-0.15729769,-0.20173809,15.0375,-32.568752,31.63125,46.950733,0.3361091,49.741684,0.24889119,0.06443513,0.35991845,0.8968612,0.12102388,-0.22683017,-0.7874018,0.5602675,-1.0,0
1763545215084,1009.78973,0.6053841,3.8297126,5.9353967,-0.11797326,-0.0027488915,-0.2244928,15.168751,-32.68125,31.462502,46.950733,0.3361091,49.741684,0.24781601,0.0644826,0.35817027,0.8978548,0.12077894,-0.22579466,-0.788874,0.55866545,-1.0,0
1763545215110,1009.78973,0.5563313,3.9870408,5.956932,0.030772313,-0.2122755,-0.1886045,15.187501,-32.662502,30.69375,46.950733,0.3361091,49.741684,0.24884073,0.06259009,0.35416147,0.8992944,0.1192035,-0.22722182,-0.7911542,0.55518985,-1.0,0
1763545215136,1009.7553,0.5168497,4.1922255,5.931209,0.011377357,-0.2538143,-0.18646647,15.1125,-32.925003,31.800001,46.950733,0.3361091,49.741684,0.2495099,0.061075166,0.3520221,0.90005285,0.117918335,-0.22821184,-0.7923191,0.5533941,-1.0,0
1763545215161,1009.7487,0.36370903,4.922036,7.750951,0.01809687,0.045662142,-0.19685118,13.81875,-34.2,33.09375,46.950733,0.3361091,49.741684,0.24955481,0.062110614,0.34868422,0.90126795,0.11792061,-0.2279451,-0.7933672,0.55200016,-1.0,0
1763545215186,1009.7487,0.13878371,5.1086764,8.111071,0.16867504,-0.0012217296,-0.12797616,14.175,-33.15,32.831253,46.950733,0.3361091,49.741684,0.24955481,0.062110614,0.34868422,0.90126795,0.1189859,-0.22798616,-0.7941617,0.5506105,-1.0,0
1763545215211,1009.758,0.43788654,5.3300123,7.7790666,0.31558803,-0.032681264,-0.07574723,16.03125,-33.46875,32.193752,46.950733,0.3361091,49.741684,0.25445586,0.06419552,0.34661207,0.9005505,0.12222111,-0.2322302,-0.79381514,0.54862434,-1.0,0
1763545215236,1009.7668,0.48933223,5.6446686,8.671589,0.25541782,0.026419902,-0.07513637,14.56875,-34.10625,32.7,46.950733,0.3361091,49.741684,0.25929105,0.06676911,0.3449982,0.8996034,0.12600084,-0.23624936,-0.7929464,0.54730797,-1.0,0
1763545215261,1009.7668,0.6664011,5.529215,9.801002,0.25648686,0.04535671,-0.07192933,11.625,-34.800003,33.80625,46.950733,0.3361091,49.741684,0.26134992,0.068483174,0.34432712,0.89913577,0.12814473,-0.23785004,-0.79266655,0.5465217,-1.0,0
1763545215287,1009.7812,1.0420742,5.671588,10.31187,0.29680392,0.16814053,-0.10338886,14.137501,-34.78125,33.09375,46.950733,0.3361091,49.741684,0.26311296,0.07150685,0.3436164,0.8986579,0.13138811,-0.2389118,-0.79262227,0.54535145,-1.0,0
1763545215311,1009.79315,0.84765744,5.914459,10.045668,0.28275403,0.29275694,-0.18784092,14.55,-34.875,33.675003,46.950733,0.3361091,49.741684,0.2641622,0.07548693,0.3424823,0.8984575,0.13538039,-0.23906504,-0.79297405,0.54379433,-1.0,0
1763545215336,1009.79315,-0.86141616,6.078966,8.7266245,0.20929754,0.481056,-0.13713914,14.306251,-35.381252,32.475002,46.950733,0.3361091,49.741684,0.26446497,0.08549804,0.3416393,0.8977922,0.14509322,-0.23706454,-0.7927305,0.5425188,-1.0,0
1763545215361,1009.8007,-0.59581286,6.2033925,8.063214,-0.016569708,0.28252497,-0.015577052,14.137501,-34.78125,33.09375,46.950733,0.3361091,49.741684,0.2629371,0.0872596,0.34207866,0.8979042,0.14654113,-0.2351082,-0.7925205,0.5432873,-1.0,0
1763545215389,1009.8007,0.21355942,6.032904,10.158729,-0.33681557,0.043371398,-0.059559315,12.656251,-34.93125,31.85625,46.950733,0.3361091,49.741684,0.25958002,0.08677514,0.34167197,0.89908206,0.14536998,-0.23190361,-0.7935553,0.5434687,-1.0,0
1763545215413,1009.8381,-1.4883357,4.955536,11.669198,-0.19540037,0.23075417,0.0858265,12.843751,-34.78125,31.687502,46.950733,0.3361091,49.741684,0.2534432,0.08834476,0.34358388,0.89995104,0.14517063,-0.22575153,-0.7946321,0.54453796,-1.0,0
1763545215438,1009.8366,-0.6329016,5.1876397,10.188639,-0.047571093,-0.022296565,0.25305074,13.05,-35.1375,31.837502,46.950733,0.3361091,49.741684,0.2530822,0.08711728,0.34562823,0.89938927,0.14375797,-0.22577351,-0.7939339,0.54592025,-1.0,0
1763545215463,1009.8366,-0.083748795,5.1816573,8.930014,-0.10102176,-0.10461059,0.23365578,12.01875,-35.006252,34.0875,46.950733,0.3361091,49.741684,0.25208223,0.08554646,0.3474349,0.8991248,0.14192934,-0.22521037,-0.79342014,0.54737633,-1.0,0
1763545215488,1009.82245,-0.2536392,4.880162,8.373683,-0.30001098,0.039553493,0.18555018,11.94375,-34.0125,32.8125,46.950733,0.3361091,49.741684,0.2489671,0.084638625,0.34945086,0.89929736,0.14029796,-0.22240677,-0.79317427,0.5492962,-1.0,0
1763545215514,1009.8051,-0.4031906,3.9080775,8.935398,-0.2966512,0.11300998,0.24251331,11.3625,-33.318752,31.893751,46.950733,0.3361091,49.741684,0.24273188,0.08353469,0.35440695,0.8991657,0.13767356,-0.21666287,-0.79214394,0.5537248,-1.0,0
1763545215539,1009.8051,-0.12861422,3.5826538,8.333005,-0.06864593,0.046883874,0.32391104,9.8625,-33.46875,32.850002,46.950733,0.3361091,49.741684,0.2426041,0.08287633,0.35740057,0.89807546,0.13688126,-0.2167689,-0.79070145,0.555937,-1.0,0
1763545215564,1009.7756,0.104087785,3.438486,7.164111,0.14912736,-0.081397735,0.38530296,9.825001,-31.612501,31.500002,46.950733,0.3361091,49.741684,0.24464114,0.08165196,0.3604279,0.8964237,0.13607591,-0.21908829,-0.7886138,0.5581863,-1.0,0
1763545215589,1009.7756,0.7962117,3.5611184,5.230112,0.22426373,-0.0386372,0.30863944,10.3125,-32.68125,32.5875,46.950733,0.3361091,49.741684,0.24937794,0.080410816,0.3654989,0.8931714,0.13588834,-0.22403039,-0.7844688,0.5620973,-1.0,0
1763545215614,1009.7341,0.87278205,3.7166517,5.058427,0.069104075,0.018325943,0.21364996,8.7375,-32.475002,33.206253,46.950733,0.3361091,49.741684,0.2499356,0.08016998,0.36712,0.8923721,0.13581927,-0.22460666,-0.7832252,0.5636163,-1.0,0
1763545215639,1009.716,0.51565325,3.9607196,5.9300127,-0.015653409,0.010231985,0.108123064,10.5,-30.300001,33.206253,46.950733,0.3361091,49.741684,0.25000355,0.07994351,0.36796427,0.8920256,0.13566089,-0.22469729,-0.7825766,0.5645184,-1.0,0
1763545215665,1009.716,-0.02213361,4.5044885,6.732805,-0.028939718,0.0129808765,0.027488915,8.606251,-32.362503,33.375,46.950733,0.3361091,49.741684,0.24973725,0.08000447,0.368645,0.8918136,0.13591094,-0.22451597,-0.7821347,0.5651425,-1.0,0
1763545215690,1009.72235,-0.0741775,4.7856455,8.008778,-0.026343543,-0.06551525,-0.0012217296,7.8,-31.331251,33.09375,46.950733,0.3361091,49.741684,0.24999894,0.0795526,0.368414,0.89187616,0.13544546,-0.22468339,-0.7819099,0.56549877,-1.0,0
1763545215715,1009.7443,-0.30927232,5.005785,8.746365,0.092927806,-0.02046397,0.008552107,8.90625,-31.593752,33.91875,46.950733,0.3361091,49.741684,0.25100645,0.08004208,0.36846244,0.8915293,0.13616933,-0.22554135,-0.78152674,0.565513,-1.0,0
1763545215740,1009.7443,-0.5515456,5.260022,8.843872,0.18639012,-0.003817905,0.07910699,8.118751,-30.300001,34.537502,46.950733,0.3361091,49.741684,0.2528352,0.08045793,0.36905426,0.8907299,0.13701934,-0.22721098,-0.7805604,0.5659739,-1.0,0
1763545215766,1009.7653,0.89431745,5.72423,9.233304,0.1786016,-0.20097451,0.08078687,7.6687503,-31.85625,34.987503,46.950733,0.3361091,49.741684,0.25738505,0.07851255,0.36944214,0.8894387,0.13685055,-0.22992072,-0.7795474,0.56631637,-1.0,0
1763545215791,1009.7653,0.75972116,6.151947,9.795019,0.02481638,-0.01282816,0.013133593,7.4625,-31.368752,34.987503,46.950733,0.3361091,49.741684,0.25716963,0.07884195,0.36965346,0.8893841,0.13623421,-0.23205927,-0.77909356,0.56621724,-1.0,0
1763545215817,1009.811,0.22552353,6.6981087,10.73181,-0.055665053,0.17715079,0.008246674,6.8437505,-30.825,35.006252,46.950733,0.3361091,49.741684,0.25623965,0.08016994,0.370279,0.8892736,0.13760422,-0.23054516,-0.77867794,0.56707555,-1.0,0
1763545215842,1009.85565,0.9912268,6.7968125,11.396416,0.13629921,-0.32330018,0.11438443,6.61875,-29.831251,34.050003,46.950733,0.3361091,49.741684,0.25985005,0.07705974,0.37063026,0.8883541,0.13549414,-0.23473728,-0.777522,0.5674498,-1.0,0
1763545215869,1009.85565,1.6342978,6.559325,11.450852,0.19204062,-0.3846921,0.07055488,5.8500004,-30.675001,34.65,46.950733,0.3361091,49.741684,0.26263678,0.074625164,0.37019137,0.8879253,0.13372914,-0.23804098,-0.7773189,0.5667701,-1.0,0
1763545215894,1009.8781,2.1062822,6.087939,10.360324,0.067576915,-0.0754418,0.013439025,6.1687503,-29.6625,36.5625,46.950733,0.3361091,49.741684,0.26267284,0.07451746,0.37020862,0.88791645,0.133555,-0.23814479,-0.7774915,0.56653076,-1.0,0
1763545215919,1009.8781,2.2671995,5.6243296,10.607383,-0.14103341,0.17699806,-0.11453715,5.2312503,-29.362501,35.568752,46.950733,0.3361091,49.741684,0.26048592,0.07567876,0.3696349,0.8887012,0.13408987,-0.23579673,-0.77859473,0.56587106,-1.0,0
1763545215945,1009.8808,1.0091729,4.0408792,10.160523,-0.06391173,0.046273008,-0.22479823,6.2812505,-30.6375,35.68125,46.950733,0.3361091,49.741684,0.25751927,0.07685473,0.3665944,0.890722,0.13415617,-0.2328625,-0.7822061,0.5620772,-1.0,0
1763545215970,1009.8652,0.6687939,3.63051,8.629715,-0.10682498,-0.04214967,-0.085979216,4.7250004,-30.300001,37.068752,46.950733,0.3361091,49.741684,0.25552514,0.07564285,0.36472964,0.8921644,0.13214085,-0.2314168,-0.7849507,0.55931884,-1.0,0
1763545215995,1009.8403,0.8063812,4.0181475,7.9680996,-0.06589704,0.0058032153,-0.017104214,5.55,-29.212502,35.68125,46.950733,0.3361091,49.741684,0.25483638,0.07542746,0.36475894,0.89236766,0.13163288,-0.2308759,-0.78548235,0.5589155,-1.0,0
1763545216020,1009.8403,0.91166544,4.4446683,6.734599,-0.010155627,-0.014202606,0.0013744457,5.7562504,-29.56875,35.98125,46.950733,0.3361091,49.741684,0.25480637,0.07500831,0.3646721,0.89244705,0.13116424,-0.2309729,-0.7857094,0.55866647,-1.0,0
1763545216046,1009.8073,1.3896317,4.697709,6.2087765,-0.046349365,-0.08720095,-0.0716239,4.3875003,-29.718752,37.21875,46.950733,0.3361091,49.741684,0.2546827,0.07423395,0.36360773,0.8929812,0.13042274,-0.23100618,-0.78637415,0.5578905,-1.0,0
1763545216071,1009.7736,0.61675006,4.4488554,6.0023956,-0.122707464,0.23991714,-0.29764387,3.2062502,-31.331251,36.65625,46.950733,0.3361091,49.741684,0.25157756,0.077658735,0.36001688,0.89502275,0.1331533,-0.22713944,-0.7889245,0.5552261,-1.0,0
1763545216096,1009.7736,0.19322042,4.328616,6.343373,-0.1353829,0.3480402,-0.27656904,5.7375,-30.562502,34.5,46.950733,0.3361091,49.741684,0.24937192,0.08080281,0.35860285,0.89592886,0.13578448,-0.22422764,-0.78994465,0.5543212,-1.0,0
1763545216121,1009.75946,0.19621146,4.3238306,7.1395845,-0.0045051277,0.19807291,-0.2490801,4.875,-31.143751,34.612503,46.950733,0.3361091,49.741684,0.24927494,0.08274663,0.3567326,0.89652485,0.13770229,-0.2236584,-0.79083484,0.5528067,-1.0,0
1763545216146,1009.75946,-0.19202402,4.261617,6.98106,0.21189372,-0.056046844,-0.21395539,3.43125,-30.187502,37.2,46.950733,0.3361091,49.741684,0.2515353,0.08332266,0.35464394,0.89666885,0.13878745,-0.22572264,-0.79143894,0.5508282,-1.0,0
1763545216171,1009.74677,0.3290131,4.6839504,6.7848487,0.20441063,-0.0015271619,-0.021227552,4.78125,-30.056252,36.73125,46.950733,0.3361091,49.741684,0.2555986,0.08484073,0.3532653,0.89592135,0.14130388,-0.2292636,-0.7907711,0.5496839,-1.0,0
1763545216197,1009.7568,0.7178468,4.9842496,7.389036,0.2042579,0.03924806,-0.011911863,4.0687504,-31.368752,37.350002,46.950733,0.3361091,49.741684,0.25734872,0.086035475,0.35310233,0.8953705,0.14290732,-0.23066851,-0.79018074,0.5495307,-1.0,0
1763545216223,1009.7568,0.587438,5.2498527,7.6683984,0.20486878,0.065667965,-0.005345067,3.525,-31.050001,38.006252,46.950733,0.3361091,49.741684,0.25900617,0.08711286,0.35311377,0.8947837,0.14435926,-0.23201993,-0.78955424,0.5494827,-1.0,0
1763545216248,1009.7839,0.34456646,5.831907,9.55155,0.27145302,0.006261364,0.08872811,1.81875,-30.225,36.43125,46.950733,0.3361091,49.741684,0.2636619,0.08851724,0.35390592,0.8929713,0.14541171,-0.23377119,-0.7887576,0.54960704,-1.0,0
1763545216274,1009.8078,0.76989067,6.042475,10.012168,0.40920305,-0.052076224,0.091477,2.4750001,-30.4125,38.23125,46.950733,0.3361091,49.741684,0.26771078,0.08916977,0.3540545,0.8916418,0.14836337,-0.24001797,-0.7862804,0.54967517,-1.0,0
1763545216299,1009.8078,1.2053844,6.262017,9.222537,0.44356418,-0.027336199,0.026419902,1.10625,-31.556252,37.2,46.950733,0.3361091,49.741684,0.2711044,0.090509035,0.35378468,0.890588,0.15038429,-0.24305154,-0.78545946,0.5489662,-1.0,0
1763545216324,1009.83344,0.57906306,6.6514487,9.936794,0.105908684,0.45265082,-0.21823144,0.7875,-29.362501,38.9625,46.950733,0.3361091,49.741684,0.27095142,0.09820206,0.35248184,0.89033604,0.15318784,-0.24328585,-0.7853473,0.5482473,-1.0,0
1763545216350,1009.83344,-0.8751749,6.422934,9.547362,0.029245151,0.4816669,-0.20891576,3.45,-29.437502,35.60625,46.950733,0.3361091,49.741684,0.26941276,0.10231436,0.35199606,0.89053196,0.15779175,-0.24116401,-0.7856148,0.5474953,-1.0,0
1763545216376,1009.84344,-1.2382857,6.070591,10.0576315,-0.07887791,0.17455462,-0.09850194,2.3812501,-29.550001,36.80625,46.950733,0.3361091,49.741684,0.26792774,0.10328481,0.35162053,0.89101624,0.1621055,-0.23701231,-0.78633374,0.5470157,-1.0,0
1763545216400,1009.8769,-0.70348984,5.2630134,11.170295,-0.21448989,0.037568185,-0.06139191,1.7062501,-29.362501,36.09375,46.950733,0.3361091,49.741684,0.26533398,0.10338055,0.35141605,0.89186156,0.16157451,-0.23448525,-0.78726864,0.5469172,-1.0,0
1763545216425,1009.8769,-1.6211374,4.124628,11.799008,-0.056734066,0.101708986,0.20906848,1.5375,-29.5125,35.9625,46.950733,0.3361091,49.741684,0.2617269,0.103887916,0.35469475,0.89157045,0.16077986,-0.23117852,-0.78732514,0.5484756,-1.0,0
1763545216451,1009.88544,-0.50009996,4.4231324,10.484751,0.07903063,-0.25579962,0.34284785,2.5500002,-28.66875,38.11875,46.950733,0.3361091,49.741684,0.2629866,0.1008812,0.35680845,0.8907013,0.1578994,-0.23325254,-0.78656274,0.54952717,-1.0,0
1763545216476,1009.8581,0.03589234,4.69412,8.078768,-0.26106834,0.044134982,0.11911863,-0.1875,-27.69375,37.425003,46.950733,0.3361091,49.741684,0.25946632,0.09799257,0.3599083,0.890809,0.15402558,-0.23065436,-0.78659207,0.55167705,-1.0,0
1763545216502,1009.8581,-0.654437,4.3471603,8.672188,-0.50999576,0.08994984,0.08048143,1.03125,-26.94375,35.100002,46.950733,0.3361091,49.741684,0.25458622,0.09670057,0.361399,0.8917542,0.151652,-0.22620086,-0.78720945,0.5532957,-1.0,0
1763545216526,1009.86395,-0.8997013,3.8548372,9.957133,-0.46112654,0.07269291,0.15515965,1.125,-27.187502,36.018753,46.950733,0.3361091,49.741684,0.25074357,0.095485926,0.36351812,0.89211243,0.1495184,-0.22278722,-0.7872877,0.555147,-1.0,0
1763545216551,1009.86395,-0.8069794,3.6263227,9.695119,-0.18577924,0.05329795,0.29825473,-0.46875003,-26.343752,36.0,46.950733,0.3361091,49.741684,0.24934678,0.09476805,0.3666,0.891319,0.1483401,-0.221698,-0.78623354,0.55738854,-1.0,0
1763545216577,1009.8376,0.7890333,3.7393837,6.9726853,0.113544494,-0.016035201,0.34483317,0.6,-25.368752,36.131252,46.950733,0.3361091,49.741684,0.25096038,0.0935782,0.37247753,0.8885508,0.14729226,-0.22370292,-0.78284645,0.56161684,-1.0,0
1763545216601,1009.7973,0.9619147,3.7914274,6.1196437,0.048029244,0.045509428,0.20219624,0.975,-26.343752,37.068752,46.950733,0.3361091,49.741684,0.25112975,0.09354565,0.3740698,0.8878372,0.14724271,-0.22391185,-0.7819349,0.5628151,-1.0,0
1763545216626,1009.7973,0.86919284,3.8213377,5.796015,-0.06391173,0.092087865,0.05131264,-0.76875,-24.0375,38.04375,46.950733,0.3361091,49.741684,0.25003394,0.09394231,0.37458798,0.8878861,0.1473751,-0.22276156,-0.78189135,0.5632972,-1.0,0
1763545216652,1009.77264,0.20757736,3.8063827,6.494719,-0.16668972,0.14981459,-0.06459895,-0.88125,-23.175001,37.706253,46.950733,0.3361091,49.741684,0.24805011,0.09473952,0.37446415,0.8884099,0.1477177,-0.22064433,-0.78240854,0.56332266,-1.0,0
1763545216677,1009.75604,-1.1383854,3.5383866,7.8867435,0.19020802,0.053603385,0.023823727,0.3375,-22.931252,37.725002,46.950733,0.3361091,49.741684,0.2491338,0.09693543,0.37446842,0.8878678,0.14999299,-0.22128315,-0.7821518,0.56282717,-1.0,0
1763545216702,1009.75604,-1.1162517,3.9332023,6.586244,0.38858637,-0.13194679,0.17867795,1.03125,-23.325,34.893753,46.950733,0.3361091,49.741684,0.2530366,0.096501134,0.3753924,0.8864201,0.15038955,-0.22521763,-0.7806581,0.5632343,-1.0,0
1763545216727,1009.7443,-0.17048861,4.7605205,6.328418,0.3239874,-0.27412558,0.24465135,-0.63750005,-22.7625,37.03125,46.950733,0.3361091,49.741684,0.25662774,0.09488129,0.37637997,0.88514286,0.14967306,-0.2290376,-0.7790365,0.5641293,-1.0,0
1763545216752,1009.7443,0.29910284,5.276772,7.446464,0.16348268,-0.24113888,0.170584,-1.2,-23.325,37.443752,46.950733,0.3361091,49.741684,0.25885937,0.09313948,0.37698218,0.88442147,0.14856449,-0.23154213,-0.7779741,0.5648655,-1.0,0
1763545216777,1009.77094,0.65982085,5.331807,10.240085,0.13858995,-0.089797124,0.14508039,-2.4750001,-21.487501,40.0875,46.950733,0.3361091,49.741684,0.2619253,0.09150933,0.37868378,0.8829608,0.14764197,-0.23490566,-0.77621335,0.5661396,-1.0,0
1763545216802,1009.7939,0.95772725,5.5226345,10.07139,0.24488042,-0.073303774,0.08811724,-1.6125001,-21.525002,39.84375,46.950733,0.3361091,49.741684,0.26423472,0.091516726,0.3789217,0.8821695,0.1480378,-0.23723428,-0.77569115,0.5657808,-1.0,0
1763545216827,1009.7939,0.28893334,6.1597238,9.403793,0.15859577,0.14385866,-0.057726722,-1.5937501,-21.50625,38.775,46.950733,0.3361091,49.741684,0.2664383,0.09451224,0.37857226,0.8813405,0.14935127,-0.2385883,-0.77547425,0.5651633,-1.0,0
1763545216852,1009.81366,-0.1381855,6.3086767,9.3613205,0.12316561,0.117744185,-0.020311253,-2.2125,-22.44375,38.11875,46.950733,0.3361091,49.741684,0.26709023,0.0956451,0.37858963,0.88101345,0.15131135,-0.23880285,-0.7752857,0.5648242,-1.0,0
1763545216877,1009.83,0.41874397,6.2727847,9.692726,0.04085158,-0.091782436,0.008552107,-2.23125,-21.825,38.23125,46.950733,0.3361091,49.741684,0.2677387,0.09467776,0.37820008,0.8810884,0.15182908,-0.23999126,-0.7749635,0.5646093,-1.0,0
1763545216902,1009.83,1.4303098,5.174479,10.926227,-0.0787252,-0.13469568,-0.082924895,0.90000004,-19.275002,39.768753,46.950733,0.3361091,49.741684,0.26731828,0.09194696,0.3764123,0.88227004,0.15036398,-0.24042714,-0.7756889,0.5638193,-1.0,0
1763545216927,1009.84247,1.9298115,4.7922254,10.885549,-0.057497647,0.0065667965,-0.15897755,-0.01875,-20.98125,39.3375,46.950733,0.3361091,49.741684,0.26625752,0.09229874,0.37516356,0.8830856,0.14890166,-0.24029483,-0.77691483,0.5625745,-1.0,0
1763545216952,1009.84247,1.8083757,4.4925246,10.491929,-0.013820816,0.20005822,-0.2678642,0.075,-18.993752,39.675003,46.950733,0.3361091,49.741684,0.26490504,0.094589636,0.37342104,0.8839881,0.14876726,-0.23933327,-0.7785552,0.56074923,-1.0,0
1763545216978,1009.8403,0.0029910284,3.7800615,9.052647,0.08681916,0.117438756,-0.31917685,0.73125005,-20.15625,39.525,46.950733,0.3361091,49.741684,0.2637754,0.098946415,0.3687061,0.8858261,0.15396354,-0.2359303,-0.7843917,0.5525955,-1.0,0
1763545217003,1009.8376,0.212363,3.5808592,8.810373,0.048334677,0.0481056,-0.22281294,1.63125,-18.69375,37.800003,46.950733,0.3361091,49.741684,0.263229,0.099927165,0.36715207,0.8865238,0.15461506,-0.2353065,-0.7858483,0.5506064,-1.0,0
1763545217028,1009.8376,0.59700924,3.5647075,8.583653,-0.034437504,0.052687086,-0.16493349,2.34375,-19.3875,40.0875,46.950733,0.3361091,49.741684,0.262148,0.10016622,0.36596337,0.88730824,0.15441331,-0.23433176,-0.7873426,0.5489415,-1.0,0
1763545217053,1009.82245,0.8285148,3.6771703,8.430512,-0.12041672,-0.12140937,-0.16615522,0.84375006,-19.650002,38.4,46.950733,0.3361091,49.741684,0.26097825,0.09837267,0.36424315,0.8885607,0.15221713,-0.23370235,-0.7893874,0.5468827,-1.0,0
1763545217078,1009.8254,0.43848476,3.6263227,9.669396,-0.32429284,0.13087778,-0.31703883,2.79375,-18.69375,38.925003,46.950733,0.3361091,49.741684,0.25441813,0.0978076,0.36027738,0.8921352,0.1498392,-0.22769089,-0.79472125,0.5423313,-1.0,0
1763545217105,1009.8254,-0.45822555,3.4522448,9.565907,-0.24594943,0.3488038,-0.20479241,3.3937502,-18.75,37.3125,46.950733,0.3361091,49.741684,0.25082663,0.10040318,0.36004534,0.89295715,0.15139313,-0.22377425,-0.79609597,0.5415131,-1.0,0
1763545217131,1009.809,-0.26739794,3.6556349,8.806784,-0.04176788,0.23350306,-0.051618073,2.7,-17.831251,37.48125,46.950733,0.3361091,49.741684,0.24987137,0.10174346,0.36017483,0.89302105,0.15231581,-0.2226821,-0.7965785,0.5409947,-1.0,0
1763545217156,1009.79486,0.91166544,4.0887356,7.205387,0.069867656,-0.20250167,0.0097738365,3.6000001,-18.35625,38.193752,46.950733,0.3361091,49.741684,0.2519206,0.09943299,0.3595102,0.8929734,0.15029243,-0.22530667,-0.7971494,0.53963125,-1.0,0
1763545217182,1009.79486,1.0785648,4.1126637,7.512865,-0.117820546,0.08384119,-0.06139191,5.8875003,-16.5,37.706253,46.950733,0.3361091,49.741684,0.24984078,0.1002884,0.3594789,0.8934745,0.15061761,-0.22314237,-0.7978217,0.53944635,-1.0,0
1763545217207,1009.78973,0.6203393,4.0145583,7.9226356,-0.27145302,0.33628106,-0.12522727,4.0687504,-17.4375,38.4,46.950733,0.3361091,49.741684,0.24598429,0.102412365,0.35951477,0.8942889,0.15179807,-0.21898381,-0.7988182,0.53934497,-1.0,0
1763545217232,1009.78973,-0.22372891,3.7651064,9.19801,-0.23541202,0.07742711,-0.09880738,4.6312504,-15.50625,36.693752,46.950733,0.3361091,49.741684,0.2401829,0.10338153,0.3589298,0.89598763,0.15133233,-0.21324654,-0.8010938,0.5383987,-1.0,0
1763545217257,1009.7829,-0.025124637,3.882953,9.306884,-0.06956223,-0.11759147,0.0025961753,4.70625,-15.88125,37.162502,46.950733,0.3361091,49.741684,0.23990145,0.102024,0.35893446,0.89621675,0.14980203,-0.21335638,-0.8016801,0.5379103,-1.0,0
1763545217283,1009.7812,0.25124636,4.2203407,8.638688,-0.035506517,-0.035582874,0.06551525,4.65,-14.75625,36.80625,46.950733,0.3361091,49.741684,0.23922758,0.101620436,0.35966414,0.8961502,0.1491436,-0.21286789,-0.80177456,0.53814584,-1.0,0
1763545217308,1009.7812,-0.18424734,4.0217366,9.255438,-0.11980586,0.13148865,0.080634154,7.3125005,-15.356251,35.775,46.950733,0.3361091,49.741684,0.23627704,0.10229778,0.36192673,0.89594495,0.14903668,-0.20995177,-0.8015046,0.53972095,-1.0,0
1763545217333,1009.788,-0.4881358,4.1258245,9.428918,-0.013668099,0.0061086477,0.15012002,7.3125005,-15.356251,35.775,46.950733,0.3361091,49.741684,0.23634139,0.10166793,0.36333635,0.895429,0.14903668,-0.20995177,-0.8015046,0.53972095,-1.0,0
1763545217358,1009.7785,-0.24825534,4.28076,8.919247,0.03825541,-0.077579826,0.20234896,4.5,-14.137501,34.93125,46.950733,0.3361091,49.741684,0.23679855,0.100539304,0.36486527,0.8948138,0.14722568,-0.21096517,-0.8002998,0.5416074,-1.0,0
1763545217383,1009.7785,0.15732808,4.3908296,8.503493,-0.09506583,-0.11942407,0.17348559,5.2312503,-12.58125,36.46875,46.950733,0.3361091,49.741684,0.23596896,0.09847236,0.36608925,0.8947628,0.14498165,-0.21061447,-0.8001274,0.5426031,-1.0,0
1763545217409,1009.79193,0.5132605,4.6672006,10.769497,-0.22075126,-0.031459536,0.034208428,6.0375004,-13.6125,36.75,46.950733,0.3361091,49.741684,0.23233303,0.095182255,0.3673084,0.89557034,0.1408521,-0.20784368,-0.8010872,0.5433424,-1.0,0
1763545217434,1009.7795,-0.38584265,4.694718,9.71486,0.04650208,0.055588696,0.0716239,5.8125,-14.025001,36.9375,46.950733,0.3361091,49.741684,0.23295261,0.09542694,0.36823064,0.89500445,0.1410923,-0.20848542,-0.80067396,0.54364324,-1.0,0
1763545217459,1009.7795,-0.2219343,4.738387,7.9998045,0.19219333,-0.100945406,0.18310672,5.625,-12.7875,36.43125,46.950733,0.3361091,49.741684,0.23515688,0.09451292,0.36938822,0.89404744,0.14062689,-0.2108448,-0.79955703,0.5444971,-1.0,0
1763545217484,1009.7641,1.1479566,4.558925,7.368697,-0.08880447,0.06856957,-0.09392046,6.20625,-12.750001,37.7625,46.950733,0.3361091,49.741684,0.23472726,0.09412517,0.36912176,0.8943113,0.13994925,-0.21210268,-0.7989461,0.5450797,-1.0,0
1763545217509,1009.7641,-0.21954148,4.093521,8.274979,-0.27893612,0.18906265,-0.18539746,5.0062504,-13.725,36.09375,46.950733,0.3361091,49.741684,0.23137443,0.09510432,0.3684875,0.8953424,0.14046828,-0.20699668,-0.8009133,0.5440211,-1.0,0
1763545217534,1009.7685,-0.785444,4.0564327,9.638887,-0.25480697,0.25534147,-0.07116575,7.89375,-12.431251,36.6375,46.950733,0.3361091,49.741684,0.22843163,0.0964847,0.3688954,0.8957823,0.14116012,-0.20387284,-0.8014116,0.5442877,-1.0,0
1763545217559,1009.76605,-0.2955136,4.598407,8.944371,0.005726857,-0.19471315,0.06169734,7.05,-13.762501,35.86875,46.950733,0.3361091,49.741684,0.22854134,0.09420392,0.36931437,0.89582443,0.13886867,-0.20450188,-0.80158377,0.54438764,-1.0,0
1763545217584,1009.76605,-0.1591227,4.709075,8.799605,-0.03413207,-0.17608178,0.035582874,8.6625,-12.468751,34.237503,46.950733,0.3361091,49.741684,0.22850525,0.09279729,0.36931625,0.89597964,0.13747849,-0.20475757,-0.8017508,0.5443985,-1.0,0
1763545217610,1009.77313,-0.13459627,4.6552362,8.952746,-0.12820524,0.03451386,0.016493348,5.68125,-13.275001,35.568752,46.950733,0.3361091,49.741684,0.22694767,0.093011014,0.36971417,0.8961893,0.13737036,-0.20318876,-0.8018733,0.54483294,-1.0,0
1763545217635,1009.77313,-0.24945176,4.517649,9.360723,-0.14133884,0.16386448,-0.0065667965,7.275,-11.25,35.7,46.950733,0.3361091,49.741684,0.22519128,0.09404455,0.37012452,0.89635503,0.13800876,-0.20126864,-0.80199236,0.54520893,-1.0,0
1763545217661,1009.7736,-0.08554341,4.731209,9.472587,0.062384564,-0.03497201,0.024129158,6.2250004,-11.981251,36.787502,46.950733,0.3361091,49.741684,0.22538042,0.094279155,0.3704198,0.89616084,0.13820434,-0.20145583,-0.8019388,0.54516906,-1.0,0
1763545217685,1009.77045,0.23629123,4.9860444,8.606385,0.063759014,0.06368265,0.0151189035,6.15,-11.625,36.91875,46.950733,0.3361091,49.741684,0.2253398,0.09521402,0.37065858,0.8959735,0.13909315,-0.20123824,-0.801756,0.5452922,-1.0,0
1763545217711,1009.7675,-0.1369891,4.6749773,8.794222,-0.0005345067,-0.026572619,-0.03375028,7.275,-11.868751,36.675003,46.950733,0.3361091,49.741684,0.22523043,0.09547723,0.37021783,0.8961552,0.13937226,-0.20104732,-0.8019052,0.5450719,-1.0,0
1763545217737,1009.7675,-0.1369891,4.6749773,8.794222,-0.0005345067,-0.026572619,-0.03375028,7.275,-11.868751,36.675003,46.950733,0.3361091,49.741684,0.22523043,0.09547723,0.37021783,0.8961552,0.13937226,-0.20104732,-0.8019052,0.5450719,-1.0,0
1763545217761,1009.7609,-0.61435723,4.4004006,8.455637,-0.064522594,0.021991132,0.018173227,5.34375,-12.69375,36.91875,46.950733,0.3361091,49.741684,0.22459623,0.0951825,0.3702922,0.896315,0.13901414,-0.20044515,-0.80188423,0.54541594,-1.0,0
1763545217787,1009.7609,-0.27996024,4.601996,9.357731,-0.10147991,0.16478078,0.054825112,8.34375,-11.75625,35.775,46.950733,0.3361091,49.741684,0.22333606,0.09624846,0.37114394,0.8961637,0.13984047,-0.19896582,-0.8014525,0.54638,-1.0,0
1763545217812,1009.76044,0.14237295,5.21755,8.139186,0.13217586,-0.058490302,-0.0024434591,8.231251,-11.00625,34.050003,46.950733,0.3361091,49.741684,0.22533242,0.096545756,0.3710133,0.895686,0.14059724,-0.20081884,-0.80085397,0.5463856,-1.0,0
1763545217838,1009.7441,-0.10049855,4.922036,7.676773,0.032604907,-0.028099779,-0.016340632,7.275,-11.25,35.081253,46.950733,0.3361091,49.741684,0.22542992,0.09661757,0.37083313,0.89572835,0.14079629,-0.20082334,-0.80063623,0.5466516,-1.0,0
1763545217863,1009.7441,0.0526421,4.627719,8.222935,-0.12331833,0.098196514,-0.04657844,6.2812505,-12.468751,35.8875,46.950733,0.3361091,49.741684,0.22379917,0.09731759,0.37069952,0.8961167,0.14123955,-0.199018,-0.8007894,0.54697305,-1.0,0
1763545217888,1009.73773,0.009571291,4.6354957,9.2793665,-0.15004367,0.12782346,-0.085215636,6.9750004,-11.26875,35.4375,46.950733,0.3361091,49.741684,0.22220877,0.098008126,0.37000582,0.8968155,0.14162216,-0.19729544,-0.80122393,0.5468618,-1.0,0
1763545217913,1009.7304,0.09810573,5.096712,9.067003,0.014584397,0.00320704,-0.043065965,8.3625,-10.368751,33.225002,46.950733,0.3361091,49.741684,0.22171086,0.09865998,0.36969873,0.8969021,0.14219002,-0.19665068,-0.80158055,0.5464239,-1.0,0
1763545217939,1009.7304,-0.016749758,5.1762733,8.957532,-0.0011453715,0.07116575,-0.017715078,7.2000003,-11.512501,37.275,46.950733,0.3361091,49.741684,0.22144559,0.09939736,0.369791,0.89684814,0.14291215,-0.19619915,-0.8013552,0.5467284,-1.0,0
1763545217964,1009.7341,-0.33379877,5.145167,8.563314,0.10453424,0.0058032153,0.01970039,6.99375,-11.887501,35.30625,46.950733,0.3361091,49.741684,0.2227849,0.10052745,0.36998907,0.89630866,0.14387889,-0.19612376,-0.8009501,0.5470953,-1.0,0
1763545217989,1009.7341,-0.25603202,5.0805607,8.389236,0.109268434,-0.043065965,0.042455103,8.118751,-12.0375,36.43125,46.950733,0.3361091,49.741684,0.22388761,0.100545675,0.37017596,0.8959546,0.1444339,-0.19717437,-0.8003985,0.5473786,-1.0,0
1763545218014,1009.7287,-0.12861422,4.989035,8.679964,0.061926417,-0.021074835,0.038789913,7.05,-11.64375,35.90625,46.950733,0.3361091,49.741684,0.22457993,0.1005261,0.37035626,0.895709,0.14497769,-0.19880417,-0.79925686,0.54831266,-1.0,0
1763545218039,1009.7287,-0.035294134,4.851448,8.685348,0.060857404,-0.03604102,0.025961753,7.05,-11.64375,35.90625,46.950733,0.3361091,49.741684,0.2253555,0.100390464,0.37040228,0.8955104,0.14497769,-0.19880417,-0.79925686,0.54831266,-1.0,0
1763545218064,1009.7314,0.086141616,4.799404,7.78445,0.06467531,-0.038331766,0.011911863,6.3375,-12.20625,35.86875,46.950733,0.3361091,49.741684,0.22693074,0.10004127,0.37034455,0.89517546,0.14518958,-0.20036373,-0.7986093,0.5486324,-1.0,0
1763545218089,1009.73627,-0.014356935,4.761717,7.630113,0.009392046,-0.055588696,0.025503604,7.5000005,-11.475,36.46875,46.950733,0.3361091,49.741684,0.22719468,0.09953522,0.37049282,0.8951036,0.1447855,-0.20139974,-0.7979989,0.54924774,-1.0,0
1763545218115,1009.74896,0.18364914,4.92084,8.103293,-0.051999863,-0.042760536,0.029779658,7.4437504,-10.368751,36.412502,46.950733,0.3361091,49.741684,0.22703664,0.09887362,0.370629,0.8951606,0.14414896,-0.20135221,-0.7979076,0.54956514,-1.0,0
1763545218140,1009.74896,-0.18843478,4.9603214,9.135797,-0.048792824,-0.06520981,0.012064579,8.231251,-10.275001,34.162502,46.950733,0.3361091,49.741684,0.22684692,0.09741267,0.3706234,0.8953712,0.1428099,-0.20138045,-0.7977618,0.55011576,-1.0,0
1763545218165,1009.7609,-0.10707881,5.000401,9.351749,0.006185006,-0.0074830935,0.01970039,8.775001,-11.212501,34.0125,46.950733,0.3361091,49.741684,0.22703339,0.0975302,0.3707982,0.89523876,0.14300118,-0.20151171,-0.79749393,0.55040634,-1.0,0
1763545218191,1009.77094,-0.111864455,5.070391,8.760123,0.057344932,0.042302385,0.03008509,7.4062505,-11.3625,35.23125,46.950733,0.3361091,49.741684,0.22733827,0.09814784,0.371141,0.89495176,0.14457181,-0.20139909,-0.79655373,0.5513978,-1.0,0
1763545218216,1009.77094,-0.12562318,5.0572305,8.515457,0.03046688,0.08659008,0.026572619,6.525,-10.575001,35.5875,46.950733,0.3361091,49.741684,0.22730564,0.098968476,0.37148842,0.8947255,0.14457181,-0.20139909,-0.79655373,0.5513978,-1.0,0
1763545218241,1009.7736,-0.27098715,5.0165524,8.957532,0.00923933,0.021074835,-0.0009162972,6.61875,-10.931251,34.36875,46.950733,0.3361091,49.741684,0.22729756,0.099731855,0.37159812,0.89459723,0.14545515,-0.20113036,-0.7960248,0.55202705,-1.0,0
1763545218267,1009.7736,-0.20578274,5.1182475,8.772088,0.031688612,0.055130545,-0.008246674,8.606251,-11.34375,33.881252,46.950733,0.3361091,49.741684,0.22734089,0.10049864,0.37165007,0.8944788,0.14626497,-0.20097366,-0.7957576,0.5522554,-1.0,0
1763545218292,1009.7641,-0.078963146,5.0937214,8.59801,0.04130973,0.057726722,0.009468404,8.400001,-10.762501,35.25,46.950733,0.3361091,49.741684,0.22844508,0.10245192,0.37184796,0.8938935,0.14891349,-0.2012668,-0.7937537,0.55432075,-1.0,0
1763545218317,1009.76337,-0.009571291,5.0141597,8.459825,0.05459604,0.028252495,0.0065667965,6.525,-11.55,33.018753,46.950733,0.3361091,49.741684,0.22927152,0.10295699,0.3718541,0.89362127,0.14978108,-0.20181973,-0.7929437,0.5550448,-1.0,0
1763545218342,1009.76337,-0.07058827,5.00399,8.16132,0.0457385,0.032223117,-0.0051923506,7.1250005,-11.38125,34.18125,46.950733,0.3361091,49.741684,0.22997206,0.10337675,0.37186712,0.8933874,0.15052363,-0.20227836,-0.79221255,0.5557206,-1.0,0
1763545218367,1009.7609,-0.08255238,5.0392847,8.221141,0.0045051277,0.053908817,-0.005345067,9.20625,-11.15625,34.575,46.950733,0.3361091,49.741684,0.23040421,0.10402489,0.37187943,0.8931956,0.15153405,-0.202348,-0.7912414,0.5568032,-1.0,0
1763545218392,1009.7624,-0.24705894,4.8855457,8.410173,0.029856017,-0.041538805,-0.0009162972,8.1,-10.78125,35.5875,46.950733,0.3361091,49.741684,0.23161393,0.10389846,0.37163094,0.89300084,0.15199736,-0.20331429,-0.79021704,0.5577788,-1.0,0
1763545218417,1009.7624,-0.29312077,4.9112687,8.319844,-0.0020616686,-0.08185588,0.0025961753,6.3,-13.218751,35.456253,46.950733,0.3361091,49.741684,0.23195855,0.10343456,0.37138286,0.8930685,0.15179576,-0.20362103,-0.7898558,0.55823326,-1.0,0
1763545218442,1009.7753,-0.16091733,4.9022956,8.683554,-0.036270097,-0.061239194,-0.0016798781,5.9812503,-11.75625,36.80625,46.950733,0.3361091,49.741684,0.23193713,0.10324062,0.3711726,0.8931839,0.15177722,-0.203512,-0.7895334,0.5587339,-1.0,0
1763545218467,1009.7753,0.047856454,4.9585266,8.833105,-0.026648976,-0.012064579,-0.004123337,6.6562505,-9.9375,35.23125,46.950733,0.3361091,49.741684,0.23172098,0.10319785,0.37118185,0.8932411,0.15172082,-0.20328602,-0.7894967,0.55888325,-1.0,0
1763545218492,1009.77606,-0.078963146,5.185845,8.650054,-0.0005345067,0.054825112,-0.05329795,7.5375004,-11.45625,35.081253,46.950733,0.3361091,49.741684,0.23208852,0.103328295,0.37099588,0.89320785,0.1519886,-0.20357135,-0.78934187,0.5589254,-1.0,0
1763545218517,1009.77167,-0.51086766,5.0901318,8.510074,0.017944153,0.027488915,-0.022754714,6.525,-11.325001,35.175003,46.950733,0.3361091,49.741684,0.23251662,0.10391783,0.3708206,0.89310086,0.15287419,-0.20369679,-0.7886831,0.55956775,-1.0,0
1763545218542,1009.77167,-0.5276174,5.0775695,8.252247,0.01886045,0.015882485,0.011911863,9.09375,-11.681251,35.081253,46.950733,0.3361091,49.741684,0.23267977,0.10484242,0.37077108,0.89297086,0.15411302,-0.20342316,-0.78773886,0.5606565,-1.0,0
1763545218568,1009.76654,-0.19561325,4.9417768,9.104092,-0.009086614,0.018173227,0.0070249448,7.55625,-12.20625,33.881252,46.950733,0.3361091,49.741684,0.23262529,0.10579068,0.3708341,0.89284706,0.15507233,-0.20304172,-0.7867829,0.56187123,-1.0,0
1763545218594,1009.7746,-0.058624156,5.0045886,8.847462,0.042073313,0.029626941,0.00962112,6.7312503,-10.425,34.331253,46.950733,0.3361091,49.741684,0.23265417,0.106025,0.37096125,0.89275897,0.15554051,-0.2029197,-0.7867145,0.5618817,-1.0,0
1763545218619,1009.7746,-0.07537391,5.09073,8.374879,0.046654798,0.018631376,-0.00076358096,6.3,-11.71875,35.68125,46.950733,0.3361091,49.741684,0.23313148,0.106141426,0.37095737,0.8926222,0.1558107,-0.20332071,-0.78644496,0.56203914,-1.0,0
1763545218644,1009.77094,-0.30388847,4.901099,8.376076,0.11018474,-0.13515383,-0.020769402,6.7125,-11.175,35.30625,46.950733,0.3361091,49.741684,0.2353089,0.10511804,0.37017974,0.89249474,0.15547982,-0.20553859,-0.7860119,0.5619299,-1.0,0
1763545218669,1009.77094,0.37567315,5.087141,8.2965145,-0.18516839,0.1999055,0.027794348,9.58125,-11.493751,34.0875,46.950733,0.3361091,49.741684,0.23391491,0.10666233,0.3711526,0.8922739,0.15723899,-0.20339353,-0.7840013,0.5650212,-1.0,0
