timestamp,TJ-00CB-0000047D-0000,TJ-00CB-0000047F-0000,TJ-00CB-0000048A-0000,TJ-00CB-00000480-0000,TJ-00CB-00000482-0000,TJ-00CB-00000477-0000,TJ-00CB-00000483-0000,TJ-00CB-00000481-0000,TJ-00CB-00000486-0000,TJ-00CB-0000047B-0000,TJ-00CB-00000488-0000
1763545244980,-100,-100,-100,-100,-100,-100,-100,-100,-100,-100,-100
1763545245005,-100,-100,-100,-100,-100,-100,-100,-100,-100,-100,-100
1763545245030,-100,-100,-100,-100,-100,-100,-100,-100,-100,-100,-100
1763545245055,-100,-100,-100,-100,-100,-100,-100,-100,-100,-100,-100
1763545245080,-100,-100,-100,-100,-100,-100,-100,-100,-100,-100,-100
1763545245105,-100,-100,-100,-100,-100,-100,-100,-100,-100,-100,-100
1763545245130,-100,-100,-100,-100,-100,-100,-100,-100,-100,-100,-100
1763545245155,-100,-100,-100,-100,-100,-100,-100,-100,-100,-100,-100
1763545245180,-100,-100,-100,-100,-100,-100,-100,-100,-100,-100,-100
1763545245205,-100,-100,-100,-100,-100,-100,-100,-100,-100,-100,-100
1763545245230,-100,-100,-100,-100,-100,-100,-100,-100,-100,-100,-100
1763545245255,-100,-100,-100,-100,-100,-100,-100,-100,-100,-100,-100
1763545245280,-100,-100,-100,-100,-100,-100,-100,-100,-100,-100,-100
1763545245305,-100,-100,-100,-100,-100,-100,-100,-100,-100,-100,-100
1763545245330,-100,-100,-100,-100,-100,-100,-100,-100,-100,-100,-100
1763545245355,-100,-100,-100,-100,-100,-100,-100,-100,-100,-100,-100
1763545245380,-100,-100,-100,-100,-100,-100,-100,-100,-100,-100,-100
1763545245406,-100,-100,-100,-100,-100,-100,-100,-100,-100,-100,-100
1763545245431,-100,-100,-100,-100,-100,-100,-100,-100,-100,-100,-100
1763545245456,-100,-76,-100,-100,-100,-100,-100,-59,-100,-100,-67
1763545245481,-100,-76,-100,-100,-100,-100,-100,-59,-100,-100,-67
1763545245507,-100,-76,-100,-100,-100,-100,-100,-59,-100,-100,-67
1763545245532,-100,-76,-100,-100,-100,-100,-100,-59,-100,-100,-67
1763545245557,-100,-76,-100,-100,-100,-100,-100,-59,-100,-100,-67
1763545245583,-100,-76,-100,-100,-100,-100,-100,-59,-100,-100,-67
1763545245608,-100,-76,-100,-100,-100,-100,-100,-59,-100,-100,-67
1763545245634,-100,-76,-100,-100,-100,-100,-100,-59,-100,-100,-67
1763545245659,-100,-76,-100,-100,-100,-100,-100,-59,-100,-100,-67
1763545245684,-100,-76,-100,-100,-100,-100,-100,-59,-100,-100,-67
1763545245709,-100,-76,-100,-100,-100,-100,-100,-59,-100,-100,-67
1763545245734,-100,-76,-100,-100,-100,-100,-100,-59,-100,-100,-67
1763545245760,-100,-76,-100,-100,-100,-100,-100,-59,-100,-100,-67
1763545245785,-100,-76,-100,-100,-100,-100,-100,-59,-100,-100,-67
1763545245811,-100,-76,-100,-100,-100,-100,-100,-59,-100,-100,-67
1763545245835,-100,-76,-100,-100,-100,-100,-100,-59,-100,-100,-67
1763545245861,-100,-76,-100,-100,-100,-100,-100,-59,-100,-100,-67
1763545245886,-100,-76,-100,-100,-100,-100,-100,-59,-100,-100,-67
1763545245913,-100,-76,-100,-100,-100,-100,-100,-59,-100,-100,-67
1763545245937,-100,-76,-100,-100,-100,-100,-100,-59,-100,-100,-67
1763545245962,-100,-76,-100,-100,-100,-100,-100,-60,-100,-100,-66
1763545245988,-100,-76,-100,-100,-100,-100,-100,-60,-100,-100,-66
1763545246013,-100,-76,-100,-100,-100,-100,-100,-60,-100,-100,-66
1763545246038,-100,-76,-100,-100,-100,-100,-100,-60,-100,-100,-66
1763545246063,-100,-76,-100,-100,-100,-100,-100,-60,-100,-100,-66
1763545246088,-100,-76,-100,-100,-100,-100,-100,-60,-100,-100,-66
1763545246113,-100,-76,-100,-100,-100,-100,-100,-60,-100,-100,-66
1763545246138,-100,-76,-100,-100,-100,-100,-100,-60,-100,-100,-66
1763545246164,-100,-76,-100,-100,-100,-100,-100,-60,-100,-100,-66
1763545246189,-100,-76,-100,-100,-100,-100,-100,-60,-100,-100,-66
1763545246214,-100,-76,-100,-100,-100,-100,-100,-60,-100,-100,-66
1763545246239,-100,-76,-100,-100,-100,-100,-100,-60,-100,-100,-66
1763545246264,-100,-76,-100,-100,-100,-100,-100,-60,-100,-100,-66
1763545246289,-100,-76,-100,-100,-100,-100,-100,-60,-100,-100,-66
1763545246314,-100,-76,-100,-100,-100,-100,-100,-60,-100,-100,-66
1763545246339,-100,-76,-100,-100,-100,-100,-100,-60,-100,-100,-66
1763545246364,-100,-76,-100,-100,-100,-100,-100,-60,-100,-100,-66
1763545246389,-100,-76,-100,-100,-100,-100,-100,-60,-100,-100,-66
1763545246414,-100,-76,-100,-100,-100,-100,-100,-60,-100,-100,-66
1763545246439,-100,-76,-100,-100,-100,-100,-100,-60,-100,-100,-66
1763545246464,-84,-78,-100,-100,-100,-100,-100,-60,-100,-100,-64
1763545246489,-84,-78,-100,-100,-100,-100,-100,-60,-100,-100,-64
1763545246514,-84,-78,-100,-100,-100,-100,-100,-60,-100,-100,-64
1763545246539,-84,-78,-100,-100,-100,-100,-100,-60,-100,-100,-64
1763545246564,-84,-78,-100,-100,-100,-100,-100,-60,-100,-100,-64
1763545246589,-84,-78,-100,-100,-100,-100,-100,-60,-100,-100,-64
1763545246615,-84,-78,-100,-100,-100,-100,-100,-60,-100,-100,-64
1763545246640,-84,-78,-100,-100,-100,-100,-100,-60,-100,-100,-64
1763545246665,-84,-78,-100,-100,-100,-100,-100,-60,-100,-100,-64
1763545246690,-84,-78,-100,-100,-100,-100,-100,-60,-100,-100,-64
1763545246715,-84,-78,-100,-100,-100,-100,-100,-60,-100,-100,-64
1763545246740,-84,-78,-100,-100,-100,-100,-100,-60,-100,-100,-64
1763545246765,-84,-78,-100,-100,-100,-100,-100,-60,-100,-100,-64
1763545246791,-84,-78,-100,-100,-100,-100,-100,-60,-100,-100,-64
1763545246817,-84,-78,-100,-100,-100,-100,-100,-60,-100,-100,-64
1763545246843,-84,-78,-100,-100,-100,-100,-100,-60,-100,-100,-64
1763545246870,-84,-78,-100,-100,-100,-100,-100,-60,-100,-100,-64
1763545246894,-84,-78,-100,-100,-100,-100,-100,-60,-100,-100,-64
1763545246919,-84,-78,-100,-100,-100,-100,-100,-60,-100,-100,-64
1763545246944,-84,-78,-100,-100,-100,-100,-100,-60,-100,-100,-64
1763545246969,-79,-83,-100,-100,-100,-100,-100,-59,-100,-100,-62
1763545246994,-79,-83,-100,-100,-100,-100,-100,-59,-100,-100,-62
1763545247019,-79,-83,-100,-100,-100,-100,-100,-59,-100,-100,-62
1763545247044,-79,-83,-100,-100,-100,-100,-100,-59,-100,-100,-62
1763545247070,-79,-83,-100,-100,-100,-100,-100,-59,-100,-100,-62
1763545247095,-79,-83,-100,-100,-100,-100,-100,-59,-100,-100,-62
1763545247120,-79,-83,-100,-100,-100,-100,-100,-59,-100,-100,-62
1763545247145,-79,-83,-100,-100,-100,-100,-100,-59,-100,-100,-62
1763545247170,-79,-83,-100,-100,-100,-100,-100,-59,-100,-100,-62
1763545247195,-79,-83,-100,-100,-100,-100,-100,-59,-100,-100,-62
1763545247221,-79,-83,-100,-100,-100,-100,-100,-59,-100,-100,-62
1763545247245,-79,-83,-100,-100,-100,-100,-100,-59,-100,-100,-62
1763545247270,-79,-83,-100,-100,-100,-100,-100,-59,-100,-100,-62
1763545247296,-79,-83,-100,-100,-100,-100,-100,-59,-100,-100,-62
1763545247320,-79,-83,-100,-100,-100,-100,-100,-59,-100,-100,-62
1763545247345,-79,-83,-100,-100,-100,-100,-100,-59,-100,-100,-62
1763545247370,-79,-83,-100,-100,-100,-100,-100,-59,-100,-100,-62
1763545247395,-79,-83,-100,-100,-100,-100,-100,-59,-100,-100,-62
1763545247420,-79,-83,-100,-100,-100,-100,-100,-59,-100,-100,-62
1763545247445,-79,-83,-100,-100,-100,-100,-100,-59,-100,-100,-62
1763545247470,-79,-77,-100,-100,-100,-79,-100,-62,-100,-100,-64
1763545247495,-79,-77,-100,-100,-100,-79,-100,-62,-100,-100,-64
1763545247520,-79,-77,-100,-100,-100,-79,-100,-62,-100,-100,-64
1763545247545,-79,-77,-100,-100,-100,-79,-100,-62,-100,-100,-64
1763545247570,-79,-77,-100,-100,-100,-79,-100,-62,-100,-100,-64
1763545247595,-79,-77,-100,-100,-100,-79,-100,-62,-100,-100,-64
1763545247621,-79,-77,-100,-100,-100,-79,-100,-62,-100,-100,-64
1763545247645,-79,-77,-100,-100,-100,-79,-100,-62,-100,-100,-64
1763545247670,-79,-77,-100,-100,-100,-79,-100,-62,-100,-100,-64
1763545247695,-79,-77,-100,-100,-100,-79,-100,-62,-100,-100,-64
1763545247720,-79,-77,-100,-100,-100,-79,-100,-62,-100,-100,-64
1763545247745,-79,-77,-100,-100,-100,-79,-100,-62,-100,-100,-64
1763545247770,-79,-77,-100,-100,-100,-79,-100,-62,-100,-100,-64
1763545247796,-79,-77,-100,-100,-100,-79,-100,-62,-100,-100,-64
1763545247821,-79,-77,-100,-100,-100,-79,-100,-62,-100,-100,-64
1763545247846,-79,-77,-100,-100,-100,-79,-100,-62,-100,-100,-64
1763545247872,-79,-77,-100,-100,-100,-79,-100,-62,-100,-100,-64
1763545247897,-79,-77,-100,-100,-100,-79,-100,-62,-100,-100,-64
1763545247922,-79,-77,-100,-100,-100,-79,-100,-62,-100,-100,-64
1763545247948,-79,-77,-100,-100,-100,-79,-100,-62,-100,-100,-64
1763545247973,-81,-76,-100,-100,-100,-79,-100,-61,-100,-100,-67
1763545247998,-81,-76,-100,-100,-100,-79,-100,-61,-100,-100,-67
1763545248023,-81,-76,-100,-100,-100,-79,-100,-61,-100,-100,-67
1763545248048,-81,-76,-100,-100,-100,-79,-100,-61,-100,-100,-67
1763545248073,-81,-76,-100,-100,-100,-79,-100,-61,-100,-100,-67
1763545248098,-81,-76,-100,-100,-100,-79,-100,-61,-100,-100,-67
1763545248123,-81,-76,-100,-100,-100,-79,-100,-61,-100,-100,-67
1763545248148,-81,-76,-100,-100,-100,-79,-100,-61,-100,-100,-67
1763545248174,-81,-76,-100,-100,-100,-79,-100,-61,-100,-100,-67
1763545248199,-81,-76,-100,-100,-100,-79,-100,-61,-100,-100,-67
1763545248224,-81,-76,-100,-100,-100,-79,-100,-61,-100,-100,-67
1763545248249,-81,-76,-100,-100,-100,-79,-100,-61,-100,-100,-67
1763545248274,-81,-76,-100,-100,-100,-79,-100,-61,-100,-100,-67
1763545248300,-81,-76,-100,-100,-100,-79,-100,-61,-100,-100,-67
1763545248325,-81,-76,-100,-100,-100,-79,-100,-61,-100,-100,-67
1763545248350,-81,-76,-100,-100,-100,-79,-100,-61,-100,-100,-67
1763545248375,-81,-76,-100,-100,-100,-79,-100,-61,-100,-100,-67
1763545248401,-81,-76,-100,-100,-100,-79,-100,-61,-100,-100,-67
1763545248426,-81,-76,-100,-100,-100,-79,-100,-61,-100,-100,-67
1763545248451,-81,-76,-100,-100,-100,-79,-100,-61,-100,-100,-67
1763545248476,-80,-79,-100,-100,-100,-81,-100,-60,-100,-100,-67
1763545248501,-80,-79,-100,-100,-100,-81,-100,-60,-100,-100,-67
1763545248526,-80,-79,-100,-100,-100,-81,-100,-60,-100,-100,-67
1763545248551,-80,-79,-100,-100,-100,-81,-100,-60,-100,-100,-67
1763545248576,-80,-79,-100,-100,-100,-81,-100,-60,-100,-100,-67
1763545248601,-80,-79,-100,-100,-100,-81,-100,-60,-100,-100,-67
1763545248626,-80,-79,-100,-100,-100,-81,-100,-60,-100,-100,-67
1763545248651,-80,-79,-100,-100,-100,-81,-100,-60,-100,-100,-67
1763545248676,-80,-79,-100,-100,-100,-81,-100,-60,-100,-100,-67
1763545248702,-80,-79,-100,-100,-100,-81,-100,-60,-100,-100,-67
1763545248727,-80,-79,-100,-100,-100,-81,-100,-60,-100,-100,-67
1763545248752,-80,-79,-100,-100,-100,-81,-100,-60,-100,-100,-67
1763545248777,-80,-79,-100,-100,-100,-81,-100,-60,-100,-100,-67
1763545248803,-80,-79,-100,-100,-100,-81,-100,-60,-100,-100,-67
1763545248827,-80,-79,-100,-100,-100,-81,-100,-60,-100,-100,-67
1763545248852,-80,-79,-100,-100,-100,-81,-100,-60,-100,-100,-67
1763545248877,-80,-79,-100,-100,-100,-81,-100,-60,-100,-100,-67
1763545248902,-80,-79,-100,-100,-100,-81,-100,-60,-100,-100,-67
1763545248927,-80,-79,-100,-100,-100,-81,-100,-60,-100,-100,-67
1763545248952,-80,-79,-100,-100,-100,-81,-100,-60,-100,-100,-67
1763545248978,-81,-78,-100,-100,-100,-81,-100,-60,-100,-100,-64
1763545249002,-81,-78,-100,-100,-100,-81,-100,-60,-100,-100,-64
1763545249028,-81,-78,-100,-100,-100,-81,-100,-60,-100,-100,-64
1763545249054,-81,-78,-100,-100,-100,-81,-100,-60,-100,-100,-64
1763545249080,-81,-78,-100,-100,-100,-81,-100,-60,-100,-100,-64
1763545249105,-81,-78,-100,-100,-100,-81,-100,-60,-100,-100,-64
1763545249130,-81,-78,-100,-100,-100,-81,-100,-60,-100,-100,-64
1763545249155,-81,-78,-100,-100,-100,-81,-100,-60,-100,-100,-64
1763545249180,-81,-78,-100,-100,-100,-81,-100,-60,-100,-100,-64
1763545249205,-81,-78,-100,-100,-100,-81,-100,-60,-100,-100,-64
1763545249230,-81,-78,-100,-100,-100,-81,-100,-60,-100,-100,-64
1763545249255,-81,-78,-100,-100,-100,-81,-100,-60,-100,-100,-64
1763545249280,-81,-78,-100,-100,-100,-81,-100,-60,-100,-100,-64
1763545249305,-81,-78,-100,-100,-100,-81,-100,-60,-100,-100,-64
1763545249330,-81,-78,-100,-100,-100,-81,-100,-60,-100,-100,-64
1763545249356,-81,-78,-100,-100,-100,-81,-100,-60,-100,-100,-64
1763545249381,-81,-78,-100,-100,-100,-81,-100,-60,-100,-100,-64
1763545249406,-81,-78,-100,-100,-100,-81,-100,-60,-100,-100,-64
1763545249431,-81,-78,-100,-100,-100,-81,-100,-60,-100,-100,-64
1763545249456,-81,-78,-100,-100,-100,-81,-100,-60,-100,-100,-64
1763545249481,-82,-75,-100,-100,-100,-80,-100,-57,-100,-100,-63
1763545249506,-82,-75,-100,-100,-100,-80,-100,-57,-100,-100,-63
1763545249531,-82,-75,-100,-100,-100,-80,-100,-57,-100,-100,-63
1763545249556,-82,-75,-100,-100,-100,-80,-100,-57,-100,-100,-63
1763545249582,-82,-75,-100,-100,-100,-80,-100,-57,-100,-100,-63
1763545249607,-82,-75,-100,-100,-100,-80,-100,-57,-100,-100,-63
1763545249632,-82,-75,-100,-100,-100,-80,-100,-57,-100,-100,-63
1763545249657,-82,-75,-100,-100,-100,-80,-100,-57,-100,-100,-63
1763545249682,-82,-75,-100,-100,-100,-80,-100,-57,-100,-100,-63
1763545249707,-82,-75,-100,-100,-100,-80,-100,-57,-100,-100,-63
1763545249732,-82,-75,-100,-100,-100,-80,-100,-57,-100,-100,-63
1763545249757,-82,-75,-100,-100,-100,-80,-100,-57,-100,-100,-63
1763545249782,-82,-75,-100,-100,-100,-80,-100,-57,-100,-100,-63
1763545249807,-82,-75,-100,-100,-100,-80,-100,-57,-100,-100,-63
1763545249832,-82,-75,-100,-100,-100,-80,-100,-57,-100,-100,-63
1763545249858,-82,-75,-100,-100,-100,-80,-100,-57,-100,-100,-63
1763545249883,-82,-75,-100,-100,-100,-80,-100,-57,-100,-100,-63
1763545249909,-82,-75,-100,-100,-100,-80,-100,-57,-100,-100,-63
1763545249934,-82,-75,-100,-100,-100,-80,-100,-57,-100,-100,-63
1763545249960,-82,-75,-100,-100,-100,-80,-100,-57,-100,-100,-63
1763545249985,-80,-73,-100,-100,-100,-78,-100,-57,-100,-100,-63
1763545250010,-80,-73,-100,-100,-100,-78,-100,-57,-100,-100,-63
1763545250035,-80,-73,-100,-100,-100,-78,-100,-57,-100,-100,-63
1763545250060,-80,-73,-100,-100,-100,-78,-100,-57,-100,-100,-63
1763545250085,-80,-73,-100,-100,-100,-78,-100,-57,-100,-100,-63
1763545250110,-80,-73,-100,-100,-100,-78,-100,-57,-100,-100,-63
1763545250136,-80,-73,-100,-100,-100,-78,-100,-57,-100,-100,-63
1763545250160,-80,-73,-100,-100,-100,-78,-100,-57,-100,-100,-63
1763545250185,-80,-73,-100,-100,-100,-78,-100,-57,-100,-100,-63
1763545250210,-80,-73,-100,-100,-100,-78,-100,-57,-100,-100,-63
1763545250235,-80,-73,-100,-100,-100,-78,-100,-57,-100,-100,-63
1763545250260,-80,-73,-100,-100,-100,-78,-100,-57,-100,-100,-63
1763545250285,-80,-73,-100,-100,-100,-78,-100,-57,-100,-100,-63
1763545250310,-80,-73,-100,-100,-100,-78,-100,-57,-100,-100,-63
1763545250335,-80,-73,-100,-100,-100,-78,-100,-57,-100,-100,-63
1763545250361,-80,-73,-100,-100,-100,-78,-100,-57,-100,-100,-63
1763545250386,-80,-73,-100,-100,-100,-78,-100,-57,-100,-100,-63
1763545250411,-80,-73,-100,-100,-100,-78,-100,-57,-100,-100,-63
1763545250436,-80,-73,-100,-100,-100,-78,-100,-57,-100,-100,-63
1763545250462,-76,-73,-100,-100,-100,-78,-85,-56,-100,-100,-63
1763545250487,-76,-73,-100,-100,-100,-78,-85,-56,-100,-100,-63
1763545250512,-76,-73,-100,-100,-100,-78,-85,-56,-100,-100,-63
1763545250537,-76,-73,-100,-100,-100,-78,-85,-56,-100,-100,-63
1763545250562,-76,-73,-100,-100,-100,-78,-85,-56,-100,-100,-63
1763545250587,-76,-73,-100,-100,-100,-78,-85,-56,-100,-100,-63
1763545250612,-76,-73,-100,-100,-100,-78,-85,-56,-100,-100,-63
1763545250638,-76,-73,-100,-100,-100,-78,-85,-56,-100,-100,-63
1763545250663,-76,-73,-100,-100,-100,-78,-85,-56,-100,-100,-63
1763545250688,-76,-73,-100,-100,-100,-78,-85,-56,-100,-100,-63
1763545250714,-76,-73,-100,-100,-100,-78,-85,-56,-100,-100,-63
1763545250739,-76,-73,-100,-100,-100,-78,-85,-56,-100,-100,-63
1763545250764,-76,-73,-100,-100,-100,-78,-85,-56,-100,-100,-63
1763545250789,-76,-73,-100,-100,-100,-78,-85,-56,-100,-100,-63
1763545250816,-76,-73,-100,-100,-100,-78,-85,-56,-100,-100,-63
1763545250841,-76,-73,-100,-100,-100,-78,-85,-56,-100,-100,-63
1763545250866,-76,-73,-100,-100,-100,-78,-85,-56,-100,-100,-63
1763545250892,-76,-73,-100,-100,-100,-78,-85,-56,-100,-100,-63
1763545250918,-76,-73,-100,-100,-100,-78,-85,-56,-100,-100,-63
1763545250943,-76,-73,-100,-100,-100,-78,-85,-56,-100,-100,-63
1763545250969,-77,-74,-100,-100,-100,-79,-85,-54,-100,-100,-61
1763545250994,-77,-74,-100,-100,-100,-79,-85,-54,-100,-100,-61
1763545251020,-77,-74,-100,-100,-100,-79,-85,-54,-100,-100,-61
1763545251045,-77,-74,-100,-100,-100,-79,-85,-54,-100,-100,-61
1763545251070,-77,-74,-100,-100,-100,-79,-85,-54,-100,-100,-61
1763545251097,-77,-74,-100,-100,-100,-79,-85,-54,-100,-100,-61
1763545251122,-77,-74,-100,-100,-100,-79,-85,-54,-100,-100,-61
1763545251147,-77,-74,-100,-100,-100,-79,-85,-54,-100,-100,-61
1763545251172,-77,-74,-100,-100,-100,-79,-85,-54,-100,-100,-61
1763545251197,-77,-74,-100,-100,-100,-79,-85,-54,-100,-100,-61
1763545251225,-77,-74,-100,-100,-100,-79,-85,-54,-100,-100,-61
1763545251250,-77,-74,-100,-100,-100,-79,-85,-54,-100,-100,-61
1763545251275,-77,-74,-100,-100,-100,-79,-85,-54,-100,-100,-61
1763545251300,-77,-74,-100,-100,-100,-79,-85,-54,-100,-100,-61
1763545251325,-77,-74,-100,-100,-100,-79,-85,-54,-100,-100,-61
1763545251350,-77,-74,-100,-100,-100,-79,-85,-54,-100,-100,-61
1763545251375,-77,-74,-100,-100,-100,-79,-85,-54,-100,-100,-61
1763545251400,-77,-74,-100,-100,-100,-79,-85,-54,-100,-100,-61
1763545251425,-77,-74,-100,-100,-100,-79,-85,-54,-100,-100,-61
1763545251450,-77,-74,-100,-100,-100,-79,-85,-54,-100,-100,-61
1763545251476,-80,-76,-100,-100,-100,-82,-86,-51,-100,-100,-62
1763545251500,-80,-76,-100,-100,-100,-82,-86,-51,-100,-100,-62
1763545251525,-80,-76,-100,-100,-100,-82,-86,-51,-100,-100,-62
1763545251550,-80,-76,-100,-100,-100,-82,-86,-51,-100,-100,-62
1763545251575,-80,-76,-100,-100,-100,-82,-86,-51,-100,-100,-62
1763545251601,-80,-76,-100,-100,-100,-82,-86,-51,-100,-100,-62
1763545251626,-80,-76,-100,-100,-100,-82,-86,-51,-100,-100,-62
1763545251651,-80,-76,-100,-100,-100,-82,-86,-51,-100,-100,-62
1763545251676,-80,-76,-100,-100,-100,-82,-86,-51,-100,-100,-62
1763545251702,-80,-76,-100,-100,-100,-82,-86,-51,-100,-100,-62
1763545251727,-80,-76,-100,-100,-100,-82,-86,-51,-100,-100,-62
1763545251752,-80,-76,-100,-100,-100,-82,-86,-51,-100,-100,-62
1763545251779,-80,-76,-100,-100,-100,-82,-86,-51,-100,-100,-62
1763545251804,-80,-76,-100,-100,-100,-82,-86,-51,-100,-100,-62
1763545251829,-80,-76,-100,-100,-100,-82,-86,-51,-100,-100,-62
1763545251854,-80,-76,-100,-100,-100,-82,-86,-51,-100,-100,-62
1763545251879,-80,-76,-100,-100,-100,-82,-86,-51,-100,-100,-62
1763545251904,-80,-76,-100,-100,-100,-82,-86,-51,-100,-100,-62
1763545251929,-80,-76,-100,-100,-100,-82,-86,-51,-100,-100,-62
1763545251954,-80,-76,-100,-100,-100,-82,-86,-51,-100,-100,-62
1763545251980,-79,-75,-100,-100,-100,-83,-86,-49,-100,-100,-64
1763545252005,-79,-75,-100,-100,-100,-83,-86,-49,-100,-100,-64
1763545252030,-79,-75,-100,-100,-100,-83,-86,-49,-100,-100,-64
1763545252056,-79,-75,-100,-100,-100,-83,-86,-49,-100,-100,-64
1763545252082,-79,-75,-100,-100,-100,-83,-86,-49,-100,-100,-64
1763545252108,-79,-75,-100,-100,-100,-83,-86,-49,-100,-100,-64
1763545252133,-79,-75,-100,-100,-100,-83,-86,-49,-100,-100,-64
1763545252159,-79,-75,-100,-100,-100,-83,-86,-49,-100,-100,-64
1763545252183,-79,-75,-100,-100,-100,-83,-86,-49,-100,-100,-64
1763545252208,-79,-75,-100,-100,-100,-83,-86,-49,-100,-100,-64
1763545252233,-79,-75,-100,-100,-100,-83,-86,-49,-100,-100,-64
1763545252258,-79,-75,-100,-100,-100,-83,-86,-49,-100,-100,-64
1763545252283,-79,-75,-100,-100,-100,-83,-86,-49,-100,-100,-64
1763545252308,-79,-75,-100,-100,-100,-83,-86,-49,-100,-100,-64
1763545252334,-79,-75,-100,-100,-100,-83,-86,-49,-100,-100,-64
1763545252359,-79,-75,-100,-100,-100,-83,-86,-49,-100,-100,-64
1763545252385,-79,-75,-100,-100,-100,-83,-86,-49,-100,-100,-64
1763545252410,-79,-75,-100,-100,-100,-83,-86,-49,-100,-100,-64
1763545252436,-79,-75,-100,-100,-100,-83,-86,-49,-100,-100,-64
1763545252465,-79,-73,-100,-100,-100,-83,-100,-46,-100,-100,-62
1763545252490,-79,-73,-100,-100,-100,-83,-100,-46,-100,-100,-62
1763545252515,-79,-73,-100,-100,-100,-83,-100,-46,-100,-100,-62
1763545252541,-79,-73,-100,-100,-100,-83,-100,-46,-100,-100,-62
1763545252566,-79,-73,-100,-100,-100,-83,-100,-46,-100,-100,-62
1763545252591,-79,-73,-100,-100,-100,-83,-100,-46,-100,-100,-62
1763545252616,-79,-73,-100,-100,-100,-83,-100,-46,-100,-100,-62
1763545252641,-79,-73,-100,-100,-100,-83,-100,-46,-100,-100,-62
1763545252667,-79,-73,-100,-100,-100,-83,-100,-46,-100,-100,-62
1763545252691,-79,-73,-100,-100,-100,-83,-100,-46,-100,-100,-62
1763545252716,-79,-73,-100,-100,-100,-83,-100,-46,-100,-100,-62
1763545252741,-79,-73,-100,-100,-100,-83,-100,-46,-100,-100,-62
1763545252766,-79,-73,-100,-100,-100,-83,-100,-46,-100,-100,-62
1763545252791,-79,-73,-100,-100,-100,-83,-100,-46,-100,-100,-62
1763545252816,-79,-73,-100,-100,-100,-83,-100,-46,-100,-100,-62
1763545252842,-79,-73,-100,-100,-100,-83,-100,-46,-100,-100,-62
1763545252868,-79,-73,-100,-100,-100,-83,-100,-46,-100,-100,-62
1763545252893,-79,-73,-100,-100,-100,-83,-100,-46,-100,-100,-62
1763545252918,-79,-73,-100,-100,-100,-83,-100,-46,-100,-100,-62
1763545252944,-79,-73,-100,-100,-100,-83,-100,-46,-100,-100,-62
1763545252969,-81,-73,-100,-100,-100,-84,-100,-44,-100,-100,-61
1763545252994,-81,-73,-100,-100,-100,-84,-100,-44,-100,-100,-61
1763545253019,-81,-73,-100,-100,-100,-84,-100,-44,-100,-100,-61
1763545253044,-81,-73,-100,-100,-100,-84,-100,-44,-100,-100,-61
1763545253069,-81,-73,-100,-100,-100,-84,-100,-44,-100,-100,-61
1763545253094,-81,-73,-100,-100,-100,-84,-100,-44,-100,-100,-61
1763545253119,-81,-73,-100,-100,-100,-84,-100,-44,-100,-100,-61
1763545253145,-81,-73,-100,-100,-100,-84,-100,-44,-100,-100,-61
1763545253170,-81,-73,-100,-100,-100,-84,-100,-44,-100,-100,-61
1763545253195,-81,-73,-100,-100,-100,-84,-100,-44,-100,-100,-61
1763545253221,-81,-73,-100,-100,-100,-84,-100,-44,-100,-100,-61
1763545253247,-81,-73,-100,-100,-100,-84,-100,-44,-100,-100,-61
1763545253272,-81,-73,-100,-100,-100,-84,-100,-44,-100,-100,-61
1763545253297,-81,-73,-100,-100,-100,-84,-100,-44,-100,-100,-61
1763545253322,-81,-73,-100,-100,-100,-84,-100,-44,-100,-100,-61
1763545253348,-81,-73,-100,-100,-100,-84,-100,-44,-100,-100,-61
1763545253373,-81,-73,-100,-100,-100,-84,-100,-44,-100,-100,-61
1763545253398,-81,-73,-100,-100,-100,-84,-100,-44,-100,-100,-61
1763545253423,-81,-73,-100,-100,-100,-84,-100,-44,-100,-100,-61
1763545253448,-81,-73,-100,-100,-100,-84,-100,-44,-100,-100,-61
1763545253473,-81,-74,-100,-100,-100,-86,-100,-45,-100,-100,-60
1763545253498,-81,-74,-100,-100,-100,-86,-100,-45,-100,-100,-60
1763545253523,-81,-74,-100,-100,-100,-86,-100,-45,-100,-100,-60
1763545253548,-81,-74,-100,-100,-100,-86,-100,-45,-100,-100,-60
1763545253573,-81,-74,-100,-100,-100,-86,-100,-45,-100,-100,-60
1763545253598,-81,-74,-100,-100,-100,-86,-100,-45,-100,-100,-60
1763545253623,-81,-74,-100,-100,-100,-86,-100,-45,-100,-100,-60
1763545253648,-81,-74,-100,-100,-100,-86,-100,-45,-100,-100,-60
1763545253673,-81,-74,-100,-100,-100,-86,-100,-45,-100,-100,-60
1763545253699,-81,-74,-100,-100,-100,-86,-100,-45,-100,-100,-60
1763545253723,-81,-74,-100,-100,-100,-86,-100,-45,-100,-100,-60
1763545253748,-81,-74,-100,-100,-100,-86,-100,-45,-100,-100,-60
1763545253773,-81,-74,-100,-100,-100,-86,-100,-45,-100,-100,-60
1763545253798,-81,-74,-100,-100,-100,-86,-100,-45,-100,-100,-60
1763545253824,-81,-74,-100,-100,-100,-86,-100,-45,-100,-100,-60
1763545253849,-81,-74,-100,-100,-100,-86,-100,-45,-100,-100,-60
1763545253874,-81,-74,-100,-100,-100,-86,-100,-45,-100,-100,-60
1763545253900,-81,-74,-100,-100,-100,-86,-100,-45,-100,-100,-60
1763545253925,-81,-74,-100,-100,-100,-86,-100,-45,-100,-100,-60
1763545253950,-81,-74,-100,-100,-100,-86,-100,-45,-100,-100,-60
1763545253975,-82,-79,-100,-100,-100,-83,-100,-50,-100,-100,-62
1763545254000,-82,-79,-100,-100,-100,-83,-100,-50,-100,-100,-62
1763545254025,-82,-79,-100,-100,-100,-83,-100,-50,-100,-100,-62
1763545254051,-82,-79,-100,-100,-100,-83,-100,-50,-100,-100,-62
1763545254075,-82,-79,-100,-100,-100,-83,-100,-50,-100,-100,-62
1763545254101,-82,-79,-100,-100,-100,-83,-100,-50,-100,-100,-62
1763545254126,-82,-79,-100,-100,-100,-83,-100,-50,-100,-100,-62
1763545254151,-82,-79,-100,-100,-100,-83,-100,-50,-100,-100,-62
1763545254177,-82,-79,-100,-100,-100,-83,-100,-50,-100,-100,-62
1763545254203,-82,-79,-100,-100,-100,-83,-100,-50,-100,-100,-62
1763545254228,-82,-79,-100,-100,-100,-83,-100,-50,-100,-100,-62
1763545254253,-82,-79,-100,-100,-100,-83,-100,-50,-100,-100,-62
1763545254278,-82,-79,-100,-100,-100,-83,-100,-50,-100,-100,-62
1763545254304,-82,-79,-100,-100,-100,-83,-100,-50,-100,-100,-62
1763545254329,-82,-79,-100,-100,-100,-83,-100,-50,-100,-100,-62
1763545254355,-82,-79,-100,-100,-100,-83,-100,-50,-100,-100,-62
1763545254380,-82,-79,-100,-100,-100,-83,-100,-50,-100,-100,-62
1763545254405,-82,-79,-100,-100,-100,-83,-100,-50,-100,-100,-62
1763545254430,-82,-79,-100,-100,-100,-83,-100,-50,-100,-100,-62
1763545254455,-82,-79,-100,-100,-100,-83,-100,-50,-100,-100,-62
1763545254481,-82,-81,-100,-100,-100,-83,-100,-55,-100,-100,-65
1763545254506,-82,-81,-100,-100,-100,-83,-100,-55,-100,-100,-65
1763545254532,-82,-81,-100,-100,-100,-83,-100,-55,-100,-100,-65
1763545254558,-82,-81,-100,-100,-100,-83,-100,-55,-100,-100,-65
1763545254584,-82,-81,-100,-100,-100,-83,-100,-55,-100,-100,-65
1763545254609,-82,-81,-100,-100,-100,-83,-100,-55,-100,-100,-65
1763545254634,-82,-81,-100,-100,-100,-83,-100,-55,-100,-100,-65
1763545254659,-82,-81,-100,-100,-100,-83,-100,-55,-100,-100,-65
1763545254684,-82,-81,-100,-100,-100,-83,-100,-55,-100,-100,-65
1763545254710,-82,-81,-100,-100,-100,-83,-100,-55,-100,-100,-65
1763545254736,-82,-81,-100,-100,-100,-83,-100,-55,-100,-100,-65
1763545254761,-82,-81,-100,-100,-100,-83,-100,-55,-100,-100,-65
1763545254787,-82,-81,-100,-100,-100,-83,-100,-55,-100,-100,-65
1763545254812,-82,-81,-100,-100,-100,-83,-100,-55,-100,-100,-65
1763545254837,-82,-81,-100,-100,-100,-83,-100,-55,-100,-100,-65
1763545254862,-82,-81,-100,-100,-100,-83,-100,-55,-100,-100,-65
1763545254887,-82,-81,-100,-100,-100,-83,-100,-55,-100,-100,-65
1763545254913,-82,-81,-100,-100,-100,-83,-100,-55,-100,-100,-65
1763545254938,-82,-81,-100,-100,-100,-83,-100,-55,-100,-100,-65
1763545254963,-82,-81,-100,-100,-100,-83,-100,-55,-100,-100,-65
1763545254989,-83,-83,-100,-100,-100,-85,-100,-57,-100,-100,-64
1763545255013,-83,-83,-100,-100,-100,-85,-100,-57,-100,-100,-64
1763545255039,-83,-83,-100,-100,-100,-85,-100,-57,-100,-100,-64
1763545255064,-83,-83,-100,-100,-100,-85,-100,-57,-100,-100,-64
1763545255089,-83,-83,-100,-100,-100,-85,-100,-57,-100,-100,-64
1763545255114,-83,-83,-100,-100,-100,-85,-100,-57,-100,-100,-64
1763545255139,-83,-83,-100,-100,-100,-85,-100,-57,-100,-100,-64
1763545255164,-83,-83,-100,-100,-100,-85,-100,-57,-100,-100,-64
1763545255189,-83,-83,-100,-100,-100,-85,-100,-57,-100,-100,-64
1763545255215,-83,-83,-100,-100,-100,-85,-100,-57,-100,-100,-64
1763545255241,-83,-83,-100,-100,-100,-85,-100,-57,-100,-100,-64
1763545255266,-83,-83,-100,-100,-100,-85,-100,-57,-100,-100,-64
1763545255292,-83,-83,-100,-100,-100,-85,-100,-57,-100,-100,-64
1763545255317,-83,-83,-100,-100,-100,-85,-100,-57,-100,-100,-64
1763545255342,-83,-83,-100,-100,-100,-85,-100,-57,-100,-100,-64
1763545255367,-83,-83,-100,-100,-100,-85,-100,-57,-100,-100,-64
1763545255393,-83,-83,-100,-100,-100,-85,-100,-57,-100,-100,-64
1763545255418,-83,-83,-100,-100,-100,-85,-100,-57,-100,-100,-64
1763545255443,-83,-83,-100,-100,-100,-85,-100,-57,-100,-100,-64
1763545255469,-83,-82,-100,-100,-100,-85,-100,-59,-100,-100,-60
1763545255494,-83,-82,-100,-100,-100,-85,-100,-59,-100,-100,-60
1763545255519,-83,-82,-100,-100,-100,-85,-100,-59,-100,-100,-60
1763545255544,-83,-82,-100,-100,-100,-85,-100,-59,-100,-100,-60
1763545255569,-83,-82,-100,-100,-100,-85,-100,-59,-100,-100,-60
1763545255595,-83,-82,-100,-100,-100,-85,-100,-59,-100,-100,-60
1763545255620,-83,-82,-100,-100,-100,-85,-100,-59,-100,-100,-60
1763545255645,-83,-82,-100,-100,-100,-85,-100,-59,-100,-100,-60
1763545255671,-83,-82,-100,-100,-100,-85,-100,-59,-100,-100,-60
1763545255696,-83,-82,-100,-100,-100,-85,-100,-59,-100,-100,-60
1763545255722,-83,-82,-100,-100,-100,-85,-100,-59,-100,-100,-60
1763545255748,-83,-82,-100,-100,-100,-85,-100,-59,-100,-100,-60
1763545255773,-83,-82,-100,-100,-100,-85,-100,-59,-100,-100,-60
1763545255797,-83,-82,-100,-100,-100,-85,-100,-59,-100,-100,-60
1763545255822,-83,-82,-100,-100,-100,-85,-100,-59,-100,-100,-60
1763545255847,-83,-82,-100,-100,-100,-85,-100,-59,-100,-100,-60
1763545255872,-83,-82,-100,-100,-100,-85,-100,-59,-100,-100,-60
1763545255898,-83,-82,-100,-100,-100,-85,-100,-59,-100,-100,-60
1763545255923,-83,-82,-100,-100,-100,-85,-100,-59,-100,-100,-60
1763545255948,-83,-82,-100,-100,-100,-85,-100,-59,-100,-100,-60
1763545255973,-85,-80,-100,-100,-100,-84,-100,-63,-100,-100,-56
1763545255998,-85,-80,-100,-100,-100,-84,-100,-63,-100,-100,-56
1763545256023,-85,-80,-100,-100,-100,-84,-100,-63,-100,-100,-56
1763545256048,-85,-80,-100,-100,-100,-84,-100,-63,-100,-100,-56
1763545256073,-85,-80,-100,-100,-100,-84,-100,-63,-100,-100,-56
1763545256098,-85,-80,-100,-100,-100,-84,-100,-63,-100,-100,-56
1763545256123,-85,-80,-100,-100,-100,-84,-100,-63,-100,-100,-56
1763545256148,-85,-80,-100,-100,-100,-84,-100,-63,-100,-100,-56
1763545256174,-85,-80,-100,-100,-100,-84,-100,-63,-100,-100,-56
1763545256199,-85,-80,-100,-100,-100,-84,-100,-63,-100,-100,-56
1763545256224,-85,-80,-100,-100,-100,-84,-100,-63,-100,-100,-56
1763545256249,-85,-80,-100,-100,-100,-84,-100,-63,-100,-100,-56
1763545256275,-85,-80,-100,-100,-100,-84,-100,-63,-100,-100,-56
1763545256300,-85,-80,-100,-100,-100,-84,-100,-63,-100,-100,-56
1763545256325,-85,-80,-100,-100,-100,-84,-100,-63,-100,-100,-56
1763545256351,-85,-80,-100,-100,-100,-84,-100,-63,-100,-100,-56
1763545256376,-85,-80,-100,-100,-100,-84,-100,-63,-100,-100,-56
1763545256401,-85,-80,-100,-100,-100,-84,-100,-63,-100,-100,-56
1763545256427,-85,-80,-100,-100,-100,-84,-100,-63,-100,-100,-56
1763545256453,-85,-80,-100,-100,-100,-84,-100,-63,-100,-100,-56
1763545256477,-84,-78,-100,-100,-100,-84,-100,-63,-100,-100,-57
1763545256502,-84,-78,-100,-100,-100,-84,-100,-63,-100,-100,-57
1763545256527,-84,-78,-100,-100,-100,-84,-100,-63,-100,-100,-57
1763545256553,-84,-78,-100,-100,-100,-84,-100,-63,-100,-100,-57
1763545256579,-84,-78,-100,-100,-100,-84,-100,-63,-100,-100,-57
1763545256604,-84,-78,-100,-100,-100,-84,-100,-63,-100,-100,-57
1763545256629,-84,-78,-100,-100,-100,-84,-100,-63,-100,-100,-57
1763545256654,-84,-78,-100,-100,-100,-84,-100,-63,-100,-100,-57
1763545256679,-84,-78,-100,-100,-100,-84,-100,-63,-100,-100,-57
1763545256704,-84,-78,-100,-100,-100,-84,-100,-63,-100,-100,-57
1763545256729,-84,-78,-100,-100,-100,-84,-100,-63,-100,-100,-57
1763545256754,-84,-78,-100,-100,-100,-84,-100,-63,-100,-100,-57
1763545256780,-84,-78,-100,-100,-100,-84,-100,-63,-100,-100,-57
1763545256805,-84,-78,-100,-100,-100,-84,-100,-63,-100,-100,-57
1763545256831,-84,-78,-100,-100,-100,-84,-100,-63,-100,-100,-57
1763545256857,-84,-78,-100,-100,-100,-84,-100,-63,-100,-100,-57
1763545256882,-84,-78,-100,-100,-100,-84,-100,-63,-100,-100,-57
1763545256907,-84,-78,-100,-100,-100,-84,-100,-63,-100,-100,-57
1763545256932,-84,-78,-100,-100,-100,-84,-100,-63,-100,-100,-57
1763545256957,-84,-78,-100,-100,-100,-84,-100,-63,-100,-100,-57
1763545256982,-84,-74,-100,-100,-100,-84,-100,-63,-100,-100,-58
1763545257007,-84,-74,-100,-100,-100,-84,-100,-63,-100,-100,-58
1763545257033,-84,-74,-100,-100,-100,-84,-100,-63,-100,-100,-58
1763545257058,-84,-74,-100,-100,-100,-84,-100,-63,-100,-100,-58
1763545257083,-84,-74,-100,-100,-100,-84,-100,-63,-100,-100,-58
1763545257108,-84,-74,-100,-100,-100,-84,-100,-63,-100,-100,-58
1763545257133,-84,-74,-100,-100,-100,-84,-100,-63,-100,-100,-58
1763545257158,-84,-74,-100,-100,-100,-84,-100,-63,-100,-100,-58
1763545257184,-84,-74,-100,-100,-100,-84,-100,-63,-100,-100,-58
1763545257209,-84,-74,-100,-100,-100,-84,-100,-63,-100,-100,-58
1763545257235,-84,-74,-100,-100,-100,-84,-100,-63,-100,-100,-58
1763545257261,-84,-74,-100,-100,-100,-84,-100,-63,-100,-100,-58
1763545257286,-84,-74,-100,-100,-100,-84,-100,-63,-100,-100,-58
1763545257311,-84,-74,-100,-100,-100,-84,-100,-63,-100,-100,-58
1763545257336,-84,-74,-100,-100,-100,-84,-100,-63,-100,-100,-58
1763545257361,-84,-74,-100,-100,-100,-84,-100,-63,-100,-100,-58
1763545257387,-84,-74,-100,-100,-100,-84,-100,-63,-100,-100,-58
1763545257411,-84,-74,-100,-100,-100,-84,-100,-63,-100,-100,-58
1763545257436,-84,-74,-100,-100,-100,-84,-100,-63,-100,-100,-58
1763545257461,-84,-74,-100,-100,-100,-84,-100,-63,-100,-100,-58
1763545257486,-87,-73,-100,-100,-100,-100,-100,-63,-100,-100,-54
1763545257511,-87,-73,-100,-100,-100,-100,-100,-63,-100,-100,-54
1763545257537,-87,-73,-100,-100,-100,-100,-100,-63,-100,-100,-54
1763545257562,-87,-73,-100,-100,-100,-100,-100,-63,-100,-100,-54
1763545257587,-87,-73,-100,-100,-100,-100,-100,-63,-100,-100,-54
1763545257613,-87,-73,-100,-100,-100,-100,-100,-63,-100,-100,-54
1763545257638,-87,-73,-100,-100,-100,-100,-100,-63,-100,-100,-54
1763545257663,-87,-73,-100,-100,-100,-100,-100,-63,-100,-100,-54
1763545257688,-87,-73,-100,-100,-100,-100,-100,-63,-100,-100,-54
1763545257713,-87,-73,-100,-100,-100,-100,-100,-63,-100,-100,-54
1763545257738,-87,-73,-100,-100,-100,-100,-100,-63,-100,-100,-54
1763545257765,-87,-73,-100,-100,-100,-100,-100,-63,-100,-100,-54
1763545257790,-87,-73,-100,-100,-100,-100,-100,-63,-100,-100,-54
1763545257815,-87,-73,-100,-100,-100,-100,-100,-63,-100,-100,-54
1763545257841,-87,-73,-100,-100,-100,-100,-100,-63,-100,-100,-54
1763545257865,-87,-73,-100,-100,-100,-100,-100,-63,-100,-100,-54
1763545257890,-87,-73,-100,-100,-100,-100,-100,-63,-100,-100,-54
1763545257915,-87,-73,-100,-100,-100,-100,-100,-63,-100,-100,-54
1763545257940,-87,-73,-100,-100,-100,-100,-100,-63,-100,-100,-54
1763545257968,-90,-76,-100,-100,-100,-89,-87,-65,-100,-100,-50
1763545257993,-90,-76,-100,-100,-100,-89,-87,-65,-100,-100,-50
1763545258018,-90,-76,-100,-100,-100,-89,-87,-65,-100,-100,-50
1763545258043,-90,-76,-100,-100,-100,-89,-87,-65,-100,-100,-50
1763545258068,-90,-76,-100,-100,-100,-89,-87,-65,-100,-100,-50
1763545258094,-90,-76,-100,-100,-100,-89,-87,-65,-100,-100,-50
1763545258120,-90,-76,-100,-100,-100,-89,-87,-65,-100,-100,-50
1763545258145,-90,-76,-100,-100,-100,-89,-87,-65,-100,-100,-50
1763545258171,-90,-76,-100,-100,-100,-89,-87,-65,-100,-100,-50
1763545258196,-90,-76,-100,-100,-100,-89,-87,-65,-100,-100,-50
1763545258222,-90,-76,-100,-100,-100,-89,-87,-65,-100,-100,-50
1763545258247,-90,-76,-100,-100,-100,-89,-87,-65,-100,-100,-50
1763545258272,-90,-76,-100,-100,-100,-89,-87,-65,-100,-100,-50
1763545258298,-90,-76,-100,-100,-100,-89,-87,-65,-100,-100,-50
1763545258323,-90,-76,-100,-100,-100,-89,-87,-65,-100,-100,-50
1763545258350,-90,-76,-100,-100,-100,-89,-87,-65,-100,-100,-50
1763545258375,-90,-76,-100,-100,-100,-89,-87,-65,-100,-100,-50
1763545258400,-90,-76,-100,-100,-100,-89,-87,-65,-100,-100,-50
1763545258425,-90,-76,-100,-100,-100,-89,-87,-65,-100,-100,-50
1763545258450,-90,-76,-100,-100,-100,-89,-87,-65,-100,-100,-50
1763545258475,-86,-77,-100,-100,-100,-89,-88,-67,-100,-100,-51
1763545258500,-86,-77,-100,-100,-100,-89,-88,-67,-100,-100,-51
1763545258526,-86,-77,-100,-100,-100,-89,-88,-67,-100,-100,-51
1763545258551,-86,-77,-100,-100,-100,-89,-88,-67,-100,-100,-51
1763545258576,-86,-77,-100,-100,-100,-89,-88,-67,-100,-100,-51
1763545258601,-86,-77,-100,-100,-100,-89,-88,-67,-100,-100,-51
1763545258626,-86,-77,-100,-100,-100,-89,-88,-67,-100,-100,-51
1763545258652,-86,-77,-100,-100,-100,-89,-88,-67,-100,-100,-51
1763545258677,-86,-77,-100,-100,-100,-89,-88,-67,-100,-100,-51
1763545258703,-86,-77,-100,-100,-100,-89,-88,-67,-100,-100,-51
1763545258729,-86,-77,-100,-100,-100,-89,-88,-67,-100,-100,-51
1763545258755,-86,-77,-100,-100,-100,-89,-88,-67,-100,-100,-51
1763545258780,-86,-77,-100,-100,-100,-89,-88,-67,-100,-100,-51
1763545258806,-86,-77,-100,-100,-100,-89,-88,-67,-100,-100,-51
1763545258831,-86,-77,-100,-100,-100,-89,-88,-67,-100,-100,-51
1763545258856,-86,-77,-100,-100,-100,-89,-88,-67,-100,-100,-51
1763545258882,-86,-77,-100,-100,-100,-89,-88,-67,-100,-100,-51
1763545258907,-86,-77,-100,-100,-100,-89,-88,-67,-100,-100,-51
1763545258933,-86,-77,-100,-100,-100,-89,-88,-67,-100,-100,-51
1763545258958,-86,-77,-100,-100,-100,-89,-88,-67,-100,-100,-51
1763545258983,-80,-74,-100,-100,-100,-100,-90,-68,-100,-100,-53
1763545259008,-80,-74,-100,-100,-100,-100,-90,-68,-100,-100,-53
1763545259034,-80,-74,-100,-100,-100,-100,-90,-68,-100,-100,-53
1763545259059,-80,-74,-100,-100,-100,-100,-90,-68,-100,-100,-53
1763545259085,-80,-74,-100,-100,-100,-100,-90,-68,-100,-100,-53
1763545259110,-80,-74,-100,-100,-100,-100,-90,-68,-100,-100,-53
1763545259135,-80,-74,-100,-100,-100,-100,-90,-68,-100,-100,-53
1763545259161,-80,-74,-100,-100,-100,-100,-90,-68,-100,-100,-53
1763545259186,-80,-74,-100,-100,-100,-100,-90,-68,-100,-100,-53
1763545259211,-80,-74,-100,-100,-100,-100,-90,-68,-100,-100,-53
1763545259237,-80,-74,-100,-100,-100,-100,-90,-68,-100,-100,-53
1763545259262,-80,-74,-100,-100,-100,-100,-90,-68,-100,-100,-53
1763545259287,-80,-74,-100,-100,-100,-100,-90,-68,-100,-100,-53
1763545259312,-80,-74,-100,-100,-100,-100,-90,-68,-100,-100,-53
1763545259337,-80,-74,-100,-100,-100,-100,-90,-68,-100,-100,-53
1763545259364,-80,-74,-100,-100,-100,-100,-90,-68,-100,-100,-53
1763545259389,-80,-74,-100,-100,-100,-100,-90,-68,-100,-100,-53
1763545259414,-80,-74,-100,-100,-100,-100,-90,-68,-100,-100,-53
1763545259439,-80,-74,-100,-100,-100,-100,-90,-68,-100,-100,-53
1763545259464,-80,-74,-100,-100,-100,-100,-90,-68,-100,-100,-53
1763545259489,-80,-75,-100,-100,-100,-100,-100,-68,-100,-100,-55
1763545259516,-80,-75,-100,-100,-100,-100,-100,-68,-100,-100,-55
1763545259542,-80,-75,-100,-100,-100,-100,-100,-68,-100,-100,-55
1763545259568,-80,-75,-100,-100,-100,-100,-100,-68,-100,-100,-55
1763545259594,-80,-75,-100,-100,-100,-100,-100,-68,-100,-100,-55
1763545259620,-80,-75,-100,-100,-100,-100,-100,-68,-100,-100,-55
1763545259645,-80,-75,-100,-100,-100,-100,-100,-68,-100,-100,-55
1763545259670,-80,-75,-100,-100,-100,-100,-100,-68,-100,-100,-55
1763545259695,-80,-75,-100,-100,-100,-100,-100,-68,-100,-100,-55
1763545259720,-80,-75,-100,-100,-100,-100,-100,-68,-100,-100,-55
1763545259745,-80,-75,-100,-100,-100,-100,-100,-68,-100,-100,-55
1763545259770,-80,-75,-100,-100,-100,-100,-100,-68,-100,-100,-55
1763545259795,-80,-75,-100,-100,-100,-100,-100,-68,-100,-100,-55
1763545259820,-80,-75,-100,-100,-100,-100,-100,-68,-100,-100,-55
1763545259845,-80,-75,-100,-100,-100,-100,-100,-68,-100,-100,-55
1763545259870,-80,-75,-100,-100,-100,-100,-100,-68,-100,-100,-55
1763545259896,-80,-75,-100,-100,-100,-100,-100,-68,-100,-100,-55
1763545259921,-80,-75,-100,-100,-100,-100,-100,-68,-100,-100,-55
1763545259946,-80,-75,-100,-100,-100,-100,-100,-68,-100,-100,-55
1763545259971,-81,-72,-100,-100,-100,-100,-84,-68,-100,-100,-55
1763545259996,-81,-72,-100,-100,-100,-100,-84,-68,-100,-100,-55
1763545260021,-81,-72,-100,-100,-100,-100,-84,-68,-100,-100,-55
1763545260047,-81,-72,-100,-100,-100,-100,-84,-68,-100,-100,-55
1763545260072,-81,-72,-100,-100,-100,-100,-84,-68,-100,-100,-55
1763545260097,-81,-72,-100,-100,-100,-100,-84,-68,-100,-100,-55
1763545260123,-81,-72,-100,-100,-100,-100,-84,-68,-100,-100,-55
1763545260148,-81,-72,-100,-100,-100,-100,-84,-68,-100,-100,-55
1763545260173,-81,-72,-100,-100,-100,-100,-84,-68,-100,-100,-55
1763545260198,-81,-72,-100,-100,-100,-100,-84,-68,-100,-100,-55
1763545260223,-81,-72,-100,-100,-100,-100,-84,-68,-100,-100,-55
1763545260248,-81,-72,-100,-100,-100,-100,-84,-68,-100,-100,-55
1763545260273,-81,-72,-100,-100,-100,-100,-84,-68,-100,-100,-55
1763545260299,-81,-72,-100,-100,-100,-100,-84,-68,-100,-100,-55
1763545260323,-81,-72,-100,-100,-100,-100,-84,-68,-100,-100,-55
1763545260348,-81,-72,-100,-100,-100,-100,-84,-68,-100,-100,-55
1763545260374,-81,-72,-100,-100,-100,-100,-84,-68,-100,-100,-55
1763545260399,-81,-72,-100,-100,-100,-100,-84,-68,-100,-100,-55
1763545260424,-81,-72,-100,-100,-100,-100,-84,-68,-100,-100,-55
1763545260449,-81,-72,-100,-100,-100,-100,-84,-68,-100,-100,-55
1763545260475,-81,-72,-100,-100,-100,-86,-84,-70,-100,-100,-56
1763545260500,-81,-72,-100,-100,-100,-86,-84,-70,-100,-100,-56
1763545260525,-81,-72,-100,-100,-100,-86,-84,-70,-100,-100,-56
1763545260551,-81,-72,-100,-100,-100,-86,-84,-70,-100,-100,-56
1763545260576,-81,-72,-100,-100,-100,-86,-84,-70,-100,-100,-56
1763545260601,-81,-72,-100,-100,-100,-86,-84,-70,-100,-100,-56
1763545260626,-81,-72,-100,-100,-100,-86,-84,-70,-100,-100,-56
1763545260651,-81,-72,-100,-100,-100,-86,-84,-70,-100,-100,-56
1763545260676,-81,-72,-100,-100,-100,-86,-84,-70,-100,-100,-56
1763545260706,-81,-72,-100,-100,-100,-86,-84,-70,-100,-100,-56
1763545260731,-81,-72,-100,-100,-100,-86,-84,-70,-100,-100,-56
1763545260756,-81,-72,-100,-100,-100,-86,-84,-70,-100,-100,-56
1763545260783,-81,-72,-100,-100,-100,-86,-84,-70,-100,-100,-56
1763545260808,-81,-72,-100,-100,-100,-86,-84,-70,-100,-100,-56
1763545260834,-81,-72,-100,-100,-100,-86,-84,-70,-100,-100,-56
1763545260859,-81,-72,-100,-100,-100,-86,-84,-70,-100,-100,-56
1763545260884,-81,-72,-100,-100,-100,-86,-84,-70,-100,-100,-56
1763545260909,-81,-72,-100,-100,-100,-86,-84,-70,-100,-100,-56
1763545260935,-81,-72,-100,-100,-100,-86,-84,-70,-100,-100,-56
1763545260960,-81,-72,-100,-100,-100,-86,-84,-70,-100,-100,-56
1763545260985,-79,-68,-100,-100,-100,-83,-84,-70,-100,-100,-56
1763545261010,-79,-68,-100,-100,-100,-83,-84,-70,-100,-100,-56
1763545261035,-79,-68,-100,-100,-100,-83,-84,-70,-100,-100,-56
1763545261060,-79,-68,-100,-100,-100,-83,-84,-70,-100,-100,-56
1763545261085,-79,-68,-100,-100,-100,-83,-84,-70,-100,-100,-56
1763545261110,-79,-68,-100,-100,-100,-83,-84,-70,-100,-100,-56
1763545261135,-79,-68,-100,-100,-100,-83,-84,-70,-100,-100,-56
1763545261161,-79,-68,-100,-100,-100,-83,-84,-70,-100,-100,-56
1763545261188,-79,-68,-100,-100,-100,-83,-84,-70,-100,-100,-56
1763545261213,-79,-68,-100,-100,-100,-83,-84,-70,-100,-100,-56
1763545261238,-79,-68,-100,-100,-100,-83,-84,-70,-100,-100,-56
1763545261263,-79,-68,-100,-100,-100,-83,-84,-70,-100,-100,-56
1763545261288,-79,-68,-100,-100,-100,-83,-84,-70,-100,-100,-56
1763545261313,-79,-68,-100,-100,-100,-83,-84,-70,-100,-100,-56
1763545261338,-79,-68,-100,-100,-100,-83,-84,-70,-100,-100,-56
1763545261363,-79,-68,-100,-100,-100,-83,-84,-70,-100,-100,-56
1763545261388,-79,-68,-100,-100,-100,-83,-84,-70,-100,-100,-56
1763545261413,-79,-68,-100,-100,-100,-83,-84,-70,-100,-100,-56
1763545261439,-79,-68,-100,-100,-100,-83,-84,-70,-100,-100,-56
1763545261467,-79,-68,-100,-100,-100,-83,-84,-70,-100,-100,-56
1763545261491,-72,-68,-100,-100,-100,-80,-84,-67,-100,-100,-56
1763545261517,-72,-68,-100,-100,-100,-80,-84,-67,-100,-100,-56
1763545261543,-72,-68,-100,-100,-100,-80,-84,-67,-100,-100,-56
1763545261568,-72,-68,-100,-100,-100,-80,-84,-67,-100,-100,-56
1763545261593,-72,-68,-100,-100,-100,-80,-84,-67,-100,-100,-56
1763545261618,-72,-68,-100,-100,-100,-80,-84,-67,-100,-100,-56
1763545261643,-72,-68,-100,-100,-100,-80,-84,-67,-100,-100,-56
1763545261668,-72,-68,-100,-100,-100,-80,-84,-67,-100,-100,-56
1763545261695,-72,-68,-100,-100,-100,-80,-84,-67,-100,-100,-56
1763545261720,-72,-68,-100,-100,-100,-80,-84,-67,-100,-100,-56
1763545261745,-72,-68,-100,-100,-100,-80,-84,-67,-100,-100,-56
1763545261770,-72,-68,-100,-100,-100,-80,-84,-67,-100,-100,-56
1763545261795,-72,-68,-100,-100,-100,-80,-84,-67,-100,-100,-56
1763545261820,-72,-68,-100,-100,-100,-80,-84,-67,-100,-100,-56
1763545261845,-72,-68,-100,-100,-100,-80,-84,-67,-100,-100,-56
1763545261871,-72,-68,-100,-100,-100,-80,-84,-67,-100,-100,-56
1763545261896,-72,-68,-100,-100,-100,-80,-84,-67,-100,-100,-56
1763545261921,-72,-68,-100,-100,-100,-80,-84,-67,-100,-100,-56
1763545261948,-72,-68,-100,-100,-100,-80,-84,-67,-100,-100,-56
1763545261973,-70,-68,-100,-100,-100,-78,-84,-68,-100,-95,-56
1763545261998,-70,-68,-100,-100,-100,-78,-84,-68,-100,-95,-56
1763545262024,-70,-68,-100,-100,-100,-78,-84,-68,-100,-95,-56
1763545262049,-70,-68,-100,-100,-100,-78,-84,-68,-100,-95,-56
1763545262074,-70,-68,-100,-100,-100,-78,-84,-68,-100,-95,-56
1763545262100,-70,-68,-100,-100,-100,-78,-84,-68,-100,-95,-56
1763545262125,-70,-68,-100,-100,-100,-78,-84,-68,-100,-95,-56
1763545262150,-70,-68,-100,-100,-100,-78,-84,-68,-100,-95,-56
1763545262175,-70,-68,-100,-100,-100,-78,-84,-68,-100,-95,-56
1763545262200,-70,-68,-100,-100,-100,-78,-84,-68,-100,-95,-56
1763545262226,-70,-68,-100,-100,-100,-78,-84,-68,-100,-95,-56
1763545262251,-70,-68,-100,-100,-100,-78,-84,-68,-100,-95,-56
1763545262276,-70,-68,-100,-100,-100,-78,-84,-68,-100,-95,-56
1763545262301,-70,-68,-100,-100,-100,-78,-84,-68,-100,-95,-56
1763545262326,-70,-68,-100,-100,-100,-78,-84,-68,-100,-95,-56
1763545262351,-70,-68,-100,-100,-100,-78,-84,-68,-100,-95,-56
1763545262377,-70,-68,-100,-100,-100,-78,-84,-68,-100,-95,-56
1763545262403,-70,-68,-100,-100,-100,-78,-84,-68,-100,-95,-56
1763545262427,-70,-68,-100,-100,-100,-78,-84,-68,-100,-95,-56
1763545262452,-70,-68,-100,-100,-100,-78,-84,-68,-100,-95,-56
1763545262477,-71,-68,-100,-100,-100,-78,-82,-69,-100,-95,-57
1763545262502,-71,-68,-100,-100,-100,-78,-82,-69,-100,-95,-57
1763545262527,-71,-68,-100,-100,-100,-78,-82,-69,-100,-95,-57
1763545262552,-71,-68,-100,-100,-100,-78,-82,-69,-100,-95,-57
1763545262577,-71,-68,-100,-100,-100,-78,-82,-69,-100,-95,-57
1763545262602,-71,-68,-100,-100,-100,-78,-82,-69,-100,-95,-57
1763545262627,-71,-68,-100,-100,-100,-78,-82,-69,-100,-95,-57
1763545262653,-71,-68,-100,-100,-100,-78,-82,-69,-100,-95,-57
1763545262678,-71,-68,-100,-100,-100,-78,-82,-69,-100,-95,-57
1763545262703,-71,-68,-100,-100,-100,-78,-82,-69,-100,-95,-57
1763545262729,-71,-68,-100,-100,-100,-78,-82,-69,-100,-95,-57
1763545262755,-71,-68,-100,-100,-100,-78,-82,-69,-100,-95,-57
1763545262781,-71,-68,-100,-100,-100,-78,-82,-69,-100,-95,-57
1763545262806,-71,-68,-100,-100,-100,-78,-82,-69,-100,-95,-57
1763545262832,-71,-68,-100,-100,-100,-78,-82,-69,-100,-95,-57
1763545262857,-71,-68,-100,-100,-100,-78,-82,-69,-100,-95,-57
1763545262883,-71,-68,-100,-100,-100,-78,-82,-69,-100,-95,-57
1763545262908,-71,-68,-100,-100,-100,-78,-82,-69,-100,-95,-57
1763545262933,-71,-68,-100,-100,-100,-78,-82,-69,-100,-95,-57
1763545262958,-71,-68,-100,-100,-100,-78,-82,-69,-100,-95,-57
1763545262984,-74,-67,-100,-100,-100,-80,-83,-68,-100,-100,-59
1763545263008,-74,-67,-100,-100,-100,-80,-83,-68,-100,-100,-59
1763545263033,-74,-67,-100,-100,-100,-80,-83,-68,-100,-100,-59
1763545263058,-74,-67,-100,-100,-100,-80,-83,-68,-100,-100,-59
1763545263084,-74,-67,-100,-100,-100,-80,-83,-68,-100,-100,-59
1763545263109,-74,-67,-100,-100,-100,-80,-83,-68,-100,-100,-59
1763545263134,-74,-67,-100,-100,-100,-80,-83,-68,-100,-100,-59
1763545263159,-74,-67,-100,-100,-100,-80,-83,-68,-100,-100,-59
1763545263184,-74,-67,-100,-100,-100,-80,-83,-68,-100,-100,-59
1763545263209,-74,-67,-100,-100,-100,-80,-83,-68,-100,-100,-59
1763545263234,-74,-67,-100,-100,-100,-80,-83,-68,-100,-100,-59
1763545263259,-74,-67,-100,-100,-100,-80,-83,-68,-100,-100,-59
1763545263284,-74,-67,-100,-100,-100,-80,-83,-68,-100,-100,-59
1763545263309,-74,-67,-100,-100,-100,-80,-83,-68,-100,-100,-59
1763545263334,-74,-67,-100,-100,-100,-80,-83,-68,-100,-100,-59
1763545263360,-74,-67,-100,-100,-100,-80,-83,-68,-100,-100,-59
1763545263385,-74,-67,-100,-100,-100,-80,-83,-68,-100,-100,-59
1763545263410,-74,-67,-100,-100,-100,-80,-83,-68,-100,-100,-59
1763545263435,-74,-67,-100,-100,-100,-80,-83,-68,-100,-100,-59
1763545263460,-74,-67,-100,-100,-100,-80,-83,-68,-100,-100,-59
1763545263485,-74,-67,-100,-100,-100,-81,-79,-69,-100,-100,-62
1763545263511,-74,-67,-100,-100,-100,-81,-79,-69,-100,-100,-62
1763545263537,-74,-67,-100,-100,-100,-81,-79,-69,-100,-100,-62
1763545263562,-74,-67,-100,-100,-100,-81,-79,-69,-100,-100,-62
1763545263587,-74,-67,-100,-100,-100,-81,-79,-69,-100,-100,-62
1763545263613,-74,-67,-100,-100,-100,-81,-79,-69,-100,-100,-62
1763545263638,-74,-67,-100,-100,-100,-81,-79,-69,-100,-100,-62
1763545263663,-74,-67,-100,-100,-100,-81,-79,-69,-100,-100,-62
1763545263689,-74,-67,-100,-100,-100,-81,-79,-69,-100,-100,-62
1763545263714,-74,-67,-100,-100,-100,-81,-79,-69,-100,-100,-62
1763545263739,-74,-67,-100,-100,-100,-81,-79,-69,-100,-100,-62
1763545263764,-74,-67,-100,-100,-100,-81,-79,-69,-100,-100,-62
1763545263789,-74,-67,-100,-100,-100,-81,-79,-69,-100,-100,-62
1763545263815,-74,-67,-100,-100,-100,-81,-79,-69,-100,-100,-62
1763545263840,-74,-67,-100,-100,-100,-81,-79,-69,-100,-100,-62
1763545263865,-74,-67,-100,-100,-100,-81,-79,-69,-100,-100,-62
1763545263890,-74,-67,-100,-100,-100,-81,-79,-69,-100,-100,-62
1763545263916,-74,-67,-100,-100,-100,-81,-79,-69,-100,-100,-62
1763545263941,-74,-67,-100,-100,-100,-81,-79,-69,-100,-100,-62
1763545263966,-74,-67,-100,-100,-100,-81,-79,-69,-100,-100,-62
1763545263992,-77,-65,-100,-100,-100,-81,-79,-71,-100,-100,-63
1763545264018,-77,-65,-100,-100,-100,-81,-79,-71,-100,-100,-63
1763545264043,-77,-65,-100,-100,-100,-81,-79,-71,-100,-100,-63
1763545264068,-77,-65,-100,-100,-100,-81,-79,-71,-100,-100,-63
1763545264093,-77,-65,-100,-100,-100,-81,-79,-71,-100,-100,-63
1763545264118,-77,-65,-100,-100,-100,-81,-79,-71,-100,-100,-63
1763545264143,-77,-65,-100,-100,-100,-81,-79,-71,-100,-100,-63
1763545264168,-77,-65,-100,-100,-100,-81,-79,-71,-100,-100,-63
1763545264194,-77,-65,-100,-100,-100,-81,-79,-71,-100,-100,-63
1763545264219,-77,-65,-100,-100,-100,-81,-79,-71,-100,-100,-63
1763545264244,-77,-65,-100,-100,-100,-81,-79,-71,-100,-100,-63
1763545264269,-77,-65,-100,-100,-100,-81,-79,-71,-100,-100,-63
1763545264294,-77,-65,-100,-100,-100,-81,-79,-71,-100,-100,-63
1763545264319,-77,-65,-100,-100,-100,-81,-79,-71,-100,-100,-63
1763545264344,-77,-65,-100,-100,-100,-81,-79,-71,-100,-100,-63
1763545264369,-77,-65,-100,-100,-100,-81,-79,-71,-100,-100,-63
1763545264394,-77,-65,-100,-100,-100,-81,-79,-71,-100,-100,-63
1763545264419,-77,-65,-100,-100,-100,-81,-79,-71,-100,-100,-63
1763545264444,-77,-65,-100,-100,-100,-81,-79,-71,-100,-100,-63
1763545264469,-100,-100,-100,-100,-100,-100,-100,-100,-100,-100,-100
1763545264495,-100,-100,-100,-100,-100,-100,-100,-100,-100,-100,-100
1763545264520,-100,-100,-100,-100,-100,-100,-100,-100,-100,-100,-100
1763545264545,-100,-100,-100,-100,-100,-100,-100,-100,-100,-100,-100
1763545264570,-100,-100,-100,-100,-100,-100,-100,-100,-100,-100,-100
1763545264596,-100,-100,-100,-100,-100,-100,-100,-100,-100,-100,-100
1763545264622,-100,-100,-100,-100,-100,-100,-100,-100,-100,-100,-100
1763545264648,-100,-100,-100,-100,-100,-100,-100,-100,-100,-100,-100
1763545264673,-100,-100,-100,-100,-100,-100,-100,-100,-100,-100,-100
1763545264698,-100,-100,-100,-100,-100,-100,-100,-100,-100,-100,-100
1763545264723,-100,-100,-100,-100,-100,-100,-100,-100,-100,-100,-100
1763545264748,-100,-100,-100,-100,-100,-100,-100,-100,-100,-100,-100
1763545264773,-100,-100,-100,-100,-100,-100,-100,-100,-100,-100,-100
1763545264799,-100,-100,-100,-100,-100,-100,-100,-100,-100,-100,-100
1763545264824,-100,-100,-100,-100,-100,-100,-100,-100,-100,-100,-100
1763545264850,-100,-100,-100,-100,-100,-100,-100,-100,-100,-100,-100
1763545264875,-100,-100,-100,-100,-100,-100,-100,-100,-100,-100,-100
1763545264901,-100,-100,-100,-100,-100,-100,-100,-100,-100,-100,-100
1763545264927,-100,-100,-100,-100,-100,-100,-100,-100,-100,-100,-100
1763545264952,-100,-100,-100,-100,-100,-100,-100,-100,-100,-100,-100
1763545264977,-74,-65,-100,-100,-100,-73,-100,-75,-100,-100,-64
1763545265002,-74,-65,-100,-100,-100,-73,-100,-75,-100,-100,-64
1763545265027,-74,-65,-100,-100,-100,-73,-100,-75,-100,-100,-64
1763545265052,-74,-65,-100,-100,-100,-73,-100,-75,-100,-100,-64
1763545265077,-74,-65,-100,-100,-100,-73,-100,-75,-100,-100,-64
1763545265102,-74,-65,-100,-100,-100,-73,-100,-75,-100,-100,-64
1763545265127,-74,-65,-100,-100,-100,-73,-100,-75,-100,-100,-64
1763545265152,-74,-65,-100,-100,-100,-73,-100,-75,-100,-100,-64
1763545265177,-74,-65,-100,-100,-100,-73,-100,-75,-100,-100,-64
1763545265202,-74,-65,-100,-100,-100,-73,-100,-75,-100,-100,-64
1763545265228,-74,-65,-100,-100,-100,-73,-100,-75,-100,-100,-64
1763545265254,-74,-65,-100,-100,-100,-73,-100,-75,-100,-100,-64
1763545265279,-74,-65,-100,-100,-100,-73,-100,-75,-100,-100,-64
1763545265304,-74,-65,-100,-100,-100,-73,-100,-75,-100,-100,-64
1763545265329,-74,-65,-100,-100,-100,-73,-100,-75,-100,-100,-64
1763545265354,-74,-65,-100,-100,-100,-73,-100,-75,-100,-100,-64
1763545265379,-74,-65,-100,-100,-100,-73,-100,-75,-100,-100,-64
1763545265405,-74,-65,-100,-100,-100,-73,-100,-75,-100,-100,-64
1763545265431,-74,-65,-100,-100,-100,-73,-100,-75,-100,-100,-64
1763545265457,-74,-65,-100,-100,-100,-73,-100,-75,-100,-100,-64
1763545265483,-70,-66,-100,-100,-100,-73,-79,-74,-100,-100,-65
1763545265508,-70,-66,-100,-100,-100,-73,-79,-74,-100,-100,-65
1763545265533,-70,-66,-100,-100,-100,-73,-79,-74,-100,-100,-65
1763545265559,-70,-66,-100,-100,-100,-73,-79,-74,-100,-100,-65
1763545265585,-70,-66,-100,-100,-100,-73,-79,-74,-100,-100,-65
1763545265609,-70,-66,-100,-100,-100,-73,-79,-74,-100,-100,-65
1763545265634,-70,-66,-100,-100,-100,-73,-79,-74,-100,-100,-65
1763545265659,-70,-66,-100,-100,-100,-73,-79,-74,-100,-100,-65
1763545265684,-70,-66,-100,-100,-100,-73,-79,-74,-100,-100,-65
1763545265709,-70,-66,-100,-100,-100,-73,-79,-74,-100,-100,-65
1763545265734,-70,-66,-100,-100,-100,-73,-79,-74,-100,-100,-65
1763545265759,-70,-66,-100,-100,-100,-73,-79,-74,-100,-100,-65
1763545265785,-70,-66,-100,-100,-100,-73,-79,-74,-100,-100,-65
1763545265810,-70,-66,-100,-100,-100,-73,-79,-74,-100,-100,-65
1763545265835,-70,-66,-100,-100,-100,-73,-79,-74,-100,-100,-65
1763545265860,-70,-66,-100,-100,-100,-73,-79,-74,-100,-100,-65
1763545265886,-70,-66,-100,-100,-100,-73,-79,-74,-100,-100,-65
1763545265911,-70,-66,-100,-100,-100,-73,-79,-74,-100,-100,-65
1763545265936,-70,-66,-100,-100,-100,-73,-79,-74,-100,-100,-65
1763545265962,-70,-66,-100,-100,-100,-73,-79,-74,-100,-100,-65
1763545265987,-70,-65,-100,-100,-100,-73,-76,-73,-100,-100,-66
1763545266012,-70,-65,-100,-100,-100,-73,-76,-73,-100,-100,-66
1763545266037,-70,-65,-100,-100,-100,-73,-76,-73,-100,-100,-66
1763545266062,-70,-65,-100,-100,-100,-73,-76,-73,-100,-100,-66
1763545266088,-70,-65,-100,-100,-100,-73,-76,-73,-100,-100,-66
1763545266113,-70,-65,-100,-100,-100,-73,-76,-73,-100,-100,-66
1763545266138,-70,-65,-100,-100,-100,-73,-76,-73,-100,-100,-66
1763545266164,-70,-65,-100,-100,-100,-73,-76,-73,-100,-100,-66
1763545266189,-70,-65,-100,-100,-100,-73,-76,-73,-100,-100,-66
1763545266214,-70,-65,-100,-100,-100,-73,-76,-73,-100,-100,-66
1763545266239,-70,-65,-100,-100,-100,-73,-76,-73,-100,-100,-66
1763545266264,-70,-65,-100,-100,-100,-73,-76,-73,-100,-100,-66
1763545266289,-70,-65,-100,-100,-100,-73,-76,-73,-100,-100,-66
1763545266314,-70,-65,-100,-100,-100,-73,-76,-73,-100,-100,-66
1763545266339,-70,-65,-100,-100,-100,-73,-76,-73,-100,-100,-66
1763545266364,-70,-65,-100,-100,-100,-73,-76,-73,-100,-100,-66
1763545266389,-70,-65,-100,-100,-100,-73,-76,-73,-100,-100,-66
1763545266414,-70,-65,-100,-100,-100,-73,-76,-73,-100,-100,-66
1763545266439,-70,-65,-100,-100,-100,-73,-76,-73,-100,-100,-66
1763545266465,-70,-65,-100,-100,-100,-73,-76,-73,-100,-100,-66
1763545266490,-70,-66,-100,-100,-100,-74,-76,-74,-100,-100,-68
1763545266515,-70,-66,-100,-100,-100,-74,-76,-74,-100,-100,-68
1763545266540,-70,-66,-100,-100,-100,-74,-76,-74,-100,-100,-68
1763545266565,-70,-66,-100,-100,-100,-74,-76,-74,-100,-100,-68
1763545266590,-70,-66,-100,-100,-100,-74,-76,-74,-100,-100,-68
1763545266616,-70,-66,-100,-100,-100,-74,-76,-74,-100,-100,-68
1763545266642,-70,-66,-100,-100,-100,-74,-76,-74,-100,-100,-68
1763545266667,-70,-66,-100,-100,-100,-74,-76,-74,-100,-100,-68
1763545266692,-70,-66,-100,-100,-100,-74,-76,-74,-100,-100,-68
1763545266717,-70,-66,-100,-100,-100,-74,-76,-74,-100,-100,-68
1763545266742,-70,-66,-100,-100,-100,-74,-76,-74,-100,-100,-68
1763545266767,-70,-66,-100,-100,-100,-74,-76,-74,-100,-100,-68
1763545266792,-70,-66,-100,-100,-100,-74,-76,-74,-100,-100,-68
1763545266817,-70,-66,-100,-100,-100,-74,-76,-74,-100,-100,-68
1763545266843,-70,-66,-100,-100,-100,-74,-76,-74,-100,-100,-68
1763545266868,-70,-66,-100,-100,-100,-74,-76,-74,-100,-100,-68
1763545266894,-70,-66,-100,-100,-100,-74,-76,-74,-100,-100,-68
1763545266920,-70,-66,-100,-100,-100,-74,-76,-74,-100,-100,-68
1763545266945,-70,-66,-100,-100,-100,-74,-76,-74,-100,-100,-68
1763545266970,-69,-65,-100,-100,-100,-75,-100,-76,-100,-100,-67
1763545266995,-69,-65,-100,-100,-100,-75,-100,-76,-100,-100,-67
1763545267020,-69,-65,-100,-100,-100,-75,-100,-76,-100,-100,-67
1763545267045,-69,-65,-100,-100,-100,-75,-100,-76,-100,-100,-67
1763545267070,-69,-65,-100,-100,-100,-75,-100,-76,-100,-100,-67
1763545267096,-69,-65,-100,-100,-100,-75,-100,-76,-100,-100,-67
1763545267121,-69,-65,-100,-100,-100,-75,-100,-76,-100,-100,-67
1763545267146,-69,-65,-100,-100,-100,-75,-100,-76,-100,-100,-67
1763545267171,-69,-65,-100,-100,-100,-75,-100,-76,-100,-100,-67
1763545267196,-69,-65,-100,-100,-100,-75,-100,-76,-100,-100,-67
1763545267222,-69,-65,-100,-100,-100,-75,-100,-76,-100,-100,-67
1763545267247,-69,-65,-100,-100,-100,-75,-100,-76,-100,-100,-67
1763545267272,-69,-65,-100,-100,-100,-75,-100,-76,-100,-100,-67
1763545267298,-69,-65,-100,-100,-100,-75,-100,-76,-100,-100,-67
1763545267322,-69,-65,-100,-100,-100,-75,-100,-76,-100,-100,-67
1763545267348,-69,-65,-100,-100,-100,-75,-100,-76,-100,-100,-67
1763545267373,-69,-65,-100,-100,-100,-75,-100,-76,-100,-100,-67
1763545267398,-69,-65,-100,-100,-100,-75,-100,-76,-100,-100,-67
1763545267424,-69,-65,-100,-100,-100,-75,-100,-76,-100,-100,-67
1763545267450,-69,-65,-100,-100,-100,-75,-100,-76,-100,-100,-67
1763545267475,-69,-62,-100,-100,-100,-75,-100,-76,-100,-100,-67
1763545267500,-69,-62,-100,-100,-100,-75,-100,-76,-100,-100,-67
1763545267525,-69,-62,-100,-100,-100,-75,-100,-76,-100,-100,-67
1763545267550,-69,-62,-100,-100,-100,-75,-100,-76,-100,-100,-67
1763545267575,-69,-62,-100,-100,-100,-75,-100,-76,-100,-100,-67
1763545267600,-69,-62,-100,-100,-100,-75,-100,-76,-100,-100,-67
1763545267625,-69,-62,-100,-100,-100,-75,-100,-76,-100,-100,-67
1763545267650,-69,-62,-100,-100,-100,-75,-100,-76,-100,-100,-67
1763545267675,-69,-62,-100,-100,-100,-75,-100,-76,-100,-100,-67
1763545267703,-69,-62,-100,-100,-100,-75,-100,-76,-100,-100,-67
1763545267728,-69,-62,-100,-100,-100,-75,-100,-76,-100,-100,-67
1763545267753,-69,-62,-100,-100,-100,-75,-100,-76,-100,-100,-67
1763545267779,-69,-62,-100,-100,-100,-75,-100,-76,-100,-100,-67
1763545267804,-69,-62,-100,-100,-100,-75,-100,-76,-100,-100,-67
1763545267830,-69,-62,-100,-100,-100,-75,-100,-76,-100,-100,-67
1763545267855,-69,-62,-100,-100,-100,-75,-100,-76,-100,-100,-67
1763545267880,-69,-62,-100,-100,-100,-75,-100,-76,-100,-100,-67
1763545267905,-69,-62,-100,-100,-100,-75,-100,-76,-100,-100,-67
1763545267930,-69,-62,-100,-100,-100,-75,-100,-76,-100,-100,-67
1763545267955,-69,-62,-100,-100,-100,-75,-100,-76,-100,-100,-67
1763545267980,-68,-59,-100,-100,-100,-76,-78,-76,-100,-100,-66
1763545268005,-68,-59,-100,-100,-100,-76,-78,-76,-100,-100,-66
1763545268030,-68,-59,-100,-100,-100,-76,-78,-76,-100,-100,-66
1763545268055,-68,-59,-100,-100,-100,-76,-78,-76,-100,-100,-66
1763545268082,-68,-59,-100,-100,-100,-76,-78,-76,-100,-100,-66
1763545268107,-68,-59,-100,-100,-100,-76,-78,-76,-100,-100,-66
1763545268132,-68,-59,-100,-100,-100,-76,-78,-76,-100,-100,-66
1763545268157,-68,-59,-100,-100,-100,-76,-78,-76,-100,-100,-66
1763545268182,-68,-59,-100,-100,-100,-76,-78,-76,-100,-100,-66
1763545268207,-68,-59,-100,-100,-100,-76,-78,-76,-100,-100,-66
1763545268232,-68,-59,-100,-100,-100,-76,-78,-76,-100,-100,-66
1763545268257,-68,-59,-100,-100,-100,-76,-78,-76,-100,-100,-66
1763545268282,-68,-59,-100,-100,-100,-76,-78,-76,-100,-100,-66
1763545268308,-68,-59,-100,-100,-100,-76,-78,-76,-100,-100,-66
1763545268334,-68,-59,-100,-100,-100,-76,-78,-76,-100,-100,-66
1763545268359,-68,-59,-100,-100,-100,-76,-78,-76,-100,-100,-66
1763545268384,-68,-59,-100,-100,-100,-76,-78,-76,-100,-100,-66
1763545268409,-68,-59,-100,-100,-100,-76,-78,-76,-100,-100,-66
1763545268434,-68,-59,-100,-100,-100,-76,-78,-76,-100,-100,-66
1763545268460,-68,-59,-100,-100,-100,-76,-78,-76,-100,-100,-66
1763545268485,-67,-57,-100,-100,-100,-78,-76,-76,-100,-100,-67
1763545268510,-67,-57,-100,-100,-100,-78,-76,-76,-100,-100,-67
1763545268535,-67,-57,-100,-100,-100,-78,-76,-76,-100,-100,-67
1763545268560,-67,-57,-100,-100,-100,-78,-76,-76,-100,-100,-67
1763545268585,-67,-57,-100,-100,-100,-78,-76,-76,-100,-100,-67
1763545268610,-67,-57,-100,-100,-100,-78,-76,-76,-100,-100,-67
1763545268636,-67,-57,-100,-100,-100,-78,-76,-76,-100,-100,-67
1763545268661,-67,-57,-100,-100,-100,-78,-76,-76,-100,-100,-67
1763545268686,-67,-57,-100,-100,-100,-78,-76,-76,-100,-100,-67
1763545268711,-67,-57,-100,-100,-100,-78,-76,-76,-100,-100,-67
1763545268736,-67,-57,-100,-100,-100,-78,-76,-76,-100,-100,-67
1763545268761,-67,-57,-100,-100,-100,-78,-76,-76,-100,-100,-67
1763545268786,-67,-57,-100,-100,-100,-78,-76,-76,-100,-100,-67
1763545268811,-67,-57,-100,-100,-100,-78,-76,-76,-100,-100,-67
1763545268837,-67,-57,-100,-100,-100,-78,-76,-76,-100,-100,-67
1763545268862,-67,-57,-100,-100,-100,-78,-76,-76,-100,-100,-67
1763545268887,-67,-57,-100,-100,-100,-78,-76,-76,-100,-100,-67
1763545268912,-67,-57,-100,-100,-100,-78,-76,-76,-100,-100,-67
1763545268937,-67,-57,-100,-100,-100,-78,-76,-76,-100,-100,-67
1763545268962,-67,-57,-100,-100,-100,-78,-76,-76,-100,-100,-67
1763545268987,-63,-59,-100,-100,-100,-79,-74,-78,-100,-100,-70
1763545269013,-63,-59,-100,-100,-100,-79,-74,-78,-100,-100,-70
1763545269038,-63,-59,-100,-100,-100,-79,-74,-78,-100,-100,-70
1763545269064,-63,-59,-100,-100,-100,-79,-74,-78,-100,-100,-70
1763545269089,-63,-59,-100,-100,-100,-79,-74,-78,-100,-100,-70
1763545269114,-63,-59,-100,-100,-100,-79,-74,-78,-100,-100,-70
1763545269140,-63,-59,-100,-100,-100,-79,-74,-78,-100,-100,-70
1763545269165,-63,-59,-100,-100,-100,-79,-74,-78,-100,-100,-70
1763545269190,-63,-59,-100,-100,-100,-79,-74,-78,-100,-100,-70
1763545269215,-63,-59,-100,-100,-100,-79,-74,-78,-100,-100,-70
1763545269240,-63,-59,-100,-100,-100,-79,-74,-78,-100,-100,-70
1763545269266,-63,-59,-100,-100,-100,-79,-74,-78,-100,-100,-70
1763545269291,-63,-59,-100,-100,-100,-79,-74,-78,-100,-100,-70
1763545269317,-63,-59,-100,-100,-100,-79,-74,-78,-100,-100,-70
1763545269342,-63,-59,-100,-100,-100,-79,-74,-78,-100,-100,-70
1763545269367,-63,-59,-100,-100,-100,-79,-74,-78,-100,-100,-70
1763545269392,-63,-59,-100,-100,-100,-79,-74,-78,-100,-100,-70
1763545269417,-63,-59,-100,-100,-100,-79,-74,-78,-100,-100,-70
1763545269442,-63,-59,-100,-100,-100,-79,-74,-78,-100,-100,-70
1763545269467,-63,-59,-100,-100,-100,-79,-74,-78,-100,-100,-70
1763545269492,-64,-58,-100,-100,-100,-76,-73,-76,-100,-100,-71
1763545269517,-64,-58,-100,-100,-100,-76,-73,-76,-100,-100,-71
1763545269542,-64,-58,-100,-100,-100,-76,-73,-76,-100,-100,-71
1763545269568,-64,-58,-100,-100,-100,-76,-73,-76,-100,-100,-71
1763545269593,-64,-58,-100,-100,-100,-76,-73,-76,-100,-100,-71
1763545269618,-64,-58,-100,-100,-100,-76,-73,-76,-100,-100,-71
1763545269643,-64,-58,-100,-100,-100,-76,-73,-76,-100,-100,-71
1763545269668,-64,-58,-100,-100,-100,-76,-73,-76,-100,-100,-71
1763545269694,-64,-58,-100,-100,-100,-76,-73,-76,-100,-100,-71
1763545269719,-64,-58,-100,-100,-100,-76,-73,-76,-100,-100,-71
1763545269744,-64,-58,-100,-100,-100,-76,-73,-76,-100,-100,-71
1763545269769,-64,-58,-100,-100,-100,-76,-73,-76,-100,-100,-71
1763545269795,-64,-58,-100,-100,-100,-76,-73,-76,-100,-100,-71
1763545269819,-64,-58,-100,-100,-100,-76,-73,-76,-100,-100,-71
1763545269844,-64,-58,-100,-100,-100,-76,-73,-76,-100,-100,-71
1763545269869,-64,-58,-100,-100,-100,-76,-73,-76,-100,-100,-71
1763545269894,-64,-58,-100,-100,-100,-76,-73,-76,-100,-100,-71
1763545269919,-64,-58,-100,-100,-100,-76,-73,-76,-100,-100,-71
1763545269944,-64,-58,-100,-100,-100,-76,-73,-76,-100,-100,-71
1763545269969,-64,-58,-100,-100,-100,-76,-73,-76,-100,-100,-71
1763545269995,-64,-56,-100,-100,-100,-73,-74,-75,-100,-100,-73
1763545270020,-64,-56,-100,-100,-100,-73,-74,-75,-100,-100,-73
1763545270045,-64,-56,-100,-100,-100,-73,-74,-75,-100,-100,-73
1763545270071,-64,-56,-100,-100,-100,-73,-74,-75,-100,-100,-73
1763545270097,-64,-56,-100,-100,-100,-73,-74,-75,-100,-100,-73
1763545270123,-64,-56,-100,-100,-100,-73,-74,-75,-100,-100,-73
1763545270147,-64,-56,-100,-100,-100,-73,-74,-75,-100,-100,-73
1763545270173,-64,-56,-100,-100,-100,-73,-74,-75,-100,-100,-73
1763545270198,-64,-56,-100,-100,-100,-73,-74,-75,-100,-100,-73
1763545270223,-64,-56,-100,-100,-100,-73,-74,-75,-100,-100,-73
1763545270248,-64,-56,-100,-100,-100,-73,-74,-75,-100,-100,-73
1763545270273,-64,-56,-100,-100,-100,-73,-74,-75,-100,-100,-73
1763545270298,-64,-56,-100,-100,-100,-73,-74,-75,-100,-100,-73
1763545270324,-64,-56,-100,-100,-100,-73,-74,-75,-100,-100,-73
1763545270349,-64,-56,-100,-100,-100,-73,-74,-75,-100,-100,-73
1763545270374,-64,-56,-100,-100,-100,-73,-74,-75,-100,-100,-73
1763545270400,-64,-56,-100,-100,-100,-73,-74,-75,-100,-100,-73
1763545270425,-64,-56,-100,-100,-100,-73,-74,-75,-100,-100,-73
1763545270450,-64,-56,-100,-100,-100,-73,-74,-75,-100,-100,-73
1763545270475,-62,-55,-100,-100,-100,-73,-76,-76,-100,-100,-70
1763545270500,-62,-55,-100,-100,-100,-73,-76,-76,-100,-100,-70
1763545270525,-62,-55,-100,-100,-100,-73,-76,-76,-100,-100,-70
1763545270550,-62,-55,-100,-100,-100,-73,-76,-76,-100,-100,-70
1763545270576,-62,-55,-100,-100,-100,-73,-76,-76,-100,-100,-70
1763545270601,-62,-55,-100,-100,-100,-73,-76,-76,-100,-100,-70
1763545270627,-62,-55,-100,-100,-100,-73,-76,-76,-100,-100,-70
1763545270652,-62,-55,-100,-100,-100,-73,-76,-76,-100,-100,-70
1763545270677,-62,-55,-100,-100,-100,-73,-76,-76,-100,-100,-70
1763545270702,-62,-55,-100,-100,-100,-73,-76,-76,-100,-100,-70
1763545270728,-62,-55,-100,-100,-100,-73,-76,-76,-100,-100,-70
1763545270753,-62,-55,-100,-100,-100,-73,-76,-76,-100,-100,-70
1763545270778,-62,-55,-100,-100,-100,-73,-76,-76,-100,-100,-70
1763545270803,-62,-55,-100,-100,-100,-73,-76,-76,-100,-100,-70
1763545270828,-62,-55,-100,-100,-100,-73,-76,-76,-100,-100,-70
1763545270853,-62,-55,-100,-100,-100,-73,-76,-76,-100,-100,-70
1763545270878,-62,-55,-100,-100,-100,-73,-76,-76,-100,-100,-70
1763545270903,-62,-55,-100,-100,-100,-73,-76,-76,-100,-100,-70
1763545270929,-62,-55,-100,-100,-100,-73,-76,-76,-100,-100,-70
1763545270954,-62,-55,-100,-100,-100,-73,-76,-76,-100,-100,-70
1763545270980,-62,-56,-100,-100,-100,-72,-75,-76,-100,-100,-69
1763545271004,-62,-56,-100,-100,-100,-72,-75,-76,-100,-100,-69
1763545271029,-62,-56,-100,-100,-100,-72,-75,-76,-100,-100,-69
1763545271054,-62,-56,-100,-100,-100,-72,-75,-76,-100,-100,-69
1763545271079,-62,-56,-100,-100,-100,-72,-75,-76,-100,-100,-69
1763545271105,-62,-56,-100,-100,-100,-72,-75,-76,-100,-100,-69
1763545271130,-62,-56,-100,-100,-100,-72,-75,-76,-100,-100,-69
1763545271156,-62,-56,-100,-100,-100,-72,-75,-76,-100,-100,-69
1763545271182,-62,-56,-100,-100,-100,-72,-75,-76,-100,-100,-69
1763545271206,-62,-56,-100,-100,-100,-72,-75,-76,-100,-100,-69
1763545271231,-62,-56,-100,-100,-100,-72,-75,-76,-100,-100,-69
1763545271256,-62,-56,-100,-100,-100,-72,-75,-76,-100,-100,-69
1763545271281,-62,-56,-100,-100,-100,-72,-75,-76,-100,-100,-69
1763545271307,-62,-56,-100,-100,-100,-72,-75,-76,-100,-100,-69
1763545271332,-62,-56,-100,-100,-100,-72,-75,-76,-100,-100,-69
1763545271357,-62,-56,-100,-100,-100,-72,-75,-76,-100,-100,-69
1763545271382,-62,-56,-100,-100,-100,-72,-75,-76,-100,-100,-69
1763545271407,-62,-56,-100,-100,-100,-72,-75,-76,-100,-100,-69
1763545271432,-62,-56,-100,-100,-100,-72,-75,-76,-100,-100,-69
1763545271457,-62,-56,-100,-100,-100,-72,-75,-76,-100,-100,-69
1763545271482,-63,-58,-100,-100,-100,-71,-74,-77,-100,-100,-71
1763545271507,-63,-58,-100,-100,-100,-71,-74,-77,-100,-100,-71
1763545271532,-63,-58,-100,-100,-100,-71,-74,-77,-100,-100,-71
1763545271557,-63,-58,-100,-100,-100,-71,-74,-77,-100,-100,-71
1763545271583,-63,-58,-100,-100,-100,-71,-74,-77,-100,-100,-71
1763545271609,-63,-58,-100,-100,-100,-71,-74,-77,-100,-100,-71
1763545271633,-63,-58,-100,-100,-100,-71,-74,-77,-100,-100,-71
1763545271658,-63,-58,-100,-100,-100,-71,-74,-77,-100,-100,-71
1763545271683,-63,-58,-100,-100,-100,-71,-74,-77,-100,-100,-71
1763545271708,-63,-58,-100,-100,-100,-71,-74,-77,-100,-100,-71
1763545271734,-63,-58,-100,-100,-100,-71,-74,-77,-100,-100,-71
1763545271759,-63,-58,-100,-100,-100,-71,-74,-77,-100,-100,-71
1763545271784,-63,-58,-100,-100,-100,-71,-74,-77,-100,-100,-71
1763545271809,-63,-58,-100,-100,-100,-71,-74,-77,-100,-100,-71
1763545271834,-63,-58,-100,-100,-100,-71,-74,-77,-100,-100,-71
1763545271860,-63,-58,-100,-100,-100,-71,-74,-77,-100,-100,-71
1763545271886,-63,-58,-100,-100,-100,-71,-74,-77,-100,-100,-71
1763545271911,-63,-58,-100,-100,-100,-71,-74,-77,-100,-100,-71
1763545271937,-63,-58,-100,-100,-100,-71,-74,-77,-100,-100,-71
1763545271962,-63,-58,-100,-100,-100,-71,-74,-77,-100,-100,-71
1763545271987,-63,-56,-100,-100,-100,-72,-74,-78,-100,-100,-74
1763545272012,-63,-56,-100,-100,-100,-72,-74,-78,-100,-100,-74
1763545272038,-63,-56,-100,-100,-100,-72,-74,-78,-100,-100,-74
1763545272063,-63,-56,-100,-100,-100,-72,-74,-78,-100,-100,-74
1763545272088,-63,-56,-100,-100,-100,-72,-74,-78,-100,-100,-74
1763545272113,-63,-56,-100,-100,-100,-72,-74,-78,-100,-100,-74
1763545272138,-63,-56,-100,-100,-100,-72,-74,-78,-100,-100,-74
1763545272163,-63,-56,-100,-100,-100,-72,-74,-78,-100,-100,-74
1763545272188,-63,-56,-100,-100,-100,-72,-74,-78,-100,-100,-74
1763545272213,-63,-56,-100,-100,-100,-72,-74,-78,-100,-100,-74
1763545272238,-63,-56,-100,-100,-100,-72,-74,-78,-100,-100,-74
1763545272263,-63,-56,-100,-100,-100,-72,-74,-78,-100,-100,-74
1763545272288,-63,-56,-100,-100,-100,-72,-74,-78,-100,-100,-74
1763545272314,-63,-56,-100,-100,-100,-72,-74,-78,-100,-100,-74
1763545272339,-63,-56,-100,-100,-100,-72,-74,-78,-100,-100,-74
1763545272364,-63,-56,-100,-100,-100,-72,-74,-78,-100,-100,-74
1763545272390,-63,-56,-100,-100,-100,-72,-74,-78,-100,-100,-74
1763545272417,-63,-56,-100,-100,-100,-72,-74,-78,-100,-100,-74
1763545272442,-63,-56,-100,-100,-100,-72,-74,-78,-100,-100,-74
1763545272467,-63,-56,-100,-100,-100,-72,-74,-78,-100,-100,-74
1763545272492,-63,-56,-100,-100,-100,-73,-77,-76,-100,-100,-74
1763545272522,-63,-56,-100,-100,-100,-73,-77,-76,-100,-100,-74
1763545272547,-63,-56,-100,-100,-100,-73,-77,-76,-100,-100,-74
1763545272572,-63,-56,-100,-100,-100,-73,-77,-76,-100,-100,-74
1763545272597,-63,-56,-100,-100,-100,-73,-77,-76,-100,-100,-74
1763545272623,-63,-56,-100,-100,-100,-73,-77,-76,-100,-100,-74
1763545272648,-63,-56,-100,-100,-100,-73,-77,-76,-100,-100,-74
1763545272674,-63,-56,-100,-100,-100,-73,-77,-76,-100,-100,-74
1763545272700,-63,-56,-100,-100,-100,-73,-77,-76,-100,-100,-74
1763545272725,-63,-56,-100,-100,-100,-73,-77,-76,-100,-100,-74
1763545272751,-63,-56,-100,-100,-100,-73,-77,-76,-100,-100,-74
1763545272776,-63,-56,-100,-100,-100,-73,-77,-76,-100,-100,-74
1763545272801,-63,-56,-100,-100,-100,-73,-77,-76,-100,-100,-74
1763545272827,-63,-56,-100,-100,-100,-73,-77,-76,-100,-100,-74
1763545272851,-63,-56,-100,-100,-100,-73,-77,-76,-100,-100,-74
1763545272876,-63,-56,-100,-100,-100,-73,-77,-76,-100,-100,-74
1763545272901,-63,-56,-100,-100,-100,-73,-77,-76,-100,-100,-74
1763545272927,-63,-56,-100,-100,-100,-73,-77,-76,-100,-100,-74
1763545272953,-63,-56,-100,-100,-100,-73,-77,-76,-100,-100,-74
1763545272979,-62,-58,-85,-100,-100,-74,-76,-78,-100,-100,-74
1763545273003,-62,-58,-85,-100,-100,-74,-76,-78,-100,-100,-74
1763545273028,-62,-58,-85,-100,-100,-74,-76,-78,-100,-100,-74
1763545273053,-62,-58,-85,-100,-100,-74,-76,-78,-100,-100,-74
1763545273078,-62,-58,-85,-100,-100,-74,-76,-78,-100,-100,-74
1763545273103,-62,-58,-85,-100,-100,-74,-76,-78,-100,-100,-74
1763545273128,-62,-58,-85,-100,-100,-74,-76,-78,-100,-100,-74
1763545273154,-62,-58,-85,-100,-100,-74,-76,-78,-100,-100,-74
1763545273179,-62,-58,-85,-100,-100,-74,-76,-78,-100,-100,-74
1763545273204,-62,-58,-85,-100,-100,-74,-76,-78,-100,-100,-74
1763545273230,-62,-58,-85,-100,-100,-74,-76,-78,-100,-100,-74
1763545273255,-62,-58,-85,-100,-100,-74,-76,-78,-100,-100,-74
1763545273281,-62,-58,-85,-100,-100,-74,-76,-78,-100,-100,-74
1763545273306,-62,-58,-85,-100,-100,-74,-76,-78,-100,-100,-74
1763545273332,-62,-58,-85,-100,-100,-74,-76,-78,-100,-100,-74
1763545273357,-62,-58,-85,-100,-100,-74,-76,-78,-100,-100,-74
1763545273383,-62,-58,-85,-100,-100,-74,-76,-78,-100,-100,-74
1763545273408,-62,-58,-85,-100,-100,-74,-76,-78,-100,-100,-74
1763545273433,-62,-58,-85,-100,-100,-74,-76,-78,-100,-100,-74
1763545273458,-62,-58,-85,-100,-100,-74,-76,-78,-100,-100,-74
1763545273483,-61,-60,-85,-100,-100,-73,-76,-79,-100,-81,-73
1763545273509,-61,-60,-85,-100,-100,-73,-76,-79,-100,-81,-73
1763545273534,-61,-60,-85,-100,-100,-73,-76,-79,-100,-81,-73
1763545273559,-61,-60,-85,-100,-100,-73,-76,-79,-100,-81,-73
1763545273584,-61,-60,-85,-100,-100,-73,-76,-79,-100,-81,-73
1763545273609,-61,-60,-85,-100,-100,-73,-76,-79,-100,-81,-73
1763545273635,-61,-60,-85,-100,-100,-73,-76,-79,-100,-81,-73
1763545273660,-61,-60,-85,-100,-100,-73,-76,-79,-100,-81,-73
1763545273685,-61,-60,-85,-100,-100,-73,-76,-79,-100,-81,-73
1763545273710,-61,-60,-85,-100,-100,-73,-76,-79,-100,-81,-73
1763545273735,-61,-60,-85,-100,-100,-73,-76,-79,-100,-81,-73
1763545273761,-61,-60,-85,-100,-100,-73,-76,-79,-100,-81,-73
1763545273786,-61,-60,-85,-100,-100,-73,-76,-79,-100,-81,-73
1763545273812,-61,-60,-85,-100,-100,-73,-76,-79,-100,-81,-73
1763545273837,-61,-60,-85,-100,-100,-73,-76,-79,-100,-81,-73
1763545273862,-61,-60,-85,-100,-100,-73,-76,-79,-100,-81,-73
1763545273888,-61,-60,-85,-100,-100,-73,-76,-79,-100,-81,-73
1763545273913,-61,-60,-85,-100,-100,-73,-76,-79,-100,-81,-73
1763545273939,-61,-60,-85,-100,-100,-73,-76,-79,-100,-81,-73
1763545273964,-61,-60,-85,-100,-100,-73,-76,-79,-100,-81,-73
1763545273990,-60,-60,-85,-100,-100,-71,-74,-79,-100,-81,-73
1763545274015,-60,-60,-85,-100,-100,-71,-74,-79,-100,-81,-73
1763545274040,-60,-60,-85,-100,-100,-71,-74,-79,-100,-81,-73
1763545274065,-60,-60,-85,-100,-100,-71,-74,-79,-100,-81,-73
1763545274090,-60,-60,-85,-100,-100,-71,-74,-79,-100,-81,-73
1763545274115,-60,-60,-85,-100,-100,-71,-74,-79,-100,-81,-73
1763545274140,-60,-60,-85,-100,-100,-71,-74,-79,-100,-81,-73
1763545274166,-60,-60,-85,-100,-100,-71,-74,-79,-100,-81,-73
1763545274191,-60,-60,-85,-100,-100,-71,-74,-79,-100,-81,-73
1763545274217,-60,-60,-85,-100,-100,-71,-74,-79,-100,-81,-73
1763545274242,-60,-60,-85,-100,-100,-71,-74,-79,-100,-81,-73
1763545274267,-60,-60,-85,-100,-100,-71,-74,-79,-100,-81,-73
1763545274292,-60,-60,-85,-100,-100,-71,-74,-79,-100,-81,-73
1763545274318,-60,-60,-85,-100,-100,-71,-74,-79,-100,-81,-73
1763545274343,-60,-60,-85,-100,-100,-71,-74,-79,-100,-81,-73
1763545274368,-60,-60,-85,-100,-100,-71,-74,-79,-100,-81,-73
1763545274394,-60,-60,-85,-100,-100,-71,-74,-79,-100,-81,-73
1763545274419,-60,-60,-85,-100,-100,-71,-74,-79,-100,-81,-73
1763545274444,-60,-60,-85,-100,-100,-71,-74,-79,-100,-81,-73
1763545274471,-63,-63,-100,-100,-100,-72,-73,-77,-100,-84,-73
1763545274497,-63,-63,-100,-100,-100,-72,-73,-77,-100,-84,-73
1763545274521,-63,-63,-100,-100,-100,-72,-73,-77,-100,-84,-73
1763545274547,-63,-63,-100,-100,-100,-72,-73,-77,-100,-84,-73
1763545274572,-63,-63,-100,-100,-100,-72,-73,-77,-100,-84,-73
1763545274597,-63,-63,-100,-100,-100,-72,-73,-77,-100,-84,-73
1763545274622,-63,-63,-100,-100,-100,-72,-73,-77,-100,-84,-73
1763545274647,-63,-63,-100,-100,-100,-72,-73,-77,-100,-84,-73
1763545274673,-63,-63,-100,-100,-100,-72,-73,-77,-100,-84,-73
1763545274697,-63,-63,-100,-100,-100,-72,-73,-77,-100,-84,-73
1763545274722,-63,-63,-100,-100,-100,-72,-73,-77,-100,-84,-73
1763545274747,-63,-63,-100,-100,-100,-72,-73,-77,-100,-84,-73
1763545274773,-63,-63,-100,-100,-100,-72,-73,-77,-100,-84,-73
1763545274797,-63,-63,-100,-100,-100,-72,-73,-77,-100,-84,-73
1763545274823,-63,-63,-100,-100,-100,-72,-73,-77,-100,-84,-73
1763545274847,-63,-63,-100,-100,-100,-72,-73,-77,-100,-84,-73
1763545274872,-63,-63,-100,-100,-100,-72,-73,-77,-100,-84,-73
1763545274897,-63,-63,-100,-100,-100,-72,-73,-77,-100,-84,-73
1763545274922,-63,-63,-100,-100,-100,-72,-73,-77,-100,-84,-73
1763545274947,-63,-63,-100,-100,-100,-72,-73,-77,-100,-84,-73
1763545274973,-63,-62,-81,-100,-100,-74,-72,-78,-100,-84,-74
1763545274998,-63,-62,-81,-100,-100,-74,-72,-78,-100,-84,-74
1763545275023,-63,-62,-81,-100,-100,-74,-72,-78,-100,-84,-74
1763545275048,-63,-62,-81,-100,-100,-74,-72,-78,-100,-84,-74
1763545275073,-63,-62,-81,-100,-100,-74,-72,-78,-100,-84,-74
1763545275099,-63,-62,-81,-100,-100,-74,-72,-78,-100,-84,-74
1763545275124,-63,-62,-81,-100,-100,-74,-72,-78,-100,-84,-74
1763545275151,-63,-62,-81,-100,-100,-74,-72,-78,-100,-84,-74
1763545275177,-63,-62,-81,-100,-100,-74,-72,-78,-100,-84,-74
1763545275203,-63,-62,-81,-100,-100,-74,-72,-78,-100,-84,-74
1763545275228,-63,-62,-81,-100,-100,-74,-72,-78,-100,-84,-74
1763545275253,-63,-62,-81,-100,-100,-74,-72,-78,-100,-84,-74
1763545275278,-63,-62,-81,-100,-100,-74,-72,-78,-100,-84,-74
1763545275303,-63,-62,-81,-100,-100,-74,-72,-78,-100,-84,-74
1763545275328,-63,-62,-81,-100,-100,-74,-72,-78,-100,-84,-74
1763545275353,-63,-62,-81,-100,-100,-74,-72,-78,-100,-84,-74
1763545275378,-63,-62,-81,-100,-100,-74,-72,-78,-100,-84,-74
1763545275404,-63,-62,-81,-100,-100,-74,-72,-78,-100,-84,-74
1763545275429,-63,-62,-81,-100,-100,-74,-72,-78,-100,-84,-74
1763545275454,-63,-62,-81,-100,-100,-74,-72,-78,-100,-84,-74
1763545275480,-61,-61,-81,-100,-100,-72,-73,-80,-100,-100,-75
1763545275504,-61,-61,-81,-100,-100,-72,-73,-80,-100,-100,-75
1763545275530,-61,-61,-81,-100,-100,-72,-73,-80,-100,-100,-75
1763545275555,-61,-61,-81,-100,-100,-72,-73,-80,-100,-100,-75
1763545275580,-61,-61,-81,-100,-100,-72,-73,-80,-100,-100,-75
1763545275605,-61,-61,-81,-100,-100,-72,-73,-80,-100,-100,-75
1763545275630,-61,-61,-81,-100,-100,-72,-73,-80,-100,-100,-75
1763545275655,-61,-61,-81,-100,-100,-72,-73,-80,-100,-100,-75
1763545275680,-61,-61,-81,-100,-100,-72,-73,-80,-100,-100,-75
1763545275706,-61,-61,-81,-100,-100,-72,-73,-80,-100,-100,-75
1763545275731,-61,-61,-81,-100,-100,-72,-73,-80,-100,-100,-75
1763545275756,-61,-61,-81,-100,-100,-72,-73,-80,-100,-100,-75
1763545275781,-61,-61,-81,-100,-100,-72,-73,-80,-100,-100,-75
1763545275807,-61,-61,-81,-100,-100,-72,-73,-80,-100,-100,-75
1763545275832,-61,-61,-81,-100,-100,-72,-73,-80,-100,-100,-75
1763545275857,-61,-61,-81,-100,-100,-72,-73,-80,-100,-100,-75
1763545275882,-61,-61,-81,-100,-100,-72,-73,-80,-100,-100,-75
1763545275908,-61,-61,-81,-100,-100,-72,-73,-80,-100,-100,-75
1763545275932,-61,-61,-81,-100,-100,-72,-73,-80,-100,-100,-75
1763545275957,-61,-61,-81,-100,-100,-72,-73,-80,-100,-100,-75
1763545275983,-60,-58,-81,-100,-100,-71,-73,-80,-100,-100,-75
1763545276008,-60,-58,-81,-100,-100,-71,-73,-80,-100,-100,-75
1763545276034,-60,-58,-81,-100,-100,-71,-73,-80,-100,-100,-75
1763545276060,-60,-58,-81,-100,-100,-71,-73,-80,-100,-100,-75
1763545276084,-60,-58,-81,-100,-100,-71,-73,-80,-100,-100,-75
1763545276109,-60,-58,-81,-100,-100,-71,-73,-80,-100,-100,-75
1763545276134,-60,-58,-81,-100,-100,-71,-73,-80,-100,-100,-75
1763545276159,-60,-58,-81,-100,-100,-71,-73,-80,-100,-100,-75
1763545276185,-60,-58,-81,-100,-100,-71,-73,-80,-100,-100,-75
1763545276210,-60,-58,-81,-100,-100,-71,-73,-80,-100,-100,-75
1763545276236,-60,-58,-81,-100,-100,-71,-73,-80,-100,-100,-75
1763545276260,-60,-58,-81,-100,-100,-71,-73,-80,-100,-100,-75
1763545276285,-60,-58,-81,-100,-100,-71,-73,-80,-100,-100,-75
1763545276310,-60,-58,-81,-100,-100,-71,-73,-80,-100,-100,-75
1763545276336,-60,-58,-81,-100,-100,-71,-73,-80,-100,-100,-75
1763545276361,-60,-58,-81,-100,-100,-71,-73,-80,-100,-100,-75
1763545276387,-60,-58,-81,-100,-100,-71,-73,-80,-100,-100,-75
1763545276413,-60,-58,-81,-100,-100,-71,-73,-80,-100,-100,-75
1763545276438,-60,-58,-81,-100,-100,-71,-73,-80,-100,-100,-75
1763545276463,-60,-58,-81,-100,-100,-71,-73,-80,-100,-100,-75
1763545276489,-59,-57,-100,-100,-100,-70,-74,-79,-100,-83,-76
1763545276514,-59,-57,-100,-100,-100,-70,-74,-79,-100,-83,-76
1763545276540,-59,-57,-100,-100,-100,-70,-74,-79,-100,-83,-76
1763545276565,-59,-57,-100,-100,-100,-70,-74,-79,-100,-83,-76
1763545276590,-59,-57,-100,-100,-100,-70,-74,-79,-100,-83,-76
1763545276615,-59,-57,-100,-100,-100,-70,-74,-79,-100,-83,-76
1763545276640,-59,-57,-100,-100,-100,-70,-74,-79,-100,-83,-76
1763545276666,-59,-57,-100,-100,-100,-70,-74,-79,-100,-83,-76
1763545276691,-59,-57,-100,-100,-100,-70,-74,-79,-100,-83,-76
1763545276716,-59,-57,-100,-100,-100,-70,-74,-79,-100,-83,-76
1763545276741,-59,-57,-100,-100,-100,-70,-74,-79,-100,-83,-76
1763545276766,-59,-57,-100,-100,-100,-70,-74,-79,-100,-83,-76
1763545276791,-59,-57,-100,-100,-100,-70,-74,-79,-100,-83,-76
1763545276817,-59,-57,-100,-100,-100,-70,-74,-79,-100,-83,-76
1763545276842,-59,-57,-100,-100,-100,-70,-74,-79,-100,-83,-76
1763545276867,-59,-57,-100,-100,-100,-70,-74,-79,-100,-83,-76
1763545276893,-59,-57,-100,-100,-100,-70,-74,-79,-100,-83,-76
1763545276919,-59,-57,-100,-100,-100,-70,-74,-79,-100,-83,-76
1763545276944,-59,-57,-100,-100,-100,-70,-74,-79,-100,-83,-76
1763545276969,-59,-57,-100,-100,-100,-70,-74,-79,-100,-83,-76
1763545276995,-60,-60,-100,-100,-100,-71,-77,-79,-100,-83,-76
1763545277021,-60,-60,-100,-100,-100,-71,-77,-79,-100,-83,-76
1763545277047,-60,-60,-100,-100,-100,-71,-77,-79,-100,-83,-76
1763545277073,-60,-60,-100,-100,-100,-71,-77,-79,-100,-83,-76
1763545277098,-60,-60,-100,-100,-100,-71,-77,-79,-100,-83,-76
1763545277124,-60,-60,-100,-100,-100,-71,-77,-79,-100,-83,-76
1763545277149,-60,-60,-100,-100,-100,-71,-77,-79,-100,-83,-76
1763545277174,-60,-60,-100,-100,-100,-71,-77,-79,-100,-83,-76
1763545277200,-60,-60,-100,-100,-100,-71,-77,-79,-100,-83,-76
1763545277225,-60,-60,-100,-100,-100,-71,-77,-79,-100,-83,-76
1763545277252,-60,-60,-100,-100,-100,-71,-77,-79,-100,-83,-76
1763545277277,-60,-60,-100,-100,-100,-71,-77,-79,-100,-83,-76
1763545277304,-60,-60,-100,-100,-100,-71,-77,-79,-100,-83,-76
1763545277330,-60,-60,-100,-100,-100,-71,-77,-79,-100,-83,-76
1763545277356,-60,-60,-100,-100,-100,-71,-77,-79,-100,-83,-76
1763545277381,-60,-60,-100,-100,-100,-71,-77,-79,-100,-83,-76
1763545277406,-60,-60,-100,-100,-100,-71,-77,-79,-100,-83,-76
1763545277432,-60,-60,-100,-100,-100,-71,-77,-79,-100,-83,-76
1763545277457,-60,-60,-100,-100,-100,-71,-77,-79,-100,-83,-76
1763545277482,-59,-61,-100,-100,-100,-72,-78,-79,-100,-83,-76
1763545277508,-59,-61,-100,-100,-100,-72,-78,-79,-100,-83,-76
1763545277534,-59,-61,-100,-100,-100,-72,-78,-79,-100,-83,-76
1763545277559,-59,-61,-100,-100,-100,-72,-78,-79,-100,-83,-76
1763545277585,-59,-61,-100,-100,-100,-72,-78,-79,-100,-83,-76
1763545277613,-59,-61,-100,-100,-100,-72,-78,-79,-100,-83,-76
1763545277639,-59,-61,-100,-100,-100,-72,-78,-79,-100,-83,-76
1763545277664,-59,-61,-100,-100,-100,-72,-78,-79,-100,-83,-76
1763545277689,-59,-61,-100,-100,-100,-72,-78,-79,-100,-83,-76
1763545277714,-59,-61,-100,-100,-100,-72,-78,-79,-100,-83,-76
1763545277739,-59,-61,-100,-100,-100,-72,-78,-79,-100,-83,-76
1763545277764,-59,-61,-100,-100,-100,-72,-78,-79,-100,-83,-76
1763545277789,-59,-61,-100,-100,-100,-72,-78,-79,-100,-83,-76
1763545277815,-59,-61,-100,-100,-100,-72,-78,-79,-100,-83,-76
1763545277841,-59,-61,-100,-100,-100,-72,-78,-79,-100,-83,-76
1763545277866,-59,-61,-100,-100,-100,-72,-78,-79,-100,-83,-76
1763545277891,-59,-61,-100,-100,-100,-72,-78,-79,-100,-83,-76
1763545277917,-59,-61,-100,-100,-100,-72,-78,-79,-100,-83,-76
1763545277943,-59,-61,-100,-100,-100,-72,-78,-79,-100,-83,-76
1763545277968,-59,-61,-100,-100,-100,-72,-78,-79,-100,-83,-76
1763545277993,-58,-60,-100,-100,-100,-72,-76,-80,-100,-83,-76
1763545278019,-58,-60,-100,-100,-100,-72,-76,-80,-100,-83,-76
1763545278045,-58,-60,-100,-100,-100,-72,-76,-80,-100,-83,-76
1763545278070,-58,-60,-100,-100,-100,-72,-76,-80,-100,-83,-76
1763545278095,-58,-60,-100,-100,-100,-72,-76,-80,-100,-83,-76
1763545278120,-58,-60,-100,-100,-100,-72,-76,-80,-100,-83,-76
1763545278145,-58,-60,-100,-100,-100,-72,-76,-80,-100,-83,-76
1763545278170,-58,-60,-100,-100,-100,-72,-76,-80,-100,-83,-76
1763545278195,-58,-60,-100,-100,-100,-72,-76,-80,-100,-83,-76
1763545278220,-58,-60,-100,-100,-100,-72,-76,-80,-100,-83,-76
1763545278245,-58,-60,-100,-100,-100,-72,-76,-80,-100,-83,-76
1763545278271,-58,-60,-100,-100,-100,-72,-76,-80,-100,-83,-76
1763545278296,-58,-60,-100,-100,-100,-72,-76,-80,-100,-83,-76
1763545278321,-58,-60,-100,-100,-100,-72,-76,-80,-100,-83,-76
1763545278346,-58,-60,-100,-100,-100,-72,-76,-80,-100,-83,-76
1763545278372,-58,-60,-100,-100,-100,-72,-76,-80,-100,-83,-76
1763545278397,-58,-60,-100,-100,-100,-72,-76,-80,-100,-83,-76
1763545278423,-58,-60,-100,-100,-100,-72,-76,-80,-100,-83,-76
1763545278449,-58,-60,-100,-100,-100,-72,-76,-80,-100,-83,-76
1763545278474,-59,-59,-100,-100,-100,-70,-75,-80,-100,-82,-76
1763545278499,-59,-59,-100,-100,-100,-70,-75,-80,-100,-82,-76
1763545278524,-59,-59,-100,-100,-100,-70,-75,-80,-100,-82,-76
1763545278549,-59,-59,-100,-100,-100,-70,-75,-80,-100,-82,-76
1763545278574,-59,-59,-100,-100,-100,-70,-75,-80,-100,-82,-76
1763545278599,-59,-59,-100,-100,-100,-70,-75,-80,-100,-82,-76
1763545278625,-59,-59,-100,-100,-100,-70,-75,-80,-100,-82,-76
1763545278650,-59,-59,-100,-100,-100,-70,-75,-80,-100,-82,-76
1763545278676,-59,-59,-100,-100,-100,-70,-75,-80,-100,-82,-76
1763545278701,-59,-59,-100,-100,-100,-70,-75,-80,-100,-82,-76
1763545278726,-59,-59,-100,-100,-100,-70,-75,-80,-100,-82,-76
1763545278752,-59,-59,-100,-100,-100,-70,-75,-80,-100,-82,-76
1763545278777,-59,-59,-100,-100,-100,-70,-75,-80,-100,-82,-76
1763545278802,-59,-59,-100,-100,-100,-70,-75,-80,-100,-82,-76
1763545278828,-59,-59,-100,-100,-100,-70,-75,-80,-100,-82,-76
1763545278854,-59,-59,-100,-100,-100,-70,-75,-80,-100,-82,-76
1763545278879,-59,-59,-100,-100,-100,-70,-75,-80,-100,-82,-76
1763545278904,-59,-59,-100,-100,-100,-70,-75,-80,-100,-82,-76
1763545278931,-59,-59,-100,-100,-100,-70,-75,-80,-100,-82,-76
1763545278956,-59,-59,-100,-100,-100,-70,-75,-80,-100,-82,-76
1763545278981,-60,-62,-81,-78,-100,-68,-74,-79,-100,-82,-76
1763545279006,-60,-62,-81,-78,-100,-68,-74,-79,-100,-82,-76
1763545279031,-60,-62,-81,-78,-100,-68,-74,-79,-100,-82,-76
1763545279056,-60,-62,-81,-78,-100,-68,-74,-79,-100,-82,-76
1763545279081,-60,-62,-81,-78,-100,-68,-74,-79,-100,-82,-76
1763545279106,-60,-62,-81,-78,-100,-68,-74,-79,-100,-82,-76
1763545279131,-60,-62,-81,-78,-100,-68,-74,-79,-100,-82,-76
1763545279156,-60,-62,-81,-78,-100,-68,-74,-79,-100,-82,-76
1763545279181,-60,-62,-81,-78,-100,-68,-74,-79,-100,-82,-76
1763545279206,-60,-62,-81,-78,-100,-68,-74,-79,-100,-82,-76
1763545279232,-60,-62,-81,-78,-100,-68,-74,-79,-100,-82,-76
1763545279257,-60,-62,-81,-78,-100,-68,-74,-79,-100,-82,-76
1763545279282,-60,-62,-81,-78,-100,-68,-74,-79,-100,-82,-76
1763545279308,-60,-62,-81,-78,-100,-68,-74,-79,-100,-82,-76
1763545279334,-60,-62,-81,-78,-100,-68,-74,-79,-100,-82,-76
1763545279359,-60,-62,-81,-78,-100,-68,-74,-79,-100,-82,-76
1763545279385,-60,-62,-81,-78,-100,-68,-74,-79,-100,-82,-76
1763545279410,-60,-62,-81,-78,-100,-68,-74,-79,-100,-82,-76
1763545279435,-60,-62,-81,-78,-100,-68,-74,-79,-100,-82,-76
1763545279460,-60,-62,-81,-78,-100,-68,-74,-79,-100,-82,-76
1763545279485,-60,-62,-81,-78,-100,-68,-72,-80,-100,-84,-77
1763545279510,-60,-62,-81,-78,-100,-68,-72,-80,-100,-84,-77
1763545279536,-60,-62,-81,-78,-100,-68,-72,-80,-100,-84,-77
1763545279561,-60,-62,-81,-78,-100,-68,-72,-80,-100,-84,-77
1763545279586,-60,-62,-81,-78,-100,-68,-72,-80,-100,-84,-77
1763545279611,-60,-62,-81,-78,-100,-68,-72,-80,-100,-84,-77
1763545279636,-60,-62,-81,-78,-100,-68,-72,-80,-100,-84,-77
1763545279661,-60,-62,-81,-78,-100,-68,-72,-80,-100,-84,-77
1763545279686,-60,-62,-81,-78,-100,-68,-72,-80,-100,-84,-77
1763545279711,-60,-62,-81,-78,-100,-68,-72,-80,-100,-84,-77
1763545279737,-60,-62,-81,-78,-100,-68,-72,-80,-100,-84,-77
1763545279762,-60,-62,-81,-78,-100,-68,-72,-80,-100,-84,-77
1763545279787,-60,-62,-81,-78,-100,-68,-72,-80,-100,-84,-77
1763545279812,-60,-62,-81,-78,-100,-68,-72,-80,-100,-84,-77
1763545279837,-60,-62,-81,-78,-100,-68,-72,-80,-100,-84,-77
1763545279862,-60,-62,-81,-78,-100,-68,-72,-80,-100,-84,-77
1763545279887,-60,-62,-81,-78,-100,-68,-72,-80,-100,-84,-77
1763545279912,-60,-62,-81,-78,-100,-68,-72,-80,-100,-84,-77
1763545279937,-60,-62,-81,-78,-100,-68,-72,-80,-100,-84,-77
1763545279962,-60,-62,-81,-78,-100,-68,-72,-80,-100,-84,-77
1763545279988,-63,-62,-82,-79,-100,-66,-71,-81,-100,-81,-75
1763545280013,-63,-62,-82,-79,-100,-66,-71,-81,-100,-81,-75
1763545280038,-63,-62,-82,-79,-100,-66,-71,-81,-100,-81,-75
1763545280064,-63,-62,-82,-79,-100,-66,-71,-81,-100,-81,-75
1763545280089,-63,-62,-82,-79,-100,-66,-71,-81,-100,-81,-75
1763545280114,-63,-62,-82,-79,-100,-66,-71,-81,-100,-81,-75
1763545280140,-63,-62,-82,-79,-100,-66,-71,-81,-100,-81,-75
1763545280165,-63,-62,-82,-79,-100,-66,-71,-81,-100,-81,-75
1763545280191,-63,-62,-82,-79,-100,-66,-71,-81,-100,-81,-75
1763545280215,-63,-62,-82,-79,-100,-66,-71,-81,-100,-81,-75
1763545280240,-63,-62,-82,-79,-100,-66,-71,-81,-100,-81,-75
1763545280265,-63,-62,-82,-79,-100,-66,-71,-81,-100,-81,-75
1763545280290,-63,-62,-82,-79,-100,-66,-71,-81,-100,-81,-75
1763545280315,-63,-62,-82,-79,-100,-66,-71,-81,-100,-81,-75
1763545280342,-63,-62,-82,-79,-100,-66,-71,-81,-100,-81,-75
1763545280367,-63,-62,-82,-79,-100,-66,-71,-81,-100,-81,-75
1763545280392,-63,-62,-82,-79,-100,-66,-71,-81,-100,-81,-75
1763545280417,-63,-62,-82,-79,-100,-66,-71,-81,-100,-81,-75
1763545280442,-63,-62,-82,-79,-100,-66,-71,-81,-100,-81,-75
1763545280468,-63,-62,-82,-79,-100,-66,-71,-81,-100,-81,-75
1763545280493,-63,-63,-82,-81,-100,-68,-71,-79,-100,-80,-75
1763545280518,-63,-63,-82,-81,-100,-68,-71,-79,-100,-80,-75
1763545280544,-63,-63,-82,-81,-100,-68,-71,-79,-100,-80,-75
1763545280570,-63,-63,-82,-81,-100,-68,-71,-79,-100,-80,-75
1763545280595,-63,-63,-82,-81,-100,-68,-71,-79,-100,-80,-75
1763545280620,-63,-63,-82,-81,-100,-68,-71,-79,-100,-80,-75
1763545280645,-63,-63,-82,-81,-100,-68,-71,-79,-100,-80,-75
1763545280670,-63,-63,-82,-81,-100,-68,-71,-79,-100,-80,-75
1763545280696,-63,-63,-82,-81,-100,-68,-71,-79,-100,-80,-75
1763545280721,-63,-63,-82,-81,-100,-68,-71,-79,-100,-80,-75
1763545280746,-63,-63,-82,-81,-100,-68,-71,-79,-100,-80,-75
1763545280771,-63,-63,-82,-81,-100,-68,-71,-79,-100,-80,-75
1763545280796,-63,-63,-82,-81,-100,-68,-71,-79,-100,-80,-75
1763545280821,-63,-63,-82,-81,-100,-68,-71,-79,-100,-80,-75
1763545280846,-63,-63,-82,-81,-100,-68,-71,-79,-100,-80,-75
1763545280872,-63,-63,-82,-81,-100,-68,-71,-79,-100,-80,-75
1763545280898,-63,-63,-82,-81,-100,-68,-71,-79,-100,-80,-75
1763545280922,-63,-63,-82,-81,-100,-68,-71,-79,-100,-80,-75
1763545280947,-63,-63,-82,-81,-100,-68,-71,-79,-100,-80,-75
1763545280972,-63,-63,-82,-81,-100,-68,-71,-79,-100,-80,-75
1763545280997,-62,-64,-79,-78,-100,-68,-71,-80,-83,-78,-75
1763545281023,-62,-64,-79,-78,-100,-68,-71,-80,-83,-78,-75
1763545281048,-62,-64,-79,-78,-100,-68,-71,-80,-83,-78,-75
1763545281073,-62,-64,-79,-78,-100,-68,-71,-80,-83,-78,-75
1763545281098,-62,-64,-79,-78,-100,-68,-71,-80,-83,-78,-75
1763545281123,-62,-64,-79,-78,-100,-68,-71,-80,-83,-78,-75
1763545281148,-62,-64,-79,-78,-100,-68,-71,-80,-83,-78,-75
1763545281173,-62,-64,-79,-78,-100,-68,-71,-80,-83,-78,-75
1763545281199,-62,-64,-79,-78,-100,-68,-71,-80,-83,-78,-75
1763545281224,-62,-64,-79,-78,-100,-68,-71,-80,-83,-78,-75
1763545281249,-62,-64,-79,-78,-100,-68,-71,-80,-83,-78,-75
1763545281274,-62,-64,-79,-78,-100,-68,-71,-80,-83,-78,-75
1763545281299,-62,-64,-79,-78,-100,-68,-71,-80,-83,-78,-75
1763545281324,-62,-64,-79,-78,-100,-68,-71,-80,-83,-78,-75
1763545281350,-62,-64,-79,-78,-100,-68,-71,-80,-83,-78,-75
1763545281376,-62,-64,-79,-78,-100,-68,-71,-80,-83,-78,-75
1763545281401,-62,-64,-79,-78,-100,-68,-71,-80,-83,-78,-75
1763545281427,-62,-64,-79,-78,-100,-68,-71,-80,-83,-78,-75
1763545281452,-62,-64,-79,-78,-100,-68,-71,-80,-83,-78,-75
1763545281477,-60,-63,-77,-80,-100,-66,-71,-79,-83,-78,-75
1763545281503,-60,-63,-77,-80,-100,-66,-71,-79,-83,-78,-75
1763545281528,-60,-63,-77,-80,-100,-66,-71,-79,-83,-78,-75
1763545281554,-60,-63,-77,-80,-100,-66,-71,-79,-83,-78,-75
1763545281579,-60,-63,-77,-80,-100,-66,-71,-79,-83,-78,-75
1763545281604,-60,-63,-77,-80,-100,-66,-71,-79,-83,-78,-75
1763545281629,-60,-63,-77,-80,-100,-66,-71,-79,-83,-78,-75
1763545281654,-60,-63,-77,-80,-100,-66,-71,-79,-83,-78,-75
1763545281679,-60,-63,-77,-80,-100,-66,-71,-79,-83,-78,-75
1763545281704,-60,-63,-77,-80,-100,-66,-71,-79,-83,-78,-75
1763545281729,-60,-63,-77,-80,-100,-66,-71,-79,-83,-78,-75
1763545281754,-60,-63,-77,-80,-100,-66,-71,-79,-83,-78,-75
1763545281779,-60,-63,-77,-80,-100,-66,-71,-79,-83,-78,-75
1763545281804,-60,-63,-77,-80,-100,-66,-71,-79,-83,-78,-75
1763545281829,-60,-63,-77,-80,-100,-66,-71,-79,-83,-78,-75
1763545281854,-60,-63,-77,-80,-100,-66,-71,-79,-83,-78,-75
1763545281879,-60,-63,-77,-80,-100,-66,-71,-79,-83,-78,-75
1763545281905,-60,-63,-77,-80,-100,-66,-71,-79,-83,-78,-75
1763545281929,-60,-63,-77,-80,-100,-66,-71,-79,-83,-78,-75
1763545281955,-60,-63,-77,-80,-100,-66,-71,-79,-83,-78,-75
1763545281980,-62,-66,-78,-79,-100,-63,-72,-76,-100,-76,-75
1763545282005,-62,-66,-78,-79,-100,-63,-72,-76,-100,-76,-75
1763545282030,-62,-66,-78,-79,-100,-63,-72,-76,-100,-76,-75
1763545282055,-62,-66,-78,-79,-100,-63,-72,-76,-100,-76,-75
1763545282080,-62,-66,-78,-79,-100,-63,-72,-76,-100,-76,-75
1763545282106,-62,-66,-78,-79,-100,-63,-72,-76,-100,-76,-75
1763545282130,-62,-66,-78,-79,-100,-63,-72,-76,-100,-76,-75
1763545282155,-62,-66,-78,-79,-100,-63,-72,-76,-100,-76,-75
1763545282180,-62,-66,-78,-79,-100,-63,-72,-76,-100,-76,-75
1763545282206,-62,-66,-78,-79,-100,-63,-72,-76,-100,-76,-75
1763545282231,-62,-66,-78,-79,-100,-63,-72,-76,-100,-76,-75
1763545282256,-62,-66,-78,-79,-100,-63,-72,-76,-100,-76,-75
1763545282282,-62,-66,-78,-79,-100,-63,-72,-76,-100,-76,-75
1763545282307,-62,-66,-78,-79,-100,-63,-72,-76,-100,-76,-75
1763545282332,-62,-66,-78,-79,-100,-63,-72,-76,-100,-76,-75
1763545282357,-62,-66,-78,-79,-100,-63,-72,-76,-100,-76,-75
1763545282382,-62,-66,-78,-79,-100,-63,-72,-76,-100,-76,-75
1763545282407,-62,-66,-78,-79,-100,-63,-72,-76,-100,-76,-75
1763545282432,-62,-66,-78,-79,-100,-63,-72,-76,-100,-76,-75
1763545282457,-62,-66,-78,-79,-100,-63,-72,-76,-100,-76,-75
1763545282482,-63,-65,-79,-79,-100,-63,-72,-76,-100,-76,-75
1763545282507,-63,-65,-79,-79,-100,-63,-72,-76,-100,-76,-75
1763545282532,-63,-65,-79,-79,-100,-63,-72,-76,-100,-76,-75
1763545282558,-63,-65,-79,-79,-100,-63,-72,-76,-100,-76,-75
1763545282583,-63,-65,-79,-79,-100,-63,-72,-76,-100,-76,-75
1763545282608,-63,-65,-79,-79,-100,-63,-72,-76,-100,-76,-75
1763545282633,-63,-65,-79,-79,-100,-63,-72,-76,-100,-76,-75
1763545282658,-63,-65,-79,-79,-100,-63,-72,-76,-100,-76,-75
1763545282683,-63,-65,-79,-79,-100,-63,-72,-76,-100,-76,-75
1763545282708,-63,-65,-79,-79,-100,-63,-72,-76,-100,-76,-75
1763545282734,-63,-65,-79,-79,-100,-63,-72,-76,-100,-76,-75
1763545282759,-63,-65,-79,-79,-100,-63,-72,-76,-100,-76,-75
1763545282785,-63,-65,-79,-79,-100,-63,-72,-76,-100,-76,-75
1763545282810,-63,-65,-79,-79,-100,-63,-72,-76,-100,-76,-75
1763545282835,-63,-65,-79,-79,-100,-63,-72,-76,-100,-76,-75
1763545282860,-63,-65,-79,-79,-100,-63,-72,-76,-100,-76,-75
1763545282885,-63,-65,-79,-79,-100,-63,-72,-76,-100,-76,-75
1763545282911,-63,-65,-79,-79,-100,-63,-72,-76,-100,-76,-75
1763545282937,-63,-65,-79,-79,-100,-63,-72,-76,-100,-76,-75
1763545282963,-63,-65,-79,-79,-100,-63,-72,-76,-100,-76,-75
1763545282988,-61,-61,-80,-78,-100,-65,-70,-76,-80,-78,-74
1763545283013,-61,-61,-80,-78,-100,-65,-70,-76,-80,-78,-74
1763545283038,-61,-61,-80,-78,-100,-65,-70,-76,-80,-78,-74
1763545283063,-61,-61,-80,-78,-100,-65,-70,-76,-80,-78,-74
1763545283089,-61,-61,-80,-78,-100,-65,-70,-76,-80,-78,-74
1763545283114,-61,-61,-80,-78,-100,-65,-70,-76,-80,-78,-74
1763545283140,-61,-61,-80,-78,-100,-65,-70,-76,-80,-78,-74
1763545283165,-61,-61,-80,-78,-100,-65,-70,-76,-80,-78,-74
1763545283190,-61,-61,-80,-78,-100,-65,-70,-76,-80,-78,-74
1763545283216,-61,-61,-80,-78,-100,-65,-70,-76,-80,-78,-74
1763545283241,-61,-61,-80,-78,-100,-65,-70,-76,-80,-78,-74
1763545283268,-61,-61,-80,-78,-100,-65,-70,-76,-80,-78,-74
1763545283293,-61,-61,-80,-78,-100,-65,-70,-76,-80,-78,-74
1763545283319,-61,-61,-80,-78,-100,-65,-70,-76,-80,-78,-74
1763545283344,-61,-61,-80,-78,-100,-65,-70,-76,-80,-78,-74
1763545283369,-61,-61,-80,-78,-100,-65,-70,-76,-80,-78,-74
1763545283394,-61,-61,-80,-78,-100,-65,-70,-76,-80,-78,-74
1763545283420,-61,-61,-80,-78,-100,-65,-70,-76,-80,-78,-74
1763545283445,-61,-61,-80,-78,-100,-65,-70,-76,-80,-78,-74
1763545283471,-61,-61,-80,-78,-100,-65,-70,-76,-80,-78,-74
1763545283495,-64,-62,-82,-77,-100,-65,-71,-78,-79,-79,-75
1763545283521,-64,-62,-82,-77,-100,-65,-71,-78,-79,-79,-75
1763545283546,-64,-62,-82,-77,-100,-65,-71,-78,-79,-79,-75
1763545283571,-64,-62,-82,-77,-100,-65,-71,-78,-79,-79,-75
1763545283597,-64,-62,-82,-77,-100,-65,-71,-78,-79,-79,-75
1763545283622,-64,-62,-82,-77,-100,-65,-71,-78,-79,-79,-75
1763545283647,-64,-62,-82,-77,-100,-65,-71,-78,-79,-79,-75
1763545283673,-64,-62,-82,-77,-100,-65,-71,-78,-79,-79,-75
1763545283698,-64,-62,-82,-77,-100,-65,-71,-78,-79,-79,-75
1763545283723,-64,-62,-82,-77,-100,-65,-71,-78,-79,-79,-75
1763545283748,-64,-62,-82,-77,-100,-65,-71,-78,-79,-79,-75
1763545283773,-64,-62,-82,-77,-100,-65,-71,-78,-79,-79,-75
1763545283798,-64,-62,-82,-77,-100,-65,-71,-78,-79,-79,-75
1763545283824,-64,-62,-82,-77,-100,-65,-71,-78,-79,-79,-75
1763545283849,-64,-62,-82,-77,-100,-65,-71,-78,-79,-79,-75
1763545283874,-64,-62,-82,-77,-100,-65,-71,-78,-79,-79,-75
1763545283899,-64,-62,-82,-77,-100,-65,-71,-78,-79,-79,-75
1763545283924,-64,-62,-82,-77,-100,-65,-71,-78,-79,-79,-75
1763545283949,-64,-62,-82,-77,-100,-65,-71,-78,-79,-79,-75
1763545283975,-64,-62,-82,-77,-100,-65,-71,-78,-79,-79,-75
1763545284001,-68,-63,-82,-77,-100,-66,-71,-100,-78,-78,-76
1763545284026,-68,-63,-82,-77,-100,-66,-71,-100,-78,-78,-76
1763545284051,-68,-63,-82,-77,-100,-66,-71,-100,-78,-78,-76
1763545284076,-68,-63,-82,-77,-100,-66,-71,-100,-78,-78,-76
1763545284101,-68,-63,-82,-77,-100,-66,-71,-100,-78,-78,-76
1763545284127,-68,-63,-82,-77,-100,-66,-71,-100,-78,-78,-76
1763545284153,-68,-63,-82,-77,-100,-66,-71,-100,-78,-78,-76
1763545284178,-68,-63,-82,-77,-100,-66,-71,-100,-78,-78,-76
1763545284203,-68,-63,-82,-77,-100,-66,-71,-100,-78,-78,-76
1763545284228,-68,-63,-82,-77,-100,-66,-71,-100,-78,-78,-76
1763545284254,-68,-63,-82,-77,-100,-66,-71,-100,-78,-78,-76
1763545284279,-68,-63,-82,-77,-100,-66,-71,-100,-78,-78,-76
1763545284304,-68,-63,-82,-77,-100,-66,-71,-100,-78,-78,-76
1763545284329,-68,-63,-82,-77,-100,-66,-71,-100,-78,-78,-76
1763545284354,-68,-63,-82,-77,-100,-66,-71,-100,-78,-78,-76
1763545284380,-68,-63,-82,-77,-100,-66,-71,-100,-78,-78,-76
1763545284405,-68,-63,-82,-77,-100,-66,-71,-100,-78,-78,-76
1763545284430,-68,-63,-82,-77,-100,-66,-71,-100,-78,-78,-76
1763545284456,-68,-63,-82,-77,-100,-66,-71,-100,-78,-78,-76
1763545284481,-68,-63,-79,-78,-100,-65,-68,-81,-79,-77,-77
1763545284506,-68,-63,-79,-78,-100,-65,-68,-81,-79,-77,-77
1763545284531,-68,-63,-79,-78,-100,-65,-68,-81,-79,-77,-77
1763545284556,-68,-63,-79,-78,-100,-65,-68,-81,-79,-77,-77
1763545284581,-68,-63,-79,-78,-100,-65,-68,-81,-79,-77,-77
1763545284606,-68,-63,-79,-78,-100,-65,-68,-81,-79,-77,-77
1763545284632,-68,-63,-79,-78,-100,-65,-68,-81,-79,-77,-77
1763545284657,-68,-63,-79,-78,-100,-65,-68,-81,-79,-77,-77
1763545284682,-68,-63,-79,-78,-100,-65,-68,-81,-79,-77,-77
1763545284707,-68,-63,-79,-78,-100,-65,-68,-81,-79,-77,-77
1763545284732,-68,-63,-79,-78,-100,-65,-68,-81,-79,-77,-77
1763545284757,-68,-63,-79,-78,-100,-65,-68,-81,-79,-77,-77
1763545284782,-68,-63,-79,-78,-100,-65,-68,-81,-79,-77,-77
1763545284808,-68,-63,-79,-78,-100,-65,-68,-81,-79,-77,-77
1763545284834,-68,-63,-79,-78,-100,-65,-68,-81,-79,-77,-77
1763545284859,-68,-63,-79,-78,-100,-65,-68,-81,-79,-77,-77
1763545284885,-68,-63,-79,-78,-100,-65,-68,-81,-79,-77,-77
1763545284910,-68,-63,-79,-78,-100,-65,-68,-81,-79,-77,-77
1763545284935,-68,-63,-79,-78,-100,-65,-68,-81,-79,-77,-77
1763545284961,-68,-63,-79,-78,-100,-65,-68,-81,-79,-77,-77
1763545284986,-67,-66,-78,-76,-100,-62,-69,-80,-79,-74,-78
1763545285011,-67,-66,-78,-76,-100,-62,-69,-80,-79,-74,-78
1763545285037,-67,-66,-78,-76,-100,-62,-69,-80,-79,-74,-78
1763545285062,-67,-66,-78,-76,-100,-62,-69,-80,-79,-74,-78
1763545285087,-67,-66,-78,-76,-100,-62,-69,-80,-79,-74,-78
1763545285112,-67,-66,-78,-76,-100,-62,-69,-80,-79,-74,-78
1763545285138,-67,-66,-78,-76,-100,-62,-69,-80,-79,-74,-78
1763545285162,-67,-66,-78,-76,-100,-62,-69,-80,-79,-74,-78
1763545285187,-67,-66,-78,-76,-100,-62,-69,-80,-79,-74,-78
1763545285212,-67,-66,-78,-76,-100,-62,-69,-80,-79,-74,-78
1763545285237,-67,-66,-78,-76,-100,-62,-69,-80,-79,-74,-78
1763545285263,-67,-66,-78,-76,-100,-62,-69,-80,-79,-74,-78
1763545285288,-67,-66,-78,-76,-100,-62,-69,-80,-79,-74,-78
1763545285313,-67,-66,-78,-76,-100,-62,-69,-80,-79,-74,-78
1763545285339,-67,-66,-78,-76,-100,-62,-69,-80,-79,-74,-78
1763545285364,-67,-66,-78,-76,-100,-62,-69,-80,-79,-74,-78
1763545285389,-67,-66,-78,-76,-100,-62,-69,-80,-79,-74,-78
1763545285414,-67,-66,-78,-76,-100,-62,-69,-80,-79,-74,-78
1763545285439,-67,-66,-78,-76,-100,-62,-69,-80,-79,-74,-78
1763545285465,-67,-66,-78,-76,-100,-62,-69,-80,-79,-74,-78
1763545285490,-71,-68,-78,-75,-100,-61,-71,-81,-78,-74,-78
1763545285515,-71,-68,-78,-75,-100,-61,-71,-81,-78,-74,-78
1763545285540,-71,-68,-78,-75,-100,-61,-71,-81,-78,-74,-78
1763545285565,-71,-68,-78,-75,-100,-61,-71,-81,-78,-74,-78
1763545285590,-71,-68,-78,-75,-100,-61,-71,-81,-78,-74,-78
1763545285615,-71,-68,-78,-75,-100,-61,-71,-81,-78,-74,-78
1763545285641,-71,-68,-78,-75,-100,-61,-71,-81,-78,-74,-78
1763545285666,-71,-68,-78,-75,-100,-61,-71,-81,-78,-74,-78
1763545285692,-71,-68,-78,-75,-100,-61,-71,-81,-78,-74,-78
1763545285718,-71,-68,-78,-75,-100,-61,-71,-81,-78,-74,-78
1763545285743,-71,-68,-78,-75,-100,-61,-71,-81,-78,-74,-78
1763545285768,-71,-68,-78,-75,-100,-61,-71,-81,-78,-74,-78
1763545285793,-71,-68,-78,-75,-100,-61,-71,-81,-78,-74,-78
1763545285818,-71,-68,-78,-75,-100,-61,-71,-81,-78,-74,-78
1763545285843,-71,-68,-78,-75,-100,-61,-71,-81,-78,-74,-78
1763545285868,-71,-68,-78,-75,-100,-61,-71,-81,-78,-74,-78
1763545285893,-71,-68,-78,-75,-100,-61,-71,-81,-78,-74,-78
1763545285918,-71,-68,-78,-75,-100,-61,-71,-81,-78,-74,-78
1763545285943,-71,-68,-78,-75,-100,-61,-71,-81,-78,-74,-78
1763545285969,-71,-68,-78,-75,-100,-61,-71,-81,-78,-74,-78
1763545285995,-71,-70,-77,-75,-100,-60,-68,-81,-79,-75,-78
1763545286020,-71,-70,-77,-75,-100,-60,-68,-81,-79,-75,-78
1763545286046,-71,-70,-77,-75,-100,-60,-68,-81,-79,-75,-78
1763545286070,-71,-70,-77,-75,-100,-60,-68,-81,-79,-75,-78
1763545286095,-71,-70,-77,-75,-100,-60,-68,-81,-79,-75,-78
1763545286121,-71,-70,-77,-75,-100,-60,-68,-81,-79,-75,-78
1763545286146,-71,-70,-77,-75,-100,-60,-68,-81,-79,-75,-78
1763545286171,-71,-70,-77,-75,-100,-60,-68,-81,-79,-75,-78
1763545286196,-71,-70,-77,-75,-100,-60,-68,-81,-79,-75,-78
1763545286221,-71,-70,-77,-75,-100,-60,-68,-81,-79,-75,-78
1763545286247,-71,-70,-77,-75,-100,-60,-68,-81,-79,-75,-78
1763545286272,-71,-70,-77,-75,-100,-60,-68,-81,-79,-75,-78
1763545286298,-71,-70,-77,-75,-100,-60,-68,-81,-79,-75,-78
1763545286324,-71,-70,-77,-75,-100,-60,-68,-81,-79,-75,-78
1763545286350,-71,-70,-77,-75,-100,-60,-68,-81,-79,-75,-78
1763545286375,-71,-70,-77,-75,-100,-60,-68,-81,-79,-75,-78
1763545286401,-71,-70,-77,-75,-100,-60,-68,-81,-79,-75,-78
1763545286426,-71,-70,-77,-75,-100,-60,-68,-81,-79,-75,-78
1763545286453,-71,-70,-77,-75,-100,-60,-68,-81,-79,-75,-78
1763545286478,-71,-70,-77,-75,-100,-60,-68,-81,-79,-75,-78
1763545286508,-72,-73,-73,-76,-100,-59,-66,-100,-80,-75,-79
1763545286533,-72,-73,-73,-76,-100,-59,-66,-100,-80,-75,-79
1763545286558,-72,-73,-73,-76,-100,-59,-66,-100,-80,-75,-79
1763545286583,-72,-73,-73,-76,-100,-59,-66,-100,-80,-75,-79
1763545286608,-72,-73,-73,-76,-100,-59,-66,-100,-80,-75,-79
1763545286633,-72,-73,-73,-76,-100,-59,-66,-100,-80,-75,-79
1763545286658,-72,-73,-73,-76,-100,-59,-66,-100,-80,-75,-79
1763545286684,-72,-73,-73,-76,-100,-59,-66,-100,-80,-75,-79
1763545286709,-72,-73,-73,-76,-100,-59,-66,-100,-80,-75,-79
1763545286734,-72,-73,-73,-76,-100,-59,-66,-100,-80,-75,-79
1763545286760,-72,-73,-73,-76,-100,-59,-66,-100,-80,-75,-79
1763545286786,-72,-73,-73,-76,-100,-59,-66,-100,-80,-75,-79
1763545286811,-72,-73,-73,-76,-100,-59,-66,-100,-80,-75,-79
1763545286837,-72,-73,-73,-76,-100,-59,-66,-100,-80,-75,-79
1763545286862,-72,-73,-73,-76,-100,-59,-66,-100,-80,-75,-79
1763545286888,-72,-73,-73,-76,-100,-59,-66,-100,-80,-75,-79
1763545286914,-72,-73,-73,-76,-100,-59,-66,-100,-80,-75,-79
1763545286940,-72,-73,-73,-76,-100,-59,-66,-100,-80,-75,-79
1763545286966,-72,-73,-73,-76,-100,-59,-66,-100,-80,-75,-79
1763545286991,-73,-73,-75,-76,-100,-58,-66,-100,-76,-74,-80
1763545287016,-73,-73,-75,-76,-100,-58,-66,-100,-76,-74,-80
1763545287042,-73,-73,-75,-76,-100,-58,-66,-100,-76,-74,-80
1763545287067,-73,-73,-75,-76,-100,-58,-66,-100,-76,-74,-80
1763545287092,-73,-73,-75,-76,-100,-58,-66,-100,-76,-74,-80
1763545287117,-73,-73,-75,-76,-100,-58,-66,-100,-76,-74,-80
1763545287143,-73,-73,-75,-76,-100,-58,-66,-100,-76,-74,-80
1763545287169,-73,-73,-75,-76,-100,-58,-66,-100,-76,-74,-80
1763545287195,-73,-73,-75,-76,-100,-58,-66,-100,-76,-74,-80
1763545287222,-73,-73,-75,-76,-100,-58,-66,-100,-76,-74,-80
1763545287247,-73,-73,-75,-76,-100,-58,-66,-100,-76,-74,-80
1763545287272,-73,-73,-75,-76,-100,-58,-66,-100,-76,-74,-80
1763545287298,-73,-73,-75,-76,-100,-58,-66,-100,-76,-74,-80
1763545287323,-73,-73,-75,-76,-100,-58,-66,-100,-76,-74,-80
1763545287348,-73,-73,-75,-76,-100,-58,-66,-100,-76,-74,-80
1763545287373,-73,-73,-75,-76,-100,-58,-66,-100,-76,-74,-80
1763545287398,-73,-73,-75,-76,-100,-58,-66,-100,-76,-74,-80
1763545287423,-73,-73,-75,-76,-100,-58,-66,-100,-76,-74,-80
1763545287449,-73,-73,-75,-76,-100,-58,-66,-100,-76,-74,-80
1763545287474,-73,-73,-75,-76,-100,-58,-66,-100,-76,-74,-80
1763545287500,-74,-73,-75,-77,-100,-58,-65,-100,-75,-74,-76
1763545287525,-74,-73,-75,-77,-100,-58,-65,-100,-75,-74,-76
1763545287550,-74,-73,-75,-77,-100,-58,-65,-100,-75,-74,-76
1763545287576,-74,-73,-75,-77,-100,-58,-65,-100,-75,-74,-76
1763545287601,-74,-73,-75,-77,-100,-58,-65,-100,-75,-74,-76
1763545287626,-74,-73,-75,-77,-100,-58,-65,-100,-75,-74,-76
1763545287652,-74,-73,-75,-77,-100,-58,-65,-100,-75,-74,-76
1763545287677,-74,-73,-75,-77,-100,-58,-65,-100,-75,-74,-76
1763545287702,-74,-73,-75,-77,-100,-58,-65,-100,-75,-74,-76
1763545287728,-74,-73,-75,-77,-100,-58,-65,-100,-75,-74,-76
1763545287753,-74,-73,-75,-77,-100,-58,-65,-100,-75,-74,-76
1763545287778,-74,-73,-75,-77,-100,-58,-65,-100,-75,-74,-76
1763545287803,-74,-73,-75,-77,-100,-58,-65,-100,-75,-74,-76
1763545287828,-74,-73,-75,-77,-100,-58,-65,-100,-75,-74,-76
1763545287853,-74,-73,-75,-77,-100,-58,-65,-100,-75,-74,-76
1763545287878,-74,-73,-75,-77,-100,-58,-65,-100,-75,-74,-76
1763545287903,-74,-73,-75,-77,-100,-58,-65,-100,-75,-74,-76
1763545287928,-74,-73,-75,-77,-100,-58,-65,-100,-75,-74,-76
1763545287954,-74,-73,-75,-77,-100,-58,-65,-100,-75,-74,-76
1763545287979,-74,-73,-75,-77,-100,-58,-65,-100,-75,-74,-76
1763545288005,-74,-76,-77,-77,-100,-59,-65,-100,-74,-73,-78
1763545288030,-74,-76,-77,-77,-100,-59,-65,-100,-74,-73,-78
1763545288055,-74,-76,-77,-77,-100,-59,-65,-100,-74,-73,-78
1763545288080,-74,-76,-77,-77,-100,-59,-65,-100,-74,-73,-78
1763545288105,-74,-76,-77,-77,-100,-59,-65,-100,-74,-73,-78
1763545288130,-74,-76,-77,-77,-100,-59,-65,-100,-74,-73,-78
1763545288155,-74,-76,-77,-77,-100,-59,-65,-100,-74,-73,-78
1763545288181,-74,-76,-77,-77,-100,-59,-65,-100,-74,-73,-78
1763545288206,-74,-76,-77,-77,-100,-59,-65,-100,-74,-73,-78
1763545288231,-74,-76,-77,-77,-100,-59,-65,-100,-74,-73,-78
1763545288256,-74,-76,-77,-77,-100,-59,-65,-100,-74,-73,-78
1763545288281,-74,-76,-77,-77,-100,-59,-65,-100,-74,-73,-78
1763545288306,-74,-76,-77,-77,-100,-59,-65,-100,-74,-73,-78
1763545288331,-74,-76,-77,-77,-100,-59,-65,-100,-74,-73,-78
1763545288357,-74,-76,-77,-77,-100,-59,-65,-100,-74,-73,-78
1763545288382,-74,-76,-77,-77,-100,-59,-65,-100,-74,-73,-78
1763545288407,-74,-76,-77,-77,-100,-59,-65,-100,-74,-73,-78
1763545288432,-74,-76,-77,-77,-100,-59,-65,-100,-74,-73,-78
1763545288457,-74,-76,-77,-77,-100,-59,-65,-100,-74,-73,-78
1763545288482,-75,-75,-77,-76,-100,-59,-63,-100,-72,-74,-79
1763545288507,-75,-75,-77,-76,-100,-59,-63,-100,-72,-74,-79
1763545288532,-75,-75,-77,-76,-100,-59,-63,-100,-72,-74,-79
1763545288557,-75,-75,-77,-76,-100,-59,-63,-100,-72,-74,-79
1763545288583,-75,-75,-77,-76,-100,-59,-63,-100,-72,-74,-79
1763545288609,-75,-75,-77,-76,-100,-59,-63,-100,-72,-74,-79
1763545288634,-75,-75,-77,-76,-100,-59,-63,-100,-72,-74,-79
1763545288659,-75,-75,-77,-76,-100,-59,-63,-100,-72,-74,-79
1763545288684,-75,-75,-77,-76,-100,-59,-63,-100,-72,-74,-79
1763545288710,-75,-75,-77,-76,-100,-59,-63,-100,-72,-74,-79
1763545288735,-75,-75,-77,-76,-100,-59,-63,-100,-72,-74,-79
1763545288761,-75,-75,-77,-76,-100,-59,-63,-100,-72,-74,-79
1763545288786,-75,-75,-77,-76,-100,-59,-63,-100,-72,-74,-79
1763545288812,-75,-75,-77,-76,-100,-59,-63,-100,-72,-74,-79
1763545288839,-75,-75,-77,-76,-100,-59,-63,-100,-72,-74,-79
1763545288863,-75,-75,-77,-76,-100,-59,-63,-100,-72,-74,-79
1763545288888,-75,-75,-77,-76,-100,-59,-63,-100,-72,-74,-79
1763545288913,-75,-75,-77,-76,-100,-59,-63,-100,-72,-74,-79
1763545288938,-75,-75,-77,-76,-100,-59,-63,-100,-72,-74,-79
1763545288963,-75,-75,-77,-76,-100,-59,-63,-100,-72,-74,-79
1763545288988,-75,-75,-77,-75,-100,-59,-61,-100,-71,-74,-79
1763545289013,-75,-75,-77,-75,-100,-59,-61,-100,-71,-74,-79
1763545289039,-75,-75,-77,-75,-100,-59,-61,-100,-71,-74,-79
1763545289065,-75,-75,-77,-75,-100,-59,-61,-100,-71,-74,-79
1763545289090,-75,-75,-77,-75,-100,-59,-61,-100,-71,-74,-79
1763545289115,-75,-75,-77,-75,-100,-59,-61,-100,-71,-74,-79
1763545289140,-75,-75,-77,-75,-100,-59,-61,-100,-71,-74,-79
1763545289165,-75,-75,-77,-75,-100,-59,-61,-100,-71,-74,-79
1763545289191,-75,-75,-77,-75,-100,-59,-61,-100,-71,-74,-79
1763545289216,-75,-75,-77,-75,-100,-59,-61,-100,-71,-74,-79
1763545289242,-75,-75,-77,-75,-100,-59,-61,-100,-71,-74,-79
1763545289267,-75,-75,-77,-75,-100,-59,-61,-100,-71,-74,-79
1763545289293,-75,-75,-77,-75,-100,-59,-61,-100,-71,-74,-79
1763545289318,-75,-75,-77,-75,-100,-59,-61,-100,-71,-74,-79
1763545289344,-75,-75,-77,-75,-100,-59,-61,-100,-71,-74,-79
1763545289369,-75,-75,-77,-75,-100,-59,-61,-100,-71,-74,-79
1763545289394,-75,-75,-77,-75,-100,-59,-61,-100,-71,-74,-79
1763545289420,-75,-75,-77,-75,-100,-59,-61,-100,-71,-74,-79
1763545289445,-75,-75,-77,-75,-100,-59,-61,-100,-71,-74,-79
1763545289470,-75,-75,-77,-75,-100,-59,-61,-100,-71,-74,-79
1763545289495,-76,-76,-78,-75,-100,-59,-60,-100,-73,-74,-100
1763545289520,-76,-76,-78,-75,-100,-59,-60,-100,-73,-74,-100
1763545289545,-76,-76,-78,-75,-100,-59,-60,-100,-73,-74,-100
1763545289570,-76,-76,-78,-75,-100,-59,-60,-100,-73,-74,-100
1763545289595,-76,-76,-78,-75,-100,-59,-60,-100,-73,-74,-100
1763545289620,-76,-76,-78,-75,-100,-59,-60,-100,-73,-74,-100
1763545289645,-76,-76,-78,-75,-100,-59,-60,-100,-73,-74,-100
1763545289670,-76,-76,-78,-75,-100,-59,-60,-100,-73,-74,-100
1763545289695,-76,-76,-78,-75,-100,-59,-60,-100,-73,-74,-100
1763545289720,-76,-76,-78,-75,-100,-59,-60,-100,-73,-74,-100
1763545289746,-76,-76,-78,-75,-100,-59,-60,-100,-73,-74,-100
1763545289773,-76,-76,-78,-75,-100,-59,-60,-100,-73,-74,-100
1763545289798,-76,-76,-78,-75,-100,-59,-60,-100,-73,-74,-100
1763545289823,-76,-76,-78,-75,-100,-59,-60,-100,-73,-74,-100
1763545289848,-76,-76,-78,-75,-100,-59,-60,-100,-73,-74,-100
1763545289873,-76,-76,-78,-75,-100,-59,-60,-100,-73,-74,-100
1763545289898,-76,-76,-78,-75,-100,-59,-60,-100,-73,-74,-100
1763545289923,-76,-76,-78,-75,-100,-59,-60,-100,-73,-74,-100
1763545289948,-76,-76,-78,-75,-100,-59,-60,-100,-73,-74,-100
1763545289973,-76,-76,-78,-75,-100,-59,-60,-100,-73,-74,-100
1763545289998,-76,-77,-77,-74,-100,-58,-58,-100,-74,-73,-100
1763545290023,-76,-77,-77,-74,-100,-58,-58,-100,-74,-73,-100
1763545290048,-76,-77,-77,-74,-100,-58,-58,-100,-74,-73,-100
1763545290073,-76,-77,-77,-74,-100,-58,-58,-100,-74,-73,-100
1763545290099,-76,-77,-77,-74,-100,-58,-58,-100,-74,-73,-100
1763545290124,-76,-77,-77,-74,-100,-58,-58,-100,-74,-73,-100
1763545290149,-76,-77,-77,-74,-100,-58,-58,-100,-74,-73,-100
1763545290175,-76,-77,-77,-74,-100,-58,-58,-100,-74,-73,-100
1763545290200,-76,-77,-77,-74,-100,-58,-58,-100,-74,-73,-100
1763545290225,-76,-77,-77,-74,-100,-58,-58,-100,-74,-73,-100
1763545290251,-76,-77,-77,-74,-100,-58,-58,-100,-74,-73,-100
1763545290276,-76,-77,-77,-74,-100,-58,-58,-100,-74,-73,-100
1763545290302,-76,-77,-77,-74,-100,-58,-58,-100,-74,-73,-100
1763545290327,-76,-77,-77,-74,-100,-58,-58,-100,-74,-73,-100
1763545290352,-76,-77,-77,-74,-100,-58,-58,-100,-74,-73,-100
1763545290377,-76,-77,-77,-74,-100,-58,-58,-100,-74,-73,-100
1763545290402,-76,-77,-77,-74,-100,-58,-58,-100,-74,-73,-100
1763545290427,-76,-77,-77,-74,-100,-58,-58,-100,-74,-73,-100
1763545290452,-76,-77,-77,-74,-100,-58,-58,-100,-74,-73,-100
1763545290478,-76,-77,-77,-74,-100,-58,-58,-100,-74,-73,-100
1763545290503,-76,-77,-75,-74,-100,-58,-57,-100,-71,-73,-100
1763545290528,-76,-77,-75,-74,-100,-58,-57,-100,-71,-73,-100
1763545290553,-76,-77,-75,-74,-100,-58,-57,-100,-71,-73,-100
1763545290578,-76,-77,-75,-74,-100,-58,-57,-100,-71,-73,-100
1763545290603,-76,-77,-75,-74,-100,-58,-57,-100,-71,-73,-100
1763545290628,-76,-77,-75,-74,-100,-58,-57,-100,-71,-73,-100
1763545290653,-76,-77,-75,-74,-100,-58,-57,-100,-71,-73,-100
1763545290678,-76,-77,-75,-74,-100,-58,-57,-100,-71,-73,-100
1763545290704,-76,-77,-75,-74,-100,-58,-57,-100,-71,-73,-100
1763545290729,-76,-77,-75,-74,-100,-58,-57,-100,-71,-73,-100
1763545290754,-76,-77,-75,-74,-100,-58,-57,-100,-71,-73,-100
1763545290779,-76,-77,-75,-74,-100,-58,-57,-100,-71,-73,-100
1763545290804,-76,-77,-75,-74,-100,-58,-57,-100,-71,-73,-100
1763545290830,-76,-77,-75,-74,-100,-58,-57,-100,-71,-73,-100
1763545290855,-76,-77,-75,-74,-100,-58,-57,-100,-71,-73,-100
1763545290881,-76,-77,-75,-74,-100,-58,-57,-100,-71,-73,-100
1763545290906,-76,-77,-75,-74,-100,-58,-57,-100,-71,-73,-100
1763545290931,-76,-77,-75,-74,-100,-58,-57,-100,-71,-73,-100
1763545290956,-76,-77,-75,-74,-100,-58,-57,-100,-71,-73,-100
1763545290982,-76,-77,-72,-73,-85,-57,-58,-85,-70,-72,-100
1763545291007,-76,-77,-72,-73,-85,-57,-58,-85,-70,-72,-100
1763545291033,-76,-77,-72,-73,-85,-57,-58,-85,-70,-72,-100
1763545291058,-76,-77,-72,-73,-85,-57,-58,-85,-70,-72,-100
1763545291083,-76,-77,-72,-73,-85,-57,-58,-85,-70,-72,-100
1763545291109,-76,-77,-72,-73,-85,-57,-58,-85,-70,-72,-100
1763545291133,-76,-77,-72,-73,-85,-57,-58,-85,-70,-72,-100
1763545291158,-76,-77,-72,-73,-85,-57,-58,-85,-70,-72,-100
1763545291183,-76,-77,-72,-73,-85,-57,-58,-85,-70,-72,-100
1763545291209,-76,-77,-72,-73,-85,-57,-58,-85,-70,-72,-100
1763545291234,-76,-77,-72,-73,-85,-57,-58,-85,-70,-72,-100
1763545291259,-76,-77,-72,-73,-85,-57,-58,-85,-70,-72,-100
1763545291284,-76,-77,-72,-73,-85,-57,-58,-85,-70,-72,-100
1763545291309,-76,-77,-72,-73,-85,-57,-58,-85,-70,-72,-100
1763545291334,-76,-77,-72,-73,-85,-57,-58,-85,-70,-72,-100
1763545291360,-76,-77,-72,-73,-85,-57,-58,-85,-70,-72,-100
1763545291385,-76,-77,-72,-73,-85,-57,-58,-85,-70,-72,-100
1763545291410,-76,-77,-72,-73,-85,-57,-58,-85,-70,-72,-100
1763545291437,-76,-77,-72,-73,-85,-57,-58,-85,-70,-72,-100
1763545291462,-76,-77,-72,-73,-85,-57,-58,-85,-70,-72,-100
1763545291487,-76,-77,-73,-72,-84,-62,-59,-85,-69,-72,-100
1763545291512,-76,-77,-73,-72,-84,-62,-59,-85,-69,-72,-100
1763545291537,-76,-77,-73,-72,-84,-62,-59,-85,-69,-72,-100
1763545291562,-76,-77,-73,-72,-84,-62,-59,-85,-69,-72,-100
1763545291587,-76,-77,-73,-72,-84,-62,-59,-85,-69,-72,-100
1763545291612,-76,-77,-73,-72,-84,-62,-59,-85,-69,-72,-100
1763545291637,-76,-77,-73,-72,-84,-62,-59,-85,-69,-72,-100
1763545291662,-76,-77,-73,-72,-84,-62,-59,-85,-69,-72,-100
1763545291687,-76,-77,-73,-72,-84,-62,-59,-85,-69,-72,-100
1763545291713,-76,-77,-73,-72,-84,-62,-59,-85,-69,-72,-100
1763545291739,-76,-77,-73,-72,-84,-62,-59,-85,-69,-72,-100
1763545291764,-76,-77,-73,-72,-84,-62,-59,-85,-69,-72,-100
1763545291789,-76,-77,-73,-72,-84,-62,-59,-85,-69,-72,-100
1763545291815,-76,-77,-73,-72,-84,-62,-59,-85,-69,-72,-100
1763545291840,-76,-77,-73,-72,-84,-62,-59,-85,-69,-72,-100
1763545291865,-76,-77,-73,-72,-84,-62,-59,-85,-69,-72,-100
1763545291890,-76,-77,-73,-72,-84,-62,-59,-85,-69,-72,-100
1763545291915,-76,-77,-73,-72,-84,-62,-59,-85,-69,-72,-100
1763545291941,-76,-77,-73,-72,-84,-62,-59,-85,-69,-72,-100
1763545291966,-76,-77,-73,-72,-84,-62,-59,-85,-69,-72,-100
1763545291991,-77,-77,-73,-75,-84,-63,-59,-100,-69,-70,-100
1763545292017,-77,-77,-73,-75,-84,-63,-59,-100,-69,-70,-100
1763545292042,-77,-77,-73,-75,-84,-63,-59,-100,-69,-70,-100
1763545292067,-77,-77,-73,-75,-84,-63,-59,-100,-69,-70,-100
1763545292092,-77,-77,-73,-75,-84,-63,-59,-100,-69,-70,-100
1763545292117,-77,-77,-73,-75,-84,-63,-59,-100,-69,-70,-100
1763545292142,-77,-77,-73,-75,-84,-63,-59,-100,-69,-70,-100
1763545292167,-77,-77,-73,-75,-84,-63,-59,-100,-69,-70,-100
1763545292192,-77,-77,-73,-75,-84,-63,-59,-100,-69,-70,-100
1763545292217,-77,-77,-73,-75,-84,-63,-59,-100,-69,-70,-100
1763545292242,-77,-77,-73,-75,-84,-63,-59,-100,-69,-70,-100
1763545292268,-77,-77,-73,-75,-84,-63,-59,-100,-69,-70,-100
1763545292293,-77,-77,-73,-75,-84,-63,-59,-100,-69,-70,-100
1763545292318,-77,-77,-73,-75,-84,-63,-59,-100,-69,-70,-100
1763545292344,-77,-77,-73,-75,-84,-63,-59,-100,-69,-70,-100
1763545292369,-77,-77,-73,-75,-84,-63,-59,-100,-69,-70,-100
1763545292394,-77,-77,-73,-75,-84,-63,-59,-100,-69,-70,-100
1763545292419,-77,-77,-73,-75,-84,-63,-59,-100,-69,-70,-100
1763545292444,-77,-77,-73,-75,-84,-63,-59,-100,-69,-70,-100
1763545292470,-77,-77,-73,-75,-84,-63,-59,-100,-69,-70,-100
1763545292495,-77,-77,-72,-75,-100,-62,-59,-100,-69,-69,-100
1763545292523,-77,-77,-72,-75,-100,-62,-59,-100,-69,-69,-100
1763545292548,-77,-77,-72,-75,-100,-62,-59,-100,-69,-69,-100
1763545292574,-77,-77,-72,-75,-100,-62,-59,-100,-69,-69,-100
1763545292600,-77,-77,-72,-75,-100,-62,-59,-100,-69,-69,-100
1763545292626,-77,-77,-72,-75,-100,-62,-59,-100,-69,-69,-100
1763545292652,-77,-77,-72,-75,-100,-62,-59,-100,-69,-69,-100
1763545292677,-77,-77,-72,-75,-100,-62,-59,-100,-69,-69,-100
1763545292702,-77,-77,-72,-75,-100,-62,-59,-100,-69,-69,-100
1763545292727,-77,-77,-72,-75,-100,-62,-59,-100,-69,-69,-100
1763545292752,-77,-77,-72,-75,-100,-62,-59,-100,-69,-69,-100
1763545292777,-77,-77,-72,-75,-100,-62,-59,-100,-69,-69,-100
1763545292802,-77,-77,-72,-75,-100,-62,-59,-100,-69,-69,-100
1763545292827,-77,-77,-72,-75,-100,-62,-59,-100,-69,-69,-100
1763545292852,-77,-77,-72,-75,-100,-62,-59,-100,-69,-69,-100
1763545292877,-77,-77,-72,-75,-100,-62,-59,-100,-69,-69,-100
1763545292902,-77,-77,-72,-75,-100,-62,-59,-100,-69,-69,-100
1763545292927,-77,-77,-72,-75,-100,-62,-59,-100,-69,-69,-100
1763545292952,-77,-77,-72,-75,-100,-62,-59,-100,-69,-69,-100
1763545292977,-77,-77,-72,-75,-100,-62,-59,-100,-69,-69,-100
1763545293002,-81,-78,-71,-74,-100,-65,-61,-100,-68,-72,-100
1763545293028,-81,-78,-71,-74,-100,-65,-61,-100,-68,-72,-100
1763545293053,-81,-78,-71,-74,-100,-65,-61,-100,-68,-72,-100
1763545293078,-81,-78,-71,-74,-100,-65,-61,-100,-68,-72,-100
1763545293104,-81,-78,-71,-74,-100,-65,-61,-100,-68,-72,-100
1763545293129,-81,-78,-71,-74,-100,-65,-61,-100,-68,-72,-100
1763545293154,-81,-78,-71,-74,-100,-65,-61,-100,-68,-72,-100
1763545293179,-81,-78,-71,-74,-100,-65,-61,-100,-68,-72,-100
1763545293206,-81,-78,-71,-74,-100,-65,-61,-100,-68,-72,-100
1763545293231,-81,-78,-71,-74,-100,-65,-61,-100,-68,-72,-100
1763545293256,-81,-78,-71,-74,-100,-65,-61,-100,-68,-72,-100
1763545293281,-81,-78,-71,-74,-100,-65,-61,-100,-68,-72,-100
1763545293306,-81,-78,-71,-74,-100,-65,-61,-100,-68,-72,-100
1763545293331,-81,-78,-71,-74,-100,-65,-61,-100,-68,-72,-100
1763545293356,-81,-78,-71,-74,-100,-65,-61,-100,-68,-72,-100
1763545293381,-81,-78,-71,-74,-100,-65,-61,-100,-68,-72,-100
1763545293406,-81,-78,-71,-74,-100,-65,-61,-100,-68,-72,-100
1763545293431,-81,-78,-71,-74,-100,-65,-61,-100,-68,-72,-100
1763545293456,-81,-78,-71,-74,-100,-65,-61,-100,-68,-72,-100
1763545293481,-81,-78,-71,-74,-100,-65,-61,-100,-68,-72,-100
1763545293506,-82,-80,-74,-72,-100,-68,-64,-100,-68,-70,-100
1763545293531,-82,-80,-74,-72,-100,-68,-64,-100,-68,-70,-100
1763545293556,-82,-80,-74,-72,-100,-68,-64,-100,-68,-70,-100
1763545293581,-82,-80,-74,-72,-100,-68,-64,-100,-68,-70,-100
1763545293606,-82,-80,-74,-72,-100,-68,-64,-100,-68,-70,-100
1763545293631,-82,-80,-74,-72,-100,-68,-64,-100,-68,-70,-100
1763545293656,-82,-80,-74,-72,-100,-68,-64,-100,-68,-70,-100
1763545293681,-82,-80,-74,-72,-100,-68,-64,-100,-68,-70,-100
1763545293706,-82,-80,-74,-72,-100,-68,-64,-100,-68,-70,-100
1763545293731,-82,-80,-74,-72,-100,-68,-64,-100,-68,-70,-100
1763545293757,-82,-80,-74,-72,-100,-68,-64,-100,-68,-70,-100
1763545293782,-82,-80,-74,-72,-100,-68,-64,-100,-68,-70,-100
1763545293808,-82,-80,-74,-72,-100,-68,-64,-100,-68,-70,-100
1763545293833,-82,-80,-74,-72,-100,-68,-64,-100,-68,-70,-100
1763545293858,-82,-80,-74,-72,-100,-68,-64,-100,-68,-70,-100
1763545293883,-82,-80,-74,-72,-100,-68,-64,-100,-68,-70,-100
1763545293908,-82,-80,-74,-72,-100,-68,-64,-100,-68,-70,-100
1763545293933,-82,-80,-74,-72,-100,-68,-64,-100,-68,-70,-100
1763545293958,-82,-80,-74,-72,-100,-68,-64,-100,-68,-70,-100
1763545293985,-79,-82,-75,-72,-82,-69,-63,-100,-71,-63,-100
1763545294010,-79,-82,-75,-72,-82,-69,-63,-100,-71,-63,-100
1763545294036,-79,-82,-75,-72,-82,-69,-63,-100,-71,-63,-100
1763545294061,-79,-82,-75,-72,-82,-69,-63,-100,-71,-63,-100
1763545294086,-79,-82,-75,-72,-82,-69,-63,-100,-71,-63,-100
1763545294111,-79,-82,-75,-72,-82,-69,-63,-100,-71,-63,-100
1763545294137,-79,-82,-75,-72,-82,-69,-63,-100,-71,-63,-100
1763545294162,-79,-82,-75,-72,-82,-69,-63,-100,-71,-63,-100
1763545294187,-79,-82,-75,-72,-82,-69,-63,-100,-71,-63,-100
1763545294212,-79,-82,-75,-72,-82,-69,-63,-100,-71,-63,-100
1763545294238,-79,-82,-75,-72,-82,-69,-63,-100,-71,-63,-100
1763545294264,-79,-82,-75,-72,-82,-69,-63,-100,-71,-63,-100
1763545294289,-79,-82,-75,-72,-82,-69,-63,-100,-71,-63,-100
1763545294314,-79,-82,-75,-72,-82,-69,-63,-100,-71,-63,-100
1763545294339,-79,-82,-75,-72,-82,-69,-63,-100,-71,-63,-100
1763545294364,-79,-82,-75,-72,-82,-69,-63,-100,-71,-63,-100
1763545294390,-79,-82,-75,-72,-82,-69,-63,-100,-71,-63,-100
1763545294415,-79,-82,-75,-72,-82,-69,-63,-100,-71,-63,-100
1763545294440,-79,-82,-75,-72,-82,-69,-63,-100,-71,-63,-100
1763545294465,-79,-82,-75,-72,-82,-69,-63,-100,-71,-63,-100
1763545294490,-78,-85,-76,-72,-82,-70,-61,-100,-73,-62,-100
1763545294515,-78,-85,-76,-72,-82,-70,-61,-100,-73,-62,-100
1763545294541,-78,-85,-76,-72,-82,-70,-61,-100,-73,-62,-100
1763545294566,-78,-85,-76,-72,-82,-70,-61,-100,-73,-62,-100
1763545294591,-78,-85,-76,-72,-82,-70,-61,-100,-73,-62,-100
1763545294616,-78,-85,-76,-72,-82,-70,-61,-100,-73,-62,-100
1763545294642,-78,-85,-76,-72,-82,-70,-61,-100,-73,-62,-100
1763545294667,-78,-85,-76,-72,-82,-70,-61,-100,-73,-62,-100
1763545294692,-78,-85,-76,-72,-82,-70,-61,-100,-73,-62,-100
1763545294717,-78,-85,-76,-72,-82,-70,-61,-100,-73,-62,-100
1763545294742,-78,-85,-76,-72,-82,-70,-61,-100,-73,-62,-100
1763545294767,-78,-85,-76,-72,-82,-70,-61,-100,-73,-62,-100
1763545294793,-78,-85,-76,-72,-82,-70,-61,-100,-73,-62,-100
1763545294817,-78,-85,-76,-72,-82,-70,-61,-100,-73,-62,-100
1763545294842,-78,-85,-76,-72,-82,-70,-61,-100,-73,-62,-100
1763545294867,-78,-85,-76,-72,-82,-70,-61,-100,-73,-62,-100
1763545294892,-78,-85,-76,-72,-82,-70,-61,-100,-73,-62,-100
1763545294918,-78,-85,-76,-72,-82,-70,-61,-100,-73,-62,-100
1763545294943,-78,-85,-76,-72,-82,-70,-61,-100,-73,-62,-100
1763545294968,-78,-85,-76,-72,-82,-70,-61,-100,-73,-62,-100
1763545294993,-79,-100,-77,-71,-82,-70,-59,-100,-79,-67,-100
1763545295018,-79,-100,-77,-71,-82,-70,-59,-100,-79,-67,-100
1763545295043,-79,-100,-77,-71,-82,-70,-59,-100,-79,-67,-100
1763545295068,-79,-100,-77,-71,-82,-70,-59,-100,-79,-67,-100
1763545295093,-79,-100,-77,-71,-82,-70,-59,-100,-79,-67,-100
1763545295119,-79,-100,-77,-71,-82,-70,-59,-100,-79,-67,-100
1763545295145,-79,-100,-77,-71,-82,-70,-59,-100,-79,-67,-100
1763545295170,-79,-100,-77,-71,-82,-70,-59,-100,-79,-67,-100
1763545295194,-79,-100,-77,-71,-82,-70,-59,-100,-79,-67,-100
1763545295219,-79,-100,-77,-71,-82,-70,-59,-100,-79,-67,-100
1763545295244,-79,-100,-77,-71,-82,-70,-59,-100,-79,-67,-100
1763545295269,-79,-100,-77,-71,-82,-70,-59,-100,-79,-67,-100
1763545295294,-79,-100,-77,-71,-82,-70,-59,-100,-79,-67,-100
1763545295319,-79,-100,-77,-71,-82,-70,-59,-100,-79,-67,-100
1763545295344,-79,-100,-77,-71,-82,-70,-59,-100,-79,-67,-100
1763545295369,-79,-100,-77,-71,-82,-70,-59,-100,-79,-67,-100
1763545295394,-79,-100,-77,-71,-82,-70,-59,-100,-79,-67,-100
1763545295419,-79,-100,-77,-71,-82,-70,-59,-100,-79,-67,-100
1763545295444,-79,-100,-77,-71,-82,-70,-59,-100,-79,-67,-100
1763545295469,-79,-100,-77,-71,-82,-70,-59,-100,-79,-67,-100
1763545295494,-82,-79,-77,-70,-79,-70,-62,-100,-79,-66,-100
1763545295519,-82,-79,-77,-70,-79,-70,-62,-100,-79,-66,-100
1763545295544,-82,-79,-77,-70,-79,-70,-62,-100,-79,-66,-100
1763545295570,-82,-79,-77,-70,-79,-70,-62,-100,-79,-66,-100
1763545295595,-82,-79,-77,-70,-79,-70,-62,-100,-79,-66,-100
1763545295621,-82,-79,-77,-70,-79,-70,-62,-100,-79,-66,-100
1763545295646,-82,-79,-77,-70,-79,-70,-62,-100,-79,-66,-100
1763545295671,-82,-79,-77,-70,-79,-70,-62,-100,-79,-66,-100
1763545295696,-82,-79,-77,-70,-79,-70,-62,-100,-79,-66,-100
1763545295721,-82,-79,-77,-70,-79,-70,-62,-100,-79,-66,-100
1763545295747,-82,-79,-77,-70,-79,-70,-62,-100,-79,-66,-100
1763545295773,-82,-79,-77,-70,-79,-70,-62,-100,-79,-66,-100
1763545295798,-82,-79,-77,-70,-79,-70,-62,-100,-79,-66,-100
1763545295823,-82,-79,-77,-70,-79,-70,-62,-100,-79,-66,-100
1763545295848,-82,-79,-77,-70,-79,-70,-62,-100,-79,-66,-100
1763545295873,-82,-79,-77,-70,-79,-70,-62,-100,-79,-66,-100
1763545295898,-82,-79,-77,-70,-79,-70,-62,-100,-79,-66,-100
1763545295924,-82,-79,-77,-70,-79,-70,-62,-100,-79,-66,-100
1763545295948,-82,-79,-77,-70,-79,-70,-62,-100,-79,-66,-100
1763545295973,-82,-79,-77,-70,-79,-70,-62,-100,-79,-66,-100
1763545295998,-87,-81,-76,-69,-78,-69,-62,-100,-80,-68,-100
1763545296024,-87,-81,-76,-69,-78,-69,-62,-100,-80,-68,-100
1763545296049,-87,-81,-76,-69,-78,-69,-62,-100,-80,-68,-100
1763545296074,-87,-81,-76,-69,-78,-69,-62,-100,-80,-68,-100
1763545296099,-87,-81,-76,-69,-78,-69,-62,-100,-80,-68,-100
1763545296125,-87,-81,-76,-69,-78,-69,-62,-100,-80,-68,-100
1763545296150,-87,-81,-76,-69,-78,-69,-62,-100,-80,-68,-100
1763545296176,-87,-81,-76,-69,-78,-69,-62,-100,-80,-68,-100
1763545296201,-87,-81,-76,-69,-78,-69,-62,-100,-80,-68,-100
1763545296226,-87,-81,-76,-69,-78,-69,-62,-100,-80,-68,-100
1763545296252,-87,-81,-76,-69,-78,-69,-62,-100,-80,-68,-100
1763545296278,-87,-81,-76,-69,-78,-69,-62,-100,-80,-68,-100
1763545296304,-87,-81,-76,-69,-78,-69,-62,-100,-80,-68,-100
1763545296329,-87,-81,-76,-69,-78,-69,-62,-100,-80,-68,-100
1763545296354,-87,-81,-76,-69,-78,-69,-62,-100,-80,-68,-100
1763545296379,-87,-81,-76,-69,-78,-69,-62,-100,-80,-68,-100
1763545296404,-87,-81,-76,-69,-78,-69,-62,-100,-80,-68,-100
1763545296429,-87,-81,-76,-69,-78,-69,-62,-100,-80,-68,-100
1763545296454,-87,-81,-76,-69,-78,-69,-62,-100,-80,-68,-100
1763545296479,-87,-81,-76,-69,-78,-69,-62,-100,-80,-68,-100
1763545296504,-86,-82,-73,-69,-80,-70,-62,-100,-76,-68,-100
1763545296529,-86,-82,-73,-69,-80,-70,-62,-100,-76,-68,-100
1763545296554,-86,-82,-73,-69,-80,-70,-62,-100,-76,-68,-100
1763545296579,-86,-82,-73,-69,-80,-70,-62,-100,-76,-68,-100
1763545296605,-86,-82,-73,-69,-80,-70,-62,-100,-76,-68,-100
1763545296631,-86,-82,-73,-69,-80,-70,-62,-100,-76,-68,-100
1763545296656,-86,-82,-73,-69,-80,-70,-62,-100,-76,-68,-100
1763545296681,-86,-82,-73,-69,-80,-70,-62,-100,-76,-68,-100
1763545296706,-86,-82,-73,-69,-80,-70,-62,-100,-76,-68,-100
1763545296732,-86,-82,-73,-69,-80,-70,-62,-100,-76,-68,-100
1763545296758,-86,-82,-73,-69,-80,-70,-62,-100,-76,-68,-100
1763545296784,-86,-82,-73,-69,-80,-70,-62,-100,-76,-68,-100
1763545296809,-86,-82,-73,-69,-80,-70,-62,-100,-76,-68,-100
1763545296834,-86,-82,-73,-69,-80,-70,-62,-100,-76,-68,-100
1763545296859,-86,-82,-73,-69,-80,-70,-62,-100,-76,-68,-100
1763545296884,-86,-82,-73,-69,-80,-70,-62,-100,-76,-68,-100
1763545296910,-86,-82,-73,-69,-80,-70,-62,-100,-76,-68,-100
1763545296935,-86,-82,-73,-69,-80,-70,-62,-100,-76,-68,-100
1763545296960,-86,-82,-73,-69,-80,-70,-62,-100,-76,-68,-100
1763545296985,-86,-82,-73,-69,-80,-70,-62,-100,-76,-68,-100
1763545297010,-86,-81,-72,-72,-80,-70,-61,-100,-75,-66,-100
1763545297035,-86,-81,-72,-72,-80,-70,-61,-100,-75,-66,-100
1763545297060,-86,-81,-72,-72,-80,-70,-61,-100,-75,-66,-100
1763545297085,-86,-81,-72,-72,-80,-70,-61,-100,-75,-66,-100
1763545297111,-86,-81,-72,-72,-80,-70,-61,-100,-75,-66,-100
1763545297136,-86,-81,-72,-72,-80,-70,-61,-100,-75,-66,-100
1763545297162,-86,-81,-72,-72,-80,-70,-61,-100,-75,-66,-100
1763545297187,-86,-81,-72,-72,-80,-70,-61,-100,-75,-66,-100
1763545297213,-86,-81,-72,-72,-80,-70,-61,-100,-75,-66,-100
1763545297238,-86,-81,-72,-72,-80,-70,-61,-100,-75,-66,-100
1763545297263,-86,-81,-72,-72,-80,-70,-61,-100,-75,-66,-100
1763545297288,-86,-81,-72,-72,-80,-70,-61,-100,-75,-66,-100
1763545297313,-86,-81,-72,-72,-80,-70,-61,-100,-75,-66,-100
1763545297338,-86,-81,-72,-72,-80,-70,-61,-100,-75,-66,-100
1763545297363,-86,-81,-72,-72,-80,-70,-61,-100,-75,-66,-100
1763545297388,-86,-81,-72,-72,-80,-70,-61,-100,-75,-66,-100
1763545297414,-86,-81,-72,-72,-80,-70,-61,-100,-75,-66,-100
1763545297440,-86,-81,-72,-72,-80,-70,-61,-100,-75,-66,-100
1763545297466,-86,-81,-72,-72,-80,-70,-61,-100,-75,-66,-100
1763545297491,-82,-83,-70,-70,-80,-71,-59,-100,-78,-65,-100
1763545297516,-82,-83,-70,-70,-80,-71,-59,-100,-78,-65,-100
1763545297541,-82,-83,-70,-70,-80,-71,-59,-100,-78,-65,-100
1763545297566,-82,-83,-70,-70,-80,-71,-59,-100,-78,-65,-100
1763545297591,-82,-83,-70,-70,-80,-71,-59,-100,-78,-65,-100
1763545297616,-82,-83,-70,-70,-80,-71,-59,-100,-78,-65,-100
1763545297641,-82,-83,-70,-70,-80,-71,-59,-100,-78,-65,-100
1763545297666,-82,-83,-70,-70,-80,-71,-59,-100,-78,-65,-100
1763545297692,-82,-83,-70,-70,-80,-71,-59,-100,-78,-65,-100
1763545297717,-82,-83,-70,-70,-80,-71,-59,-100,-78,-65,-100
1763545297742,-82,-83,-70,-70,-80,-71,-59,-100,-78,-65,-100
1763545297768,-82,-83,-70,-70,-80,-71,-59,-100,-78,-65,-100
1763545297793,-82,-83,-70,-70,-80,-71,-59,-100,-78,-65,-100
1763545297818,-82,-83,-70,-70,-80,-71,-59,-100,-78,-65,-100
1763545297843,-82,-83,-70,-70,-80,-71,-59,-100,-78,-65,-100
1763545297868,-82,-83,-70,-70,-80,-71,-59,-100,-78,-65,-100
1763545297893,-82,-83,-70,-70,-80,-71,-59,-100,-78,-65,-100
1763545297919,-82,-83,-70,-70,-80,-71,-59,-100,-78,-65,-100
1763545297943,-82,-83,-70,-70,-80,-71,-59,-100,-78,-65,-100
1763545297969,-82,-83,-70,-70,-80,-71,-59,-100,-78,-65,-100
1763545297995,-82,-84,-70,-71,-81,-72,-57,-100,-100,-66,-100
1763545298021,-82,-84,-70,-71,-81,-72,-57,-100,-100,-66,-100
1763545298047,-82,-84,-70,-71,-81,-72,-57,-100,-100,-66,-100
1763545298072,-82,-84,-70,-71,-81,-72,-57,-100,-100,-66,-100
1763545298097,-82,-84,-70,-71,-81,-72,-57,-100,-100,-66,-100
1763545298122,-82,-84,-70,-71,-81,-72,-57,-100,-100,-66,-100
1763545298148,-82,-84,-70,-71,-81,-72,-57,-100,-100,-66,-100
1763545298173,-82,-84,-70,-71,-81,-72,-57,-100,-100,-66,-100
1763545298199,-82,-84,-70,-71,-81,-72,-57,-100,-100,-66,-100
1763545298224,-82,-84,-70,-71,-81,-72,-57,-100,-100,-66,-100
1763545298249,-82,-84,-70,-71,-81,-72,-57,-100,-100,-66,-100
1763545298274,-82,-84,-70,-71,-81,-72,-57,-100,-100,-66,-100
1763545298299,-82,-84,-70,-71,-81,-72,-57,-100,-100,-66,-100
1763545298324,-82,-84,-70,-71,-81,-72,-57,-100,-100,-66,-100
1763545298351,-82,-84,-70,-71,-81,-72,-57,-100,-100,-66,-100
1763545298377,-82,-84,-70,-71,-81,-72,-57,-100,-100,-66,-100
1763545298403,-82,-84,-70,-71,-81,-72,-57,-100,-100,-66,-100
1763545298428,-82,-84,-70,-71,-81,-72,-57,-100,-100,-66,-100
1763545298454,-82,-84,-70,-71,-81,-72,-57,-100,-100,-66,-100
1763545298479,-82,-84,-70,-71,-81,-72,-57,-100,-100,-66,-100
1763545298505,-100,-82,-70,-70,-82,-73,-56,-100,-82,-67,-100
1763545298530,-100,-82,-70,-70,-82,-73,-56,-100,-82,-67,-100
1763545298555,-100,-82,-70,-70,-82,-73,-56,-100,-82,-67,-100
1763545298581,-100,-82,-70,-70,-82,-73,-56,-100,-82,-67,-100
1763545298605,-100,-82,-70,-70,-82,-73,-56,-100,-82,-67,-100
1763545298630,-100,-82,-70,-70,-82,-73,-56,-100,-82,-67,-100
1763545298655,-100,-82,-70,-70,-82,-73,-56,-100,-82,-67,-100
1763545298681,-100,-82,-70,-70,-82,-73,-56,-100,-82,-67,-100
1763545298705,-100,-82,-70,-70,-82,-73,-56,-100,-82,-67,-100
1763545298730,-100,-82,-70,-70,-82,-73,-56,-100,-82,-67,-100
1763545298755,-100,-82,-70,-70,-82,-73,-56,-100,-82,-67,-100
1763545298780,-100,-82,-70,-70,-82,-73,-56,-100,-82,-67,-100
1763545298805,-100,-82,-70,-70,-82,-73,-56,-100,-82,-67,-100
1763545298830,-100,-82,-70,-70,-82,-73,-56,-100,-82,-67,-100
1763545298856,-100,-82,-70,-70,-82,-73,-56,-100,-82,-67,-100
1763545298882,-100,-82,-70,-70,-82,-73,-56,-100,-82,-67,-100
1763545298906,-100,-82,-70,-70,-82,-73,-56,-100,-82,-67,-100
1763545298931,-100,-82,-70,-70,-82,-73,-56,-100,-82,-67,-100
1763545298956,-100,-82,-70,-70,-82,-73,-56,-100,-82,-67,-100
1763545298981,-100,-82,-70,-70,-82,-73,-56,-100,-82,-67,-100
1763545299007,-100,-100,-70,-70,-85,-74,-58,-100,-83,-70,-100
1763545299032,-100,-100,-70,-70,-85,-74,-58,-100,-83,-70,-100
1763545299057,-100,-100,-70,-70,-85,-74,-58,-100,-83,-70,-100
1763545299082,-100,-100,-70,-70,-85,-74,-58,-100,-83,-70,-100
1763545299107,-100,-100,-70,-70,-85,-74,-58,-100,-83,-70,-100
1763545299132,-100,-100,-70,-70,-85,-74,-58,-100,-83,-70,-100
1763545299157,-100,-100,-70,-70,-85,-74,-58,-100,-83,-70,-100
1763545299182,-100,-100,-70,-70,-85,-74,-58,-100,-83,-70,-100
1763545299207,-100,-100,-70,-70,-85,-74,-58,-100,-83,-70,-100
1763545299232,-100,-100,-70,-70,-85,-74,-58,-100,-83,-70,-100
1763545299257,-100,-100,-70,-70,-85,-74,-58,-100,-83,-70,-100
1763545299282,-100,-100,-70,-70,-85,-74,-58,-100,-83,-70,-100
1763545299307,-100,-100,-70,-70,-85,-74,-58,-100,-83,-70,-100
1763545299333,-100,-100,-70,-70,-85,-74,-58,-100,-83,-70,-100
1763545299357,-100,-100,-70,-70,-85,-74,-58,-100,-83,-70,-100
1763545299382,-100,-100,-70,-70,-85,-74,-58,-100,-83,-70,-100
1763545299407,-100,-100,-70,-70,-85,-74,-58,-100,-83,-70,-100
1763545299432,-100,-100,-70,-70,-85,-74,-58,-100,-83,-70,-100
1763545299457,-100,-100,-70,-70,-85,-74,-58,-100,-83,-70,-100
1763545299482,-100,-100,-70,-70,-85,-74,-58,-100,-83,-70,-100
1763545299507,-100,-100,-67,-69,-81,-74,-59,-100,-85,-72,-100
1763545299532,-100,-100,-67,-69,-81,-74,-59,-100,-85,-72,-100
1763545299557,-100,-100,-67,-69,-81,-74,-59,-100,-85,-72,-100
1763545299582,-100,-100,-67,-69,-81,-74,-59,-100,-85,-72,-100
1763545299608,-100,-100,-67,-69,-81,-74,-59,-100,-85,-72,-100
1763545299633,-100,-100,-67,-69,-81,-74,-59,-100,-85,-72,-100
1763545299658,-100,-100,-67,-69,-81,-74,-59,-100,-85,-72,-100
1763545299683,-100,-100,-67,-69,-81,-74,-59,-100,-85,-72,-100
1763545299708,-100,-100,-67,-69,-81,-74,-59,-100,-85,-72,-100
1763545299735,-100,-100,-67,-69,-81,-74,-59,-100,-85,-72,-100
1763545299761,-100,-100,-67,-69,-81,-74,-59,-100,-85,-72,-100
1763545299786,-100,-100,-67,-69,-81,-74,-59,-100,-85,-72,-100
1763545299811,-100,-100,-67,-69,-81,-74,-59,-100,-85,-72,-100
1763545299836,-100,-100,-67,-69,-81,-74,-59,-100,-85,-72,-100
1763545299861,-100,-100,-67,-69,-81,-74,-59,-100,-85,-72,-100
1763545299886,-100,-100,-67,-69,-81,-74,-59,-100,-85,-72,-100
1763545299912,-100,-100,-67,-69,-81,-74,-59,-100,-85,-72,-100
1763545299937,-100,-100,-67,-69,-81,-74,-59,-100,-85,-72,-100
1763545299962,-100,-100,-67,-69,-81,-74,-59,-100,-85,-72,-100
1763545299988,-100,-100,-65,-69,-79,-72,-57,-100,-100,-73,-100
1763545300013,-100,-100,-65,-69,-79,-72,-57,-100,-100,-73,-100
1763545300038,-100,-100,-65,-69,-79,-72,-57,-100,-100,-73,-100
1763545300063,-100,-100,-65,-69,-79,-72,-57,-100,-100,-73,-100
1763545300088,-100,-100,-65,-69,-79,-72,-57,-100,-100,-73,-100
1763545300113,-100,-100,-65,-69,-79,-72,-57,-100,-100,-73,-100
1763545300138,-100,-100,-65,-69,-79,-72,-57,-100,-100,-73,-100
1763545300163,-100,-100,-65,-69,-79,-72,-57,-100,-100,-73,-100
1763545300188,-100,-100,-65,-69,-79,-72,-57,-100,-100,-73,-100
1763545300213,-100,-100,-65,-69,-79,-72,-57,-100,-100,-73,-100
1763545300238,-100,-100,-65,-69,-79,-72,-57,-100,-100,-73,-100
1763545300263,-100,-100,-65,-69,-79,-72,-57,-100,-100,-73,-100
1763545300288,-100,-100,-65,-69,-79,-72,-57,-100,-100,-73,-100
1763545300313,-100,-100,-65,-69,-79,-72,-57,-100,-100,-73,-100
1763545300338,-100,-100,-65,-69,-79,-72,-57,-100,-100,-73,-100
1763545300363,-100,-100,-65,-69,-79,-72,-57,-100,-100,-73,-100
1763545300389,-100,-100,-65,-69,-79,-72,-57,-100,-100,-73,-100
1763545300414,-100,-100,-65,-69,-79,-72,-57,-100,-100,-73,-100
1763545300440,-100,-100,-65,-69,-79,-72,-57,-100,-100,-73,-100
1763545300465,-100,-100,-65,-69,-79,-72,-57,-100,-100,-73,-100
1763545300490,-100,-100,-67,-67,-80,-72,-60,-100,-81,-73,-100
1763545300515,-100,-100,-67,-67,-80,-72,-60,-100,-81,-73,-100
1763545300540,-100,-100,-67,-67,-80,-72,-60,-100,-81,-73,-100
1763545300565,-100,-100,-67,-67,-80,-72,-60,-100,-81,-73,-100
1763545300590,-100,-100,-67,-67,-80,-72,-60,-100,-81,-73,-100
1763545300616,-100,-100,-67,-67,-80,-72,-60,-100,-81,-73,-100
1763545300641,-100,-100,-67,-67,-80,-72,-60,-100,-81,-73,-100
1763545300666,-100,-100,-67,-67,-80,-72,-60,-100,-81,-73,-100
1763545300692,-100,-100,-67,-67,-80,-72,-60,-100,-81,-73,-100
1763545300717,-100,-100,-67,-67,-80,-72,-60,-100,-81,-73,-100
1763545300742,-100,-100,-67,-67,-80,-72,-60,-100,-81,-73,-100
1763545300768,-100,-100,-67,-67,-80,-72,-60,-100,-81,-73,-100
1763545300793,-100,-100,-67,-67,-80,-72,-60,-100,-81,-73,-100
1763545300819,-100,-100,-67,-67,-80,-72,-60,-100,-81,-73,-100
1763545300845,-100,-100,-67,-67,-80,-72,-60,-100,-81,-73,-100
1763545300871,-100,-100,-67,-67,-80,-72,-60,-100,-81,-73,-100
1763545300897,-100,-100,-67,-67,-80,-72,-60,-100,-81,-73,-100
1763545300923,-100,-100,-67,-67,-80,-72,-60,-100,-81,-73,-100
1763545300948,-100,-100,-67,-67,-80,-72,-60,-100,-81,-73,-100
1763545300973,-100,-100,-67,-67,-80,-72,-60,-100,-81,-73,-100
1763545300999,-88,-82,-67,-65,-79,-72,-65,-100,-81,-73,-100
1763545301024,-88,-82,-67,-65,-79,-72,-65,-100,-81,-73,-100
1763545301049,-88,-82,-67,-65,-79,-72,-65,-100,-81,-73,-100
1763545301075,-88,-82,-67,-65,-79,-72,-65,-100,-81,-73,-100
1763545301101,-88,-82,-67,-65,-79,-72,-65,-100,-81,-73,-100
1763545301127,-88,-82,-67,-65,-79,-72,-65,-100,-81,-73,-100
1763545301152,-88,-82,-67,-65,-79,-72,-65,-100,-81,-73,-100
1763545301177,-88,-82,-67,-65,-79,-72,-65,-100,-81,-73,-100
1763545301202,-88,-82,-67,-65,-79,-72,-65,-100,-81,-73,-100
1763545301227,-88,-82,-67,-65,-79,-72,-65,-100,-81,-73,-100
1763545301252,-88,-82,-67,-65,-79,-72,-65,-100,-81,-73,-100
1763545301277,-88,-82,-67,-65,-79,-72,-65,-100,-81,-73,-100
1763545301302,-88,-82,-67,-65,-79,-72,-65,-100,-81,-73,-100
1763545301327,-88,-82,-67,-65,-79,-72,-65,-100,-81,-73,-100
1763545301353,-88,-82,-67,-65,-79,-72,-65,-100,-81,-73,-100
1763545301378,-88,-82,-67,-65,-79,-72,-65,-100,-81,-73,-100
1763545301403,-88,-82,-67,-65,-79,-72,-65,-100,-81,-73,-100
1763545301428,-88,-82,-67,-65,-79,-72,-65,-100,-81,-73,-100
1763545301453,-88,-82,-67,-65,-79,-72,-65,-100,-81,-73,-100
1763545301478,-88,-82,-67,-65,-79,-72,-65,-100,-81,-73,-100
1763545301503,-88,-79,-66,-64,-78,-71,-65,-100,-100,-75,-100
1763545301528,-88,-79,-66,-64,-78,-71,-65,-100,-100,-75,-100
1763545301553,-88,-79,-66,-64,-78,-71,-65,-100,-100,-75,-100
1763545301578,-88,-79,-66,-64,-78,-71,-65,-100,-100,-75,-100
1763545301603,-88,-79,-66,-64,-78,-71,-65,-100,-100,-75,-100
1763545301628,-88,-79,-66,-64,-78,-71,-65,-100,-100,-75,-100
1763545301653,-88,-79,-66,-64,-78,-71,-65,-100,-100,-75,-100
1763545301679,-88,-79,-66,-64,-78,-71,-65,-100,-100,-75,-100
1763545301705,-88,-79,-66,-64,-78,-71,-65,-100,-100,-75,-100
1763545301730,-88,-79,-66,-64,-78,-71,-65,-100,-100,-75,-100
1763545301756,-88,-79,-66,-64,-78,-71,-65,-100,-100,-75,-100
1763545301781,-88,-79,-66,-64,-78,-71,-65,-100,-100,-75,-100
1763545301806,-88,-79,-66,-64,-78,-71,-65,-100,-100,-75,-100
1763545301831,-88,-79,-66,-64,-78,-71,-65,-100,-100,-75,-100
1763545301856,-88,-79,-66,-64,-78,-71,-65,-100,-100,-75,-100
1763545301881,-88,-79,-66,-64,-78,-71,-65,-100,-100,-75,-100
1763545301906,-88,-79,-66,-64,-78,-71,-65,-100,-100,-75,-100
1763545301932,-88,-79,-66,-64,-78,-71,-65,-100,-100,-75,-100
1763545301958,-88,-79,-66,-64,-78,-71,-65,-100,-100,-75,-100
1763545301984,-88,-79,-66,-64,-78,-71,-65,-100,-100,-75,-100
1763545302009,-100,-77,-63,-66,-79,-70,-65,-100,-100,-75,-100
1763545302034,-100,-77,-63,-66,-79,-70,-65,-100,-100,-75,-100
1763545302059,-100,-77,-63,-66,-79,-70,-65,-100,-100,-75,-100
1763545302084,-100,-77,-63,-66,-79,-70,-65,-100,-100,-75,-100
1763545302109,-100,-77,-63,-66,-79,-70,-65,-100,-100,-75,-100
1763545302134,-100,-77,-63,-66,-79,-70,-65,-100,-100,-75,-100
1763545302160,-100,-77,-63,-66,-79,-70,-65,-100,-100,-75,-100
1763545302185,-100,-77,-63,-66,-79,-70,-65,-100,-100,-75,-100
1763545302210,-100,-77,-63,-66,-79,-70,-65,-100,-100,-75,-100
1763545302235,-100,-77,-63,-66,-79,-70,-65,-100,-100,-75,-100
1763545302260,-100,-77,-63,-66,-79,-70,-65,-100,-100,-75,-100
1763545302286,-100,-77,-63,-66,-79,-70,-65,-100,-100,-75,-100
1763545302311,-100,-77,-63,-66,-79,-70,-65,-100,-100,-75,-100
1763545302336,-100,-77,-63,-66,-79,-70,-65,-100,-100,-75,-100
1763545302361,-100,-77,-63,-66,-79,-70,-65,-100,-100,-75,-100
1763545302387,-100,-77,-63,-66,-79,-70,-65,-100,-100,-75,-100
1763545302412,-100,-77,-63,-66,-79,-70,-65,-100,-100,-75,-100
1763545302437,-100,-77,-63,-66,-79,-70,-65,-100,-100,-75,-100
1763545302462,-100,-77,-63,-66,-79,-70,-65,-100,-100,-75,-100
1763545302489,-100,-80,-63,-68,-78,-72,-65,-100,-100,-74,-100
1763545302514,-100,-80,-63,-68,-78,-72,-65,-100,-100,-74,-100
1763545302539,-100,-80,-63,-68,-78,-72,-65,-100,-100,-74,-100
1763545302564,-100,-80,-63,-68,-78,-72,-65,-100,-100,-74,-100
1763545302590,-100,-80,-63,-68,-78,-72,-65,-100,-100,-74,-100
1763545302614,-100,-80,-63,-68,-78,-72,-65,-100,-100,-74,-100
1763545302639,-100,-80,-63,-68,-78,-72,-65,-100,-100,-74,-100
1763545302664,-100,-80,-63,-68,-78,-72,-65,-100,-100,-74,-100
1763545302689,-100,-80,-63,-68,-78,-72,-65,-100,-100,-74,-100
1763545302714,-100,-80,-63,-68,-78,-72,-65,-100,-100,-74,-100
1763545302739,-100,-80,-63,-68,-78,-72,-65,-100,-100,-74,-100
1763545302764,-100,-80,-63,-68,-78,-72,-65,-100,-100,-74,-100
1763545302790,-100,-80,-63,-68,-78,-72,-65,-100,-100,-74,-100
1763545302816,-100,-80,-63,-68,-78,-72,-65,-100,-100,-74,-100
1763545302841,-100,-80,-63,-68,-78,-72,-65,-100,-100,-74,-100
1763545302866,-100,-80,-63,-68,-78,-72,-65,-100,-100,-74,-100
1763545302891,-100,-80,-63,-68,-78,-72,-65,-100,-100,-74,-100
1763545302917,-100,-80,-63,-68,-78,-72,-65,-100,-100,-74,-100
1763545302942,-100,-80,-63,-68,-78,-72,-65,-100,-100,-74,-100
1763545302967,-100,-80,-63,-68,-78,-72,-65,-100,-100,-74,-100
1763545302992,-100,-84,-62,-68,-75,-75,-67,-100,-100,-74,-100
1763545303018,-100,-84,-62,-68,-75,-75,-67,-100,-100,-74,-100
1763545303044,-100,-84,-62,-68,-75,-75,-67,-100,-100,-74,-100
1763545303069,-100,-84,-62,-68,-75,-75,-67,-100,-100,-74,-100
1763545303094,-100,-84,-62,-68,-75,-75,-67,-100,-100,-74,-100
1763545303119,-100,-84,-62,-68,-75,-75,-67,-100,-100,-74,-100
1763545303144,-100,-84,-62,-68,-75,-75,-67,-100,-100,-74,-100
1763545303169,-100,-84,-62,-68,-75,-75,-67,-100,-100,-74,-100
1763545303194,-100,-84,-62,-68,-75,-75,-67,-100,-100,-74,-100
1763545303220,-100,-84,-62,-68,-75,-75,-67,-100,-100,-74,-100
1763545303246,-100,-84,-62,-68,-75,-75,-67,-100,-100,-74,-100
1763545303271,-100,-84,-62,-68,-75,-75,-67,-100,-100,-74,-100
1763545303296,-100,-84,-62,-68,-75,-75,-67,-100,-100,-74,-100
1763545303321,-100,-84,-62,-68,-75,-75,-67,-100,-100,-74,-100
1763545303347,-100,-84,-62,-68,-75,-75,-67,-100,-100,-74,-100
1763545303373,-100,-84,-62,-68,-75,-75,-67,-100,-100,-74,-100
1763545303397,-100,-84,-62,-68,-75,-75,-67,-100,-100,-74,-100
1763545303422,-100,-84,-62,-68,-75,-75,-67,-100,-100,-74,-100
1763545303447,-100,-84,-62,-68,-75,-75,-67,-100,-100,-74,-100
1763545303472,-100,-84,-62,-68,-75,-75,-67,-100,-100,-74,-100
1763545303497,-100,-84,-62,-68,-77,-77,-68,-100,-100,-74,-100
1763545303522,-100,-84,-62,-68,-77,-77,-68,-100,-100,-74,-100
1763545303547,-100,-84,-62,-68,-77,-77,-68,-100,-100,-74,-100
1763545303573,-100,-84,-62,-68,-77,-77,-68,-100,-100,-74,-100
1763545303598,-100,-84,-62,-68,-77,-77,-68,-100,-100,-74,-100
1763545303623,-100,-84,-62,-68,-77,-77,-68,-100,-100,-74,-100
1763545303648,-100,-84,-62,-68,-77,-77,-68,-100,-100,-74,-100
1763545303673,-100,-84,-62,-68,-77,-77,-68,-100,-100,-74,-100
1763545303699,-100,-84,-62,-68,-77,-77,-68,-100,-100,-74,-100
1763545303724,-100,-84,-62,-68,-77,-77,-68,-100,-100,-74,-100
1763545303750,-100,-84,-62,-68,-77,-77,-68,-100,-100,-74,-100
1763545303774,-100,-84,-62,-68,-77,-77,-68,-100,-100,-74,-100
1763545303799,-100,-84,-62,-68,-77,-77,-68,-100,-100,-74,-100
1763545303824,-100,-84,-62,-68,-77,-77,-68,-100,-100,-74,-100
1763545303849,-100,-84,-62,-68,-77,-77,-68,-100,-100,-74,-100
1763545303875,-100,-84,-62,-68,-77,-77,-68,-100,-100,-74,-100
1763545303901,-100,-84,-62,-68,-77,-77,-68,-100,-100,-74,-100
1763545303926,-100,-84,-62,-68,-77,-77,-68,-100,-100,-74,-100
1763545303952,-100,-84,-62,-68,-77,-77,-68,-100,-100,-74,-100
1763545303978,-100,-84,-62,-68,-77,-77,-68,-100,-100,-74,-100
1763545304003,-100,-100,-63,-69,-79,-79,-69,-100,-100,-74,-100
1763545304029,-100,-100,-63,-69,-79,-79,-69,-100,-100,-74,-100
1763545304054,-100,-100,-63,-69,-79,-79,-69,-100,-100,-74,-100
1763545304078,-100,-100,-63,-69,-79,-79,-69,-100,-100,-74,-100
1763545304104,-100,-100,-63,-69,-79,-79,-69,-100,-100,-74,-100
1763545304129,-100,-100,-63,-69,-79,-79,-69,-100,-100,-74,-100
1763545304154,-100,-100,-63,-69,-79,-79,-69,-100,-100,-74,-100
1763545304179,-100,-100,-63,-69,-79,-79,-69,-100,-100,-74,-100
1763545304205,-100,-100,-63,-69,-79,-79,-69,-100,-100,-74,-100
1763545304230,-100,-100,-63,-69,-79,-79,-69,-100,-100,-74,-100
1763545304255,-100,-100,-63,-69,-79,-79,-69,-100,-100,-74,-100
1763545304281,-100,-100,-63,-69,-79,-79,-69,-100,-100,-74,-100
1763545304305,-100,-100,-63,-69,-79,-79,-69,-100,-100,-74,-100
1763545304330,-100,-100,-63,-69,-79,-79,-69,-100,-100,-74,-100
1763545304355,-100,-100,-63,-69,-79,-79,-69,-100,-100,-74,-100
1763545304381,-100,-100,-63,-69,-79,-79,-69,-100,-100,-74,-100
1763545304406,-100,-100,-63,-69,-79,-79,-69,-100,-100,-74,-100
1763545304431,-100,-100,-63,-69,-79,-79,-69,-100,-100,-74,-100
1763545304456,-100,-100,-63,-69,-79,-79,-69,-100,-100,-74,-100
1763545304481,-100,-100,-63,-69,-79,-79,-69,-100,-100,-74,-100
1763545304507,-100,-100,-60,-67,-78,-80,-70,-100,-100,-100,-100
1763545304531,-100,-100,-60,-67,-78,-80,-70,-100,-100,-100,-100
1763545304556,-100,-100,-60,-67,-78,-80,-70,-100,-100,-100,-100
1763545304582,-100,-100,-60,-67,-78,-80,-70,-100,-100,-100,-100
1763545304608,-100,-100,-60,-67,-78,-80,-70,-100,-100,-100,-100
1763545304633,-100,-100,-60,-67,-78,-80,-70,-100,-100,-100,-100
1763545304659,-100,-100,-60,-67,-78,-80,-70,-100,-100,-100,-100
1763545304684,-100,-100,-60,-67,-78,-80,-70,-100,-100,-100,-100
1763545304709,-100,-100,-60,-67,-78,-80,-70,-100,-100,-100,-100
1763545304735,-100,-100,-60,-67,-78,-80,-70,-100,-100,-100,-100
1763545304761,-100,-100,-60,-67,-78,-80,-70,-100,-100,-100,-100
1763545304786,-100,-100,-60,-67,-78,-80,-70,-100,-100,-100,-100
1763545304811,-100,-100,-60,-67,-78,-80,-70,-100,-100,-100,-100
1763545304836,-100,-100,-60,-67,-78,-80,-70,-100,-100,-100,-100
1763545304862,-100,-100,-60,-67,-78,-80,-70,-100,-100,-100,-100
1763545304886,-100,-100,-60,-67,-78,-80,-70,-100,-100,-100,-100
1763545304911,-100,-100,-60,-67,-78,-80,-70,-100,-100,-100,-100
1763545304936,-100,-100,-60,-67,-78,-80,-70,-100,-100,-100,-100
1763545304961,-100,-100,-60,-67,-78,-80,-70,-100,-100,-100,-100
1763545304986,-100,-100,-60,-67,-78,-80,-70,-100,-100,-100,-100
1763545305011,-89,-100,-59,-62,-72,-76,-64,-100,-100,-75,-100
1763545305036,-89,-100,-59,-62,-72,-76,-64,-100,-100,-75,-100
1763545305062,-89,-100,-59,-62,-72,-76,-64,-100,-100,-75,-100
1763545305088,-89,-100,-59,-62,-72,-76,-64,-100,-100,-75,-100
1763545305113,-89,-100,-59,-62,-72,-76,-64,-100,-100,-75,-100
1763545305138,-89,-100,-59,-62,-72,-76,-64,-100,-100,-75,-100
1763545305163,-89,-100,-59,-62,-72,-76,-64,-100,-100,-75,-100
1763545305188,-89,-100,-59,-62,-72,-76,-64,-100,-100,-75,-100
1763545305213,-89,-100,-59,-62,-72,-76,-64,-100,-100,-75,-100
1763545305238,-89,-100,-59,-62,-72,-76,-64,-100,-100,-75,-100
1763545305264,-89,-100,-59,-62,-72,-76,-64,-100,-100,-75,-100
1763545305289,-89,-100,-59,-62,-72,-76,-64,-100,-100,-75,-100
1763545305314,-89,-100,-59,-62,-72,-76,-64,-100,-100,-75,-100
1763545305339,-89,-100,-59,-62,-72,-76,-64,-100,-100,-75,-100
1763545305364,-89,-100,-59,-62,-72,-76,-64,-100,-100,-75,-100
1763545305390,-89,-100,-59,-62,-72,-76,-64,-100,-100,-75,-100
1763545305415,-89,-100,-59,-62,-72,-76,-64,-100,-100,-75,-100
1763545305441,-89,-100,-59,-62,-72,-76,-64,-100,-100,-75,-100
1763545305467,-89,-100,-59,-62,-72,-76,-64,-100,-100,-75,-100
1763545305491,-89,-100,-59,-62,-72,-76,-64,-100,-100,-75,-100
1763545305516,-89,-100,-59,-66,-74,-78,-67,-100,-100,-77,-100
1763545305541,-89,-100,-59,-66,-74,-78,-67,-100,-100,-77,-100
1763545305566,-89,-100,-59,-66,-74,-78,-67,-100,-100,-77,-100
1763545305591,-89,-100,-59,-66,-74,-78,-67,-100,-100,-77,-100
1763545305616,-89,-100,-59,-66,-74,-78,-67,-100,-100,-77,-100
1763545305641,-89,-100,-59,-66,-74,-78,-67,-100,-100,-77,-100
1763545305666,-89,-100,-59,-66,-74,-78,-67,-100,-100,-77,-100
1763545305691,-89,-100,-59,-66,-74,-78,-67,-100,-100,-77,-100
1763545305717,-89,-100,-59,-66,-74,-78,-67,-100,-100,-77,-100
1763545305742,-89,-100,-59,-66,-74,-78,-67,-100,-100,-77,-100
1763545305767,-89,-100,-59,-66,-74,-78,-67,-100,-100,-77,-100
1763545305792,-89,-100,-59,-66,-74,-78,-67,-100,-100,-77,-100
1763545305818,-89,-100,-59,-66,-74,-78,-67,-100,-100,-77,-100
1763545305843,-89,-100,-59,-66,-74,-78,-67,-100,-100,-77,-100
1763545305868,-89,-100,-59,-66,-74,-78,-67,-100,-100,-77,-100
1763545305893,-89,-100,-59,-66,-74,-78,-67,-100,-100,-77,-100
1763545305918,-89,-100,-59,-66,-74,-78,-67,-100,-100,-77,-100
1763545305943,-89,-100,-59,-66,-74,-78,-67,-100,-100,-77,-100
1763545305968,-89,-100,-59,-66,-74,-78,-67,-100,-100,-77,-100
1763545305993,-100,-100,-57,-63,-75,-77,-67,-100,-100,-78,-100
1763545306018,-100,-100,-57,-63,-75,-77,-67,-100,-100,-78,-100
1763545306043,-100,-100,-57,-63,-75,-77,-67,-100,-100,-78,-100
1763545306068,-100,-100,-57,-63,-75,-77,-67,-100,-100,-78,-100
1763545306094,-100,-100,-57,-63,-75,-77,-67,-100,-100,-78,-100
1763545306119,-100,-100,-57,-63,-75,-77,-67,-100,-100,-78,-100
1763545306145,-100,-100,-57,-63,-75,-77,-67,-100,-100,-78,-100
1763545306170,-100,-100,-57,-63,-75,-77,-67,-100,-100,-78,-100
1763545306196,-100,-100,-57,-63,-75,-77,-67,-100,-100,-78,-100
1763545306222,-100,-100,-57,-63,-75,-77,-67,-100,-100,-78,-100
1763545306248,-100,-100,-57,-63,-75,-77,-67,-100,-100,-78,-100
1763545306273,-100,-100,-57,-63,-75,-77,-67,-100,-100,-78,-100
1763545306298,-100,-100,-57,-63,-75,-77,-67,-100,-100,-78,-100
1763545306323,-100,-100,-57,-63,-75,-77,-67,-100,-100,-78,-100
1763545306349,-100,-100,-57,-63,-75,-77,-67,-100,-100,-78,-100
1763545306374,-100,-100,-57,-63,-75,-77,-67,-100,-100,-78,-100
1763545306399,-100,-100,-57,-63,-75,-77,-67,-100,-100,-78,-100
1763545306430,-100,-100,-57,-63,-75,-77,-67,-100,-100,-78,-100
1763545306455,-100,-100,-57,-63,-75,-77,-67,-100,-100,-78,-100
1763545306481,-100,-100,-57,-63,-75,-77,-67,-100,-100,-78,-100
1763545306506,-100,-100,-56,-62,-74,-77,-64,-100,-100,-77,-100
1763545306532,-100,-100,-56,-62,-74,-77,-64,-100,-100,-77,-100
1763545306557,-100,-100,-56,-62,-74,-77,-64,-100,-100,-77,-100
1763545306581,-100,-100,-56,-62,-74,-77,-64,-100,-100,-77,-100
1763545306606,-100,-100,-56,-62,-74,-77,-64,-100,-100,-77,-100
1763545306631,-100,-100,-56,-62,-74,-77,-64,-100,-100,-77,-100
1763545306657,-100,-100,-56,-62,-74,-77,-64,-100,-100,-77,-100
1763545306682,-100,-100,-56,-62,-74,-77,-64,-100,-100,-77,-100
1763545306707,-100,-100,-56,-62,-74,-77,-64,-100,-100,-77,-100
1763545306733,-100,-100,-56,-62,-74,-77,-64,-100,-100,-77,-100
1763545306758,-100,-100,-56,-62,-74,-77,-64,-100,-100,-77,-100
1763545306783,-100,-100,-56,-62,-74,-77,-64,-100,-100,-77,-100
1763545306808,-100,-100,-56,-62,-74,-77,-64,-100,-100,-77,-100
1763545306833,-100,-100,-56,-62,-74,-77,-64,-100,-100,-77,-100
1763545306859,-100,-100,-56,-62,-74,-77,-64,-100,-100,-77,-100
1763545306885,-100,-100,-56,-62,-74,-77,-64,-100,-100,-77,-100
1763545306911,-100,-100,-56,-62,-74,-77,-64,-100,-100,-77,-100
1763545306936,-100,-100,-56,-62,-74,-77,-64,-100,-100,-77,-100
1763545306961,-100,-100,-56,-62,-74,-77,-64,-100,-100,-77,-100
1763545306986,-100,-100,-56,-62,-74,-77,-64,-100,-100,-77,-100
1763545307011,-100,-100,-57,-61,-74,-77,-63,-100,-100,-79,-100
1763545307036,-100,-100,-57,-61,-74,-77,-63,-100,-100,-79,-100
1763545307062,-100,-100,-57,-61,-74,-77,-63,-100,-100,-79,-100
1763545307088,-100,-100,-57,-61,-74,-77,-63,-100,-100,-79,-100
1763545307113,-100,-100,-57,-61,-74,-77,-63,-100,-100,-79,-100
1763545307138,-100,-100,-57,-61,-74,-77,-63,-100,-100,-79,-100
1763545307163,-100,-100,-57,-61,-74,-77,-63,-100,-100,-79,-100
1763545307189,-100,-100,-57,-61,-74,-77,-63,-100,-100,-79,-100
1763545307215,-100,-100,-57,-61,-74,-77,-63,-100,-100,-79,-100
1763545307241,-100,-100,-57,-61,-74,-77,-63,-100,-100,-79,-100
1763545307266,-100,-100,-57,-61,-74,-77,-63,-100,-100,-79,-100
1763545307291,-100,-100,-57,-61,-74,-77,-63,-100,-100,-79,-100
1763545307316,-100,-100,-57,-61,-74,-77,-63,-100,-100,-79,-100
1763545307341,-100,-100,-57,-61,-74,-77,-63,-100,-100,-79,-100
1763545307366,-100,-100,-57,-61,-74,-77,-63,-100,-100,-79,-100
1763545307391,-100,-100,-57,-61,-74,-77,-63,-100,-100,-79,-100
1763545307416,-100,-100,-57,-61,-74,-77,-63,-100,-100,-79,-100
1763545307441,-100,-100,-57,-61,-74,-77,-63,-100,-100,-79,-100
1763545307466,-100,-100,-57,-61,-74,-77,-63,-100,-100,-79,-100
1763545307491,-100,-100,-59,-62,-72,-76,-63,-100,-100,-78,-100
1763545307516,-100,-100,-59,-62,-72,-76,-63,-100,-100,-78,-100
1763545307542,-100,-100,-59,-62,-72,-76,-63,-100,-100,-78,-100
1763545307567,-100,-100,-59,-62,-72,-76,-63,-100,-100,-78,-100
1763545307592,-100,-100,-59,-62,-72,-76,-63,-100,-100,-78,-100
1763545307617,-100,-100,-59,-62,-72,-76,-63,-100,-100,-78,-100
1763545307642,-100,-100,-59,-62,-72,-76,-63,-100,-100,-78,-100
1763545307667,-100,-100,-59,-62,-72,-76,-63,-100,-100,-78,-100
1763545307692,-100,-100,-59,-62,-72,-76,-63,-100,-100,-78,-100
1763545307718,-100,-100,-59,-62,-72,-76,-63,-100,-100,-78,-100
1763545307743,-100,-100,-59,-62,-72,-76,-63,-100,-100,-78,-100
1763545307768,-100,-100,-59,-62,-72,-76,-63,-100,-100,-78,-100
1763545307793,-100,-100,-59,-62,-72,-76,-63,-100,-100,-78,-100
1763545307818,-100,-100,-59,-62,-72,-76,-63,-100,-100,-78,-100
1763545307843,-100,-100,-59,-62,-72,-76,-63,-100,-100,-78,-100
1763545307868,-100,-100,-59,-62,-72,-76,-63,-100,-100,-78,-100
1763545307893,-100,-100,-59,-62,-72,-76,-63,-100,-100,-78,-100
1763545307919,-100,-100,-59,-62,-72,-76,-63,-100,-100,-78,-100
1763545307944,-100,-100,-59,-62,-72,-76,-63,-100,-100,-78,-100
1763545307970,-100,-100,-59,-62,-72,-76,-63,-100,-100,-78,-100
1763545307995,-100,-90,-61,-61,-72,-78,-63,-100,-87,-78,-100
1763545308020,-100,-90,-61,-61,-72,-78,-63,-100,-87,-78,-100
1763545308045,-100,-90,-61,-61,-72,-78,-63,-100,-87,-78,-100
1763545308070,-100,-90,-61,-61,-72,-78,-63,-100,-87,-78,-100
1763545308096,-100,-90,-61,-61,-72,-78,-63,-100,-87,-78,-100
1763545308121,-100,-90,-61,-61,-72,-78,-63,-100,-87,-78,-100
1763545308147,-100,-90,-61,-61,-72,-78,-63,-100,-87,-78,-100
1763545308172,-100,-90,-61,-61,-72,-78,-63,-100,-87,-78,-100
1763545308197,-100,-90,-61,-61,-72,-78,-63,-100,-87,-78,-100
1763545308222,-100,-90,-61,-61,-72,-78,-63,-100,-87,-78,-100
1763545308247,-100,-90,-61,-61,-72,-78,-63,-100,-87,-78,-100
1763545308272,-100,-90,-61,-61,-72,-78,-63,-100,-87,-78,-100
1763545308297,-100,-90,-61,-61,-72,-78,-63,-100,-87,-78,-100
1763545308322,-100,-90,-61,-61,-72,-78,-63,-100,-87,-78,-100
1763545308347,-100,-90,-61,-61,-72,-78,-63,-100,-87,-78,-100
1763545308372,-100,-90,-61,-61,-72,-78,-63,-100,-87,-78,-100
1763545308397,-100,-90,-61,-61,-72,-78,-63,-100,-87,-78,-100
1763545308422,-100,-90,-61,-61,-72,-78,-63,-100,-87,-78,-100
1763545308448,-100,-90,-61,-61,-72,-78,-63,-100,-87,-78,-100
1763545308474,-100,-90,-61,-61,-72,-78,-63,-100,-87,-78,-100
1763545308500,-100,-90,-65,-60,-73,-80,-63,-100,-87,-80,-100
1763545308526,-100,-90,-65,-60,-73,-80,-63,-100,-87,-80,-100
1763545308551,-100,-90,-65,-60,-73,-80,-63,-100,-87,-80,-100
1763545308576,-100,-90,-65,-60,-73,-80,-63,-100,-87,-80,-100
1763545308601,-100,-90,-65,-60,-73,-80,-63,-100,-87,-80,-100
1763545308627,-100,-90,-65,-60,-73,-80,-63,-100,-87,-80,-100
1763545308652,-100,-90,-65,-60,-73,-80,-63,-100,-87,-80,-100
1763545308677,-100,-90,-65,-60,-73,-80,-63,-100,-87,-80,-100
1763545308702,-100,-90,-65,-60,-73,-80,-63,-100,-87,-80,-100
1763545308727,-100,-90,-65,-60,-73,-80,-63,-100,-87,-80,-100
1763545308752,-100,-90,-65,-60,-73,-80,-63,-100,-87,-80,-100
1763545308778,-100,-90,-65,-60,-73,-80,-63,-100,-87,-80,-100
1763545308804,-100,-90,-65,-60,-73,-80,-63,-100,-87,-80,-100
1763545308830,-100,-90,-65,-60,-73,-80,-63,-100,-87,-80,-100
1763545308856,-100,-90,-65,-60,-73,-80,-63,-100,-87,-80,-100
1763545308882,-100,-90,-65,-60,-73,-80,-63,-100,-87,-80,-100
1763545308907,-100,-90,-65,-60,-73,-80,-63,-100,-87,-80,-100
1763545308932,-100,-90,-65,-60,-73,-80,-63,-100,-87,-80,-100
1763545308957,-100,-90,-65,-60,-73,-80,-63,-100,-87,-80,-100
1763545308983,-100,-90,-65,-60,-73,-80,-63,-100,-87,-80,-100
1763545309008,-100,-100,-64,-61,-72,-79,-63,-100,-87,-80,-100
1763545309034,-100,-100,-64,-61,-72,-79,-63,-100,-87,-80,-100
1763545309059,-100,-100,-64,-61,-72,-79,-63,-100,-87,-80,-100
1763545309085,-100,-100,-64,-61,-72,-79,-63,-100,-87,-80,-100
1763545309110,-100,-100,-64,-61,-72,-79,-63,-100,-87,-80,-100
1763545309136,-100,-100,-64,-61,-72,-79,-63,-100,-87,-80,-100
1763545309160,-100,-100,-64,-61,-72,-79,-63,-100,-87,-80,-100
1763545309185,-100,-100,-64,-61,-72,-79,-63,-100,-87,-80,-100
1763545309211,-100,-100,-64,-61,-72,-79,-63,-100,-87,-80,-100
1763545309236,-100,-100,-64,-61,-72,-79,-63,-100,-87,-80,-100
1763545309262,-100,-100,-64,-61,-72,-79,-63,-100,-87,-80,-100
1763545309288,-100,-100,-64,-61,-72,-79,-63,-100,-87,-80,-100
1763545309314,-100,-100,-64,-61,-72,-79,-63,-100,-87,-80,-100
1763545309339,-100,-100,-64,-61,-72,-79,-63,-100,-87,-80,-100
1763545309364,-100,-100,-64,-61,-72,-79,-63,-100,-87,-80,-100
1763545309389,-100,-100,-64,-61,-72,-79,-63,-100,-87,-80,-100
1763545309414,-100,-100,-64,-61,-72,-79,-63,-100,-87,-80,-100
1763545309439,-100,-100,-64,-61,-72,-79,-63,-100,-87,-80,-100
1763545309464,-100,-100,-64,-61,-72,-79,-63,-100,-87,-80,-100
1763545309489,-100,-100,-64,-61,-72,-79,-63,-100,-87,-80,-100
1763545309514,-100,-100,-64,-58,-69,-81,-64,-100,-100,-81,-100
1763545309539,-100,-100,-64,-58,-69,-81,-64,-100,-100,-81,-100
1763545309564,-100,-100,-64,-58,-69,-81,-64,-100,-100,-81,-100
1763545309590,-100,-100,-64,-58,-69,-81,-64,-100,-100,-81,-100
1763545309615,-100,-100,-64,-58,-69,-81,-64,-100,-100,-81,-100
1763545309643,-100,-100,-64,-58,-69,-81,-64,-100,-100,-81,-100
1763545309668,-100,-100,-64,-58,-69,-81,-64,-100,-100,-81,-100
1763545309693,-100,-100,-64,-58,-69,-81,-64,-100,-100,-81,-100
1763545309719,-100,-100,-64,-58,-69,-81,-64,-100,-100,-81,-100
1763545309744,-100,-100,-64,-58,-69,-81,-64,-100,-100,-81,-100
1763545309769,-100,-100,-64,-58,-69,-81,-64,-100,-100,-81,-100
1763545309794,-100,-100,-64,-58,-69,-81,-64,-100,-100,-81,-100
1763545309819,-100,-100,-64,-58,-69,-81,-64,-100,-100,-81,-100
1763545309844,-100,-100,-64,-58,-69,-81,-64,-100,-100,-81,-100
1763545309870,-100,-100,-64,-58,-69,-81,-64,-100,-100,-81,-100
1763545309895,-100,-100,-64,-58,-69,-81,-64,-100,-100,-81,-100
1763545309921,-100,-100,-64,-58,-69,-81,-64,-100,-100,-81,-100
1763545309946,-100,-100,-64,-58,-69,-81,-64,-100,-100,-81,-100
1763545309971,-100,-100,-64,-58,-69,-81,-64,-100,-100,-81,-100
1763545309997,-100,-100,-65,-57,-68,-81,-66,-100,-100,-80,-100
1763545310023,-100,-100,-65,-57,-68,-81,-66,-100,-100,-80,-100
1763545310047,-100,-100,-65,-57,-68,-81,-66,-100,-100,-80,-100
1763545310073,-100,-100,-65,-57,-68,-81,-66,-100,-100,-80,-100
1763545310098,-100,-100,-65,-57,-68,-81,-66,-100,-100,-80,-100
1763545310123,-100,-100,-65,-57,-68,-81,-66,-100,-100,-80,-100
1763545310148,-100,-100,-65,-57,-68,-81,-66,-100,-100,-80,-100
1763545310173,-100,-100,-65,-57,-68,-81,-66,-100,-100,-80,-100
1763545310198,-100,-100,-65,-57,-68,-81,-66,-100,-100,-80,-100
1763545310223,-100,-100,-65,-57,-68,-81,-66,-100,-100,-80,-100
1763545310249,-100,-100,-65,-57,-68,-81,-66,-100,-100,-80,-100
1763545310275,-100,-100,-65,-57,-68,-81,-66,-100,-100,-80,-100
1763545310301,-100,-100,-65,-57,-68,-81,-66,-100,-100,-80,-100
1763545310325,-100,-100,-65,-57,-68,-81,-66,-100,-100,-80,-100
1763545310351,-100,-100,-65,-57,-68,-81,-66,-100,-100,-80,-100
1763545310376,-100,-100,-65,-57,-68,-81,-66,-100,-100,-80,-100
1763545310401,-100,-100,-65,-57,-68,-81,-66,-100,-100,-80,-100
1763545310426,-100,-100,-65,-57,-68,-81,-66,-100,-100,-80,-100
1763545310451,-100,-100,-65,-57,-68,-81,-66,-100,-100,-80,-100
1763545310476,-100,-100,-65,-57,-68,-81,-66,-100,-100,-80,-100
1763545310501,-100,-100,-68,-56,-66,-82,-66,-100,-100,-79,-100
1763545310527,-100,-100,-68,-56,-66,-82,-66,-100,-100,-79,-100
1763545310552,-100,-100,-68,-56,-66,-82,-66,-100,-100,-79,-100
1763545310577,-100,-100,-68,-56,-66,-82,-66,-100,-100,-79,-100
1763545310602,-100,-100,-68,-56,-66,-82,-66,-100,-100,-79,-100
1763545310627,-100,-100,-68,-56,-66,-82,-66,-100,-100,-79,-100
1763545310652,-100,-100,-68,-56,-66,-82,-66,-100,-100,-79,-100
1763545310678,-100,-100,-68,-56,-66,-82,-66,-100,-100,-79,-100
1763545310703,-100,-100,-68,-56,-66,-82,-66,-100,-100,-79,-100
1763545310728,-100,-100,-68,-56,-66,-82,-66,-100,-100,-79,-100
1763545310753,-100,-100,-68,-56,-66,-82,-66,-100,-100,-79,-100
1763545310778,-100,-100,-68,-56,-66,-82,-66,-100,-100,-79,-100
1763545310803,-100,-100,-68,-56,-66,-82,-66,-100,-100,-79,-100
1763545310829,-100,-100,-68,-56,-66,-82,-66,-100,-100,-79,-100
1763545310854,-100,-100,-68,-56,-66,-82,-66,-100,-100,-79,-100
1763545310880,-100,-100,-68,-56,-66,-82,-66,-100,-100,-79,-100
1763545310905,-100,-100,-68,-56,-66,-82,-66,-100,-100,-79,-100
1763545310931,-100,-100,-68,-56,-66,-82,-66,-100,-100,-79,-100
1763545310960,-100,-100,-68,-56,-66,-82,-66,-100,-100,-79,-100
1763545310985,-100,-100,-68,-56,-66,-82,-66,-100,-100,-79,-100
1763545311010,-100,-100,-68,-51,-66,-80,-66,-100,-100,-79,-100
1763545311035,-100,-100,-68,-51,-66,-80,-66,-100,-100,-79,-100
1763545311060,-100,-100,-68,-51,-66,-80,-66,-100,-100,-79,-100
1763545311086,-100,-100,-68,-51,-66,-80,-66,-100,-100,-79,-100
1763545311111,-100,-100,-68,-51,-66,-80,-66,-100,-100,-79,-100
1763545311136,-100,-100,-68,-51,-66,-80,-66,-100,-100,-79,-100
1763545311162,-100,-100,-68,-51,-66,-80,-66,-100,-100,-79,-100
1763545311188,-100,-100,-68,-51,-66,-80,-66,-100,-100,-79,-100
1763545311213,-100,-100,-68,-51,-66,-80,-66,-100,-100,-79,-100
1763545311245,-100,-100,-68,-51,-66,-80,-66,-100,-100,-79,-100
1763545311270,-100,-100,-68,-51,-66,-80,-66,-100,-100,-79,-100
1763545311295,-100,-100,-68,-51,-66,-80,-66,-100,-100,-79,-100
1763545311320,-100,-100,-68,-51,-66,-80,-66,-100,-100,-79,-100
1763545311345,-100,-100,-68,-51,-66,-80,-66,-100,-100,-79,-100
1763545311370,-100,-100,-68,-51,-66,-80,-66,-100,-100,-79,-100
1763545311395,-100,-100,-68,-51,-66,-80,-66,-100,-100,-79,-100
1763545311420,-100,-100,-68,-51,-66,-80,-66,-100,-100,-79,-100
1763545311445,-100,-100,-68,-51,-66,-80,-66,-100,-100,-79,-100
1763545311470,-100,-100,-68,-51,-66,-80,-66,-100,-100,-79,-100
1763545311496,-100,-100,-66,-46,-65,-80,-68,-100,-100,-76,-100
1763545311521,-100,-100,-66,-46,-65,-80,-68,-100,-100,-76,-100
1763545311546,-100,-100,-66,-46,-65,-80,-68,-100,-100,-76,-100
1763545311571,-100,-100,-66,-46,-65,-80,-68,-100,-100,-76,-100
1763545311596,-100,-100,-66,-46,-65,-80,-68,-100,-100,-76,-100
1763545311621,-100,-100,-66,-46,-65,-80,-68,-100,-100,-76,-100
1763545311646,-100,-100,-66,-46,-65,-80,-68,-100,-100,-76,-100
1763545311672,-100,-100,-66,-46,-65,-80,-68,-100,-100,-76,-100
1763545311697,-100,-100,-66,-46,-65,-80,-68,-100,-100,-76,-100
1763545311723,-100,-100,-66,-46,-65,-80,-68,-100,-100,-76,-100
1763545311749,-100,-100,-66,-46,-65,-80,-68,-100,-100,-76,-100
1763545311775,-100,-100,-66,-46,-65,-80,-68,-100,-100,-76,-100
1763545311800,-100,-100,-66,-46,-65,-80,-68,-100,-100,-76,-100
1763545311826,-100,-100,-66,-46,-65,-80,-68,-100,-100,-76,-100
1763545311851,-100,-100,-66,-46,-65,-80,-68,-100,-100,-76,-100
1763545311876,-100,-100,-66,-46,-65,-80,-68,-100,-100,-76,-100
1763545311901,-100,-100,-66,-46,-65,-80,-68,-100,-100,-76,-100
1763545311926,-100,-100,-66,-46,-65,-80,-68,-100,-100,-76,-100
1763545311952,-100,-100,-66,-46,-65,-80,-68,-100,-100,-76,-100
1763545311977,-100,-100,-66,-46,-65,-80,-68,-100,-100,-76,-100
1763545312002,-100,-100,-68,-48,-66,-81,-69,-100,-100,-77,-100
1763545312027,-100,-100,-68,-48,-66,-81,-69,-100,-100,-77,-100
1763545312052,-100,-100,-68,-48,-66,-81,-69,-100,-100,-77,-100
1763545312077,-100,-100,-68,-48,-66,-81,-69,-100,-100,-77,-100
1763545312102,-100,-100,-68,-48,-66,-81,-69,-100,-100,-77,-100
1763545312127,-100,-100,-68,-48,-66,-81,-69,-100,-100,-77,-100
1763545312152,-100,-100,-68,-48,-66,-81,-69,-100,-100,-77,-100
1763545312178,-100,-100,-68,-48,-66,-81,-69,-100,-100,-77,-100
1763545312203,-100,-100,-68,-48,-66,-81,-69,-100,-100,-77,-100
1763545312228,-100,-100,-68,-48,-66,-81,-69,-100,-100,-77,-100
1763545312253,-100,-100,-68,-48,-66,-81,-69,-100,-100,-77,-100
1763545312278,-100,-100,-68,-48,-66,-81,-69,-100,-100,-77,-100
1763545312303,-100,-100,-68,-48,-66,-81,-69,-100,-100,-77,-100
1763545312328,-100,-100,-68,-48,-66,-81,-69,-100,-100,-77,-100
1763545312353,-100,-100,-68,-48,-66,-81,-69,-100,-100,-77,-100
1763545312379,-100,-100,-68,-48,-66,-81,-69,-100,-100,-77,-100
1763545312405,-100,-100,-68,-48,-66,-81,-69,-100,-100,-77,-100
1763545312430,-100,-100,-68,-48,-66,-81,-69,-100,-100,-77,-100
1763545312455,-100,-100,-68,-48,-66,-81,-69,-100,-100,-77,-100
1763545312480,-100,-100,-68,-48,-66,-81,-69,-100,-100,-77,-100
1763545312506,-100,-100,-69,-54,-68,-80,-69,-100,-100,-80,-100
1763545312530,-100,-100,-69,-54,-68,-80,-69,-100,-100,-80,-100
1763545312556,-100,-100,-69,-54,-68,-80,-69,-100,-100,-80,-100
1763545312581,-100,-100,-69,-54,-68,-80,-69,-100,-100,-80,-100
1763545312607,-100,-100,-69,-54,-68,-80,-69,-100,-100,-80,-100
1763545312632,-100,-100,-69,-54,-68,-80,-69,-100,-100,-80,-100
1763545312657,-100,-100,-69,-54,-68,-80,-69,-100,-100,-80,-100
1763545312683,-100,-100,-69,-54,-68,-80,-69,-100,-100,-80,-100
1763545312709,-100,-100,-69,-54,-68,-80,-69,-100,-100,-80,-100
1763545312734,-100,-100,-69,-54,-68,-80,-69,-100,-100,-80,-100
1763545312759,-100,-100,-69,-54,-68,-80,-69,-100,-100,-80,-100
1763545312784,-100,-100,-69,-54,-68,-80,-69,-100,-100,-80,-100
1763545312809,-100,-100,-69,-54,-68,-80,-69,-100,-100,-80,-100
1763545312835,-100,-100,-69,-54,-68,-80,-69,-100,-100,-80,-100
1763545312861,-100,-100,-69,-54,-68,-80,-69,-100,-100,-80,-100
1763545312886,-100,-100,-69,-54,-68,-80,-69,-100,-100,-80,-100
1763545312912,-100,-100,-69,-54,-68,-80,-69,-100,-100,-80,-100
1763545312937,-100,-100,-69,-54,-68,-80,-69,-100,-100,-80,-100
1763545312963,-100,-100,-69,-54,-68,-80,-69,-100,-100,-80,-100
1763545312988,-100,-100,-69,-54,-68,-80,-69,-100,-100,-80,-100
1763545313014,-100,-100,-69,-59,-67,-81,-69,-100,-100,-80,-100
1763545313040,-100,-100,-69,-59,-67,-81,-69,-100,-100,-80,-100
1763545313065,-100,-100,-69,-59,-67,-81,-69,-100,-100,-80,-100
1763545313091,-100,-100,-69,-59,-67,-81,-69,-100,-100,-80,-100
1763545313117,-100,-100,-69,-59,-67,-81,-69,-100,-100,-80,-100
1763545313143,-100,-100,-69,-59,-67,-81,-69,-100,-100,-80,-100
1763545313168,-100,-100,-69,-59,-67,-81,-69,-100,-100,-80,-100
1763545313193,-100,-100,-69,-59,-67,-81,-69,-100,-100,-80,-100
1763545313218,-100,-100,-69,-59,-67,-81,-69,-100,-100,-80,-100
1763545313243,-100,-100,-69,-59,-67,-81,-69,-100,-100,-80,-100
1763545313268,-100,-100,-69,-59,-67,-81,-69,-100,-100,-80,-100
1763545313293,-100,-100,-69,-59,-67,-81,-69,-100,-100,-80,-100
1763545313318,-100,-100,-69,-59,-67,-81,-69,-100,-100,-80,-100
1763545313344,-100,-100,-69,-59,-67,-81,-69,-100,-100,-80,-100
1763545313370,-100,-100,-69,-59,-67,-81,-69,-100,-100,-80,-100
1763545313395,-100,-100,-69,-59,-67,-81,-69,-100,-100,-80,-100
1763545313421,-100,-100,-69,-59,-67,-81,-69,-100,-100,-80,-100
1763545313447,-100,-100,-69,-59,-67,-81,-69,-100,-100,-80,-100
1763545313473,-100,-100,-69,-59,-67,-81,-69,-100,-100,-80,-100
1763545313498,-100,-100,-69,-59,-67,-81,-69,-100,-100,-80,-100
1763545313524,-100,-100,-69,-63,-66,-85,-70,-100,-100,-81,-100
1763545313549,-100,-100,-69,-63,-66,-85,-70,-100,-100,-81,-100
1763545313574,-100,-100,-69,-63,-66,-85,-70,-100,-100,-81,-100
1763545313599,-100,-100,-69,-63,-66,-85,-70,-100,-100,-81,-100
1763545313624,-100,-100,-69,-63,-66,-85,-70,-100,-100,-81,-100
1763545313649,-100,-100,-69,-63,-66,-85,-70,-100,-100,-81,-100
1763545313674,-100,-100,-69,-63,-66,-85,-70,-100,-100,-81,-100
1763545313700,-100,-100,-69,-63,-66,-85,-70,-100,-100,-81,-100
1763545313726,-100,-100,-69,-63,-66,-85,-70,-100,-100,-81,-100
1763545313751,-100,-100,-69,-63,-66,-85,-70,-100,-100,-81,-100
1763545313776,-100,-100,-69,-63,-66,-85,-70,-100,-100,-81,-100
1763545313801,-100,-100,-69,-63,-66,-85,-70,-100,-100,-81,-100
1763545313827,-100,-100,-69,-63,-66,-85,-70,-100,-100,-81,-100
1763545313852,-100,-100,-69,-63,-66,-85,-70,-100,-100,-81,-100
1763545313877,-100,-100,-69,-63,-66,-85,-70,-100,-100,-81,-100
1763545313902,-100,-100,-69,-63,-66,-85,-70,-100,-100,-81,-100
1763545313927,-100,-100,-69,-63,-66,-85,-70,-100,-100,-81,-100
1763545313953,-100,-100,-69,-63,-66,-85,-70,-100,-100,-81,-100
1763545313978,-100,-100,-69,-63,-66,-85,-70,-100,-100,-81,-100
1763545314003,-100,-100,-71,-65,-65,-85,-74,-100,-100,-81,-100
1763545314029,-100,-100,-71,-65,-65,-85,-74,-100,-100,-81,-100
1763545314055,-100,-100,-71,-65,-65,-85,-74,-100,-100,-81,-100
1763545314080,-100,-100,-71,-65,-65,-85,-74,-100,-100,-81,-100
1763545314105,-100,-100,-71,-65,-65,-85,-74,-100,-100,-81,-100
1763545314130,-100,-100,-71,-65,-65,-85,-74,-100,-100,-81,-100
1763545314155,-100,-100,-71,-65,-65,-85,-74,-100,-100,-81,-100
1763545314181,-100,-100,-71,-65,-65,-85,-74,-100,-100,-81,-100
1763545314206,-100,-100,-71,-65,-65,-85,-74,-100,-100,-81,-100
1763545314230,-100,-100,-71,-65,-65,-85,-74,-100,-100,-81,-100
1763545314256,-100,-100,-71,-65,-65,-85,-74,-100,-100,-81,-100
1763545314280,-100,-100,-71,-65,-65,-85,-74,-100,-100,-81,-100
1763545314305,-100,-100,-71,-65,-65,-85,-74,-100,-100,-81,-100
1763545314330,-100,-100,-71,-65,-65,-85,-74,-100,-100,-81,-100
1763545314356,-100,-100,-71,-65,-65,-85,-74,-100,-100,-81,-100
1763545314381,-100,-100,-71,-65,-65,-85,-74,-100,-100,-81,-100
1763545314406,-100,-100,-71,-65,-65,-85,-74,-100,-100,-81,-100
1763545314431,-100,-100,-71,-65,-65,-85,-74,-100,-100,-81,-100
1763545314457,-100,-100,-71,-65,-65,-85,-74,-100,-100,-81,-100
1763545314482,-100,-100,-71,-65,-65,-85,-74,-100,-100,-81,-100
1763545314507,-100,-100,-72,-65,-62,-100,-76,-100,-100,-79,-100
1763545314532,-100,-100,-72,-65,-62,-100,-76,-100,-100,-79,-100
1763545314558,-100,-100,-72,-65,-62,-100,-76,-100,-100,-79,-100
1763545314584,-100,-100,-72,-65,-62,-100,-76,-100,-100,-79,-100
1763545314610,-100,-100,-72,-65,-62,-100,-76,-100,-100,-79,-100
1763545314635,-100,-100,-72,-65,-62,-100,-76,-100,-100,-79,-100
1763545314660,-100,-100,-72,-65,-62,-100,-76,-100,-100,-79,-100
1763545314686,-100,-100,-72,-65,-62,-100,-76,-100,-100,-79,-100
1763545314712,-100,-100,-72,-65,-62,-100,-76,-100,-100,-79,-100
1763545314737,-100,-100,-72,-65,-62,-100,-76,-100,-100,-79,-100
1763545314763,-100,-100,-72,-65,-62,-100,-76,-100,-100,-79,-100
1763545314789,-100,-100,-72,-65,-62,-100,-76,-100,-100,-79,-100
1763545314814,-100,-100,-72,-65,-62,-100,-76,-100,-100,-79,-100
1763545314839,-100,-100,-72,-65,-62,-100,-76,-100,-100,-79,-100
1763545314864,-100,-100,-72,-65,-62,-100,-76,-100,-100,-79,-100
1763545314889,-100,-100,-72,-65,-62,-100,-76,-100,-100,-79,-100
1763545314914,-100,-100,-72,-65,-62,-100,-76,-100,-100,-79,-100
1763545314939,-100,-100,-72,-65,-62,-100,-76,-100,-100,-79,-100
1763545314964,-100,-100,-72,-65,-62,-100,-76,-100,-100,-79,-100
1763545314989,-100,-100,-72,-65,-62,-100,-76,-100,-100,-79,-100
1763545315014,-100,-100,-71,-66,-60,-100,-75,-100,-100,-100,-100
1763545315040,-100,-100,-71,-66,-60,-100,-75,-100,-100,-100,-100
1763545315066,-100,-100,-71,-66,-60,-100,-75,-100,-100,-100,-100
1763545315090,-100,-100,-71,-66,-60,-100,-75,-100,-100,-100,-100
1763545315115,-100,-100,-71,-66,-60,-100,-75,-100,-100,-100,-100
1763545315141,-100,-100,-71,-66,-60,-100,-75,-100,-100,-100,-100
1763545315165,-100,-100,-71,-66,-60,-100,-75,-100,-100,-100,-100
1763545315190,-100,-100,-71,-66,-60,-100,-75,-100,-100,-100,-100
1763545315215,-100,-100,-71,-66,-60,-100,-75,-100,-100,-100,-100
1763545315240,-100,-100,-71,-66,-60,-100,-75,-100,-100,-100,-100
1763545315265,-100,-100,-71,-66,-60,-100,-75,-100,-100,-100,-100
1763545315290,-100,-100,-71,-66,-60,-100,-75,-100,-100,-100,-100
1763545315316,-100,-100,-71,-66,-60,-100,-75,-100,-100,-100,-100
1763545315342,-100,-100,-71,-66,-60,-100,-75,-100,-100,-100,-100
1763545315366,-100,-100,-71,-66,-60,-100,-75,-100,-100,-100,-100
1763545315392,-100,-100,-71,-66,-60,-100,-75,-100,-100,-100,-100
1763545315417,-100,-100,-71,-66,-60,-100,-75,-100,-100,-100,-100
1763545315443,-100,-100,-71,-66,-60,-100,-75,-100,-100,-100,-100
1763545315468,-100,-100,-71,-66,-60,-100,-75,-100,-100,-100,-100
1763545315493,-100,-100,-71,-66,-60,-100,-75,-100,-100,-100,-100
1763545315518,-100,-100,-70,-65,-57,-100,-75,-100,-100,-81,-100
1763545315543,-100,-100,-70,-65,-57,-100,-75,-100,-100,-81,-100
1763545315568,-100,-100,-70,-65,-57,-100,-75,-100,-100,-81,-100
1763545315593,-100,-100,-70,-65,-57,-100,-75,-100,-100,-81,-100
1763545315618,-100,-100,-70,-65,-57,-100,-75,-100,-100,-81,-100
1763545315643,-100,-100,-70,-65,-57,-100,-75,-100,-100,-81,-100
1763545315668,-100,-100,-70,-65,-57,-100,-75,-100,-100,-81,-100
1763545315693,-100,-100,-70,-65,-57,-100,-75,-100,-100,-81,-100
1763545315718,-100,-100,-70,-65,-57,-100,-75,-100,-100,-81,-100
1763545315743,-100,-100,-70,-65,-57,-100,-75,-100,-100,-81,-100
1763545315768,-100,-100,-70,-65,-57,-100,-75,-100,-100,-81,-100
1763545315794,-100,-100,-70,-65,-57,-100,-75,-100,-100,-81,-100
1763545315819,-100,-100,-70,-65,-57,-100,-75,-100,-100,-81,-100
1763545315844,-100,-100,-70,-65,-57,-100,-75,-100,-100,-81,-100
1763545315869,-100,-100,-70,-65,-57,-100,-75,-100,-100,-81,-100
1763545315894,-100,-100,-70,-65,-57,-100,-75,-100,-100,-81,-100
1763545315920,-100,-100,-70,-65,-57,-100,-75,-100,-100,-81,-100
1763545315946,-100,-100,-70,-65,-57,-100,-75,-100,-100,-81,-100
1763545315971,-100,-100,-70,-65,-57,-100,-75,-100,-100,-81,-100
1763545315997,-100,-100,-70,-65,-57,-100,-75,-100,-100,-81,-100
1763545316023,-100,-100,-72,-67,-55,-100,-77,-100,-100,-81,-100
1763545316048,-100,-100,-72,-67,-55,-100,-77,-100,-100,-81,-100
1763545316074,-100,-100,-72,-67,-55,-100,-77,-100,-100,-81,-100
1763545316099,-100,-100,-72,-67,-55,-100,-77,-100,-100,-81,-100
1763545316124,-100,-100,-72,-67,-55,-100,-77,-100,-100,-81,-100
1763545316149,-100,-100,-72,-67,-55,-100,-77,-100,-100,-81,-100
1763545316174,-100,-100,-72,-67,-55,-100,-77,-100,-100,-81,-100
1763545316199,-100,-100,-72,-67,-55,-100,-77,-100,-100,-81,-100
1763545316224,-100,-100,-72,-67,-55,-100,-77,-100,-100,-81,-100
1763545316249,-100,-100,-72,-67,-55,-100,-77,-100,-100,-81,-100
1763545316274,-100,-100,-72,-67,-55,-100,-77,-100,-100,-81,-100
1763545316299,-100,-100,-72,-67,-55,-100,-77,-100,-100,-81,-100
1763545316324,-100,-100,-72,-67,-55,-100,-77,-100,-100,-81,-100
1763545316349,-100,-100,-72,-67,-55,-100,-77,-100,-100,-81,-100
1763545316374,-100,-100,-72,-67,-55,-100,-77,-100,-100,-81,-100
1763545316399,-100,-100,-72,-67,-55,-100,-77,-100,-100,-81,-100
1763545316424,-100,-100,-72,-67,-55,-100,-77,-100,-100,-81,-100
1763545316449,-100,-100,-72,-67,-55,-100,-77,-100,-100,-81,-100
1763545316474,-100,-100,-72,-67,-55,-100,-77,-100,-100,-81,-100
1763545316499,-100,-100,-72,-67,-55,-100,-77,-100,-100,-81,-100
1763545316524,-100,-100,-75,-70,-55,-100,-78,-100,-100,-100,-100
1763545316549,-100,-100,-75,-70,-55,-100,-78,-100,-100,-100,-100
1763545316574,-100,-100,-75,-70,-55,-100,-78,-100,-100,-100,-100
1763545316599,-100,-100,-75,-70,-55,-100,-78,-100,-100,-100,-100
1763545316624,-100,-100,-75,-70,-55,-100,-78,-100,-100,-100,-100
1763545316649,-100,-100,-75,-70,-55,-100,-78,-100,-100,-100,-100
1763545316674,-100,-100,-75,-70,-55,-100,-78,-100,-100,-100,-100
1763545316699,-100,-100,-75,-70,-55,-100,-78,-100,-100,-100,-100
1763545316725,-100,-100,-75,-70,-55,-100,-78,-100,-100,-100,-100
1763545316750,-100,-100,-75,-70,-55,-100,-78,-100,-100,-100,-100
1763545316775,-100,-100,-75,-70,-55,-100,-78,-100,-100,-100,-100
1763545316800,-100,-100,-75,-70,-55,-100,-78,-100,-100,-100,-100
1763545316825,-100,-100,-75,-70,-55,-100,-78,-100,-100,-100,-100
1763545316850,-100,-100,-75,-70,-55,-100,-78,-100,-100,-100,-100
1763545316875,-100,-100,-75,-70,-55,-100,-78,-100,-100,-100,-100
1763545316900,-100,-100,-75,-70,-55,-100,-78,-100,-100,-100,-100
1763545316926,-100,-100,-75,-70,-55,-100,-78,-100,-100,-100,-100
1763545316952,-100,-100,-75,-70,-55,-100,-78,-100,-100,-100,-100
1763545316977,-100,-100,-75,-70,-55,-100,-78,-100,-100,-100,-100
1763545317003,-100,-100,-75,-72,-55,-100,-78,-100,-100,-100,-100
1763545317028,-100,-100,-75,-72,-55,-100,-78,-100,-100,-100,-100
1763545317053,-100,-100,-75,-72,-55,-100,-78,-100,-100,-100,-100
1763545317078,-100,-100,-75,-72,-55,-100,-78,-100,-100,-100,-100
1763545317103,-100,-100,-75,-72,-55,-100,-78,-100,-100,-100,-100
1763545317128,-100,-100,-75,-72,-55,-100,-78,-100,-100,-100,-100
1763545317153,-100,-100,-75,-72,-55,-100,-78,-100,-100,-100,-100
1763545317178,-100,-100,-75,-72,-55,-100,-78,-100,-100,-100,-100
1763545317204,-100,-100,-75,-72,-55,-100,-78,-100,-100,-100,-100
1763545317230,-100,-100,-75,-72,-55,-100,-78,-100,-100,-100,-100
1763545317256,-100,-100,-75,-72,-55,-100,-78,-100,-100,-100,-100
1763545317282,-100,-100,-75,-72,-55,-100,-78,-100,-100,-100,-100
1763545317308,-100,-100,-75,-72,-55,-100,-78,-100,-100,-100,-100
1763545317333,-100,-100,-75,-72,-55,-100,-78,-100,-100,-100,-100
1763545317360,-100,-100,-75,-72,-55,-100,-78,-100,-100,-100,-100
1763545317385,-100,-100,-75,-72,-55,-100,-78,-100,-100,-100,-100
1763545317411,-100,-100,-75,-72,-55,-100,-78,-100,-100,-100,-100
1763545317436,-100,-100,-75,-72,-55,-100,-78,-100,-100,-100,-100
1763545317462,-100,-100,-75,-72,-55,-100,-78,-100,-100,-100,-100
1763545317486,-100,-100,-75,-72,-55,-100,-78,-100,-100,-100,-100
1763545317511,-100,-100,-76,-72,-51,-100,-79,-100,-100,-84,-100
1763545317536,-100,-100,-76,-72,-51,-100,-79,-100,-100,-84,-100
1763545317561,-100,-100,-76,-72,-51,-100,-79,-100,-100,-84,-100
1763545317586,-100,-100,-76,-72,-51,-100,-79,-100,-100,-84,-100
1763545317611,-100,-100,-76,-72,-51,-100,-79,-100,-100,-84,-100
1763545317636,-100,-100,-76,-72,-51,-100,-79,-100,-100,-84,-100
1763545317661,-100,-100,-76,-72,-51,-100,-79,-100,-100,-84,-100
1763545317686,-100,-100,-76,-72,-51,-100,-79,-100,-100,-84,-100
1763545317711,-100,-100,-76,-72,-51,-100,-79,-100,-100,-84,-100
1763545317737,-100,-100,-76,-72,-51,-100,-79,-100,-100,-84,-100
1763545317762,-100,-100,-76,-72,-51,-100,-79,-100,-100,-84,-100
1763545317787,-100,-100,-76,-72,-51,-100,-79,-100,-100,-84,-100
1763545317813,-100,-100,-76,-72,-51,-100,-79,-100,-100,-84,-100
1763545317838,-100,-100,-76,-72,-51,-100,-79,-100,-100,-84,-100
1763545317863,-100,-100,-76,-72,-51,-100,-79,-100,-100,-84,-100
1763545317888,-100,-100,-76,-72,-51,-100,-79,-100,-100,-84,-100
1763545317913,-100,-100,-76,-72,-51,-100,-79,-100,-100,-84,-100
1763545317938,-100,-100,-76,-72,-51,-100,-79,-100,-100,-84,-100
1763545317964,-100,-100,-76,-72,-51,-100,-79,-100,-100,-84,-100
1763545317988,-100,-100,-76,-72,-51,-100,-79,-100,-100,-84,-100
1763545318013,-100,-100,-77,-72,-51,-100,-80,-100,-100,-84,-100
1763545318038,-100,-100,-77,-72,-51,-100,-80,-100,-100,-84,-100
1763545318063,-100,-100,-77,-72,-51,-100,-80,-100,-100,-84,-100
1763545318088,-100,-100,-77,-72,-51,-100,-80,-100,-100,-84,-100
1763545318113,-100,-100,-77,-72,-51,-100,-80,-100,-100,-84,-100
1763545318138,-100,-100,-77,-72,-51,-100,-80,-100,-100,-84,-100
1763545318164,-100,-100,-77,-72,-51,-100,-80,-100,-100,-84,-100
1763545318190,-100,-100,-77,-72,-51,-100,-80,-100,-100,-84,-100
1763545318215,-100,-100,-77,-72,-51,-100,-80,-100,-100,-84,-100
1763545318241,-100,-100,-77,-72,-51,-100,-80,-100,-100,-84,-100
1763545318267,-100,-100,-77,-72,-51,-100,-80,-100,-100,-84,-100
1763545318292,-100,-100,-77,-72,-51,-100,-80,-100,-100,-84,-100
1763545318317,-100,-100,-77,-72,-51,-100,-80,-100,-100,-84,-100
1763545318342,-100,-100,-77,-72,-51,-100,-80,-100,-100,-84,-100
1763545318367,-100,-100,-77,-72,-51,-100,-80,-100,-100,-84,-100
1763545318392,-100,-100,-77,-72,-51,-100,-80,-100,-100,-84,-100
1763545318417,-100,-100,-77,-72,-51,-100,-80,-100,-100,-84,-100
1763545318442,-100,-100,-77,-72,-51,-100,-80,-100,-100,-84,-100
1763545318467,-100,-100,-77,-72,-51,-100,-80,-100,-100,-84,-100
1763545318492,-100,-100,-77,-72,-51,-100,-80,-100,-100,-84,-100
1763545318518,-100,-100,-75,-71,-51,-100,-78,-100,-100,-84,-100
1763545318544,-100,-100,-75,-71,-51,-100,-78,-100,-100,-84,-100
1763545318570,-100,-100,-75,-71,-51,-100,-78,-100,-100,-84,-100
1763545318595,-100,-100,-75,-71,-51,-100,-78,-100,-100,-84,-100
1763545318620,-100,-100,-75,-71,-51,-100,-78,-100,-100,-84,-100
1763545318646,-100,-100,-75,-71,-51,-100,-78,-100,-100,-84,-100
1763545318671,-100,-100,-75,-71,-51,-100,-78,-100,-100,-84,-100
1763545318696,-100,-100,-75,-71,-51,-100,-78,-100,-100,-84,-100
1763545318722,-100,-100,-75,-71,-51,-100,-78,-100,-100,-84,-100
1763545318748,-100,-100,-75,-71,-51,-100,-78,-100,-100,-84,-100
1763545318773,-100,-100,-75,-71,-51,-100,-78,-100,-100,-84,-100
1763545318799,-100,-100,-75,-71,-51,-100,-78,-100,-100,-84,-100
1763545318824,-100,-100,-75,-71,-51,-100,-78,-100,-100,-84,-100
1763545318849,-100,-100,-75,-71,-51,-100,-78,-100,-100,-84,-100
1763545318875,-100,-100,-75,-71,-51,-100,-78,-100,-100,-84,-100
1763545318900,-100,-100,-75,-71,-51,-100,-78,-100,-100,-84,-100
1763545318925,-100,-100,-75,-71,-51,-100,-78,-100,-100,-84,-100
1763545318950,-100,-100,-75,-71,-51,-100,-78,-100,-100,-84,-100
1763545318976,-100,-100,-75,-71,-51,-100,-78,-100,-100,-84,-100
1763545319002,-100,-100,-75,-71,-51,-100,-78,-100,-100,-84,-100
1763545319027,-100,-100,-75,-73,-52,-100,-79,-100,-100,-100,-100
1763545319053,-100,-100,-75,-73,-52,-100,-79,-100,-100,-100,-100
1763545319078,-100,-100,-75,-73,-52,-100,-79,-100,-100,-100,-100
1763545319104,-100,-100,-75,-73,-52,-100,-79,-100,-100,-100,-100
1763545319129,-100,-100,-75,-73,-52,-100,-79,-100,-100,-100,-100
1763545319155,-100,-100,-75,-73,-52,-100,-79,-100,-100,-100,-100
1763545319181,-100,-100,-75,-73,-52,-100,-79,-100,-100,-100,-100
1763545319207,-100,-100,-75,-73,-52,-100,-79,-100,-100,-100,-100
1763545319232,-100,-100,-75,-73,-52,-100,-79,-100,-100,-100,-100
1763545319257,-100,-100,-75,-73,-52,-100,-79,-100,-100,-100,-100
1763545319282,-100,-100,-75,-73,-52,-100,-79,-100,-100,-100,-100
1763545319307,-100,-100,-75,-73,-52,-100,-79,-100,-100,-100,-100
1763545319332,-100,-100,-75,-73,-52,-100,-79,-100,-100,-100,-100
1763545319357,-100,-100,-75,-73,-52,-100,-79,-100,-100,-100,-100
1763545319383,-100,-100,-75,-73,-52,-100,-79,-100,-100,-100,-100
1763545319408,-100,-100,-75,-73,-52,-100,-79,-100,-100,-100,-100
1763545319433,-100,-100,-75,-73,-52,-100,-79,-100,-100,-100,-100
1763545319458,-100,-100,-75,-73,-52,-100,-79,-100,-100,-100,-100
1763545319484,-100,-100,-75,-73,-52,-100,-79,-100,-100,-100,-100
1763545319510,-100,-100,-75,-72,-52,-100,-81,-100,-100,-100,-100
1763545319535,-100,-100,-75,-72,-52,-100,-81,-100,-100,-100,-100
1763545319560,-100,-100,-75,-72,-52,-100,-81,-100,-100,-100,-100
1763545319585,-100,-100,-75,-72,-52,-100,-81,-100,-100,-100,-100
1763545319610,-100,-100,-75,-72,-52,-100,-81,-100,-100,-100,-100
1763545319635,-100,-100,-75,-72,-52,-100,-81,-100,-100,-100,-100
1763545319660,-100,-100,-75,-72,-52,-100,-81,-100,-100,-100,-100
1763545319685,-100,-100,-75,-72,-52,-100,-81,-100,-100,-100,-100
1763545319711,-100,-100,-75,-72,-52,-100,-81,-100,-100,-100,-100
1763545319736,-100,-100,-75,-72,-52,-100,-81,-100,-100,-100,-100
1763545319761,-100,-100,-75,-72,-52,-100,-81,-100,-100,-100,-100
1763545319786,-100,-100,-75,-72,-52,-100,-81,-100,-100,-100,-100
1763545319811,-100,-100,-75,-72,-52,-100,-81,-100,-100,-100,-100
1763545319837,-100,-100,-75,-72,-52,-100,-81,-100,-100,-100,-100
1763545319862,-100,-100,-75,-72,-52,-100,-81,-100,-100,-100,-100
1763545319887,-100,-100,-75,-72,-52,-100,-81,-100,-100,-100,-100
1763545319912,-100,-100,-75,-72,-52,-100,-81,-100,-100,-100,-100
1763545319937,-100,-100,-75,-72,-52,-100,-81,-100,-100,-100,-100
1763545319963,-100,-100,-75,-72,-52,-100,-81,-100,-100,-100,-100
1763545319988,-100,-100,-75,-72,-52,-100,-81,-100,-100,-100,-100
1763545320013,-100,-100,-75,-73,-51,-100,-81,-100,-100,-100,-100
1763545320038,-100,-100,-75,-73,-51,-100,-81,-100,-100,-100,-100
1763545320063,-100,-100,-75,-73,-51,-100,-81,-100,-100,-100,-100
1763545320089,-100,-100,-75,-73,-51,-100,-81,-100,-100,-100,-100
1763545320114,-100,-100,-75,-73,-51,-100,-81,-100,-100,-100,-100
1763545320140,-100,-100,-75,-73,-51,-100,-81,-100,-100,-100,-100
1763545320165,-100,-100,-75,-73,-51,-100,-81,-100,-100,-100,-100
1763545320190,-100,-100,-75,-73,-51,-100,-81,-100,-100,-100,-100
1763545320215,-100,-100,-75,-73,-51,-100,-81,-100,-100,-100,-100
1763545320240,-100,-100,-75,-73,-51,-100,-81,-100,-100,-100,-100
1763545320265,-100,-100,-75,-73,-51,-100,-81,-100,-100,-100,-100
1763545320290,-100,-100,-75,-73,-51,-100,-81,-100,-100,-100,-100
1763545320315,-100,-100,-75,-73,-51,-100,-81,-100,-100,-100,-100
1763545320340,-100,-100,-75,-73,-51,-100,-81,-100,-100,-100,-100
1763545320365,-100,-100,-75,-73,-51,-100,-81,-100,-100,-100,-100
1763545320390,-100,-100,-75,-73,-51,-100,-81,-100,-100,-100,-100
1763545320415,-100,-100,-75,-73,-51,-100,-81,-100,-100,-100,-100
1763545320440,-100,-100,-75,-73,-51,-100,-81,-100,-100,-100,-100
1763545320466,-100,-100,-75,-73,-51,-100,-81,-100,-100,-100,-100
1763545320490,-100,-100,-75,-73,-51,-100,-81,-100,-100,-100,-100
1763545320515,-100,-100,-75,-74,-54,-100,-81,-100,-100,-100,-100
1763545320541,-100,-100,-75,-74,-54,-100,-81,-100,-100,-100,-100
1763545320566,-100,-100,-75,-74,-54,-100,-81,-100,-100,-100,-100
1763545320592,-100,-100,-75,-74,-54,-100,-81,-100,-100,-100,-100
1763545320618,-100,-100,-75,-74,-54,-100,-81,-100,-100,-100,-100
1763545320644,-100,-100,-75,-74,-54,-100,-81,-100,-100,-100,-100
1763545320669,-100,-100,-75,-74,-54,-100,-81,-100,-100,-100,-100
1763545320695,-100,-100,-75,-74,-54,-100,-81,-100,-100,-100,-100
1763545320720,-100,-100,-75,-74,-54,-100,-81,-100,-100,-100,-100
1763545320746,-100,-100,-75,-74,-54,-100,-81,-100,-100,-100,-100
1763545320771,-100,-100,-75,-74,-54,-100,-81,-100,-100,-100,-100
1763545320796,-100,-100,-75,-74,-54,-100,-81,-100,-100,-100,-100
1763545320821,-100,-100,-75,-74,-54,-100,-81,-100,-100,-100,-100
1763545320846,-100,-100,-75,-74,-54,-100,-81,-100,-100,-100,-100
1763545320871,-100,-100,-75,-74,-54,-100,-81,-100,-100,-100,-100
1763545320896,-100,-100,-75,-74,-54,-100,-81,-100,-100,-100,-100
1763545320921,-100,-100,-75,-74,-54,-100,-81,-100,-100,-100,-100
1763545320946,-100,-100,-75,-74,-54,-100,-81,-100,-100,-100,-100
1763545320971,-100,-100,-75,-74,-54,-100,-81,-100,-100,-100,-100
1763545320996,-100,-100,-75,-74,-54,-100,-81,-100,-100,-100,-100
1763545321021,-100,-100,-79,-75,-53,-100,-82,-100,-100,-100,-100
1763545321046,-100,-100,-79,-75,-53,-100,-82,-100,-100,-100,-100
1763545321071,-100,-100,-79,-75,-53,-100,-82,-100,-100,-100,-100
1763545321099,-100,-100,-79,-75,-53,-100,-82,-100,-100,-100,-100
1763545321125,-100,-100,-79,-75,-53,-100,-82,-100,-100,-100,-100
1763545321150,-100,-100,-79,-75,-53,-100,-82,-100,-100,-100,-100
1763545321175,-100,-100,-79,-75,-53,-100,-82,-100,-100,-100,-100
1763545321200,-100,-100,-79,-75,-53,-100,-82,-100,-100,-100,-100
1763545321225,-100,-100,-79,-75,-53,-100,-82,-100,-100,-100,-100
1763545321251,-100,-100,-79,-75,-53,-100,-82,-100,-100,-100,-100
1763545321277,-100,-100,-79,-75,-53,-100,-82,-100,-100,-100,-100
1763545321302,-100,-100,-79,-75,-53,-100,-82,-100,-100,-100,-100
1763545321328,-100,-100,-79,-75,-53,-100,-82,-100,-100,-100,-100
1763545321352,-100,-100,-79,-75,-53,-100,-82,-100,-100,-100,-100
1763545321377,-100,-100,-79,-75,-53,-100,-82,-100,-100,-100,-100
1763545321403,-100,-100,-79,-75,-53,-100,-82,-100,-100,-100,-100
1763545321428,-100,-100,-79,-75,-53,-100,-82,-100,-100,-100,-100
1763545321452,-100,-100,-79,-75,-53,-100,-82,-100,-100,-100,-100
1763545321477,-100,-100,-79,-75,-53,-100,-82,-100,-100,-100,-100
1763545321502,-100,-100,-76,-77,-54,-100,-81,-100,-100,-100,-100
1763545321528,-100,-100,-76,-77,-54,-100,-81,-100,-100,-100,-100
1763545321553,-100,-100,-76,-77,-54,-100,-81,-100,-100,-100,-100
1763545321578,-100,-100,-76,-77,-54,-100,-81,-100,-100,-100,-100
1763545321603,-100,-100,-76,-77,-54,-100,-81,-100,-100,-100,-100
1763545321628,-100,-100,-76,-77,-54,-100,-81,-100,-100,-100,-100
1763545321654,-100,-100,-76,-77,-54,-100,-81,-100,-100,-100,-100
1763545321679,-100,-100,-76,-77,-54,-100,-81,-100,-100,-100,-100
1763545321705,-100,-100,-76,-77,-54,-100,-81,-100,-100,-100,-100
1763545321730,-100,-100,-76,-77,-54,-100,-81,-100,-100,-100,-100
1763545321756,-100,-100,-76,-77,-54,-100,-81,-100,-100,-100,-100
1763545321782,-100,-100,-76,-77,-54,-100,-81,-100,-100,-100,-100
1763545321807,-100,-100,-76,-77,-54,-100,-81,-100,-100,-100,-100
1763545321832,-100,-100,-76,-77,-54,-100,-81,-100,-100,-100,-100
1763545321857,-100,-100,-76,-77,-54,-100,-81,-100,-100,-100,-100
1763545321882,-100,-100,-76,-77,-54,-100,-81,-100,-100,-100,-100
1763545321907,-100,-100,-76,-77,-54,-100,-81,-100,-100,-100,-100
1763545321932,-100,-100,-76,-77,-54,-100,-81,-100,-100,-100,-100
1763545321958,-100,-100,-76,-77,-54,-100,-81,-100,-100,-100,-100
1763545321984,-100,-100,-76,-77,-54,-100,-81,-100,-100,-100,-100
1763545322009,-100,-100,-78,-77,-55,-100,-100,-100,-100,-100,-100
1763545322035,-100,-100,-78,-77,-55,-100,-100,-100,-100,-100,-100
1763545322061,-100,-100,-78,-77,-55,-100,-100,-100,-100,-100,-100
1763545322087,-100,-100,-78,-77,-55,-100,-100,-100,-100,-100,-100
1763545322112,-100,-100,-78,-77,-55,-100,-100,-100,-100,-100,-100
1763545322139,-100,-100,-78,-77,-55,-100,-100,-100,-100,-100,-100
1763545322164,-100,-100,-78,-77,-55,-100,-100,-100,-100,-100,-100
1763545322190,-100,-100,-78,-77,-55,-100,-100,-100,-100,-100,-100
1763545322215,-100,-100,-78,-77,-55,-100,-100,-100,-100,-100,-100
1763545322241,-100,-100,-78,-77,-55,-100,-100,-100,-100,-100,-100
1763545322266,-100,-100,-78,-77,-55,-100,-100,-100,-100,-100,-100
1763545322292,-100,-100,-78,-77,-55,-100,-100,-100,-100,-100,-100
1763545322317,-100,-100,-78,-77,-55,-100,-100,-100,-100,-100,-100
1763545322342,-100,-100,-78,-77,-55,-100,-100,-100,-100,-100,-100
1763545322367,-100,-100,-78,-77,-55,-100,-100,-100,-100,-100,-100
1763545322392,-100,-100,-78,-77,-55,-100,-100,-100,-100,-100,-100
1763545322417,-100,-100,-78,-77,-55,-100,-100,-100,-100,-100,-100
1763545322442,-100,-100,-78,-77,-55,-100,-100,-100,-100,-100,-100
1763545322468,-100,-100,-78,-77,-55,-100,-100,-100,-100,-100,-100
1763545322493,-100,-100,-78,-77,-55,-100,-100,-100,-100,-100,-100
1763545322518,-100,-100,-79,-77,-56,-100,-100,-100,-100,-100,-100
1763545322544,-100,-100,-79,-77,-56,-100,-100,-100,-100,-100,-100
1763545322570,-100,-100,-79,-77,-56,-100,-100,-100,-100,-100,-100
1763545322596,-100,-100,-79,-77,-56,-100,-100,-100,-100,-100,-100
1763545322621,-100,-100,-79,-77,-56,-100,-100,-100,-100,-100,-100
1763545322646,-100,-100,-79,-77,-56,-100,-100,-100,-100,-100,-100
1763545322671,-100,-100,-79,-77,-56,-100,-100,-100,-100,-100,-100
1763545322696,-100,-100,-79,-77,-56,-100,-100,-100,-100,-100,-100
1763545322721,-100,-100,-79,-77,-56,-100,-100,-100,-100,-100,-100
1763545322746,-100,-100,-79,-77,-56,-100,-100,-100,-100,-100,-100
1763545322771,-100,-100,-79,-77,-56,-100,-100,-100,-100,-100,-100
1763545322797,-100,-100,-79,-77,-56,-100,-100,-100,-100,-100,-100
1763545322822,-100,-100,-79,-77,-56,-100,-100,-100,-100,-100,-100
1763545322846,-100,-100,-79,-77,-56,-100,-100,-100,-100,-100,-100
1763545322872,-100,-100,-79,-77,-56,-100,-100,-100,-100,-100,-100
1763545322898,-100,-100,-79,-77,-56,-100,-100,-100,-100,-100,-100
1763545322923,-100,-100,-79,-77,-56,-100,-100,-100,-100,-100,-100
1763545322948,-100,-100,-79,-77,-56,-100,-100,-100,-100,-100,-100
1763545322973,-100,-100,-79,-77,-56,-100,-100,-100,-100,-100,-100
1763545322998,-100,-100,-79,-77,-56,-100,-100,-100,-100,-100,-100
1763545323023,-100,-100,-79,-77,-58,-100,-100,-100,-100,-100,-100
1763545323048,-100,-100,-79,-77,-58,-100,-100,-100,-100,-100,-100
1763545323073,-100,-100,-79,-77,-58,-100,-100,-100,-100,-100,-100
1763545323098,-100,-100,-79,-77,-58,-100,-100,-100,-100,-100,-100
1763545323123,-100,-100,-79,-77,-58,-100,-100,-100,-100,-100,-100
1763545323148,-100,-100,-79,-77,-58,-100,-100,-100,-100,-100,-100
1763545323173,-100,-100,-79,-77,-58,-100,-100,-100,-100,-100,-100
1763545323199,-100,-100,-79,-77,-58,-100,-100,-100,-100,-100,-100
1763545323225,-100,-100,-79,-77,-58,-100,-100,-100,-100,-100,-100
1763545323250,-100,-100,-79,-77,-58,-100,-100,-100,-100,-100,-100
1763545323276,-100,-100,-79,-77,-58,-100,-100,-100,-100,-100,-100
1763545323302,-100,-100,-79,-77,-58,-100,-100,-100,-100,-100,-100
1763545323327,-100,-100,-79,-77,-58,-100,-100,-100,-100,-100,-100
1763545323353,-100,-100,-79,-77,-58,-100,-100,-100,-100,-100,-100
1763545323379,-100,-100,-79,-77,-58,-100,-100,-100,-100,-100,-100
1763545323404,-100,-100,-79,-77,-58,-100,-100,-100,-100,-100,-100
1763545323429,-100,-100,-79,-77,-58,-100,-100,-100,-100,-100,-100
1763545323454,-100,-100,-79,-77,-58,-100,-100,-100,-100,-100,-100
1763545323479,-100,-100,-79,-77,-58,-100,-100,-100,-100,-100,-100
1763545323505,-100,-100,-100,-79,-62,-100,-100,-100,-100,-100,-100
1763545323530,-100,-100,-100,-79,-62,-100,-100,-100,-100,-100,-100
1763545323555,-100,-100,-100,-79,-62,-100,-100,-100,-100,-100,-100
1763545323580,-100,-100,-100,-79,-62,-100,-100,-100,-100,-100,-100
1763545323605,-100,-100,-100,-79,-62,-100,-100,-100,-100,-100,-100
1763545323631,-100,-100,-100,-79,-62,-100,-100,-100,-100,-100,-100
1763545323657,-100,-100,-100,-79,-62,-100,-100,-100,-100,-100,-100
1763545323682,-100,-100,-100,-79,-62,-100,-100,-100,-100,-100,-100
1763545323707,-100,-100,-100,-79,-62,-100,-100,-100,-100,-100,-100
1763545323732,-100,-100,-100,-79,-62,-100,-100,-100,-100,-100,-100
1763545323758,-100,-100,-100,-79,-62,-100,-100,-100,-100,-100,-100
1763545323784,-100,-100,-100,-79,-62,-100,-100,-100,-100,-100,-100
1763545323809,-100,-100,-100,-79,-62,-100,-100,-100,-100,-100,-100
1763545323834,-100,-100,-100,-79,-62,-100,-100,-100,-100,-100,-100
1763545323859,-100,-100,-100,-79,-62,-100,-100,-100,-100,-100,-100
1763545323884,-100,-100,-100,-79,-62,-100,-100,-100,-100,-100,-100
1763545323910,-100,-100,-100,-79,-62,-100,-100,-100,-100,-100,-100
1763545323935,-100,-100,-100,-79,-62,-100,-100,-100,-100,-100,-100
1763545323960,-100,-100,-100,-79,-62,-100,-100,-100,-100,-100,-100
1763545323986,-100,-100,-100,-79,-62,-100,-100,-100,-100,-100,-100
1763545324011,-100,-100,-100,-80,-63,-100,-100,-100,-100,-100,-100
1763545324036,-100,-100,-100,-80,-63,-100,-100,-100,-100,-100,-100
1763545324061,-100,-100,-100,-80,-63,-100,-100,-100,-100,-100,-100
1763545324087,-100,-100,-100,-80,-63,-100,-100,-100,-100,-100,-100
1763545324112,-100,-100,-100,-80,-63,-100,-100,-100,-100,-100,-100
1763545324139,-100,-100,-100,-80,-63,-100,-100,-100,-100,-100,-100
1763545324164,-100,-100,-100,-80,-63,-100,-100,-100,-100,-100,-100
1763545324189,-100,-100,-100,-80,-63,-100,-100,-100,-100,-100,-100
1763545324214,-100,-100,-100,-80,-63,-100,-100,-100,-100,-100,-100
1763545324239,-100,-100,-100,-80,-63,-100,-100,-100,-100,-100,-100
1763545324264,-100,-100,-100,-80,-63,-100,-100,-100,-100,-100,-100
1763545324290,-100,-100,-100,-80,-63,-100,-100,-100,-100,-100,-100
1763545324315,-100,-100,-100,-80,-63,-100,-100,-100,-100,-100,-100
1763545324340,-100,-100,-100,-80,-63,-100,-100,-100,-100,-100,-100
1763545324365,-100,-100,-100,-80,-63,-100,-100,-100,-100,-100,-100
1763545324390,-100,-100,-100,-80,-63,-100,-100,-100,-100,-100,-100
1763545324415,-100,-100,-100,-80,-63,-100,-100,-100,-100,-100,-100
1763545324440,-100,-100,-100,-80,-63,-100,-100,-100,-100,-100,-100
1763545324465,-100,-100,-100,-80,-63,-100,-100,-100,-100,-100,-100
1763545324490,-100,-100,-100,-80,-63,-100,-100,-100,-100,-100,-100
1763545324516,-100,-100,-100,-80,-64,-100,-100,-100,-100,-100,-100
1763545324542,-100,-100,-100,-80,-64,-100,-100,-100,-100,-100,-100
1763545324567,-100,-100,-100,-80,-64,-100,-100,-100,-100,-100,-100
1763545324592,-100,-100,-100,-80,-64,-100,-100,-100,-100,-100,-100
1763545324617,-100,-100,-100,-80,-64,-100,-100,-100,-100,-100,-100
1763545324643,-100,-100,-100,-80,-64,-100,-100,-100,-100,-100,-100
1763545324667,-100,-100,-100,-80,-64,-100,-100,-100,-100,-100,-100
1763545324692,-100,-100,-100,-80,-64,-100,-100,-100,-100,-100,-100
1763545324717,-100,-100,-100,-80,-64,-100,-100,-100,-100,-100,-100
1763545324742,-100,-100,-100,-80,-64,-100,-100,-100,-100,-100,-100
1763545324767,-100,-100,-100,-80,-64,-100,-100,-100,-100,-100,-100
1763545324793,-100,-100,-100,-80,-64,-100,-100,-100,-100,-100,-100
1763545324819,-100,-100,-100,-80,-64,-100,-100,-100,-100,-100,-100
1763545324844,-100,-100,-100,-80,-64,-100,-100,-100,-100,-100,-100
1763545324870,-100,-100,-100,-80,-64,-100,-100,-100,-100,-100,-100
1763545324896,-100,-100,-100,-80,-64,-100,-100,-100,-100,-100,-100
1763545324920,-100,-100,-100,-80,-64,-100,-100,-100,-100,-100,-100
1763545324946,-100,-100,-100,-80,-64,-100,-100,-100,-100,-100,-100
1763545324971,-100,-100,-100,-80,-64,-100,-100,-100,-100,-100,-100
1763545324997,-100,-100,-100,-80,-64,-100,-100,-100,-100,-100,-100
1763545325023,-100,-100,-100,-100,-66,-100,-100,-100,-100,-100,-100
1763545325049,-100,-100,-100,-100,-66,-100,-100,-100,-100,-100,-100
1763545325074,-100,-100,-100,-100,-66,-100,-100,-100,-100,-100,-100
1763545325100,-100,-100,-100,-100,-66,-100,-100,-100,-100,-100,-100
1763545325125,-100,-100,-100,-100,-66,-100,-100,-100,-100,-100,-100
1763545325150,-100,-100,-100,-100,-66,-100,-100,-100,-100,-100,-100
1763545325175,-100,-100,-100,-100,-66,-100,-100,-100,-100,-100,-100
1763545325200,-100,-100,-100,-100,-66,-100,-100,-100,-100,-100,-100
1763545325225,-100,-100,-100,-100,-66,-100,-100,-100,-100,-100,-100
1763545325250,-100,-100,-100,-100,-66,-100,-100,-100,-100,-100,-100
1763545325276,-100,-100,-100,-100,-66,-100,-100,-100,-100,-100,-100
1763545325301,-100,-100,-100,-100,-66,-100,-100,-100,-100,-100,-100
1763545325326,-100,-100,-100,-100,-66,-100,-100,-100,-100,-100,-100
1763545325351,-100,-100,-100,-100,-66,-100,-100,-100,-100,-100,-100
1763545325376,-100,-100,-100,-100,-66,-100,-100,-100,-100,-100,-100
1763545325402,-100,-100,-100,-100,-66,-100,-100,-100,-100,-100,-100
1763545325427,-100,-100,-100,-100,-66,-100,-100,-100,-100,-100,-100
1763545325452,-100,-100,-100,-100,-66,-100,-100,-100,-100,-100,-100
1763545325477,-100,-100,-100,-100,-66,-100,-100,-100,-100,-100,-100
1763545325503,-100,-100,-100,-100,-66,-100,-100,-100,-100,-100,-100
1763545325527,-100,-100,-100,-100,-66,-100,-100,-100,-100,-100,-100
1763545325553,-100,-100,-100,-100,-66,-100,-100,-100,-100,-100,-100
1763545325579,-100,-100,-100,-100,-66,-100,-100,-100,-100,-100,-100
1763545325606,-100,-100,-100,-100,-66,-100,-100,-100,-100,-100,-100
1763545325632,-100,-100,-100,-100,-66,-100,-100,-100,-100,-100,-100
1763545325657,-100,-100,-100,-100,-66,-100,-100,-100,-100,-100,-100
