timestamp,pressure,acc_x,acc_y,acc_z,gyro_x,gyro_y,gyro_z,mag_x,mag_y,mag_z,mag_bias_x,mag_bias_y,mag_bias_z,game_x,game_y,game_z,game_w,rot_x,rot_y,rot_z,rot_w,rot_accuracy,step
1763544937753,1009.74506,0.25603202,4.5188456,9.297911,-0.0042760535,0.17318016,0.07147118,100.818756,-4.0125003,19.7625,46.950733,0.3361091,49.741684,0.1676047,0.14741889,0.6810826,0.6973542,0.17626584,0.13694528,0.6373794,0.73751193,-1.0,0
1763544937778,1009.74506,0.046061836,4.5332026,9.631111,0.03649917,0.13545926,0.065667965,98.981255,-4.21875,21.825,46.950733,0.3361091,49.741684,0.1668125,0.1484716,0.6817502,0.69666815,0.1755394,0.13804397,0.6380864,0.73686874,-1.0,0
1763544937803,1009.74066,-0.13040884,4.4548373,9.132806,0.1301142,0.03619374,0.08872811,100.668755,-5.4,20.79375,46.950733,0.3361091,49.741684,0.16795711,0.15042105,0.6825536,0.6951867,0.17678775,0.13993634,0.6390458,0.7353805,-1.0,0
1763544937828,1009.74457,-0.13579269,4.265805,8.41795,0.14202607,-0.046273008,0.092546016,100.03126,-4.125,22.0125,46.950733,0.3361091,49.741684,0.16886595,0.1509339,0.682777,0.69463575,0.17774007,0.14037529,0.639229,0.73490787,-1.0,0
1763544937853,1009.74457,0.5353941,4.4004006,8.436495,0.022143848,0.015577052,0.032833982,98.981255,-4.21875,22.125,46.950733,0.3361091,49.741684,0.1691797,0.15137507,0.68293846,0.69430465,0.17809762,0.14077435,0.63931876,0.7346668,-1.0,0
1763544937878,1009.74677,0.47138608,4.4835515,8.417352,-0.06826414,0.13912445,0.019089524,98.34376,-3.7875001,21.393751,46.950733,0.3361091,49.741684,0.16811128,0.15194078,0.6835967,0.6937925,0.17772959,0.1409855,0.6397034,0.7343806,-1.0,0
1763544937904,1009.7531,0.34277186,4.549354,8.76132,-0.03619374,-0.007941242,-0.038331766,99.356255,-5.925,22.181252,46.950733,0.3361091,49.741684,0.16865778,0.15156655,0.68349004,0.6938469,0.17765546,0.14091276,0.63954765,0.7345481,-1.0,0
1763544937929,1009.7531,0.45224348,4.4608197,8.989237,-0.051007207,-0.105526894,-0.010537418,99.18751,-4.5750003,22.9125,46.950733,0.3361091,49.741684,0.16945788,0.15058775,0.6832908,0.6940613,0.17841308,0.13986215,0.6392348,0.7348376,-1.0,0
1763544937954,1009.7585,0.9631111,4.456034,9.396614,-0.031154104,-0.07941242,-0.017867794,98.9625,-4.2375,23.212502,46.950733,0.3361091,49.741684,0.17055379,0.14878464,0.68291426,0.69455206,0.17900093,0.13892506,0.63901556,0.73506296,-1.0,0
1763544937979,1009.7585,0.7298109,4.426722,9.304491,-0.006872229,0.011148282,-0.07024945,99.262505,-2.8312502,22.331251,46.950733,0.3361091,49.741684,0.17068651,0.14840752,0.68261546,0.6948939,0.17937806,0.13801803,0.63892335,0.73522204,-1.0,0
1763544938004,1009.76385,0.33080772,4.465007,8.86122,0.043371398,0.029779658,-0.107359484,98.08125,-4.9500003,23.04375,46.950733,0.3361091,49.741684,0.17078799,0.1486033,0.6820308,0.695401,0.17956214,0.13787283,0.63819504,0.7358367,-1.0,0
1763544938029,1009.7609,-0.0023928226,4.473382,8.36471,0.03619374,0.0059559317,-0.11423171,99.00001,-3.9750001,23.19375,46.950733,0.3361091,49.741684,0.17103927,0.14904894,0.6812341,0.6960245,0.17984127,0.13830091,0.6373562,0.736415,-1.0,0
1763544938054,1009.7609,-0.15792629,4.4081774,8.446664,-0.025045456,-0.020616686,-0.089797124,98.2125,-3.6750002,22.331251,46.950733,0.3361091,49.741684,0.1707825,0.15005542,0.67976564,0.6973058,0.17994873,0.13876016,0.63636506,0.73715913,-1.0,0
1763544938079,1009.76996,0.16749759,4.342375,9.033504,-0.031154104,-0.015882485,-0.07987057,99.637505,-4.5375004,22.3875,46.950733,0.3361091,49.741684,0.17021793,0.15058357,0.67912275,0.69795614,0.17971964,0.13922699,0.6354251,0.7379374,-1.0,0
1763544938105,1009.769,-0.26261228,4.3788652,8.740383,-0.013439025,0.076052666,-0.08704823,99.05625,-2.98125,23.75625,46.950733,0.3361091,49.741684,0.16924267,0.1513175,0.67863613,0.6985076,0.17824571,0.14060062,0.634302,0.7389999,-1.0,0
1763544938130,1009.769,-0.18664017,4.2927237,9.008379,-0.042607818,0.021227552,-0.07589995,99.825005,-4.275,22.96875,46.950733,0.3361091,49.741684,0.16749844,0.15218425,0.67761904,0.6997261,0.17657384,0.14155371,0.6331301,0.7402233,-1.0,0
1763544938156,1009.77167,-0.22372891,4.1928234,9.250652,-0.027336199,-0.009162972,-0.058795735,99.18751,-3.8437502,23.025002,46.950733,0.3361091,49.741684,0.16675462,0.15233877,0.6774393,0.70004416,0.1758165,0.14178422,0.63305885,0.74042034,-1.0,0
1763544938181,1009.77167,0.05682954,4.197609,9.243474,0.06902772,0.043218683,0.013133593,97.575005,-3.7687502,24.2625,46.950733,0.3361091,49.741684,0.1659911,0.152962,0.6775067,0.70002455,0.17505792,0.14249614,0.63330853,0.7402499,-1.0,0
1763544938206,1009.7702,-0.13579269,4.451248,8.787642,0.0923933,0.072540194,0.0012217296,97.762505,-4.2375,24.581251,46.950733,0.3361091,49.741684,0.1655029,0.15479332,0.67757267,0.69967353,0.17464842,0.14439572,0.6335729,0.7397521,-1.0,0
1763544938231,1009.7675,-0.15134603,4.720441,8.53161,0.06062833,0.05894845,0.0024434591,99.9,-3.0375001,25.218752,46.950733,0.3361091,49.741684,0.1659305,0.15569894,0.67722434,0.6997086,0.17517908,0.14521493,0.6329756,0.7399776,-1.0,0
1763544938256,1009.7675,0.010767702,4.390231,8.84806,0.0033597562,-0.057726722,-0.035582874,99.99375,-4.875,23.75625,46.950733,0.3361091,49.741684,0.16672735,0.15605575,0.6766924,0.6999542,0.17605335,0.14545318,0.6321396,0.74043775,-1.0,0
1763544938281,1009.75653,0.064008005,4.2508492,9.11127,-0.0050396346,0.0108428495,-0.016646065,100.4625,-3.9750001,24.581251,46.950733,0.3361091,49.741684,0.16625461,0.15631518,0.67663085,0.7000683,0.17558947,0.14575107,0.63211215,0.7405128,-1.0,0
1763544938306,1009.7558,0.16689938,4.226921,9.257831,0.014355322,0.037262753,0.0129808765,99.43125,-3.3187501,23.41875,46.950733,0.3361091,49.741684,0.16633193,0.15602303,0.67688745,0.69986707,0.17561245,0.1454983,0.6325644,0.7401707,-1.0,0
1763544938331,1009.7558,0.5946164,4.429713,9.040084,0.0772744,-0.11728604,0.041538805,99.61875,-3.16875,22.63125,46.950733,0.3361091,49.741684,0.16735281,0.15525334,0.67706025,0.6996276,0.1765478,0.14471158,0.6329374,0.7397835,-1.0,0
1763544938356,1009.76483,0.78364944,4.57747,8.752347,0.08659008,-0.10720677,-0.009162972,98.90626,-3.61875,24.431252,46.950733,0.3361091,49.741684,0.1690542,0.15443864,0.67690545,0.6995487,0.17817508,0.14382023,0.6328955,0.739603,-1.0,0
1763544938381,1009.76483,0.5413761,4.5876393,8.459227,0.035124727,0.0129808765,-0.06963859,100.0875,-3.6375,24.150002,46.950733,0.3361091,49.741684,0.17033723,0.15468378,0.67614,0.6999234,0.1794983,0.1439521,0.6319669,0.7400514,-1.0,0
1763544938407,1009.7619,0.1058824,4.503292,8.46461,-0.021838415,0.1385136,-0.103236146,99.037506,-4.36875,25.837502,46.950733,0.3361091,49.741684,0.16930848,0.1559125,0.67571783,0.700308,0.17857806,0.14520311,0.63136244,0.74054533,-1.0,0
1763544938432,1009.76166,-0.5180461,4.4955153,8.402995,-0.014508039,0.09575305,-0.083383046,99.975006,-4.14375,24.487501,46.950733,0.3361091,49.741684,0.1681679,0.15724659,0.67522,0.7007646,0.17754593,0.14657547,0.63071483,0.7410748,-1.0,0
1763544938458,1009.76166,-0.5054838,4.4410787,8.344969,-0.034208428,0.0048869182,-0.053145237,99.7125,-4.1625004,23.1375,46.950733,0.3361091,49.741684,0.16669516,0.15867262,0.67408645,0.70188546,0.17688079,0.14750218,0.630001,0.7416569,-1.0,0
1763544938483,1009.76215,-0.3696911,4.351348,8.590233,-0.08185588,-0.03375028,-0.06520981,100.87501,-4.1625004,23.625,46.950733,0.3361091,49.741684,0.16555461,0.15855166,0.67366934,0.70258284,0.17511682,0.14792247,0.6285595,0.7432133,-1.0,0
1763544938508,1009.7707,-0.50488555,4.133601,9.550952,-0.08261946,0.0980438,-0.025198173,101.5875,-2.8500001,23.175001,46.950733,0.3361091,49.741684,0.16357419,0.15878509,0.67366266,0.7030003,0.173137,0.1482997,0.62861603,0.74355406,-1.0,0
1763544938534,1009.7707,-0.6197411,4.0905304,9.460623,-0.018936807,0.092851445,0.012370012,100.14375,-2.625,23.925001,46.950733,0.3361091,49.741684,0.1615746,0.15922695,0.6738827,0.7031519,0.17111601,0.14892577,0.6290898,0.7434961,-1.0,0
1763544938558,1009.77924,-0.45104706,4.0911283,9.488738,0.032070402,0.041996952,0.07910699,98.11875,-4.70625,24.4125,46.950733,0.3361091,49.741684,0.15985422,0.15992072,0.67504317,0.70227396,0.1697259,0.14950123,0.6298702,0.7430384,-1.0,0
1763544938584,1009.77264,0.25244278,4.2945185,9.029316,0.11285727,-0.05054906,0.12125666,99.39375,-3.3375,25.275002,46.950733,0.3361091,49.741684,0.16049016,0.15981176,0.6757281,0.7014946,0.16990912,0.14975905,0.63183045,0.74127823,-1.0,0
1763544938609,1009.77264,0.46121657,4.284349,8.839087,0.07880156,0.0074830935,0.07971785,97.4625,-2.79375,25.143751,46.950733,0.3361091,49.741684,0.16136383,0.15974587,0.6762965,0.700761,0.1707493,0.14967199,0.6325803,0.7404628,-1.0,0
1763544938634,1009.7778,0.26979074,4.286144,8.894122,0.02443459,0.08048143,0.055283263,99.28126,-3.9750001,25.031252,46.950733,0.3361091,49.741684,0.16168281,0.15985163,0.6774926,0.6995069,0.17108817,0.14954554,0.6333213,0.7397764,-1.0,0
1763544938659,1009.7778,0.2853441,4.386642,8.836694,0.035888307,0.091782436,0.04734202,99.3375,-3.7125,24.225,46.950733,0.3361091,49.741684,0.16211434,0.15998673,0.67780405,0.6990742,0.17103744,0.14980012,0.6340313,0.7391282,-1.0,0
1763544938684,1009.7797,-0.034695927,4.508078,8.321639,0.041080657,-0.027336199,0.045509428,100.106255,-4.2562504,24.6375,46.950733,0.3361091,49.741684,0.16292973,0.16016702,0.6779722,0.6986803,0.17230755,0.15003224,0.6345281,0.7383594,-1.0,0
1763544938709,1009.779,0.21834506,4.5858445,8.272586,0.02367101,-0.08414663,0.044898562,100.68751,-4.8375,26.156252,46.950733,0.3361091,49.741684,0.16520564,0.15972933,0.6779485,0.6982689,0.17463188,0.14936556,0.63413906,0.7382827,-1.0,0
1763544938734,1009.779,0.4456632,4.6378884,8.426325,-0.024129158,-0.089033544,0.0058032153,99.80625,-4.275,24.056252,46.950733,0.3361091,49.741684,0.16520564,0.15972933,0.6779485,0.6982689,0.17463188,0.14936556,0.63413906,0.7382827,-1.0,0
1763544938759,1009.77826,0.19202402,4.6205406,9.063414,-0.108886644,0.066126116,-0.06017018,98.512505,-4.1625004,24.187502,46.950733,0.3361091,49.741684,0.1639604,0.15894324,0.67772186,0.6989615,0.17334487,0.14865236,0.6338517,0.73897636,-1.0,0
1763544938784,1009.78217,-0.101694964,4.5391846,9.293125,-0.064904384,0.03054324,-0.058337588,98.62501,-3.6562502,24.150002,46.950733,0.3361091,49.741684,0.16315967,0.15862931,0.6772101,0.69971573,0.17252502,0.14838955,0.63330233,0.73969173,-1.0,0
1763544938809,1009.78217,-0.1369891,4.5092745,9.2075815,0.011300999,-0.04535671,-0.032375835,100.33125,-3.1125002,24.562502,46.950733,0.3361091,49.741684,0.16375175,0.15854335,0.6768048,0.6999891,0.17310691,0.14827213,0.6329002,0.7399235,-1.0,0
1763544938834,1009.78754,-0.0424726,4.4207397,8.874979,-0.005497783,0.022601997,-0.075289086,97.631256,-4.14375,24.73125,46.950733,0.3361091,49.741684,0.16373946,0.1586826,0.6763166,0.700432,0.17310357,0.14841135,0.6323837,0.7403378,-1.0,0
1763544938860,1009.78754,-0.37387854,4.3040895,9.02154,-0.037262753,0.099418245,-0.057879437,100.631256,-4.4437504,25.218752,46.950733,0.3361091,49.741684,0.16373946,0.1586826,0.6763166,0.700432,0.17310357,0.14841135,0.6323837,0.7403378,-1.0,0
1763544938884,1009.78534,-0.4127619,4.3208394,9.134003,0.0058032153,0.07238748,-0.0051923506,100.818756,-2.1750002,23.831251,46.950733,0.3361091,49.741684,0.16132045,0.16061033,0.67609054,0.7007721,0.17078456,0.15050781,0.6322454,0.7405712,-1.0,0
1763544938909,1009.79193,-0.23808585,4.4039903,8.962317,0.05070178,0.020616686,0.020158539,100.012505,-4.65,25.44375,46.950733,0.3361091,49.741684,0.16124731,0.16118068,0.67611563,0.7006338,0.17074074,0.15108773,0.6323057,0.7404118,-1.0,0
1763544938934,1009.79193,-0.26919255,4.4111686,9.017352,0.016798781,0.023060145,0.037110034,99.3,-3.2062502,24.35625,46.950733,0.3361091,49.741684,0.16116235,0.16154854,0.67628026,0.70040977,0.17068334,0.15145437,0.6324588,0.7402193,-1.0,0
1763544938959,1009.79315,-0.084346995,4.3932223,9.055039,0.054672398,0.013591741,0.053450666,99.84376,-4.03125,25.125002,46.950733,0.3361091,49.741684,0.16114298,0.16211711,0.67653567,0.7000361,0.17069958,0.15202194,0.63273156,0.739866,-1.0,0
1763544938985,1009.79535,-0.017347964,4.4004006,8.736196,0.08659008,-0.0019853106,0.04291325,97.200005,-3.9375002,26.325,46.950733,0.3361091,49.741684,0.16222802,0.16263492,0.67689246,0.6993201,0.1717933,0.1524963,0.6332322,0.73908657,-1.0,0
1763544939010,1009.79535,-0.041874398,4.4925246,8.601599,-0.007788526,-0.014202606,0.03848448,99.39375,-5.68125,22.95,46.950733,0.3361091,49.741684,0.16260202,0.1627538,0.677048,0.6990549,0.1721964,0.15256678,0.63329405,0.73892516,-1.0,0
1763544939035,1009.79535,0.011964113,4.503292,8.792427,-0.023365578,-0.0018325944,0.023365578,99.95625,-4.89375,25.462502,46.950733,0.3361091,49.741684,0.16272569,0.16275296,0.677212,0.69886744,0.17233756,0.15253834,0.63338315,0.7388218,-1.0,0
1763544939060,1009.79535,-0.11485548,4.4835515,8.927023,-0.010079269,0.004734202,0.02565632,101.06251,-4.0125003,22.66875,46.950733,0.3361091,49.741684,0.16297406,0.16270122,0.6776058,0.6984398,0.17259343,0.15245897,0.63374835,0.73846513,-1.0,0
1763544939085,1009.8044,0.078963146,4.6115675,8.761918,0.02611447,-0.034361143,0.011453714,100.78126,-5.5125003,20.625,46.950733,0.3361091,49.741684,0.16352296,0.16262099,0.6776515,0.69828576,0.17314057,0.15234071,0.6337833,0.7383315,-1.0,0
1763544939113,1009.8088,0.025722843,4.51406,8.660822,-0.009315688,-0.03451386,-0.00962112,101.793755,-3.9562502,23.98125,46.950733,0.3361091,49.741684,0.16407932,0.16235103,0.67750025,0.6983649,0.17377949,0.1520361,0.633596,0.7384049,-1.0,0
1763544939137,1009.8088,-0.05682954,4.404588,8.771489,-0.04886918,0.03176497,-0.012064579,103.012505,-4.6687503,20.6625,46.950733,0.3361091,49.741684,0.16339076,0.16235283,0.6776657,0.6983654,0.17371652,0.15199491,0.6334473,0.7385558,-1.0,0
1763544939162,1009.8024,-0.06759724,4.586443,9.346964,0.011911863,-0.014355322,0.025045456,100.818756,-3.5625002,24.843752,46.950733,0.3361091,49.741684,0.163152,0.16235332,0.67782694,0.69826466,0.17278337,0.15206274,0.6338168,0.73844373,-1.0,0
1763544939187,1009.7929,0.16211374,4.587041,9.113664,0.10537417,-0.12202024,0.022601997,100.68751,-4.425,22.275002,46.950733,0.3361091,49.741684,0.16422342,0.16218987,0.677718,0.69815725,0.1738296,0.15184914,0.63377875,0.73827475,-1.0,0
1763544939213,1009.7929,0.34636107,4.582854,8.533403,0.10949751,-0.12400555,-0.0018325944,98.231255,-4.0687504,25.143751,46.950733,0.3361091,49.741684,0.16701503,0.1615929,0.67709446,0.6982384,0.17558537,0.15136641,0.6335186,0.73818165,-1.0,0
1763544939239,1009.7922,0.22253251,4.4578285,8.994022,-0.07101303,0.09392046,-0.09086613,98.81251,-4.65,26.493752,46.950733,0.3361091,49.741684,0.16683236,0.16170081,0.6767689,0.6985726,0.17657971,0.1510824,0.6331504,0.7383185,-1.0,0
1763544939264,1009.7956,-0.33140594,4.316652,8.989835,-0.024129158,0.13286309,-0.08796453,100.012505,-4.65,25.44375,46.950733,0.3361091,49.741684,0.16593428,0.1621436,0.6764834,0.69896036,0.17556664,0.1516611,0.6323404,0.73913527,-1.0,0
1763544939289,1009.7956,-0.39541394,4.375276,8.596813,0.0368046,0.034819294,-0.038026333,99.731255,-3.91875,24.206251,46.950733,0.3361091,49.741684,0.16537255,0.1629976,0.67573667,0.69961673,0.17502728,0.15258357,0.6317056,0.739616,-1.0,0
1763544939315,1009.7983,-0.26919255,4.4662037,8.248059,0.034666575,-0.1084285,-0.034819294,99.037506,-3.73125,24.2625,46.950733,0.3361091,49.741684,0.16583699,0.16269116,0.6752971,0.7000025,0.1755027,0.15221404,0.63109446,0.740101,-1.0,0
1763544939340,1009.7983,-0.1363909,4.339384,9.053245,-0.11255184,0.028863361,0.00962112,100.9875,-2.90625,23.23125,46.950733,0.3361091,49.741684,0.16489393,0.16269186,0.6753585,0.70016587,0.17459147,0.15223816,0.6309998,0.7403922,-1.0,0
1763544939365,1009.7956,-0.28953153,4.4410787,9.420543,-0.05070178,0.039858926,0.011759147,99.01875,-3.7500002,25.650002,46.950733,0.3361091,49.741684,0.16360642,0.16240443,0.67580605,0.70010275,0.17324042,0.15208557,0.63168555,0.7401561,-1.0,0
1763544939390,1009.80023,-0.3696911,4.627719,9.092128,0.046425723,-0.03924806,0.038331766,99.7125,-3.9375002,26.062502,46.950733,0.3361091,49.741684,0.1643278,0.16257375,0.67578137,0.6999183,0.1739721,0.15220894,0.63166595,0.7399758,-1.0,0
1763544939415,1009.80023,0.029312078,4.718048,8.603394,0.018784093,-0.09376775,0.011911863,97.275,-2.9250002,25.331251,46.950733,0.3361091,49.741684,0.16540965,0.16256809,0.67556375,0.69987494,0.17508826,0.15209486,0.6312729,0.7400714,-1.0,0
1763544939440,1009.80414,-0.0317049,4.625326,8.791828,-0.020769402,0.0067195124,0.0015271619,99.318756,-2.98125,25.725,46.950733,0.3361091,49.741684,0.16550654,0.1631711,0.67572176,0.69955903,0.17528905,0.15261379,0.63112515,0.7400431,-1.0,0
1763544939465,1009.80756,-0.1268196,4.6145587,9.219545,-0.03161225,0.100181825,0.027183482,99.65626,-4.18125,25.612501,46.950733,0.3361091,49.741684,0.16510575,0.16390583,0.67617214,0.6990466,0.17493364,0.1533729,0.6316106,0.73955595,-1.0,0
1763544939491,1009.80756,0.061016977,4.792824,8.883354,0.16768238,-0.018936807,0.07315106,98.90626,-3.6375,24.73125,46.950733,0.3361091,49.741684,0.1660363,0.16458803,0.676465,0.69838226,0.1758871,0.15401626,0.63202816,0.73883903,-1.0,0
1763544939516,1009.8007,0.12622139,4.965107,8.2145605,0.19944735,-0.06994402,0.11835505,100.51875,-3.7125,23.94375,46.950733,0.3361091,49.741684,0.16830593,0.16516139,0.67677015,0.69740736,0.1781937,0.1544415,0.63236475,0.73790896,-1.0,0
1763544939541,1009.8007,0.43070808,5.2827544,7.679166,0.09392046,0.037110034,0.13439025,99.731255,-4.6687503,24.093752,46.950733,0.3361091,49.741684,0.17064406,0.167541,0.6781417,0.6949349,0.18085274,0.15646617,0.63304853,0.73624736,-1.0,0
1763544939566,1009.7944,0.9523434,5.4149575,7.947162,-0.08811724,0.15760311,0.08491021,100.59376,-4.70625,24.91875,46.950733,0.3361091,49.741684,0.17064406,0.167541,0.6781417,0.6949349,0.18085274,0.15646617,0.63304853,0.73624736,-1.0,0
1763544939591,1009.8012,0.16749759,4.953741,9.052048,-0.11133011,0.062155493,-0.0009162972,100.575005,-4.70625,25.5375,46.950733,0.3361091,49.741684,0.16812716,0.16703033,0.6787836,0.6950446,0.17833436,0.15608563,0.63356113,0.73650146,-1.0,0
1763544939617,1009.8012,0.044865426,5.143372,9.142975,0.016493348,0.020769402,0.08933897,102.24375,-4.5375004,25.050001,46.950733,0.3361091,49.741684,0.16936737,0.16721016,0.6800764,0.69343454,0.1781582,0.15610372,0.634105,0.73607206,-1.0,0
1763544939642,1009.8029,0.39481574,5.346164,8.495717,0.13271037,-0.073761925,0.16920954,98.68125,-4.78125,24.50625,46.950733,0.3361091,49.741684,0.17140119,0.16723223,0.6808806,0.6921392,0.18163414,0.15605778,0.6357456,0.7338137,-1.0,0
1763544939667,1009.7895,0.97806627,5.5591254,7.7587276,0.07269291,-0.090560704,0.13698642,100.0875,-5.0062504,24.993752,46.950733,0.3361091,49.741684,0.1732016,0.16697654,0.68156487,0.6910785,0.18342972,0.15567109,0.6364251,0.73285955,-1.0,0
1763544939693,1009.7895,0.6999006,5.751149,7.780861,-0.012675445,0.011300999,0.06475167,98.55,-6.0375004,25.518751,46.950733,0.3361091,49.741684,0.17389353,0.16687183,0.68204534,0.6904556,0.18413213,0.1555009,0.6368571,0.7323441,-1.0,0
1763544939718,1009.7868,0.31286156,5.511867,8.20798,-0.09224058,0.084452055,0.023518294,99.7125,-4.6687503,25.48125,46.950733,0.3361091,49.741684,0.1719854,0.16710453,0.6830013,0.6899321,0.18363672,0.15548825,0.6371572,0.73221016,-1.0,0
1763544939743,1009.7868,0.13280165,5.2534423,8.753544,-0.11499529,0.14202607,0.032681264,101.30625,-4.9875,22.85625,46.950733,0.3361091,49.741684,0.17136171,0.16728535,0.6834723,0.689577,0.18228549,0.15580408,0.6376429,0.73205775,-1.0,0
1763544939768,1009.77704,-0.13040884,5.5513487,8.986844,0.10674862,-0.09392046,0.10491603,99.975006,-4.875,24.075,46.950733,0.3361091,49.741684,0.17254378,0.16731335,0.6838178,0.6889326,0.18287593,0.15595353,0.6384281,0.73119384,-1.0,0
1763544939793,1009.77606,0.104087785,5.556134,8.801998,0.19883649,-0.09850194,0.14446951,99.318756,-4.6875,22.743752,46.950733,0.3361091,49.741684,0.176855,0.1692092,0.68469065,0.6865051,0.1851317,0.15615319,0.6388276,0.730234,-1.0,0
1763544939818,1009.77606,0.3481557,5.5968122,8.322237,0.2698495,0.03527744,0.1339321,99.7125,-4.89375,22.25625,46.950733,0.3361091,49.741684,0.17794287,0.17162071,0.6851179,0.6851979,0.18732189,0.15754351,0.6393504,0.7289181,-1.0,0
1763544939843,1009.76996,0.3278167,5.6243296,7.5326056,0.06475167,0.033139415,-0.0067195124,97.74375,-5.2312503,22.63125,46.950733,0.3361091,49.741684,0.17845348,0.17288329,0.68517286,0.6846925,0.18919246,0.16106054,0.63976604,0.72729987,-1.0,0
1763544939868,1009.7629,0.109471634,5.619544,8.137392,-0.020769402,-0.011300999,-0.14676027,98.45625,-5.175,24.4125,46.950733,0.3361091,49.741684,0.17786273,0.17356727,0.6832408,0.6866013,0.18869254,0.16172777,0.63750935,0.7292606,-1.0,0
1763544939893,1009.7629,-0.6017949,5.447261,8.5322075,-0.057115857,0.06811142,-0.17806709,98.4,-4.8,23.456251,46.950733,0.3361091,49.741684,0.17635944,0.17466426,0.6826404,0.6873077,0.18727635,0.1629043,0.63680553,0.72997844,-1.0,0
1763544939918,1009.7546,-0.7322037,5.354539,8.240881,-0.0042760535,0.13148865,-0.03405571,98.81251,-4.14375,24.468752,46.950733,0.3361091,49.741684,0.17498106,0.17598175,0.68259615,0.6873678,0.18599541,0.16429746,0.6367157,0.730072,-1.0,0
1763544939943,1009.7546,-0.6155536,5.529215,7.757531,0.040011644,0.002290743,-0.04214967,99.450005,-6.05625,24.50625,46.950733,0.3361091,49.741684,0.17495541,0.17674075,0.6822649,0.68750846,0.18603179,0.165042,0.6363189,0.7302407,-1.0,0
1763544939968,1009.7568,-0.8458628,5.5477595,7.6127653,-0.0368046,-0.028863361,-0.046273008,100.74375,-4.05,23.79375,46.950733,0.3361091,49.741684,0.1739507,0.17711219,0.68196666,0.6879636,0.18509975,0.16542572,0.6357865,0.7308543,-1.0,0
1763544939994,1009.7641,-0.849452,5.471787,8.223534,-0.10140356,0.15149446,0.0027488915,98.568756,-5.2875004,24.862501,46.950733,0.3361091,49.741684,0.17186134,0.17888376,0.6827443,0.6872587,0.18314905,0.16730852,0.63652515,0.73027396,-1.0,0
1763544940019,1009.7641,-0.69930243,5.8839507,7.973483,0.124310985,0.20631959,0.057879437,98.9625,-4.2375,23.212502,46.950733,0.3361091,49.741684,0.17096409,0.18133315,0.6833311,0.68625665,0.18242498,0.16979858,0.63712573,0.72935617,-1.0,0
1763544940044,1009.7575,-0.5712864,5.959923,7.6887374,0.14874557,-0.009162972,0.025045456,98.68125,-4.7625003,24.206251,46.950733,0.3361091,49.741684,0.17366312,0.18362874,0.68283,0.6854669,0.18532263,0.17185436,0.6364454,0.72873783,-1.0,0
1763544940069,1009.7641,-0.67836523,5.89412,8.203195,0.17424917,-0.08536835,0.011911863,100.55625,-3.4687502,24.54375,46.950733,0.3361091,49.741684,0.1757603,0.18500938,0.68253934,0.6848503,0.18753074,0.17306751,0.6360907,0.72819537,-1.0,0
1763544940095,1009.7641,-0.16749759,6.3864436,7.280163,0.25137085,-0.0013744457,0.063377224,100.6125,-5.4375,23.268751,46.950733,0.3361091,49.741684,0.17772508,0.18685319,0.6824704,0.68391067,0.18963824,0.17475027,0.635976,0.7273474,-1.0,0
1763544940119,1009.74945,-0.18364914,6.6035924,6.995417,0.17424917,-0.0377209,-0.023060145,100.59376,-5.68125,22.2,46.950733,0.3361091,49.741684,0.18078287,0.18892029,0.68112296,0.6838846,0.19151637,0.17607234,0.6353457,0.72708726,-1.0,0
1763544940144,1009.7443,-0.6861419,6.5090756,7.4010005,0.061239194,-0.07895427,-0.07192933,100.21876,-4.4812503,23.400002,46.950733,0.3361091,49.741684,0.18140364,0.18908538,0.6805376,0.68425727,0.19358605,0.17659275,0.6334877,0.7280335,-1.0,0
1763544940169,1009.7443,-0.9762716,6.963712,9.285348,0.04734202,-0.0056504994,0.016951498,99.881256,-4.7625003,22.368752,46.950733,0.3361091,49.741684,0.18173128,0.18959484,0.6803766,0.68418956,0.1939861,0.17703626,0.6331701,0.7280956,-1.0,0
1763544940195,1009.75946,-0.91166544,7.051648,10.002597,0.2535089,-0.007941242,0.10583232,99.037506,-6.0750003,21.768751,46.950733,0.3361091,49.741684,0.18326151,0.19103347,0.68044704,0.68331057,0.19564077,0.17833468,0.6331696,0.72733605,-1.0,0
1763544940220,1009.75946,-0.46660042,7.0618176,9.201599,0.48808095,-0.09987639,0.16050471,100.350006,-4.8187504,20.79375,46.950733,0.3361091,49.741684,0.19222368,0.1955552,0.6799824,0.68002367,0.19944738,0.18054654,0.6331794,0.7257462,-1.0,0
1763544940246,1009.7592,-0.48215377,6.969096,7.454241,0.30772313,-0.2594648,0.15073088,98.64375,-5.9812503,20.8875,46.950733,0.3361091,49.741684,0.1969814,0.19624552,0.67963815,0.67880625,0.20976448,0.18251804,0.63232505,0.7230844,-1.0,0
1763544940271,1009.74725,-0.11784652,6.811768,7.8514495,0.06368265,-0.100181825,0.12568542,99.61875,-5.5125003,20.1375,46.950733,0.3361091,49.741684,0.19921494,0.1962085,0.6798721,0.6779303,0.21203144,0.18228287,0.63245517,0.7223684,-1.0,0
1763544940296,1009.74725,-0.10887343,6.823134,8.154739,-0.118202336,0.038026333,0.10949751,99.80625,-4.6312504,20.53125,46.950733,0.3361091,49.741684,0.19834216,0.19457836,0.68138725,0.67713445,0.21182568,0.18199578,0.6331757,0.72186977,-1.0,0
1763544940322,1009.7463,0.14356937,6.8225355,8.648857,-0.20418155,-0.09086613,0.053450666,96.506256,-6.4500003,20.362501,46.950733,0.3361091,49.741684,0.19883247,0.19157216,0.68115896,0.67807686,0.21112046,0.18063359,0.6337406,0.72192276,-1.0,0
1763544940346,1009.7629,0.57487565,6.399006,9.517452,-0.21242823,-0.42607817,-0.14676027,97.50001,-5.9625,18.675001,46.950733,0.3361091,49.741684,0.20013475,0.18768924,0.6799034,0.68003696,0.21249476,0.17357172,0.6318349,0.7249162,-1.0,0
1763544940371,1009.7629,0.62093747,5.930611,9.897313,-0.06918044,-0.32467464,-0.21884231,98.2125,-3.9,18.487501,46.950733,0.3361091,49.741684,0.20297132,0.1846291,0.6759097,0.6840035,0.21367456,0.17077224,0.6297867,0.7270136,-1.0,0
1763544940396,1009.76166,0.48993045,5.493921,8.762517,0.11988221,-0.14813471,-0.25014913,97.068756,-5.26875,18.84375,46.950733,0.3361091,49.741684,0.20345016,0.18606447,0.67401946,0.6853363,0.21570417,0.17170806,0.6255482,0.7298476,-1.0,0
1763544940422,1009.76166,0.34277186,4.6139603,7.5529447,-0.01847866,0.11041381,-0.22525638,99.131256,-3.91875,16.3875,46.950733,0.3361091,49.741684,0.20242372,0.18739024,0.6726931,0.6865811,0.21477902,0.17309088,0.6241054,0.7310281,-1.0,0
1763544940446,1009.7497,0.55453664,4.168297,8.94796,0.05742129,-0.033902995,-0.21838416,98.83125,-3.2062502,16.837502,46.950733,0.3361091,49.741684,0.20208144,0.1879304,0.67122895,0.68796575,0.21447688,0.17365026,0.6225399,0.7323178,-1.0,0
1763544940471,1009.7548,0.4642076,3.970291,8.639884,0.28848088,-0.12324197,-0.19837834,97.2375,-4.36875,19.087502,46.950733,0.3361091,49.741684,0.2066946,0.19026466,0.66745037,0.6896279,0.21918465,0.17573106,0.61888367,0.7335255,-1.0,0
1763544940496,1009.7548,0.7615158,4.788636,7.126424,0.25809038,-0.20479241,-0.10644319,95.90625,-5.4750004,15.1125,46.950733,0.3361091,49.741684,0.2095301,0.19091691,0.66588855,0.69010174,0.22204562,0.17620404,0.61734456,0.7338485,-1.0,0
1763544940521,1009.7436,0.8452646,4.955536,6.786643,0.14370593,-0.23991714,-0.14905101,97.12501,-5.2312503,15.6,46.950733,0.3361091,49.741684,0.21210048,0.19061436,0.66418487,0.69104123,0.22458781,0.17572922,0.61558765,0.73466414,-1.0,0
1763544940547,1009.73065,0.71365935,4.9322057,6.7148585,0.0025961753,-0.16615522,-0.18890993,97.74375,-3.6750002,14.812501,46.950733,0.3361091,49.741684,0.21355323,0.18935154,0.6609342,0.6940511,0.22596404,0.1743538,0.6120854,0.73749065,-1.0,0
1763544940571,1009.73065,0.6017949,4.8412786,7.0540414,-0.041538805,-0.084757484,-0.228158,97.856255,-3.0375001,15.543751,46.950733,0.3361091,49.741684,0.21308234,0.189419,0.6593834,0.6956507,0.225501,0.1744504,0.6104199,0.7389884,-1.0,0
1763544940596,1009.7111,0.14177474,4.9106703,6.32423,-0.22510368,0.09926552,-0.25793764,94.70625,-4.1062503,15.7875,46.950733,0.3361091,49.741684,0.21104611,0.18939161,0.65814924,0.6974453,0.22347797,0.17454866,0.6090225,0.7407307,-1.0,0
1763544940623,1009.7153,-0.17587246,4.9202414,7.896913,-0.28725916,0.116675176,-0.24556763,96.46876,-1.95,15.7875,46.950733,0.3361091,49.741684,0.20623323,0.1888274,0.6562974,0.70077515,0.21865769,0.17428927,0.60686296,0.7439956,-1.0,0
1763544940648,1009.7153,-0.23988047,4.9417768,8.751151,-0.07971785,0.033444848,-0.16050471,95.25,-2.1750002,14.681251,46.950733,0.3361091,49.741684,0.20684177,0.18969047,0.655378,0.701223,0.21931465,0.17512017,0.6059539,0.744348,-1.0,0
1763544940673,1009.7177,0.2955136,5.5447683,7.1730843,0.2283107,-0.031154104,-0.043982264,95.4375,-2.6625001,16.087502,46.950733,0.3361091,49.741684,0.20843741,0.19098425,0.65458006,0.70114464,0.22098824,0.17631039,0.6051916,0.7441922,-1.0,0
1763544940699,1009.7177,0.27038896,6.233901,7.2376904,0.21762058,0.0044287695,-0.06444623,94.950005,-2.9625,14.925,46.950733,0.3361091,49.741684,0.21158092,0.19420417,0.6529712,0.7008188,0.2226197,0.17770007,0.6043238,0.74408054,-1.0,0
1763544940724,1009.7187,-0.13998012,6.491728,7.211369,0.22754712,0.0059559317,-0.03375028,93.84375,-3.3187501,15.056251,46.950733,0.3361091,49.741684,0.21339074,0.19597849,0.6525724,0.70014715,0.22633356,0.18087646,0.6029993,0.7432689,-1.0,0
1763544940749,1009.71967,0.5024927,6.8464637,8.122437,0.33536476,-0.020922119,0.07269291,93.75,-3.825,15.39375,46.950733,0.3361091,49.741684,0.21588923,0.19791026,0.65235716,0.69903755,0.2289869,0.18259692,0.6027461,0.7422402,-1.0,0
1763544940775,1009.71967,0.9164511,7.0965137,7.7503524,0.38896814,-0.06017018,0.037110034,91.9875,-3.99375,13.593751,46.950733,0.3361091,49.741684,0.21917203,0.20005582,0.65183914,0.6978876,0.23242995,0.18448581,0.6022259,0.74112433,-1.0,0
1763544940800,1009.72723,1.1216356,7.132406,7.440482,0.25870124,-0.12064579,-0.0923933,93.39375,-4.2375,13.762501,46.950733,0.3361091,49.741684,0.22286972,0.2019523,0.6491556,0.6986711,0.23558596,0.18559104,0.6008875,0.7409382,-1.0,0
1763544940825,1009.74066,0.45104706,6.9062843,9.35474,-0.3081813,0.17241658,-0.2829831,91.8,-3.2812502,15.262501,46.950733,0.3361091,49.741684,0.22020607,0.20187242,0.6480584,0.70055485,0.23366806,0.18612473,0.59794533,0.7437864,-1.0,0
1763544940850,1009.74066,-0.44207397,6.841678,11.240284,-0.3006982,0.35353798,-0.22327107,92.49375,-3.4687502,15.50625,46.950733,0.3361091,49.741684,0.21572772,0.20241955,0.6476567,0.70216006,0.22925119,0.18696527,0.5973823,0.7454007,-1.0,0
1763544940875,1009.7695,-0.60777694,6.9338017,10.707881,-0.056810424,0.37781987,-0.083993904,92.45625,-2.9625,15.01875,46.950733,0.3361091,49.741684,0.21033381,0.2062844,0.6480943,0.7022679,0.22580935,0.18935885,0.59770674,0.74558705,-1.0,0
1763544940900,1009.7695,-0.23808585,6.923034,8.941978,-0.032070402,0.18219042,-0.066126116,93.225006,-2.775,15.39375,46.950733,0.3361091,49.741684,0.20850104,0.20550644,0.6474354,0.7036489,0.22411796,0.191219,0.5978913,0.74547464,-1.0,0
1763544940925,1009.7819,-1.0743774,5.3036914,10.622338,-0.44272426,0.21517712,-0.26740605,92.55,-2.7,13.14375,46.950733,0.3361091,49.741684,0.20433496,0.20433405,0.64674485,0.70584416,0.21802163,0.18966219,0.5962056,0.7490218,-1.0,0
1763544940950,1009.80145,-1.9519451,4.6002016,11.344372,-0.3274235,0.43799004,-0.16722423,92.7375,-2.325,15.1125,46.950733,0.3361091,49.741684,0.19844149,0.2050652,0.6469224,0.7071496,0.2121722,0.19082381,0.59637445,0.7502711,-1.0,0
1763544940976,1009.80145,-2.120041,4.371089,10.615758,0.03573559,0.21578798,-0.0025961753,92.86875,-2.41875,14.94375,46.950733,0.3361091,49.741684,0.19716337,0.2072131,0.64735746,0.7064826,0.21096098,0.19314796,0.5971844,0.74937314,-1.0,0
1763544941001,1009.79047,-1.302892,4.3447676,6.9326053,0.11896592,-0.33108872,0.15515965,91.481255,-2.8125,14.043751,46.950733,0.3361091,49.741684,0.20026642,0.20583537,0.6473713,0.70599973,0.21393886,0.19158545,0.59732115,0.74882084,-1.0,0
1763544941026,1009.77386,-0.8356933,4.3357944,7.2825556,-0.15913028,-0.17653993,0.14767656,90.9,-2.7562501,14.55,46.950733,0.3361091,49.741684,0.19950454,0.20180601,0.6494866,0.70543563,0.21290047,0.18761963,0.5994759,0.7483989,-1.0,0
1763544941052,1009.77386,-0.8979067,4.2502513,8.224132,-0.24465135,0.057726722,0.1385136,90.15,-2.0812502,14.906251,46.950733,0.3361091,49.741684,0.19717339,0.20167547,0.65142477,0.70434046,0.21055207,0.18766508,0.6015397,0.7473953,-1.0,0
1763544941077,1009.7675,-1.0366904,4.325027,7.7001033,0.027641632,0.252898,0.2535089,89.7375,-4.125,15.075001,46.950733,0.3361091,49.741684,0.19553488,0.2029312,0.6536214,0.7023988,0.20898625,0.1890495,0.6039329,0.7455535,-1.0,0
1763544941103,1009.7675,-0.58504516,4.451248,6.8464637,0.1791361,0.049174614,0.23930627,90.975006,-2.49375,13.6125,46.950733,0.3361091,49.741684,0.19607152,0.2041724,0.65524125,0.70037735,0.20959571,0.19026309,0.60573053,0.7436129,-1.0,0
1763544941128,1009.747,-0.52223355,4.4039903,6.24108,0.23121232,-0.10079269,0.15974113,90.7125,-4.3875003,14.512501,46.950733,0.3361091,49.741684,0.20018934,0.2056539,0.6560677,0.69800127,0.21381038,0.19145344,0.6066983,0.741315,-1.0,0
1763544941153,1009.7226,-0.8919246,4.213761,5.8917274,0.054672398,0.2290743,0.10216714,90.262505,-3.80625,13.9125,46.950733,0.3361091,49.741684,0.19975485,0.20735063,0.6568531,0.69688433,0.21350257,0.19316554,0.60752213,0.7402841,-1.0,0
1763544941178,1009.7226,-0.78783685,4.7078786,6.9003024,0.05253437,0.3113883,0.11041381,90.731255,-3.6375,14.00625,46.950733,0.3361091,49.741684,0.19822405,0.20955211,0.65808636,0.695498,0.21213615,0.19545615,0.6088105,0.7390162,-1.0,0
1763544941204,1009.7187,-1.4608182,5.1415777,7.181459,0.1800524,0.25885394,0.108886644,90.881256,-5.7375,14.26875,46.950733,0.3361091,49.741684,0.19825098,0.21472394,0.659901,0.69218564,0.21253067,0.2006004,0.6108012,0.735875,-1.0,0
1763544941229,1009.7182,-1.1353943,5.6123657,7.5032935,0.16997312,-0.043218683,0.27687445,89.475006,-5.26875,16.556252,46.950733,0.3361091,49.741684,0.19975103,0.21581563,0.6612024,0.69016993,0.21412234,0.20156506,0.6121646,0.7340147,-1.0,0
1763544941254,1009.7182,-0.3397808,5.64766,8.95454,0.17012584,-0.28939718,0.2751946,89.137505,-6.4125004,14.325001,46.950733,0.3361091,49.741684,0.20280683,0.21505956,0.66218007,0.6885756,0.21713579,0.20058234,0.613188,0.732543,-1.0,0
1763544941279,1009.73724,0.11425728,5.569893,10.175478,0.2272417,-0.4054615,0.2602284,88.912506,-6.05625,14.343751,46.950733,0.3361091,49.741684,0.21121696,0.21194382,0.6633216,0.6859094,0.22142376,0.19848199,0.61379135,0.7313252,-1.0,0
1763544941304,1009.77094,0.5587241,5.7338014,10.028319,0.22571453,-0.26160285,0.24846925,89.175,-6.39375,12.468751,46.950733,0.3361091,49.741684,0.21293403,0.21194156,0.66428,0.68445015,0.22696483,0.19684277,0.6157868,0.7283862,-1.0,0
1763544941330,1009.77094,-0.23509483,7.313064,10.013963,0.1339321,0.08307761,0.12675445,89.043755,-7.65,13.181251,46.950733,0.3361091,49.741684,0.21348438,0.21286137,0.6651462,0.6831508,0.22755988,0.19774236,0.6168028,0.7270961,-1.0,0
1763544941356,1009.78705,-0.1160519,7.5589266,9.500104,0.19226968,-0.08124501,0.13408482,87.318756,-7.3500004,15.656251,46.950733,0.3361091,49.741684,0.21810083,0.21262424,0.66517293,0.6817389,0.22926489,0.1984004,0.6173462,0.7259191,-1.0,0
1763544941381,1009.78705,0.9798609,7.0654073,8.858828,0.10063997,-0.33597562,0.032375835,87.9375,-6.6562505,13.2375,46.950733,0.3361091,49.741684,0.22011189,0.21006282,0.6637764,0.6832462,0.23400821,0.19446279,0.6153249,0.7271861,-1.0,0
1763544941407,1009.8073,0.80518484,5.5968122,9.771091,-0.26664248,0.0027488915,-0.19654575,87.131256,-7.8375,12.31875,46.950733,0.3361091,49.741684,0.21900748,0.2080889,0.6627684,0.68518084,0.23276894,0.19257179,0.61419433,0.7290405,-1.0,0
1763544941431,1009.81805,0.8895318,5.491528,9.622736,-0.297033,0.3168861,-0.18952079,86.90625,-5.25,12.4875,46.950733,0.3361091,49.741684,0.21484163,0.2081129,0.6628137,0.6864474,0.22859137,0.19290899,0.61424035,0.73023343,-1.0,0
1763544941456,1009.81805,0.8602197,5.131408,8.881559,-0.2695441,0.1886045,-0.22571453,87.075005,-5.86875,12.825001,46.950733,0.3361091,49.741684,0.20956296,0.20600604,0.6612929,0.6901714,0.22466832,0.1932873,0.61399835,0.7315533,-1.0,0
1763544941481,1009.8129,0.19501504,4.3944187,9.071789,-0.1669188,-0.39920014,-0.18402301,87.3375,-5.34375,12.6,46.950733,0.3361091,49.741684,0.21042544,0.20237216,0.65953916,0.6926577,0.22374345,0.18754262,0.6107401,0.7360456,-1.0,0
1763544941506,1009.8056,0.32063824,4.249653,8.885149,-0.15500695,-0.22082762,-0.07024945,85.912506,-5.1000004,12.281251,46.950733,0.3361091,49.741684,0.2107688,0.19939324,0.65870506,0.6942093,0.22387078,0.1845617,0.6098498,0.73749715,-1.0,0
1763544941531,1009.8056,0.4749753,4.3669014,8.360522,-0.09544762,-0.051923506,-0.007941242,83.83125,-5.3250003,12.056251,46.950733,0.3361091,49.741684,0.21022826,0.19750187,0.65861267,0.69500107,0.22319345,0.18315321,0.60992837,0.7379885,-1.0,0
1763544941556,1009.78265,0.9391829,4.39741,7.605587,0.035430156,-0.023060145,-0.0490219,85.40625,-5.53125,11.118751,46.950733,0.3361091,49.741684,0.21060489,0.19825667,0.65759206,0.6956382,0.22357212,0.18350926,0.6088743,0.7386555,-1.0,0
1763544941581,1009.78265,0.15254244,4.671388,5.1990056,-0.029016078,0.028252495,-0.24297146,84.80625,-4.1062503,12.337501,46.950733,0.3361091,49.741684,0.21028517,0.19890659,0.6561166,0.6969414,0.22329801,0.1841784,0.6073106,0.7398582,-1.0,0
1763544941606,1009.7475,-0.34277186,4.51406,5.959923,-0.17806709,0.06856957,-0.262061,85.350006,-4.2937503,12.6,46.950733,0.3361091,49.741684,0.20859386,0.19896142,0.6547062,0.69875807,0.22163454,0.18432362,0.6056989,0.7416413,-1.0,0
1763544941631,1009.72577,-0.50069815,4.41416,6.8979096,-0.1800524,0.12522727,-0.21700971,84.525,-4.7625003,12.562501,46.950733,0.3361091,49.741684,0.20429376,0.19978097,0.65304446,0.70134485,0.21746168,0.18536122,0.6036178,0.7443099,-1.0,0
1763544941657,1009.72577,-0.58564335,4.914858,7.5409803,0.12186752,0.012064579,-0.0490219,85.9875,-4.8562503,11.793751,46.950733,0.3361091,49.741684,0.20425501,0.20073335,0.65249366,0.7015968,0.2174841,0.18631865,0.60306686,0.7445108,-1.0,0
1763544941681,1009.7204,-0.64905316,5.3306108,6.84766,0.2310596,-0.07192933,0.029932374,86.043755,-3.8437502,11.26875,46.950733,0.3361091,49.741684,0.2060526,0.20169726,0.6519895,0.70126337,0.21935819,0.18714017,0.60252756,0.7441915,-1.0,0
1763544941706,1009.715,-0.62512493,5.751149,6.652645,0.2035707,0.020158539,0.123547405,84.881256,-5.2125,11.625,46.950733,0.3361091,49.741684,0.2087406,0.20492597,0.65323526,0.69836694,0.22231874,0.19010961,0.6037417,0.7415717,-1.0,0
1763544941731,1009.715,-0.6023931,6.0167527,7.259824,0.20631959,0.16523892,0.21135922,84.43125,-6.1125,10.650001,46.950733,0.3361091,49.741684,0.20984325,0.2076244,0.6549851,0.695595,0.22364679,0.19267637,0.6055139,0.73906076,-1.0,0
1763544941756,1009.716,-0.16271193,6.7088766,7.501499,0.25870124,0.10308343,0.3678933,85.51875,-7.1250005,11.3625,46.950733,0.3361091,49.741684,0.2115968,0.20976393,0.65706414,0.692454,0.2255912,0.19463487,0.6076244,0.73621905,-1.0,0
1763544941781,1009.716,1.0313065,6.88116,8.157132,0.18463388,-0.082466744,0.28817546,84.80625,-6.2250004,12.918751,46.950733,0.3361091,49.741684,0.21404262,0.21040685,0.65867805,0.6899695,0.22812659,0.19504753,0.6092143,0.73401135,-1.0,0
1763544941807,1009.71967,1.4189439,6.818348,9.066405,0.066736974,-0.13729186,0.06475167,83.30625,-6.4875,11.868751,46.950733,0.3361091,49.741684,0.21591891,0.2095923,0.6588678,0.68945146,0.23001263,0.19402088,0.6091719,0.73372996,-1.0,0
1763544941832,1009.7419,0.093918286,6.83091,10.402198,-0.25121814,0.4459313,-0.023823727,84.375,-6.15,13.125001,46.950733,0.3361091,49.741684,0.21194668,0.21074022,0.6600016,0.6892497,0.22615065,0.19541936,0.61024004,0.7336717,-1.0,0
1763544941857,1009.7419,-0.44207397,7.027122,11.01835,-0.2498437,0.32223117,-0.0594066,81.43125,-6.9375005,13.1625,46.950733,0.3361091,49.741684,0.20757055,0.21176581,0.66104555,0.6892666,0.22187401,0.19672883,0.61121637,0.73381484,-1.0,0
1763544941882,1009.77997,-0.90508515,6.778867,11.417354,-0.19532402,-0.07101303,-0.07941242,83.71875,-6.58125,11.981251,46.950733,0.3361091,49.741684,0.20525895,0.20898838,0.66064584,0.69118714,0.21935397,0.19414227,0.6107584,0.7356404,-1.0,0
1763544941907,1009.8156,-1.2628121,5.5453663,10.731212,-0.02443459,0.3176497,0.046731155,83.793755,-5.34375,13.9125,46.950733,0.3361091,49.741684,0.20314157,0.21001731,0.6613674,0.6908106,0.21729004,0.19534281,0.6115933,0.73524135,-1.0,0
1763544941932,1009.8156,-1.396212,5.1032925,8.832506,0.043982264,0.41935867,0.10827578,84.61875,-6.3750005,13.575001,46.950733,0.3361091,49.741684,0.2003543,0.21299517,0.6628355,0.68930423,0.21470886,0.19851674,0.6131935,0.7338153,-1.0,0
1763544941958,1009.8107,-1.4434702,4.8562336,8.009376,-0.01970039,0.08124501,0.109650224,84.76875,-6.4687505,11.868751,46.950733,0.3361091,49.741684,0.19902088,0.21276341,0.66450685,0.68815184,0.21358395,0.19959615,0.6143357,0.7328949,-1.0,0
1763544941983,1009.7978,-1.7389839,4.4751763,7.9686975,-0.24113888,-0.0151189035,0.15485422,83.700005,-5.83125,13.181251,46.950733,0.3361091,49.741684,0.1978331,0.21099725,0.66569644,0.68788844,0.21209061,0.19666047,0.6160119,0.7327152,-1.0,0
1763544942009,1009.7978,-1.0247263,4.4392843,8.246265,-0.27672175,0.037262753,0.2197586,83.943756,-6.1875005,12.543751,46.950733,0.3361091,49.741684,0.19580388,0.20920902,0.66769177,0.6870809,0.20995915,0.19499929,0.6179921,0.7321053,-1.0,0
1763544942034,1009.7873,-0.37328035,4.342375,8.195417,-0.20708317,-0.030237807,0.17715079,83.662506,-5.45625,11.606251,46.950733,0.3361091,49.741684,0.1940381,0.20582236,0.67049825,0.6858705,0.20844723,0.19322124,0.61974186,0.7315295,-1.0,0
1763544942060,1009.7873,-0.68255264,4.063611,7.517052,-0.10262528,-0.038026333,0.13530655,82.725006,-6.20625,15.000001,46.950733,0.3361091,49.741684,0.19334346,0.20557477,0.671951,0.6847183,0.20797609,0.19172792,0.6208183,0.7311436,-1.0,0
1763544942085,1009.769,-0.6873383,4.0301113,6.745965,0.017715078,0.2490801,0.3168861,82.03125,-6.76875,14.325001,46.950733,0.3361091,49.741684,0.19216417,0.20666273,0.67431897,0.682391,0.20618404,0.19267769,0.62480354,0.728,-1.0,0
1763544942110,1009.75116,0.30089745,4.2915273,7.0175505,0.15073088,0.12614357,0.3329213,83.08125,-7.4062505,14.1,46.950733,0.3361091,49.741684,0.19449304,0.20910126,0.6776045,0.67771775,0.20637187,0.19390793,0.6272832,0.72548336,-1.0,0
1763544942135,1009.75116,0.61914283,4.7024946,6.113662,0.2771799,-0.027183482,0.17348559,82.78125,-6.58125,15.468751,46.950733,0.3361091,49.741684,0.19556291,0.21039037,0.6777063,0.67690855,0.20987438,0.19611654,0.62842494,0.7228922,-1.0,0
1763544942161,1009.7221,-0.930808,5.128417,6.7890363,-0.126449,0.26343542,-0.032070402,84.318756,-7.14375,13.8,46.950733,0.3361091,49.741684,0.19360282,0.21150073,0.67805773,0.676774,0.20804825,0.19730823,0.6285981,0.7229453,-1.0,0
1763544942185,1009.72284,-1.6911274,5.0548377,8.505886,0.013133593,0.2667952,0.080176,84.693756,-6.5062504,16.2,46.950733,0.3361091,49.741684,0.192915,0.2152868,0.67981315,0.67401004,0.20769453,0.20106612,0.6303107,0.7205163,-1.0,0
1763544942210,1009.72284,-1.2843475,5.4317074,8.215756,0.35307986,-0.011759147,0.24266604,84.58125,-7.8750005,14.7375,46.950733,0.3361091,49.741684,0.19786169,0.21600567,0.68000793,0.6721469,0.21269688,0.2014143,0.630576,0.7187254,-1.0,0
1763544942236,1009.7165,0.360718,6.2344995,8.371888,0.23060146,-0.46746427,0.10445788,83.625,-6.9750004,13.087501,46.950733,0.3361091,49.741684,0.20307122,0.21473919,0.67940795,0.6716055,0.217846,0.19973472,0.6298627,0.71827716,-1.0,0
1763544942260,1009.7165,0.25603202,5.9234324,9.51805,0.050243627,-0.23808455,-0.0377209,83.5875,-6.99375,14.94375,46.950733,0.3361091,49.741684,0.20595409,0.21327429,0.67848486,0.67212737,0.22065136,0.19803032,0.62878114,0.7188402,-1.0,0
1763544942285,1009.7414,-0.51206404,5.5836515,10.359726,-0.032070402,0.18600832,-0.054825112,85.256256,-7.55625,13.406251,46.950733,0.3361091,49.741684,0.20318644,0.2154645,0.6791466,0.67160267,0.21805802,0.20040055,0.6294394,0.71839845,-1.0,0
1763544942311,1009.7663,-1.2179468,6.047261,11.083554,0.067958705,0.2591594,0.07574723,83.625,-7.5937505,14.3625,46.950733,0.3361091,49.741684,0.20474224,0.21702616,0.6798119,0.6699523,0.21971375,0.20185539,0.6302479,0.716776,-1.0,0
1763544942336,1009.7663,0.41336012,7.129415,9.101699,0.377209,-0.65851223,0.16768238,83.793755,-6.7125,14.75625,46.950733,0.3361091,49.741684,0.21089448,0.21595873,0.67914134,0.66906834,0.22578067,0.20034406,0.62961864,0.7158671,-1.0,0
1763544942361,1009.7829,1.5218352,6.652047,9.706485,0.07819069,-0.9618066,0.008857539,84.131256,-8.6625,14.83125,46.950733,0.3361091,49.741684,0.22177774,0.20533764,0.67524666,0.67282474,0.23593158,0.18890521,0.6252596,0.7195148,-1.0,0
1763544942386,1009.8068,2.4149563,5.6793647,10.793425,-0.24953826,-0.5198459,-0.16447534,83.381256,-8.75625,15.225,46.950733,0.3361091,49.741684,0.21699633,0.20404647,0.6749219,0.6750986,0.23105517,0.18797839,0.6248293,0.72171044,-1.0,0
1763544942411,1009.8068,0.07238288,4.9579287,10.66481,-0.38545567,0.80511975,-0.30711228,83.8125,-6.6937504,13.668751,46.950733,0.3361091,49.741684,0.20816745,0.20657898,0.67557544,0.6764534,0.22239809,0.19117442,0.6255064,0.72300285,-1.0,0
1763544942436,1009.8127,-0.60658056,4.703093,10.470394,0.011148282,0.11362085,-0.19700389,85.2375,-7.55625,15.1125,46.950733,0.3361091,49.741684,0.20442055,0.20819084,0.6751294,0.6775464,0.21875,0.19307937,0.62508076,0.7239771,-1.0,0
1763544942461,1009.8127,-0.27098715,4.449454,9.010174,0.4659371,-0.7487675,-0.07223476,82.18125,-7.3875003,15.731251,46.950733,0.3361091,49.741684,0.21948467,0.20380537,0.66956925,0.6796814,0.23342243,0.18768089,0.619539,0.72557646,-1.0,0
1763544942486,1009.8007,1.5948163,4.447061,5.7607207,0.07223476,-0.34574947,-0.060017463,83.4375,-7.1062503,13.743751,46.950733,0.3361091,49.741684,0.22401753,0.20157759,0.6678962,0.6805125,0.23779203,0.18512791,0.61778516,0.7263085,-1.0,0
1763544942511,1009.77094,1.6223338,4.362714,6.4869423,-0.3271181,0.2452622,-0.2196059,82.856255,-7.8,14.306251,46.950733,0.3361091,49.741684,0.22144958,0.20102917,0.6675686,0.6818354,0.23521297,0.18473633,0.6172799,0.72767633,-1.0,0
1763544942536,1009.77094,0.39182472,4.308277,7.870592,-0.3404044,0.40576693,-0.3252855,83.418755,-7.7625003,16.087502,46.950733,0.3361091,49.741684,0.21297048,0.20321406,0.66614467,0.6852729,0.22983259,0.1857044,0.61665857,0.72967327,-1.0,0
1763544942561,1009.7492,-0.3182454,4.4051867,7.5583286,-0.002290743,0.19975278,-0.2556469,83.55,-6.4875,14.775001,46.950733,0.3361091,49.741684,0.21466352,0.20429926,0.66427547,0.68623567,0.22869968,0.18845445,0.61359435,0.7319039,-1.0,0
1763544942586,1009.7209,0.19561325,4.9202414,5.3407803,0.29367325,-0.4205804,-0.11499529,84.28125,-7.1625004,14.887501,46.950733,0.3361091,49.741684,0.2189885,0.2039986,0.66200244,0.6871546,0.233013,0.18781993,0.61118,0.73272616,-1.0,0
1763544942611,1009.7209,0.77706915,5.3736815,5.5716877,0.15989386,-0.2773326,-0.13271037,84.506256,-6.0375004,16.181252,46.950733,0.3361091,49.741684,0.22238113,0.2033663,0.6600292,0.68814987,0.23639227,0.18689544,0.6089816,0.7337099,-1.0,0
1763544942636,1009.6943,0.82313097,5.54417,5.8594246,0.03924806,0.034819294,-0.21792601,82.65,-6.4687505,16.10625,46.950733,0.3361091,49.741684,0.2214093,0.20565405,0.65716887,0.69051677,0.23709035,0.18745375,0.6071916,0.7348249,-1.0,0
1763544942662,1009.6943,-0.5557331,5.555536,6.7890363,-0.10109812,0.1744019,-0.19700389,84.3375,-6.9187503,15.168751,46.950733,0.3361091,49.741684,0.2192474,0.20692688,0.6562568,0.69169277,0.23365845,0.19050431,0.60443705,0.7374061,-1.0,0
1763544942687,1009.68036,-0.6586244,5.791827,7.8029947,0.03405571,-0.011606431,-0.06902772,84.375,-8.043751,16.63125,46.950733,0.3361091,49.741684,0.21876799,0.20753716,0.6556186,0.6922667,0.23326193,0.19110201,0.6036143,0.7380506,-1.0,0
1763544942712,1009.6933,-0.357727,5.985646,7.9794655,0.2319759,-0.1339321,0.05222894,85.575005,-7.2937503,15.843751,46.950733,0.3361091,49.741684,0.22401762,0.20892784,0.65484,0.6909051,0.23863012,0.19206874,0.60281616,0.7367346,-1.0,0
1763544942737,1009.6933,0.061016977,6.4277196,7.6127653,0.32849252,-0.14798199,0.123547405,84.262505,-7.18125,16.275002,46.950733,0.3361091,49.741684,0.2269882,0.20972444,0.6548559,0.6896781,0.24168584,0.19260305,0.6027874,0.73562175,-1.0,0
1763544942762,1009.6945,0.6454639,7.262815,8.124829,0.083688475,-0.04214967,0.040317077,85.40625,-7.425,14.94375,46.950733,0.3361091,49.741684,0.22856835,0.21011798,0.6548558,0.68903625,0.24333434,0.19282496,0.60266703,0.7351186,-1.0,0
1763544942787,1009.7236,0.3152544,7.204789,8.576474,-0.0772744,-0.010690134,-0.041844238,84.356255,-8.043751,17.7,46.950733,0.3361091,49.741684,0.22732344,0.2090079,0.6546708,0.6899608,0.24209227,0.19170702,0.602105,0.73628074,-1.0,0
1763544942812,1009.7236,-0.23389842,7.02772,9.848858,-0.22876886,0.03848448,-0.058032155,85.51875,-7.5375004,16.1625,46.950733,0.3361091,49.741684,0.22492948,0.20860595,0.655422,0.69015384,0.23970143,0.19144955,0.60273904,0.73661107,-1.0,0
1763544942837,1009.7531,-0.6879365,6.984051,10.146765,-0.18875721,0.21777329,0.082466744,84.05625,-6.6000004,18.431252,46.950733,0.3361091,49.741684,0.22218691,0.20888464,0.6568028,0.68964505,0.23698981,0.19192609,0.6041423,0.7362149,-1.0,0
1763544942863,1009.7531,-0.4001996,6.4570317,9.503095,-0.35537058,-0.00763581,0.016340632,87.825005,-6.9375005,16.81875,46.950733,0.3361091,49.741684,0.2197158,0.20738,0.6578104,0.6899304,0.23442557,0.19059421,0.60508317,0.736609,-1.0,0
1763544942888,1009.7868,-0.9236295,5.556732,10.458429,-0.5196932,-0.11056653,-0.08307761,86.325005,-7.7250004,18.4125,46.950733,0.3361091,49.741684,0.21302286,0.20082675,0.65875024,0.6930642,0.22725303,0.18457027,0.60584563,0.73975736,-1.0,0
1763544942913,1009.80707,-1.7473587,4.692325,10.216156,-0.22708899,0.13240494,0.18982624,86.9625,-6.9,15.675,46.950733,0.3361091,49.741684,0.20968254,0.19980815,0.6606036,0.69261307,0.22381376,0.18384087,0.60785955,0.7393353,-1.0,0
1763544942938,1009.80707,-0.613759,4.6971107,9.080762,-0.018631376,-0.24358234,0.2715294,86.86875,-5.7937503,17.00625,46.950733,0.3361091,49.741684,0.21001466,0.19800438,0.6622586,0.69144887,0.22397916,0.18205827,0.6097301,0.7381851,-1.0,0
1763544942964,1009.799,0.11485548,4.491926,8.213364,0.045967575,-0.48594293,0.18234314,88.18125,-6.6562505,15.993751,46.950733,0.3361091,49.741684,0.21605738,0.19137196,0.66255635,0.6911693,0.22947887,0.17505278,0.6102162,0.7377887,-1.0,0
1763544942989,1009.7861,-0.2883351,4.338187,7.42433,-0.050243627,-0.39477137,0.1036943,86.3625,-6.95625,16.35,46.950733,0.3361091,49.741684,0.21579078,0.18896577,0.6634837,0.6910251,0.22902757,0.17268501,0.61119175,0.7376794,-1.0,0
1763544943015,1009.7861,-0.2219343,4.2478585,7.9680996,-0.2538143,0.33001968,0.18600832,86.756256,-7.2937503,15.093751,46.950733,0.3361091,49.741684,0.21232481,0.18874337,0.6657749,0.68995506,0.22555013,0.17272238,0.6135741,0.73676383,-1.0,0
1763544943039,1009.7724,-0.28773692,4.165904,7.6887374,-0.050396346,0.22617269,0.17379104,88.96875,-7.18125,15.01875,46.950733,0.3361091,49.741684,0.20983198,0.18957071,0.6677688,0.6885625,0.2231115,0.17374626,0.615719,0.73547506,-1.0,0
1763544943065,1009.7524,-0.42053857,4.5738807,6.035297,0.107817635,-0.023365578,0.18661919,89.4,-7.89375,15.618751,46.950733,0.3361091,49.741684,0.21199751,0.19014254,0.6696169,0.68594176,0.22529447,0.17418244,0.6178315,0.7329305,-1.0,0
1763544943090,1009.7524,0.0849452,4.7623153,6.4145594,-0.03649917,0.16004658,0.14202607,88.78125,-8.587501,18.206251,46.950733,0.3361091,49.741684,0.21147677,0.19073525,0.670888,0.68469477,0.22482996,0.1747966,0.6191415,0.73182064,-1.0,0
1763544943116,1009.74066,-0.33918262,4.666004,7.1952176,-0.07773254,0.26542073,0.054519683,88.575005,-9.731251,17.212502,46.950733,0.3361091,49.741684,0.20795524,0.19341081,0.6729958,0.68295205,0.22296432,0.17604533,0.6202042,0.731192,-1.0,0
1763544943141,1009.74066,-0.82672024,4.9286165,8.137392,0.04214967,0.23777911,0.10262528,90.28125,-7.9125004,14.925,46.950733,0.3361091,49.741684,0.20842049,0.19574241,0.67386127,0.6812905,0.22153056,0.17770015,0.62129885,0.7302976,-1.0,0
1763544943167,1009.74677,-0.81595254,5.812166,7.143772,0.43508843,0.076052666,0.1875355,90.225006,-10.181251,17.831251,46.950733,0.3361091,49.741684,0.21077487,0.19877185,0.6743727,0.67917985,0.22473092,0.18284501,0.6229611,0.7266245,-1.0,0
1763544943191,1009.7341,-0.57906306,6.0394845,6.63769,0.39095345,-0.003970621,0.21487169,90.99375,-10.725,17.625,46.950733,0.3361091,49.741684,0.21365908,0.20147306,0.67492604,0.67692935,0.22782207,0.18530704,0.6236096,0.7244788,-1.0,0
1763544943216,1009.7341,-0.0077766734,6.1680984,7.536195,0.27397284,-0.14019346,0.21655156,91.912506,-11.26875,18.1875,46.950733,0.3361091,49.741684,0.21982378,0.20248629,0.675764,0.6738099,0.23112996,0.18620642,0.62411976,0.72275907,-1.0,0
1763544943242,1009.7382,0.802792,6.026324,9.868001,0.11911863,-0.02932151,0.11117739,91.78125,-11.137501,17.71875,46.950733,0.3361091,49.741684,0.22149868,0.2024756,0.67618567,0.6728409,0.23576856,0.18566433,0.62495345,0.7206769,-1.0,0
1763544943268,1009.7592,0.17347965,6.273981,9.683753,0.117744185,0.20250167,0.022296565,91.40625,-13.1625,16.03125,46.950733,0.3361091,49.741684,0.22132218,0.20395418,0.6765729,0.67206275,0.23568466,0.18717252,0.6254598,0.7198745,-1.0,0
1763544943293,1009.7592,-0.84825563,7.038488,9.337392,0.06658426,0.28069237,0.07101303,92.137505,-12.243751,18.825,46.950733,0.3361091,49.741684,0.21904038,0.20743972,0.67842644,0.66987133,0.23365746,0.19082484,0.6274962,0.7178013,-1.0,0
1763544943319,1009.78046,0.32183465,7.1216383,9.070593,-0.16966769,-0.15103632,0.0650571,92.606255,-12.918751,17.118752,46.950733,0.3361091,49.741684,0.21893993,0.20628834,0.67896134,0.66971785,0.2334945,0.18965727,0.627959,0.71775895,-1.0,0
1763544943344,1009.78046,0.88354975,6.1944194,10.359127,-0.36086836,-0.35628688,-0.03848448,93.39375,-12.712501,16.875,46.950733,0.3361091,49.741684,0.21917407,0.20222126,0.6787228,0.67112195,0.23345034,0.1855577,0.627537,0.7192125,-1.0,0
1763544943369,1009.7858,1.3046865,5.2199426,11.471191,-0.46242464,-0.19379686,-0.08704823,93.262505,-13.2375,18.768751,46.950733,0.3361091,49.741684,0.214468,0.19483331,0.67894,0.6745991,0.22816497,0.17859809,0.6276952,0.7225249,-1.0,0
1763544943396,1009.80585,0.87218386,4.2370906,10.87179,-0.15882485,0.26358816,-0.025809037,92.26875,-13.087501,17.775002,46.950733,0.3361091,49.741684,0.2109311,0.19460848,0.67978364,0.6749295,0.22456111,0.17870843,0.6287553,0.7227049,-1.0,0
1763544943420,1009.80585,0.92183495,4.1790648,9.438489,-0.0024434591,0.014355322,0.019547673,92.756256,-12.7875,18.487501,46.950733,0.3361091,49.741684,0.20975542,0.19452454,0.6803325,0.6747671,0.22332239,0.1787855,0.62955725,0.72237146,-1.0,0
1763544943445,1009.80145,0.9924232,4.0301113,8.819346,0.06093376,-0.25610507,0.0013744457,94.725006,-14.062501,16.650002,46.950733,0.3361091,49.741684,0.21303618,0.19164093,0.67946166,0.67544144,0.22630815,0.17577057,0.6289566,0.7227053,-1.0,0
1763544943471,1009.78094,1.1096715,4.104887,7.9633136,0.05818487,-0.16294818,-0.013744458,95.193756,-13.1625,17.643751,46.950733,0.3361091,49.741684,0.21227367,0.19228373,0.6795081,0.6754522,0.22556666,0.17650162,0.629114,0.7226219,-1.0,0
1763544943496,1009.78094,1.0342976,4.6085763,5.836693,-0.023365578,0.47632182,-0.110871956,94.125,-12.637501,17.25,46.950733,0.3361091,49.741684,0.20920624,0.19492085,0.67989,0.67526895,0.22268803,0.17936394,0.62954444,0.72243506,-1.0,0
1763544943522,1009.75604,0.67776704,4.8035913,4.879564,0.01847866,0.44272426,-0.17318016,96.037506,-13.950001,18.35625,46.950733,0.3361091,49.741684,0.20505261,0.20025185,0.6788396,0.67603946,0.21896106,0.1849417,0.62831503,0.72323775,-1.0,0
1763544943547,1009.7177,0.29850462,4.9752765,4.4075794,0.038331766,0.0697913,-0.18845178,95.53125,-14.475,16.44375,46.950733,0.3361091,49.741684,0.20636067,0.19975981,0.6771218,0.6775082,0.2202683,0.18431115,0.6263461,0.7247081,-1.0,0
1763544943573,1009.7177,0.92183495,5.13081,5.3066826,-0.11484258,-0.262061,-0.25625777,96.506256,-14.64375,17.737501,46.950733,0.3361091,49.741684,0.20759502,0.19809741,0.67509365,0.6796398,0.22141396,0.18252163,0.6240306,0.7268064,-1.0,0
1763544943598,1009.69574,0.44985065,5.441877,6.518049,-0.26160285,-0.056199558,-0.32100943,95.15625,-14.6625,18.806252,46.950733,0.3361091,49.741684,0.20398138,0.19604008,0.6719877,0.684392,0.22037213,0.18097538,0.6218166,0.72940266,-1.0,0
1763544943623,1009.69574,-0.23030917,5.6596236,7.9220376,-0.24388777,0.123852834,-0.25335616,95.325005,-13.275001,17.475,46.950733,0.3361091,49.741684,0.20248137,0.19679683,0.6714464,0.6851511,0.21628699,0.18151484,0.61972094,0.7322692,-1.0,0
1763544943648,1009.6999,0.26081768,6.1794643,7.932207,0.2950477,-0.051159926,0.014660755,95.0625,-14.55,17.8875,46.950733,0.3361091,49.741684,0.20404847,0.19837919,0.67094606,0.6847198,0.2179702,0.1829729,0.6192336,0.7318194,-1.0,0
1763544943673,1009.70917,0.47976094,6.515656,7.17787,0.36606073,-0.16829325,0.021380268,95.006256,-15.543751,17.79375,46.950733,0.3361091,49.741684,0.20766039,0.19978148,0.6700599,0.6840938,0.22168656,0.18409383,0.6183484,0.7311701,-1.0,0
1763544943698,1009.70917,0.34456646,6.7387867,7.223932,0.25885394,-0.06811142,0.0010690134,95.49375,-15.88125,18.993752,46.950733,0.3361091,49.741684,0.21136509,0.20250583,0.66901803,0.6831772,0.224772,0.18515961,0.6174592,0.7307104,-1.0,0
1763544943723,1009.7094,0.61914283,6.8632135,9.88834,-0.08613193,0.088269964,-0.10506874,96.731255,-16.987501,19.087502,46.950733,0.3361091,49.741684,0.21027829,0.20321086,0.6688363,0.68348104,0.22464536,0.18720596,0.616792,0.73079133,-1.0,0
1763544943749,1009.7348,-0.0741775,6.619744,11.879168,0.056810424,-0.08491021,-0.17333288,96.450005,-15.637501,17.962502,46.950733,0.3361091,49.741684,0.21052364,0.20313306,0.6676128,0.6846239,0.22489472,0.18709785,0.61544716,0.73187536,-1.0,0
1763544943775,1009.7348,-0.89312106,6.6406813,11.318649,0.2784016,-0.07177661,-0.13500112,95.325005,-16.7625,18.75,46.950733,0.3361091,49.741684,0.21217023,0.20423745,0.66602737,0.6853308,0.2265943,0.18810682,0.6139068,0.73238605,-1.0,0
1763544943800,1009.7697,-1.3950156,6.9009004,9.650253,0.24373505,-0.04382955,-0.039095346,97.55625,-17.175001,21.018751,46.950733,0.3361091,49.741684,0.21491222,0.20571326,0.66469055,0.68533295,0.22836429,0.18959029,0.6129646,0.73224294,-1.0,0
1763544943826,1009.7697,-1.1162517,6.9098735,9.592826,0.01527162,-0.16157374,0.037262753,98.34376,-17.0625,18.150002,46.950733,0.3361091,49.741684,0.21592344,0.20315918,0.66446537,0.68599504,0.22941762,0.18940106,0.6126492,0.73222655,-1.0,0
1763544943853,1009.78217,-0.2835495,5.45085,11.677572,-0.15500695,-0.17424917,-0.05589413,97.55625,-15.918751,18.7875,46.950733,0.3361091,49.741684,0.21471548,0.20064506,0.6643738,0.68720174,0.22881325,0.18440625,0.6123418,0.7339457,-1.0,0
1763544943878,1009.8044,-0.87637126,5.1158547,9.205787,0.24556763,0.13912445,0.20616686,98.2125,-17.587502,19.575,46.950733,0.3361091,49.741684,0.21442166,0.20270929,0.66563904,0.6854611,0.22862385,0.18654448,0.6139167,0.73214656,-1.0,0
1763544943903,1009.8044,-0.07238288,5.263612,7.3292155,0.3358229,-0.26633704,0.21991132,97.443756,-18.65625,17.71875,46.950733,0.3361091,49.741684,0.21768095,0.20327,0.6662092,0.68371165,0.2318889,0.18689896,0.61471605,0.7303564,-1.0,0
1763544943928,1009.7985,0.19381863,5.029713,5.8827543,0.17760894,-0.46456265,0.11148282,98.53126,-19.050001,18.54375,46.950733,0.3361091,49.741684,0.22394915,0.19891186,0.66534346,0.6838121,0.23783764,0.18207803,0.61378866,0.7304412,-1.0,0
1763544943953,1009.76996,0.053240303,4.6498528,6.053841,-0.19929464,-0.22021675,0.007941242,99.01875,-19.612501,17.60625,46.950733,0.3361091,49.741684,0.22071122,0.196954,0.66620785,0.6845895,0.23448016,0.18034235,0.61453575,0.7313286,-1.0,0
1763544943978,1009.76996,-0.8530413,4.017549,8.654242,-0.27030766,0.2790125,0.056352276,97.481255,-19.1625,18.975,46.950733,0.3361091,49.741684,0.21649496,0.19654769,0.66769314,0.68460554,0.2302369,0.18025552,0.616051,0.7314233,-1.0,0
1763544944003,1009.7641,-0.8919246,4.0827537,7.600203,0.07116575,0.11285727,0.16707152,99.28126,-19.59375,19.743752,46.950733,0.3361091,49.741684,0.21699741,0.19801436,0.6699395,0.6818237,0.23079477,0.18174526,0.61869466,0.7286421,-1.0,0
1763544944029,1009.7475,-0.3475575,4.3208394,5.9760747,0.25106543,-0.07895427,0.21716243,97.8375,-19.612501,18.337502,46.950733,0.3361091,49.741684,0.2196442,0.19824277,0.67038053,0.680475,0.23345235,0.18177943,0.6192276,0.7273331,-1.0,0
1763544944054,1009.7475,0.12143575,4.531408,5.5944195,0.058337588,0.010995566,0.056046844,98.3625,-21.4125,17.775002,46.950733,0.3361091,49.741684,0.2207283,0.19851896,0.670614,0.6798133,0.23456979,0.18195541,0.61944395,0.72674507,-1.0,0
1763544944079,1009.72406,-0.552742,4.5559344,6.018547,0.003817905,0.18203771,0.015424335,98.30625,-22.40625,16.9125,46.950733,0.3361091,49.741684,0.21997024,0.19963688,0.6709785,0.67937183,0.23390971,0.18310662,0.61978114,0.7263811,-1.0,0
1763544944104,1009.71576,-0.85902333,4.6636114,6.617949,0.02932151,0.16462806,0.07177661,97.68751,-22.3875,20.362501,46.950733,0.3361091,49.741684,0.21961227,0.20192088,0.67227024,0.6775331,0.23373689,0.18538782,0.62113255,0.7247018,-1.0,0
1763544944129,1009.71576,-0.8644072,5.1092744,7.04447,0.15500695,-0.026572619,0.14584397,98.925,-22.875,19.181252,46.950733,0.3361091,49.741684,0.22227558,0.20187525,0.67259544,0.6763544,0.23639551,0.18514109,0.62152064,0.723569,-1.0,0
1763544944154,1009.72064,-0.36430725,6.0376897,8.180463,0.13942988,-0.22601996,0.20448698,96.3375,-24.018751,19.987501,46.950733,0.3361091,49.741684,0.22506784,0.2011524,0.6730461,0.67519706,0.23914322,0.18419646,0.6219933,0.72250015,-1.0,0
1763544944179,1009.72064,-0.13339986,6.2027946,9.203394,0.16508621,-0.21746786,0.21914774,97.068756,-26.062502,21.2625,46.950733,0.3361091,49.741684,0.2312163,0.1998201,0.6740804,0.67247796,0.24177064,0.183339,0.6226016,0.7213189,-1.0,0
1763544944204,1009.7292,0.6556334,6.4121666,9.775279,0.24449863,-0.26511532,0.22953244,99.46876,-25.06875,20.79375,46.950733,0.3361091,49.741684,0.2344207,0.1999188,0.67444724,0.6709697,0.2483782,0.1822878,0.6237107,0.7183762,-1.0,0
1763544944230,1009.75433,0.3278167,7.772486,8.86122,0.1621846,0.09773836,0.13942988,99.3375,-25.931252,18.243752,46.950733,0.3361091,49.741684,0.23572612,0.2011058,0.6751415,0.6694577,0.24976133,0.18338381,0.62453455,0.71690047,-1.0,0
1763544944256,1009.75433,0.2865405,8.003992,8.288139,-0.0820086,0.12751803,0.11911863,97.443756,-26.493752,19.3875,46.950733,0.3361091,49.741684,0.23364986,0.19979133,0.6770329,0.66866857,0.24913786,0.18422705,0.625674,0.715907,-1.0,0
1763544944281,1009.76556,1.0289137,7.6420774,9.5964155,-0.3744601,-0.09834923,0.024129158,96.412506,-27.35625,18.618752,46.950733,0.3361091,49.741684,0.23132372,0.19628942,0.6771438,0.6703999,0.24510053,0.17879014,0.6261374,0.71827,-1.0,0
1763544944306,1009.76556,0.96550393,6.7447686,11.172688,-0.4951059,-0.04291325,-0.092851445,97.4625,-26.268751,21.225,46.950733,0.3361091,49.741684,0.22600058,0.19498028,0.67819643,0.67153263,0.23968393,0.17789094,0.62715167,0.71943533,-1.0,0
1763544944331,1009.7961,1.0271192,5.8169518,11.106286,-0.29168794,0.53511757,-0.07849612,95.49375,-27.337502,21.1875,46.950733,0.3361091,49.741684,0.21968652,0.19618355,0.6796995,0.67175776,0.23343796,0.17960197,0.6287828,0.7196402,-1.0,0
1763544944357,1009.81024,0.61854464,5.5429735,9.896116,-0.040622506,0.067653276,-0.05329795,96.9,-28.44375,20.493752,46.950733,0.3361091,49.741684,0.22000706,0.19472198,0.6791584,0.67262477,0.23111379,0.18029603,0.6292813,0.7197811,-1.0,0
1763544944382,1009.81024,0.7070791,4.3555355,7.483553,0.018325943,-0.5369501,0.100181825,97.762505,-27.73125,20.98125,46.950733,0.3361091,49.741684,0.22399166,0.19116531,0.6784167,0.67307824,0.23729208,0.1743815,0.62770766,0.7206016,-1.0,0
1763544944409,1009.80804,1.1252248,4.106682,6.773483,-0.14126249,-0.2762636,0.1707367,97.575005,-28.10625,19.3125,46.950733,0.3361091,49.741684,0.22598659,0.18769144,0.6788877,0.6729141,0.23901676,0.17078935,0.62824225,0.720426,-1.0,0
1763544944434,1009.78973,1.8526429,4.107878,6.5114684,-0.30665413,0.06811142,0.11911863,95.64375,-27.206251,22.40625,46.950733,0.3361091,49.741684,0.2214304,0.1839077,0.681299,0.6730366,0.23417978,0.16737175,0.63071626,0.7206549,-1.0,0
1763544944459,1009.78973,0.5306084,4.2520456,6.4235325,-0.26511532,0.004581486,-0.15027274,96.075005,-28.143751,20.71875,46.950733,0.3361091,49.741684,0.21920772,0.18235174,0.6810602,0.67442775,0.23184545,0.16598758,0.63039774,0.7220073,-1.0,0
1763544944484,1009.76263,0.14476576,4.4374895,6.3661046,-0.1432478,-0.13545926,-0.12965605,95.9625,-30.150002,20.212502,46.950733,0.3361091,49.741684,0.21866402,0.18073218,0.68019295,0.6759139,0.23118664,0.16441049,0.6294213,0.72342986,-1.0,0
1763544944509,1009.7441,0.762114,4.8442693,6.416952,-0.08918626,-0.17577635,-0.09498947,95.45625,-28.331251,20.325,46.950733,0.3361091,49.741684,0.21974352,0.17789595,0.6780859,0.6784286,0.2320741,0.16148007,0.6270643,0.7258486,-1.0,0
1763544944534,1009.7441,1.0875379,4.996812,6.8279195,-0.060781047,-0.20387612,-0.16615522,96.93751,-28.181252,20.775002,46.950733,0.3361091,49.741684,0.22022025,0.17692113,0.6763463,0.68026286,0.23248746,0.16046073,0.625157,0.7275855,-1.0,0
1763544944560,1009.7299,0.16031912,5.1529436,7.893324,0.035124727,-0.14844014,-0.18997894,96.168755,-29.250002,19.06875,46.950733,0.3361091,49.741684,0.22100529,0.17640667,0.6745956,0.6818783,0.23323968,0.15988092,0.6232634,0.72909534,-1.0,0
1763544944585,1009.7348,0.3702893,5.346762,7.9764743,0.19226968,-0.1226311,-0.077121675,95.15625,-29.737501,21.525002,46.950733,0.3361091,49.741684,0.22499691,0.17813425,0.67239314,0.682299,0.23735094,0.16130704,0.62101525,0.72937274,-1.0,0
1763544944610,1009.7348,0.9403793,5.638088,7.2006016,0.2838994,-0.09666935,-0.045814857,93.356255,-31.29375,22.25625,46.950733,0.3361091,49.741684,0.22712138,0.17918245,0.67108387,0.6826096,0.23955618,0.16218302,0.61964107,0.72962624,-1.0,0
1763544944636,1009.7321,0.2727818,5.998208,8.426325,0.05574141,-0.116217025,-0.16081016,95.25,-29.23125,21.7875,46.950733,0.3361091,49.741684,0.22835568,0.17937659,0.66958344,0.6836196,0.2408191,0.16226038,0.61799085,0.73059225,-1.0,0
1763544944661,1009.7321,-0.5988039,5.8911295,10.015758,0.07315106,-0.04092794,-0.011148282,95.287506,-31.218752,21.900002,46.950733,0.3361091,49.741684,0.22907878,0.17950992,0.6688435,0.68406683,0.24156177,0.16232319,0.61716735,0.7310291,-1.0,0
1763544944686,1009.7519,0.21535404,6.1567326,10.5487585,0.23044874,0.087506376,0.22769985,95.64375,-31.575,22.5,46.950733,0.3361091,49.741684,0.23148967,0.18312134,0.67125124,0.67992705,0.24420893,0.1657797,0.6199617,0.7269984,-1.0,0
1763544944711,1009.7751,0.5593223,6.8392854,10.197014,0.3498728,0.108123064,0.17180572,93.5625,-33.037502,24.50625,46.950733,0.3361091,49.741684,0.23333533,0.18559423,0.67211473,0.6777693,0.24621595,0.16813177,0.6210392,0.7248584,-1.0,0
1763544944737,1009.7751,0.14177474,6.7483582,9.465408,0.3045161,0.025809037,0.21884231,93.84375,-33.131252,24.018751,46.950733,0.3361091,49.741684,0.2354627,0.18756807,0.6729754,0.6756328,0.24847539,0.16995424,0.62207794,0.72276866,-1.0,0
1763544944761,1009.7836,1.0043873,6.6370916,8.523832,0.011911863,-0.0697913,0.19165882,92.287506,-33.54375,24.206251,46.950733,0.3361091,49.741684,0.23550725,0.18477818,0.6746189,0.67474633,0.24833141,0.1671471,0.62371945,0.72205776,-1.0,0
1763544944786,1009.77924,0.4648058,4.9142594,12.332608,-0.52977246,0.16752967,-0.19272783,92.4375,-34.275,24.375002,46.950733,0.3361091,49.741684,0.23107757,0.18202199,0.6747705,0.67687213,0.24370654,0.16472995,0.62374365,0.7241651,-1.0,0
1763544944812,1009.77924,-0.590429,4.369892,11.958131,-0.24449863,0.32940882,-0.16997312,92.850006,-33.61875,24.6,46.950733,0.3361091,49.741684,0.22608815,0.18201265,0.67494106,0.6783879,0.23868163,0.16515307,0.62401456,0.7255077,-1.0,0
1763544944836,1009.80975,-0.738784,4.3872404,9.906884,-0.010079269,0.13790272,-0.04734202,92.381256,-36.018753,24.16875,46.950733,0.3361091,49.741684,0.22360502,0.18266866,0.6750105,0.6789653,0.23615718,0.16631968,0.62443197,0.7257081,-1.0,0
1763544944861,1009.80975,-0.4660022,4.4674,8.365906,0.034208428,-0.113162704,0.013744458,94.55625,-34.800003,22.95,46.950733,0.3361091,49.741684,0.2243623,0.18098898,0.6749837,0.6791918,0.23615475,0.16612639,0.6244695,0.7257209,-1.0,0
1763544944886,1009.81146,-0.26799613,4.6139603,6.999604,-0.2764163,0.07589995,0.10766492,93.225006,-36.075,25.95,46.950733,0.3361091,49.741684,0.2228711,0.17932728,0.67596334,0.6791492,0.23515992,0.16287914,0.6255079,0.72588575,-1.0,0
1763544944911,1009.78827,-0.10229317,4.706682,7.3142605,-0.33689192,0.2988656,0.14416409,92.325005,-35.53125,24.300001,46.950733,0.3361091,49.741684,0.216274,0.17851855,0.67962945,0.6778352,0.23116344,0.16255043,0.6275987,0.7254383,-1.0,0
1763544944936,1009.78827,0.19501504,4.579264,7.146763,-0.15775582,0.1414152,0.111635536,92.90625,-36.225002,25.218752,46.950733,0.3361091,49.741684,0.2165213,0.17796189,0.67996794,0.677563,0.22852965,0.16253464,0.6292235,0.72486854,-1.0,0
1763544944961,1009.7697,0.41575295,4.3172503,5.9671016,-0.013439025,-0.019547673,0.011759147,90.318756,-35.86875,26.081251,46.950733,0.3361091,49.741684,0.21708031,0.17753251,0.67991793,0.67754704,0.22927064,0.16148257,0.62949824,0.7246312,-1.0,0
1763544944986,1009.75116,0.30508488,4.255037,6.224928,-0.059101168,0.22739442,-0.022907428,90.9375,-37.18125,26.718752,46.950733,0.3361091,49.741684,0.21556634,0.17844911,0.68025905,0.6774472,0.22783567,0.16249259,0.62980443,0.7245919,-1.0,0
1763544945012,1009.75116,-0.025124637,4.1665025,6.61436,0.0044287695,0.23426664,-0.043218683,91.05,-36.5625,27.281252,46.950733,0.3361091,49.741684,0.21360894,0.18180421,0.6804299,0.67700344,0.2261329,0.16596822,0.62996995,0.7241936,-1.0,0
1763544945037,1009.73114,-0.6197411,4.371089,6.8853474,0.16249003,0.08002329,-0.0056504994,89.793755,-37.800003,26.400002,46.950733,0.3361091,49.741684,0.21598822,0.18323201,0.68009233,0.6762023,0.22860882,0.16722107,0.6296905,0.72337055,-1.0,0
1763544945063,1009.73114,-0.14955142,5.572884,7.0169525,0.41309732,-0.27305657,0.07101303,87.09375,-39.975002,29.906252,46.950733,0.3361091,49.741684,0.22038661,0.18424979,0.6792487,0.67535394,0.23307784,0.16790758,0.62887216,0.7224968,-1.0,0
1763544945088,1009.71356,-0.30089745,5.8618174,7.332805,0.3498728,-0.16081016,0.064904384,89.887505,-37.912502,27.6375,46.950733,0.3361091,49.741684,0.22651571,0.18722168,0.6783832,0.67337584,0.23944083,0.17038022,0.6279997,0.7205935,-1.0,0
1763544945113,1009.7221,-0.18245272,6.2291155,7.800602,0.2678642,0.0015271619,0.09666935,88.875,-38.53125,28.3875,46.950733,0.3361091,49.741684,0.22812988,0.18862337,0.6786515,0.67216814,0.24117093,0.17163509,0.6282753,0.7194777,-1.0,0
1763544945138,1009.7221,0.72323066,6.445666,9.262616,0.19501857,-0.27870706,0.06062833,86.418755,-39.787502,29.19375,46.950733,0.3361091,49.741684,0.23106216,0.18848461,0.67823917,0.67162156,0.24409789,0.171267,0.62785125,0.7189483,-1.0,0
1763544945164,1009.7316,0.634098,6.7034926,9.232706,0.062155493,-0.19593488,-0.0036651888,88.5,-38.831253,29.531252,46.950733,0.3361091,49.741684,0.23214515,0.18757027,0.6777712,0.6719764,0.24511762,0.17026834,0.6273345,0.71928954,-1.0,0
1763544945189,1009.7817,-0.22851457,7.246065,10.05165,-0.1470657,0.1838703,-0.018631376,88.575005,-39.9375,29.268751,46.950733,0.3361091,49.741684,0.22990869,0.18786928,0.67859423,0.671831,0.24291916,0.17071371,0.62812203,0.7192426,-1.0,0
1763544945214,1009.7817,0.21595225,7.5900335,10.7635145,-0.07055488,-0.2290743,0.088269964,84.450005,-39.881252,31.087502,46.950733,0.3361091,49.741684,0.23027365,0.18659021,0.67893517,0.6717181,0.2431978,0.16940099,0.62843895,0.7191819,-1.0,0
1763544945239,1009.8166,1.0025927,7.1228347,11.968899,-0.11377356,-0.3178024,0.008399391,87.46875,-39.675003,28.44375,46.950733,0.3361091,49.741684,0.2317929,0.18374892,0.6784388,0.67247987,0.24451569,0.1664443,0.62785125,0.71993834,-1.0,0
1763544945264,1009.82635,1.3417753,6.302695,12.70529,-0.027336199,0.045051277,0.038026333,84.637505,-40.4625,30.187502,46.950733,0.3361091,49.741684,0.23119126,0.18463811,0.6794428,0.6714289,0.24393296,0.16744354,0.6291315,0.7187857,-1.0,0
1763544945289,1009.82635,2.2582264,5.471787,9.031111,0.24541493,0.068416856,0.03527744,83.662506,-40.3125,29.5125,46.950733,0.3361091,49.741684,0.23207146,0.18653396,0.67974937,0.67029005,0.24490446,0.16933364,0.6297036,0.7175105,-1.0,0
1763544945315,1009.8112,2.1894326,4.9286165,8.411369,0.09300416,-0.09957096,-0.06536253,82.950005,-41.53125,31.500002,46.950733,0.3361091,49.741684,0.23339607,0.18666224,0.67921036,0.6703408,0.24621339,0.16939746,0.62925345,0.7174424,-1.0,0
1763544945340,1009.8112,1.698904,4.3764725,8.292327,0.047494736,-0.109344795,-0.11866048,82.55625,-40.6875,29.643751,46.950733,0.3361091,49.741684,0.23507468,0.18612795,0.6773108,0.6718232,0.24718277,0.16873965,0.62831163,0.7180892,-1.0,0
1763544945365,1009.7829,1.282553,4.305286,7.2825556,0.09392046,0.031001387,-0.18157956,82.537506,-40.6875,31.181252,46.950733,0.3361091,49.741684,0.2352936,0.18706353,0.676175,0.6726303,0.24806881,0.16975783,0.62634134,0.719264,-1.0,0
1763544945390,1009.73627,0.24047868,4.1635113,5.083552,0.0035124724,-0.008552107,-0.20433427,84.01875,-40.78125,29.025002,46.950733,0.3361091,49.741684,0.23509547,0.18769781,0.67484957,0.6738528,0.24791494,0.17040697,0.6249387,0.7203827,-1.0,0
1763544945415,1009.73627,0.08793623,3.9661036,5.1457653,-0.04214967,-0.111635536,-0.18188499,80.9625,-42.7125,30.54375,46.950733,0.3361091,49.741684,0.2356769,0.18679965,0.67215526,0.6765867,0.247957,0.1700826,0.6233826,0.72179174,-1.0,0
1763544945441,1009.6943,0.14356937,3.9391842,5.046463,-0.0140498895,-0.13515383,-0.1357647,81.506256,-41.53125,29.643751,46.950733,0.3361091,49.741684,0.23586178,0.1863032,0.6711715,0.67763495,0.24860731,0.1689203,0.6208806,0.7239942,-1.0,0
1763544945467,1009.6696,0.67178494,4.490132,5.788238,-0.10308343,-0.0061086477,-0.20021093,81.506256,-42.28125,29.531252,46.950733,0.3361091,49.741684,0.23516032,0.18597661,0.67007524,0.67905194,0.24789594,0.16862765,0.6196354,0.72537184,-1.0,0
1763544945492,1009.6696,-0.14476576,4.644469,6.227919,-0.06704241,0.023976443,-0.19883649,80.175,-41.4375,31.63125,46.950733,0.3361091,49.741684,0.23415267,0.18616153,0.6682125,0.68118167,0.24697605,0.16886017,0.61827606,0.7267901,-1.0,0
1763544945518,1009.67303,-0.12861422,4.9286165,6.8602223,0.0097738365,-0.051923506,-0.04016436,80.4375,-41.662502,31.312502,46.950733,0.3361091,49.741684,0.23547843,0.1863888,0.66814566,0.6807279,0.24692096,0.16885985,0.61755234,0.72742385,-1.0,0
1763544945543,1009.67303,0.7471589,5.4783673,7.5996046,0.1640172,-0.08811724,0.07284562,80.0625,-39.956253,30.7875,46.950733,0.3361091,49.741684,0.23824456,0.18748073,0.66776395,0.67983943,0.24826612,0.16898172,0.61749023,0.7269903,-1.0,0
1763544945568,1009.6723,0.52163535,6.1292152,7.385447,0.3260491,-0.0962112,0.055283263,77.943756,-40.800003,32.60625,46.950733,0.3361091,49.741684,0.24142003,0.18880817,0.66718566,0.6789191,0.2543749,0.17095485,0.61662596,0.7251485,-1.0,0
1763544945593,1009.6945,0.90029955,6.5054865,8.1230345,0.24190246,0.005497783,0.08032872,78.975006,-41.68125,30.54375,46.950733,0.3361091,49.741684,0.24498446,0.19157033,0.66707677,0.6769727,0.25815445,0.17341529,0.6165502,0.72329056,-1.0,0
1763544945618,1009.6945,1.2424731,7.1048884,9.747163,0.16859868,-0.087506376,-0.04046979,79.200005,-41.287502,30.6375,46.950733,0.3361091,49.741684,0.24669032,0.19223075,0.6664451,0.67678815,0.25990662,0.17394632,0.61592036,0.7230722,-1.0,0
1763544945643,1009.71893,0.9667004,7.253842,10.066605,0.09773836,0.00076358096,-0.1311832,76.93125,-42.2625,31.706251,46.950733,0.3361091,49.741684,0.24765469,0.19288042,0.66538626,0.6772927,0.26091245,0.17452905,0.6148398,0.723489,-1.0,0
1763544945668,1009.75385,0.021535404,7.4697943,9.978668,-0.032833982,0.36636615,-0.12950334,74.30625,-41.41875,32.550003,46.950733,0.3361091,49.741684,0.24114193,0.19772397,0.6662654,0.6773819,0.25476372,0.17983228,0.61571836,0.72363436,-1.0,0
1763544945693,1009.75385,-0.4444668,7.7312098,10.254441,-0.17043127,0.54290605,-0.03161225,75.600006,-40.162502,32.04375,46.950733,0.3361091,49.741684,0.23722671,0.1994758,0.6674591,0.6770755,0.2509966,0.18184568,0.61688477,0.72345424,-1.0,0
1763544945718,1009.7861,0.3822534,6.450452,10.86162,-0.11331542,0.03375028,-0.19578215,74.71875,-39.393753,33.16875,46.950733,0.3361091,49.741684,0.23554334,0.199547,0.66688406,0.6782079,0.24932061,0.18204096,0.616238,0.7245351,-1.0,0
1763544945743,1009.7978,-0.8243274,5.3240304,10.208978,-0.15164718,0.10430516,-0.28512114,73.03125,-39.825,32.60625,46.950733,0.3361091,49.741684,0.22954887,0.20039083,0.6652115,0.6816484,0.24335155,0.18338259,0.6145241,0.727675,-1.0,0
1763544945768,1009.7978,-1.6031911,4.6881375,9.622736,-0.24022257,0.3272708,-0.16340633,74.25,-37.96875,34.36875,46.950733,0.3361091,49.741684,0.22503708,0.20093219,0.6662592,0.68197006,0.23885939,0.1842868,0.6156684,0.7279677,-1.0,0
1763544945793,1009.7944,-0.5270192,4.6953163,9.286545,-0.10644319,0.05589413,0.11194097,73.387505,-38.550003,34.800003,46.950733,0.3361091,49.741684,0.22295335,0.20046593,0.66744334,0.68163383,0.23671566,0.18401216,0.6169996,0.72761023,-1.0,0
1763544945818,1009.7944,-0.54317075,4.699504,7.9884386,0.016187917,-0.06933315,0.16569707,72.637505,-37.256252,34.5,46.950733,0.3361091,49.741684,0.22313198,0.19973858,0.66836745,0.68088293,0.23680992,0.18331514,0.61810166,0.72681975,-1.0,0
1763544945844,1009.7714,-0.6023931,4.6612186,6.827321,-0.022907428,-0.06185006,0.26267186,72.65625,-36.506252,33.525,46.950733,0.3361091,49.741684,0.22317348,0.19764277,0.6721969,0.6777037,0.23668411,0.18124482,0.6222189,0.72386086,-1.0,0
1763544945869,1009.7514,0.6239285,4.6325045,6.5515485,-0.11682789,0.03451386,0.27962336,71.793755,-37.8375,33.84375,46.950733,0.3361091,49.741684,0.22234735,0.19661225,0.6745871,0.67589766,0.23579372,0.18026656,0.6247033,0.72225416,-1.0,0
1763544945895,1009.7514,0.50428736,4.2460637,5.937191,-0.0004581486,-0.17043127,0.14905101,70.51875,-36.956253,32.7,46.950733,0.3361091,49.741684,0.22337759,0.19527952,0.6755354,0.67499655,0.23672861,0.17886087,0.6257046,0.72143066,-1.0,0
1763544945921,1009.72626,0.36131623,3.9954157,5.326423,-0.00320704,-0.24572036,0.07147118,69.693756,-34.55625,32.025,46.950733,0.3361091,49.741684,0.22565891,0.19188903,0.67559034,0.67515504,0.23876972,0.17530653,0.62571824,0.72161853,-1.0,0
1763544945947,1009.7148,0.06699903,4.01396,6.678966,-0.1499673,0.06383537,-0.00320704,69.43125,-35.71875,34.29375,46.950733,0.3361091,49.741684,0.22437505,0.19103786,0.6759228,0.67549145,0.2374328,0.17454313,0.6260078,0.7219935,-1.0,0
1763544945972,1009.7148,-0.13878371,4.29392,6.806384,0.011911863,0.08842268,0.03084867,69.39375,-36.1875,30.618752,46.950733,0.3361091,49.741684,0.22349189,0.19132967,0.67634076,0.6752833,0.23656596,0.1749063,0.6264672,0.7217916,-1.0,0
1763544945997,1009.6984,-0.65324056,5.032106,5.7409797,0.113926284,0.08048143,0.056046844,68.9625,-36.0,32.193752,46.950733,0.3361091,49.741684,0.22349828,0.19358757,0.6772064,0.67376834,0.23679563,0.17603262,0.62683386,0.7211239,-1.0,0
1763544946022,1009.7072,-0.74835527,5.8749776,6.6053867,-0.0108428495,-0.123852834,0.13026692,67.950005,-35.11875,33.487503,46.950733,0.3361091,49.741684,0.22402118,0.19347759,0.67774874,0.6730806,0.23729159,0.17695132,0.6278477,0.7198529,-1.0,0
1763544946047,1009.7072,-0.07776674,6.0634127,8.175676,0.01725693,-0.41615164,0.17195843,68.0625,-33.3375,31.2,46.950733,0.3361091,49.741684,0.22675563,0.19116704,0.6778879,0.6726849,0.23988637,0.17440613,0.62788016,0.7195857,-1.0,0
1763544946073,1009.7358,0.45702913,6.3308105,8.899506,0.058795735,-0.36331183,0.16615522,67.96875,-35.11875,33.018753,46.950733,0.3361091,49.741684,0.23008801,0.1887453,0.6778945,0.6722305,0.24305066,0.17173134,0.6278595,0.7191851,-1.0,0
1763544946098,1009.7358,0.9206385,6.669993,9.5455675,0.0030543238,-0.07849612,0.1311832,68.100006,-34.48125,32.662502,46.950733,0.3361091,49.741684,0.23104495,0.18786494,0.67900145,0.6710306,0.24432313,0.17053317,0.628443,0.7185291,-1.0,0
1763544946123,1009.757,0.12921242,7.629515,9.793225,-0.046273008,0.050243627,-0.05497783,70.18125,-33.112503,29.118752,46.950733,0.3361091,49.741684,0.23033507,0.18830174,0.6789516,0.67120254,0.24327649,0.17125522,0.6289406,0.71827704,-1.0,0
1763544946148,1009.79047,-0.09092726,7.4979095,10.319646,-0.18585561,-0.09987639,-0.06704241,67.575005,-32.025,31.500002,46.950733,0.3361091,49.741684,0.22872105,0.18452324,0.678412,0.6733461,0.24142861,0.16755413,0.62810385,0.7205022,-1.0,0
1763544946173,1009.79047,0.59700924,7.0145597,11.575878,-0.34055713,-0.17455462,-0.028710645,68.3625,-33.318752,30.712502,46.950733,0.3361091,49.741684,0.22721858,0.18121438,0.67848176,0.67468184,0.23968843,0.16436665,0.6280905,0.7218278,-1.0,0
1763544946198,1009.8337,1.7060826,5.7762737,13.609179,-0.1178969,0.018173227,-0.048258316,68.3625,-31.931252,29.550001,46.950733,0.3361091,49.741684,0.22587655,0.1795642,0.6785605,0.6754941,0.23819499,0.1628701,0.62827,0.72250485,-1.0,0
1763544946223,1009.8337,1.2634103,5.601598,11.5932255,0.11911863,0.13439025,-0.04367683,69.731255,-31.781252,28.0125,46.950733,0.3361091,49.741684,0.22512046,0.18039139,0.67860985,0.67547643,0.23744237,0.16383345,0.6285761,0.7222685,-1.0,0
1763544946249,1009.841,1.018146,5.163711,9.519247,0.17898338,0.10140356,-0.021991132,68.700005,-30.393751,28.500002,46.950733,0.3361091,49.741684,0.22587305,0.18296795,0.6783598,0.674783,0.23830797,0.16644883,0.62867653,0.7212974,-1.0,0
1763544946275,1009.8078,0.7938189,4.4464626,6.9936223,0.076816246,-0.205556,0.06658426,68.3625,-29.812502,28.968752,46.950733,0.3361091,49.741684,0.2274941,0.1824371,0.6782339,0.67450863,0.23987167,0.16582651,0.6286379,0.72095597,-1.0,0
1763544946301,1009.8078,1.7838492,4.319643,6.8488564,-0.06734784,-0.35705048,0.06398808,67.70625,-28.743752,28.050001,46.950733,0.3361091,49.741684,0.2296596,0.1797665,0.6780574,0.6746693,0.24183644,0.1630174,0.62847567,0.72108173,-1.0,0
1763544946328,1009.7807,2.1720848,4.3064823,7.196414,-0.17883067,-0.20326525,-0.045814857,68.11875,-29.587502,28.518751,46.950733,0.3361091,49.741684,0.22937718,0.17555349,0.67717415,0.6767586,0.24123774,0.15886246,0.6275286,0.72303176,-1.0,0
1763544946353,1009.7487,0.8955139,4.662415,6.5724854,-0.019089524,0.088269964,-0.17806709,69.225006,-27.843752,27.225,46.950733,0.3361091,49.741684,0.22821675,0.17596407,0.6763824,0.6778352,0.240099,0.15936977,0.6267094,0.72400904,-1.0,0
1763544946379,1009.7487,0.90089774,4.805386,5.8247285,0.064140804,-0.00641408,-0.17409647,70.387505,-26.362501,28.556252,46.950733,0.3361091,49.741684,0.22827522,0.17674825,0.6752217,0.6787681,0.2402136,0.16014658,0.6254819,0.72486055,-1.0,0
1763544946404,1009.7238,0.95712906,4.895715,5.555536,0.044134982,-0.06459895,-0.24495678,70.18125,-26.868752,26.2875,46.950733,0.3361091,49.741684,0.22870216,0.17779657,0.67151684,0.6820182,0.24074468,0.16111575,0.6214163,0.7279599,-1.0,0
1763544946430,1009.71893,0.49351966,4.786842,6.451648,-0.049938194,0.15775582,-0.2782489,71.700005,-26.587502,25.968752,46.950733,0.3361091,49.741684,0.22720838,0.1790081,0.66997343,0.6837163,0.2393589,0.1624034,0.61967444,0.7296136,-1.0,0
1763544946455,1009.71893,0.30209386,4.889135,6.7178497,0.06536253,0.15622866,-0.25076,71.887505,-25.687502,25.425001,46.950733,0.3361091,49.741684,0.22594278,0.1809919,0.6685698,0.6849863,0.23824844,0.1644564,0.61813563,0.73082155,-1.0,0
1763544946480,1009.71405,-0.21954148,5.113462,6.297311,0.18157956,0.08124501,-0.1913534,71.08125,-25.275002,26.1,46.950733,0.3361091,49.741684,0.22677527,0.185272,0.6661874,0.68588746,0.23852877,0.16661853,0.6165394,0.7315883,-1.0,0
1763544946505,1009.7126,-0.41455653,5.6410794,6.157929,0.1875355,0.06918044,-0.05253437,73.350006,-24.187502,26.587502,46.950733,0.3361091,49.741684,0.22787817,0.1868928,0.6661387,0.68512905,0.24064773,0.17013533,0.61549014,0.7309682,-1.0,0
1763544946530,1009.7126,0.6867401,6.3996043,7.9477606,0.30482152,-0.10583232,0.100487255,72.1125,-24.431252,27.187502,46.950733,0.3361091,49.741684,0.23051709,0.1881431,0.6660278,0.68401104,0.24339437,0.1711582,0.61535215,0.72993547,-1.0,0
1763544946555,1009.7133,0.76749784,6.6281185,7.7820573,0.3675879,-0.105526894,0.09025527,72.15,-25.1625,25.218752,46.950733,0.3361091,49.741684,0.23398304,0.18964304,0.66567,0.6827671,0.24697383,0.1723847,0.61502093,0.72872263,-1.0,0
1763544946581,1009.7133,0.91465646,6.7782683,7.9836526,0.2689332,-0.091477,0.074067354,74.231255,-22.81875,24.393751,46.950733,0.3361091,49.741684,0.23885414,0.19118147,0.6650765,0.681228,0.25197914,0.17351703,0.61438644,0.7272741,-1.0,0
1763544946606,1009.7299,1.1318051,7.1545396,9.863813,-0.076358095,-0.06307179,-0.097432934,74.043755,-23.94375,22.63125,46.950733,0.3361091,49.741684,0.23937717,0.19048813,0.66440165,0.68189687,0.25246364,0.17276937,0.6136118,0.72793776,-1.0,0
1763544946632,1009.7695,0.10049855,7.388438,10.871191,-0.17211115,0.25625777,-0.119271345,74.68125,-22.143751,23.550001,46.950733,0.3361091,49.741684,0.23295003,0.19274548,0.6652306,0.6826798,0.25030997,0.1731667,0.61338526,0.7287775,-1.0,0
1763544946656,1009.7695,-0.68494546,7.5086775,10.391431,-0.17684536,0.46838057,-0.035124727,74.100006,-21.35625,24.337502,46.950733,0.3361091,49.741684,0.22902246,0.19407527,0.66638416,0.68250686,0.24621609,0.17548266,0.6143803,0.72878,-1.0,0
1763544946682,1009.7968,-0.037686955,6.468996,10.710274,-0.3677406,-0.057268575,-0.09224058,75.600006,-22.9125,21.018751,46.950733,0.3361091,49.741684,0.22645889,0.19238012,0.66656053,0.68366903,0.2397371,0.17555587,0.6155458,0.7299381,-1.0,0
1763544946708,1009.8378,-0.552742,5.538188,12.162119,-0.31077746,-0.08659008,-0.13775001,76.9875,-21.7875,22.050001,46.950733,0.3361091,49.741684,0.22447868,0.18974514,0.665997,0.6856049,0.23756987,0.17307355,0.6148536,0.7318204,-1.0,0
1763544946733,1009.8378,-1.1659029,4.8825545,11.776875,-0.037110034,0.12049308,0.004123337,75.543755,-21.5625,22.650002,46.950733,0.3361091,49.741684,0.22223245,0.19076324,0.667311,0.684776,0.23531368,0.17437132,0.6165979,0.730773,-1.0,0
1763544946758,1009.8327,-0.84107715,4.996214,9.625728,0.16630794,0.10873393,0.19058982,77.287506,-20.362501,20.081251,46.950733,0.3361091,49.741684,0.22369505,0.19104314,0.66829556,0.6832599,0.2367636,0.17458512,0.6178094,0.7292288,-1.0,0
1763544946784,1009.811,-0.1160519,4.7288156,7.0325055,0.0009162972,-0.21181737,0.12186752,79.0875,-21.54375,20.737501,46.950733,0.3361091,49.741684,0.22541496,0.18970197,0.6686457,0.68272555,0.23837541,0.17313556,0.61823034,0.72869235,-1.0,0
1763544946809,1009.811,-0.20518455,4.3274198,7.02772,-0.12660173,-0.11575887,0.15515965,79.0875,-21.54375,20.737501,46.950733,0.3361091,49.741684,0.22588296,0.18776205,0.66939104,0.68237674,0.23785019,0.17013693,0.62068313,0.7274841,-1.0,0
1763544946835,1009.7807,0.66341007,4.2556353,6.0436716,-0.09224058,0.11148282,0.19761476,78.037506,-21.675001,21.618752,46.950733,0.3361091,49.741684,0.22395054,0.18641074,0.672836,0.67999184,0.23667404,0.16996528,0.6226298,0.72624326,-1.0,0
1763544946860,1009.7807,0.7328019,4.273581,5.985048,-0.09117157,-0.007788526,0.11377356,79.256256,-20.681252,22.050001,46.950733,0.3361091,49.741684,0.22355124,0.1856101,0.6739369,0.67925155,0.23622014,0.16919315,0.6237746,0.7255887,-1.0,0
1763544946886,1009.75385,0.34576288,4.185645,5.933004,-0.08231403,0.08277218,0.03573559,79.9875,-18.6,20.775002,46.950733,0.3361091,49.741684,0.22083458,0.18632658,0.6753408,0.6785494,0.23356962,0.17009036,0.6251902,0.72501844,-1.0,0
1763544946910,1009.7338,-0.465404,4.2161536,5.6739807,-0.07513637,0.31566438,0.029474225,77.943756,-22.050001,21.956251,46.950733,0.3361091,49.741684,0.21823454,0.18851393,0.67677826,0.67735326,0.23114187,0.1724449,0.6266693,0.72396255,-1.0,0
1763544946936,1009.7338,-0.6442675,4.701298,6.0801625,0.118507765,0.09544762,0.20723587,79.9875,-20.081251,20.25,46.950733,0.3361091,49.741684,0.217792,0.19013676,0.6782017,0.6756161,0.23082903,0.1740785,0.6281609,0.722377,-1.0,0
1763544946961,1009.72235,-0.18065812,5.255835,6.3182483,0.18157956,-0.21945317,0.19746204,80.3625,-20.306252,21.300001,46.950733,0.3361091,49.741684,0.22031009,0.19008103,0.67879236,0.67422074,0.23335034,0.17382447,0.628793,0.72107697,-1.0,0
1763544946986,1009.72577,-0.0951147,5.688338,7.0414786,0.14019346,-0.18264857,0.1640172,80.662506,-20.268751,20.79375,46.950733,0.3361091,49.741684,0.22447385,0.1898789,0.6797201,0.6719658,0.23752794,0.17327143,0.62971824,0.71903574,-1.0,0
1763544947012,1009.72577,0.6903293,6.4067826,7.844869,0.042760536,-0.13194679,0.10461059,82.36875,-20.7,19.25625,46.950733,0.3361091,49.741684,0.22573677,0.18978171,0.6801815,0.67110276,0.2387997,0.17305745,0.630161,0.71827775,-1.0,0
1763544947038,1009.7421,1.1647065,6.541379,9.182457,-0.10399973,-0.28725916,-0.066126116,81.80625,-19.143751,19.3875,46.950733,0.3361091,49.741684,0.22717956,0.18780465,0.6794836,0.67187864,0.24011761,0.1709522,0.62932074,0.7190788,-1.0,0
1763544947064,1009.7756,0.8602197,6.422934,10.682756,-0.17730351,-0.103236146,-0.13897173,80.86875,-20.85,19.10625,46.950733,0.3361091,49.741684,0.22532576,0.18585993,0.6782882,0.6742473,0.23812725,0.16914798,0.6279634,0.7213503,-1.0,0
1763544947089,1009.7756,-0.036490545,7.7473617,10.758729,0.012675445,0.09040799,-0.016951498,83.043755,-21.0,18.581251,46.950733,0.3361091,49.741684,0.2241054,0.18669662,0.6783878,0.67432266,0.23695889,0.17008623,0.62810576,0.72139055,-1.0,0
1763544947114,1009.8027,0.7537391,8.005188,10.21137,0.062002774,-0.27351472,0.01282816,84.168755,-19.875,17.175001,46.950733,0.3361091,49.741684,0.22555347,0.18618903,0.67797977,0.6743907,0.23837498,0.16946411,0.6276584,0.72145975,-1.0,0
1763544947140,1009.8027,1.4542379,7.5475607,10.639686,-0.040317077,-0.5878046,-0.077121675,85.200005,-19.78125,18.13125,46.950733,0.3361091,49.741684,0.2316616,0.17922108,0.67433596,0.67785233,0.24166156,0.16588397,0.62591124,0.72271526,-1.0,0
1763544947165,1009.83246,1.1724831,5.5800624,10.254441,-0.20295982,0.091782436,-0.2556469,84.168755,-20.625,17.0625,46.950733,0.3361091,49.741684,0.2303915,0.17813428,0.6729563,0.67993945,0.2426358,0.16105884,0.62217945,0.72669154,-1.0,0
1763544947190,1009.83344,0.6269195,5.0823555,9.826126,-0.28939718,0.28878632,-0.20280711,83.45625,-20.56875,16.96875,46.950733,0.3361091,49.741684,0.22618908,0.17845315,0.67274964,0.6814697,0.23844492,0.16171281,0.62196356,0.728117,-1.0,0
1763544947215,1009.83344,0.4977071,4.523033,9.688539,-0.16859868,0.009468404,-0.15592323,85.33125,-19.143751,17.775002,46.950733,0.3361091,49.741684,0.2249493,0.17555422,0.67092806,0.68442243,0.23580852,0.16138111,0.6215365,0.7294127,-1.0,0
1763544947240,1009.8078,0.49232325,4.252644,8.435298,-0.031154104,-0.43325585,-0.11759147,85.59375,-18.73125,16.03125,46.950733,0.3361091,49.741684,0.22767022,0.17107289,0.66939926,0.6861523,0.23695107,0.15898325,0.62015814,0.730741,-1.0,0
1763544947266,1009.7885,1.6301104,3.8709888,8.878569,-0.27427828,-0.205556,-0.108581215,84.05625,-19.7625,17.025002,46.950733,0.3361091,49.741684,0.22771023,0.1673387,0.66857076,0.68786544,0.2390754,0.15065572,0.61775887,0.7338391,-1.0,0
1763544947290,1009.7885,1.3334004,3.9302113,8.812766,-0.21578798,0.16416991,-0.14844014,86.100006,-20.550001,16.6875,46.950733,0.3361091,49.741684,0.22514106,0.16629066,0.66838187,0.6891477,0.23640876,0.14983983,0.61762214,0.7349843,-1.0,0
1763544947316,1009.7631,1.1078769,4.033701,7.914261,-0.07742711,0.20723587,-0.18234314,86.625,-18.6375,16.6875,46.950733,0.3361091,49.741684,0.2215835,0.16845836,0.666888,0.69121844,0.23296352,0.15233341,0.6162316,0.73673683,-1.0,0
1763544947341,1009.7631,0.47856453,3.976273,6.302695,0.32253662,0.16523892,-0.2244928,86.100006,-20.550001,16.3875,46.950733,0.3361091,49.741684,0.22205785,0.17151293,0.66530997,0.6918354,0.23363596,0.15537243,0.61469513,0.73717266,-1.0,0
1763544947366,1009.72845,0.1274178,4.341777,4.415356,0.32833982,0.23472479,-0.2376264,87.1125,-21.206251,17.868752,46.950733,0.3361091,49.741684,0.22211036,0.17928673,0.6621706,0.6928589,0.23424986,0.16310656,0.6114392,0.73801446,-1.0,0
1763544947391,1009.69476,0.1698904,4.8239303,4.4602213,0.16478078,0.23060146,-0.23900084,87.20625,-19.44375,16.368752,46.950733,0.3361091,49.741684,0.2218568,0.18180288,0.66053927,0.6938408,0.23420927,0.16558607,0.6095903,0.739004,-1.0,0
1763544947417,1009.69476,0.6269195,5.1415777,5.924031,0.20051636,-0.11056653,-0.27000225,88.03125,-21.956251,15.01875,46.950733,0.3361091,49.741684,0.22324304,0.18331946,0.6582603,0.6951618,0.23572598,0.1669633,0.6071066,0.74025536,-1.0,0
1763544947443,1009.6901,-0.05742774,5.3790655,5.7984076,0.1876882,-0.21013749,-0.2490801,87.787506,-23.118752,16.518751,46.950733,0.3361091,49.741684,0.2274023,0.18373494,0.65408117,0.69764423,0.23994808,0.16701877,0.60256684,0.742592,-1.0,0
1763544947469,1009.6967,-0.3924229,5.796015,6.8345,0.058490302,-0.1763872,-0.07895427,88.0875,-22.331251,16.275002,46.950733,0.3361091,49.741684,0.22920264,0.18315306,0.65382016,0.6974527,0.2417299,0.16626956,0.60219663,0.74248254,-1.0,0
1763544947494,1009.6967,1.5559329,6.573084,8.974879,0.34681848,-0.3347539,0.024281874,86.83125,-22.837502,15.825001,46.950733,0.3361091,49.741684,0.2332035,0.1829241,0.65296674,0.69698584,0.24571276,0.16574179,0.6013401,0.74198717,-1.0,0
1763544947520,1009.7094,1.2987045,6.8219376,7.6067834,0.32467464,-0.37995788,-0.07956514,86.83125,-22.837502,15.50625,46.950733,0.3361091,49.741684,0.23819144,0.18272147,0.6510728,0.697124,0.25067145,0.16518508,0.5994495,0.74198246,-1.0,0
1763544947545,1009.72943,1.5804594,6.8925257,8.145168,-0.056046844,-0.21135922,-0.16722423,88.18125,-24.056252,15.900001,46.950733,0.3361091,49.741684,0.23788005,0.18078871,0.6482097,0.70039475,0.25026026,0.16322155,0.5961865,0.7451779,-1.0,0
1763544947570,1009.72943,-1.4530416,6.926025,10.818549,-0.2509127,0.54183704,-0.1763872,86.49375,-23.625,17.60625,46.950733,0.3361091,49.741684,0.23266019,0.18262832,0.6482442,0.7016378,0.24518849,0.16542815,0.596121,0.7464287,-1.0,0
1763544947595,1009.75433,-1.9435701,7.5296144,9.512068,-0.13683371,0.42562005,0.06856957,88.3125,-21.9375,16.6875,46.950733,0.3361091,49.741684,0.22815853,0.18534458,0.6497311,0.7010282,0.24089177,0.1684639,0.5976568,0.74592054,-1.0,0
1763544947621,1009.75433,-1.2299109,7.565507,9.5252285,-0.19837834,-0.17776164,0.108123064,87.20625,-26.025002,15.95625,46.950733,0.3361091,49.741684,0.22812086,0.17975222,0.6503026,0.70196617,0.24051201,0.16280039,0.597885,0.7471168,-1.0,0
1763544947647,1009.78094,-0.5587241,5.797211,11.902498,-0.3420843,-0.24816382,0.016798781,85.950005,-26.306252,17.8125,46.950733,0.3361091,49.741684,0.22766681,0.17552406,0.65020305,0.7032746,0.23976147,0.15860425,0.5976542,0.7484441,-1.0,0
1763544947672,1009.8039,-0.4456632,5.1026945,11.911471,-0.21410811,0.045662142,0.06108648,86.83125,-25.575,16.9125,46.950733,0.3361091,49.741684,0.2256184,0.17373966,0.6509652,0.70367265,0.23756999,0.15700202,0.5984783,0.74882215,-1.0,0
1763544947697,1009.8039,-0.18125631,4.8472605,10.606785,-0.03497201,0.02611447,0.06185006,87.1875,-25.06875,19.3125,46.950733,0.3361091,49.741684,0.22491765,0.17271739,0.6518116,0.703365,0.23613197,0.15683113,0.5994931,0.748501,-1.0,0
1763544947722,1009.8005,-0.465404,4.5822554,8.876774,0.065667965,-0.1472184,0.045051277,87.506256,-27.2625,18.018751,46.950733,0.3361091,49.741684,0.22636695,0.17157789,0.65190995,0.70308775,0.23807497,0.15492344,0.5998763,0.7479756,-1.0,0
1763544947747,1009.778,-0.27816564,4.3561335,6.7316084,0.0030543238,-0.12247839,0.24220788,85.65,-27.712502,19.0125,46.950733,0.3361091,49.741684,0.22746491,0.17033318,0.65297747,0.7020446,0.239078,0.1536079,0.6010302,0.74700004,-1.0,0
1763544947772,1009.778,0.37806597,4.3818564,6.3601227,0.012064579,-0.07284562,0.29290965,86.83125,-28.44375,18.150002,46.950733,0.3361091,49.741684,0.22906975,0.16854286,0.65637475,0.6987793,0.23983991,0.15256147,0.60289323,0.74546736,-1.0,0
1763544947797,1009.7487,0.6436693,4.165306,5.669195,-0.0108428495,-0.031306818,0.24785839,84.99375,-30.2625,18.6,46.950733,0.3361091,49.741684,0.22889428,0.16793445,0.65786076,0.69758487,0.24055803,0.15169536,0.6046157,0.7440163,-1.0,0
1763544947822,1009.7387,0.031106694,3.8273199,6.791429,0.01924224,0.06887501,0.23426664,87.01875,-31.275002,15.825001,46.950733,0.3361091,49.741684,0.22868292,0.16785501,0.65945077,0.6961706,0.24013276,0.15102132,0.6078223,0.74167436,-1.0,0
1763544947847,1009.7387,1.0067801,3.9780676,7.1946197,0.26282457,-0.033444848,0.3006982,85.387505,-31.968752,18.35625,46.950733,0.3361091,49.741684,0.23027183,0.16845065,0.6611642,0.693874,0.2417554,0.15150931,0.60972,0.7394868,-1.0,0
1763544947872,1009.7211,0.98943216,4.3465624,6.227919,0.50213087,-0.1744019,0.19669846,84.225006,-32.362503,21.73125,46.950733,0.3361091,49.741684,0.23887037,0.17151734,0.6613054,0.6900709,0.25053218,0.1539834,0.6102266,0.73562646,-1.0,0
1763544947898,1009.7211,-0.82013994,5.4107704,5.256433,-0.045509428,0.33780822,0.023365578,85.575005,-32.2125,21.581251,46.950733,0.3361091,49.741684,0.2380544,0.17367063,0.6618027,0.6893372,0.24989524,0.156153,0.61066765,0.7350195,-1.0,0
1763544947923,1009.716,-1.2562319,5.645267,8.033902,-0.22510368,0.51358455,0.13408482,84.9375,-35.381252,20.75625,46.950733,0.3361091,49.741684,0.23350899,0.17588976,0.66385424,0.6883559,0.2455606,0.15863055,0.61259943,0.7343421,-1.0,0
1763544947948,1009.748,-0.52342993,5.98086,9.839287,0.055130545,0.08384119,0.25534147,84.5625,-34.425003,20.587502,46.950733,0.3361091,49.741684,0.23723601,0.17629573,0.6657786,0.68511146,0.24932449,0.15874007,0.6146725,0.73131156,-1.0,0
1763544947973,1009.748,1.0725827,6.081957,9.7908325,0.45967576,-0.5829177,0.20326525,82.856255,-35.5875,19.893751,46.950733,0.3361091,49.741684,0.24566796,0.17447618,0.663717,0.68460584,0.25759003,0.15633959,0.612715,0.7306064,-1.0,0
1763544947998,1009.76434,1.0540384,6.672386,7.725228,0.108581215,-0.2083049,0.020005822,83.512505,-35.90625,20.925001,46.950733,0.3361091,49.741684,0.24969906,0.1734017,0.6625552,0.6845457,0.26153177,0.15498032,0.611568,0.7304566,-1.0,0
1763544948023,1009.7966,1.0025927,7.456035,9.803394,-0.27382013,0.26190826,0.074830934,81.24375,-37.65,22.5,46.950733,0.3361091,49.741684,0.24460998,0.17283545,0.6649525,0.6842017,0.25644928,0.15472522,0.6138225,0.7304216,-1.0,0
1763544948048,1009.7966,1.4518452,7.7425756,11.264213,-0.22586726,0.09269873,0.03604102,78.975006,-38.006252,22.143751,46.950733,0.3361091,49.741684,0.24519074,0.17050226,0.6642652,0.68524605,0.2568617,0.1523535,0.61305404,0.73142004,-1.0,0
1763544948074,1009.83636,2.3754747,6.7836523,12.005389,-0.08933897,-0.45097092,-0.19226968,80.137505,-38.006252,22.63125,46.950733,0.3361091,49.741684,0.24742079,0.16708633,0.66215914,0.6873211,0.25883254,0.14879718,0.6108368,0.73331,-1.0,0
1763544948099,1009.83636,2.3724837,6.058627,11.956935,-0.13316852,-0.11835505,-0.19501857,80.11875,-37.3875,21.993752,46.950733,0.3361091,49.741684,0.24770132,0.16495255,0.66057676,0.6892554,0.2589365,0.14668731,0.60922855,0.7350342,-1.0,0
1763544948124,1009.8698,2.2648067,5.5675,11.162518,-0.16737695,0.2554942,-0.13500112,79.668755,-38.925003,22.425001,46.950733,0.3361091,49.741684,0.24238375,0.16561253,0.6607015,0.69086623,0.25361162,0.14784627,0.6095788,0.736367,-1.0,0
1763544948149,1009.8691,2.1637099,4.590032,9.489935,0.16814053,-0.29642212,-0.08429934,79.36875,-38.100002,23.493752,46.950733,0.3361091,49.741684,0.24385664,0.1648525,0.65977615,0.6914138,0.254991,0.14704421,0.60879415,0.73670024,-1.0,0
1763544948174,1009.8691,2.236691,4.226921,7.585248,0.32421649,-0.6849321,-0.12812889,78.28125,-37.818752,21.900002,46.950733,0.3361091,49.741684,0.24960436,0.16247387,0.65718144,0.69239616,0.26051974,0.14432447,0.6063134,0.7373493,-1.0,0
1763544948200,1009.8444,2.3150558,4.106084,5.9377894,0.10613775,-0.5050325,-0.22968516,77.793755,-38.006252,23.19375,46.950733,0.3361091,49.741684,0.25320804,0.15884565,0.65230364,0.6965298,0.26514843,0.14129001,0.6033316,0.7387316,-1.0,0
1763544948226,1009.8195,0.32303107,3.6335013,6.7022963,-0.3188714,0.5422952,-0.31291547,76.5,-40.0125,23.2875,46.950733,0.3361091,49.741684,0.24750692,0.16055304,0.651816,0.6986408,0.25825274,0.14262705,0.60071754,0.7430353,-1.0,0
1763544948252,1009.8195,-0.0029910284,3.6317065,6.334998,-0.086742796,0.46089748,-0.20402883,76.912506,-39.35625,24.6,46.950733,0.3361091,49.741684,0.24264473,0.16357294,0.6517589,0.6996983,0.25360575,0.14600241,0.600641,0.7440415,-1.0,0
1763544948277,1009.7836,0.4971089,3.9008992,5.256433,0.14920372,0.108581215,-0.13209951,76.6875,-38.8875,25.66875,46.950733,0.3361091,49.741684,0.24297161,0.1670541,0.6496243,0.7007468,0.252807,0.14842093,0.60002875,0.7443288,-1.0,0
1763544948302,1009.7836,0.7639086,4.3334017,4.4632125,0.1517999,-0.07131846,-0.17211115,74.15625,-41.1375,27.150002,46.950733,0.3361091,49.741684,0.24305415,0.16784869,0.64825445,0.70179605,0.2543264,0.15022169,0.5969477,0.74592555,-1.0,0
1763544948327,1009.74994,0.12801601,4.6582274,6.0987067,-0.024129158,0.35017824,-0.10262528,73.275,-41.11875,27.862501,46.950733,0.3361091,49.741684,0.2409542,0.17005084,0.64806074,0.7021688,0.25240576,0.15253699,0.59663945,0.7463546,-1.0,0
1763544948352,1009.73553,0.4121637,5.337191,6.0490556,0.061544627,0.29550585,-0.013439025,73.5,-39.225002,28.2,46.950733,0.3361091,49.741684,0.23998533,0.17376104,0.6481957,0.7014674,0.25064102,0.15551606,0.59716654,0.74591285,-1.0,0
1763544948377,1009.73553,0.74536425,5.8749776,6.6598234,0.14569125,-0.13561198,-0.021380268,74.418755,-40.725002,24.7875,46.950733,0.3361091,49.741684,0.24423996,0.17282106,0.646472,0.70182174,0.25172997,0.15626223,0.59669244,0.74576956,-1.0,0
1763544948402,1009.7402,0.55513483,6.0711894,7.370492,0.2686278,-0.2855793,-0.0108428495,73.575005,-39.600002,28.518751,46.950733,0.3361091,49.741684,0.2485445,0.172313,0.64488673,0.70189387,0.26020187,0.15414645,0.59318084,0.7461034,-1.0,0
1763544948427,1009.75726,0.4971089,6.2883377,7.776674,0.10506874,0.0754418,0.09193515,68.90625,-41.475002,30.956251,46.950733,0.3361091,49.741684,0.24977787,0.17330843,0.645007,0.70109993,0.26151812,0.15502608,0.59328544,0.7453775,-1.0,0
1763544948452,1009.75726,1.2927225,6.730412,9.55155,-0.02443459,0.045509428,0.1594357,69.76875,-41.737503,28.575,46.950733,0.3361091,49.741684,0.25070876,0.17261793,0.6464309,0.6996251,0.2624162,0.15423861,0.5947197,0.7440811,-1.0,0
1763544948477,1009.7817,2.0135603,7.7162547,10.375279,0.0003054324,-0.057574004,-0.16982041,69.58125,-41.25,28.575,46.950733,0.3361091,49.741684,0.25169992,0.17195709,0.64525616,0.7005158,0.26334846,0.15352418,0.5935284,0.7448503,-1.0,0
1763544948502,1009.7817,-0.58504516,7.730612,10.102497,-0.16829325,0.53038335,-0.1802051,69.1875,-40.18125,29.775002,46.950733,0.3361091,49.741684,0.24832362,0.17410238,0.64499235,0.70143324,0.26013464,0.15590455,0.59319746,0.7457483,-1.0,0
1763544948527,1009.811,-1.3226327,7.60798,9.935597,-0.27947062,0.7180715,-0.015577052,66.1875,-41.98125,30.206251,46.950733,0.3361091,49.741684,0.23789923,0.17862867,0.64834285,0.70081896,0.25010097,0.16110168,0.59639615,0.7455249,-1.0,0
1763544948554,1009.8337,-1.2065809,7.6193457,10.743773,-0.24724752,0.12110394,0.10476331,67.05,-41.287502,30.525002,46.950733,0.3361091,49.741684,0.2385615,0.17614785,0.6486701,0.70091903,0.25060353,0.15854815,0.5966213,0.7457234,-1.0,0
1763544948579,1009.8337,0.25064817,5.960521,10.65823,-0.009162972,-0.17684536,0.0042760535,66.09375,-41.625,31.10625,46.950733,0.3361091,49.741684,0.23975165,0.17452064,0.6482775,0.7012831,0.25166664,0.15685093,0.596237,0.7460316,-1.0,0
1763544948604,1009.84906,0.1692922,5.322834,9.6580305,-0.10415245,0.092087865,0.009468404,62.718754,-42.35625,31.66875,46.950733,0.3361091,49.741684,0.23580466,0.17424701,0.64941984,0.7016324,0.24767527,0.1569166,0.5975175,0.746329,-1.0,0
1763544948629,1009.8383,0.37806597,4.879564,8.807382,-0.24159703,0.22647811,-0.013286309,63.675003,-40.74375,29.00625,46.950733,0.3361091,49.741684,0.2319807,0.17385235,0.650018,0.70245063,0.24381864,0.1568189,0.5981233,0.74713373,-1.0,0
1763544948655,1009.8383,-0.68075806,4.068995,7.4063845,-0.3781253,0.24770567,-0.057115857,62.381252,-41.775,32.1375,46.950733,0.3361091,49.741684,0.22766808,0.17326012,0.65066797,0.70340556,0.23946044,0.15655841,0.5987715,0.7480781,-1.0,0
1763544948680,1009.82294,-0.8985049,3.6520455,7.201798,-0.3611738,0.28069237,0.09651663,62.250004,-42.0,28.29375,46.950733,0.3361091,49.741684,0.22318348,0.17269392,0.6522404,0.7035257,0.2349398,0.15632448,0.60036504,0.7482832,-1.0,0
1763544948705,1009.80634,-0.35832518,3.4851463,6.8572316,-0.18646647,0.205556,0.26450446,61.275,-40.36875,27.993752,46.950733,0.3361091,49.741684,0.21982813,0.17216972,0.6569343,0.7003359,0.23153722,0.15606837,0.60536253,0.74536526,-1.0,0
1763544948730,1009.80634,0.5988039,3.7459638,4.7431726,0.08277218,-0.11270455,0.24174973,60.131252,-40.74375,29.98125,46.950733,0.3361091,49.741684,0.22145358,0.17154807,0.6583495,0.6986455,0.23310664,0.15534389,0.606931,0.7437502,-1.0,0
1763544948755,1009.7778,0.7932207,3.9110687,4.825725,-0.084757484,-0.07620538,0.13942988,57.35625,-39.28125,29.737501,46.950733,0.3361091,49.741684,0.22221443,0.1703208,0.65931535,0.6977929,0.2337858,0.15405397,0.6079182,0.74299866,-1.0,0
1763544948780,1009.7778,0.8632108,3.8775692,5.95095,-0.17241658,0.018784093,0.021685699,54.43125,-40.706253,29.812502,46.950733,0.3361091,49.741684,0.22041246,0.1685877,0.66000587,0.69813234,0.23188218,0.15242746,0.60849875,0.7434553,-1.0,0
1763544948806,1009.7702,0.6233303,3.8099718,6.62094,0.020769402,-0.021991132,-0.047647454,56.943752,-39.1875,29.306252,46.950733,0.3361091,49.741684,0.22045586,0.16839872,0.65967935,0.69847274,0.23190655,0.15224406,0.60817504,0.7437501,-1.0,0
1763544948831,1009.7685,-0.40438703,5.0309095,6.7579293,-0.0027488915,0.10262528,-0.035582874,55.95,-40.425003,30.093752,46.950733,0.3361091,49.741684,0.22010438,0.16897744,0.65948534,0.69862705,0.23159178,0.15285474,0.60799736,0.74386823,-1.0,0
1763544948856,1009.7685,-0.93619186,5.6614184,7.716853,-0.07391464,0.22464553,0.07223476,55.425003,-40.21875,28.7625,46.950733,0.3361091,49.741684,0.21778074,0.17087513,0.66153795,0.69695103,0.2298972,0.15406047,0.60871834,0.7435554,-1.0,0
1763544948881,1009.7751,-0.5210371,6.126224,8.5681,0.047189303,0.026572619,0.19715661,53.906254,-40.612503,27.862501,46.950733,0.3361091,49.741684,0.22137615,0.16972038,0.66183597,0.6958166,0.23296483,0.15342683,0.61029327,0.7414376,-1.0,0
1763544948906,1009.79144,0.5407779,6.7782683,9.012567,0.16814053,-0.717308,0.12705988,53.79375,-38.1375,28.500002,46.950733,0.3361091,49.741684,0.22742501,0.16623841,0.6608565,0.69563735,0.23876363,0.14949676,0.60925543,0.74124926,-1.0,0
1763544948931,1009.79144,0.6478567,7.09771,9.725628,-0.04978548,-0.3564396,0.11423171,50.11875,-39.412502,31.743752,46.950733,0.3361091,49.741684,0.23102836,0.16284096,0.6604159,0.69567204,0.24213141,0.14582063,0.6087248,0.7413251,-1.0,0
1763544948956,1009.8359,0.22671995,7.303493,10.876575,-0.18555018,0.15683953,0.1385136,49.987503,-40.162502,30.4125,46.950733,0.3361091,49.741684,0.22854584,0.16190685,0.66320574,0.6940541,0.24072696,0.14519511,0.6099234,0.74091995,-1.0,0
1763544948982,1009.8359,1.2610176,7.236494,11.757732,0.19272783,-0.59391326,0.1631009,47.737503,-39.2625,27.656252,46.950733,0.3361091,49.741684,0.23240574,0.15968792,0.6631873,0.69330364,0.24331163,0.14252059,0.6114884,0.73930323,-1.0,0
1763544949007,1009.8813,2.137389,6.471389,11.785848,0.2667952,-0.85673785,0.022601997,51.768753,-36.84375,26.00625,46.950733,0.3361091,49.741684,0.23966993,0.15547135,0.6612196,0.69366825,0.25025034,0.13779618,0.60951376,0.73951334,-1.0,0
1763544949032,1009.915,2.3569303,5.5513487,10.682756,0.16997312,-0.44455683,-0.10506874,47.90625,-38.1375,30.825,46.950733,0.3361091,49.741684,0.2439027,0.15241235,0.65803707,0.6958945,0.25421163,0.13451576,0.6063998,0.741324,-1.0,0
1763544949057,1009.915,1.183849,4.543372,10.774282,-0.41034842,0.31520623,-0.21105379,46.425003,-37.66875,29.250002,46.950733,0.3361091,49.741684,0.2389863,0.15214668,0.65791,0.6977761,0.24927038,0.13463786,0.60624,0.74310833,-1.0,0
1763544949082,1009.9333,0.8596215,4.2311087,10.89512,-0.19501857,0.1999055,-0.12171481,46.425003,-37.03125,27.975,46.950733,0.3361091,49.741684,0.23507123,0.15209968,0.6580057,0.6990248,0.2453341,0.13492212,0.60639995,0.7442354,-1.0,0
1763544949107,1009.9172,0.51206404,4.039683,8.623733,0.114689864,0.004123337,0.016646065,46.6875,-37.237503,27.187502,46.950733,0.3361091,49.741684,0.23635566,0.15206592,0.6583445,0.6982796,0.24655093,0.13490987,0.6071323,0.74323773,-1.0,0
1763544949132,1009.9172,1.1641082,4.3208394,6.070591,0.11056653,-0.19532402,0.13087778,45.05625,-35.175003,26.925001,46.950733,0.3361091,49.741684,0.23778844,0.14920048,0.658454,0.6983081,0.2477777,0.13194828,0.60723436,0.7432781,-1.0,0
1763544949157,1009.86566,2.268994,4.56072,6.9708905,-0.46792242,-0.11804962,-0.09529491,42.862503,-34.912502,29.456251,46.950733,0.3361091,49.741684,0.2363717,0.14533356,0.65825474,0.6997909,0.24610187,0.12816902,0.60686177,0.74479884,-1.0,0
1763544949183,1009.8378,1.463211,4.2317066,8.319844,-0.37293294,0.17195843,-0.19822562,44.325,-34.5,26.343752,46.950733,0.3361091,49.741684,0.23028481,0.14462894,0.65728784,0.70286846,0.239972,0.12791428,0.605727,0.7477608,-1.0,0
1763544949208,1009.8378,0.69272214,4.2245283,7.4344997,-0.034208428,0.2196059,-0.19471315,43.10625,-33.99375,26.1375,46.950733,0.3361091,49.741684,0.23011717,0.1465752,0.6561314,0.7036003,0.2399353,0.12988171,0.6045658,0.7483729,-1.0,0
1763544949233,1009.8073,0.8781659,4.718048,5.3904314,0.16814053,-0.08964441,-0.24404047,44.850002,-32.79375,23.8875,46.950733,0.3361091,49.741684,0.23154467,0.1478029,0.6541415,0.7047271,0.24145456,0.13098983,0.6024538,0.7493936,-1.0,0
1763544949258,1009.8073,0.654437,4.7982078,5.6063833,0.07498365,0.0044287695,-0.27351472,42.487503,-34.818752,27.187502,46.950733,0.3361091,49.741684,0.23235476,0.14889741,0.65198493,0.70622694,0.24235797,0.13199161,0.6000957,0.7508169,-1.0,0
1763544949283,1009.7839,0.35413775,4.69412,5.782854,-0.024129158,0.29596397,-0.23976442,42.506252,-32.568752,26.587502,46.950733,0.3361091,49.741684,0.22746311,0.15411139,0.65036416,0.7081926,0.23788746,0.13747491,0.598132,0.75282687,-1.0,0
1763544949308,1009.7631,0.6735796,5.186443,7.257431,-0.09269873,0.23564109,-0.20983206,41.943752,-33.24375,25.44375,46.950733,0.3361091,49.741684,0.22474532,0.15605344,0.64973027,0.7092161,0.23533387,0.13957474,0.5973262,0.7538821,-1.0,0
1763544949334,1009.7631,0.33379877,5.200202,7.8346996,0.006261364,0.07910699,-0.18524474,42.3375,-32.7,26.156252,46.950733,0.3361091,49.741684,0.2238461,0.15719981,0.6485587,0.71031874,0.23453176,0.14076117,0.5960102,0.7549523,-1.0,0
1763544949359,1009.7729,0.07597212,5.421538,8.560922,0.0697913,0.032986697,-0.0772744,43.893753,-33.2625,22.931252,46.950733,0.3361091,49.741684,0.2250024,0.15916497,0.647657,0.71033853,0.23456578,0.14165933,0.5951516,0.7554509,-1.0,0
1763544949385,1009.78925,0.30029923,5.94437,9.0341015,0.19883649,-0.042302385,0.054061532,41.193752,-30.45,25.050001,46.950733,0.3361091,49.741684,0.22773667,0.1592145,0.6475052,0.70959413,0.23857436,0.14246239,0.5949177,0.7542279,-1.0,0
1763544949410,1009.78925,1.6689938,6.6089764,10.090533,0.08949169,-0.22464553,-0.0140498895,40.66875,-30.88125,25.44375,46.950733,0.3361091,49.741684,0.23033625,0.15822122,0.64688694,0.709541,0.24110532,0.14126916,0.5942551,0.7541698,-1.0,0
1763544949435,1009.81854,0.51146585,6.674779,10.7431755,-0.044134982,0.13668099,-0.13698642,40.162502,-31.29375,24.6,46.950733,0.3361091,49.741684,0.22639374,0.1607258,0.64673537,0.7103847,0.2408721,0.14157712,0.5934301,0.7548359,-1.0,0
1763544949460,1009.81854,-0.8285148,6.876972,10.76471,-0.16340633,0.4715876,-0.041538805,40.96875,-29.7,21.7875,46.950733,0.3361091,49.741684,0.22224754,0.16240562,0.6482633,0.70991915,0.2373536,0.1440492,0.5940392,0.75500363,-1.0,0
1763544949485,1009.84296,-0.27996024,6.527022,10.977672,-0.23976442,-0.03619374,0.037415467,41.25,-28.931252,22.650002,46.950733,0.3361091,49.741684,0.22031525,0.16141984,0.6489856,0.7100863,0.23136103,0.14514561,0.5961992,0.7549512,-1.0,0
1763544949510,1009.87274,-0.2548356,5.7577295,11.01177,-0.32788166,-0.01924224,-0.021838415,38.925003,-28.800001,22.893751,46.950733,0.3361091,49.741684,0.21844137,0.15935658,0.6491925,0.7109416,0.22934933,0.14321327,0.59631336,0.7558434,-1.0,0
1763544949535,1009.87274,-0.6257231,4.9202414,11.269596,-0.4169152,0.15363249,0.003817905,38.5125,-28.706251,22.3125,46.950733,0.3361091,49.741684,0.21075064,0.15656623,0.651305,0.71195006,0.22543338,0.14190477,0.5970514,0.7566852,-1.0,0
1763544949560,1009.88617,-0.38524446,4.2047877,10.351949,-0.118202336,0.10155627,0.114079,40.2,-27.88125,18.993752,46.950733,0.3361091,49.741684,0.2086052,0.15595786,0.6525361,0.71158814,0.22145733,0.14101586,0.5984569,0.75691515,-1.0,0
1763544949586,1009.8776,-0.22253251,4.3058844,8.705687,-0.044898562,0.08811724,0.1594357,38.550003,-25.725,21.975,46.950733,0.3361091,49.741684,0.20736507,0.15593068,0.65391034,0.71069443,0.2179795,0.14071101,0.601443,0.75561345,-1.0,0
1763544949610,1009.8776,-0.12981063,4.2047877,7.85444,-0.019394957,-0.053908817,0.17195843,38.925003,-24.675001,20.643751,46.950733,0.3361091,49.741684,0.20848368,0.15414822,0.6561561,0.7086833,0.21895482,0.13887371,0.60389733,0.7537114,-1.0,0
1763544949635,1009.8493,-0.0077766734,3.9678981,7.288538,0.045509428,-0.1472184,0.21930045,37.800003,-25.893751,20.0625,46.950733,0.3361091,49.741684,0.209047,0.1542287,0.65766406,0.7071003,0.2195208,0.13891639,0.6055235,0.7522328,-1.0,0
1763544949660,1009.8493,0.64606214,3.7052858,5.191827,-0.10109812,0.35139996,0.16142102,39.506252,-23.362501,18.806252,46.950733,0.3361091,49.741684,0.20686488,0.15565763,0.65964544,0.7055817,0.21745086,0.1404902,0.6075833,0.7508796,-1.0,0
1763544949685,1009.80927,0.317049,3.62393,6.0807605,-0.12370012,0.26053384,0.07987057,36.956253,-22.875,19.96875,46.950733,0.3361091,49.741684,0.2036786,0.1572021,0.6616626,0.7042763,0.21439876,0.14223447,0.6096055,0.74978906,-1.0,0
1763544949710,1009.7824,0.05742774,3.6251264,6.829714,0.026572619,0.052687086,0.050854493,37.893753,-22.650002,19.40625,46.950733,0.3361091,49.741684,0.20464626,0.15798067,0.66189337,0.70360434,0.21541682,0.14294608,0.60989845,0.7491234,-1.0,0
1763544949735,1009.7824,-0.44147578,3.9948175,5.9138613,0.14676027,0.17944153,0.09498947,38.4,-22.987501,19.837502,46.950733,0.3361091,49.741684,0.20487891,0.15982203,0.66253364,0.7025174,0.21577981,0.14476715,0.6106183,0.7480821,-1.0,0
1763544949760,1009.7646,-0.6436693,4.592425,6.1794643,0.08872811,0.2112065,0.11178826,39.45,-22.125,19.368752,46.950733,0.3361091,49.741684,0.20425044,0.16194656,0.66350114,0.70129967,0.21531421,0.14691736,0.61162263,0.7469758,-1.0,0
1763544949786,1009.7629,-0.78364944,4.983053,7.075577,0.07574723,0.10598504,0.13561198,39.600002,-21.69375,15.3,46.950733,0.3361091,49.741684,0.2053966,0.16404521,0.6653625,0.69870895,0.21664692,0.14887142,0.6134678,0.74468696,-1.0,0
1763544949812,1009.7629,-0.046660043,5.6745787,8.837891,0.28206682,-0.23869541,0.29260424,38.456253,-20.71875,17.53125,46.950733,0.3361091,49.741684,0.20871986,0.1640957,0.6663971,0.6967234,0.21997859,0.14866337,0.61457574,0.742836,-1.0,0
1763544949837,1009.77826,0.79740816,6.0574307,8.882157,0.286801,-0.32696536,0.24449863,36.300003,-21.9375,17.98125,46.950733,0.3361091,49.741684,0.21315908,0.16361593,0.6669909,0.69492173,0.22438093,0.14785182,0.6152519,0.7411195,-1.0,0
1763544949863,1009.80585,1.5523437,6.390631,9.723235,0.077579826,-0.19211698,0.10354158,36.300003,-19.59375,20.325,46.950733,0.3361091,49.741684,0.21537179,0.1629599,0.66720486,0.69418776,0.22655773,0.14701203,0.61543244,0.74047416,-1.0,0
1763544949888,1009.80585,1.1144571,6.4402823,10.613365,-0.053603385,0.17852524,-0.07101303,37.74375,-19.050001,18.28125,46.950733,0.3361091,49.741684,0.21300794,0.16416,0.66713625,0.6947002,0.22428559,0.1483808,0.6153316,0.74097645,-1.0,0
1763544949913,1009.82904,0.6652047,6.134001,11.322239,-0.18341215,0.013286309,-0.12278382,38.8125,-19.6875,17.587502,46.950733,0.3361091,49.741684,0.21126203,0.16383107,0.6667288,0.6957014,0.2225226,0.14817542,0.6148426,0.7419544,-1.0,0
1763544949938,1009.82904,0.971486,5.608178,12.323036,-0.2535089,-0.09529491,-0.1545488,37.78125,-19.03125,16.893751,46.950733,0.3361091,49.741684,0.2080717,0.1606313,0.6653165,0.69875443,0.22100165,0.14635341,0.6139973,0.7434691,-1.0,0
1763544949963,1009.861,0.7280163,5.1361938,13.311273,-0.17424917,0.05222894,-0.13927718,37.8375,-18.0375,16.2,46.950733,0.3361091,49.741684,0.20609592,0.16207254,0.6655473,0.6987873,0.21717599,0.1468933,0.6137826,0.7446663,-1.0,0
1763544949988,1009.8803,0.22791636,5.00399,11.082956,0.30558512,0.4083631,0.13454297,40.0125,-18.300001,15.075001,46.950733,0.3361091,49.741684,0.20490868,0.16591707,0.666741,0.69709426,0.21621817,0.1508832,0.61533576,0.7428633,-1.0,0
1763544950013,1009.8803,0.55453664,5.160122,8.931808,0.3901899,0.24785839,0.22479823,40.875,-17.587502,15.712501,46.950733,0.3361091,49.741684,0.20549394,0.16982317,0.6682829,0.6945001,0.21704826,0.15478282,0.6172128,0.7402572,-1.0,0
1763544950038,1009.86395,0.74416786,5.032106,7.4249287,0.30711228,-0.12034036,0.18692462,39.131252,-16.78125,15.993751,46.950733,0.3361091,49.741684,0.2112336,0.17013797,0.6692244,0.6917891,0.21986753,0.15616956,0.61816424,0.7383375,-1.0,0
1763544950063,1009.86395,1.1670992,4.706084,7.938189,-0.109039366,-0.052076224,0.06780599,38.756252,-17.41875,13.14375,46.950733,0.3361091,49.741684,0.2117405,0.16860296,0.6696902,0.69155914,0.22319245,0.15312128,0.6188247,0.73742455,-1.0,0
1763544950088,1009.8427,0.9882358,4.88076,7.8963146,-0.09483676,0.14950916,0.011606431,40.55625,-16.368752,13.668751,46.950733,0.3361091,49.741684,0.21040465,0.16842408,0.6703089,0.691411,0.22184353,0.15304329,0.6194704,0.73730564,-1.0,0
1763544950113,1009.81244,0.95712906,4.928018,6.8781686,0.046883874,0.2762636,-0.05497783,40.3125,-14.64375,13.89375,46.950733,0.3361091,49.741684,0.2076849,0.1729539,0.6701954,0.691225,0.22044612,0.15483958,0.619763,0.7371038,-1.0,0
1763544950138,1009.81244,0.7890333,5.0620165,5.1182475,0.10491603,0.2623664,-0.14309508,40.068752,-15.806251,14.75625,46.950733,0.3361091,49.741684,0.20780629,0.17444421,0.6688193,0.6921463,0.21945629,0.15774985,0.61935335,0.7371264,-1.0,0
1763544950163,1009.7675,0.65024954,4.4482574,5.440082,0.011911863,-0.13255766,-0.21792601,38.86875,-13.8,14.306251,46.950733,0.3361091,49.741684,0.20888774,0.17430124,0.6669632,0.69364625,0.2208135,0.15892266,0.61567044,0.7395505,-1.0,0
1763544950188,1009.74457,0.7160522,4.262215,6.134001,0.031459536,0.12767074,-0.26816964,40.7625,-13.968751,13.500001,46.950733,0.3361091,49.741684,0.20713317,0.17826557,0.6637838,0.69620997,0.2193761,0.16296284,0.61218256,0.7419904,-1.0,0
1763544950213,1009.74457,0.27936205,4.359723,6.020342,0.110871956,0.25595233,-0.27091852,41.49375,-14.64375,14.08125,46.950733,0.3361091,49.741684,0.2073571,0.18078761,0.6618819,0.6973028,0.21978985,0.16544949,0.6101639,0.7429797,-1.0,0
1763544950238,1009.7282,-0.096909314,4.7898326,5.7146587,0.2800815,-0.091782436,-0.27550003,40.59375,-13.875001,15.225,46.950733,0.3361091,49.741684,0.20943254,0.18262635,0.6593347,0.69861525,0.22200005,0.16712381,0.6074928,0.7441358,-1.0,0
1763544950263,1009.7282,-1.012164,4.9531426,5.63091,0.14080434,0.028252495,-0.17699806,40.800003,-12.975,14.38125,46.950733,0.3361091,49.741684,0.2105416,0.18430108,0.6574729,0.69959605,0.22324401,0.16869135,0.6054877,0.7450436,-1.0,0
1763544950288,1009.71893,-1.198206,5.00758,7.159325,0.058795735,0.1669188,0.011911863,40.912502,-13.106251,14.83125,46.950733,0.3361091,49.741684,0.21049368,0.18798558,0.65803814,0.69809717,0.22351079,0.17230527,0.6059446,0.7437641,-1.0,0
1763544950313,1009.7192,-0.6789634,5.3563333,8.04108,0.2244928,0.055283263,0.16096286,41.79375,-13.2375,12.431251,46.950733,0.3361091,49.741684,0.2144841,0.1886802,0.65815216,0.69658595,0.22754735,0.17270164,0.6061398,0.74228764,-1.0,0
1763544950338,1009.7192,-0.09750752,5.9114685,8.646464,0.38255405,-0.59391326,0.17883067,41.68125,-13.762501,13.2375,46.950733,0.3361091,49.741684,0.22087616,0.1872926,0.6574184,0.6956553,0.23382986,0.17084607,0.6054431,0.7413325,-1.0,0
1763544950363,1009.7458,0.5180461,6.524629,8.903693,0.22403465,-0.49174616,0.2046397,41.8125,-12.4875,12.543751,46.950733,0.3361091,49.741684,0.22722334,0.18370996,0.65788794,0.6941208,0.239914,0.16679648,0.6059675,0.7398808,-1.0,0
1763544950388,1009.778,0.846461,7.515856,9.869795,-0.15714496,0.05665771,0.12217296,42.6375,-13.293751,14.3625,46.950733,0.3361091,49.741684,0.2229038,0.18378031,0.6596133,0.69386524,0.23562735,0.1671558,0.6076338,0.73981065,-1.0,0
1763544950413,1009.778,0.715454,7.637292,13.226925,-0.3695732,0.045814857,-0.011453714,40.893753,-12.712501,11.868751,46.950733,0.3361091,49.741684,0.21929806,0.18253879,0.6606646,0.69434154,0.2319501,0.16616619,0.60860825,0.7403945,-1.0,0
1763544950438,1009.8278,1.841277,6.53779,14.57887,-0.2403753,-0.2695441,-0.17516547,41.60625,-11.38125,11.1,46.950733,0.3361091,49.741684,0.21876222,0.17918088,0.65981376,0.69619185,0.23116477,0.16286659,0.6076598,0.7421502,-1.0,0
1763544950463,1009.8278,0.31286156,5.2019963,13.229917,-0.053603385,0.18219042,-0.3101666,42.3375,-11.325001,12.4125,46.950733,0.3361091,49.741684,0.21335785,0.18194848,0.657939,0.6989202,0.22586483,0.16616827,0.60608643,0.7443335,-1.0,0
1763544950488,1009.8654,-1.5924234,4.8843493,9.681958,0.046731155,0.35399613,0.08567379,44.287502,-11.00625,13.593751,46.950733,0.3361091,49.741684,0.21035539,0.18470259,0.65898985,0.69811743,0.22303115,0.16917899,0.607353,0.7434769,-1.0,0
1763544950513,1009.8615,-1.0815558,4.92742,8.009376,0.16187917,0.0003054324,0.22571453,43.93125,-9.918751,12.637501,46.950733,0.3361091,49.741684,0.21052097,0.18595877,0.6602896,0.69650406,0.22326696,0.17044531,0.6088485,0.74189204,-1.0,0
1763544950538,1009.8615,-0.651446,4.811368,6.518647,0.1301142,-0.3327686,0.26664248,44.475002,-11.71875,11.4375,46.950733,0.3361091,49.741684,0.21657807,0.18154436,0.6620271,0.69415826,0.22604613,0.1691468,0.609846,0.7405271,-1.0,0
1763544950563,1009.8317,0.28713873,4.579264,6.544968,-0.052076224,-0.4298961,0.26633704,42.693752,-11.6625,13.33125,46.950733,0.3361091,49.741684,0.21731803,0.1786614,0.6632511,0.6935063,0.22954725,0.16265015,0.6119172,0.73919576,-1.0,0
1763544950589,1009.7966,0.33559337,4.402794,6.634699,-0.23243405,0.16630794,0.14584397,43.96875,-10.63125,10.96875,46.950733,0.3361091,49.741684,0.21526295,0.17763633,0.6649863,0.6927485,0.22742447,0.16177425,0.61370045,0.7385655,-1.0,0
1763544950614,1009.7966,0.12263216,4.3040895,6.2883377,-0.12156209,0.14752385,0.080634154,44.90625,-10.40625,9.9375,46.950733,0.3361091,49.741684,0.21301861,0.1777373,0.66663986,0.6918264,0.22547755,0.1618347,0.6149943,0.7380728,-1.0,0
1763544950640,1009.7607,-0.0071784677,4.0977087,5.4341,0.0065667965,0.0027488915,0.03054324,45.675003,-9.337501,11.175,46.950733,0.3361091,49.741684,0.2136984,0.1772902,0.6663292,0.6920308,0.22520241,0.16202268,0.61537343,0.73779947,-1.0,0
1763544950665,1009.73016,-0.009571291,3.502494,5.7696934,-0.0386372,0.08414663,-0.066889696,45.65625,-9.356251,12.58125,46.950733,0.3361091,49.741684,0.21324703,0.17747633,0.66600734,0.692432,0.22543508,0.16171321,0.61459166,0.73844767,-1.0,0
1763544950691,1009.73016,-0.5910272,3.5324044,6.0137615,-0.0050396346,0.2046397,-0.055435978,44.737503,-9.58125,12.075001,46.950733,0.3361091,49.741684,0.21173361,0.17882612,0.666004,0.6925524,0.22402294,0.16316748,0.6145775,0.7385693,-1.0,0
1763544950716,1009.72235,-1.1796615,3.7908292,6.306284,0.045662142,0.1517999,0.008857539,44.71875,-11.08125,12.918751,46.950733,0.3361091,49.741684,0.21080855,0.18157479,0.66681993,0.6913332,0.22306004,0.16469918,0.61478144,0.738351,-1.0,0
1763544950742,1009.72235,-1.1312069,4.4452662,6.9786673,0.14569125,0.060017463,0.13530655,46.74375,-9.225,10.293751,46.950733,0.3361091,49.741684,0.21289474,0.18297783,0.6675201,0.6896461,0.2254843,0.1672181,0.6162754,0.73579854,-1.0,0
1763544950767,1009.7194,0.008973085,6.032904,7.1563344,0.38820457,-0.23258677,0.17669263,44.04375,-12.375001,11.0625,46.950733,0.3361091,49.741684,0.21695346,0.18403964,0.6676456,0.6879753,0.22961836,0.1679726,0.61647856,0.7341763,-1.0,0
1763544950792,1009.7248,0.49950173,6.460023,7.6570325,0.25137085,-0.29871288,0.05131264,46.893753,-9.84375,11.700001,46.950733,0.3361091,49.741684,0.22319627,0.18390217,0.66603434,0.6875766,0.23588482,0.16731688,0.61468244,0.7338453,-1.0,0
1763544950817,1009.7248,-0.34456646,7.0893354,9.980463,-0.011453714,0.1669188,-0.05818487,44.90625,-11.56875,13.70625,46.950733,0.3361091,49.741684,0.22250605,0.1849345,0.6657531,0.6877958,0.23528975,0.16836995,0.6143038,0.73411244,-1.0,0
1763544950842,1009.75653,-0.6149554,7.44108,10.594222,0.0050396346,0.19929464,0.015729768,46.85625,-10.087501,10.33125,46.950733,0.3361091,49.741684,0.22097951,0.18660119,0.6661492,0.6874542,0.2339012,0.17012402,0.6146652,0.7338492,-1.0,0
1763544950867,1009.77997,-0.30867413,7.4997044,10.913066,0.058795735,-0.10415245,0.08872811,48.393753,-12.0375,8.587501,46.950733,0.3361091,49.741684,0.22449332,0.18490107,0.6663272,0.6866021,0.23730524,0.16814242,0.6148064,0.7330944,-1.0,0
1763544950892,1009.77997,0.68075806,7.1491556,11.709277,0.09575305,-0.43783733,0.15195261,49.068752,-10.743751,11.212501,46.950733,0.3361091,49.741684,0.22835392,0.18252856,0.6664789,0.68581617,0.24097735,0.16550559,0.61504287,0.7322978,-1.0,0
1763544950917,1009.82,2.312663,6.1046886,10.476376,0.13301581,-0.15317434,0.25228715,46.59375,-12.750001,11.90625,46.950733,0.3361091,49.741684,0.23084751,0.18148756,0.66762835,0.6841375,0.24336118,0.16432784,0.6164345,0.7306026,-1.0,0
1763544950942,1009.82,2.9557343,5.5710893,10.223334,-0.0051923506,-0.24281874,0.109344795,48.187504,-9.975,12.0375,46.950733,0.3361091,49.741684,0.23270717,0.179519,0.6682782,0.6833919,0.24504855,0.16226798,0.6172497,0.7298103,-1.0,0
1763544950967,1009.8366,1.7174485,5.02074,9.659226,-0.05131264,-0.19853105,-0.083993904,48.131252,-8.1,11.325001,46.950733,0.3361091,49.741684,0.23354803,0.17569414,0.66731447,0.6850389,0.24555133,0.15848552,0.6164468,0.7311499,-1.0,0
1763544950992,1009.8327,-0.08075777,4.6929235,8.062616,-0.16844596,-0.05054906,-0.05146536,47.60625,-11.38125,11.400001,46.950733,0.3361091,49.741684,0.2316623,0.17311378,0.66829914,0.68537617,0.24347426,0.1560644,0.6174568,0.731513,-1.0,0
1763544951017,1009.8327,1.4787644,4.6121655,8.206783,-0.5338958,-0.2952004,0.12095123,47.68125,-10.1625,13.33125,46.950733,0.3361091,49.741684,0.22986592,0.1680423,0.6695552,0.686017,0.24131915,0.15113445,0.6186628,0.732243,-1.0,0
1763544951042,1009.8193,1.6618153,4.644469,9.035298,-0.45769045,-0.38347036,-0.027794348,46.95,-8.85,11.793751,46.950733,0.3361091,49.741684,0.22810677,0.15851653,0.66897035,0.68943346,0.23885617,0.1418024,0.6179674,0.7354971,-1.0,0
1763544951067,1009.8073,0.119042926,4.9435716,6.521638,-0.19807291,0.2035707,-0.06627883,48.0,-10.106251,11.75625,46.950733,0.3361091,49.741684,0.22556669,0.1581415,0.6690705,0.69025767,0.23628548,0.14162703,0.61806166,0.7362817,-1.0,0
1763544951092,1009.8073,0.119042926,4.9435716,6.521638,-0.19807291,0.2035707,-0.06627883,47.737503,-8.53125,12.31875,46.950733,0.3361091,49.741684,0.22292124,0.15901828,0.66969544,0.6903095,0.23372129,0.14267114,0.61862034,0.73642933,-1.0,0
1763544951117,1009.7714,0.762114,5.171488,5.325227,-0.038179047,0.12095123,0.0065667965,48.862503,-8.15625,11.1,46.950733,0.3361091,49.741684,0.22179312,0.16037269,0.66967505,0.69037944,0.23260172,0.1436386,0.61891663,0.7363468,-1.0,0
1763544951142,1009.7714,1.2424731,4.9674997,5.669793,0.0042760535,-0.012217295,-0.083230324,48.600002,-8.681251,11.306251,46.950733,0.3361091,49.741684,0.2224263,0.1608992,0.6686526,0.6910439,0.23274927,0.14401166,0.6183066,0.7367397,-1.0,0
1763544951167,1009.7553,0.97567344,5.061418,7.3776703,0.10079269,0.1631009,-0.06780599,47.0625,-8.962501,11.625,46.950733,0.3361091,49.741684,0.22243117,0.16240966,0.6681841,0.69114214,0.23357077,0.14593567,0.61656946,0.7375565,-1.0,0
1763544951193,1009.7558,0.9385847,5.2755756,7.9567337,0.23472479,0.3839285,-0.06368265,49.3875,-7.5937505,11.775001,46.950733,0.3361091,49.741684,0.22149362,0.16612941,0.6681927,0.6905506,0.23291264,0.14970003,0.61657846,0.73700243,-1.0,0
1763544951218,1009.7558,0.6376872,5.6991053,7.6683984,0.37293294,0.35033095,-0.06352994,47.550003,-8.025001,11.212501,46.950733,0.3361091,49.741684,0.22285302,0.17546362,0.6675624,0.6884108,0.23311214,0.15456474,0.6164733,0.7360225,-1.0,0
1763544951243,1009.75287,-0.10348958,6.3595243,8.069795,0.5555815,-0.016951498,0.12476913,48.206253,-8.981251,13.218751,46.950733,0.3361091,49.741684,0.22639723,0.17920558,0.6672786,0.68656313,0.23877136,0.1623533,0.61584836,0.73304874,-1.0,0
1763544951268,1009.76117,0.9840483,6.6765733,7.5092754,0.4062251,-0.24190246,0.1744019,49.48125,-9.337501,11.55,46.950733,0.3361091,49.741684,0.2310519,0.18078989,0.66715676,0.684713,0.24354413,0.16357334,0.61579084,0.7312535,-1.0,0
1763544951293,1009.76117,2.2115662,6.7112694,8.491529,0.06276636,-0.2780962,-0.022449281,48.656254,-8.306251,12.356251,46.950733,0.3361091,49.741684,0.23409581,0.17817797,0.6650095,0.68645036,0.24672085,0.16243139,0.61498916,0.7311178,-1.0,0
1763544951318,1009.78046,-0.17108682,6.2027946,10.44168,-0.55100006,0.050396346,-0.09697478,49.537502,-8.34375,12.1125,46.950733,0.3361091,49.741684,0.23059669,0.17551152,0.66489667,0.68842816,0.24274772,0.15828037,0.6130814,0.7349504,-1.0,0
1763544951344,1009.8134,0.48095736,6.458228,12.395419,-0.6895136,-0.04963276,0.044898562,50.79375,-8.587501,12.3,46.950733,0.3361091,49.741684,0.22595213,0.17108807,0.66621107,0.6898096,0.2377916,0.15420978,0.6143026,0.73641485,-1.0,0
1763544951369,1009.8134,-0.030508488,6.096912,13.371691,-0.49632764,-0.051618073,0.019394957,50.30625,-8.75625,12.975,46.950733,0.3361091,49.741684,0.2194635,0.1650021,0.6683811,0.6912863,0.23083302,0.14868097,0.61658126,0.73786014,-1.0,0
1763544951394,1009.8493,-1.6091732,5.7026944,11.215758,-0.29901832,0.12690715,0.10644319,49.85625,-6.6937504,12.3,46.950733,0.3361091,49.741684,0.21630238,0.16348593,0.6709433,0.6901599,0.22757542,0.14738995,0.61919343,0.73694307,-1.0,0
1763544951419,1009.8493,-0.22552353,5.171488,11.179267,-0.29947644,-0.1875355,0.41202828,52.2,-6.6937504,12.50625,46.950733,0.3361091,49.741684,0.21509528,0.16011849,0.67383057,0.6885117,0.22614792,0.1440869,0.62208873,0.7355962,-1.0,0
1763544951444,1009.8564,0.8362915,4.6642094,11.649457,-0.17104214,-0.22479823,0.29550585,50.4,-5.4,13.70625,46.950733,0.3361091,49.741684,0.21507645,0.1553617,0.6772079,0.68629026,0.225782,0.13934714,0.62562853,0.73361695,-1.0,0
1763544951469,1009.8598,0.48394838,4.2329035,10.790434,-0.02489274,0.07116575,0.15760311,50.2125,-6.2812505,13.312501,46.950733,0.3361091,49.741684,0.21311787,0.15736188,0.6789003,0.68477184,0.22396266,0.14150165,0.6274838,0.7321763,-1.0,0
1763544951494,1009.8598,-0.13998012,4.089334,7.4859457,0.21151192,0.46532625,0.18264857,50.718754,-5.9812503,13.2375,46.950733,0.3361091,49.741684,0.21110755,0.16122165,0.68082476,0.68258244,0.22223417,0.1455019,0.62957805,0.7301182,-1.0,0
1763544951519,1009.8337,0.21714866,4.2035913,6.1010995,0.2687805,0.29122978,0.17944153,49.818752,-5.9625,15.0375,46.950733,0.3361091,49.741684,0.21054412,0.16493468,0.6823673,0.6803253,0.22195557,0.14922465,0.63121015,0.7280395,-1.0,0
1763544951545,1009.7912,0.40857446,4.101298,5.6356955,0.2828304,0.02535089,0.12889247,51.45,-6.0375004,12.712501,46.950733,0.3361091,49.741684,0.21445253,0.16851392,0.6829844,0.6776027,0.22617878,0.15241389,0.63171196,0.7256398,-1.0,0
1763544951570,1009.7912,0.20997019,3.7597225,5.953343,0.2122755,0.239459,0.049938194,52.18125,-6.7125,13.9125,46.950733,0.3361091,49.741684,0.21508767,0.17094915,0.6832085,0.67656475,0.22701854,0.15475428,0.6318772,0.7247378,-1.0,0
1763544951595,1009.76874,0.20039889,3.991228,6.498906,0.22892158,0.5051852,0.123089254,51.975002,-6.4687505,11.75625,46.950733,0.3361091,49.741684,0.21347283,0.17518683,0.68451816,0.6746657,0.2257449,0.15906072,0.6332004,0.7230464,-1.0,0
1763544951621,1009.76874,0.91106725,4.450052,6.1710896,0.4488329,0.3291034,0.115911596,54.075,-7.4062505,15.13125,46.950733,0.3361091,49.741684,0.2165573,0.18429823,0.68486905,0.67088866,0.22954355,0.1678471,0.63359433,0.7195105,-1.0,0
1763544951647,1009.74384,0.0317049,5.4221363,4.3411784,0.22663084,0.0065667965,-0.17012584,53.100002,-7.2375,13.5375,46.950733,0.3361091,49.741684,0.21884722,0.18675187,0.68323916,0.67112887,0.23203716,0.17008564,0.6318279,0.71973825,-1.0,0
1763544951672,1009.70917,-0.8632108,5.5980086,6.530611,-0.048258316,0.12767074,-0.1301142,53.362503,-7.2187505,15.20625,46.950733,0.3361091,49.741684,0.21820936,0.18805987,0.6823227,0.67190325,0.23154868,0.17136814,0.630642,0.7206309,-1.0,0
1763544951698,1009.70917,-0.8488538,5.67757,8.868399,0.041538805,0.091324285,0.019394957,54.24375,-7.2562504,14.962501,46.950733,0.3361091,49.741684,0.21991983,0.19003968,0.6822806,0.6708303,0.23077454,0.17259386,0.630507,0.7207048,-1.0,0
1763544951723,1009.715,0.01375873,6.005387,9.431311,0.3234529,-0.23396121,0.14110976,53.062504,-7.2562504,16.0125,46.950733,0.3361091,49.741684,0.22536583,0.18971692,0.6814161,0.66999245,0.23344374,0.17315842,0.6305029,0.7197126,-1.0,0
1763544951748,1009.7382,0.997807,6.914659,9.208778,0.2328922,-0.22693627,-0.0754418,52.687504,-7.55625,16.837502,46.950733,0.3361091,49.741684,0.22925794,0.18952425,0.6799487,0.6702172,0.24271204,0.17195788,0.6282465,0.7189073,-1.0,0
1763544951773,1009.7382,-0.008973085,7.6277204,8.997013,0.054366965,0.10399973,-0.10583232,54.112503,-8.512501,15.95625,46.950733,0.3361091,49.741684,0.2295906,0.1906788,0.6791688,0.67056656,0.24313612,0.1730753,0.62741566,0.71922135,-1.0,0
1763544951799,1009.7629,0.069391854,7.6773715,9.376874,-0.12156209,0.054366965,-0.08460477,53.568752,-8.325001,16.0125,46.950733,0.3361091,49.741684,0.22835118,0.18904352,0.677951,0.67268187,0.2418712,0.17376545,0.6270154,0.7198302,-1.0,0
1763544951824,1009.7629,1.1904292,7.219744,10.8018,-0.21456626,-0.31703883,-0.1291979,54.225002,-6.525,16.143751,46.950733,0.3361091,49.741684,0.22916959,0.18538089,0.6759708,0.67541003,0.24183452,0.1714578,0.62580824,0.7214446,-1.0,0
1763544951850,1009.7995,1.5308083,5.40419,11.021341,-0.3808742,-0.11636974,-0.40683594,54.600002,-6.2250004,14.700001,46.950733,0.3361091,49.741684,0.22764194,0.18234435,0.673736,0.67897683,0.24060805,0.16485777,0.62121785,0.7273363,-1.0,0
1763544951875,1009.8161,0.47078785,4.6582274,11.19183,-0.5177079,0.20234896,-0.39584038,53.943752,-7.2937503,15.3,46.950733,0.3361091,49.741684,0.21664865,0.1793766,0.67189705,0.6851582,0.23551004,0.16345564,0.6197165,0.73059475,-1.0,0
1763544951900,1009.8161,-0.40677986,4.3112683,11.043475,-0.21945317,-0.02611447,-0.11331542,55.143753,-5.7937503,13.856251,46.950733,0.3361091,49.741684,0.21338661,0.17791903,0.6716742,0.6867785,0.22593696,0.16168341,0.61915016,0.73448217,-1.0,0
1763544951926,1009.82,0.64606214,4.4081774,10.042677,0.10690133,-0.3081813,-0.015729768,55.443752,-5.7562504,13.81875,46.950733,0.3361091,49.741684,0.21469265,0.17621623,0.6710183,0.68745124,0.22706854,0.159953,0.61865413,0.7349299,-1.0,0
1763544951950,1009.8127,1.0971092,4.462016,8.109276,0.30497423,-0.3280344,-0.08552107,54.843754,-4.33125,14.418751,46.950733,0.3361091,49.741684,0.22121152,0.17615552,0.66777056,0.6885617,0.23350485,0.15950169,0.6156124,0.7355652,-1.0,0
1763544951975,1009.8127,0.9170493,4.4662037,6.3439713,0.26313,-0.14263692,-0.18448116,54.075,-5.90625,15.50625,46.950733,0.3361091,49.741684,0.22207655,0.17766699,0.66633064,0.68928945,0.23447815,0.16094583,0.6141231,0.7361856,-1.0,0
1763544952000,1009.77167,1.1162517,4.667799,4.9788656,0.06811142,0.13469568,-0.2272417,54.91875,-6.6937504,16.556252,46.950733,0.3361091,49.741684,0.22160895,0.17953491,0.66506016,0.6901823,0.2341867,0.16278791,0.61261743,0.73712724,-1.0,0
1763544952025,1009.7299,0.8536395,4.6881375,4.7401814,0.057879437,0.099723674,-0.3251328,55.406254,-5.775,15.675,46.950733,0.3361091,49.741684,0.22077264,0.18291745,0.6607205,0.6937211,0.23369463,0.16609086,0.60761195,0.740681,-1.0,0
1763544952050,1009.7299,0.08673982,4.7605205,4.5966125,0.044287696,0.040011644,-0.35567603,55.593754,-4.875,15.6,46.950733,0.3361091,49.741684,0.22088404,0.18358704,0.6585623,0.6955586,0.23391259,0.16666992,0.6050684,0.742562,-1.0,0
1763544952075,1009.6972,0.15792629,4.95075,5.1942196,0.0058032153,-0.06520981,-0.26648977,55.18125,-6.2812505,14.493751,46.950733,0.3361091,49.741684,0.22114721,0.18339296,0.6567721,0.69721687,0.23419091,0.16641413,0.6030243,0.7441926,-1.0,0
1763544952100,1009.6972,-0.07956135,5.3270216,6.599405,-0.05070178,0.047189303,-0.19272783,53.568752,-4.8375,14.418751,46.950733,0.3361091,49.741684,0.22064689,0.18361862,0.6554115,0.6985949,0.23375411,0.16661295,0.6013623,0.74562895,-1.0,0
1763544952126,1009.68964,-0.8356933,5.7146587,7.155138,0.05589413,0.092087865,0.0035124724,55.4625,-5.5125003,15.656251,46.950733,0.3361091,49.741684,0.22003172,0.1847475,0.6551191,0.6987655,0.23326692,0.16772641,0.6008718,0.7459272,-1.0,0
1763544952151,1009.69037,1.9268204,6.9391856,7.4739814,0.64507324,-0.4865538,0.26511532,55.125004,-5.7937503,15.39375,46.950733,0.3361091,49.741684,0.22982727,0.18600708,0.6557672,0.69465834,0.24322736,0.16810608,0.6013934,0.74223095,-1.0,0
1763544952176,1009.69037,2.4305096,7.295118,6.168697,0.65881765,-0.56184286,0.077579826,55.031254,-6.4125004,13.275001,46.950733,0.3361091,49.741684,0.23884673,0.1861472,0.6540541,0.6931917,0.25227642,0.16749668,0.5995979,0.7407995,-1.0,0
1763544952201,1009.6911,2.2271197,7.2550383,5.8689957,0.2669479,-0.19074252,-0.15760311,53.250004,-5.625,15.281251,46.950733,0.3361091,49.741684,0.24243672,0.18792431,0.6504011,0.6949009,0.2561222,0.16879733,0.59524864,0.74268967,-1.0,0
1763544952226,1009.7026,0.11006984,6.6562343,10.069596,-0.37781987,0.48884454,-0.3564396,53.86875,-6.1875005,16.0125,46.950733,0.3361091,49.741684,0.23698147,0.18949702,0.6496271,0.69707626,0.2508581,0.17070317,0.5940719,0.7449894,-1.0,0
1763544952252,1009.7026,-1.585245,6.8727846,10.725229,-0.28741187,0.5728384,-0.24938555,54.05625,-7.4062505,15.6,46.950733,0.3361091,49.741684,0.23067765,0.19193976,0.64952326,0.6986175,0.24478687,0.17358698,0.5937381,0.746607,-1.0,0
1763544952278,1009.747,-2.57707,7.536195,10.286744,-0.120034926,0.43249226,0.05589413,55.031254,-5.4375,15.843751,46.950733,0.3361091,49.741684,0.22484718,0.19525084,0.65282464,0.69652057,0.24045415,0.17644289,0.59478694,0.7465107,-1.0,0
1763544952303,1009.747,-1.4249259,8.185248,9.751948,-0.051007207,0.06704241,0.32192573,57.24375,-5.5687504,14.08125,46.950733,0.3361091,49.741684,0.22527756,0.19318077,0.6547383,0.6951611,0.23963088,0.17505953,0.59864193,0.7440155,-1.0,0
1763544952328,1009.77264,1.1072787,6.778867,12.089736,-0.2376264,-0.04886918,-0.011759147,54.16875,-6.15,15.20625,46.950733,0.3361091,49.741684,0.2246436,0.19100621,0.6553095,0.69542885,0.23887324,0.17288056,0.59900254,0.7444782,-1.0,0
1763544952353,1009.8095,-0.1680958,5.517251,12.05863,-0.23075417,0.19440772,-0.20723587,55.537502,-5.25,14.55,46.950733,0.3361091,49.741684,0.22180668,0.19052126,0.65494704,0.6968126,0.23600869,0.17261653,0.5985264,0.7458348,-1.0,0
1763544952378,1009.8095,-1.3513466,4.7048874,11.083554,-0.1301142,0.3092503,-0.17226386,56.737503,-5.025,15.95625,46.950733,0.3361091,49.741684,0.2157742,0.19291583,0.65469605,0.6982822,0.2323968,0.17408007,0.59822464,0.7468703,-1.0,0
1763544952403,1009.83124,-1.0217353,4.05404,7.6492558,0.040317077,-0.22403465,0.008246674,56.943752,-5.49375,15.656251,46.950733,0.3361091,49.741684,0.21637256,0.1923348,0.6543266,0.6986035,0.23068848,0.17490734,0.5979575,0.7474203,-1.0,0
1763544952428,1009.8178,-0.26679972,3.9948175,7.1856465,-0.11148282,-0.31810784,0.037262753,56.906254,-5.5125003,17.04375,46.950733,0.3361091,49.741684,0.21789388,0.1894407,0.65393883,0.6992842,0.23198842,0.17189214,0.59748083,0.7480983,-1.0,0
1763544952453,1009.8178,-0.25663024,3.8201413,6.808777,-0.37934703,0.25870124,-0.0027488915,55.912502,-5.3625,17.60625,46.950733,0.3361091,49.741684,0.20769164,0.1891998,0.65710145,0.69948936,0.22180602,0.17243688,0.6005846,0.7485758,-1.0,0
1763544952478,1009.7985,-1.2933207,3.5001013,7.9040914,-0.12812889,0.38224864,0.20418155,57.61875,-4.2937503,15.20625,46.950733,0.3361091,49.741684,0.20284699,0.19075459,0.65966505,0.69807434,0.21710731,0.17435205,0.60320777,0.7473996,-1.0,0
1763544952504,1009.78485,-0.76989067,3.7896328,6.129813,0.22250749,-0.09468404,0.3081813,57.9,-5.025,16.44375,46.950733,0.3361091,49.741684,0.20396319,0.19129714,0.6613475,0.6960057,0.21826524,0.17480235,0.6050345,0.74547815,-1.0,0
1763544952530,1009.78485,-0.04546363,4.0420756,4.9112687,0.23212862,-0.27397284,0.3101666,56.343754,-3.3187501,15.58125,46.950733,0.3361091,49.741684,0.21066695,0.18954214,0.66346264,0.692467,0.22487542,0.17244661,0.6071449,0.74233973,-1.0,0
1763544952555,1009.7431,0.24885355,4.0480576,5.3569317,0.11148282,-0.20861033,0.24724752,57.43125,-4.4437504,16.1625,46.950733,0.3361091,49.741684,0.21215527,0.18929508,0.66430515,0.6912714,0.22637896,0.17203212,0.60790974,0.7413523,-1.0,0
1763544952580,1009.7431,0.15672988,4.766503,5.805586,-0.028863361,0.1904371,0.058032155,57.9,-5.775,16.331251,46.950733,0.3361091,49.741684,0.21146294,0.1902195,0.66509694,0.690468,0.2257942,0.17296535,0.6086219,0.7407289,-1.0,0
1763544952606,1009.7153,0.0059820567,5.0805607,7.1096745,-0.06551525,0.14889829,-0.0042760535,56.04375,-4.1062503,16.29375,46.950733,0.3361091,49.741684,0.21009342,0.19157708,0.6653338,0.69028246,0.22461964,0.17431882,0.6085172,0.74085474,-1.0,0
1763544952631,1009.71625,-0.6556334,5.4610195,7.42792,0.0772744,-0.013744458,-0.04016436,57.468754,-4.2000003,16.44375,46.950733,0.3361091,49.741684,0.21156079,0.1921563,0.6649207,0.69007134,0.22616865,0.17472763,0.6079509,0.7407521,-1.0,0
1763544952657,1009.71625,-1.1940185,6.2524457,7.3543406,0.14630212,-0.1583667,0.23014331,57.225002,-6.8437505,16.931252,46.950733,0.3361091,49.741684,0.2136593,0.19227917,0.6654958,0.6888351,0.228326,0.1746105,0.6083866,0.7397595,-1.0,0
1763544952682,1009.7221,0.3379862,6.52104,8.141579,0.08460477,-0.3440696,0.27336198,56.79375,-5.3812504,16.275002,46.950733,0.3361091,49.741684,0.21992755,0.18811648,0.66645795,0.6870792,0.23435672,0.1698024,0.6089871,0.7384977,-1.0,0
1763544952707,1009.7458,1.174876,6.678966,9.391231,-0.008552107,-0.40026915,0.10522146,55.518753,-4.51875,16.050001,46.950733,0.3361091,49.741684,0.22053085,0.18651691,0.6663489,0.68742764,0.23486125,0.16811483,0.6087099,0.7389519,-1.0,0
1763544952732,1009.7458,-0.5886344,7.2646093,10.813764,-0.182954,0.107054055,0.109344795,58.218754,-4.2375,15.450001,46.950733,0.3361091,49.741684,0.21874449,0.18600772,0.6674237,0.6870935,0.23307264,0.16770564,0.6096629,0.7388255,-1.0,0
1763544952757,1009.78314,0.20219351,7.2903323,11.010573,-0.12950334,0.00076358096,0.17745622,56.625004,-6.2625003,15.58125,46.950733,0.3361091,49.741684,0.21785243,0.18519549,0.6687802,0.6862769,0.23215273,0.16691963,0.6109266,0.738249,-1.0,0
1763544952782,1009.78314,1.4452649,7.0953174,11.016556,-0.26939136,-0.052687086,0.08796453,57.206253,-6.3375,15.675,46.950733,0.3361091,49.741684,0.21363576,0.18104477,0.67049426,0.6870371,0.22766666,0.16305009,0.6123317,0.73934597,-1.0,0
1763544952808,1009.8222,1.4859428,6.058627,12.4426775,-0.45875946,0.15913028,-0.08155045,56.737503,-4.275,15.750001,46.950733,0.3361091,49.741684,0.20820998,0.18084322,0.67135423,0.68791556,0.22223982,0.16329461,0.6131293,0.7402815,-1.0,0
1763544952834,1009.863,0.63230336,5.0685964,11.403595,-0.14553854,0.5439751,0.009010255,58.0875,-4.125,15.3,46.950733,0.3361091,49.741684,0.20310022,0.18275595,0.67281795,0.6875075,0.21727015,0.16565967,0.614767,0.73987305,-1.0,0
1763544952859,1009.863,1.2484552,4.979464,9.580264,-0.045051277,0.4317287,0.005497783,57.975002,-4.65,16.10625,46.950733,0.3361091,49.741684,0.19932383,0.18512304,0.6741178,0.68670565,0.21368058,0.1683483,0.61620617,0.7391139,-1.0,0
1763544952885,1009.86395,0.9457632,4.094718,7.6402826,0.008246674,-0.17363831,-0.18203771,59.98125,-2.7,16.556252,46.950733,0.3361091,49.741684,0.19821271,0.1857373,0.67294914,0.6880064,0.21262732,0.16904508,0.61491656,0.74033165,-1.0,0
1763544952910,1009.85004,0.4331009,3.856632,6.8871417,-0.02489274,-0.23350306,-0.20540328,58.875004,-3.05625,16.706251,46.950733,0.3361091,49.741684,0.19939612,0.1842362,0.67120445,0.6897701,0.21369162,0.16744457,0.61300546,0.741972,-1.0,0
1763544952935,1009.85004,0.17228323,3.804588,6.506085,-0.091324285,-0.10644319,-0.17318016,59.568752,-4.7250004,16.40625,46.950733,0.3361091,49.741684,0.19811068,0.18268481,0.66933733,0.6923626,0.21379037,0.16613904,0.61144966,0.7435192,-1.0,0
1763544952961,1009.8344,0.093918286,3.9768713,6.4295144,-0.12904519,0.09911281,-0.11575887,58.706253,-3.9562502,16.462502,46.950733,0.3361091,49.741684,0.19668084,0.18326735,0.66907895,0.69286585,0.21232115,0.16595574,0.6107697,0.7445393,-1.0,0
1763544952987,1009.79535,-0.06520442,4.3615174,5.3940206,0.06887501,-0.15012002,-0.07086031,57.91875,-3.525,15.6,46.950733,0.3361091,49.741684,0.19746168,0.18328275,0.6683279,0.6933643,0.21177639,0.1665366,0.60944295,0.7456512,-1.0,0
1763544953013,1009.79535,0.38703907,4.5649076,5.534599,0.06139191,-0.29932374,-0.09269873,58.781254,-3.5625002,15.656251,46.950733,0.3361091,49.741684,0.20101427,0.1810394,0.66564393,0.6955114,0.214057,0.16513072,0.60786927,0.7465966,-1.0,0
1763544953039,1009.7629,-0.3044867,4.586443,7.5320077,-0.1262963,0.011759147,-0.1423315,57.018753,-3.73125,14.45625,46.950733,0.3361091,49.741684,0.20027737,0.18047883,0.66471,0.69676185,0.21446416,0.16336693,0.60505277,0.74915123,-1.0,0
1763544953065,1009.75336,-0.5288138,4.8029933,8.839685,0.040622506,0.015577052,-0.009010255,56.86875,-4.3875003,15.6,46.950733,0.3361091,49.741684,0.19977948,0.18077405,0.6644855,0.6970423,0.2140251,0.16365929,0.60465586,0.74953336,-1.0,0
1763544953091,1009.75336,-0.15972091,5.3389854,8.900104,0.3564396,-0.23548837,0.10797035,58.725002,-3.1875002,15.4875,46.950733,0.3361091,49.741684,0.2025874,0.18139477,0.6642606,0.69628453,0.21688905,0.164027,0.60442865,0.74881256,-1.0,0
1763544953116,1009.7563,0.30269206,6.3948183,7.3459654,0.6647736,-0.5079341,0.16615522,58.031254,-3.6375,15.731251,46.950733,0.3361091,49.741684,0.21778762,0.18210426,0.66214925,0.6935164,0.23213793,0.16341788,0.60236144,0.7460344,-1.0,0
1763544953141,1009.7563,1.0827522,6.750751,7.2496543,0.432645,-0.18723005,0.111635536,58.443752,-4.59375,15.6,46.950733,0.3361091,49.741684,0.22331084,0.18343529,0.66150844,0.69201905,0.23780254,0.16421382,0.60162014,0.74467236,-1.0,0
1763544953166,1009.7587,1.4416757,6.8303123,8.550752,0.20616686,0.016951498,-0.03329213,58.93125,-4.40625,14.606251,46.950733,0.3361091,49.741684,0.2266217,0.18604814,0.6596433,0.6920256,0.24142152,0.16639395,0.59930396,0.7448916,-1.0,0
1763544953191,1009.7746,1.0803595,6.888338,9.623933,0.1188132,-0.05742129,-0.18707734,54.91875,-6.0750003,15.58125,46.950733,0.3361091,49.741684,0.22633594,0.18715395,0.6580487,0.69333786,0.2412581,0.16747859,0.5974774,0.7461677,-1.0,0
1763544953216,1009.7746,-0.46061835,7.0803623,10.052846,-0.15974113,0.2886336,-0.18035783,57.000004,-4.4812503,15.431251,46.950733,0.3361091,49.741684,0.22344099,0.18872517,0.65747,0.6943992,0.23853853,0.16924077,0.59666526,0.7472934,-1.0,0
1763544953242,1009.7956,-0.38823548,6.9619174,11.027922,-0.23350306,0.07773254,-0.09575305,57.037502,-4.2375,15.731251,46.950733,0.3361091,49.741684,0.22066136,0.18879165,0.65743905,0.6952987,0.2358136,0.16948643,0.59638536,0.74832535,-1.0,0
1763544953268,1009.8295,-0.2416751,6.454639,11.959926,-0.23350306,-0.171653,-0.086742796,58.55625,-2.4750001,16.3875,46.950733,0.3361091,49.741684,0.21817641,0.18499777,0.6565255,0.6979607,0.23304738,0.1658736,0.59511393,0.7510088,-1.0,0
1763544953294,1009.8295,-1.4069797,4.970491,10.989038,-0.18112141,0.27107126,-0.05818487,58.256252,-3.24375,15.993751,46.950733,0.3361091,49.741684,0.21474525,0.18547828,0.6568912,0.69855297,0.22965837,0.16665754,0.5954768,0.75159144,-1.0,0
1763544953320,1009.8554,-1.2197413,4.599603,10.107881,-0.09346231,0.099418245,0.044134982,57.956253,-3.2812502,16.35,46.950733,0.3361091,49.741684,0.21260458,0.18476523,0.65791714,0.6984312,0.22745267,0.16614507,0.5965656,0.7515122,-1.0,0
1763544953345,1009.8554,-0.5880362,4.3501515,8.976076,0.010231985,-0.18188499,0.06734784,57.956253,-3.2812502,16.35,46.950733,0.3361091,49.741684,0.21260458,0.18476523,0.65791714,0.6984312,0.22745267,0.16614507,0.5965656,0.7515122,-1.0,0
1763544953370,1009.8454,-0.65682983,4.1874394,7.006783,-0.16432263,-0.0971275,0.08888082,57.525,-2.5687501,15.431251,46.950733,0.3361091,49.741684,0.21397083,0.18106268,0.6581595,0.6987552,0.22851752,0.16231744,0.5967045,0.7519153,-1.0,0
1763544953395,1009.82074,-0.52342993,3.9649072,7.277172,-0.20189081,0.066889696,0.18310672,58.893753,-2.30625,15.4125,46.950733,0.3361091,49.741684,0.21176812,0.17902705,0.6615188,0.6967758,0.22681871,0.16111062,0.59813434,0.75155306,-1.0,0
1763544953421,1009.82074,-0.3056831,3.8835511,6.7998037,-0.03161225,-0.012217295,0.2602284,58.800003,-2.9250002,14.08125,46.950733,0.3361091,49.741684,0.21416065,0.17785107,0.6627679,0.6951568,0.2284959,0.15901385,0.6013141,0.74894965,-1.0,0
1763544953446,1009.79755,0.90029955,3.8656049,5.3718867,0.19303326,-0.42134398,0.1989892,57.54375,-2.5687501,14.64375,46.950733,0.3361091,49.741684,0.21842885,0.17595668,0.6631058,0.6939876,0.23261026,0.15673034,0.6016427,0.7478998,-1.0,0
1763544953472,1009.7592,0.8673982,4.0995035,5.398806,0.10231985,-0.274431,0.067195125,57.3375,-3.4687502,15.806251,46.950733,0.3361091,49.741684,0.221746,0.17432421,0.6628321,0.69360894,0.2358054,0.15477738,0.60126245,0.7476117,-1.0,0
1763544953498,1009.7592,0.3290131,4.475775,5.5573306,-0.0537561,0.027488915,-0.03252855,58.4625,-5.1000004,16.237501,46.950733,0.3361091,49.741684,0.21979232,0.17461444,0.6629563,0.694039,0.23624846,0.15426512,0.60091543,0.7478567,-1.0,0
1763544953523,1009.73676,-0.7112665,4.808975,7.561918,-0.03924806,0.19929464,-0.015729768,58.987503,-3.1875002,17.00625,46.950733,0.3361091,49.741684,0.2175723,0.17590865,0.6633707,0.6940157,0.23189107,0.15655059,0.6012433,0.74848175,-1.0,0
1763544953548,1009.73334,-1.0001999,5.323432,7.809575,0.19914192,-0.037110034,0.058032155,58.537502,-4.0875,15.562501,46.950733,0.3361091,49.741684,0.21834615,0.17702305,0.6633526,0.6935064,0.23278764,0.15755035,0.6011278,0.74808633,-1.0,0
1763544953573,1009.73334,-0.9912268,5.802595,7.6959157,0.29825473,-0.11682789,0.16187917,57.525,-3.9375002,16.425001,46.950733,0.3361091,49.741684,0.22385634,0.17900111,0.66414183,0.69047993,0.23559941,0.15836594,0.6011542,0.7470119,-1.0,0
1763544953598,1009.7541,-0.27337998,6.239285,8.359326,0.26282457,-0.11866048,0.24297146,57.581253,-5.2875004,14.64375,46.950733,0.3361091,49.741684,0.22689147,0.17920324,0.66491634,0.6886892,0.23852937,0.15892388,0.60179245,0.74544805,-1.0,0
1763544953623,1009.7541,0.5180461,6.556334,9.783055,0.24831653,-0.19394957,0.23457208,57.506252,-4.18125,15.056251,46.950733,0.3361091,49.741684,0.23119563,0.17901969,0.66479295,0.6874234,0.24589333,0.15822749,0.6024682,0.7426524,-1.0,0
1763544953648,1009.7741,0.49112684,7.274181,9.614362,0.41431904,-0.16279547,0.08078687,59.362503,-4.4812503,14.1,46.950733,0.3361091,49.741684,0.2378295,0.18170182,0.66385823,0.6853567,0.2527803,0.16025157,0.6015096,0.74068063,-1.0,0
1763544953674,1009.7966,0.10827523,8.066803,9.489935,0.2687805,-0.022601997,0.035582874,57.318752,-5.8125,14.55,46.950733,0.3361091,49.741684,0.23945881,0.18338987,0.66366774,0.68452376,0.2546065,0.16170315,0.6011372,0.7400417,-1.0,0
1763544953699,1009.7966,0.6664011,7.630113,9.8015995,0.22769985,0.0018325944,0.108886644,59.250004,-5.11875,13.06875,46.950733,0.3361091,49.741684,0.24117723,0.18506835,0.6638185,0.6833215,0.25651565,0.1631456,0.60116506,0.73904246,-1.0,0
1763544953724,1009.8049,2.0811574,7.1802626,10.202995,0.08613193,-0.028863361,0.032681264,58.66875,-4.93125,15.281251,46.950733,0.3361091,49.741684,0.24226259,0.18568948,0.66396505,0.68262637,0.2576931,0.16360316,0.6011838,0.7385163,-1.0,0
1763544953749,1009.8132,2.018944,6.2464633,10.275378,0.0010690134,0.093309596,-0.1847866,57.825,-5.53125,15.093751,46.950733,0.3361091,49.741684,0.23935923,0.18791822,0.662561,0.6844025,0.25502592,0.1660358,0.5995025,0.7402639,-1.0,0
1763544953775,1009.8132,0.62811595,5.35095,10.038489,-0.09758565,0.34697118,-0.21914774,57.281254,-5.3250003,14.3625,46.950733,0.3361091,49.741684,0.2367625,0.18938252,0.6627151,0.6847529,0.25256476,0.16772972,0.5996425,0.7406124,-1.0,0
1763544953800,1009.81757,0.82731843,4.5445685,9.633504,0.252898,-0.19211698,0.037873615,58.256252,-4.21875,13.275001,46.950733,0.3361091,49.741684,0.2383053,0.18957599,0.6623933,0.6844755,0.25409782,0.16781768,0.5994383,0.74023324,-1.0,0
1763544953825,1009.7868,0.8979067,4.6935215,7.223932,0.28359398,-0.38255405,0.06780599,58.593754,-5.4375,13.931251,46.950733,0.3361091,49.741684,0.2452943,0.1865017,0.66095644,0.6842399,0.2607592,0.16418527,0.59815943,0.7397656,-1.0,0
1763544953850,1009.7868,1.4656038,4.496114,6.884749,-0.2612974,-0.091018856,-0.045509428,59.98125,-5.0437503,14.38125,46.950733,0.3361091,49.741684,0.24495141,0.18403924,0.6608417,0.68513983,0.26021966,0.16173233,0.5978799,0.7407213,-1.0,0
1763544953875,1009.769,1.006182,4.377071,6.9726853,-0.29275694,0.100945406,-0.111635536,57.2625,-6.3,12.731251,46.950733,0.3361091,49.741684,0.24243453,0.18259013,0.66092503,0.6863413,0.257598,0.1604897,0.5977964,0.74197423,-1.0,0
1763544953900,1009.769,0.37268212,4.2975097,6.527022,-0.2084576,0.10079269,-0.07498365,56.8875,-5.86875,14.2875,46.950733,0.3361091,49.741684,0.23922326,0.18142095,0.6613239,0.6873932,0.2543234,0.15956487,0.5979737,0.74315953,-1.0,0
1763544953926,1009.74164,0.6239285,4.4093738,6.3607206,-0.044134982,-0.009926553,0.033139415,62.925003,-8.306251,8.700001,46.950733,0.3361091,49.741684,0.24032049,0.18123208,0.6613293,0.687055,0.25542155,0.15924458,0.5979067,0.7429055,-1.0,0
1763544953952,1009.7038,1.1880364,4.9896336,4.9435716,0.11026109,-0.19822562,-0.03527744,64.537506,-4.7625003,6.7875004,46.950733,0.3361091,49.741684,0.24248435,0.18082632,0.660565,0.6871368,0.25754932,0.15863538,0.59709924,0.7429506,-1.0,0
1763544953978,1009.7038,1.1563315,5.1003013,5.1661043,-0.003970621,-0.11499529,-0.08261946,66.65625,-6.2625003,2.625,46.950733,0.3361091,49.741684,0.24386264,0.18019906,0.65962046,0.687721,0.25888917,0.15785144,0.5960003,0.7435341,-1.0,0
1763544954003,1009.7038,1.1563315,5.1003013,5.1661043,-0.003970621,-0.11499529,-0.08261946,66.65625,-6.2625003,2.625,46.950733,0.3361091,49.741684,0.24386264,0.18019906,0.65962046,0.687721,0.25888917,0.15785144,0.5960003,0.7435341,-1.0,0
1763544954029,1009.7126,0.48454657,5.6727843,7.2765737,0.108581215,-0.045662142,-0.17623448,66.61875,-6.5062504,1.8750001,46.950733,0.3361091,49.741684,0.24211411,0.1817892,0.6566621,0.6907447,0.25734368,0.15950172,0.592528,0.7464878,-1.0,0
1763544954055,1009.7126,0.40917268,6.15434,6.8632135,0.23029602,-0.120034926,-0.12660173,58.518753,-4.3125,13.875001,46.950733,0.3361091,49.741684,0.24541976,0.18453896,0.6540345,0.6913417,0.2594304,0.16026206,0.5908341,0.74694514,-1.0,0
1763544954080,1009.7143,0.047856454,6.643074,6.384649,0.18692462,0.08964441,-0.07437278,59.625004,-5.6625004,10.125,46.950733,0.3361091,49.741684,0.2436983,0.18745178,0.6544821,0.69074315,0.25949544,0.1648913,0.5900422,0.74654084,-1.0,0
1763544954105,1009.75555,1.1856437,7.094719,8.152347,-0.30130905,0.3990474,-0.083230324,61.500004,-3.61875,10.425,46.950733,0.3361091,49.741684,0.23927352,0.18940876,0.65554786,0.6907456,0.25531936,0.16715124,0.5908542,0.7468358,-1.0,0
1763544954131,1009.75555,0.9212367,6.972087,11.280364,-0.16432263,-0.0368046,-0.25732678,58.8375,-4.275,12.3,46.950733,0.3361091,49.741684,0.23865637,0.18880136,0.65206194,0.69441515,0.25323144,0.16692913,0.58959574,0.7485889,-1.0,0
1763544954156,1009.8005,-0.21894327,6.793822,11.401201,0.171653,-0.19288056,-0.27107126,59.381252,-4.4812503,13.012501,46.950733,0.3361091,49.741684,0.23978418,0.19059215,0.6507587,0.69475985,0.25467002,0.16657132,0.58696324,0.75024754,-1.0,0
1763544954181,1009.8005,-1.1527423,7.8071823,9.777073,0.17760894,0.20418155,0.19547673,61.800003,-5.0625,9.8625,46.950733,0.3361091,49.741684,0.23963344,0.19317439,0.65177387,0.6931452,0.25601026,0.17087793,0.58690524,0.7488669,-1.0,0
1763544954206,1009.82074,-0.27218357,8.100303,9.9344015,0.1423315,-0.10231985,0.3130682,60.9,-5.7937503,11.08125,46.950733,0.3361091,49.741684,0.24091963,0.19387595,0.6533898,0.69097877,0.25737864,0.17142454,0.5886027,0.7469382,-1.0,0
1763544954231,1009.84515,1.0737791,7.423134,10.584053,0.07391464,-0.5051852,0.2423606,58.95,-5.3625,10.650001,46.950733,0.3361091,49.741684,0.24782735,0.18800433,0.65332884,0.69021547,0.26375946,0.164909,0.5884791,0.74627626,-1.0,0
1763544954256,1009.84515,-0.06699903,5.109873,10.30828,-0.2527453,0.19914192,-0.10262528,58.162502,-6.3187504,10.78125,46.950733,0.3361091,49.741684,0.24583387,0.18710658,0.653288,0.69121027,0.2616601,0.1642472,0.58849925,0.7471449,-1.0,0
1763544954281,1009.85223,-0.67417777,4.840082,10.381859,-0.30390522,0.43982264,-0.004123337,59.812504,-6.15,10.59375,46.950733,0.3361091,49.741684,0.24053158,0.18784234,0.6547795,0.69146484,0.25640684,0.1655165,0.5901361,0.7473949,-1.0,0
1763544954307,1009.8371,-0.526421,4.8137608,9.467203,-0.12782346,0.18799363,0.0490219,60.675003,-4.8187504,9.806251,46.950733,0.3361091,49.741684,0.23674287,0.18778403,0.65656745,0.6910927,0.25255397,0.16591124,0.5922847,0.7469196,-1.0,0
1763544954332,1009.8371,-0.62452674,4.822136,7.7186475,-0.023518294,-0.07422007,0.0707076,59.9625,-5.2875004,12.225,46.950733,0.3361091,49.741684,0.23731147,0.18592368,0.65692794,0.6910581,0.25294453,0.16402262,0.5926913,0.74688196,-1.0,0
1763544954357,1009.81854,-0.13998012,4.3561335,7.066005,-0.102014415,-0.20922118,0.1753182,59.456253,-5.5687504,12.150001,46.950733,0.3361091,49.741684,0.23814873,0.18356289,0.6576086,0.6907538,0.2535683,0.16159599,0.5933946,0.746641,-1.0,0
1763544954382,1009.81854,0.44745782,4.2041893,6.8967133,-0.09392046,-0.034361143,0.20433427,59.4,-6.05625,10.012501,46.950733,0.3361091,49.741684,0.23711275,0.18179949,0.66062385,0.6886963,0.25236416,0.1599557,0.5966514,0.74480444,-1.0,0
1763544954407,1009.7961,0.73100734,4.1240296,6.0640106,-0.077121675,0.15958843,0.17501275,60.6375,-5.0625,9.525001,46.950733,0.3361091,49.741684,0.23567516,0.18195125,0.66189766,0.68792623,0.25094086,0.1602427,0.5980117,0.7441324,-1.0,0
1763544954432,1009.769,0.8003992,3.8787656,5.375476,-0.1375973,0.01847866,-0.033444848,60.675003,-5.55,9.712501,46.950733,0.3361091,49.741684,0.2347,0.18136193,0.6621539,0.6881686,0.24991952,0.15973869,0.5982339,0.7444058,-1.0,0
1763544954457,1009.769,0.45702913,3.7770705,5.9694943,-0.15699224,0.06551525,-0.07574723,60.318752,-5.2125,8.94375,46.950733,0.3361091,49.741684,0.23340295,0.18067807,0.6620292,0.6889092,0.24856989,0.15916823,0.5980292,0.745144,-1.0,0
1763544954482,1009.75653,-0.025124637,3.888935,6.154938,-0.06536253,0.20479241,-0.041538805,60.375004,-6.2250004,10.70625,46.950733,0.3361091,49.741684,0.23039675,0.18275581,0.66261566,0.6888092,0.24575207,0.16151863,0.598662,0.7450647,-1.0,0
1763544954507,1009.7465,-0.26620153,4.1318064,5.81755,0.047647454,0.1556178,0.012217295,61.65,-6.4687505,10.89375,46.950733,0.3361091,49.741684,0.23037392,0.18396609,0.66277057,0.6883455,0.24584213,0.16271843,0.5988343,0.7446354,-1.0,0
1763544954532,1009.7465,-0.61914283,5.391628,6.087939,0.06383537,0.20448698,-0.053603385,61.781254,-7.3125005,10.14375,46.950733,0.3361091,49.741684,0.22974198,0.18590707,0.6626383,0.6881625,0.2453957,0.16469292,0.59867316,0.7444781,-1.0,0
1763544954557,1009.75946,-1.0971092,5.872585,6.6646094,-0.06291907,0.11285727,0.034666575,61.875004,-6.9187503,8.71875,46.950733,0.3361091,49.741684,0.22949268,0.1849747,0.66316956,0.6879852,0.24425021,0.1660177,0.5989644,0.7443263,-1.0,0
1763544954582,1009.75946,-0.232702,6.196214,8.949157,-0.10690133,-0.40347618,0.11209369,61.781254,-6.5625005,9.95625,46.950733,0.3361091,49.741684,0.23397979,0.17995447,0.6622366,0.68870354,0.24916641,0.15826005,0.59784716,0.74528426,-1.0,0
1763544954607,1009.80023,1.3226327,6.4845495,11.048859,0.106290475,-0.49403688,0.065667965,59.643753,-7.0312505,9.58125,46.950733,0.3361091,49.741684,0.23848636,0.1761404,0.6611882,0.6891509,0.25329494,0.15408722,0.59685045,0.74556583,-1.0,0
1763544954632,1009.8217,1.0773684,7.5104723,9.208778,-0.013286309,0.03940078,0.019394957,61.3875,-7.1062503,9.4125,46.950733,0.3361091,49.741684,0.23912103,0.17571196,0.66126585,0.68896574,0.25386173,0.15364824,0.59707534,0.7452835,-1.0,0
1763544954657,1009.8217,0.8327023,8.240283,9.610772,-0.29917103,0.09453133,-0.033444848,61.425003,-6.8625,10.462501,46.950733,0.3361091,49.741684,0.23545334,0.17228994,0.6613675,0.6909928,0.25152826,0.15320285,0.59744453,0.7458703,-1.0,0
1763544954682,1009.85126,0.8895318,7.058827,12.044871,-0.29626942,-0.27214026,-0.12721258,58.406254,-7.2937503,11.26875,46.950733,0.3361091,49.741684,0.23533672,0.1685505,0.6602023,0.69306576,0.2495916,0.14661744,0.59494066,0.7498353,-1.0,0
1763544954707,1009.8757,0.53240305,6.3678994,11.452647,-0.26755878,0.20112723,-0.058032155,60.975002,-6.15,10.63125,46.950733,0.3361091,49.741684,0.23292194,0.16742311,0.66025126,0.6941075,0.24710041,0.14568637,0.5948155,0.7509403,-1.0,0
1763544954732,1009.8757,0.2213361,5.960521,10.829915,-0.28115052,0.46761698,0.05070178,61.65,-5.9437504,8.231251,46.950733,0.3361091,49.741684,0.22556475,0.16865976,0.663539,0.69310206,0.242145,0.14729343,0.59649336,0.75091016,-1.0,0
1763544954757,1009.8803,0.31405798,5.816354,11.127822,-0.06475167,0.054825112,0.15210533,61.93125,-6.6562505,8.700001,46.950733,0.3361091,49.741684,0.22927523,0.1673369,0.6637747,0.6919785,0.24346322,0.1459261,0.59850466,0.7491484,-1.0,0
1763544954783,1009.852,1.308874,5.1206403,7.3992057,0.37873617,-0.43325585,0.22586726,59.1375,-5.7375,11.71875,46.950733,0.3361091,49.741684,0.23493905,0.16617045,0.66367763,0.6904513,0.24900532,0.14424057,0.5985104,0.74764717,-1.0,0
1763544954808,1009.852,2.0368903,4.8305106,5.901299,0.18982624,-0.33246315,0.17959425,59.437504,-7.2000003,11.475,46.950733,0.3361091,49.741684,0.24105056,0.1626744,0.66361886,0.68923265,0.25482705,0.14011246,0.59828776,0.74664813,-1.0,0
1763544954833,1009.8254,2.3629124,4.880162,6.4402823,-0.11911863,-0.22525638,-0.009926553,61.237503,-7.74375,10.856251,46.950733,0.3361091,49.741684,0.23991618,0.16086861,0.6626786,0.6909548,0.2535588,0.13837059,0.5970575,0.7483875,-1.0,0
1763544954858,1009.8254,1.4051851,4.7102714,6.9684978,-0.27412558,-0.0056504994,-0.22082762,62.756252,-8.4375,8.56875,46.950733,0.3361091,49.741684,0.23681802,0.1603944,0.66170764,0.6930612,0.25045055,0.13814364,0.5957893,0.7504838,-1.0,0
1763544954884,1009.8095,-0.14955142,4.2520456,7.664211,-0.0027488915,-0.011300999,-0.14950916,60.693752,-8.400001,8.775001,46.950733,0.3361091,49.741684,0.23557387,0.16053191,0.6607144,0.6943997,0.24924655,0.13835351,0.5945561,0.75182277,-1.0,0
1763544954908,1009.77386,0.4426722,4.4721856,5.8917274,0.26572618,-0.17394374,-0.07299834,60.6375,-5.8125,9.4125,46.950733,0.3361091,49.741684,0.23988068,0.16198067,0.6582747,0.69490576,0.25370717,0.13933107,0.5918671,0.75227183,-1.0,0
1763544954933,1009.77386,1.0079765,4.87418,5.575875,0.040622506,0.026419902,-0.08735366,59.68125,-7.5375004,10.387501,46.950733,0.3361091,49.741684,0.24039797,0.16273697,0.65753037,0.69525486,0.2543375,0.13995333,0.59084684,0.75274533,-1.0,0
1763544954958,1009.7497,1.0809577,4.9172506,6.1621165,0.032986697,0.06551525,-0.09560034,61.85625,-8.418751,9.58125,46.950733,0.3361091,49.741684,0.24025139,0.1636805,0.6569507,0.69563186,0.2543199,0.14083119,0.59001243,0.75324184,-1.0,0
1763544954984,1009.7465,1.1437693,4.950152,6.530013,0.083230324,0.020311253,-0.09789108,60.693752,-10.650001,8.137501,46.950733,0.3361091,49.741684,0.24137785,0.1655194,0.6554102,0.69625974,0.25567618,0.14244163,0.5880762,0.7539937,-1.0,0
1763544955010,1009.7465,1.1036894,5.250451,6.9158554,0.12095123,-0.01802051,-0.08460477,61.331253,-10.33125,9.13125,46.950733,0.3361091,49.741684,0.24319978,0.16625194,0.6543816,0.69641864,0.25758585,0.14295234,0.58689135,0.75417024,-1.0,0
1763544955035,1009.7487,0.5461618,5.858228,7.795218,0.4338667,-0.10002911,0.0006108648,59.7,-9.525001,11.26875,46.950733,0.3361091,49.741684,0.24663937,0.16794303,0.6532835,0.6958339,0.2611885,0.14427894,0.5857432,0.75357085,-1.0,0
1763544955061,1009.7487,0.6771688,6.5814586,6.767501,0.41996953,-0.016646065,0.10491603,60.80625,-10.762501,9.056251,46.950733,0.3361091,49.741684,0.2522352,0.17175448,0.6532865,0.69288856,0.26719123,0.14741458,0.58562964,0.7509432,-1.0,0
1763544955086,1009.7475,1.1288141,7.2909307,7.223932,0.18173227,-0.04612029,0.12247839,61.912502,-11.775001,9.76875,46.950733,0.3361091,49.741684,0.25334778,0.1715394,0.65329033,0.6925322,0.2683414,0.14698222,0.5853474,0.75083786,-1.0,0
1763544955111,1009.7836,1.160519,7.413563,10.650454,0.031001387,-0.040775225,-0.10033454,62.568752,-9.337501,8.94375,46.950733,0.3361091,49.741684,0.2540319,0.17149386,0.6525038,0.69303423,0.26903698,0.14683817,0.58442104,0.7513386,-1.0,0
1763544955136,1009.7836,-0.36251262,7.3100734,11.496316,0.14767656,0.21105379,-0.036346454,60.600002,-11.6625,10.51875,46.950733,0.3361091,49.741684,0.25338292,0.17792287,0.6539734,0.69026035,0.26902583,0.14844687,0.5840182,0.75133973,-1.0,0
1763544955162,1009.8078,-1.3860425,7.4045897,10.363315,0.42088583,0.48349947,0.29657486,62.268753,-10.743751,9.056251,46.950733,0.3361091,49.741684,0.25495228,0.1829388,0.6573501,0.68514496,0.2710246,0.15815474,0.5900125,0.7439207,-1.0,0
1763544955188,1009.8183,1.881955,8.120044,7.7479596,0.22143848,-0.1574504,0.41462448,61.4625,-13.81875,11.325001,46.950733,0.3361091,49.741684,0.25800577,0.18403314,0.65981996,0.681324,0.2742058,0.15889102,0.59265226,0.7404918,-1.0,0
1763544955212,1009.8183,2.0697916,6.652047,9.223733,-0.09789108,-0.33811367,0.019394957,60.73125,-12.525001,10.25625,46.950733,0.3361091,49.741684,0.26079425,0.18146911,0.65956086,0.681201,0.27678713,0.15599221,0.59218293,0.7405232,-1.0,0
1763544955237,1009.8422,0.5832505,5.1870413,9.76152,-0.38515025,-0.021074835,-0.20311254,60.112503,-13.968751,12.562501,46.950733,0.3361091,49.741684,0.25413254,0.17740794,0.6590153,0.6853043,0.27513373,0.15368247,0.5911133,0.7424744,-1.0,0
1763544955263,1009.8569,-0.08015956,4.2538404,10.413564,-0.4065305,0.20234896,-0.03970621,62.2125,-13.125001,10.275001,46.950733,0.3361091,49.741684,0.24885863,0.1762077,0.6600957,0.6865085,0.2643374,0.15200494,0.5925571,0.74558455,-1.0,0
1763544955288,1009.8569,0.1896312,4.358526,9.005986,-0.25411975,-0.05894845,-0.021380268,63.91875,-12.58125,11.625,46.950733,0.3361091,49.741684,0.24627453,0.17428017,0.6605858,0.6874603,0.26153302,0.1504168,0.59320545,0.7463796,-1.0,0
1763544955313,1009.8317,-0.047856454,4.5206404,7.8143606,-0.22403465,-0.24358234,-0.014355322,62.175003,-11.775001,11.90625,46.950733,0.3361091,49.741684,0.24474682,0.1683556,0.66063404,0.68943316,0.26065585,0.14756942,0.59310263,0.747336,-1.0,0
1763544955339,1009.8317,-0.23330021,4.447659,6.9152575,-0.30390522,-0.10827578,0.05054906,61.55625,-12.58125,12.168751,46.950733,0.3361091,49.741684,0.24172573,0.16657697,0.6623222,0.68931127,0.25623712,0.14325412,0.5949942,0.74819964,-1.0,0
1763544955364,1009.8117,0.57427746,4.301697,6.9541407,-0.19792019,0.083688475,0.2197586,62.49375,-12.356251,12.225,46.950733,0.3361091,49.741684,0.23940735,0.16546983,0.664431,0.68835706,0.25382602,0.1423674,0.5971796,0.7474493,-1.0,0
1763544955389,1009.7873,1.3944174,4.194618,6.4331036,-0.0044287695,-0.108886644,0.171653,62.5125,-13.725,11.212501,46.950733,0.3361091,49.741684,0.24131766,0.16367596,0.6656852,0.6869055,0.25555217,0.14041764,0.5986073,0.74608666,-1.0,0
1763544955414,1009.7873,1.4883357,4.074379,5.895915,0.09575305,-0.1197295,0.037262753,61.7625,-13.8,11.606251,46.950733,0.3361091,49.741684,0.2428402,0.16342813,0.66519475,0.68690306,0.2570415,0.14003493,0.5981375,0.7460237,-1.0,0
1763544955439,1009.76874,0.90807617,4.221537,5.9318075,0.10415245,-0.021532983,-0.022296565,63.525,-12.993751,12.3,46.950733,0.3361091,49.741684,0.24392809,0.16371918,0.66477966,0.68685013,0.2581525,0.14022188,0.5977255,0.7459352,-1.0,0
1763544955464,1009.7714,0.74117684,4.7605205,5.9431734,0.10063997,-0.011453714,-0.060781047,61.443752,-13.837501,12.712501,46.950733,0.3361091,49.741684,0.24589875,0.16472729,0.66315234,0.68747926,0.26022118,0.14101848,0.5959804,0.7464624,-1.0,0
1763544955489,1009.7714,0.44865423,5.0997033,6.6915283,0.109344795,-0.14905101,-0.115453444,63.2625,-15.88125,11.1,46.950733,0.3361091,49.741684,0.24789473,0.16510259,0.6615372,0.6882281,0.26225626,0.14118181,0.59423476,0.7471107,-1.0,0
1763544955514,1009.7631,-0.15014961,6.07418,6.5928245,0.09590577,0.0019853106,-0.15897755,64.012505,-15.056251,11.4375,46.950733,0.3361091,49.741684,0.24871622,0.16630194,0.66010684,0.6890158,0.2632013,0.14227147,0.59265876,0.7478232,-1.0,0
1763544955539,1009.7631,0.10049855,6.4199433,7.8664045,-0.040317077,-0.07925971,-0.10537417,62.456253,-14.718751,11.887501,46.950733,0.3361091,49.741684,0.24866967,0.16665567,0.65917367,0.6898401,0.26321957,0.14256988,0.59148705,0.7486871,-1.0,0
1763544955564,1009.7839,0.7268199,6.599405,9.943973,-0.011300999,-0.36636615,-0.12599087,62.30625,-16.10625,12.76875,46.950733,0.3361091,49.741684,0.25309125,0.16322695,0.6556264,0.6924274,0.2673328,0.13867721,0.587533,0.75107044,-1.0,0
1763544955589,1009.8144,0.4863412,6.860821,10.960324,0.11484258,-0.3666716,-0.102778,63.037502,-15.525001,11.418751,46.950733,0.3361091,49.741684,0.25442874,0.1636423,0.6550322,0.69240165,0.26869452,0.13898218,0.58699226,0.7509509,-1.0,0
1763544955615,1009.8144,0.2434697,8.163115,9.902099,0.015424335,0.15974113,0.069485866,63.3375,-15.262501,13.5375,46.950733,0.3361091,49.741684,0.25360528,0.16514838,0.6556772,0.6917353,0.26802593,0.14054085,0.5876462,0.7503881,-1.0,0
1763544955641,1009.84,1.3010973,8.304889,10.939985,-0.07055488,-0.34834564,0.055130545,62.775,-16.462502,15.20625,46.950733,0.3361091,49.741684,0.25835788,0.15860516,0.65370995,0.6933678,0.27218983,0.13348068,0.58526164,0.7520402,-1.0,0
1763544955666,1009.87274,2.3545375,7.4859457,12.360126,-0.123852834,-0.74724036,-0.07238748,60.412502,-16.706251,14.38125,46.950733,0.3361091,49.741684,0.25923637,0.15444171,0.6519348,0.6956474,0.272659,0.12927791,0.5833483,0.7540883,-1.0,0
1763544955692,1009.87274,2.2875385,5.4927244,13.081561,-0.342237,0.55878854,-0.31749696,63.693752,-15.20625,11.025001,46.950733,0.3361091,49.741684,0.253803,0.15510708,0.65161085,0.697803,0.2672752,0.1305302,0.58303994,0.75603586,-1.0,0
1763544955718,1009.88544,0.80877405,5.104489,11.449059,-0.15760311,0.71074116,-0.29031348,63.16875,-15.4125,13.087501,46.950733,0.3361091,49.741684,0.24335513,0.16201626,0.65181893,0.69975793,0.26073104,0.13512649,0.5835201,0.7571423,-1.0,0
1763544955743,1009.84955,0.24227329,4.7138605,9.570692,0.037415467,0.33505934,-0.15118903,64.89375,-16.237501,14.512501,46.950733,0.3361091,49.741684,0.24370478,0.16295281,0.65140903,0.69980043,0.2578221,0.13954712,0.58340186,0.75742763,-1.0,0
1763544955768,1009.84955,0.9409775,4.3387856,5.7870417,0.05253437,-0.16416991,0.101250835,65.34375,-15.337501,16.25625,46.950733,0.3361091,49.741684,0.24523507,0.1622288,0.65145075,0.6993951,0.25926837,0.13870233,0.58353543,0.75698614,-1.0,0
1763544955793,1009.79315,1.6671991,4.1832523,5.2426744,-0.055435978,-0.06017018,0.086742796,63.7125,-16.96875,14.043751,46.950733,0.3361091,49.741684,0.24533516,0.16027424,0.6522281,0.69908607,0.25975725,0.13754721,0.58405644,0.7566274,-1.0,0
1763544955818,1009.79315,1.7527425,4.35733,4.664808,-0.1386663,-0.014966187,-0.015882485,65.793755,-14.75625,12.937501,46.950733,0.3361091,49.741684,0.24436139,0.15864466,0.6516144,0.7003699,0.259196,0.13672817,0.5842834,0.756793,-1.0,0
1763544955843,1009.7497,1.2675978,4.284947,5.09073,-0.33215773,0.10338886,-0.23457208,63.768753,-16.725,14.025001,46.950733,0.3361091,49.741684,0.24192521,0.15748397,0.6507324,0.70229506,0.25556815,0.13421595,0.5823416,0.7599666,-1.0,0
1763544955868,1009.73016,0.41754755,4.3094735,5.1678987,-0.37216938,0.32956156,-0.25625777,64.21875,-15.3,13.593751,46.950733,0.3361091,49.741684,0.23766284,0.1576564,0.65010357,0.7042913,0.25135297,0.13476221,0.5814587,0.76194924,-1.0,0
1763544955894,1009.73016,0.096311115,4.5744786,6.038288,-0.40362892,0.38072148,-0.1583667,65.45625,-14.062501,15.243751,46.950733,0.3361091,49.741684,0.22932117,0.15834019,0.6504328,0.7065956,0.24601597,0.13598315,0.58143944,0.76348734,-1.0,0
1763544955918,1009.74335,0.4552345,4.7569313,7.946564,-0.1669188,0.07849612,-0.067958705,65.887505,-14.887501,14.475,46.950733,0.3361091,49.741684,0.23158516,0.1582542,0.6496528,0.7065941,0.2453954,0.13585725,0.58058304,0.76436067,-1.0,0
1763544955943,1009.7426,0.6831509,5.665606,6.393024,0.51343185,-0.30482152,0.056810424,65.45625,-15.562501,15.01875,46.950733,0.3361091,49.741684,0.23696248,0.1590445,0.64851564,0.70567775,0.25081578,0.13615365,0.5795778,0.7633107,-1.0,0
1763544955969,1009.7426,0.7471589,6.250651,5.419743,0.33001968,-0.08811724,0.035430156,64.875,-14.75625,15.337501,46.950733,0.3361091,49.741684,0.2412656,0.16214451,0.64776033,0.7042064,0.25545096,0.13872537,0.5786304,0.76202816,-1.0,0
1763544955994,1009.74725,1.0666007,6.222535,6.74776,0.033139415,0.15241076,-0.013744458,64.162506,-16.06875,16.10625,46.950733,0.3361091,49.741684,0.24037355,0.1638921,0.6476211,0.70423496,0.2547634,0.14048368,0.5782933,0.7621921,-1.0,0
1763544956019,1009.74725,0.1902294,6.1860447,9.240483,0.31383178,-0.05986475,-0.02535089,65.64375,-16.03125,15.0375,46.950733,0.3361091,49.741684,0.24204627,0.16562065,0.64689696,0.7039231,0.25659773,0.14203596,0.57756996,0.7618375,-1.0,0
1763544956044,1009.7658,0.65922266,6.704689,8.4909315,0.40103272,-0.22418737,0.026267186,65.4375,-17.175001,14.343751,46.950733,0.3361091,49.741684,0.24907964,0.16725037,0.6450013,0.70282286,0.26376745,0.1429689,0.5757125,0.7606193,-1.0,0
1763544956070,1009.7773,1.1330016,7.031309,8.368299,0.19685118,-0.17363831,-0.0010690134,65.25,-17.325,15.3,46.950733,0.3361091,49.741684,0.24958605,0.16694465,0.6443136,0.70334643,0.26426306,0.14257887,0.5748695,0.7611579,-1.0,0
1763544956095,1009.7773,0.4331009,6.923034,10.797612,-0.22693627,0.12064579,-0.114079,64.55625,-17.775002,15.712501,46.950733,0.3361091,49.741684,0.24769484,0.16653171,0.6439389,0.70445526,0.2623559,0.14231978,0.5743132,0.76228523,-1.0,0
1763544956120,1009.8112,-0.1692922,6.943373,11.979667,-0.1632536,0.1357647,0.03405571,65.68125,-17.2875,16.03125,46.950733,0.3361091,49.741684,0.24519268,0.16653521,0.6445664,0.7047558,0.25986505,0.14256075,0.5749109,0.76264286,-1.0,0
1763544956145,1009.84564,0.421735,6.8859453,12.068799,0.022907428,-0.21746786,0.16936226,64.256256,-17.175001,15.093751,46.950733,0.3361091,49.741684,0.24855274,0.1626572,0.64536613,0.703752,0.26282054,0.13842398,0.57592386,0.76162714,-1.0,0
1763544956171,1009.84564,0.7962117,5.406583,10.9070835,-0.04780017,0.040011644,0.048258316,63.24375,-17.025002,15.187501,46.950733,0.3361091,49.741684,0.24886765,0.16159354,0.6456699,0.70360696,0.26300704,0.13738583,0.5763864,0.76140076,-1.0,0
1763544956197,1009.8642,0.05503492,5.066802,10.096515,-0.10002911,0.3130682,0.09789108,66.168755,-17.1,15.0375,46.950733,0.3361091,49.741684,0.24608234,0.16259001,0.6471945,0.7029561,0.26029608,0.13870108,0.57814205,0.7607626,-1.0,0
1763544956223,1009.8498,0.20638095,5.0368915,8.967701,-0.014966187,0.021991132,0.13790272,64.350006,-18.675001,17.325,46.950733,0.3361091,49.741684,0.2463233,0.16098507,0.6487497,0.7018066,0.2603444,0.13715743,0.58002275,0.7595935,-1.0,0
1763544956249,1009.8498,0.6580262,4.7688956,6.984649,-0.061239194,-0.20769402,0.0006108648,64.51875,-18.018751,15.1125,46.950733,0.3361091,49.741684,0.24763326,0.15899242,0.6483271,0.7021903,0.26145643,0.13506055,0.5795948,0.75991386,-1.0,0
1763544956274,1009.8298,0.28295127,4.4446683,6.6335025,-0.18432845,0.032833982,-0.0140498895,64.40625,-17.268751,13.687501,46.950733,0.3361091,49.741684,0.24664812,0.15790083,0.6483833,0.7027312,0.26037306,0.13406654,0.579601,0.7604569,-1.0,0
1763544956299,1009.8298,0.0077766734,4.2634115,6.7902327,-0.18646647,0.16630794,0.040775225,65.08125,-18.206251,14.587501,46.950733,0.3361091,49.741684,0.2427659,0.1580932,0.65025514,0.7023101,0.25805917,0.13405153,0.5803513,0.760676,-1.0,0
1763544956324,1009.80365,0.06999006,4.176672,6.605985,-0.047189303,0.14278965,0.10002911,64.762505,-18.243752,15.4125,46.950733,0.3361091,49.741684,0.24260226,0.15890257,0.6511835,0.7013232,0.25653124,0.1346122,0.5814745,0.76023597,-1.0,0
1763544956350,1009.77826,0.9128618,4.1790648,5.844469,0.1178969,-0.14874557,0.064904384,66.356255,-17.7,14.587501,46.950733,0.3361091,49.741684,0.24397393,0.15891002,0.6514076,0.7006372,0.25781414,0.1353053,0.58275884,0.75869393,-1.0,0
1763544956374,1009.77826,0.7686943,4.3405805,6.1214385,0.15638138,-0.21105379,-0.09468404,65.662506,-18.2625,13.6125,46.950733,0.3361091,49.741684,0.24644904,0.1584652,0.6501918,0.7010009,0.2602409,0.13462178,0.58149004,0.7589604,-1.0,0
1763544956399,1009.77094,-0.1160519,4.537988,6.0490556,0.062460925,0.082466744,-0.1310305,65.7375,-17.775002,15.731251,46.950733,0.3361091,49.741684,0.24504633,0.1615969,0.64931285,0.70159215,0.26087606,0.13543195,0.5803629,0.7594608,-1.0,0
1763544956424,1009.77094,-0.7190432,4.7078786,7.0642104,0.0033597562,0.3159698,-0.028710645,66.1125,-18.112501,15.262501,46.950733,0.3361091,49.741684,0.24438044,0.16420323,0.6501065,0.70048344,0.2591458,0.1378576,0.5805192,0.75949734,-1.0,0
1763544956450,1009.7839,-0.05623133,6.0526447,7.4045897,0.51236284,-0.19181155,0.12583815,65.175,-19.931252,14.062501,46.950733,0.3361091,49.741684,0.24805109,0.16626738,0.6499508,0.69884896,0.26258588,0.142207,0.58135974,0.75686634,-1.0,0
1763544956475,1009.7753,0.12921242,6.645467,6.623333,0.4981602,-0.28206682,0.10567961,64.631256,-19.63125,15.337501,46.950733,0.3361091,49.741684,0.2566675,0.16909759,0.64866453,0.69624865,0.2714816,0.14411777,0.580055,0.7543633,-1.0,0
1763544956500,1009.7753,0.17647067,6.7244296,8.079964,0.0481056,0.12247839,0.08231403,63.600002,-20.362501,15.95625,46.950733,0.3361091,49.741684,0.2567514,0.17064519,0.6491924,0.6953475,0.2717502,0.14557773,0.5804637,0.7536716,-1.0,0
1763544956525,1009.7819,0.7501499,6.774679,9.445667,0.015882485,-0.054366965,0.11453715,65.9625,-19.5,16.59375,46.950733,0.3361091,49.741684,0.25714725,0.17068031,0.6497839,0.69463974,0.27217266,0.14552842,0.58099014,0.7531228,-1.0,0
1763544956550,1009.8049,0.81954175,7.146165,9.757333,0.022907428,-0.04138609,0.0923933,66.7125,-20.79375,16.575,46.950733,0.3361091,49.741684,0.25735015,0.17058383,0.65112466,0.69333166,0.2723648,0.14541441,0.58245224,0.7519451,-1.0,0
1763544956575,1009.8049,0.3493521,7.84128,9.680762,-0.021532983,0.115453444,0.118202336,67.668755,-19.81875,15.0375,46.950733,0.3361091,49.741684,0.25716677,0.17062166,0.65220064,0.6923784,0.27220088,0.14544134,0.58353627,0.7511584,-1.0,0
1763544956600,1009.8188,1.1826526,7.82453,9.455837,-0.049327333,-0.16462806,0.18921536,66.037506,-20.493752,16.78125,46.950733,0.3361091,49.741684,0.25819138,0.16942018,0.6530492,0.6914917,0.27313215,0.1440999,0.5843329,0.75045925,-1.0,0
1763544956625,1009.8305,2.0685952,7.4189467,9.939785,-0.20998476,-0.10873393,0.053908817,65.793755,-18.88125,15.4875,46.950733,0.3361091,49.741684,0.2562729,0.16582488,0.6538779,0.6922933,0.270902,0.14066203,0.5849671,0.7514252,-1.0,0
1763544956650,1009.8305,1.1180464,6.6855464,10.779666,-0.2849684,0.075289086,-0.023976443,66.375,-19.706251,15.168751,46.950733,0.3361091,49.741684,0.25447956,0.16481788,0.6549368,0.6921944,0.26900744,0.13985622,0.5861026,0.7513714,-1.0,0
1763544956675,1009.8471,1.4566308,6.0077796,11.344372,-0.14874557,0.049174614,0.11438443,66.3,-20.71875,16.462502,46.950733,0.3361091,49.741684,0.2552608,0.16409917,0.6559666,0.69110143,0.26968396,0.13913001,0.58740866,0.75024295,-1.0,0
1763544956700,1009.8471,2.7595227,5.159524,9.337991,0.31093016,-0.30665413,0.07024945,66.39375,-20.4375,13.968751,46.950733,0.3361091,49.741684,0.2588544,0.16336364,0.65567636,0.6902139,0.27314538,0.13814798,0.58745426,0.7491357,-1.0,0
1763544956726,1009.83685,2.4658036,4.699504,7.5230346,0.3025308,-0.2525926,-0.03573559,67.256256,-20.475,14.025001,46.950733,0.3361091,49.741684,0.26433903,0.16333593,0.65353215,0.69017535,0.2785294,0.13775015,0.5857224,0.74858236,-1.0,0
1763544956751,1009.7951,1.541576,4.089932,5.756533,-0.2838994,0.20173809,-0.14935644,66.037506,-20.493752,17.56875,46.950733,0.3361091,49.741684,0.26198256,0.16320702,0.65335906,0.6912673,0.27616188,0.13786235,0.5854988,0.74961305,-1.0,0
1763544956776,1009.7951,1.1210374,3.9858444,6.875178,-0.3755291,0.24022257,-0.22937973,66.731255,-20.04375,16.3875,46.950733,0.3361091,49.741684,0.25750372,0.16296972,0.65325034,0.69310665,0.27167547,0.138057,0.5852451,0.7514126,-1.0,0
1763544956801,1009.7692,0.38464624,4.004389,7.344171,-0.14477496,-0.038789913,-0.23854269,68.137505,-21.243752,13.51875,46.950733,0.3361091,49.741684,0.2564617,0.1617736,0.6502809,0.69655687,0.27048564,0.1370431,0.58218515,0.7543985,-1.0,0
1763544956826,1009.7475,0.21655045,4.1497526,6.562316,0.09789108,-0.19532402,-0.17470732,66.61875,-20.681252,15.656251,46.950733,0.3361091,49.741684,0.25709477,0.16257258,0.6492116,0.6971347,0.271179,0.1378025,0.5811311,0.75482386,-1.0,0
1763544956851,1009.7475,0.74835527,4.9106703,5.4777694,0.06108648,0.18234314,-0.08155045,66.39375,-21.075,15.243751,46.950733,0.3361091,49.741684,0.2562012,0.16459796,0.6489831,0.69720113,0.2704809,0.13989857,0.5808862,0.75487727,-1.0,0
1763544956877,1009.7314,1.2382857,5.124828,6.0370917,0.106290475,-0.047647454,-0.09193515,65.175,-20.456251,16.40625,46.950733,0.3361091,49.741684,0.25891742,0.1660557,0.6465448,0.69811684,0.27103433,0.14079048,0.5800983,0.75511885,-1.0,0
1763544956902,1009.7314,1.2352947,5.239683,6.128617,0.20525056,-0.17715079,-0.160352,67.40625,-20.34375,15.562501,46.950733,0.3361091,49.741684,0.26091903,0.16673678,0.64476657,0.6988535,0.27539942,0.1415452,0.57642025,0.7562141,-1.0,0
1763544956928,1009.727,0.6622137,5.6793647,6.443273,0.045662142,0.15103632,-0.081397735,65.5875,-19.800001,16.95,46.950733,0.3361091,49.741684,0.26064974,0.16826078,0.6442155,0.69909686,0.2752841,0.14306863,0.5757962,0.7564448,-1.0,0
1763544956953,1009.72845,0.5066802,5.9754763,7.1766734,0.06307179,0.13744457,-0.015424335,66.543755,-20.306252,15.187501,46.950733,0.3361091,49.741684,0.26085564,0.17084542,0.64431626,0.6982999,0.27485713,0.14473057,0.5757674,0.7563058,-1.0,0
1763544956978,1009.72845,0.85184485,6.259026,7.6492558,0.13530655,-0.015577052,0.05497783,66.84375,-20.2875,15.76875,46.950733,0.3361091,49.741684,0.2628485,0.17119706,0.6439922,0.69776523,0.27575946,0.14556967,0.57582635,0.7557713,-1.0,0
1763544957003,1009.7409,1.1922239,6.8596244,9.019147,0.20784675,-0.1311832,-0.046731155,69.037506,-20.41875,14.00625,46.950733,0.3361091,49.741684,0.2652778,0.1715641,0.64301234,0.6976594,0.28023872,0.14585209,0.57454145,0.7550467,-1.0,0
1763544957028,1009.767,0.590429,7.152147,9.256635,0.11133011,0.021227552,-0.013744458,68.08125,-22.25625,14.212501,46.950733,0.3361091,49.741684,0.26639596,0.17243132,0.6425034,0.69748837,0.28142864,0.14661953,0.57407564,0.7548098,-1.0,0
1763544957053,1009.767,0.85244304,7.370492,9.972089,-0.03008509,0.07620538,0.026725333,68.043755,-20.25,13.312501,46.950733,0.3361091,49.741684,0.2654192,0.17262156,0.6430256,0.6973325,0.28048283,0.14688401,0.57456505,0.75473803,-1.0,0
1763544957078,1009.8034,0.26739794,7.54457,10.920244,-0.14782928,0.08124501,0.052839804,68.4,-21.46875,13.200001,46.950733,0.3361091,49.741684,0.2642175,0.1721287,0.6436069,0.69737434,0.27922827,0.14652903,0.57520103,0.7547878,-1.0,0
1763544957103,1009.8271,0.037686955,7.3513494,11.290534,-0.2093739,0.18341215,0.11285727,66.918755,-20.643751,15.31875,46.950733,0.3361091,49.741684,0.26173043,0.17181897,0.6450192,0.6970837,0.27671504,0.14646971,0.57667595,0.7545994,-1.0,0
1763544957128,1009.8271,0.098703936,7.02772,11.243276,-0.09025527,0.047494736,0.16340633,67.8375,-20.41875,15.356251,46.950733,0.3361091,49.741684,0.26195252,0.16971476,0.64683825,0.6958291,0.2767118,0.14440504,0.57874393,0.7534144,-1.0,0
1763544957153,1009.83563,0.6562316,6.5659056,10.24487,0.07864884,-0.38316494,0.1432478,67.950005,-20.75625,12.750001,46.950733,0.3361091,49.741684,0.26587215,0.16602984,0.6457873,0.69620746,0.2802489,0.14040825,0.5777682,0.7536113,-1.0,0
1763544957178,1009.83563,1.3836497,5.4891353,8.405388,-0.2640463,-0.28130323,-0.08613193,65.25,-21.5625,16.78125,46.950733,0.3361091,49.741684,0.26682258,0.16240436,0.64475095,0.69765806,0.28084233,0.13673717,0.5766744,0.7549021,-1.0,0
1763544957204,1009.83246,0.69930243,4.909474,9.046066,-0.4149299,0.12415826,-0.13240494,67.8375,-20.643751,12.431251,46.950733,0.3361091,49.741684,0.259098,0.16067463,0.6455251,0.70024943,0.27294946,0.13581865,0.577428,0.75738287,-1.0,0
1763544957229,1009.8256,0.0634098,4.662415,8.671589,-0.25824308,0.3753764,-0.033444848,66.65625,-21.393751,13.368751,46.950733,0.3361091,49.741684,0.25598025,0.16282791,0.64714104,0.6994066,0.2700183,0.13830736,0.57926726,0.75657827,-1.0,0
1763544957255,1009.8256,0.13220344,4.5170507,5.4664035,0.21090107,0.14278965,0.1924224,68.475006,-22.575,12.937501,46.950733,0.3361091,49.741684,0.25583804,0.16503331,0.64858454,0.69760233,0.27006793,0.14054327,0.5809473,0.7548584,-1.0,0
1763544957279,1009.7778,0.6023931,4.5714874,4.4392843,0.19822562,-0.14309508,0.21349724,66.61875,-21.4125,14.775001,46.950733,0.3361091,49.741684,0.25812784,0.16552131,0.64942956,0.69585484,0.27239823,0.14080659,0.581924,0.7532178,-1.0,0
1763544957304,1009.75433,1.4392828,4.496114,5.2893343,0.07620538,-0.19715661,0.118507765,68.231255,-21.6,12.76875,46.950733,0.3361091,49.741684,0.2609952,0.1647804,0.6496134,0.6947887,0.27520937,0.1397529,0.5820712,0.7522779,-1.0,0
1763544957329,1009.75433,0.5557331,4.276572,5.6949177,-0.0377209,0.39385507,-0.05986475,67.18125,-21.712502,12.4125,46.950733,0.3361091,49.741684,0.2586626,0.16702461,0.6501549,0.6946186,0.2730897,0.14221661,0.5826592,0.7521334,-1.0,0
1763544957354,1009.7441,0.22671995,4.406981,6.087939,-0.03848448,0.28420484,-0.08460477,69.450005,-21.35625,13.087501,46.950733,0.3361091,49.741684,0.2559971,0.16930825,0.6505819,0.69465345,0.27064437,0.144746,0.5831019,0.75219166,-1.0,0
1763544957379,1009.7441,-0.424726,4.534997,6.823134,0.11759147,-0.116522454,-0.05864302,68.287506,-20.38125,15.618751,46.950733,0.3361091,49.741684,0.26001778,0.16937894,0.6487218,0.69488245,0.27106172,0.14532979,0.5823989,0.7524735,-1.0,0
1763544957404,1009.7463,-0.6448657,4.8568316,6.930811,0.28725916,-0.3581195,0.048716467,67.93125,-22.1625,15.450001,46.950733,0.3361091,49.741684,0.26374614,0.16948067,0.6484387,0.69371575,0.2783712,0.14420538,0.5810794,0.7510399,-1.0,0
1763544957429,1009.7695,0.1896312,6.1716876,7.347162,0.2498437,-0.021227552,0.23503022,68.606255,-21.712502,15.0375,46.950733,0.3361091,49.741684,0.26608709,0.17057464,0.64927727,0.69176656,0.28080764,0.14506929,0.5820758,0.7491927,-1.0,0
1763544957454,1009.7695,0.8566305,6.6681986,8.261818,0.064904384,0.008246674,0.25992295,67.875,-22.40625,15.468751,46.950733,0.3361091,49.741684,0.2670572,0.17094842,0.65077704,0.68988866,0.2818195,0.14532955,0.5836865,0.74750733,-1.0,0
1763544957479,1009.7924,1.6905292,7.2011995,9.891331,0.007177661,-0.1434005,0.19807291,66.543755,-22.425001,16.5375,46.950733,0.3361091,49.741684,0.27006164,0.1687064,0.65195626,0.6881555,0.28276408,0.14419691,0.58489764,0.74642247,-1.0,0
1763544957504,1009.8234,1.4763715,8.379066,10.785049,0.20815217,-0.053450666,-0.0030543238,67.125,-21.0,15.76875,46.950733,0.3361091,49.741684,0.27196288,0.16907953,0.65148145,0.68776464,0.28651217,0.1430471,0.5846774,0.7453862,-1.0,0
1763544957529,1009.8234,1.2502499,8.289934,9.749556,0.15790854,0.1178969,-0.016493348,66.262505,-23.831251,16.331251,46.950733,0.3361091,49.741684,0.27261204,0.17095149,0.6512809,0.68723464,0.28732732,0.14486118,0.58455455,0.7448183,-1.0,0
1763544957554,1009.8388,1.7270198,8.003393,10.387243,0.016798781,0.092546016,0.007941242,66.506256,-22.66875,15.7875,46.950733,0.3361091,49.741684,0.27234802,0.17258668,0.65124846,0.6869613,0.2870977,0.14600305,0.5847384,0.7445395,-1.0,0
1763544957579,1009.8388,2.3892334,7.331609,10.880763,0.053908817,0.013133593,-0.05650499,67.93125,-22.143751,15.13125,46.950733,0.3361091,49.741684,0.27258033,0.17366621,0.650381,0.6874187,0.28722724,0.14649273,0.584493,0.74458605,-1.0,0
1763544957604,1009.84564,1.8885353,5.8217373,8.946166,0.07086031,0.11514801,-0.21242823,67.725006,-21.675001,16.06875,46.950733,0.3361091,49.741684,0.27216366,0.17522047,0.6492794,0.68823034,0.28722438,0.14925615,0.582736,0.74541503,-1.0,0
1763544957629,1009.84564,1.599602,5.1343994,8.453842,-0.037262753,0.092087865,-0.22052218,68.231255,-23.493752,16.575,46.950733,0.3361091,49.741684,0.27101216,0.1761453,0.64818996,0.6894744,0.2861318,0.15034407,0.5816936,0.74643004,-1.0,0
1763544957654,1009.83734,1.1910275,4.706682,7.7353973,-0.06307179,0.032223117,-0.1669188,68.662506,-22.95,14.64375,46.950733,0.3361091,49.741684,0.26928246,0.17580917,0.6469049,0.6914421,0.28431788,0.1502839,0.58053374,0.74803656,-1.0,0
1763544957679,1009.8139,1.2113664,4.6989055,6.157331,-0.023365578,-0.13530655,0.034819294,68.0625,-22.25625,14.981251,46.950733,0.3361091,49.741684,0.2696491,0.17471461,0.64689016,0.6915904,0.28456098,0.14920075,0.5806119,0.7481002,-1.0,0
1763544957704,1009.7756,1.3351951,4.7832522,5.4227343,0.013286309,-0.2770272,0.03649917,66.787506,-20.53125,15.468751,46.950733,0.3361091,49.741684,0.27130404,0.17299373,0.64655024,0.6916936,0.28603888,0.14735839,0.5803249,0.74812454,-1.0,0
1763544957729,1009.7756,1.5517455,4.6438704,5.076373,0.00320704,-0.3260491,-0.032070402,67.912506,-22.1625,15.750001,46.950733,0.3361091,49.741684,0.2743885,0.16924793,0.6443321,0.6934712,0.2887667,0.14334463,0.5779513,0.7496922,-1.0,0
1763544957754,1009.7482,1.5014962,4.5003014,4.6414776,-0.12873976,-0.13805544,-0.15286891,66.9,-22.25625,14.793751,46.950733,0.3361091,49.741684,0.27186608,0.1686699,0.64366347,0.69522417,0.28620732,0.14298975,0.57709616,0.75139827,-1.0,0
1763544957780,1009.7482,0.67417777,4.505685,7.3064837,-0.20616686,0.30054548,-0.15393792,66.9375,-23.38125,15.618751,46.950733,0.3361091,49.741684,0.26813024,0.16946484,0.64366764,0.6964767,0.2825565,0.14413178,0.57700473,0.75263095,-1.0,0
1763544957806,1009.74677,0.59641105,4.7712884,6.8410797,0.08720095,0.19654575,-0.05864302,68.193756,-21.618752,14.925,46.950733,0.3361091,49.741684,0.26755747,0.17295732,0.6435331,0.69596255,0.28226408,0.14774376,0.5771356,0.75193965,-1.0,0
1763544957832,1009.7348,0.701097,5.3970113,5.4705906,0.23594652,-0.0001527162,0.018173227,67.575005,-22.556252,14.26875,46.950733,0.3361091,49.741684,0.26959717,0.17366467,0.64327973,0.6952331,0.28437185,0.14823869,0.57688993,0.75123626,-1.0,0
1763544957857,1009.7348,1.3950156,6.500701,5.8277197,0.059559315,-0.09911281,0.009162972,67.275,-21.84375,14.418751,46.950733,0.3361091,49.741684,0.2712651,0.17360967,0.64286256,0.6949839,0.286055,0.14797845,0.576359,0.7510561,-1.0,0
1763544957882,1009.7299,1.2514462,6.655038,7.376474,-0.02046397,0.05742129,0.00763581,68.64375,-21.69375,12.88125,46.950733,0.3361091,49.741684,0.2715327,0.17376947,0.6428011,0.69489634,0.2863668,0.14805369,0.5761502,0.75108266,-1.0,0
1763544957907,1009.7504,1.3298112,6.9092755,8.831908,0.08949169,0.15546508,0.043065965,69.543755,-21.487501,14.775001,46.950733,0.3361091,49.741684,0.27245742,0.1770935,0.64340115,0.6931376,0.28760618,0.15125424,0.5768462,0.7494353,-1.0,0
1763544957932,1009.7504,1.6109679,7.6163545,8.117651,0.2556469,0.027336199,-0.00641408,69.731255,-22.06875,13.25625,46.950733,0.3361091,49.741684,0.27436072,0.17894518,0.6430123,0.69227165,0.2896676,0.152931,0.5765598,0.748521,-1.0,0
1763544957957,1009.7695,1.6402799,7.780263,7.975278,0.043524116,0.16982041,-0.11606431,69.1875,-22.518751,14.250001,46.950733,0.3361091,49.741684,0.2714329,0.18218721,0.64224285,0.6932937,0.28986412,0.15470235,0.57606965,0.7484582,-1.0,0
1763544957982,1009.7695,0.66161543,7.6031938,8.94138,-0.24022257,0.3243692,-0.2037234,69.20625,-22.5,13.481251,46.950733,0.3361091,49.741684,0.26603568,0.18323438,0.64296556,0.69443893,0.2818137,0.15789512,0.57611895,0.7508243,-1.0,0
1763544958007,1009.7956,-0.45942193,7.4386873,10.84188,-0.4431824,0.42775807,-0.011606431,70.55625,-21.618752,13.593751,46.950733,0.3361091,49.741684,0.25992823,0.18384802,0.64463377,0.69504285,0.27578613,0.15907477,0.57773745,0.75156945,-1.0,0
1763544958032,1009.83466,-0.036490545,7.0223365,11.675778,-0.33780822,0.15882485,0.032070402,69.225006,-20.04375,15.95625,46.950733,0.3361091,49.741684,0.25568658,0.18313657,0.6460354,0.69550246,0.27149373,0.15876332,0.579106,0.7521447,-1.0,0
1763544958057,1009.83466,-0.13579269,6.512665,11.022537,-0.16920954,0.038026333,0.013133593,69.787506,-21.712502,14.75625,46.950733,0.3361091,49.741684,0.2519799,0.1816501,0.6472336,0.69613075,0.26944098,0.15807135,0.5797684,0.7525182,-1.0,0
1763544958082,1009.85175,-0.020937199,5.758926,9.757931,-0.21013749,0.08720095,-0.018325943,71.475006,-21.4125,13.650001,46.950733,0.3361091,49.741684,0.24978685,0.18104295,0.6477611,0.6965885,0.26533842,0.15737066,0.5811432,0.7530621,-1.0,0
1763544958107,1009.8615,-0.12562318,5.2031927,9.661619,-0.23869541,0.16203189,-0.04963276,69.84375,-20.7,14.08125,46.950733,0.3361091,49.741684,0.24699819,0.18053795,0.6482054,0.6973003,0.26248989,0.1571659,0.5816419,0.7537179,-1.0,0
1763544958132,1009.8615,-0.5198407,4.88076,9.096913,-0.20219624,0.30436337,-0.011759147,68.850006,-21.300001,14.062501,46.950733,0.3361091,49.741684,0.24010235,0.1822622,0.6505375,0.6970885,0.25893334,0.15807591,0.58263636,0.75398964,-1.0,0
1763544958157,1009.8466,-0.32841492,4.6911287,8.367701,-0.108123064,0.32375833,0.0820086,71.86875,-20.868752,14.19375,46.950733,0.3361091,49.741684,0.23820272,0.18401246,0.65210766,0.6958121,0.25571346,0.15962231,0.58430207,0.7534736,-1.0,0
1763544958182,1009.8466,0.2321038,4.2909293,5.6333027,0.14095704,0.15882485,0.15347977,72.3,-20.94375,13.687501,46.950733,0.3361091,49.741684,0.23792528,0.18573676,0.6533898,0.6942443,0.25381464,0.16335455,0.5876198,0.75073063,-1.0,0
1763544958207,1009.80634,0.50129634,4.1180477,4.6689954,0.12018765,0.06933315,0.11514801,71.9625,-19.10625,12.375001,46.950733,0.3361091,49.741684,0.23851614,0.18689802,0.65417284,0.69299144,0.25450662,0.16446032,0.58852214,0.7495471,-1.0,0
1763544958232,1009.767,0.35832518,4.1054854,4.503292,0.025503604,0.07956514,0.09315688,71.568756,-21.525002,14.868751,46.950733,0.3361091,49.741684,0.23767741,0.18829738,0.65594447,0.6912238,0.2538261,0.16588777,0.59032243,0.7480461,-1.0,0
1763544958257,1009.767,0.17706887,4.7114677,5.349155,-0.04703659,0.28725916,0.10415245,72.637505,-21.4125,14.45625,46.950733,0.3361091,49.741684,0.23571648,0.18976375,0.6573989,0.6901117,0.25202256,0.1675028,0.59180164,0.74712664,-1.0,0
1763544958282,1009.74603,0.2727818,5.1212387,5.5046883,0.012370012,-0.0006108648,0.058032155,73.125,-21.975,13.35,46.950733,0.3361091,49.741684,0.23534891,0.19044672,0.6580658,0.6894131,0.2517333,0.16819458,0.5924647,0.74654305,-1.0,0
1763544958307,1009.73846,0.27158538,5.4466624,6.667002,0.023212861,-0.30054548,-0.025961753,73.162506,-20.98125,13.743751,46.950733,0.3361091,49.741684,0.23896243,0.18805721,0.6562502,0.69055575,0.25514838,0.16543232,0.5903964,0.74763864,-1.0,0
1763544958332,1009.73846,-0.47018966,5.756533,7.509874,0.042607818,-0.15149446,-0.0594066,72.318756,-20.7,15.056251,46.950733,0.3361091,49.741684,0.23888953,0.18905039,0.6563328,0.69023114,0.2551757,0.16641398,0.5904674,0.74735534,-1.0,0
1763544958357,1009.7568,0.04426722,6.398408,8.146963,0.17928882,-0.0632245,0.09544762,71.981255,-20.98125,14.493751,46.950733,0.3361091,49.741684,0.2396983,0.19023849,0.6566958,0.6892784,0.25610214,0.16750413,0.5908606,0.7464836,-1.0,0
1763544958382,1009.7568,0.6113662,6.652047,8.226524,0.229227,-0.4818196,0.0074830935,72.9,-20.775002,14.85,46.950733,0.3361091,49.741684,0.24375941,0.18924999,0.6555036,0.6892611,0.26006386,0.16613553,0.5896388,0.7463859,-1.0,0
1763544958408,1009.77386,0.69571316,6.7238317,9.053843,0.098960094,-0.59376055,-0.05864302,70.74375,-21.993752,14.981251,46.950733,0.3361091,49.741684,0.2501954,0.1843717,0.65223914,0.69137067,0.2660326,0.16067769,0.58616465,0.7482114,-1.0,0
1763544958434,1009.7946,-0.42652065,7.512865,9.853643,-0.21991132,0.3498728,0.03894263,71.8125,-21.88125,14.56875,46.950733,0.3361091,49.741684,0.24700895,0.18514341,0.6533227,0.69128716,0.2629264,0.16174431,0.5872692,0.74821347,-1.0,0
1763544958459,1009.7946,0.03589234,7.515258,10.264611,-0.20204352,0.09850194,0.1310305,72.05625,-20.71875,13.70625,46.950733,0.3361091,49.741684,0.24427584,0.18519352,0.6549308,0.69072306,0.26022103,0.16202575,0.5888682,0.7478415,-1.0,0
1763544958484,1009.82367,0.93619186,7.3716884,10.335199,-0.18371758,-0.43325585,0.10384701,72.01875,-20.962502,12.937501,46.950733,0.3361091,49.741684,0.24686413,0.17664869,0.6546822,0.6922749,0.2620197,0.15327208,0.58845675,0.74938107,-1.0,0
1763544958509,1009.8488,1.244866,6.056234,11.824133,-0.3339903,-0.08307761,0.021685699,70.51875,-21.0,14.025001,46.950733,0.3361091,49.741684,0.24571809,0.17304632,0.6550043,0.6932871,0.26052806,0.14982499,0.58878565,0.75033927,-1.0,0
1763544958535,1009.8488,0.94695956,5.7870417,11.659627,-0.13057235,0.090560704,0.05177079,70.162506,-22.050001,14.2875,46.950733,0.3361091,49.741684,0.24359426,0.17205784,0.6559707,0.69336885,0.258281,0.14910725,0.5899502,0.7503444,-1.0,0
1763544958561,1009.87225,1.3764713,5.593223,10.297512,0.13133593,-0.20295982,0.04046979,71.025,-20.0625,12.525001,46.950733,0.3361091,49.741684,0.24801634,0.16975337,0.654652,0.6936155,0.26237717,0.1465829,0.5891122,0.750079,-1.0,0
1763544958586,1009.8591,1.5810575,4.5918264,7.7796645,-0.0058032153,-0.2784016,-0.1621846,71.193756,-19.931252,12.975,46.950733,0.3361091,49.741684,0.2502353,0.16784662,0.65282977,0.6949986,0.2643818,0.14454223,0.5873406,0.75115967,-1.0,0
1763544958611,1009.8591,1.1084751,4.2628136,7.618747,-0.15897755,0.0151189035,-0.118507765,70.631256,-20.60625,12.6,46.950733,0.3361091,49.741684,0.24938494,0.16676797,0.652084,0.69626296,0.26340967,0.14359581,0.5866291,0.7522379,-1.0,0
1763544958636,1009.83026,1.0845468,4.3651066,7.4446692,-0.09529491,0.07131846,-0.030390523,71.25,-19.556252,14.025001,46.950733,0.3361091,49.741684,0.24783015,0.1665365,0.6522862,0.69668394,0.2618238,0.14342983,0.5868779,0.75262904,-1.0,0
1763544958661,1009.83026,1.0947163,4.6546383,6.1591253,0.0537561,-0.0021380268,-0.00076358096,71.231255,-20.550001,12.543751,46.950733,0.3361091,49.741684,0.24856624,0.16657962,0.6519196,0.6967545,0.261787,0.14360273,0.587072,0.7524575,-1.0,0
1763544958686,1009.7956,1.0307083,5.123033,5.4496536,-0.091782436,-0.04046979,-0.13072506,69.731255,-19.96875,12.975,46.950733,0.3361091,49.741684,0.24857046,0.16612537,0.651074,0.6976516,0.26249415,0.1431144,0.5857423,0.75333995,-1.0,0
1763544958712,1009.77313,0.82731843,5.1003013,6.259026,-0.030390523,0.054061532,-0.1517999,71.662506,-21.2625,12.993751,46.950733,0.3361091,49.741684,0.24795753,0.16787466,0.6492818,0.6991197,0.26200062,0.14339024,0.5846356,0.7543183,-1.0,0
1763544958737,1009.77313,0.5724828,5.0775695,5.9952173,0.110108376,0.07574723,-0.12400555,70.575005,-21.618752,12.825001,46.950733,0.3361091,49.741684,0.24919103,0.16924715,0.6481614,0.69938976,0.26206997,0.1448591,0.58367395,0.7547582,-1.0,0
1763544958763,1009.75507,0.95413804,5.4837513,5.8821564,0.21609342,-0.11713332,-0.17455462,70.818756,-19.48125,14.681251,46.950733,0.3361091,49.741684,0.2513494,0.17027782,0.64636457,0.70002985,0.26568735,0.14690566,0.5805691,0.7554922,-1.0,0
1763544958788,1009.7465,0.2650051,5.8546386,6.245267,0.12767074,-0.0006108648,-0.16493349,70.818756,-20.456251,11.64375,46.950733,0.3361091,49.741684,0.25262344,0.171481,0.64474106,0.7007743,0.2670864,0.14795001,0.5787747,0.75617164,-1.0,0
1763544958813,1009.7465,-0.15732808,5.966503,7.242476,0.07910699,0.20204352,-0.03619374,70.875,-21.581251,12.01875,46.950733,0.3361091,49.741684,0.2517675,0.17623647,0.6453323,0.69935685,0.26671004,0.15268236,0.5792623,0.75498945,-1.0,0
1763544958838,1009.74603,0.64606214,6.81775,7.882556,0.3901899,-0.016340632,0.19211698,72.15,-20.325,12.281251,46.950733,0.3361091,49.741684,0.2539269,0.17864214,0.64610326,0.6972508,0.26908672,0.1548684,0.5801821,0.752992,-1.0,0
1763544958863,1009.74603,1.2664014,7.36451,7.6959157,0.43218684,-0.34758207,0.16462806,71.7375,-20.98125,11.887501,46.950733,0.3361091,49.741684,0.25905606,0.17925277,0.64579153,0.6954938,0.2742599,0.1549939,0.57998365,0.7512505,-1.0,0
1763544958888,1009.7568,1.7503498,7.6223364,8.327621,0.2848157,-0.37690356,0.055588696,72.05625,-20.71875,12.918751,46.950733,0.3361091,49.741684,0.2661601,0.17846423,0.6438276,0.6948347,0.281305,0.15348677,0.5778826,0.7505738,-1.0,0
1763544958916,1009.77924,0.69092757,7.949555,9.118449,-0.16539164,0.297033,-0.13988803,70.93125,-21.31875,11.681251,46.950733,0.3361091,49.741684,0.2638241,0.17983939,0.6437717,0.6954226,0.27912068,0.15503876,0.57769215,0.75121665,-1.0,0
1763544958941,1009.77924,0.3786642,7.8921275,9.794421,-0.28313583,0.12232567,-0.12721258,72.1125,-21.31875,11.71875,46.950733,0.3361091,49.741684,0.2607181,0.18006583,0.6437862,0.69652116,0.27606753,0.15551317,0.5775131,0.75238353,-1.0,0
1763544958966,1009.7983,0.6765706,7.3663044,10.913066,-0.3121519,-0.2131918,-0.16004658,71.0625,-21.431252,11.53125,46.950733,0.3361091,49.741684,0.2582992,0.17476286,0.64171475,0.7006723,0.27318606,0.15043241,0.57501376,0.75637203,-1.0,0
1763544958991,1009.83734,0.27996024,6.2901325,11.744572,-0.29718572,-0.18157956,-0.14187334,71.793755,-19.987501,11.681251,46.950733,0.3361091,49.741684,0.25638625,0.17356285,0.6419135,0.70149064,0.27113897,0.1494711,0.57530147,0.7570801,-1.0,0
1763544959016,1009.83734,0.40079778,5.2743793,10.514063,0.11270455,0.08124501,0.14798199,70.3125,-21.393751,13.14375,46.950733,0.3361091,49.741684,0.2556354,0.17418721,0.6430711,0.700549,0.27038714,0.15027122,0.5768475,0.75601345,-1.0,0
1763544959042,1009.8569,0.8380861,5.221139,8.860024,0.19272783,-0.22601996,0.1640172,72.1125,-21.31875,11.71875,46.950733,0.3361091,49.741684,0.2575559,0.17382011,0.6436774,0.69937897,0.27220806,0.14983733,0.57785124,0.7546784,-1.0,0
1763544959067,1009.8442,1.1682956,5.1678987,7.94118,0.11117739,-0.375071,0.06475167,70.40625,-21.862501,10.5375,46.950733,0.3361091,49.741684,0.26167914,0.17022732,0.64272827,0.699605,0.2759336,0.14599301,0.57717633,0.7545954,-1.0,0
1763544959093,1009.8442,0.1052842,4.670192,7.0546393,-0.2941314,0.2432769,-0.016493348,72.037506,-20.962502,11.55,46.950733,0.3361091,49.741684,0.25883186,0.16986552,0.6433863,0.700147,0.27305323,0.14591143,0.5778454,0.7551467,-1.0,0
1763544959118,1009.82465,0.10348958,4.323232,7.637292,-0.27214026,0.3594939,0.053450666,69.99375,-21.54375,13.031251,46.950733,0.3361091,49.741684,0.25202072,0.17142342,0.64640236,0.69947374,0.2687237,0.1468084,0.57949543,0.7552615,-1.0,0
1763544959144,1009.8034,0.27517462,4.115655,7.0504518,-0.028099779,0.22189663,0.084452055,71.8125,-19.96875,10.59375,46.950733,0.3361091,49.741684,0.2522387,0.17246746,0.6470798,0.6985115,0.26667368,0.14917956,0.58190864,0.75366634,-1.0,0
1763544959169,1009.8034,0.38644084,4.1461635,4.9022956,0.1311832,-0.0058032153,0.118507765,72.80625,-20.868752,10.06875,46.950733,0.3361091,49.741684,0.25336495,0.17312472,0.647579,0.6974779,0.26784563,0.14974877,0.5825419,0.752648,-1.0,0
1763544959194,1009.7785,0.8135597,4.334598,4.9088755,0.012064579,0.03604102,0.097432934,72.75,-21.112501,10.40625,46.950733,0.3361091,49.741684,0.25376695,0.17338009,0.64825237,0.6966424,0.26827708,0.14995238,0.5832459,0.7519082,-1.0,0
1763544959220,1009.7785,0.5802595,4.6145587,5.782854,-0.05742129,0.06902772,0.024281874,71.418755,-21.768751,12.13125,46.950733,0.3361091,49.741684,0.25287127,0.17385733,0.648887,0.69625825,0.26772287,0.15007669,0.58371174,0.75171936,-1.0,0
1763544959245,1009.77386,-0.33320054,5.152345,6.2321067,0.09498947,-0.028099779,0.063377224,69.9375,-21.91875,11.212501,46.950733,0.3361091,49.741684,0.25347957,0.17438154,0.6490037,0.69579697,0.26810417,0.15093358,0.58395237,0.7512249,-1.0,0
1763544959271,1009.7629,-0.0,5.762515,6.4181485,0.08048143,-0.08414663,0.09193515,70.856255,-20.962502,12.6,46.950733,0.3361091,49.741684,0.2555172,0.17429748,0.64937073,0.6947295,0.26929423,0.1508741,0.5841168,0.7506831,-1.0,0
1763544959296,1009.7629,0.16450655,6.1567326,7.26102,0.023976443,-0.068722285,0.0754418,70.818756,-20.456251,11.34375,46.950733,0.3361091,49.741684,0.25629997,0.1736852,0.64954984,0.69442695,0.27016443,0.15059826,0.5842227,0.7503434,-1.0,0
1763544959322,1009.7775,0.14596218,6.376274,8.585447,0.0016798781,-0.1197295,0.08353576,71.925,-21.46875,12.356251,46.950733,0.3361091,49.741684,0.258206,0.17262413,0.64952344,0.69401,0.27091154,0.1498772,0.58431536,0.7501462,-1.0,0
1763544959348,1009.8107,1.1850454,6.8650084,10.01516,0.19394957,-0.25778493,0.084452055,70.78125,-22.725,13.33125,46.950733,0.3361091,49.741684,0.26120436,0.17169355,0.64915216,0.693466,0.27561504,0.14745416,0.5840128,0.74914795,-1.0,0
1763544959373,1009.8107,1.2173486,7.3579297,9.662816,0.11484258,0.009162972,-0.008246674,70.18125,-24.375002,11.00625,46.950733,0.3361091,49.741684,0.26206893,0.17293923,0.6486492,0.69330096,0.2765781,0.14863594,0.5835784,0.74889797,-1.0,0
1763544959398,1009.83124,0.37746778,7.252047,10.259227,-0.028405212,-0.31383178,-0.0061086477,68.418755,-23.56875,12.39375,46.950733,0.3361091,49.741684,0.26317367,0.17165115,0.6478829,0.69391876,0.2775712,0.14723691,0.5827145,0.74947935,-1.0,0
1763544959423,1009.8591,1.3022938,7.1748786,11.230713,-0.077121675,-0.5247328,0.14370593,71.4375,-21.75,11.043751,46.950733,0.3361091,49.741684,0.26593143,0.16768438,0.64738417,0.6943026,0.27996138,0.14303568,0.5821777,0.749821,-1.0,0
1763544959448,1009.8591,2.7595227,6.9009004,11.764911,-0.03970621,-0.4083631,0.14844014,69.05625,-23.38125,11.38125,46.950733,0.3361091,49.741684,0.2693876,0.16250919,0.64727414,0.69430345,0.28287825,0.13769108,0.58238864,0.7495629,-1.0,0
1763544959473,1009.8791,3.5240295,6.573084,11.038689,0.021838415,-0.03848448,-0.03649917,70.51875,-23.34375,11.85,46.950733,0.3361091,49.741684,0.267987,0.16435254,0.6468174,0.694837,0.28159934,0.13975193,0.58215034,0.7498481,-1.0,0
1763544959499,1009.8791,1.3980067,5.675177,8.098508,0.02489274,0.2594648,-0.23640467,69.43125,-23.081251,10.70625,46.950733,0.3361091,49.741684,0.26606295,0.16680819,0.6460315,0.6957218,0.2798671,0.14243896,0.58147436,0.7505152,-1.0,0
1763544959524,1009.86127,1.1288141,5.1619167,7.039086,-0.0010690134,-0.06918044,-0.19730933,69.918755,-23.41875,12.69375,46.950733,0.3361091,49.741684,0.26690668,0.1652572,0.6428211,0.698736,0.28054714,0.14086306,0.5781265,0.7531405,-1.0,0
1763544959549,1009.82733,1.6582261,4.7018967,6.832107,-0.10308343,-0.37140578,-0.18432845,70.78125,-21.45,10.78125,46.950733,0.3361091,49.741684,0.2675751,0.16235046,0.640605,0.7011927,0.28094277,0.13793212,0.5757645,0.7553417,-1.0,0
1763544959575,1009.82733,1.9417756,4.4656053,7.1138616,-0.18707734,-0.30115634,-0.26526803,69.075005,-22.40625,13.8,46.950733,0.3361091,49.741684,0.26621705,0.16093872,0.6385956,0.70386285,0.2794391,0.13669883,0.5736673,0.7577157,-1.0,0
1763544959600,1009.8005,0.44745782,4.5487556,6.1531434,-0.19257513,0.17944153,-0.31154105,70.8,-21.956251,11.7375,46.950733,0.3361091,49.741684,0.2634237,0.16131695,0.6371304,0.7061513,0.27667177,0.13736069,0.57210773,0.75978786,-1.0,0
1763544959625,1009.8005,0.13579269,4.639085,5.482555,-0.12232567,0.20402883,-0.23472479,70.631256,-22.837502,12.1125,46.950733,0.3361091,49.741684,0.2595116,0.16327603,0.6351921,0.70889044,0.27295747,0.1396407,0.5698851,0.7623816,-1.0,0
1763544959650,1009.767,0.5820541,5.076373,5.692525,0.022907428,-0.22281294,-0.13057235,71.34375,-22.78125,13.575001,46.950733,0.3361091,49.741684,0.26055515,0.16256142,0.6337079,0.7099994,0.2739517,0.13880076,0.568209,0.7634287,-1.0,0
1763544959675,1009.74335,0.83389866,5.111069,5.695516,0.107817635,-0.14966187,-0.11255184,70.89375,-20.19375,10.556251,46.950733,0.3361091,49.741684,0.26229584,0.16231973,0.6322059,0.71075237,0.27567965,0.13837464,0.5665604,0.76410896,-1.0,0
1763544959700,1009.74335,0.95353985,5.3700924,5.5908303,0.058490302,-0.017104214,-0.10155627,69.3375,-23.362501,12.900001,46.950733,0.3361091,49.741684,0.26301324,0.16351804,0.6304417,0.7117788,0.2765625,0.1388336,0.5654599,0.7645217,-1.0,0
1763544959725,1009.7309,1.0480564,5.669195,6.3738813,-0.0018325944,0.027794348,-0.116980605,71.68125,-21.993752,11.493751,46.950733,0.3361091,49.741684,0.26338068,0.16384012,0.6293154,0.7125652,0.27652836,0.13944958,0.5645601,0.76508677,-1.0,0
1763544959750,1009.7387,0.74536425,6.1064835,7.676773,0.13561198,-0.14920372,-0.12202024,70.575005,-21.618752,12.825001,46.950733,0.3361091,49.741684,0.26489416,0.16406552,0.62785804,0.7132376,0.27847314,0.13978244,0.561733,0.7664004,-1.0,0
1763544959775,1009.7387,1.012164,6.302695,8.496913,0.19211698,-0.16890411,-0.084757484,69.262505,-22.987501,12.731251,46.950733,0.3361091,49.741684,0.26708135,0.16422828,0.6264462,0.7136258,0.2806704,0.13974084,0.5602687,0.7666783,-1.0,0
1763544959800,1009.7548,1.0899308,6.8135624,8.937193,0.30512697,-0.02443459,-0.098196514,69.543755,-23.94375,10.743751,46.950733,0.3361091,49.741684,0.27076942,0.16854294,0.6241914,0.71320564,0.28297526,0.14099164,0.5590227,0.76651156,-1.0,0
1763544959825,1009.7548,0.39960137,7.4356966,7.926225,0.29642212,0.1122464,-0.099418245,69.84375,-23.79375,12.243751,46.950733,0.3361091,49.741684,0.27112052,0.17052047,0.62360376,0.7131162,0.28471658,0.14373334,0.5581253,0.7660113,-1.0,0
1763544959850,1009.76434,0.887139,7.8466635,9.492926,-0.066889696,0.02932151,-0.09773836,70.55625,-22.368752,12.712501,46.950733,0.3361091,49.741684,0.2706112,0.17111935,0.62305814,0.71364295,0.28484172,0.1462103,0.55667967,0.7665478,-1.0,0
1763544959875,1009.788,0.34157544,7.692925,10.977074,-0.082466744,0.08155045,-0.12156209,68.231255,-23.71875,13.650001,46.950733,0.3361091,49.741684,0.26751927,0.1732801,0.623019,0.71432126,0.2838613,0.14651439,0.555796,0.767494,-1.0,0
1763544959900,1009.788,-0.45044887,7.565507,10.819746,-0.017562363,0.3498728,0.038789913,69.09375,-25.25625,13.500001,46.950733,0.3361091,49.741684,0.26518944,0.17560822,0.62531507,0.71261305,0.28196296,0.14862512,0.55654174,0.7672475,-1.0,0
1763544959925,1009.8144,0.6550352,6.8691955,10.532607,0.034361143,-0.033444848,0.24633121,68.475006,-24.056252,11.94375,46.950733,0.3361091,49.741684,0.26520905,0.17572454,0.6271354,0.7109756,0.27987042,0.15128614,0.56099457,0.7642448,-1.0,0
1763544959950,1009.83856,0.7106683,5.947959,10.490134,0.059101168,-0.10613775,0.18417573,71.3625,-23.400002,13.312501,46.950733,0.3361091,49.741684,0.26651353,0.17488343,0.6293849,0.70870376,0.28103864,0.15043585,0.56372076,0.7619746,-1.0,0
1763544959975,1009.83856,0.25244278,5.378467,9.625129,0.06429352,0.12705988,0.18051054,70.9875,-23.081251,13.950001,46.950733,0.3361091,49.741684,0.2655633,0.1760908,0.63152355,0.7068565,0.28015345,0.15180872,0.56624794,0.7601522,-1.0,0
1763544960000,1009.84686,0.6765706,5.1613183,7.6666036,-0.006872229,0.05818487,0.21532984,68.64375,-22.95,15.1125,46.950733,0.3361091,49.741684,0.26516417,0.17620091,0.63337076,0.70532453,0.27973697,0.15200663,0.56836706,0.75868315,-1.0,0
1763544960025,1009.84686,0.6801598,5.1206403,6.7878394,-0.13713914,0.056352276,0.113926284,70.443756,-24.375002,13.14375,46.950733,0.3361091,49.741684,0.26437432,0.1754867,0.63459325,0.70469993,0.27886453,0.15140653,0.56975234,0.7580851,-1.0,0
1763544960050,1009.8249,0.35653058,5.102096,6.594021,-0.31826055,0.17455462,0.05329795,70.14375,-24.393751,12.88125,46.950733,0.3361091,49.741684,0.25759333,0.17410341,0.63761705,0.7048249,0.27197745,0.15064724,0.572805,0.75843793,-1.0,0
1763544960075,1009.79974,-0.07178468,5.0883374,7.0450683,-0.35995206,0.30436337,0.086742796,72.3375,-22.2,14.212501,46.950733,0.3361091,49.741684,0.25410345,0.17455052,0.6397492,0.7040487,0.26853985,0.15140276,0.57500196,0.7578498,-1.0,0
1763544960100,1009.79974,0.30269206,4.99083,6.1806607,0.012522728,0.2159407,0.1867719,68.793755,-24.31875,16.25625,46.950733,0.3361091,49.741684,0.25251862,0.17575274,0.64163804,0.70259935,0.26706114,0.15275156,0.5770433,0.75654894,-1.0,0
1763544960125,1009.78046,0.5886344,4.8472605,5.749953,0.11911863,-0.03451386,0.17363831,71.34375,-24.16875,15.056251,46.950733,0.3361091,49.741684,0.2532667,0.17628941,0.6427606,0.70116824,0.27046704,0.15271887,0.5784842,0.75424176,-1.0,0
1763544960150,1009.7553,0.6999006,4.683352,5.7762737,0.20097451,-0.17730351,0.13087778,70.74375,-24.225,14.812501,46.950733,0.3361091,49.741684,0.25810772,0.17657483,0.6430728,0.6990416,0.27270988,0.15306075,0.5787431,0.7531654,-1.0,0
1763544960175,1009.7553,0.927817,4.7377887,5.456234,0.20311254,-0.015882485,0.09880738,70.293755,-23.53125,14.962501,46.950733,0.3361091,49.741684,0.25804293,0.17873514,0.6436489,0.6979855,0.27283835,0.15521477,0.5794006,0.7521719,-1.0,0
1763544960200,1009.7419,0.3152544,5.115257,5.752944,0.0490219,0.23090689,-0.031459536,71.68125,-21.768751,15.0375,46.950733,0.3361091,49.741684,0.2568492,0.1823888,0.6439018,0.6972469,0.272009,0.15745045,0.5797611,0.75172967,-1.0,0
1763544960225,1009.7419,-0.293719,5.1667023,6.597012,0.08964441,0.06582068,-0.016646065,68.887505,-25.406252,15.225,46.950733,0.3361091,49.741684,0.2583769,0.18282114,0.6437447,0.6967141,0.27355847,0.15921041,0.5794854,0.7510089,-1.0,0
1763544960250,1009.74164,-0.14297116,5.9270215,8.492725,0.27687445,-0.07086031,0.19639303,68.943756,-25.143751,14.437501,46.950733,0.3361091,49.741684,0.26077178,0.18346395,0.6441365,0.69528925,0.27599412,0.15965024,0.58003384,0.74959975,-1.0,0
1763544960276,1009.7668,0.68075806,6.515656,8.483752,0.34651303,-0.05574141,0.23823726,70.8,-25.35,15.168751,46.950733,0.3361091,49.741684,0.26342607,0.1847805,0.6450714,0.6930698,0.27873933,0.160753,0.58123237,0.74741673,-1.0,0
1763544960302,1009.7668,1.2293127,7.049854,8.041678,0.3121519,-0.1847866,0.13439025,69.225006,-25.143751,15.7875,46.950733,0.3361091,49.741684,0.26971132,0.18497576,0.64432186,0.6912952,0.28500792,0.16040796,0.5806859,0.7455492,-1.0,0
1763544960327,1009.79,0.58683974,7.722835,9.28116,0.0129808765,-0.18371758,-0.10720677,70.725006,-25.725,14.887501,46.950733,0.3361091,49.741684,0.27124387,0.18407883,0.6430147,0.69215155,0.2864625,0.15936589,0.57927394,0.7463133,-1.0,0
1763544960352,1009.81366,0.06999006,7.7826557,8.8187475,-0.050090913,-0.08689552,-0.022296565,70.481255,-27.618752,15.187501,46.950733,0.3361091,49.741684,0.27162766,0.18348412,0.6423581,0.69276834,0.2867966,0.15873161,0.5785446,0.74688566,-1.0,0
1763544960377,1009.81366,1.2556337,7.7772717,9.131609,-0.18829907,-0.10537417,0.06536253,68.5875,-25.44375,15.262501,46.950733,0.3361091,49.741684,0.27071452,0.17935222,0.642664,0.69392323,0.28627297,0.15732217,0.5787854,0.7471981,-1.0,0
1763544960402,1009.82904,1.6875381,6.7058854,10.537393,-0.38499752,-0.35445428,-0.07467822,68.64375,-25.2,15.243751,46.950733,0.3361091,49.741684,0.27037024,0.17495076,0.6419669,0.69582367,0.28480443,0.15031397,0.5778082,0.7499532,-1.0,0
1763544960428,1009.86005,1.8765712,5.8917274,11.250454,-0.45860672,-0.27595815,-0.08460477,68.26875,-26.23125,15.4875,46.950733,0.3361091,49.741684,0.26909623,0.1701378,0.6414005,0.6980299,0.2830776,0.14569394,0.5772111,0.7519759,-1.0,0
1763544960453,1009.86005,1.5696917,5.087141,11.718849,-0.36468628,-0.028557928,-0.06276636,68.025,-24.618752,14.493751,46.950733,0.3361091,49.741684,0.2648154,0.16565259,0.64206296,0.7001336,0.28019628,0.14270923,0.5774346,0.7534543,-1.0,0
1763544960482,1009.8791,0.9936196,4.7802615,10.464412,-0.074067354,0.005497783,0.03405571,70.93125,-23.325,13.968751,46.950733,0.3361091,49.741684,0.26651827,0.1647437,0.64239645,0.6993957,0.27828008,0.14187373,0.5784142,0.75357085,-1.0,0
1763544960508,1009.8649,2.0524435,5.128417,5.671588,0.124616414,-0.31658068,0.12034036,69.76875,-24.075,13.81875,46.950733,0.3361091,49.741684,0.26965198,0.16321474,0.64235175,0.69859356,0.28277183,0.13925281,0.5794485,0.7515904,-1.0,0
1763544960534,1009.8649,2.6386852,5.2749777,5.6279187,-0.2695441,-0.15577053,-0.042607818,68.26875,-23.475,14.400001,46.950733,0.3361091,49.741684,0.2659985,0.1591762,0.6418434,0.7013878,0.2787917,0.13552652,0.57864803,0.7543701,-1.0,0
1763544960559,1009.83295,0.8350951,4.7102714,7.179664,-0.37369654,0.61269736,-0.3695732,69.131256,-23.5125,14.475,46.950733,0.3361091,49.741684,0.25931838,0.161061,0.64153236,0.7037397,0.27228445,0.13801393,0.57822,0.75662076,-1.0,0
1763544960584,1009.81244,0.17347965,4.5972104,6.2847486,-0.12599087,0.5432115,-0.2944368,69.600006,-22.59375,14.83125,46.950733,0.3361091,49.741684,0.25384834,0.16466261,0.6411504,0.70524704,0.26712695,0.14211242,0.577814,0.7580094,-1.0,0
1763544960609,1009.81244,0.5557331,4.8394837,6.2111692,0.13652828,0.06658426,-0.24694209,69.356255,-23.868752,14.156251,46.950733,0.3361091,49.741684,0.2525364,0.16719338,0.63983953,0.70631236,0.26603365,0.14475618,0.57644194,0.7589377,-1.0,0
1763544960634,1009.7863,0.7501499,5.093123,5.391628,0.31276277,-0.24740024,-0.27748534,69.9,-23.94375,15.656251,46.950733,0.3361091,49.741684,0.25784433,0.16978858,0.6341548,0.70889765,0.27155298,0.1468702,0.5705185,0.76104975,-1.0,0
1763544960661,1009.7863,0.3278167,5.3922257,5.6644096,0.15668681,0.32788166,-0.240528,69.356255,-24.2625,17.8875,46.950733,0.3361091,49.741684,0.25715178,0.17339133,0.6326927,0.7095832,0.2711948,0.15048246,0.5688992,0.7616837,-1.0,0
1763544960687,1009.7712,0.13938192,5.580661,6.0119667,0.25610507,0.21197008,-0.15638138,69.28125,-23.400002,16.143751,46.950733,0.3361091,49.741684,0.2596877,0.17923637,0.6300807,0.7095315,0.27426142,0.15602577,0.56613415,0.7615305,-1.0,0
1763544960713,1009.75653,1.0342976,6.4121666,6.198009,0.1707367,-0.22663084,-0.1631009,69.731255,-23.868752,18.45,46.950733,0.3361091,49.741684,0.26291528,0.1794342,0.6279395,0.7101907,0.27751073,0.15591297,0.56386197,0.7620621,-1.0,0
1763544960738,1009.75653,0.64247286,6.5497537,7.701898,-0.20708317,0.16966769,-0.23976442,69.525,-23.400002,19.368752,46.950733,0.3361091,49.741684,0.26171803,0.17977233,0.62662184,0.7117097,0.27636963,0.1563146,0.5623088,0.7635407,-1.0,0
1763544960763,1009.7585,-0.050847482,6.352346,10.484751,-0.27580544,0.54855657,-0.18310672,71.0625,-23.212502,17.04375,46.950733,0.3361091,49.741684,0.25265583,0.1854259,0.6278918,0.7124143,0.26781884,0.16275997,0.5635829,0.76430136,-1.0,0
1763544960788,1009.80536,-0.33918262,6.7184477,10.7683,0.047189303,0.45158178,-0.009315688,70.05,-23.831251,17.643751,46.950733,0.3361091,49.741684,0.2538969,0.18698983,0.6281108,0.71137047,0.26915228,0.16427377,0.5640725,0.76314706,-1.0,0
1763544960813,1009.80536,0.7471589,7.776674,9.91466,0.21655156,-0.3894263,0.103236146,70.125,-23.4375,17.306252,46.950733,0.3361091,49.741684,0.25777966,0.18582952,0.62748253,0.71083236,0.2729073,0.1628023,0.563552,0.76251304,-1.0,0
1763544960838,1009.83295,0.7178468,8.023134,9.886545,0.11942407,-0.3037525,0.09560034,69.262505,-23.400002,17.23125,46.950733,0.3361091,49.741684,0.26231754,0.18255277,0.6270677,0.7103873,0.27609006,0.16087745,0.5630956,0.76211286,-1.0,0
1763544960864,1009.841,0.7609176,7.877172,9.564711,-0.08491021,-0.1800524,0.07192933,69.05625,-24.300001,18.393751,46.950733,0.3361091,49.741684,0.26143494,0.18027152,0.6271449,0.7112266,0.2760722,0.15694012,0.56315815,0.76289374,-1.0,0
1763544960890,1009.841,-0.016151553,6.3918276,10.532607,-0.35598144,0.045814857,-0.13408482,70.14375,-23.94375,18.862501,46.950733,0.3361091,49.741684,0.2586437,0.17860365,0.6269887,0.71280384,0.2731341,0.15554284,0.56292886,0.7644052,-1.0,0
1763544960916,1009.8586,-0.31944183,5.8043895,10.769497,-0.3329213,-0.03924806,-0.10002911,69.731255,-23.85,17.98125,46.950733,0.3361091,49.741684,0.25417262,0.17479426,0.62663126,0.7156651,0.27015415,0.15394495,0.5627691,0.76590383,-1.0,0
1763544960943,1009.8586,-0.44207397,5.2055855,10.802996,-0.1989892,-0.091324285,-0.041844238,69.3,-22.40625,17.94375,46.950733,0.3361091,49.741684,0.25381005,0.1733913,0.6267529,0.71602845,0.2677447,0.15098633,0.5630389,0.76713955,-1.0,0
1763544960968,1009.86664,-0.14955142,4.570291,8.123632,-0.0067195124,-0.06826414,0.11988221,69.412506,-22.518751,18.5625,46.950733,0.3361091,49.741684,0.25406206,0.17237885,0.62730646,0.71569866,0.2678582,0.15004662,0.56387806,0.76666784,-1.0,0
1763544960993,1009.8503,0.0017946169,4.400999,7.3579297,-0.06169734,0.101708986,0.14889829,69.3375,-22.9125,18.28125,46.950733,0.3361091,49.741684,0.2518071,0.17274828,0.63030964,0.7137653,0.2669615,0.14991789,0.5653913,0.7658909,-1.0,0
1763544961018,1009.8503,-0.3182454,4.31067,6.809375,-0.024587307,0.20311254,0.18280129,68.287506,-22.275002,18.806252,46.950733,0.3361091,49.741684,0.25127557,0.17375278,0.6322548,0.71198624,0.26558092,0.15071683,0.5673508,0.7647642,-1.0,0
1763544961044,1009.8288,-0.42592242,4.429713,5.834898,0.07498365,0.1432478,0.2535089,68.175,-22.78125,19.931252,46.950733,0.3361091,49.741684,0.25237906,0.17401572,0.63399774,0.70997906,0.26511475,0.1518012,0.5695505,0.7630746,-1.0,0
1763544961069,1009.78314,0.3487539,4.557131,5.21755,0.15714496,-0.22678354,0.26480988,69.506256,-22.03125,19.29375,46.950733,0.3361091,49.741684,0.2577101,0.17246862,0.6357809,0.70684,0.27144095,0.14993238,0.5733799,0.75833744,-1.0,0
1763544961095,1009.78314,0.37986058,4.733003,4.9435716,0.15073088,-0.12782346,0.20097451,67.89375,-24.075,20.8125,46.950733,0.3361091,49.741684,0.2577101,0.17246862,0.6357809,0.70684,0.27144095,0.14993238,0.5733799,0.75833744,-1.0,0
1763544961120,1009.74896,0.11545369,5.1762733,5.4370914,0.06368265,0.08552107,0.1754709,68.231255,-23.04375,21.6375,46.950733,0.3361091,49.741684,0.258982,0.1738846,0.6379309,0.70408565,0.2728624,0.15117423,0.57558763,0.7559043,-1.0,0
1763544961146,1009.7275,0.6735796,5.419145,6.538986,0.1084285,-0.08231403,0.15317434,66.356255,-22.987501,21.225,46.950733,0.3361091,49.741684,0.26019162,0.1740905,0.63872206,0.7028705,0.27410835,0.15123421,0.57636374,0.75484943,-1.0,0
1763544961171,1009.7275,0.8853444,5.8450675,7.3345995,0.18051054,-0.2083049,0.068416856,67.14375,-23.400002,21.0,46.950733,0.3361091,49.741684,0.26525795,0.17360488,0.63777745,0.70195407,0.27911493,0.15031733,0.57549983,0.7538564,-1.0,0
1763544961196,1009.7348,0.72263247,6.401997,8.367701,0.20509785,-0.025045456,-0.027336199,69.24375,-23.925001,20.6625,46.950733,0.3361091,49.741684,0.26692522,0.1745805,0.6371209,0.70167625,0.28085354,0.15115792,0.5748986,0.7535013,-1.0,0
1763544961222,1009.7348,0.3696911,6.6131635,8.083553,0.1385136,-0.014660755,-0.008246674,68.11875,-23.550001,21.993752,46.950733,0.3361091,49.741684,0.2680754,0.17571767,0.6366741,0.70135933,0.28208384,0.15221639,0.5745438,0.75309914,-1.0,0
1763544961247,1009.7497,0.55334026,7.0211396,8.894122,-0.046273008,-0.07422007,0.040775225,70.59375,-23.04375,20.94375,46.950733,0.3361091,49.741684,0.26860496,0.1739836,0.63681924,0.70145726,0.2824657,0.15043955,0.5746694,0.7532172,-1.0,0
1763544961272,1009.77264,0.4755735,7.420143,10.036695,-0.082466744,-0.14126249,0.055588696,68.90625,-23.456251,20.0625,46.950733,0.3361091,49.741684,0.26982158,0.17235139,0.6368762,0.7013416,0.28353074,0.1487246,0.57477605,0.7530762,-1.0,0
1763544961297,1009.77264,0.7196414,7.537391,9.324232,-0.10644319,-0.14080434,0.1707367,67.2375,-23.75625,20.400002,46.950733,0.3361091,49.741684,0.27056697,0.17063206,0.6375195,0.7008903,0.2841228,0.14695577,0.57547605,0.75266564,-1.0,0
1763544961322,1009.79,1.5948163,7.30768,10.327422,-0.28985533,-0.116217025,0.22403465,67.0875,-23.6625,21.337502,46.950733,0.3361091,49.741684,0.2698326,0.16792284,0.63909006,0.7003972,0.28316575,0.1443083,0.5770546,0.7523299,-1.0,0
1763544961347,1009.81854,2.3216362,6.852446,11.253445,-0.26816964,-0.20158538,0.14004076,69.43125,-22.29375,19.931252,46.950733,0.3361091,49.741684,0.26925477,0.16145954,0.6405478,0.70080745,0.28198802,0.13802205,0.5787505,0.752649,-1.0,0
1763544961372,1009.81854,2.2157538,6.090332,10.682756,-0.1432478,-0.05421425,0.0019853106,68.7375,-22.10625,19.987501,46.950733,0.3361091,49.741684,0.2687581,0.15950981,0.64072394,0.7012835,0.2812749,0.13623033,0.5791768,0.7529143,-1.0,0
1763544961397,1009.8371,1.8987048,5.77747,10.23829,-0.098960094,0.054825112,-0.0025961753,67.256256,-22.78125,21.73125,46.950733,0.3361091,49.741684,0.26710948,0.15879829,0.64138055,0.70147467,0.2799737,0.13566224,0.5798609,0.75297534,-1.0,0
1763544961422,1009.8371,1.486541,5.1296134,9.245867,0.041691523,0.04978548,0.0016798781,69.731255,-21.525002,21.09375,46.950733,0.3361091,49.741684,0.26771647,0.15958382,0.64149266,0.7009622,0.28009304,0.13670035,0.58079773,0.75202054,-1.0,0
1763544961447,1009.8337,1.3579268,4.8843493,6.166902,0.1660025,-0.11331542,0.00076358096,67.4625,-21.88125,20.56875,46.950733,0.3361091,49.741684,0.26936838,0.15994488,0.6410979,0.70060813,0.28173438,0.13699429,0.58062565,0.7514866,-1.0,0
1763544961472,1009.80023,1.6821543,4.9202414,5.6739807,0.011911863,-0.17226386,-0.0024434591,68.418755,-20.6625,21.487501,46.950733,0.3361091,49.741684,0.2709062,0.15906192,0.6405866,0.7006839,0.28318024,0.13601407,0.5801829,0.75146323,-1.0,0
1763544961497,1009.80023,2.140978,4.791029,5.9347982,-0.09728022,-0.018631376,-0.098196514,68.043755,-19.706251,20.85,46.950733,0.3361091,49.741684,0.26938272,0.1588864,0.63927406,0.7025075,0.2831244,0.13515766,0.57959574,0.7520916,-1.0,0
1763544961522,1009.7734,1.5726827,4.6821556,5.63091,-0.08720095,0.16554436,-0.21792601,68.193756,-21.16875,20.15625,46.950733,0.3361091,49.741684,0.26796108,0.16022775,0.6379995,0.70390385,0.2803185,0.13746859,0.5774669,0.75435793,-1.0,0
1763544961547,1009.7482,1.041476,4.6564326,5.5704913,0.025503604,-0.21059564,-0.28725916,67.6875,-20.5125,23.71875,46.950733,0.3361091,49.741684,0.2685118,0.16020219,0.6357291,0.7057515,0.2808668,0.13739415,0.57504225,0.7560179,-1.0,0
1763544961573,1009.7482,1.1090733,4.7401814,5.6907306,0.06276636,-0.29565856,-0.30390522,69.506256,-20.306252,22.44375,46.950733,0.3361091,49.741684,0.2707952,0.15954006,0.6305124,0.7096978,0.28284883,0.1362513,0.57183653,0.757915,-1.0,0
1763544961597,1009.73456,0.78364944,5.040481,5.85763,-0.014660755,0.023976443,-0.2667952,66.600006,-20.118752,23.493752,46.950733,0.3361091,49.741684,0.26861778,0.16176662,0.6299219,0.7105452,0.28308144,0.13655762,0.5695502,0.7594929,-1.0,0
1763544961623,1009.72723,0.23330021,5.7391853,6.695118,0.13744457,0.16646065,-0.058490302,67.8375,-19.85625,22.125,46.950733,0.3361091,49.741684,0.26762745,0.16432816,0.6297763,0.7104601,0.2803512,0.1415324,0.56859267,0.7603119,-1.0,0
1763544961648,1009.72723,0.54675996,6.2434726,6.645467,0.30421066,-0.25885394,0.0377209,67.912506,-19.368752,23.625,46.950733,0.3361091,49.741684,0.2704607,0.16505972,0.6289975,0.7099073,0.2832554,0.14198619,0.56775546,0.7597763,-1.0,0
1763544961673,1009.7194,1.0779666,6.728019,6.680761,0.31932956,-0.42943794,0.07941242,66.3,-19.518751,21.956251,46.950733,0.3361091,49.741684,0.27910328,0.16359927,0.62693787,0.70872104,0.29180902,0.13968122,0.5654622,0.75867593,-1.0,0
1763544961698,1009.7194,1.5972091,7.092326,8.613564,-0.010690134,0.0058032153,0.057879437,66.450005,-21.0,21.862501,46.950733,0.3361091,49.741684,0.2797919,0.16352291,0.6271298,0.7082972,0.2925205,0.13948122,0.5655169,0.7583979,-1.0,0
1763544961723,1009.7255,1.855634,7.1880393,10.194023,0.011300999,0.050396346,0.03604102,67.481255,-19.518751,21.206251,46.950733,0.3361091,49.741684,0.27966914,0.16370359,0.62751615,0.70796174,0.29242894,0.13963887,0.5658452,0.75815934,-1.0,0
1763544961748,1009.7546,1.9669002,7.384849,10.332807,0.12843432,0.082466744,-0.011606431,66.1875,-20.04375,23.38125,46.950733,0.3361091,49.741684,0.27975202,0.16679744,0.627455,0.70726067,0.2927406,0.14277779,0.5660061,0.7573338,-1.0,0
1763544961773,1009.7546,1.463211,7.6253276,9.731011,0.13469568,0.22632541,-0.08720095,66.7125,-20.34375,22.725,46.950733,0.3361091,49.741684,0.27736387,0.170048,0.62781453,0.70710814,0.29062882,0.14622557,0.5663996,0.7571952,-1.0,0
1763544961798,1009.77826,-0.6412765,7.825128,9.317053,-0.22143848,0.549931,-0.015729768,67.74375,-20.25,23.23125,46.950733,0.3361091,49.741684,0.27271605,0.1730592,0.62923664,0.7069213,0.28627318,0.14957003,0.56771237,0.757218,-1.0,0
1763544961823,1009.7924,-0.36490545,7.3322067,10.70848,-0.24846925,0.33261588,0.056352276,66.600006,-19.48125,21.91875,46.950733,0.3361091,49.741684,0.26831794,0.17455609,0.63091666,0.7067389,0.281013,0.15152483,0.569898,0.757158,-1.0,0
1763544961848,1009.7924,0.2536392,6.4289165,11.270793,-0.0004581486,-0.007177661,0.07177661,67.575005,-18.900002,24.112501,46.950733,0.3361091,49.741684,0.26878926,0.1741053,0.63155097,0.7061041,0.28246325,0.15091328,0.57001054,0.7566556,-1.0,0
1763544961874,1009.8122,1.0091729,5.560322,8.374281,-0.07238748,-0.18707734,0.041691523,68.68125,-18.54375,23.6625,46.950733,0.3361091,49.741684,0.269809,0.17243657,0.6314544,0.7062111,0.2833118,0.14921689,0.5700444,0.75664926,-1.0,0
1763544961900,1009.8122,1.1814562,5.15414,8.293523,-0.3515527,0.0056504994,-0.05665771,66.543755,-18.993752,22.81875,46.950733,0.3361091,49.741684,0.26797062,0.17034599,0.6316451,0.70724714,0.2812908,0.14731428,0.57021904,0.7576439,-1.0,0
1763544961926,1009.8173,0.5341976,4.9052863,8.501101,-0.48456848,0.22556181,-0.13744457,68.775,-17.2875,23.737501,46.950733,0.3361091,49.741684,0.2581326,0.16856995,0.63288146,0.7102202,0.27129522,0.14644852,0.57142776,0.7605406,-1.0,0
1763544961952,1009.809,-0.5066802,4.76411,7.448857,-0.08155045,0.16539164,0.08613193,67.89375,-18.862501,22.21875,46.950733,0.3361091,49.741684,0.2554708,0.16899355,0.6339972,0.7100869,0.26866117,0.14712353,0.57263803,0.7604351,-1.0,0
1763544961978,1009.809,-0.014356935,4.701298,5.77089,0.09040799,0.06582068,0.20189081,68.025,-18.975,22.518751,46.950733,0.3361091,49.741684,0.25544176,0.16965517,0.63530207,0.7087721,0.26866847,0.14781956,0.57414466,0.7591604,-1.0,0
1763544962002,1009.788,0.61794645,4.65404,5.020142,0.06597339,-0.01802051,0.20693044,68.64375,-18.0375,22.706251,46.950733,0.3361091,49.741684,0.25721404,0.16920668,0.63734573,0.70639956,0.27041414,0.1471943,0.5762923,0.75703186,-1.0,0
1763544962027,1009.75824,0.951147,4.237689,6.2470617,0.027794348,-0.120034926,0.021685699,68.137505,-18.45,21.69375,46.950733,0.3361091,49.741684,0.25828978,0.168369,0.6372966,0.7062516,0.27141875,0.1462655,0.5762431,0.7568898,-1.0,0
1763544962053,1009.75824,0.5982057,4.336393,6.538388,0.108886644,-0.047952887,-0.010384701,66.84375,-19.48125,25.44375,46.950733,0.3361091,49.741684,0.25936386,0.168382,0.63693887,0.70617753,0.27247468,0.14621784,0.57597303,0.75672513,-1.0,0
1763544962077,1009.74384,0.4528417,4.703093,6.458228,0.1640172,0.07498365,-0.020311253,68.8125,-19.3875,22.612501,46.950733,0.3361091,49.741684,0.2607383,0.1716321,0.6363626,0.7054081,0.27321225,0.14744794,0.5758943,0.7562803,-1.0,0
1763544962102,1009.74384,0.054436713,5.0889354,6.309873,0.21899502,0.07192933,-0.039095346,67.762505,-18.0,22.95,46.950733,0.3361091,49.741684,0.26250073,0.17325965,0.63555723,0.7050826,0.2759722,0.15088037,0.57485914,0.75538826,-1.0,0
1763544962127,1009.73724,-0.506082,5.761917,6.6831536,0.29764387,-0.07574723,-0.037415467,67.33125,-18.056252,22.6875,46.950733,0.3361091,49.741684,0.26487443,0.17483182,0.6344619,0.7047932,0.27847892,0.15223047,0.5737382,0.7550495,-1.0,0
1763544962152,1009.726,-0.72263247,6.087341,6.9559355,0.32665995,-0.02687805,0.100181825,68.3625,-19.3125,23.8875,46.950733,0.3361091,49.741684,0.27006912,0.17817836,0.63453573,0.7019114,0.28107342,0.15382208,0.5734156,0.75401,-1.0,0
1763544962177,1009.726,0.059820566,6.68435,7.012765,0.3179551,-0.09834923,0.20021093,69.5625,-19.3125,22.5375,46.950733,0.3361091,49.741684,0.273604,0.17740077,0.6346108,0.7006703,0.2839698,0.15506779,0.57387555,0.7523177,-1.0,0
1763544962202,1009.736,1.6821543,7.62114,8.889337,-0.06811142,-0.3404044,0.03970621,67.51875,-19.893751,23.23125,46.950733,0.3361091,49.741684,0.27621162,0.17465085,0.63401824,0.7008745,0.28984824,0.150943,0.5731923,0.75143516,-1.0,0
1763544962227,1009.7575,0.5886344,7.999206,9.549157,-0.22647811,0.05177079,-0.03848448,67.9875,-18.993752,24.225,46.950733,0.3361091,49.741684,0.2753756,0.17325641,0.6339143,0.7016432,0.2889047,0.14961143,0.5729933,0.75221616,-1.0,0
1763544962253,1009.7575,-0.08973085,8.321041,10.226924,-0.27336198,0.1904371,0.06459895,68.006256,-18.975,22.81875,46.950733,0.3361091,49.741684,0.27135184,0.1717296,0.6362112,0.7015072,0.28480527,0.1483538,0.5751013,0.7524198,-1.0,0
1763544962279,1009.8117,1.4620147,7.96451,10.788041,-0.017409647,-0.4535671,0.19730933,67.443756,-18.7875,23.643751,46.950733,0.3361091,49.741684,0.27370602,0.16856822,0.63650197,0.7010956,0.28688687,0.14500397,0.57542014,0.7520382,-1.0,0
1763544962304,1009.8403,1.875973,7.409375,11.117652,0.0021380268,-0.44440413,0.14859286,67.125,-18.9375,23.38125,46.950733,0.3361091,49.741684,0.27687138,0.16487548,0.6362895,0.70092374,0.28972182,0.14107782,0.5752727,0.7518109,-1.0,0
1763544962329,1009.8403,1.925624,6.734599,10.924432,0.032070402,-0.06368265,0.15118903,66.975006,-19.06875,22.1625,46.950733,0.3361091,49.741684,0.27819675,0.164192,0.6382701,0.6987552,0.2909169,0.14042732,0.57779324,0.74953485,-1.0,0
1763544962354,1009.83295,2.2899313,5.832505,8.517851,0.26557347,-0.12492185,0.12217296,66.8625,-19.48125,24.825,46.950733,0.3361091,49.741684,0.28006017,0.16489337,0.6388982,0.69727004,0.2927873,0.14106423,0.57878155,0.7479227,-1.0,0
1763544962379,1009.83295,2.4161527,5.4933224,7.420741,0.20280711,-0.49266243,0.0025961753,65.71875,-19.462502,22.48125,46.950733,0.3361091,49.741684,0.28440005,0.16312401,0.6376789,0.69704574,0.29692662,0.13902305,0.57779276,0.7474374,-1.0,0
1763544962404,1009.81586,2.1625135,5.1529436,7.1359954,-0.059712034,-0.34697118,-0.12034036,66.450005,-19.3875,24.243752,46.950733,0.3361091,49.741684,0.285112,0.15902187,0.63531774,0.69985324,0.29724896,0.13498099,0.57547194,0.7498368,-1.0,0
1763544962430,1009.8034,1.4189439,4.7934217,7.3429747,-0.31551164,0.13072506,-0.1640172,67.21875,-17.175001,21.5625,46.950733,0.3361091,49.741684,0.2803298,0.15937251,0.6358038,0.70126253,0.29248714,0.13577807,0.5759775,0.75117606,-1.0,0
1763544962455,1009.8034,0.75972116,4.5062833,7.331609,-0.17119485,0.20265439,-0.1678351,67.162506,-18.1875,22.10625,46.950733,0.3361091,49.741684,0.2767563,0.16009042,0.63582623,0.702497,0.2889593,0.13684115,0.5760382,0.75230116,-1.0,0
1763544962480,1009.7878,0.05742774,4.5619164,6.4354963,0.07788526,-0.06582068,-0.15164718,67.0875,-17.8125,21.618752,46.950733,0.3361091,49.741684,0.27652866,0.16056249,0.63469416,0.70350194,0.28874233,0.13739094,0.5749856,0.7530891,-1.0,0
1763544962505,1009.75995,0.22073789,4.6749773,5.118846,0.14645483,-0.11575887,-0.034361143,66.7125,-18.862501,22.95,46.950733,0.3361091,49.741684,0.2784338,0.16157056,0.6335122,0.70358497,0.2907192,0.13824892,0.5738248,0.7530569,-1.0,0
1763544962531,1009.75995,1.1090733,4.7377887,5.0195436,-0.031154104,0.19700389,-0.09040799,68.662506,-19.29375,24.16875,46.950733,0.3361091,49.741684,0.27726924,0.16297796,0.6335162,0.7037167,0.28968552,0.13972244,0.5737544,0.75323695,-1.0,0
1763544962556,1009.7387,0.567099,4.822136,5.2737813,-0.041233372,0.14156792,-0.13332124,66.918755,-18.712502,21.69375,46.950733,0.3361091,49.741684,0.27590716,0.16426818,0.6331015,0.70432496,0.28843972,0.14110747,0.5732589,0.75383383,-1.0,0
1763544962581,1009.7387,0.56769717,5.1673007,6.0364933,0.014508039,-0.00763581,-0.11133011,66.356255,-19.143751,23.325,46.950733,0.3361091,49.741684,0.27654222,0.16550305,0.6314098,0.70530474,0.28919226,0.14224876,0.57139504,0.75474554,-1.0,0
1763544962606,1009.7326,0.94755775,5.8008003,6.2584276,0.21258095,0.0030543238,-0.04382955,67.59375,-19.63125,22.143751,46.950733,0.3361091,49.741684,0.2779336,0.16693161,0.6306814,0.7050729,0.29069734,0.1435559,0.57068175,0.75445944,-1.0,0
1763544962632,1009.72797,0.9661021,6.216553,6.221937,0.16676609,-0.016646065,0.00320704,67.8375,-18.487501,21.73125,46.950733,0.3361091,49.741684,0.27931798,0.16820836,0.6302652,0.7045944,0.29218918,0.14469995,0.5702681,0.75397724,-1.0,0
1763544962657,1009.72797,1.602593,6.743572,6.929016,0.060781047,-0.17211115,0.007177661,69.58125,-20.04375,21.6375,46.950733,0.3361091,49.741684,0.28259334,0.16632876,0.6286368,0.705189,0.29376796,0.14435402,0.56970954,0.7538523,-1.0,0
1763544962682,1009.759,2.1565313,7.006783,8.444869,-0.036651887,-0.27382013,-0.08032872,66.24375,-19.03125,22.85625,46.950733,0.3361091,49.741684,0.28306836,0.16533773,0.62745106,0.7062867,0.29533654,0.14248015,0.56839836,0.7545853,-1.0,0
1763544962707,1009.7895,1.5343975,7.4733834,9.891331,-0.09407318,0.26847506,-0.116217025,67.51875,-18.525002,23.15625,46.950733,0.3361091,49.741684,0.28108323,0.16647135,0.6273497,0.70690304,0.2938265,0.1427812,0.56706333,0.75612086,-1.0,0
1763544962732,1009.7895,1.2801601,7.832905,10.453644,-0.05986475,0.29672757,-0.08872811,67.068756,-18.581251,22.893751,46.950733,0.3361091,49.741684,0.27694413,0.1700536,0.6278694,0.7072225,0.29138657,0.14488997,0.56747246,0.7563569,-1.0,0
1763544962757,1009.8083,0.73100734,8.038688,9.792028,-0.0030543238,0.21090107,-0.059101168,67.012505,-18.825,22.612501,46.950733,0.3361091,49.741684,0.27506617,0.17078406,0.62824476,0.70744604,0.2899689,0.14674577,0.5676957,0.75637645,-1.0,0
1763544962782,1009.8083,0.44027936,7.39442,10.752747,-0.38606653,0.16493349,-0.03619374,66.450005,-18.65625,24.35625,46.950733,0.3361091,49.741684,0.27172723,0.17005458,0.6288982,0.708331,0.28479654,0.14712304,0.5684917,0.75766945,-1.0,0
1763544962807,1009.83734,0.21834506,6.8404818,11.888141,-0.33017242,0.23090689,-0.038331766,67.387505,-17.775002,21.581251,46.950733,0.3361091,49.741684,0.26761985,0.16957495,0.62975764,0.70924556,0.28066972,0.14697129,0.56924146,0.7586752,-1.0,0
1763544962833,1009.84296,0.13998012,6.358328,11.170295,-0.10308343,0.11331542,-0.0030543238,68.8125,-17.268751,21.88125,46.950733,0.3361091,49.741684,0.26507875,0.16941005,0.6304184,0.70965207,0.2780434,0.14716795,0.5702809,0.7588235,-1.0,0
1763544962858,1009.84296,0.41635114,5.9066825,9.64128,0.028863361,-0.085215636,0.015882485,67.78125,-18.73125,21.45,46.950733,0.3361091,49.741684,0.2651819,0.16876282,0.6302593,0.7099091,0.2780584,0.14658058,0.57028186,0.758931,-1.0,0
1763544962883,1009.8244,0.24586253,5.048856,8.097312,-0.14217877,0.048716467,0.008093959,67.818756,-18.487501,22.518751,46.950733,0.3361091,49.741684,0.26390722,0.16820829,0.63056564,0.7102435,0.27671972,0.14617547,0.5706797,0.7591993,-1.0,0
1763544962908,1009.8068,0.16331014,4.843073,7.702496,-0.12889247,0.05421425,0.09269873,68.137505,-18.45,22.0125,46.950733,0.3361091,49.741684,0.26255417,0.16754867,0.6314112,0.7101498,0.27529642,0.14566778,0.57163924,0.75909245,-1.0,0
1763544962933,1009.8068,0.47078785,4.5678983,7.2969127,-0.044287696,0.10063997,0.17180572,69.1125,-17.23125,22.3125,46.950733,0.3361091,49.741684,0.26144785,0.16823003,0.634307,0.7078123,0.27420622,0.14651713,0.57493734,0.7568294,-1.0,0
1763544962959,1009.7712,0.31286156,4.1868415,5.1463633,0.27931792,0.042760536,0.18524474,67.631256,-18.65625,23.775002,46.950733,0.3361091,49.741684,0.26300567,0.16975194,0.6353208,0.7059602,0.27586016,0.14794888,0.57620966,0.75497997,-1.0,0
1763544962984,1009.7453,0.3062813,4.356732,4.3040895,0.20922118,-0.019089524,0.21655156,68.71875,-19.25625,21.375,46.950733,0.3361091,49.741684,0.26616767,0.17087825,0.6375217,0.70251083,0.2791144,0.1487943,0.5786236,0.7517647,-1.0,0
1763544963009,1009.7453,0.6969096,4.5373898,5.066802,0.065667965,0.006872229,0.20998476,67.443756,-18.7875,23.962502,46.950733,0.3361091,49.741684,0.26681373,0.1711662,0.63860035,0.70121473,0.2797947,0.14900464,0.57973796,0.7506107,-1.0,0
1763544963034,1009.7336,0.8350951,4.8101716,6.3278193,0.16615522,0.016798781,0.09636392,67.59375,-18.900002,22.706251,46.950733,0.3361091,49.741684,0.26791453,0.17193902,0.6391619,0.70009345,0.2809483,0.14969729,0.580419,0.7495149,-1.0,0
1763544963060,1009.7336,0.6358926,5.2606206,6.161518,0.17516547,0.05818487,0.023365578,68.756256,-20.400002,22.837502,46.950733,0.3361091,49.741684,0.2689509,0.17324395,0.6392527,0.69929093,0.2820763,0.15093385,0.58062696,0.74868166,-1.0,0
1763544963085,1009.7304,0.12562318,5.7690954,6.40439,0.12950334,0.08032872,-0.022143848,67.70625,-19.743752,22.743752,46.950733,0.3361091,49.741684,0.27008438,0.1758647,0.6388572,0.6985611,0.28343743,0.15341836,0.58019656,0.747996,-1.0,0
1763544963110,1009.7419,0.4438686,6.489335,7.9351983,0.17669263,-0.059253883,0.07941242,67.275,-19.6875,23.71875,46.950733,0.3361091,49.741684,0.2714745,0.17664112,0.6388317,0.6978492,0.28490102,0.15405168,0.5801554,0.74734145,-1.0,0
1763544963135,1009.7419,0.8578269,6.9128647,8.139186,0.23884813,-0.18081598,0.09773836,68.137505,-20.456251,23.6625,46.950733,0.3361091,49.741684,0.27403542,0.1770086,0.6386569,0.69691455,0.28748995,0.1541979,0.5800247,0.7464207,-1.0,0
1763544963161,1009.7587,1.8161523,7.1808605,8.4502535,0.1904371,-0.33017242,0.028405212,67.89375,-20.34375,22.29375,46.950733,0.3361091,49.741684,0.2774299,0.17627122,0.63783675,0.6965094,0.29082006,0.15317504,0.57920784,0.74597543,-1.0,0
1763544963186,1009.7795,0.70648086,7.585846,8.743374,-0.15073088,0.07422007,-0.17669263,69.24375,-19.462502,21.6375,46.950733,0.3361091,49.741684,0.27926815,0.17490236,0.63511056,0.6986079,0.29253644,0.15167056,0.5763435,0.747828,-1.0,0
1763544963211,1009.7795,0.2219343,7.4709907,9.359526,-0.35613418,0.16233732,-0.10002911,68.100006,-19.21875,22.987501,46.950733,0.3361091,49.741684,0.27596316,0.17456676,0.6351914,0.6999305,0.28922576,0.15158392,0.5762642,0.74919313,-1.0,0
1763544963237,1009.80365,0.7603194,7.467401,10.5015,-0.44516772,0.032833982,-0.042607818,67.012505,-18.825,22.612501,46.950733,0.3361091,49.741684,0.27020615,0.16987267,0.63573724,0.7028301,0.28554747,0.15008904,0.57660806,0.75063914,-1.0,0
1763544963261,1009.80365,1.0803595,7.2095747,11.933006,-0.3498728,-0.14798199,-0.044898562,68.4,-19.29375,21.73125,46.950733,0.3361091,49.741684,0.26962018,0.16754423,0.6355498,0.7037829,0.28311384,0.14735892,0.5765362,0.75215554,-1.0,0
1763544963286,1009.8315,1.4542379,6.445068,10.924432,0.053450666,-0.02443459,0.08811724,67.89375,-19.59375,22.10625,46.950733,0.3361091,49.741684,0.26978645,0.16695577,0.6359848,0.703466,0.28236514,0.14466816,0.5772172,0.75243694,-1.0,0
1763544963311,1009.8381,1.9501505,6.131608,9.70828,0.06291907,0.034208428,0.12705988,67.950005,-17.85,22.462502,46.950733,0.3361091,49.741684,0.27005154,0.166979,0.6369014,0.70252883,0.28257906,0.14477184,0.5784774,0.75136817,-1.0,0
1763544963336,1009.8381,2.0195422,5.669793,8.937193,0.047494736,0.041538805,0.07192933,69.80625,-16.78125,21.13125,46.950733,0.3361091,49.741684,0.27088994,0.16710143,0.6378145,0.70134753,0.28259158,0.14500675,0.57951415,0.75051874,-1.0,0
1763544963361,1009.81854,1.4255241,4.9136615,6.2416778,0.12996148,-0.13423753,0.007177661,68.11875,-17.71875,22.59375,46.950733,0.3361091,49.741684,0.27254447,0.16687772,0.63747036,0.7010727,0.28494075,0.14469771,0.57975805,0.7495011,-1.0,0
1763544963386,1009.7817,1.4255241,4.8825545,4.942375,-0.061544627,-0.14767656,-0.04780017,67.725006,-18.993752,22.556252,46.950733,0.3361091,49.741684,0.27354214,0.16586785,0.63687027,0.70146906,0.28584915,0.14362343,0.57915896,0.74982494,-1.0,0
1763544963412,1009.7817,1.3692927,4.825725,5.660222,-0.32162032,-0.028252495,-0.12217296,69.0,-18.712502,19.612501,46.950733,0.3361091,49.741684,0.2695568,0.16266702,0.6360827,0.70446956,0.28163877,0.14071605,0.57804716,0.7528214,-1.0,0
1763544963437,1009.75433,0.90329057,4.829314,6.693323,-0.0067195124,-0.01847866,-0.118507765,67.03125,-17.4375,20.98125,46.950733,0.3361091,49.741684,0.26876923,0.16246895,0.6354086,0.7054239,0.28082174,0.14061362,0.5773862,0.7536525,-1.0,0
1763544963462,1009.75433,1.0336994,5.0955157,5.124828,0.116675176,-0.029932374,-0.12476913,67.275,-18.4125,21.16875,46.950733,0.3361091,49.741684,0.26955846,0.16319977,0.63431656,0.7059367,0.28164887,0.14131469,0.57635117,0.7540049,-1.0,0
1763544963488,1009.72797,1.3926228,5.3479586,5.0015974,0.0021380268,-0.004123337,-0.15913028,68.025,-16.837502,21.46875,46.950733,0.3361091,49.741684,0.26902246,0.16449769,0.6318485,0.70805,0.28125197,0.14258301,0.57354057,0.75605464,-1.0,0
1763544963513,1009.7209,1.4691931,5.2863436,5.804988,-0.0707076,0.09682207,-0.24083345,67.36875,-18.018751,20.53125,46.950733,0.3361091,49.741684,0.26709896,0.16640437,0.63065726,0.70939356,0.2794968,0.14461613,0.57219064,0.75734115,-1.0,0
1763544963539,1009.7209,0.64008003,5.3425746,6.735796,0.0140498895,0.19807291,-0.20922118,68.8125,-15.88125,20.868752,46.950733,0.3361091,49.741684,0.26534766,0.16860844,0.62968576,0.71039265,0.27793023,0.14694543,0.5711231,0.7582745,-1.0,0
1763544963564,1009.72675,0.991825,5.6554365,7.580462,0.23472479,-0.09071342,-0.13408482,69.225006,-16.837502,19.331251,46.950733,0.3361091,49.741684,0.27017626,0.17125264,0.6263409,0.71089685,0.28294668,0.14921078,0.5677864,0.7584827,-1.0,0
1763544963589,1009.73114,1.2239288,5.9617176,7.1192455,0.41951138,-0.20662501,-0.11514801,70.875,-16.66875,19.931252,46.950733,0.3361091,49.741684,0.2735114,0.17274135,0.6246062,0.7107876,0.2863838,0.15044056,0.5660955,0.75821364,-1.0,0
1763544963615,1009.73114,0.6646065,6.611967,7.5571322,0.108886644,0.09926552,-0.035888307,69.037506,-16.987501,20.60625,46.950733,0.3361091,49.741684,0.274304,0.17432952,0.62405443,0.7105791,0.28731427,0.15193413,0.565492,0.7580141,-1.0,0
1763544963640,1009.75433,1.0307083,7.091728,8.953344,0.0009162972,0.0058032153,0.022143848,67.725006,-18.993752,21.768751,46.950733,0.3361091,49.741684,0.2741565,0.17494014,0.6242384,0.71032435,0.28723022,0.15252756,0.56562436,0.75782794,-1.0,0
1763544963665,1009.7934,1.8191434,7.280163,10.310075,0.051618073,-0.1800524,-0.049480047,67.3125,-17.41875,22.5,46.950733,0.3361091,49.741684,0.27659917,0.17411292,0.62209517,0.71145993,0.2895774,0.15154977,0.5635063,0.7587083,-1.0,0
1763544963690,1009.7934,0.9098708,7.509874,10.4566345,0.11377356,-0.0876591,-0.1660025,67.03125,-17.4375,20.98125,46.950733,0.3361091,49.741684,0.27594534,0.17550263,0.6216684,0.7117454,0.28900847,0.15303954,0.5631958,0.75885665,-1.0,0
1763544963716,1009.8188,-0.11485548,7.941778,10.267602,-0.20189081,0.23548837,0.03848448,67.350006,-16.650002,19.987501,46.950733,0.3361091,49.741684,0.27142137,0.17599785,0.6236669,0.71161425,0.2863319,0.15414716,0.564169,0.7589243,-1.0,0
1763544963742,1009.8188,0.15732808,7.565507,11.668001,-0.13500112,0.017562363,0.08994984,68.100006,-17.325,20.25,46.950733,0.3361091,49.741684,0.27268043,0.17488079,0.6238812,0.7112203,0.2857086,0.1526712,0.5654231,0.7585241,-1.0,0
1763544963767,1009.8366,0.8644072,6.1585274,10.1700945,0.20784675,-0.33780822,0.1273653,67.55625,-16.893751,22.143751,46.950733,0.3361091,49.741684,0.27584392,0.1734293,0.6236142,0.7105897,0.28870574,0.15105163,0.5654131,0.75772053,-1.0,0
1763544963793,1009.82635,1.2957134,5.7559347,8.96471,0.15363249,-0.28221953,0.059101168,66.46875,-18.112501,19.85625,46.950733,0.3361091,49.741684,0.2787653,0.17208514,0.623141,0.7101915,0.2914683,0.14956473,0.56519186,0.7571227,-1.0,0
1763544963817,1009.82635,1.1521441,5.462216,7.978269,-0.09269873,-0.082924895,-0.04780017,67.256256,-17.90625,19.59375,46.950733,0.3361091,49.741684,0.27674177,0.16995962,0.62274116,0.7118435,0.2918157,0.14840202,0.56493145,0.75741196,-1.0,0
1763544963842,1009.82245,0.7573284,5.285147,8.094919,-0.29153523,0.11453715,-0.107817635,66.543755,-17.625,21.675001,46.950733,0.3361091,49.741684,0.2733957,0.16970773,0.623063,0.71291417,0.28921938,0.147731,0.5649924,0.75849277,-1.0,0
1763544963868,1009.7966,-0.14356937,4.8562336,7.4141607,-0.08842268,0.17119485,0.042760536,65.981255,-17.550001,21.112501,46.950733,0.3361091,49.741684,0.2710505,0.1701804,0.6238864,0.7129768,0.2835188,0.14848174,0.56627107,0.7595442,-1.0,0
1763544963893,1009.7966,-0.012562319,4.546363,6.576673,0.15851942,0.035888307,0.15057817,65.64375,-17.081251,20.962502,46.950733,0.3361091,49.741684,0.27119312,0.17102112,0.62478304,0.7119356,0.2837134,0.149334,0.5673138,0.75852567,-1.0,0
1763544963918,1009.7609,0.46959144,4.4596233,5.191229,0.32100943,-0.12064579,0.21013749,66.01875,-16.556252,21.975,46.950733,0.3361091,49.741684,0.27692577,0.17252082,0.62592125,0.70835817,0.28647277,0.14990127,0.56817436,0.7567304,-1.0,0
1763544963944,1009.73065,0.8859426,4.7485566,4.025326,0.042760536,0.08078687,0.058032155,65.943756,-18.54375,20.23125,46.950733,0.3361091,49.741684,0.27770537,0.17332941,0.6264123,0.7074209,0.2903932,0.15111303,0.56925416,0.75417924,-1.0,0
1763544963968,1009.73065,0.31226337,4.71087,5.049454,-0.09850194,0.12034036,-0.01847866,65.193756,-17.1375,21.0,46.950733,0.3361091,49.741684,0.27669668,0.1738763,0.6267307,0.70739996,0.28946742,0.1516662,0.56938857,0.75432265,-1.0,0
1763544963993,1009.7214,0.008374879,4.613362,6.072386,-0.062308207,0.113162704,-0.012370012,67.74375,-17.60625,20.60625,46.950733,0.3361091,49.741684,0.2755699,0.17427833,0.6269574,0.70753986,0.28839555,0.15211742,0.5695047,0.7545546,-1.0,0
1763544964018,1009.7214,0.14117654,5.7523456,6.437291,0.14752385,-0.017867794,0.0876591,66.28125,-17.5125,21.075,46.950733,0.3361091,49.741684,0.27544108,0.17665713,0.6278336,0.706222,0.28845602,0.15449485,0.5704707,0.7533178,-1.0,0
1763544964044,1009.726,0.36550367,6.4002023,7.231708,0.20127994,-0.19379686,0.053145237,66.15,-18.2625,19.743752,46.950733,0.3361091,49.741684,0.27788305,0.17663057,0.6273939,0.7056625,0.29090697,0.15424164,0.56998557,0.7527942,-1.0,0
1763544964069,1009.72626,0.071186475,6.8398833,7.384849,0.20418155,-0.107359484,0.043524116,66.09375,-17.90625,19.575,46.950733,0.3361091,49.741684,0.28173244,0.17793286,0.62701106,0.70414764,0.2948882,0.15515871,0.5695227,0.7514058,-1.0,0
1763544964094,1009.72626,-0.13040884,7.071389,7.368099,0.1583667,-0.02687805,0.11866048,65.887505,-18.7875,20.25,46.950733,0.3361091,49.741684,0.28368476,0.1771419,0.6274662,0.7031571,0.29680294,0.15415683,0.56990415,0.7505684,-1.0,0
1763544964120,1009.75116,2.4652054,7.765308,9.412766,0.052839804,-0.3773617,0.06902772,65.850006,-19.050001,19.96875,46.950733,0.3361091,49.741684,0.2865083,0.17480639,0.6270739,0.70294666,0.2994589,0.15155412,0.56940144,0.75042504,-1.0,0
1763544964144,1009.7658,1.8388842,8.035697,9.223135,0.09269873,-0.22632541,-0.1452331,65.53125,-18.337502,21.206251,46.950733,0.3361091,49.741684,0.28901577,0.17382564,0.62413025,0.7047808,0.301866,0.15040746,0.5663957,0.7519644,-1.0,0
1763544964169,1009.7658,0.637089,8.253444,8.447262,-0.03497201,0.0003054324,-0.16416991,65.83125,-17.681252,19.893751,46.950733,0.3361091,49.741684,0.28774628,0.17271587,0.6234729,0.7061536,0.30054045,0.14934567,0.56549144,0.7533862,-1.0,0
1763544964195,1009.7902,1.911267,7.5266237,11.309078,-0.40882125,-0.26664248,-0.13133593,65.30625,-18.862501,20.00625,46.950733,0.3361091,49.741684,0.28639737,0.16914767,0.62251866,0.70840394,0.29894197,0.14583588,0.5642104,0.75566673,-1.0,0
1763544964220,1009.7902,2.1517458,6.808777,12.393625,-0.28939718,-0.17623448,-0.18952079,65.71875,-17.56875,19.743752,46.950733,0.3361091,49.741684,0.28374255,0.16521968,0.62031233,0.71232384,0.29589564,0.14231353,0.5621664,0.75905305,-1.0,0
1763544964247,1009.82465,1.6265212,6.064609,11.974282,-0.06826414,0.017867794,-0.17211115,66.75,-17.456251,19.63125,46.950733,0.3361091,49.741684,0.28296486,0.16621567,0.6200921,0.71259314,0.2951194,0.1435316,0.562347,0.75899214,-1.0,0
1763544964272,1009.8173,1.855634,5.4646087,8.804391,0.13041963,0.06017018,-0.033444848,65.193756,-17.868752,20.118752,46.950733,0.3361091,49.741684,0.2828664,0.16736534,0.6200997,0.7123565,0.2950488,0.1448128,0.5627005,0.75851405,-1.0,0
1763544964297,1009.8173,1.7341982,5.0416775,7.135397,0.13515383,-0.074830934,-0.09605849,65.943756,-17.0625,20.925001,46.950733,0.3361091,49.741684,0.2838696,0.16781457,0.61932427,0.7125263,0.296039,0.14527424,0.5621493,0.7584487,-1.0,0
1763544964322,1009.8029,1.1706885,4.667799,5.622535,0.00763581,-0.092087865,-0.13775001,66.131256,-17.643751,19.556252,46.950733,0.3361091,49.741684,0.28398284,0.16664952,0.61726743,0.71453667,0.29602292,0.14418298,0.5601457,0.76014376,-1.0,0
1763544964348,1009.7631,0.7609176,4.415356,5.3629136,-0.2771799,-0.18280129,-0.08933897,63.6375,-18.393751,19.3875,46.950733,0.3361091,49.741684,0.28302774,0.16435054,0.6165252,0.7160873,0.29489872,0.14195268,0.55925435,0.7616553,-1.0,0
1763544964373,1009.7631,1.4703895,4.518247,5.8247285,-0.2612974,-0.21746786,-0.08628465,64.856255,-16.78125,18.712502,46.950733,0.3361091,49.741684,0.28238988,0.16147049,0.61579865,0.71761775,0.29404536,0.13911892,0.55838126,0.7631472,-1.0,0
1763544964399,1009.7353,1.3363914,4.666602,5.890531,-0.23304491,-0.11102467,-0.17592905,65.2125,-17.34375,17.15625,46.950733,0.3361091,49.741684,0.27989262,0.15840791,0.6136291,0.7211285,0.2929489,0.13712028,0.5572005,0.76479185,-1.0,0
1763544964424,1009.7353,0.54436713,4.8693943,5.9952173,-0.2075413,-0.0021380268,-0.1904371,63.862503,-17.268751,20.38125,46.950733,0.3361091,49.741684,0.27832183,0.15799086,0.6129723,0.72238547,0.29130512,0.13628745,0.5560215,0.7664249,-1.0,0
1763544964449,1009.72504,0.84107715,5.4927244,6.6418777,-0.057268575,0.043065965,-0.082924895,64.912506,-16.40625,19.7625,46.950733,0.3361091,49.741684,0.27732074,0.15809889,0.61256593,0.72309124,0.28873155,0.13614753,0.55472785,0.76835865,-1.0,0
1763544964474,1009.72235,0.6334998,5.7613187,6.3104715,0.08735366,0.04138609,-0.095142186,64.012505,-18.09375,17.94375,46.950733,0.3361091,49.741684,0.2780323,0.16041175,0.6112636,0.7234106,0.28886408,0.1371208,0.553997,0.768663,-1.0,0
1763544964499,1009.72235,0.27038896,6.068198,5.994021,0.12751803,0.038789913,-0.051007207,65.25,-16.35,18.337502,46.950733,0.3361091,49.741684,0.27867836,0.16167144,0.6111501,0.7229774,0.28964263,0.13835117,0.5532796,0.76866627,-1.0,0
1763544964524,1009.71454,0.4235296,6.4797635,6.337391,0.11117739,0.05222894,0.02565632,65.175,-17.362501,19.1625,46.950733,0.3361091,49.741684,0.2797884,0.16266164,0.61130846,0.7221922,0.29163778,0.14031312,0.55303746,0.7677299,-1.0,0
1763544964550,1009.726,1.2173486,7.0450683,7.8963146,0.19837834,-0.18051054,0.106290475,64.3125,-17.325,18.487501,46.950733,0.3361091,49.741684,0.28572446,0.16217226,0.61087155,0.7203455,0.29756904,0.13925143,0.55246246,0.76605934,-1.0,0
1763544964575,1009.726,1.4685949,7.3112698,8.925228,0.25228715,-0.25076,0.11178826,64.875,-18.150002,18.7875,46.950733,0.3361091,49.741684,0.28889593,0.16242597,0.6105655,0.7192821,0.30075303,0.13925043,0.55222785,0.7649845,-1.0,0
1763544964601,1009.7487,1.8233309,7.995617,8.88455,0.14905101,0.032375835,-0.0058032153,63.881252,-18.0,18.5625,46.950733,0.3361091,49.741684,0.29039565,0.16350709,0.6103615,0.718606,0.30233234,0.14021187,0.5520811,0.764292,-1.0,0
1763544964627,1009.7487,1.4673985,7.937591,9.795019,-0.023365578,0.12278382,-0.0980438,64.59375,-17.41875,18.150002,46.950733,0.3361091,49.741684,0.2899258,0.16450925,0.61003745,0.71884215,0.30195287,0.14122583,0.55168384,0.76454216,-1.0,0
1763544964652,1009.7685,0.78843504,8.006385,10.071989,-0.087506376,0.28023422,-0.09605849,63.43125,-17.925001,20.15625,46.950733,0.3361091,49.741684,0.28442442,0.16799825,0.6108406,0.7195506,0.29674593,0.14512934,0.55241114,0.7653243,-1.0,0
1763544964677,1009.79803,0.32183465,8.006983,10.130613,-0.18570289,0.39064804,-0.0707076,65.7375,-17.550001,17.8875,46.950733,0.3361091,49.741684,0.2810197,0.16926342,0.61165804,0.7198974,0.29346037,0.14663959,0.5531504,0.7657692,-1.0,0
1763544964702,1009.79803,0.2847459,7.146165,11.48854,0.098196514,0.0707076,0.05146536,63.412502,-18.16875,18.018751,46.950733,0.3361091,49.741684,0.28150192,0.1717435,0.6124626,0.71843606,0.29409808,0.14914913,0.5542625,0.7642342,-1.0,0
1763544964727,1009.81805,0.25004998,6.5018973,9.148359,0.2622137,0.05497783,0.09834923,64.9875,-18.2625,19.706251,46.950733,0.3361091,49.741684,0.28199935,0.17304982,0.6133499,0.7171694,0.2946753,0.15045382,0.55535346,0.76296306,-1.0,0
1763544964752,1009.7973,0.45104706,5.7026944,7.219146,-0.126449,0.15424335,0.101708986,64.575005,-17.41875,18.9375,46.950733,0.3361091,49.741684,0.28074536,0.1734449,0.61458004,0.7165126,0.29345784,0.15094228,0.5566221,0.7624111,-1.0,0
1763544964778,1009.7973,0.43609193,5.4179487,7.3728848,-0.29367325,0.17333288,0.08048143,65.7375,-17.550001,17.8875,46.950733,0.3361091,49.741684,0.27797127,0.1729679,0.616061,0.7164377,0.29065737,0.15067919,0.55809206,0.76246136,-1.0,0
1763544964802,1009.7756,0.08733802,5.042874,7.750951,-0.31337363,0.07284562,0.09911281,65.83125,-17.90625,16.66875,46.950733,0.3361091,49.741684,0.2736314,0.16977897,0.6190761,0.7162722,0.28606635,0.14786844,0.5611874,0.762476,-1.0,0
1763544964828,1009.7692,0.6658029,4.5152564,7.2358956,0.0036651888,0.018936807,0.31551164,63.600002,-18.018751,18.13125,46.950733,0.3361091,49.741684,0.2734051,0.1687584,0.62127006,0.7146984,0.28573787,0.14691363,0.56361735,0.76098996,-1.0,0
1763544964853,1009.7692,1.1335998,4.4542394,5.9024954,0.22021675,0.022143848,0.31169376,63.787502,-19.237501,18.0375,46.950733,0.3361091,49.741684,0.2747213,0.16909038,0.623326,0.7123211,0.28704885,0.14719477,0.5659922,0.7586761,-1.0,0
1763544964882,1009.7297,1.2269198,4.688736,4.0516467,0.21181737,-0.064140804,0.23396121,63.956253,-17.71875,17.00625,46.950733,0.3361091,49.741684,0.27835622,0.16873856,0.625287,0.70926815,0.29064763,0.14655662,0.5681733,0.75579375,-1.0,0
1763544964907,1009.7099,0.66400826,4.7694936,5.9730835,-0.14019346,0.05818487,0.026725333,63.80625,-19.237501,17.41875,46.950733,0.3361091,49.741684,0.2777538,0.1679737,0.62574524,0.7092817,0.29001763,0.14578097,0.5684728,0.7559606,-1.0,0
1763544964932,1009.7099,-0.022731815,4.6893344,6.963114,0.01802051,0.17211115,0.028252495,63.112503,-19.6875,18.431252,46.950733,0.3361091,49.741684,0.27659586,0.1688654,0.62632585,0.70901,0.28894246,0.14674143,0.5690233,0.75577223,-1.0,0
1763544964957,1009.7109,-0.060418773,5.008776,6.6053867,0.23838998,0.06826414,0.108581215,65.475006,-18.206251,17.79375,46.950733,0.3361091,49.741684,0.27989453,0.17162062,0.6269819,0.7064695,0.28966162,0.1484829,0.5697606,0.7546004,-1.0,0
1763544964982,1009.7109,0.70348984,6.142974,6.628717,0.26358816,-0.16569707,0.055435978,63.73125,-19.612501,16.987501,46.950733,0.3361091,49.741684,0.28307867,0.1720305,0.6264266,0.70559317,0.29565108,0.14939365,0.5693989,0.75236756,-1.0,0
1763544965008,1009.71234,0.63948184,6.3511496,7.1210403,0.15806127,-0.022907428,0.009315688,63.412502,-19.650002,18.09375,46.950733,0.3361091,49.741684,0.2847935,0.17286265,0.62601113,0.70506823,0.2974467,0.15004766,0.56892043,0.75189143,-1.0,0
1763544965033,1009.72504,0.6454639,6.6000032,8.119446,0.08093958,0.0059559317,0.0025961753,62.49375,-20.493752,18.54375,46.950733,0.3361091,49.741684,0.2863164,0.17361851,0.6253232,0.70487624,0.29809356,0.15084359,0.5687056,0.7516385,-1.0,0
1763544965058,1009.72504,1.0169497,6.8249283,9.322437,0.06734784,-0.12935062,-0.026572619,63.318752,-20.90625,16.95,46.950733,0.3361091,49.741684,0.28751242,0.17355865,0.6243432,0.7052727,0.29904896,0.15063265,0.56812537,0.75174004,-1.0,0
1763544965083,1009.75995,0.39960137,7.5212398,8.556734,-0.056352276,0.099723674,-0.0980438,64.33125,-20.8125,18.993752,46.950733,0.3361091,49.741684,0.28688917,0.17416054,0.62380224,0.7058565,0.2996364,0.15117979,0.5666622,0.75250024,-1.0,0
1763544965109,1009.77094,0.30508488,7.45783,8.96471,-0.24678937,0.13301581,-0.029779658,65.30625,-19.81875,16.368752,46.950733,0.3361091,49.741684,0.2844344,0.1742843,0.62416184,0.7065013,0.2972207,0.15145227,0.56686133,0.7532531,-1.0,0
1763544965134,1009.77094,0.6329016,7.548159,10.009775,-0.30711228,-0.06307179,0.057268575,63.73125,-20.23125,17.625,46.950733,0.3361091,49.741684,0.28185275,0.1695272,0.62532496,0.7076639,0.29429856,0.14686328,0.5678044,0.7545977,-1.0,0
1763544965160,1009.80023,1.6558332,7.5463643,10.871191,-0.22357652,-0.21364996,0.09758565,63.768753,-20.23125,16.087502,46.950733,0.3361091,49.741684,0.28169528,0.16764395,0.62548745,0.70803165,0.29397506,0.14503582,0.56803393,0.75490445,-1.0,0
1763544965186,1009.8078,1.9824536,6.867401,9.104691,-0.11423171,0.18997894,-0.098196514,62.475002,-20.1,15.6,46.950733,0.3361091,49.741684,0.27769688,0.16825844,0.6255411,0.70941657,0.2899863,0.14606304,0.5682423,0.7560914,-1.0,0
1763544965212,1009.8078,1.2592229,6.3308105,8.222337,-0.18967351,0.109344795,-0.12873976,63.35625,-19.3875,15.468751,46.950733,0.3361091,49.741684,0.27687564,0.16570486,0.62473756,0.71104485,0.2889678,0.14358212,0.5673161,0.7576505,-1.0,0
1763544965236,1009.8127,1.8669999,5.117051,10.099506,-0.24969098,-0.3376555,-0.043982264,63.24375,-20.025002,15.056251,46.950733,0.3361091,49.741684,0.2770271,0.16161954,0.623859,0.71269566,0.28878406,0.1395302,0.56639737,0.75916344,-1.0,0
1763544965261,1009.8127,1.8987048,4.9663033,9.59163,-0.10873393,-0.08857539,-0.033139415,63.225002,-20.025002,15.825001,46.950733,0.3361091,49.741684,0.27666906,0.15940993,0.62356013,0.7135933,0.28819874,0.13747288,0.56633973,0.7598039,-1.0,0
1763544965286,1009.80194,1.7670995,5.175077,7.8257265,-0.009926553,0.11194097,-0.02611447,63.750004,-19.59375,15.281251,46.950733,0.3361091,49.741684,0.27484116,0.16037306,0.62375516,0.7139133,0.2863557,0.13877177,0.56703174,0.7597485,-1.0,0
1763544965311,1009.7719,1.9669002,5.2348976,6.323034,0.013897174,0.11331542,-0.10262528,62.550003,-19.087502,14.906251,46.950733,0.3361091,49.741684,0.27452874,0.16117603,0.6224749,0.71496946,0.28609973,0.13960907,0.5657078,0.76067793,-1.0,0
1763544965336,1009.7719,1.4285151,5.0733824,5.139185,-0.03054324,-0.08857539,-0.33001968,65.49375,-19.66875,16.181252,46.950733,0.3361091,49.741684,0.2746751,0.16134454,0.62012035,0.7169186,0.28626844,0.13974565,0.5631568,0.76248014,-1.0,0
1763544965361,1009.7397,1.3716856,4.9310093,5.485546,-0.082466744,-0.037262753,-0.36819875,61.85625,-20.175001,16.743752,46.950733,0.3361091,49.741684,0.27274033,0.16272303,0.61517006,0.7215953,0.2844731,0.14121309,0.5577112,0.7668717,-1.0,0
1763544965386,1009.7216,1.0091729,4.94417,5.4676,-0.07208204,0.15775582,-0.39736754,63.73125,-19.087502,14.64375,46.950733,0.3361091,49.741684,0.27062395,0.16504598,0.6131977,0.7235407,0.28255123,0.14367427,0.55554575,0.76869464,-1.0,0
1763544965411,1009.7216,0.1160519,5.2869415,5.142774,0.00763581,0.12889247,-0.28237224,63.675003,-19.125,17.118752,46.950733,0.3361091,49.741684,0.26928413,0.16711633,0.61144143,0.72505003,0.28139678,0.14580008,0.5535641,0.77014613,-1.0,0
1763544965437,1009.71063,-0.19860429,5.582455,5.5968122,0.07788526,-0.06017018,-0.18585561,64.21875,-20.175001,15.731251,46.950733,0.3361091,49.741684,0.26955312,0.16815706,0.60969704,0.7261776,0.28177947,0.14675155,0.5515588,0.77126336,-1.0,0
1763544965462,1009.71063,0.018544376,5.8211393,5.858228,0.1348484,-0.16844596,-0.043982264,64.5,-20.8875,16.35,46.950733,0.3361091,49.741684,0.27336755,0.16793469,0.60787594,0.72632974,0.28563845,0.14609095,0.5493449,0.7715493,-1.0,0
1763544965487,1009.71844,1.018146,6.3104715,8.246863,0.1574504,-0.075289086,0.0858265,63.05625,-20.90625,15.58125,46.950733,0.3361091,49.741684,0.27520373,0.16783999,0.6078598,0.7256715,0.2874877,0.14580178,0.54924196,0.7709902,-1.0,0
1763544965513,1009.7282,0.83748794,6.698707,8.257631,0.28267768,0.019394957,0.089797124,63.91875,-20.94375,15.637501,46.950733,0.3361091,49.741684,0.27709013,0.16924366,0.608103,0.7244228,0.2894768,0.14705625,0.5495891,0.76975936,-1.0,0
1763544965540,1009.7282,1.055833,7.0731835,8.345567,0.29642212,-0.07849612,0.07895427,64.350006,-21.0375,15.450001,46.950733,0.3361091,49.741684,0.28223205,0.17105302,0.6075679,0.7224591,0.29211488,0.14809895,0.5496299,0.7685327,-1.0,0
1763544965564,1009.74384,1.2640085,7.260422,8.983254,0.09376775,0.06918044,-0.028405212,62.625004,-21.46875,16.743752,46.950733,0.3361091,49.741684,0.28319365,0.1719111,0.60723835,0.72215617,0.29578096,0.14921695,0.54884917,0.76747155,-1.0,0
1763544965589,1009.7695,0.52342993,7.606185,9.072387,-0.06582068,0.332005,-0.0386372,63.54375,-22.743752,16.556252,46.950733,0.3361091,49.741684,0.28136915,0.17376839,0.6077443,0.7219992,0.2941044,0.15121724,0.5493812,0.76734364,-1.0,0
1763544965614,1009.7695,-0.23449662,7.9304123,9.223733,-0.22143848,0.2716821,0.027947064,64.93125,-21.09375,15.243751,46.950733,0.3361091,49.741684,0.276461,0.17300911,0.60965127,0.72246975,0.29099625,0.15279567,0.5505782,0.767358,-1.0,0
1763544965639,1009.79974,0.48035914,7.829914,11.089537,-0.309403,-0.1782198,0.06352994,62.025,-21.75,14.493751,46.950733,0.3361091,49.741684,0.27643406,0.1696989,0.6092707,0.7235853,0.28919175,0.15076795,0.55104256,0.7681076,-1.0,0
1763544965665,1009.83075,0.35234314,6.502496,11.236695,-0.111635536,0.08567379,-0.054825112,63.000004,-21.91875,15.01875,46.950733,0.3361091,49.741684,0.27512926,0.16904177,0.6091954,0.72429943,0.28750414,0.1470123,0.55069846,0.76971424,-1.0,0
1763544965689,1009.83075,-0.025722843,6.1956162,10.217353,-0.17501275,0.17592905,0.0108428495,62.2125,-22.0125,16.96875,46.950733,0.3361091,49.741684,0.27015436,0.16889475,0.61082554,0.7248333,0.2824611,0.14739247,0.5526575,0.77010447,-1.0,0
1763544965714,1009.8371,0.1052842,5.99761,9.927223,-0.18890993,0.09926552,0.023365578,63.9,-20.962502,17.04375,46.950733,0.3361091,49.741684,0.26810402,0.1685825,0.61159533,0.7250182,0.28036582,0.14729168,0.55355114,0.7702476,-1.0,0
1763544965740,1009.8371,-0.52163535,5.494519,8.133204,-0.14401138,0.19440772,0.12476913,63.375004,-22.237501,14.85,46.950733,0.3361091,49.741684,0.26587328,0.16877235,0.6129707,0.7246339,0.27813965,0.14768566,0.5550402,0.76990753,-1.0,0
1763544965765,1009.82294,-0.24047868,5.065007,7.945368,-0.06383537,0.23441936,0.24404047,64.4625,-21.150002,15.918751,46.950733,0.3361091,49.741684,0.26392537,0.1694137,0.61519164,0.723313,0.2762445,0.14848086,0.55737066,0.76875246,-1.0,0
1763544965790,1009.79877,0.047856454,4.701298,7.1712894,0.14828743,0.24312419,0.32772896,63.99375,-22.050001,14.925,46.950733,0.3361091,49.741684,0.26479226,0.17308642,0.6202367,0.71779704,0.27736694,0.15212312,0.5629586,0.7635468,-1.0,0
1763544965816,1009.79877,0.60000026,4.511069,4.106682,0.34727663,-0.08032872,0.35537058,64.162506,-22.66875,14.94375,46.950733,0.3361091,49.741684,0.26812294,0.17417417,0.62198496,0.7147784,0.28077272,0.15294841,0.56492925,0.76067626,-1.0,0
1763544965842,1009.75287,1.4117653,4.534399,4.19402,0.1875355,-0.112399116,0.2791652,63.43125,-23.25,16.59375,46.950733,0.3361091,49.741684,0.27117485,0.17402747,0.6233291,0.7124882,0.28382874,0.1525209,0.5663245,0.75858766,-1.0,0
1763544965867,1009.7226,1.2777673,4.496114,4.9429736,0.06368265,0.027641632,0.10140356,62.5875,-23.212502,15.76875,46.950733,0.3361091,49.741684,0.27237117,0.17504509,0.62456065,0.7107019,0.2851299,0.15338768,0.56754386,0.75701195,-1.0,0
1763544965892,1009.7226,0.26799613,4.4081774,5.7613187,0.06520981,0.123547405,0.039858926,62.718754,-23.306252,15.6,46.950733,0.3361091,49.741684,0.27308318,0.17653158,0.62507045,0.7096119,0.28595445,0.15481561,0.56813985,0.7559625,-1.0,0
1763544965917,1009.7231,0.03708875,5.222934,5.7583275,0.29657486,-0.12935062,0.12217296,63.000004,-24.0375,16.3875,46.950733,0.3361091,49.741684,0.2756624,0.17746726,0.625124,0.708333,0.28859356,0.1555575,0.5683163,0.7546736,-1.0,0
1763544965942,1009.7231,0.17108682,5.890531,6.151947,0.23609924,-0.22999059,0.14844014,62.156254,-24.618752,15.731251,46.950733,0.3361091,49.741684,0.27897516,0.17735986,0.6249879,0.70718205,0.2919023,0.15516666,0.56820035,0.753568,-1.0,0
1763544965967,1009.7177,0.6963114,6.369096,7.524231,0.1725693,-0.20097451,0.15500695,63.9,-24.806252,14.175,46.950733,0.3361091,49.741684,0.28439477,0.17660294,0.6251911,0.70502985,0.29728892,0.15390994,0.56836444,0.7515936,-1.0,0
1763544965992,1009.73627,1.1557333,6.6711893,8.449057,0.21197008,-0.16523892,0.1357647,61.518753,-24.056252,16.3875,46.950733,0.3361091,49.741684,0.28736198,0.1762127,0.6248128,0.7042593,0.30020943,0.15330401,0.568083,0.75076884,-1.0,0
1763544966018,1009.73627,1.7551354,7.3268228,8.388638,0.0537561,-0.16936226,-0.047494736,62.268753,-24.73125,16.181252,46.950733,0.3361091,49.741684,0.28817967,0.17517956,0.6233422,0.70548505,0.30219027,0.15232866,0.56723297,0.7508154,-1.0,0
1763544966043,1009.7568,1.0438689,7.702496,8.112267,-0.19730933,0.10109812,-0.15515965,63.2625,-24.13125,16.66875,46.950733,0.3361091,49.741684,0.2845773,0.17411926,0.6231409,0.7073851,0.30093232,0.15223381,0.56658006,0.7518322,-1.0,0
1763544966068,1009.7819,-0.09032906,7.830512,10.6014,-0.6554579,-0.16279547,-0.03527744,61.987503,-24.750002,15.450001,46.950733,0.3361091,49.741684,0.2807436,0.17019226,0.6232643,0.70975995,0.29319495,0.14771286,0.5658419,0.7563336,-1.0,0
1763544966094,1009.7819,0.66041905,7.4291162,12.9685,-0.49449503,-0.3941605,0.116980605,61.987503,-23.38125,14.606251,46.950733,0.3361091,49.741684,0.27895913,0.16446196,0.6236582,0.71146643,0.2909866,0.14210112,0.5660007,0.7581406,-1.0,0
1763544966119,1009.8283,1.6528423,6.928418,13.456038,-0.13713914,-0.42806348,0.27244568,61.575,-23.0625,16.48125,46.950733,0.3361091,49.741684,0.2831686,0.1567164,0.62542546,0.7099989,0.29145816,0.13717173,0.56708133,0.7580599,-1.0,0
1763544966144,1009.8422,3.034099,6.3864436,9.408579,0.37781987,-0.13790272,0.13301581,61.36875,-24.187502,15.168751,46.950733,0.3361091,49.741684,0.28694344,0.15663236,0.62569135,0.70826554,0.29814386,0.13409132,0.5693444,0.7543054,-1.0,0
1763544966169,1009.8422,2.708077,6.1992054,7.2711897,0.11438443,0.06658426,-0.016646065,60.73125,-24.393751,15.4125,46.950733,0.3361091,49.741684,0.2881593,0.15759014,0.62582415,0.7074416,0.2993785,0.13506652,0.5698266,0.7532776,-1.0,0
1763544966194,1009.82587,2.099702,5.4837513,7.5056863,-0.18157956,0.15638138,-0.17577635,59.906254,-24.225,14.868751,46.950733,0.3361091,49.741684,0.2834369,0.15856846,0.6248896,0.70995253,0.2977732,0.13550904,0.56944984,0.75411886,-1.0,0
1763544966219,1009.82587,1.2963116,4.9088755,7.7886376,-0.20693044,0.24068072,-0.23884813,59.23125,-24.431252,17.268751,46.950733,0.3361091,49.741684,0.28122628,0.15994895,0.62422055,0.7111096,0.2947214,0.13645415,0.56883234,0.7556119,-1.0,0
1763544966245,1009.8056,0.634098,4.659424,5.77747,0.21655156,0.031001387,-0.08811724,62.025,-22.3875,15.000001,46.950733,0.3361091,49.741684,0.28157476,0.16172259,0.62345624,0.711241,0.29304674,0.13986471,0.56762344,0.75654817,-1.0,0
1763544966270,1009.76166,1.1874382,5.0452666,4.2245283,0.21303909,-0.2008218,-0.06307179,62.287502,-23.23125,15.7875,46.950733,0.3361091,49.741684,0.28585207,0.16150942,0.62047493,0.7121897,0.29732072,0.13927339,0.56444156,0.7573698,-1.0,0
1763544966295,1009.76166,1.9232312,5.1966124,4.5014977,-0.0013744457,-0.21349724,-0.17760894,62.456253,-23.831251,15.337501,46.950733,0.3361091,49.741684,0.28490257,0.16159728,0.6185493,0.7142224,0.2964066,0.13937822,0.5622256,0.7593545,-1.0,0
1763544966320,1009.72845,1.0600204,4.981857,6.0077796,-0.17592905,0.24740024,-0.39507678,60.825,-23.8875,16.44375,46.950733,0.3361091,49.741684,0.28194374,0.16302586,0.6167294,0.7166416,0.2935789,0.14100057,0.56015384,0.76168096,-1.0,0
1763544966346,1009.71136,0.7190432,5.127819,6.4205413,0.050396346,0.16294818,-0.33872452,60.6375,-24.0375,17.400002,46.950733,0.3361091,49.741684,0.2814671,0.16739425,0.61234355,0.71957684,0.293435,0.14539753,0.55556935,0.76426315,-1.0,0
1763544966371,1009.71136,0.7076773,5.5280185,5.359923,0.27473643,-0.08170316,-0.28145593,61.312504,-23.8125,14.231251,46.950733,0.3361091,49.741684,0.28403106,0.16849524,0.60956085,0.72067416,0.2960933,0.14626361,0.5526185,0.7652114,-1.0,0
1763544966396,1009.69257,0.52163535,5.884549,5.2372904,0.038026333,-0.042455103,-0.25121814,62.60625,-23.19375,14.981251,46.950733,0.3361091,49.741684,0.28504843,0.1693177,0.60723275,0.7220438,0.29720783,0.14693055,0.54999834,0.76653814,-1.0,0
1763544966421,1009.69257,0.08015956,5.9030933,6.73101,-0.08659008,0.12599087,-0.10644319,61.256252,-23.1,17.587502,46.950733,0.3361091,49.741684,0.28395355,0.17018726,0.60642445,0.7229495,0.29622248,0.14780244,0.5489178,0.7675259,-1.0,0
1763544966446,1009.7011,0.5629115,6.276374,8.06441,0.07192933,0.028557928,0.085215636,60.862503,-23.868752,14.7375,46.950733,0.3361091,49.741684,0.28636816,0.17117535,0.6069007,0.72136253,0.29872778,0.14855783,0.5494027,0.7660607,-1.0,0
1763544966471,1009.716,1.5768701,6.9338017,7.7736826,0.29000807,-0.19410229,0.115453444,61.631252,-24.187502,17.306252,46.950733,0.3361091,49.741684,0.28986079,0.17031714,0.6058226,0.7210768,0.30213976,0.14744082,0.5483709,0.7656776,-1.0,0
1763544966496,1009.716,2.044667,7.645068,8.488539,-0.29718572,-0.14950916,-0.18829907,60.300003,-24.093752,19.29375,46.950733,0.3361091,49.741684,0.2900203,0.16807675,0.6043977,0.7227322,0.30215445,0.14513518,0.54667115,0.767326,-1.0,0
1763544966521,1009.758,0.8877372,7.200003,11.660823,-0.43554658,0.3245219,-0.23441936,61.350002,-24.206251,16.575,46.950733,0.3361091,49.741684,0.28015178,0.17020094,0.6051952,0.7254553,0.2924577,0.1480604,0.5473711,0.7700204,-1.0,0
1763544966546,1009.8066,-0.33140594,7.5403824,12.221342,-0.1707367,0.57940525,-0.05665771,62.4,-22.725,15.281251,46.950733,0.3361091,49.741684,0.27851075,0.17257674,0.60648423,0.7244487,0.29096135,0.15064014,0.5489568,0.7689574,-1.0,0
1763544966571,1009.8066,1.0468599,8.132008,9.623335,0.12110394,-0.23228133,0.018325943,62.025,-22.893751,17.34375,46.950733,0.3361091,49.741684,0.28045738,0.17230217,0.60607743,0.7241034,0.29287097,0.15023643,0.54862976,0.76854473,-1.0,0
1763544966596,1009.8295,1.2239288,7.2819576,9.759128,-0.1640172,0.0058032153,-0.16722423,62.456253,-23.1,15.918751,46.950733,0.3361091,49.741684,0.280396,0.1713641,0.60500216,0.7252481,0.29274717,0.14928722,0.5474207,0.76963824,-1.0,0
1763544966622,1009.8295,-0.17467605,6.349953,9.835697,-0.39950556,0.6035344,-0.27137667,62.79375,-23.550001,16.06875,46.950733,0.3361091,49.741684,0.26733297,0.17635906,0.60612977,0.7280366,0.28719142,0.15169401,0.5473811,0.7712872,-1.0,0
1763544966647,1009.8432,-1.2227324,5.503492,9.431311,-0.041080657,0.13591741,0.026267186,62.5875,-22.96875,17.90625,46.950733,0.3361091,49.741684,0.2643476,0.17775096,0.6069075,0.7281403,0.27717352,0.15700293,0.5494135,0.77244395,-1.0,0
1763544966673,1009.83636,-0.50069815,5.393422,7.8897343,0.1301142,-0.19837834,0.13225223,62.568752,-22.462502,16.95,46.950733,0.3361091,49.741684,0.26564777,0.17720123,0.6071133,0.72762936,0.27839857,0.15640733,0.549802,0.7718476,-1.0,0
1763544966698,1009.83636,-0.25782663,5.206782,6.5551376,0.07101303,-0.17730351,0.17195843,61.875004,-21.54375,16.81875,46.950733,0.3361091,49.741684,0.26752368,0.1750231,0.6089731,0.72591305,0.280166,0.15518741,0.55032164,0.77108365,-1.0,0
1763544966723,1009.8122,-0.111864455,4.9405804,5.918647,-0.119271345,0.011911863,0.23014331,63.91875,-23.8125,16.575,46.950733,0.3361091,49.741684,0.26551932,0.17422503,0.6115788,0.7246492,0.2800988,0.15409954,0.55180717,0.77026415,-1.0,0
1763544966749,1009.7939,0.45403808,4.3878384,5.985048,-0.1744019,0.11056653,0.2942841,63.16875,-22.40625,16.893751,46.950733,0.3361091,49.741684,0.26371735,0.17337647,0.61433053,0.7231817,0.27619934,0.15270947,0.5572498,0.7680276,-1.0,0
1763544966775,1009.7939,0.38464624,4.197011,5.515456,-0.037110034,-0.053145237,0.28344125,63.225002,-22.143751,16.875,46.950733,0.3361091,49.741684,0.26532176,0.17013583,0.6179894,0.72024107,0.27614206,0.15158515,0.5594223,0.76669043,-1.0,0
1763544966801,1009.76556,0.69212395,4.2921257,5.176872,-0.016493348,-0.22388195,0.30695954,62.456253,-23.1,16.237501,46.950733,0.3361091,49.741684,0.2666121,0.16744691,0.6195264,0.7190734,0.2775425,0.14937197,0.5611678,0.76534235,-1.0,0
1763544966826,1009.74554,1.0683953,4.7856455,6.565307,-0.13836087,0.052687086,0.17516547,61.875004,-22.29375,17.025002,46.950733,0.3361091,49.741684,0.26610872,0.16608898,0.62113667,0.7181851,0.2780253,0.145263,0.5644249,0.76356083,-1.0,0
1763544966852,1009.74554,0.35832518,5.096712,7.333403,-0.05986475,0.07223476,0.13347395,63.24375,-22.875,14.906251,46.950733,0.3361091,49.741684,0.26621476,0.16568919,0.623351,0.7163172,0.27807942,0.1448967,0.56688625,0.7617852,-1.0,0
1763544966878,1009.7463,0.2428715,5.7601223,7.850253,0.15271619,-0.07131846,0.17287473,61.612503,-22.81875,16.9125,46.950733,0.3361091,49.741684,0.26928386,0.16631418,0.62378067,0.71464914,0.2811843,0.14529145,0.56745744,0.76014334,-1.0,0
1763544966903,1009.7463,0.2117648,6.7782683,6.373283,0.30146176,-0.07086031,0.19822562,61.3875,-23.212502,17.118752,46.950733,0.3361091,49.741684,0.27237722,0.1674368,0.62428385,0.71277297,0.28437003,0.14614414,0.5680202,0.7583723,-1.0,0
1763544966928,1009.7431,0.7040881,7.1629148,7.147959,0.13377939,-0.14034618,0.19792019,61.29375,-23.831251,15.7875,46.950733,0.3361091,49.741684,0.27733564,0.16578868,0.6250406,0.7105796,0.28927773,0.14394212,0.5684716,0.75659704,-1.0,0
1763544966953,1009.7609,1.564906,7.314859,9.068199,0.04978548,-0.34361145,0.1395826,61.65,-23.41875,16.03125,46.950733,0.3361091,49.741684,0.28026032,0.16360182,0.6241023,0.7107636,0.2920335,0.14151971,0.56747824,0.75674105,-1.0,0
1763544966979,1009.7609,2.3904297,7.271788,10.019945,0.07819069,-0.3423897,-0.009926553,61.143753,-22.35,15.243751,46.950733,0.3361091,49.741684,0.2813914,0.16336401,0.6227942,0.7115184,0.29311913,0.14124481,0.56624335,0.7572975,-1.0,0
1763544967004,1009.789,0.9164511,7.559525,8.814561,-0.12415826,-0.020311253,-0.1800524,60.7125,-23.775002,15.993751,46.950733,0.3361091,49.741684,0.27979445,0.1610967,0.62050337,0.7146597,0.29135707,0.13909759,0.5636932,0.76027155,-1.0,0
1763544967029,1009.80975,1.2819548,7.3776703,9.615558,-0.29856017,-0.23823726,-0.14065161,60.9,-22.143751,16.03125,46.950733,0.3361091,49.741684,0.27886596,0.15721506,0.61923355,0.7169847,0.2901378,0.13528804,0.5622199,0.7625129,-1.0,0
1763544967055,1009.80975,1.8520447,6.7244296,11.947364,-0.35521787,-0.15485422,-0.16096286,61.256252,-21.84375,15.20625,46.950733,0.3361091,49.741684,0.27716774,0.15391335,0.61817974,0.7192653,0.28817022,0.13217108,0.56111115,0.7646195,-1.0,0
1763544967079,1009.8437,1.5954145,6.154938,11.9611225,-0.15989386,0.02687805,-0.12583815,60.018753,-22.10625,16.275002,46.950733,0.3361091,49.741684,0.27525198,0.15272681,0.61764646,0.7207106,0.28612447,0.13123234,0.5607285,0.76582927,-1.0,0
1763544967104,1009.8486,1.5092729,5.6937213,10.625329,0.017409647,0.014508039,-0.07269291,60.225002,-23.19375,16.3125,46.950733,0.3361091,49.741684,0.27508047,0.15283784,0.6169019,0.72138995,0.28584248,0.13161595,0.5606303,0.76594055,-1.0,0
1763544967129,1009.8486,2.1248264,4.755735,8.597412,0.24159703,-0.15363249,-0.04291325,60.187504,-22.706251,15.825001,46.950733,0.3361091,49.741684,0.27716798,0.15294652,0.6160986,0.7212543,0.28787908,0.13168278,0.56014866,0.7655186,-1.0,0
1763544967154,1009.8366,1.7862421,4.6468616,6.8799634,0.1924224,-0.124616414,-0.07773254,60.675003,-22.5375,15.918751,46.950733,0.3361091,49.741684,0.27933255,0.15314588,0.6150345,0.7212851,0.28999752,0.13184002,0.5594049,0.7652358,-1.0,0
1763544967179,1009.8366,1.655235,4.753342,6.0041904,-0.014355322,-0.028252495,-0.09926552,61.518753,-23.325,16.96875,46.950733,0.3361091,49.741684,0.2788806,0.15237345,0.6134097,0.7230052,0.29038003,0.1317773,0.5588435,0.7655117,-1.0,0
1763544967204,1009.81024,1.6002002,4.7623153,6.008976,-0.15515965,-0.041844238,-0.17516547,62.287502,-23.23125,16.10625,46.950733,0.3361091,49.741684,0.27831239,0.15111296,0.61164194,0.7249836,0.28878304,0.12998945,0.55601275,0.768477,-1.0,0
1763544967229,1009.7746,1.102493,4.7138605,6.000003,-0.064140804,-0.29840744,-0.3110829,60.225002,-21.1875,14.343751,46.950733,0.3361091,49.741684,0.27902102,0.14943899,0.60891724,0.72734797,0.2893593,0.12828067,0.55315495,0.7706068,-1.0,0
1763544967255,1009.7746,0.7543373,4.712664,5.6069818,-0.035582874,-0.22800528,-0.31398448,62.475002,-20.85,16.10625,46.950733,0.3361091,49.741684,0.27923116,0.1483264,0.6041038,0.731497,0.2902401,0.12697071,0.5500737,0.7726953,-1.0,0
1763544967280,1009.7458,0.30987054,4.8233323,5.6213384,-0.09850194,0.05421425,-0.24434592,60.43125,-22.29375,15.168751,46.950733,0.3361091,49.741684,0.27735427,0.1498604,0.6035622,0.732345,0.28948858,0.12714997,0.54803145,0.7743971,-1.0,0
1763544967305,1009.7243,0.5395815,5.3940206,5.776872,0.1310305,-0.0051923506,-0.060017463,60.937504,-20.400002,17.325,46.950733,0.3361091,49.741684,0.27750316,0.15123485,0.6030259,0.73244774,0.28801525,0.1301046,0.5466859,0.77540606,-1.0,0
1763544967331,1009.7243,0.9493524,5.638088,5.3760743,0.21273366,-0.22601996,-0.07819069,60.937504,-20.400002,16.706251,46.950733,0.3361091,49.741684,0.2825401,0.15151209,0.6000087,0.73294246,0.29062313,0.13008331,0.5451765,0.7754992,-1.0,0
1763544967356,1009.7143,0.6454639,5.823532,5.556732,0.15118903,-0.1565341,-0.10461059,61.237503,-21.112501,16.087502,46.950733,0.3361091,49.741684,0.2833467,0.15226403,0.5993291,0.73303133,0.29310575,0.1298994,0.54336023,0.7758704,-1.0,0
1763544967381,1009.7143,0.8219346,6.339185,7.7383885,0.13988803,0.009162972,0.062308207,60.600002,-20.6625,15.675,46.950733,0.3361091,49.741684,0.2840269,0.15331097,0.59949934,0.73241043,0.29478788,0.13143677,0.5425107,0.7755686,-1.0,0
1763544967407,1009.71747,1.3094722,6.7052875,8.110473,0.30222535,-0.2234238,0.06307179,61.800003,-21.4125,14.512501,46.950733,0.3361091,49.741684,0.28699496,0.15367669,0.59908015,0.73151916,0.29779288,0.13153727,0.54205567,0.77472126,-1.0,0
1763544967432,1009.7226,1.3345969,7.2693954,7.8263245,0.26603162,-0.3743074,0.024587307,60.2625,-22.95,17.0625,46.950733,0.3361091,49.741684,0.29401708,0.15142323,0.5967457,0.7311084,0.3046413,0.12871948,0.5396576,0.7742058,-1.0,0
1763544967458,1009.7226,1.9782661,7.3310103,10.15155,-0.04535671,-0.016646065,-0.07177661,59.193752,-22.556252,15.918751,46.950733,0.3361091,49.741684,0.29429913,0.15088047,0.596141,0.73160034,0.30488974,0.12813726,0.5389674,0.77468526,-1.0,0
1763544967484,1009.7553,1.4715859,7.629515,10.358529,-0.037110034,0.21563527,-0.12293654,59.062504,-21.825,15.58125,46.950733,0.3361091,49.741684,0.2928951,0.152013,0.5958959,0.73212886,0.30355757,0.12941518,0.5387907,0.77511877,-1.0,0
1763544967510,1009.77704,0.6729814,8.051848,9.619745,-0.050243627,0.4176788,-0.12476913,60.112503,-23.081251,15.8625,46.950733,0.3361091,49.741684,0.2901879,0.15469036,0.59616613,0.732426,0.30103824,0.13234086,0.5391695,0.7753439,-1.0,0
1763544967536,1009.77704,0.3894319,7.763513,10.216156,-0.3901899,0.05986475,-0.08994984,60.61875,-21.1875,18.018751,46.950733,0.3361091,49.741684,0.28321007,0.15686089,0.5968084,0.7341706,0.2942946,0.13492212,0.53938794,0.7773335,-1.0,0
1763544967561,1009.78754,0.9314062,6.661618,11.907284,-0.34697118,-0.056046844,-0.1660025,60.91875,-22.125,14.94375,46.950733,0.3361091,49.741684,0.28064778,0.154925,0.5960912,0.73614556,0.2916189,0.13312909,0.53837043,0.7793538,-1.0,0
1763544967586,1009.82416,-0.56410795,5.5423756,12.009577,-0.17745622,0.17715079,-0.11499529,61.0125,-22.987501,16.06875,46.950733,0.3361091,49.741684,0.2756921,0.15638754,0.5973964,0.7366507,0.28668806,0.1351783,0.54021525,0.7795539,-1.0,0
1763544967612,1009.82416,0.631107,5.633901,9.450453,0.31719154,-0.021838415,0.35475972,59.625004,-21.2625,14.418751,46.950733,0.3361091,49.741684,0.27691114,0.15754743,0.59971523,0.7340577,0.2879406,0.13634947,0.54300976,0.7769424,-1.0,0
1763544967637,1009.81757,1.1754742,5.577071,7.4512496,0.4083631,-0.22113305,0.2686278,60.206253,-21.206251,15.431251,46.950733,0.3361091,49.741684,0.2810519,0.15763411,0.6007185,0.731641,0.29203892,0.13620552,0.54440355,0.7744586,-1.0,0
1763544967662,1009.81757,0.6879365,5.365905,5.5316076,0.17562363,-0.058032155,0.19486587,59.381252,-22.40625,15.58125,46.950733,0.3361091,49.741684,0.28214934,0.15824336,0.6036169,0.7286957,0.29317755,0.13673383,0.547521,0.7717328,-1.0,0
1763544967687,1009.7851,0.6687939,4.9974103,5.447859,-0.19165882,0.34865108,0.20540328,60.412502,-22.3125,16.556252,46.950733,0.3361091,49.741684,0.2772891,0.15996327,0.60688794,0.7274679,0.2884801,0.13876858,0.55075896,0.77083534,-1.0,0
1763544967712,1009.7607,0.2961118,4.304688,6.361917,-0.037568185,0.38545567,0.2008218,59.68125,-22.3875,15.562501,46.950733,0.3361091,49.741684,0.2740969,0.1620472,0.60964,0.72591364,0.28545168,0.14108773,0.5536256,0.769487,-1.0,0
1763544967737,1009.7607,0.33320054,4.173681,5.2372904,0.19532402,0.016951498,0.25060728,60.73125,-21.525002,15.243751,46.950733,0.3361091,49.741684,0.27720252,0.1629716,0.6125305,0.72208405,0.28625703,0.14207259,0.5555164,0.7676417,-1.0,0
1763544967762,1009.7309,1.1270195,4.241876,4.4404807,0.17791437,-0.08918626,0.24785839,58.36875,-22.275002,16.462502,46.950733,0.3361091,49.741684,0.2776669,0.16297269,0.6136764,0.72093153,0.2890753,0.14175504,0.55805373,0.7647987,-1.0,0
1763544967787,1009.7048,0.94337034,4.648058,5.8624153,-0.20158538,0.26480988,0.022296565,60.768753,-20.53125,16.10625,46.950733,0.3361091,49.741684,0.27545667,0.16337009,0.6148168,0.7207178,0.28691554,0.14228716,0.5591285,0.7647281,-1.0,0
1763544967812,1009.7048,0.48035914,4.6654058,7.119844,-0.108581215,0.2696968,-0.020769402,61.518753,-21.9375,15.806251,46.950733,0.3361091,49.741684,0.27268702,0.16452782,0.6157343,0.7207244,0.28424513,0.14363948,0.5600172,0.76482224,-1.0,0
1763544967837,1009.7065,-0.23688944,5.0506506,6.823732,0.16829325,0.05742129,0.013133593,61.631252,-21.31875,16.837502,46.950733,0.3361091,49.741684,0.2750183,0.1666978,0.6156417,0.71941787,0.28422576,0.14509459,0.5602814,0.7643612,-1.0,0
1763544967862,1009.7028,-0.14117654,6.3547387,6.088537,0.14599667,-0.20784675,0.13362667,59.04375,-23.962502,17.56875,46.950733,0.3361091,49.741684,0.27770662,0.16639422,0.6155333,0.71854764,0.28940007,0.14510548,0.5599295,0.76267356,-1.0,0
1763544967887,1009.7028,0.46899325,6.5868425,7.2879395,0.00320704,-0.20479241,0.14828743,60.43125,-21.31875,17.8875,46.950733,0.3361091,49.741684,0.27950314,0.16514876,0.6158073,0.7179034,0.29114842,0.14362697,0.55998427,0.7622477,-1.0,0
1763544967912,1009.72845,0.9026923,6.664011,8.700901,-0.030390523,-0.22983788,0.11560616,59.60625,-22.650002,16.35,46.950733,0.3361091,49.741684,0.28214264,0.16129655,0.6158075,0.71774656,0.29239717,0.1417297,0.5600259,0.76209426,-1.0,0
1763544967937,1009.72845,1.6073786,6.943971,9.784252,-0.04886918,-0.24663666,0.04382955,60.525,-23.175001,17.0625,46.950733,0.3361091,49.741684,0.28232026,0.16011427,0.61534894,0.71833444,0.29352757,0.13950846,0.55979264,0.7622409,-1.0,0
1763544967962,1009.757,0.6023931,7.6133633,10.051051,-0.12507457,0.16279547,-0.047647454,60.2625,-22.21875,17.962502,46.950733,0.3361091,49.741684,0.28052288,0.16049755,0.61555135,0.7187795,0.29181927,0.13890314,0.5596395,0.7631193,-1.0,0
1763544967988,1009.7807,0.5401797,7.513463,10.171889,-0.098960094,-0.007788526,0.007941242,59.4,-22.800001,18.69375,46.950733,0.3361091,49.741684,0.28037977,0.15795626,0.61554253,0.7194056,0.29149726,0.13635372,0.559515,0.7637932,-1.0,0
1763544968014,1009.7807,1.5224334,7.3268228,10.710873,-0.07834341,-0.37064222,0.08155045,60.075,-21.73125,17.025002,46.950733,0.3361091,49.741684,0.28205323,0.15442075,0.61523336,0.71978337,0.2928869,0.13272929,0.55924934,0.7640945,-1.0,0
1763544968040,1009.81854,3.4600215,6.5700927,12.037692,-0.07437278,0.022449281,0.022754714,59.775,-21.768751,17.0625,46.950733,0.3361091,49.741684,0.28177398,0.15289912,0.61561185,0.71989393,0.29244685,0.13133757,0.5598916,0.7640332,-1.0,0
1763544968066,1009.83856,2.9880373,6.390631,11.197213,0.09346231,0.23777911,-0.07467822,60.131252,-21.46875,17.306252,46.950733,0.3361091,49.741684,0.28090417,0.15637818,0.6155714,0.71952105,0.2916907,0.13519545,0.5607253,0.76303726,-1.0,0
1763544968091,1009.83856,2.2085752,6.16092,9.399606,0.24541493,0.10002911,-0.117438756,60.468754,-22.6875,17.19375,46.950733,0.3361091,49.741684,0.28281525,0.1577686,0.6142771,0.719575,0.29365453,0.13653724,0.5596809,0.76281184,-1.0,0
1763544968116,1009.82855,1.7030915,5.406583,6.433702,0.09636392,-0.10674862,-0.17516547,59.925003,-21.6375,18.2625,46.950733,0.3361091,49.741684,0.28433484,0.1582069,0.6126632,0.7202555,0.2951883,0.13689272,0.55809927,0.7633148,-1.0,0
1763544968141,1009.82855,1.3393825,4.9268217,6.3750777,-0.12996148,-0.045051277,-0.19883649,58.875004,-21.112501,18.1875,46.950733,0.3361091,49.741684,0.28404802,0.15774901,0.6112237,0.7216908,0.29486674,0.13646111,0.55656844,0.76463294,-1.0,0
1763544968166,1009.7941,1.2191432,4.764708,6.698707,-0.23441936,0.0151189035,-0.18707734,59.23125,-20.71875,18.75,46.950733,0.3361091,49.741684,0.28058398,0.1560817,0.60917515,0.7251322,0.2912715,0.13509175,0.55437565,0.7678403,-1.0,0
1763544968192,1009.7714,1.2987045,4.8969116,6.3427744,-0.116675176,-0.1632536,-0.28160867,59.381252,-21.45,18.9375,46.950733,0.3361091,49.741684,0.28008607,0.15494366,0.6071939,0.7272275,0.29067853,0.13402139,0.5523205,0.76973134,-1.0,0
1763544968217,1009.7714,0.70229346,4.881358,5.953343,-0.06459895,-0.07925971,-0.3413207,57.787502,-21.243752,19.706251,46.950733,0.3361091,49.741684,0.27989036,0.1544865,0.60460544,0.729553,0.29044327,0.13359417,0.549607,0.77183384,-1.0,0
1763544968242,1009.7443,0.024526432,4.92742,5.45085,-0.068722285,0.14782928,-0.28802276,59.23125,-19.331251,18.35625,46.950733,0.3361091,49.741684,0.27846563,0.15564428,0.60275847,0.73137814,0.2891091,0.13484865,0.5476196,0.7735273,-1.0,0
1763544968268,1009.716,-0.15672988,5.043472,5.0458646,-0.05894845,0.24434592,-0.18646647,61.875004,-19.95,19.2,46.950733,0.3361091,49.741684,0.27523032,0.15896286,0.60133576,0.7330583,0.28617674,0.13828878,0.5457896,0.77530175,-1.0,0
1763544968294,1009.716,0.4031906,5.505885,6.1154566,0.10720677,-0.1913534,-0.039095346,60.9,-20.41875,19.181252,46.950733,0.3361091,49.741684,0.2765901,0.15873538,0.6003522,0.7334018,0.28755096,0.13788928,0.5445877,0.7757095,-1.0,0
1763544968319,1009.70844,0.54257256,5.684748,5.8624153,0.23212862,-0.19211698,-0.021532983,59.68125,-21.4125,18.900002,46.950733,0.3361091,49.741684,0.2817752,0.15961035,0.5984693,0.73277676,0.290297,0.1376279,0.54330814,0.77563035,-1.0,0
1763544968344,1009.70844,0.61914283,5.9156556,5.2008,0.23014331,-0.06658426,0.010079269,59.737503,-20.400002,18.375,46.950733,0.3361091,49.741684,0.28305972,0.16044746,0.59829175,0.73224366,0.29283002,0.138287,0.542512,0.77511805,-1.0,0
1763544968369,1009.70233,0.79142606,6.7573314,7.0875406,0.03329213,-0.03848448,-0.0059559317,60.3375,-19.59375,18.73125,46.950733,0.3361091,49.741684,0.283873,0.16062786,0.59799427,0.73213226,0.2950826,0.1389656,0.5416119,0.7747718,-1.0,0
1763544968395,1009.7199,0.50428736,6.9044895,7.752147,0.037568185,0.014202606,0.008704823,57.412502,-22.275002,20.737501,46.950733,0.3361091,49.741684,0.28434527,0.16103019,0.5978351,0.7319905,0.29561427,0.1392665,0.5412934,0.7747377,-1.0,0
1763544968420,1009.7199,0.5940182,6.987042,8.605188,0.053145237,0.034666575,0.057879437,60.112503,-19.7625,21.225,46.950733,0.3361091,49.741684,0.2852405,0.16209942,0.5983952,0.7309479,0.29592955,0.1397889,0.5414662,0.77440244,-1.0,0
1763544968445,1009.7448,1.5290136,7.338787,9.306286,-0.009162972,-0.035582874,-0.040317077,58.031254,-20.71875,20.118752,46.950733,0.3361091,49.741684,0.28564158,0.16204198,0.59813976,0.73101306,0.29701853,0.1401025,0.5414729,0.773924,-1.0,0
1763544968470,1009.7729,0.86560357,7.393224,10.172487,-0.16630794,0.13133593,-0.09773836,59.568752,-20.325,21.0,46.950733,0.3361091,49.741684,0.28422755,0.162035,0.5978502,0.7318022,0.2956035,0.14021134,0.54114956,0.77467185,-1.0,0
1763544968496,1009.7729,0.35294133,7.6103725,10.969895,-0.23991714,0.31994042,-0.013591741,59.41875,-19.59375,21.300001,46.950733,0.3361091,49.741684,0.27743232,0.16346386,0.5999718,0.73235565,0.29221183,0.14128615,0.5420648,0.77512336,-1.0,0
1763544968521,1009.8129,0.93679005,7.4159555,11.32822,-0.2490801,-0.023976443,-0.047952887,60.54375,-20.7,19.5375,46.950733,0.3361091,49.741684,0.2754787,0.16228388,0.60014766,0.73321086,0.28686613,0.14118211,0.5435104,0.77612627,-1.0,0
1763544968546,1009.84393,0.88414794,6.6352973,11.492129,-0.27107126,0.09422589,-0.1424842,60.393753,-19.125,21.31875,46.950733,0.3361091,49.741684,0.2729564,0.16132952,0.5998526,0.73460495,0.28426155,0.14045557,0.54321045,0.7774253,-1.0,0
1763544968572,1009.84393,-0.26979074,5.7637115,11.105688,-0.2498437,0.2849684,-0.09483676,60.300003,-19.612501,20.268751,46.950733,0.3361091,49.741684,0.26581073,0.16265722,0.60143,0.7356421,0.27714744,0.14248505,0.5451857,0.7782415,-1.0,0
1763544968600,1009.8632,-0.18544376,5.2546387,9.102298,-0.041538805,0.08231403,0.22266021,59.325,-19.237501,22.050001,46.950733,0.3361091,49.741684,0.26441938,0.16272835,0.60326034,0.7346284,0.27572075,0.14274523,0.54732853,0.7771958,-1.0,0
1763544968626,1009.84564,0.30209386,5.174479,7.9507513,-0.034208428,0.017104214,0.27259842,60.468754,-18.73125,20.831251,46.950733,0.3361091,49.741684,0.26348832,0.16158725,0.60756886,0.73165804,0.27466118,0.14176652,0.5521,0.77437013,-1.0,0
1763544968651,1009.84564,0.52582276,4.919045,7.347162,-0.059712034,0.11133011,0.28787002,59.475002,-18.581251,20.925001,46.950733,0.3361091,49.741684,0.26235485,0.16198817,0.61036766,0.7296444,0.27354816,0.14227317,0.5551055,0.7725203,-1.0,0
1763544968677,1009.8195,0.6999006,4.551747,5.8833528,0.050854493,0.25060728,0.34651303,59.30625,-19.48125,20.681252,46.950733,0.3361091,49.741684,0.26147604,0.16316503,0.61342686,0.72712785,0.27274925,0.14352839,0.5583892,0.7702006,-1.0,0
1763544968703,1009.8195,1.0725827,4.395615,5.040481,0.109344795,0.105526894,0.31902415,59.906254,-19.29375,22.3125,46.950733,0.3361091,49.741684,0.26186746,0.16401683,0.61596775,0.7246431,0.273202,0.14434935,0.5611062,0.7679087,-1.0,0
1763544968729,1009.77655,1.2759727,4.365705,4.9232326,0.07895427,-0.08170316,0.20799945,59.60625,-18.69375,20.75625,46.950733,0.3361091,49.741684,0.26474527,0.16295338,0.6179046,0.72218424,0.27600664,0.14305313,0.56315076,0.76564837,-1.0,0
1763544968754,1009.7465,0.6305088,4.5098724,5.206782,0.043982264,0.11178826,0.06368265,59.100002,-19.63125,21.9375,46.950733,0.3361091,49.741684,0.26493007,0.16356345,0.6184977,0.7214705,0.27623174,0.14365578,0.56381637,0.76496416,-1.0,0
1763544968779,1009.7465,0.4743771,4.706084,5.736194,-0.006261364,0.116980605,0.035430156,60.281254,-18.88125,22.237501,46.950733,0.3361091,49.741684,0.2642998,0.16445616,0.61912787,0.72095805,0.2756779,0.14457496,0.5644341,0.7645351,-1.0,0
1763544968804,1009.7248,0.19860429,5.055436,6.8871417,0.060322896,0.024281874,0.023060145,60.131252,-19.5375,23.38125,46.950733,0.3361091,49.741684,0.26543903,0.1663333,0.6192847,0.7199735,0.2769659,0.1463371,0.5645909,0.76361805,-1.0,0
1763544968829,1009.72406,-0.2536392,5.941977,6.509674,0.27183482,0.0923933,0.09483676,60.075,-19.1625,22.425001,46.950733,0.3361091,49.741684,0.26679438,0.16858879,0.6195486,0.71871984,0.2784904,0.14847398,0.56491154,0.76241297,-1.0,0
1763544968854,1009.72406,0.77766734,6.503692,7.1168528,0.24541493,-0.043371398,0.12049308,61.031254,-19.556252,21.28125,46.950733,0.3361091,49.741684,0.26873115,0.1700974,0.6199374,0.7173061,0.2805637,0.14977841,0.56524795,0.76114726,-1.0,0
1763544968880,1009.71967,1.1796615,7.010372,7.7353973,0.19364414,-0.18921536,-0.00320704,59.79375,-19.81875,22.35,46.950733,0.3361091,49.741684,0.2731318,0.16982135,0.61787516,0.71748865,0.28323132,0.14978574,0.56449836,0.76071405,-1.0,0
1763544968905,1009.7338,1.2831511,7.2263246,8.0345,0.025961753,-0.17684536,-0.1310305,60.80625,-19.087502,23.4375,46.950733,0.3361091,49.741684,0.27223867,0.1693131,0.61637247,0.71923864,0.28407216,0.14860629,0.5611985,0.76306975,-1.0,0
1763544968930,1009.7338,0.49471608,7.5547395,9.421141,-0.33826637,0.19868377,-0.30787584,60.600002,-18.618752,23.268751,46.950733,0.3361091,49.741684,0.26865178,0.16956511,0.61519825,0.7215296,0.28052828,0.14909732,0.5597837,0.7653209,-1.0,0
1763544968955,1009.7609,0.23808585,7.4153576,10.6408825,-0.27351472,-0.044745844,-0.25411975,60.525,-18.2625,23.71875,46.950733,0.3361091,49.741684,0.26580858,0.16883527,0.6138656,0.723885,0.27765495,0.14855063,0.5581951,0.7676318,-1.0,0
1763544968980,1009.7609,0.6538388,7.194021,10.217951,-0.10522146,-0.3245219,-0.17944153,58.425003,-19.10625,25.237501,46.950733,0.3361091,49.741684,0.26719862,0.16350439,0.6101257,0.72774845,0.27773115,0.14653565,0.5561408,0.76948047,-1.0,0
1763544969005,1009.8007,2.329413,6.725028,11.164312,-0.25198174,-0.23655738,-0.16050471,59.11875,-17.2875,23.8125,46.950733,0.3361091,49.741684,0.2670346,0.16029926,0.6087732,0.7296519,0.27822495,0.13997926,0.5527767,0.77293897,-1.0,0
1763544969030,1009.8276,2.260021,5.973682,11.169098,-0.20066908,0.058337588,-0.29565856,59.5125,-18.975,23.41875,46.950733,0.3361091,49.741684,0.26507285,0.15937337,0.6073557,0.7317483,0.27615932,0.13928209,0.5514319,0.77476406,-1.0,0
1763544969055,1009.8276,0.89312106,5.407779,10.297512,-0.13515383,0.090560704,-0.32375833,58.3875,-19.462502,23.1,46.950733,0.3361091,49.741684,0.2617575,0.1594464,0.60435915,0.73539776,0.27378103,0.13988924,0.54998076,0.77652824,-1.0,0
1763544969080,1009.8317,0.26679972,4.8502517,9.912268,-0.027641632,-0.05894845,-0.16233732,59.437504,-18.6,22.78125,46.950733,0.3361091,49.741684,0.2631637,0.15851937,0.6037497,0.7355969,0.27273083,0.13985008,0.54888415,0.7776799,-1.0,0
1763544969105,1009.8232,0.7752745,4.453043,7.1503525,0.20616686,-0.26328272,0.17119485,59.8875,-18.5625,23.493752,46.950733,0.3361091,49.741684,0.26594853,0.15733723,0.6039017,0.73472387,0.27665403,0.13764514,0.54905397,0.77656686,-1.0,0
1763544969130,1009.8232,1.3004991,4.828118,5.375476,0.13820815,-0.29657486,0.21364996,59.325,-18.2625,25.087502,46.950733,0.3361091,49.741684,0.27124706,0.1521138,0.6044518,0.73343337,0.2815374,0.13209945,0.5498286,0.77522576,-1.0,0
1763544969155,1009.7829,1.989632,5.24088,4.743771,-0.1461494,-0.4517345,0.085215636,58.55625,-18.581251,24.112501,46.950733,0.3361091,49.741684,0.27160528,0.14677927,0.60329145,0.7353406,0.28153303,0.12669945,0.5483856,0.77714837,-1.0,0
1763544969181,1009.7829,1.2382857,4.7629137,8.022536,-0.40255988,-0.13362667,-0.19822562,59.23125,-16.875,21.9375,46.950733,0.3361091,49.741684,0.26976943,0.14309084,0.60202605,0.73777646,0.27943698,0.12314832,0.5469315,0.7794969,-1.0,0
1763544969206,1009.7653,0.47676992,4.624728,7.78445,-0.12690715,0.12889247,-0.1443168,58.725002,-16.95,24.618752,46.950733,0.3361091,49.741684,0.2671215,0.14437419,0.60100186,0.7393233,0.2768412,0.12472669,0.54609776,0.7807557,-1.0,0
1763544969232,1009.75165,0.48215377,4.996214,6.244669,0.14004076,0.08185588,-0.08185588,58.312504,-18.35625,24.112501,46.950733,0.3361091,49.741684,0.26903343,0.1452347,0.5998119,0.7394278,0.27881345,0.12543999,0.5448837,0.78078777,-1.0,0
1763544969257,1009.75165,0.7800602,5.593821,5.440082,0.1311832,-0.13668099,-0.0971275,58.65,-17.34375,24.956251,46.950733,0.3361091,49.741684,0.27112517,0.14546989,0.5984047,0.7397577,0.2809463,0.12545726,0.5432719,0.78114355,-1.0,0
1763544969283,1009.7299,0.73579293,5.532804,6.0801625,0.06933315,0.004734202,-0.10399973,58.256252,-17.868752,23.625,46.950733,0.3361091,49.741684,0.2720682,0.1475775,0.59684354,0.74025506,0.28209707,0.12736344,0.5413252,0.78177154,-1.0,0
1763544969307,1009.7211,0.52163535,5.683552,6.4887366,0.07987057,0.09957096,-0.06276636,59.5875,-16.368752,24.487501,46.950733,0.3361091,49.741684,0.27263698,0.14911805,0.5965261,0.7399929,0.28279713,0.12881336,0.5409031,0.78157324,-1.0,0
1763544969332,1009.7211,0.6478567,6.4235325,7.3178496,0.21945317,-0.046425723,-0.0151189035,58.312504,-18.993752,25.087502,46.950733,0.3361091,49.741684,0.27435595,0.15033236,0.5959273,0.7395942,0.284622,0.12985116,0.5402039,0.7812226,-1.0,0
1763544969357,1009.72186,0.64008003,6.901499,7.7258263,0.23777911,-0.050854493,0.014660755,59.812504,-17.34375,25.44375,46.950733,0.3361091,49.741684,0.2765023,0.15148547,0.5953875,0.7389942,0.28686836,0.13079728,0.539582,0.7806727,-1.0,0
1763544969383,1009.72186,0.89491564,7.348358,8.084151,0.18707734,-0.052839804,0.045051277,57.975002,-17.6625,26.118752,46.950733,0.3361091,49.741684,0.27991444,0.15283138,0.59483266,0.73787844,0.29042226,0.13177425,0.5388016,0.7797328,-1.0,0
1763544969410,1009.7399,1.9124635,7.1784678,10.082158,0.13820815,0.0594066,-0.12583815,59.568752,-18.50625,26.156252,46.950733,0.3361091,49.741684,0.28080985,0.15395087,0.59397227,0.7379986,0.2914066,0.13280524,0.53788275,0.7798251,-1.0,0
1763544969436,1009.77606,0.63230336,7.17787,9.98166,0.1725693,0.297033,-0.15271619,58.818752,-18.675001,23.925001,46.950733,0.3361091,49.741684,0.28044713,0.1568314,0.5932293,0.7381276,0.29123336,0.13575643,0.53727084,0.7798034,-1.0,0
1763544969461,1009.77606,0.083748795,7.713264,8.645866,0.13561198,0.44654214,-0.04367683,61.312504,-18.5625,25.968752,46.950733,0.3361091,49.741684,0.27664772,0.16368368,0.5943943,0.7371357,0.28794998,0.14286752,0.53849936,0.77890444,-1.0,0
1763544969486,1009.7939,0.11246266,7.351948,10.548161,-0.24572036,0.170584,-0.092087865,62.04375,-17.23125,24.281252,46.950733,0.3361091,49.741684,0.2739422,0.16423953,0.59452665,0.73791534,0.28533608,0.14353497,0.53833866,0.7798541,-1.0,0
1763544969512,1009.82074,-0.032901313,6.2033925,11.463415,-0.16615522,0.18585561,-0.09636392,60.7125,-17.362501,23.34375,46.950733,0.3361091,49.741684,0.2711907,0.16479951,0.5945456,0.7387911,0.2826416,0.14428096,0.5382487,0.7807593,-1.0,0
1763544969537,1009.82074,-0.32243285,5.2199426,10.600204,-0.0036651888,0.1951713,-0.027488915,62.812504,-17.8875,23.306252,46.950733,0.3361091,49.741684,0.2680464,0.16707185,0.59561634,0.7385657,0.2807759,0.14577493,0.5387397,0.7808163,-1.0,0
1763544969571,1009.84686,0.6095716,4.8855457,8.270791,-0.11759147,0.031917684,0.077579826,63.61875,-17.4375,23.5125,46.950733,0.3361091,49.741684,0.26688775,0.16666186,0.5965179,0.7383503,0.27833188,0.14675355,0.54108053,0.77988887,-1.0,0
1763544969597,1009.8378,0.65084773,5.0536413,7.4530444,-0.25442517,0.054519683,0.02443459,62.5125,-17.925001,23.025002,46.950733,0.3361091,49.741684,0.26145148,0.16395569,0.5984505,0.73933667,0.27624753,0.14581978,0.542036,0.78014153,-1.0,0
1763544969622,1009.8378,0.012562319,4.9531426,7.225128,-0.48869184,0.16951497,0.15057817,65.3625,-16.987501,20.831251,46.950733,0.3361091,49.741684,0.25705534,0.16211726,0.6004979,0.7396234,0.2681385,0.14304271,0.5452617,0.78123635,-1.0,0
1763544969647,1009.8171,0.2416751,4.7174497,7.0666037,-0.28848088,0.06444623,0.26939136,62.287502,-16.087502,23.71875,46.950733,0.3361091,49.741684,0.2542272,0.16028976,0.60298675,0.7389741,0.26519468,0.14140739,0.54773873,0.780806,-1.0,0
1763544969673,1009.79877,0.51266223,4.529015,5.84088,-0.043218683,-0.11270455,0.34498587,64.668755,-16.706251,22.893751,46.950733,0.3361091,49.741684,0.25619152,0.15613568,0.6074593,0.735514,0.2652048,0.13966134,0.55020946,0.77937835,-1.0,0
1763544969698,1009.79877,1.5631114,4.3591247,5.1900325,-0.1545488,-0.24495678,0.30772313,63.862503,-17.04375,22.987501,46.950733,0.3361091,49.741684,0.25750735,0.15286222,0.60937023,0.73416007,0.26795465,0.13370563,0.5542936,0.7765834,-1.0,0
1763544969723,1009.7685,1.1018949,4.1892343,6.3601227,-0.19593488,-0.112399116,0.16554436,64.70625,-18.056252,21.88125,46.950733,0.3361091,49.741684,0.2576221,0.15003195,0.61060876,0.7336744,0.26787853,0.1308428,0.5554723,0.77625495,-1.0,0
1763544969749,1009.7585,0.28175488,4.4685965,7.38784,-0.07009673,0.06597339,0.15210533,62.79375,-17.15625,24.187502,46.950733,0.3361091,49.741684,0.25753164,0.14998461,0.6132332,0.7315238,0.26777115,0.1308302,0.5583275,0.7742432,-1.0,0
1763544969774,1009.7585,-0.0634098,4.87418,7.4548388,0.21334453,0.0481056,0.19975278,62.737503,-16.66875,24.31875,46.950733,0.3361091,49.741684,0.2612567,0.15106648,0.6140889,0.729259,0.271564,0.1316401,0.5593522,0.77204204,-1.0,0
1763544969799,1009.7568,0.87996054,5.7673006,6.485746,0.5067123,-0.47769627,0.26068655,62.475002,-17.94375,25.518751,46.950733,0.3361091,49.741684,0.26758358,0.15074363,0.6141497,0.72697693,0.2778717,0.13081264,0.55945516,0.76986057,-1.0,0
1763544969824,1009.75555,1.4177474,6.0460644,7.019943,0.42562005,-0.5416843,0.16050471,62.4,-17.7,23.8125,46.950733,0.3361091,49.741684,0.27848646,0.14869171,0.6126038,0.7246052,0.28864378,0.12786207,0.5577982,0.76759183,-1.0,0
1763544969849,1009.75555,1.7838492,6.404988,7.1856465,0.21945317,-0.1678351,0.059712034,61.10625,-18.09375,25.968752,46.950733,0.3361091,49.741684,0.27829906,0.14955552,0.6126007,0.72450197,0.28853932,0.12869462,0.5576892,0.7675712,-1.0,0
1763544969875,1009.76825,1.8987048,6.595217,7.483553,-0.036651887,0.1311832,-0.059101168,64.125,-17.025002,24.675001,46.950733,0.3361091,49.741684,0.27667844,0.14978482,0.61178625,0.7257625,0.28695986,0.12899794,0.556665,0.76885474,-1.0,0
1763544969900,1009.76825,0.50069815,7.5314093,8.048857,-0.30100363,-0.09636392,-0.31261006,60.825,-17.475,24.2625,46.950733,0.3361091,49.741684,0.27505115,0.14590155,0.60789335,0.73131114,0.28276464,0.12527503,0.5519807,0.7743821,-1.0,0
1763544969925,1009.7861,-0.1160519,7.798807,9.040084,-0.48120874,-0.17715079,-0.2538143,61.66875,-16.78125,25.518751,46.950733,0.3361091,49.741684,0.27269477,0.14590155,0.60789335,0.73131114,0.28276464,0.12527503,0.5519807,0.7743821,-1.0,0
1763544969950,1009.81635,1.7437695,7.027122,12.507284,-0.36819875,-0.2886336,-0.020616686,61.36875,-16.81875,25.875002,46.950733,0.3361091,49.741684,0.26836604,0.13818201,0.60639495,0.73564297,0.2779534,0.11771362,0.54964906,0.7789553,-1.0,0
1763544969975,1009.81635,2.6566312,6.3661046,12.567702,-0.11133011,-0.24663666,-0.09300416,61.85625,-17.38125,24.768751,46.950733,0.3361091,49.741684,0.2684981,0.1352823,0.6054582,0.73690426,0.27784878,0.114859015,0.54875207,0.7800504,-1.0,0
1763544970001,1009.8625,2.4681966,6.040681,11.494522,-0.016493348,0.0012217296,-0.18341215,61.0875,-16.10625,25.556252,46.950733,0.3361091,49.741684,0.26722983,0.1350737,0.60317,0.7392762,0.27645764,0.11501237,0.5470473,0.78171766,-1.0,0
1763544970027,1009.882,2.4819553,5.368896,11.2959175,0.0067195124,-0.044134982,-0.26618433,62.98125,-15.525001,24.243752,46.950733,0.3361091,49.741684,0.2668297,0.13508551,0.60146093,0.7408094,0.27600545,0.11518329,0.5455978,0.7828645,-1.0,0
1763544970054,1009.882,2.1565313,5.0530434,10.33161,0.033597562,0.0,-0.3158171,60.506252,-15.39375,24.337502,46.950733,0.3361091,49.741684,0.26660696,0.13546883,0.59933305,0.74254215,0.2757446,0.11574113,0.5438015,0.78412294,-1.0,0
1763544970079,1009.8925,1.8071793,4.706682,9.23809,-0.023212861,0.10980295,-0.31703883,61.631252,-15.656251,24.393751,46.950733,0.3361091,49.741684,0.26368186,0.13759823,0.59581214,0.74602044,0.27458075,0.11696196,0.542215,0.7854478,-1.0,0
1763544970104,1009.88153,1.7455641,4.667799,7.5290165,-0.017867794,0.08261946,-0.3178024,63.6375,-13.70625,23.75625,46.950733,0.3361091,49.741684,0.26238638,0.13863592,0.59399784,0.74772984,0.27160725,0.11956605,0.5391473,0.78819644,-1.0,0
1763544970129,1009.88153,1.3920245,4.733003,6.273981,-0.00763581,0.081397735,-0.38637197,63.6375,-13.70625,24.375002,46.950733,0.3361091,49.741684,0.26148033,0.13984904,0.59157264,0.7497414,0.27075827,0.12091188,0.5367923,0.7898888,-1.0,0
1763544970155,1009.84686,0.65084773,4.7024946,5.3246284,-0.07987057,0.17272201,-0.39293876,62.4,-15.450001,24.45,46.950733,0.3361091,49.741684,0.25720236,0.14347242,0.587332,0.7538592,0.26923835,0.12264921,0.5342813,0.7918405,-1.0,0
1763544970180,1009.84686,0.2428715,4.732405,5.108078,-0.1357647,0.25534147,-0.3346012,64.875,-14.19375,23.19375,46.950733,0.3361091,49.741684,0.25488436,0.1451126,0.58583397,0.75549644,0.26674947,0.124828294,0.53226423,0.79369855,-1.0,0
1763544970205,1009.7963,0.25184458,4.916652,5.229514,-0.07192933,0.12690715,-0.23655738,65.53125,-13.762501,23.71875,46.950733,0.3361091,49.741684,0.2532261,0.14653805,0.5844088,0.75688136,0.26305616,0.12805587,0.5287918,0.7967323,-1.0,0
1763544970230,1009.767,0.24107689,4.8502517,5.6931233,0.062155493,-0.13729186,-0.17653993,62.381252,-14.08125,24.056252,46.950733,0.3361091,49.741684,0.2570193,0.14594844,0.5805858,0.75865686,0.26347142,0.12838413,0.5268892,0.79780203,-1.0,0
1763544970256,1009.767,0.63948184,4.910072,5.959325,0.23747368,-0.39354962,-0.11346813,63.750004,-13.931251,23.1375,46.950733,0.3361091,49.741684,0.26130086,0.14530909,0.5785056,0.75890607,0.2668466,0.12709352,0.5245432,0.7984326,-1.0,0
1763544970282,1009.75116,1.2107682,5.623133,6.2159553,0.30634868,-0.12660173,-0.07284562,64.4625,-14.1,21.993752,46.950733,0.3361091,49.741684,0.26465505,0.14600497,0.57704973,0.75871855,0.2744931,0.12654361,0.52084506,0.7983487,-1.0,0
1763544970307,1009.74384,1.2909278,6.209375,7.024131,0.28878632,0.019853106,-0.102778,63.000004,-14.775001,23.56875,46.950733,0.3361091,49.741684,0.26922968,0.15057206,0.5745315,0.7581273,0.2794054,0.13072565,0.5182523,0.7976578,-1.0,0
1763544970332,1009.74384,1.0378869,6.517451,7.1826553,0.37400195,0.050854493,-0.14630212,63.787502,-14.962501,25.968752,46.950733,0.3361091,49.741684,0.272213,0.15261135,0.5725392,0.7581614,0.282541,0.1325169,0.5161862,0.79759747,-1.0,0
1763544970358,1009.7558,2.0470598,6.5294147,7.868199,0.16905683,-0.30894485,-0.26053384,63.112503,-14.025001,25.06875,46.950733,0.3361091,49.741684,0.2752345,0.15252717,0.5697434,0.7591929,0.28557166,0.13216417,0.51318276,0.7985142,-1.0,0
1763544970384,1009.7558,2.5357938,6.2602224,9.1974125,-0.041996952,-0.26832235,-0.4167625,64.18125,-15.281251,25.031252,46.950733,0.3361091,49.741684,0.2767939,0.15119201,0.56609076,0.76162153,0.2870299,0.13071999,0.50936514,0.8006705,-1.0,0
1763544970408,1009.77045,2.2438695,6.1447687,10.572088,-0.2159407,0.16004658,-0.5247328,63.956253,-15.056251,24.2625,46.950733,0.3361091,49.741684,0.269577,0.15477054,0.56094724,0.76727605,0.27998862,0.13502608,0.50443965,0.8055526,-1.0,0
1763544970433,1009.8073,0.7148558,6.803393,11.027323,-0.086742796,0.4575377,-0.3281871,64.0875,-13.668751,23.7,46.950733,0.3361091,49.741684,0.2651525,0.15881482,0.5599525,0.76871663,0.27581915,0.13946973,0.50361395,0.80674964,-1.0,0
1763544970458,1009.8073,0.54436713,7.75454,9.979865,-0.082924895,0.06902772,-0.29764387,63.6375,-14.231251,26.41875,46.950733,0.3361091,49.741684,0.26319918,0.16045994,0.55829,0.7702539,0.2739824,0.14126159,0.5018797,0.80814326,-1.0,0
1763544970483,1009.8359,0.7932207,6.966703,10.677373,-0.16019928,-0.14645483,-0.36560258,64.03125,-12.431251,24.4125,46.950733,0.3361091,49.741684,0.2610726,0.15856113,0.5525213,0.7755125,0.27171713,0.13953611,0.49580014,0.8129463,-1.0,0
1763544970508,1009.8625,0.7160522,5.8277197,10.974681,-0.20234896,-0.14874557,-0.40210176,64.575005,-13.481251,23.34375,46.950733,0.3361091,49.741684,0.25959593,0.15654942,0.5496471,0.77845377,0.27004918,0.137736,0.4930289,0.8154905,-1.0,0
1763544970534,1009.8625,1.4524434,4.53081,10.923834,-0.21838416,-0.3404044,-0.33001968,62.68125,-13.312501,25.218752,46.950733,0.3361091,49.741684,0.25873205,0.15343586,0.5468394,0.7813333,0.26889205,0.13484022,0.49047622,0.81789255,-1.0,0
1763544970561,1009.88153,1.570888,4.3537407,9.967901,-0.27198756,-0.28267768,-0.34101525,64.05,-12.431251,24.112501,46.950733,0.3361091,49.741684,0.25761393,0.1500722,0.54408073,0.7842764,0.26745117,0.13174392,0.48807022,0.82030535,-1.0,0
1763544970586,1009.88153,0.62811595,4.4147577,8.845667,-0.29794928,-0.014508039,-0.2707658,61.687504,-13.1625,24.54375,46.950733,0.3361091,49.741684,0.2521103,0.14606757,0.54004055,0.7895954,0.26153582,0.12843032,0.48460716,0.8247791,-1.0,0
1763544970612,1009.88153,0.4336991,4.471587,8.062616,-0.07467822,-0.06933315,-0.13927718,63.45,-11.7375,24.281252,46.950733,0.3361091,49.741684,0.25077015,0.14523701,0.538925,0.7909364,0.26009694,0.12778504,0.48369247,0.8258706,-1.0,0
1763544970638,1009.8588,0.5946164,4.54397,6.7740808,0.19715661,-0.33643377,-0.02611447,66.28125,-11.681251,21.975,46.950733,0.3361091,49.741684,0.25884432,0.14078131,0.53572416,0.79131526,0.26202437,0.12649043,0.48277572,0.825997,-1.0,0
1763544970662,1009.8588,1.2861422,4.657031,5.410172,0.3755291,-0.75762504,-0.013897174,62.49375,-11.56875,22.21875,46.950733,0.3361091,49.741684,0.26613715,0.135705,0.53212386,0.79221165,0.26780224,0.12288909,0.48078278,0.82584995,-1.0,0
1763544970687,1009.8266,1.5834504,4.4129634,4.476373,-0.082161315,-0.44257152,-0.32268932,62.30625,-12.243751,25.2,46.950733,0.3361091,49.741684,0.26930946,0.13188182,0.5283712,0.7942943,0.27764064,0.11329643,0.47323436,0.82832897,-1.0,0
1763544970712,1009.79,1.1150553,4.3525443,5.9246287,-0.2790125,-0.037568185,-0.40118545,62.568752,-11.700001,24.225,46.950733,0.3361091,49.741684,0.26762554,0.13071921,0.5255098,0.7969495,0.27588347,0.11224633,0.47018582,0.8307914,-1.0,0
1763544970738,1009.79,0.91346,4.5930233,6.6915283,-0.08567379,-0.07987057,-0.47174034,64.78125,-11.212501,21.018751,46.950733,0.3361091,49.741684,0.2681513,0.13045336,0.5171047,0.8022964,0.27447978,0.112333596,0.46669596,0.8332088,-1.0,0
1763544970763,1009.7668,-0.4319045,5.7427745,4.9489555,0.1875355,-0.4987711,-0.50045097,63.225002,-10.650001,24.243752,46.950733,0.3361091,49.741684,0.2717927,0.12921269,0.5114173,0.8049131,0.27992317,0.11049983,0.45570338,0.8377155,-1.0,0
1763544970789,1009.7514,0.2117648,6.1884375,6.2679987,0.00076358096,-0.41416633,-0.43768463,64.2375,-10.14375,21.7875,46.950733,0.3361091,49.741684,0.27399972,0.12748101,0.50655663,0.80751044,0.2820526,0.10850612,0.45033094,0.8401635,-1.0,0
1763544970813,1009.7514,0.4121637,6.230312,8.169097,-0.052076224,-0.32009315,-0.43783733,60.862503,-10.875,22.800001,46.950733,0.3361091,49.741684,0.27488294,0.1261392,0.50218207,0.810149,0.2828809,0.10700531,0.44548312,0.84265834,-1.0,0
1763544970838,1009.778,0.78783685,6.180063,9.065806,0.07880156,-0.45249808,-0.43111783,60.862503,-10.875,22.800001,46.950733,0.3361091,49.741684,0.2801511,0.12160334,0.49232608,0.8150724,0.2846152,0.105176724,0.4406749,0.84483,-1.0,0
1763544970863,1009.79755,1.494916,6.74776,9.14477,0.045509428,-0.5931497,-0.48334676,58.893753,-11.19375,22.40625,46.950733,0.3361091,49.741684,0.28320587,0.118235216,0.48677593,0.8178411,0.2906427,0.09854912,0.42958477,0.8492772,-1.0,0
1763544970889,1009.79755,1.2616158,7.2472615,9.83151,-0.065667965,-0.30986115,-0.47876528,61.050003,-9.975,21.956251,46.950733,0.3361091,49.741684,0.28420994,0.11573464,0.47790086,0.823068,0.2914541,0.096043274,0.42054132,0.8538004,-1.0,0
1763544970914,1009.811,0.84406817,7.656434,10.0672035,-0.021074835,-0.19074252,-0.4544834,61.443752,-9.450001,22.66875,46.950733,0.3361091,49.741684,0.2860138,0.114195324,0.47323415,0.8253514,0.29314935,0.09438175,0.41572204,0.85576326,-1.0,0
1763544970939,1009.811,1.7964116,7.5882387,8.779864,-0.13255766,-0.83948094,-0.4827359,61.0125,-10.35,20.60625,46.950733,0.3361091,49.741684,0.28875914,0.10913295,0.4673797,0.82841074,0.29555586,0.089098565,0.40954143,0.8584777,-1.0,0
1763544970964,1009.83856,2.5579274,6.771688,10.327422,-0.49006626,-0.7206677,-0.61178106,58.537502,-8.1,19.800001,46.950733,0.3361091,49.741684,0.28505,0.097596765,0.4551692,0.83787966,0.29105565,0.07787971,0.39681888,0.8670387,-1.0,0
1763544970990,1009.86615,2.6099713,5.9653068,12.033505,-0.67286754,-0.35109454,-0.62491465,58.518753,-8.118751,21.1875,46.950733,0.3361091,49.741684,0.280095,0.09552658,0.45088616,0.8420945,0.2859317,0.07629946,0.39270324,0.87075,-1.0,0
1763544971016,1009.86615,2.315654,5.002794,12.204592,-0.045967575,-0.14630212,-0.5677988,59.568752,-7.2562504,20.56875,46.950733,0.3361091,49.741684,0.2781053,0.09516281,0.44643793,0.8451596,0.28385895,0.076306,0.38877854,0.8731854,-1.0,0
1763544971041,1009.85834,1.7814565,4.595416,9.999007,0.3688096,-0.540768,-0.5028944,60.16875,-8.043751,19.0125,46.950733,0.3361091,49.741684,0.28142425,0.093486845,0.44091636,0.84714425,0.2870011,0.07463092,0.3838056,0.87450206,-1.0,0
1763544971067,1009.81366,1.8574286,4.371687,7.2616186,0.49541134,-0.6146827,-0.4082104,59.287502,-8.775001,19.612501,46.950733,0.3361091,49.741684,0.29193026,0.08909413,0.43050283,0.84941524,0.29712886,0.0698246,0.37406898,0.87573475,-1.0,0
1763544971091,1009.81366,2.178665,4.403392,4.9722853,0.2432769,-0.5094612,-0.40530878,60.80625,-7.9687505,17.550001,46.950733,0.3361091,49.741684,0.29285103,0.086189784,0.42550793,0.8519111,0.2978435,0.066930376,0.3691106,0.8778194,-1.0,0
1763544971116,1009.78143,2.3419752,4.141378,6.689734,-0.39752024,-0.27290383,-0.6867647,59.325,-7.0312505,20.587502,46.950733,0.3361091,49.741684,0.29080948,0.08360887,0.4197224,0.8557292,0.29562265,0.064558595,0.36329928,0.88116574,-1.0,0
1763544971141,1009.78143,1.2891332,3.8757744,6.9481587,-0.2829831,-0.18371758,-0.77534014,58.237503,-6.7500005,19.29375,46.950733,0.3361091,49.741684,0.2872667,0.08199448,0.4065547,0.8634049,0.29193872,0.06338007,0.35027704,0.88772786,-1.0,0
1763544971166,1009.74335,0.44027936,3.8955152,5.9635124,-0.11331542,-0.22876886,-0.74220073,58.2,-6.76875,21.150002,46.950733,0.3361091,49.741684,0.28763825,0.08036115,0.399915,0.86653006,0.29219964,0.061749827,0.34352222,0.8903925,-1.0,0
1763544971192,1009.71674,1.0839486,4.5218368,5.421538,-0.13744457,-0.6556106,-0.6148354,56.98125,-6.2812505,21.243752,46.950733,0.3361091,49.741684,0.28871125,0.07645593,0.39304316,0.8696651,0.2930245,0.057760973,0.33639383,0.89310664,-1.0,0
1763544971217,1009.71674,1.4464613,4.733003,6.483353,-0.24770567,-0.55023646,-0.6699659,58.18125,-6.2625003,19.125,46.950733,0.3361091,49.741684,0.28750178,0.07030179,0.37926555,0.8766744,0.29284316,0.053637676,0.3291278,0.89612544,-1.0,0
1763544971243,1009.72015,0.9661021,4.8233323,7.5786676,-0.252898,-0.28176138,-0.70783955,58.55625,-5.9812503,18.45,46.950733,0.3361091,49.741684,0.2863994,0.06991866,0.3734085,0.8795754,0.2914173,0.05172573,0.32228267,0.89918536,-1.0,0
1763544971269,1009.7182,0.9379865,5.8618174,8.1344,0.12690715,-0.37048948,-0.5102248,56.30625,-6.0937505,19.9125,46.950733,0.3361091,49.741684,0.28768122,0.068950064,0.36798182,0.8815185,0.29150248,0.05040735,0.31084198,0.9032512,-1.0,0
1763544971294,1009.7182,1.2837493,6.201598,7.365108,0.2770272,-0.41935867,-0.51450086,57.656254,-5.1937504,19.575,46.950733,0.3361091,49.741684,0.29420066,0.06731228,0.3565152,0.8842013,0.29478306,0.048882693,0.3050414,0.9042473,-1.0,0
1763544971319,1009.72284,1.07019,6.3978095,6.4719872,0.2206749,-0.26251915,-0.5571087,57.768753,-6.05625,19.9125,46.950733,0.3361091,49.741684,0.29483104,0.06892588,0.35156265,0.8858485,0.29790428,0.048352968,0.2992183,0.90519804,-1.0,0
1763544971344,1009.72284,0.4779663,6.431907,7.1342006,0.024281874,0.048411034,-0.5522218,56.662502,-5.0625,19.987501,46.950733,0.3361091,49.741684,0.29443932,0.071741685,0.3476097,0.887314,0.2986405,0.049899507,0.2940994,0.9065481,-1.0,0
1763544971370,1009.7353,0.3475575,6.9134626,8.935996,0.13469568,-0.1339321,-0.39752024,57.862503,-5.0437503,17.85,46.950733,0.3361091,49.741684,0.29548374,0.07297831,0.3437263,0.88837814,0.29957113,0.053792607,0.28578597,0.9086748,-1.0,0
1763544971395,1009.7592,0.7369894,7.123433,9.657433,0.19104797,-0.27885976,-0.39202246,57.35625,-4.5,20.34375,46.950733,0.3361091,49.741684,0.29970896,0.07274051,0.33525088,0.89021915,0.3017727,0.053120364,0.2812645,0.90939635,-1.0,0
1763544971421,1009.7797,-0.78065836,7.650452,9.805189,0.21823144,0.20250167,-0.2527453,58.518753,-6.95625,17.268751,46.950733,0.3361091,49.741684,0.3009564,0.07540167,0.33278534,0.890502,0.30520245,0.055782113,0.27450338,0.91015804,-1.0,0
1763544971446,1009.7797,-0.9523434,7.9567337,9.660423,0.19226968,0.36285368,-0.046731155,57.80625,-4.55625,19.06875,46.950733,0.3361091,49.741684,0.3014399,0.07961523,0.33275276,0.8899837,0.30597275,0.059877135,0.27427107,0.90970916,-1.0,0
1763544971471,1009.7941,-0.6257231,7.716853,9.894321,0.19761476,0.2924515,0.028863361,57.825,-5.2875004,17.868752,46.950733,0.3361091,49.741684,0.30368662,0.08520189,0.3336867,0.88835144,0.30862236,0.0650934,0.27468288,0.90833056,-1.0,0
1763544971496,1009.7941,0.17587246,5.939584,9.758529,0.13164136,-0.2771799,-0.116522454,57.825,-6.0375004,16.987501,46.950733,0.3361091,49.741684,0.30572233,0.08409081,0.33199438,0.8883931,0.31058988,0.06380716,0.27286285,0.90829974,-1.0,0
1763544971522,1009.81683,-0.0041874396,5.3276196,10.2927265,-0.005345067,-0.07024945,-0.1301142,55.593754,-5.4,18.73125,46.950733,0.3361091,49.741684,0.30603817,0.083245516,0.33035988,0.8889731,0.3108454,0.06296288,0.2712521,0.90875363,-1.0,0
1763544971547,1009.81683,-0.21774685,4.9728837,9.881161,-0.006261364,0.17883067,-0.09575305,55.593754,-5.4,18.73125,46.950733,0.3361091,49.741684,0.3049007,0.084766015,0.32990807,0.88938797,0.30980137,0.06459732,0.27089873,0.9091008,-1.0,0
1763544971572,1009.8129,-0.34037903,5.0051866,8.490333,0.043982264,0.055588696,-0.015882485,59.025,-5.2875004,16.2,46.950733,0.3361091,49.741684,0.30475527,0.08445389,0.32956058,0.8895963,0.30962357,0.064354576,0.27071214,0.9092341,-1.0,0
1763544971598,1009.79193,0.7328019,5.0344987,6.7686973,-0.24342962,-0.3252855,-0.00763581,57.300003,-5.83125,16.40625,46.950733,0.3361091,49.741684,0.30425435,0.08093314,0.3286866,0.890418,0.30889487,0.060867287,0.2697662,0.91000295,-1.0,0
1763544971622,1009.79193,0.67836523,4.7168517,7.368697,-0.3990474,-0.07696896,-0.03054324,57.375004,-4.4812503,18.9375,46.950733,0.3361091,49.741684,0.29781127,0.07824025,0.32883146,0.89278036,0.3022782,0.058659807,0.26993257,0.9123176,-1.0,0
1763544971647,1009.7768,0.3044867,4.4656053,7.2532434,-0.34590217,0.14767656,-0.0010690134,57.037502,-4.65,20.23125,46.950733,0.3361091,49.741684,0.2953393,0.078640066,0.3297975,0.89321,0.29983252,0.059245203,0.27094543,0.9127864,-1.0,0
1763544971672,1009.75385,0.44626144,4.3968115,5.00758,-0.1348484,0.004734202,0.08093958,59.943752,-4.3125,16.050001,46.950733,0.3361091,49.741684,0.2940756,0.07850352,0.33074194,0.8932897,0.29856116,0.059198763,0.2719058,0.9129206,-1.0,0
1763544971698,1009.75385,0.74177504,4.354937,5.6213384,-0.23228133,-0.22311836,0.020769402,59.325,-4.275,18.4125,46.950733,0.3361091,49.741684,0.29295298,0.07627534,0.3307237,0.8938582,0.2972988,0.057033394,0.2718046,0.91350037,-1.0,0
1763544971723,1009.75555,0.6693921,4.1790648,7.2011995,-0.16416991,-0.28115052,-0.0368046,58.031254,-4.3875003,16.087502,46.950733,0.3361091,49.741684,0.292729,0.07165083,0.32912567,0.8949034,0.2967652,0.0524835,0.27029657,0.9143936,-1.0,0
1763544971748,1009.7402,-0.2757728,4.791029,6.884151,0.22693627,-0.029626941,0.07925971,59.662502,-4.33125,15.3,46.950733,0.3361091,49.741684,0.29434133,0.07178298,0.3293955,0.89426446,0.29837963,0.0525282,0.27066118,0.91375756,-1.0,0
1763544971774,1009.7402,-0.0047856453,5.5513487,6.370292,0.2950477,-0.07819069,0.12247839,55.162502,-4.5750003,18.712502,46.950733,0.3361091,49.741684,0.29693025,0.072039984,0.3300385,0.8931502,0.30098486,0.052587602,0.27128705,0.9127135,-1.0,0
1763544971799,1009.73456,0.2638087,5.979664,6.248258,0.28527385,-0.21151192,0.066431545,58.068752,-3.3937502,16.800001,46.950733,0.3361091,49.741684,0.30312917,0.07006141,0.3292314,0.89152163,0.30706188,0.050088998,0.2702277,0.91114277,-1.0,0
1763544971825,1009.73456,0.28055847,6.1268225,6.6891356,0.1924224,-0.23900084,0.020769402,56.756252,-4.03125,18.206251,46.950733,0.3361091,49.741684,0.30490714,0.0688039,0.3286521,0.8912269,0.3087639,0.04865373,0.2694796,0.91086686,-1.0,0
1763544971851,1009.7546,0.77407813,6.5521464,9.324232,0.07315106,-0.1547015,0.046425723,55.781254,-4.275,20.34375,46.950733,0.3361091,49.741684,0.3060984,0.067621194,0.3284658,0.89097774,0.30988136,0.047353856,0.2691878,0.91064215,-1.0,0
1763544971877,1009.7751,1.0935199,6.930811,9.417552,0.13057235,-0.07055488,-0.008552107,56.325,-5.3250003,18.956251,46.950733,0.3361091,49.741684,0.30831176,0.067401655,0.32727593,0.89066905,0.31110594,0.04681017,0.26894203,0.9103253,-1.0,0
1763544971901,1009.7751,0.79441714,7.6546397,8.553742,0.07513637,-0.053908817,-0.116522454,58.237503,-4.0125003,17.587502,46.950733,0.3361091,49.741684,0.30837974,0.06660961,0.32533985,0.8914141,0.31209147,0.046193413,0.26603675,0.91087294,-1.0,0
1763544971927,1009.7968,0.27756742,7.8400836,10.103694,-0.14966187,-0.1999055,-0.14538582,57.54375,-4.5750003,16.931252,46.950733,0.3361091,49.741684,0.3079006,0.0651717,0.3233441,0.8924116,0.31153062,0.044708088,0.2637397,0.9118066,-1.0,0
1763544971952,1009.82684,0.9882358,7.530213,11.012966,-0.16951497,-0.22754712,-0.109344795,54.318752,-3.7875001,17.212502,46.950733,0.3361091,49.741684,0.306331,0.06152824,0.32023862,0.8943281,0.31063503,0.04281934,0.26184377,0.9127487,-1.0,0
1763544971977,1009.82684,1.4679967,6.818348,11.540584,-0.13072506,-0.17562363,-0.11300998,56.643753,-3.80625,18.056252,46.950733,0.3361091,49.741684,0.30591777,0.060711835,0.31887576,0.8950121,0.30973402,0.041100718,0.260292,0.9135774,-1.0,0
1763544972002,1009.8403,1.4476577,6.110671,9.763913,0.009926553,-0.118507765,-0.14355323,57.018753,-5.0062504,17.00625,46.950733,0.3361091,49.741684,0.30602348,0.060052074,0.31740734,0.89554226,0.30930918,0.039805498,0.25785166,0.91447026,-1.0,0
1763544972028,1009.8403,1.5128621,5.6871414,9.311071,-0.08002329,-0.10919208,-0.12507457,55.537502,-4.275,17.118752,46.950733,0.3361091,49.741684,0.30564973,0.05906436,0.3160561,0.89621323,0.30886158,0.03892178,0.2566882,0.9149868,-1.0,0
1763544972053,1009.83295,1.2873386,5.122435,9.594023,-0.1018617,-0.086742796,-0.103236146,57.075,-3.99375,16.48125,46.950733,0.3361091,49.741684,0.30453947,0.05737371,0.31441993,0.8972759,0.3076244,0.037459996,0.25544006,0.9158135,-1.0,0
1763544972079,1009.821,1.052842,4.5942197,8.986245,0.019547673,-0.07574723,-0.027336199,59.568752,-2.71875,14.137501,46.950733,0.3361091,49.741684,0.3055166,0.056612328,0.31434065,0.89701986,0.3085403,0.03671834,0.2556198,0.9154852,-1.0,0
1763544972104,1009.7841,1.1527423,4.471587,6.0897336,0.19807291,-0.17318016,0.032375835,55.612503,-3.9,18.16875,46.950733,0.3361091,49.741684,0.30904523,0.05410507,0.31333786,0.8963164,0.31188822,0.034088954,0.25496086,0.9146358,-1.0,0
1763544972129,1009.7841,1.0402796,4.6893344,4.701298,0.057726722,-0.20647229,-0.049938194,55.66875,-3.6375,17.0625,46.950733,0.3361091,49.741684,0.30831197,0.053020347,0.31211856,0.8970588,0.31108603,0.0330595,0.25371334,0.91529346,-1.0,0
1763544972154,1009.75995,0.8452646,4.7395835,5.0919266,-0.19715661,-0.06704241,-0.12751803,58.2,-3.5062501,16.331251,46.950733,0.3361091,49.741684,0.30600977,0.0529868,0.31090945,0.89826816,0.30878767,0.033162065,0.25239265,0.91643244,-1.0,0
1763544972179,1009.75995,0.29491538,4.680959,6.7375903,-0.17211115,0.028252495,-0.15409064,57.54375,-1.5937501,17.681252,46.950733,0.3361091,49.741684,0.30411673,0.05328546,0.3097008,0.89931035,0.30691877,0.033573743,0.25109452,0.9174014,-1.0,0
1763544972204,1009.7514,0.51146585,4.8323054,7.190432,-0.030390523,-0.05131264,-0.12705988,57.6375,-4.0687504,17.34375,46.950733,0.3361091,49.741684,0.30409113,0.053840492,0.30734238,0.9000947,0.3069312,0.034109578,0.24863154,0.918048,-1.0,0
1763544972229,1009.7399,0.49351966,4.9381876,6.8763742,0.11041381,0.03054324,-0.11514801,57.768753,-3.0187502,13.106251,46.950733,0.3361091,49.741684,0.3051307,0.05552649,0.30679965,0.8998256,0.3080772,0.035726383,0.24811146,0.9177433,-1.0,0
1763544972254,1009.7399,0.07597212,5.378467,6.1561346,0.27382013,0.10415245,0.023823727,56.437504,-2.0812502,17.212502,46.950733,0.3361091,49.741684,0.30697712,0.05734909,0.3069113,0.8990448,0.31004047,0.037400648,0.24819809,0.9169917,-1.0,0
1763544972279,1009.7236,0.6095716,5.9084773,5.9318075,0.35628688,0.0059559317,0.09605849,56.2125,-3.8437502,17.493752,46.950733,0.3361091,49.741684,0.31352463,0.058947094,0.30782354,0.8963661,0.3131126,0.038416304,0.24871302,0.9157655,-1.0,0
1763544972304,1009.73456,1.166501,6.2063837,6.361917,0.34376416,-0.07895427,0.082924895,58.031254,-4.3875003,16.087502,46.950733,0.3361091,49.741684,0.31663242,0.059002075,0.30781293,0.8952731,0.31979764,0.038298845,0.24897677,0.91338557,-1.0,0
1763544972329,1009.73456,1.4943178,6.303293,7.4153576,0.2791652,-0.07620538,0.038179047,56.1375,-4.21875,17.04375,46.950733,0.3361091,49.741684,0.31905806,0.05892251,0.30760038,0.8944898,0.3222093,0.038093023,0.24890402,0.91256607,-1.0,0
1763544972354,1009.75287,0.8470592,6.7148585,8.940782,0.18524474,-0.08933897,0.04856375,57.093754,-3.24375,16.275002,46.950733,0.3361091,49.741684,0.32101938,0.058568113,0.30756566,0.8938231,0.32414,0.037642114,0.24899715,0.9118754,-1.0,0
1763544972380,1009.75287,1.6049858,7.326225,9.263813,0.1517999,-0.14477496,0.023823727,56.9625,-5.25,17.025002,46.950733,0.3361091,49.741684,0.32365888,0.05762437,0.3063821,0.89333886,0.32586807,0.03676665,0.2489353,0.9113119,-1.0,0
1763544972405,1009.778,0.47856453,7.9920278,9.815957,-0.056352276,0.5358811,-0.22617269,56.568752,-4.40625,15.937501,46.950733,0.3361091,49.741684,0.32216898,0.061375346,0.3057844,0.89383227,0.3254576,0.040461563,0.24747846,0.91169876,-1.0,0
1763544972430,1009.79315,-1.1138589,8.041678,9.420543,-0.14416409,0.82924896,-0.15439607,56.775,-4.65,17.475,46.950733,0.3361091,49.741684,0.3185795,0.068731725,0.30679318,0.8942377,0.32235074,0.048030585,0.24844873,0.9121712,-1.0,0
1763544972455,1009.79315,-1.2502499,7.8012,10.063016,-0.14202607,0.49434233,-0.015729768,59.362503,-4.2562504,16.556252,46.950733,0.3361091,49.741684,0.3145943,0.07507445,0.30858487,0.894522,0.31954134,0.05351431,0.24951698,0.9125628,-1.0,0
1763544972481,1009.8144,-0.25543383,7.233503,11.159527,0.14278965,-0.12583815,0.006261364,57.16875,-3.6000001,16.143751,46.950733,0.3361091,49.741684,0.31577775,0.07433717,0.30812573,0.89432484,0.31882834,0.05435291,0.24946158,0.9127777,-1.0,0
1763544972506,1009.8195,0.25004998,5.8624153,9.489336,0.116675176,0.07177661,-0.010537418,58.48125,-4.3500004,16.35,46.950733,0.3361091,49.741684,0.3165235,0.07496508,0.3080031,0.894051,0.32074746,0.054110657,0.24889183,0.91227514,-1.0,0
1763544972532,1009.8195,0.4456632,5.441877,8.862417,-0.0012217296,0.16065744,-0.031154104,61.0875,-5.4187503,13.35,46.950733,0.3361091,49.741684,0.31423146,0.077712774,0.30851394,0.8944487,0.320306,0.055626687,0.24928153,0.9122327,-1.0,0
1763544972558,1009.8095,0.12083755,5.0859447,8.066803,-0.15012002,0.1782198,-0.050090913,57.487503,-4.93125,15.562501,46.950733,0.3361091,49.741684,0.31117177,0.078472696,0.30897745,0.8952916,0.31862628,0.05707876,0.24959452,0.9126455,-1.0,0
1763544972584,1009.7983,-0.5024927,4.9716873,7.838887,-0.34498587,0.10980295,0.07101303,58.687504,-3.9562502,16.7625,46.950733,0.3361091,49.741684,0.30765077,0.07842763,0.30996484,0.8961707,0.312105,0.058226738,0.2509477,0.91445357,-1.0,0
1763544972608,1009.7983,-0.55334026,4.770092,8.007581,-0.22647811,0.14370593,0.19960007,57.9,-3.525,16.368752,46.950733,0.3361091,49.741684,0.30483305,0.0783767,0.31189525,0.89646816,0.30929574,0.058328684,0.25276378,0.9149013,-1.0,0
1763544972633,1009.7736,-0.10468599,4.718048,7.2287173,0.010690134,0.19272783,0.32162032,60.093754,-3.7875001,14.137501,46.950733,0.3361091,49.741684,0.30478618,0.08035036,0.31851566,0.8939782,0.30938435,0.060267225,0.2594322,0.91287684,-1.0,0
1763544972658,1009.7736,0.3595216,4.6408796,5.691927,0.21838416,0.1678351,0.3604102,58.85625,-2.5500002,15.431251,46.950733,0.3361091,49.741684,0.30725154,0.08044856,0.32109186,0.8922021,0.31185177,0.060199216,0.26210442,0.911277,-1.0,0
1763544972683,1009.7304,0.9708878,4.6767716,3.7615173,0.053450666,-0.2254091,0.16157374,60.9,-4.8187504,14.418751,46.950733,0.3361091,49.741684,0.30930498,0.07854968,0.32209745,0.89129883,0.31377968,0.05815443,0.26312116,0.91045463,-1.0,0
1763544972708,1009.7187,0.75613195,4.4955153,5.4000025,-0.12018765,-0.14569125,0.021838415,59.23125,-2.025,16.44375,46.950733,0.3361091,49.741684,0.30894753,0.07625384,0.3218237,0.89172095,0.31327268,0.055888023,0.26282376,0.91085696,-1.0,0
1763544972734,1009.7187,-0.58983076,4.851448,6.5048885,0.11071924,0.01970039,-0.0018325944,58.518753,-4.0875,16.331251,46.950733,0.3361091,49.741684,0.309428,0.07691888,0.32168144,0.8915486,0.31379586,0.056518387,0.26268774,0.9106772,-1.0,0
1763544972759,1009.7182,-0.2853441,5.3772707,6.658627,0.17363831,-0.11285727,0.07987057,60.018753,-5.55,14.55,46.950733,0.3361091,49.741684,0.310965,0.076819636,0.3218219,0.8909715,0.31533253,0.056266394,0.26271424,0.9101542,-1.0,0
1763544972784,1009.72943,0.21415763,5.933004,7.0019975,0.21532984,-0.24159703,0.077121675,58.162502,-4.5,15.150001,46.950733,0.3361091,49.741684,0.31596535,0.07415258,0.32115108,0.8896793,0.32016465,0.053172752,0.261833,0.90890634,-1.0,0
1763544972809,1009.72943,0.19860429,6.3475604,7.1395845,0.17318016,-0.20815217,0.04459313,57.693752,-4.6687503,15.056251,46.950733,0.3361091,49.741684,0.31706497,0.073000796,0.32095015,0.88945585,0.32119364,0.051903274,0.2615121,0.90870905,-1.0,0
1763544972834,1009.76263,0.99900347,6.7441707,9.133404,-0.15531237,-0.25610507,0.0129808765,59.325,-4.5,16.275002,46.950733,0.3361091,49.741684,0.3167638,0.070787765,0.32050297,0.8899031,0.32075393,0.04966998,0.26090893,0.90916246,-1.0,0
1763544972860,1009.76263,1.4362918,7.146763,10.468599,-0.12996148,-0.37323838,-0.06811142,60.393753,-5.9812503,13.1625,46.950733,0.3361091,49.741684,0.31656456,0.0673416,0.31911337,0.8907405,0.3203255,0.04625546,0.2594979,0.90989715,-1.0,0
1763544972885,1009.7946,0.9810573,7.698907,10.1288185,-0.06902772,-0.205556,-0.12476913,58.66875,-5.68125,15.168751,46.950733,0.3361091,49.741684,0.31554282,0.06438187,0.31627244,0.8923337,0.31909925,0.04345061,0.25678858,0.91123396,-1.0,0
1763544972910,1009.8234,0.5306084,7.829914,9.6993065,-0.1574504,-0.056810424,-0.10338886,59.737503,-4.0687504,13.89375,46.950733,0.3361091,49.741684,0.3140117,0.06308581,0.31537712,0.8932828,0.31749132,0.04221898,0.2557199,0.9121536,-1.0,0
1763544972935,1009.8234,0.7501499,6.940382,10.884951,-0.20051636,-0.36056295,-0.033444848,59.1375,-3.2812502,15.3,46.950733,0.3361091,49.741684,0.3130184,0.059919696,0.3141316,0.8942877,0.31629542,0.039091185,0.25431213,0.91310155,-1.0,0
1763544972961,1009.8515,1.2705889,6.5964136,10.74497,-0.099723674,-0.3593412,-0.022143848,60.037502,-4.78125,14.043751,46.950733,0.3361091,49.741684,0.3125756,0.05399941,0.31164536,0.8956884,0.31597802,0.03559093,0.25300568,0.9137173,-1.0,0
1763544972986,1009.8564,1.5104693,5.9491553,9.526425,-0.20525056,-0.13041963,-0.114079,58.631252,-4.4437504,14.64375,46.950733,0.3361091,49.741684,0.31112814,0.052466206,0.31045553,0.8966961,0.3139053,0.03188846,0.25080404,0.91517425,-1.0,0
1763544973012,1009.8564,1.6474584,5.5597234,9.715458,-0.18982624,-0.2283107,-0.12064579,57.881252,-3.8812501,13.14375,46.950733,0.3361091,49.741684,0.3097252,0.05037751,0.30902338,0.8977956,0.3123614,0.029965717,0.24950546,0.91612196,-1.0,0
1763544973037,1009.85956,1.5110675,5.042874,9.31825,-0.110108376,-0.30573782,-0.11530073,58.331253,-2.4562502,12.39375,46.950733,0.3361091,49.741684,0.30898646,0.045171034,0.3059091,0.89939237,0.31167924,0.027300399,0.24786988,0.91688126,-1.0,0
1763544973063,1009.85956,1.602593,4.597809,8.699705,-0.0707076,-0.22311836,-0.064904384,58.2,-3.0937502,12.13125,46.950733,0.3361091,49.741684,0.30869612,0.044149492,0.305269,0.8997602,0.31126985,0.024982655,0.24677593,0.9173814,-1.0,0
1763544973087,1009.8493,1.4117653,4.642674,6.424729,0.0754418,-0.015424335,-0.11438443,57.91875,-2.8875,14.625001,46.950733,0.3361091,49.741684,0.30909795,0.044149347,0.30441666,0.899911,0.31129947,0.024152711,0.24583317,0.91764665,-1.0,0
1763544973112,1009.81024,0.83988076,4.6893344,4.9322057,-0.062308207,0.03970621,-0.14263692,58.162502,-3.8625002,13.89375,46.950733,0.3361091,49.741684,0.30692536,0.044824988,0.3023979,0.9013008,0.31107962,0.02474909,0.24493779,0.91794467,-1.0,0
1763544973137,1009.81024,0.49052864,4.564309,5.38744,-0.25014913,0.050090913,-0.1301142,56.943752,-3.6000001,11.83125,46.950733,0.3361091,49.741684,0.30470103,0.04511699,0.30178455,0.902246,0.30697194,0.025426,0.24312961,0.9197879,-1.0,0
1763544973163,1009.7841,-0.11425728,4.964509,5.675177,-0.086742796,0.06994402,0.0035124724,57.99375,-4.0125003,14.38125,46.950733,0.3361091,49.741684,0.30338126,0.045754377,0.30186823,0.90263057,0.30569962,0.026103375,0.24305722,0.9202117,-1.0,0
1763544973187,1009.7841,0.49950173,5.2779684,5.5914283,0.014813471,-0.15363249,0.04291325,57.018753,-3.1125002,13.500001,46.950733,0.3361091,49.741684,0.30373684,0.045120485,0.30186206,0.9025449,0.30601934,0.025378365,0.24284752,0.92018104,-1.0,0
1763544973212,1009.7558,0.7190432,5.343173,6.294918,0.09224058,-0.30711228,0.03405571,58.050003,-2.2687502,14.587501,46.950733,0.3361091,49.741684,0.30540094,0.04289096,0.30119738,0.9023141,0.30753988,0.022991395,0.24203624,0.9199506,-1.0,0
1763544973238,1009.7443,1.0295119,5.907281,7.1156564,0.17180572,-0.20708317,0.06017018,56.643753,-4.14375,14.212501,46.950733,0.3361091,49.741684,0.31020495,0.03867613,0.30006853,0.9012413,0.31206304,0.018428536,0.24084592,0.91884184,-1.0,0
1763544973264,1009.7443,1.3740784,6.196214,7.3770723,0.15668681,-0.008093959,0.064140804,56.68125,-4.74375,13.312501,46.950733,0.3361091,49.741684,0.31197202,0.038499177,0.30038798,0.90053225,0.31381574,0.018122455,0.241168,0.9181662,-1.0,0
1763544973289,1009.75385,1.6127625,6.3972116,8.082356,0.14508039,0.054061532,0.0033597562,58.29375,-3.45,11.681251,46.950733,0.3361091,49.741684,0.31535694,0.039680008,0.30007148,0.8994068,0.31726816,0.01911663,0.24102962,0.91699517,-1.0,0
1763544973315,1009.7646,1.5804594,6.704689,8.2456665,0.3555233,-0.08552107,-0.098960094,57.843754,-3.9,15.31875,46.950733,0.3361091,49.741684,0.31873274,0.039884385,0.29882082,0.8986238,0.32064748,0.019145006,0.23995718,0.9161,-1.0,0
1763544973340,1009.7646,1.6504494,7.152147,7.867601,0.18952079,0.08093958,-0.117744185,57.300003,-5.30625,13.293751,46.950733,0.3361091,49.741684,0.3207792,0.04129586,0.29794884,0.8981213,0.32277885,0.020456364,0.2392202,0.9155157,-1.0,0
1763544973365,1009.7802,2.2935205,7.140183,8.807382,-0.03176497,0.14477496,-0.23258677,58.162502,-6.8437505,13.44375,46.950733,0.3361091,49.741684,0.31910643,0.04548317,0.29407707,0.8997894,0.3213752,0.024811741,0.23544443,0.91687965,-1.0,0
1763544973391,1009.7956,0.05383851,7.110871,9.157332,-0.20143266,0.37476555,-0.4320341,57.825,-4.89375,13.368751,46.950733,0.3361091,49.741684,0.31641513,0.0492472,0.29138997,0.90141445,0.31892526,0.028818289,0.23287924,0.91827196,-1.0,0
1763544973416,1009.7956,-0.30029923,7.225128,9.291928,-0.36514443,0.28985533,-0.320704,58.85625,-3.525,12.093751,46.950733,0.3361091,49.741684,0.31247064,0.052436635,0.2895008,0.9032175,0.31519723,0.03222105,0.23078041,0.9199744,-1.0,0
1763544973441,1009.821,-0.009571291,7.0642104,10.618749,-0.43157595,0.05986475,-0.28115052,58.93125,-3.0375001,13.44375,46.950733,0.3361091,49.741684,0.3046896,0.05344772,0.2851163,0.9072024,0.3075131,0.033587318,0.22571778,0.92377436,-1.0,0
1763544973467,1009.8381,-0.7375876,6.0041904,10.655239,-0.18402301,0.20998476,-0.18066326,58.48125,-3.075,13.968751,46.950733,0.3361091,49.741684,0.3018759,0.055115595,0.2837735,0.9084634,0.30481446,0.03542514,0.22426909,0.9249522,-1.0,0
1763544973491,1009.8381,-0.57547385,5.775676,9.602996,-0.10216714,0.1802051,-0.027794348,59.006252,-4.14375,13.500001,46.950733,0.3361091,49.741684,0.29982105,0.0571042,0.28389516,0.90898293,0.30289778,0.037503276,0.22423603,0.9255078,-1.0,0
1763544973516,1009.8283,-0.19202402,5.465805,8.968898,-0.0594066,-0.0481056,0.026419902,58.631252,-3.80625,13.06875,46.950733,0.3361091,49.741684,0.2986902,0.05583903,0.28385893,0.90944505,0.30199638,0.037570022,0.22420569,0.92580694,-1.0,0
1763544973541,1009.8283,-0.2009971,5.0416775,8.295318,-0.048411034,-0.1594357,0.034208428,58.18125,-3.1125002,13.5375,46.950733,0.3361091,49.741684,0.2983581,0.054230288,0.28404036,0.9095947,0.30126393,0.03461993,0.22400124,0.92621,-1.0,0
1763544973566,1009.81683,-0.2009971,4.3298125,7.1635127,-0.13561198,0.04612029,0.19501857,57.206253,-3.5812502,13.968751,46.950733,0.3361091,49.741684,0.29726565,0.05343094,0.28547233,0.90955144,0.30012533,0.033860244,0.22532982,0.92628545,-1.0,0
1763544973591,1009.7995,0.17168503,4.2574296,7.459625,-0.13820815,0.2716821,0.27565274,57.393753,-3.43125,13.33125,46.950733,0.3361091,49.741684,0.29517615,0.0544842,0.28847814,0.90922105,0.29811257,0.03501965,0.22826271,0.9261742,-1.0,0
1763544973616,1009.7995,0.22492532,4.2341,6.962516,0.066889696,0.228158,0.3019199,56.831253,-3.99375,13.575001,46.950733,0.3361091,49.741684,0.29631436,0.056259442,0.29459777,0.9067772,0.2975027,0.036662683,0.231663,0.9254622,-1.0,0
1763544973642,1009.779,1.0331012,4.6929235,4.785047,0.26648977,-0.19165882,0.26160285,60.037502,-5.7562504,11.025001,46.950733,0.3361091,49.741684,0.29947323,0.054842245,0.29640412,0.90523624,0.30242217,0.035110343,0.23647882,0.9227057,-1.0,0
1763544973667,1009.7536,1.6313069,4.768297,5.178068,0.053603385,-0.15775582,0.12599087,58.85625,-3.3000002,15.01875,46.950733,0.3361091,49.741684,0.3013293,0.053031396,0.2972697,0.90444404,0.30415472,0.03318973,0.2374184,0.9219658,-1.0,0
1763544973693,1009.7536,1.4877375,4.662415,6.538388,-0.13439025,0.088269964,-0.06551525,58.350002,-3.6000001,14.625001,46.950733,0.3361091,49.741684,0.30074504,0.052799165,0.2972437,0.90466064,0.30355123,0.033044733,0.23752555,0.9221422,-1.0,0
1763544973718,1009.7614,0.3900301,4.725825,8.711669,-0.11499529,0.30008733,-0.19761476,58.74375,-3.16875,13.781251,46.950733,0.3361091,49.741684,0.29854405,0.05861651,0.29600257,0.90543807,0.30172122,0.03909931,0.23656015,0.92275393,-1.0,0
1763544973743,1009.7614,-1.1832508,5.948557,7.6713896,0.5201514,0.119271345,0.025961753,56.343754,-5.55,15.712501,46.950733,0.3361091,49.741684,0.30166978,0.06179758,0.296111,0.9041542,0.30505112,0.042040586,0.23666108,0.92150307,-1.0,0
1763544973768,1009.7563,-0.66161543,6.6795645,6.471389,0.539699,-0.15683953,0.103236146,58.443752,-4.59375,14.981251,46.950733,0.3361091,49.741684,0.31156552,0.06178612,0.2955135,0.900989,0.31495807,0.041133787,0.23553723,0.9184942,-1.0,0
1763544973794,1009.7531,0.07238288,7.0606213,7.0319076,0.40240717,-0.2829831,0.0481056,58.818752,-6.4125004,14.418751,46.950733,0.3361091,49.741684,0.3148081,0.061192114,0.29415062,0.9003482,0.31816667,0.04023134,0.23394199,0.9178358,-1.0,0
1763544973819,1009.7531,-0.36670008,7.015756,8.489137,0.045051277,0.051923506,-0.15164718,59.756252,-6.9375005,13.593751,46.950733,0.3361091,49.741684,0.31564313,0.062111914,0.29274893,0.9004497,0.31906688,0.041046202,0.23239952,0.9178791,-1.0,0
1763544973844,1009.78046,-0.94277215,7.0845494,9.247063,0.022907428,0.045203995,-0.07941242,58.125004,-4.8562503,13.63125,46.950733,0.3361091,49.741684,0.31632736,0.0631515,0.29145387,0.90055734,0.31984127,0.04186462,0.23060213,0.9180259,-1.0,0
1763544973869,1009.8,-0.6837491,7.277172,9.04786,0.07987057,-0.13790272,0.022296565,56.662502,-4.7625003,14.1,46.950733,0.3361091,49.741684,0.31710282,0.061474226,0.2913202,0.9004439,0.32051682,0.040028363,0.23015873,0.9179835,-1.0,0
1763544973894,1009.8,-0.12502499,7.4656067,8.56152,-0.021991132,-0.20876303,0.0962112,58.65,-5.925,13.33125,46.950733,0.3361091,49.741684,0.31601253,0.059743617,0.29182103,0.90078145,0.31932434,0.03827792,0.23035677,0.91842395,-1.0,0
1763544973919,1009.8161,1.1647065,6.95773,10.022338,-0.39629853,-0.035582874,0.028252495,59.062504,-5.25,13.556251,46.950733,0.3361091,49.741684,0.31307554,0.058358017,0.29223755,0.9017623,0.31630474,0.03705779,0.23060168,0.91945684,-1.0,0
1763544973945,1009.8422,1.6983058,6.212964,11.525628,-0.33124143,-0.009010255,-0.008246674,58.29375,-6.7312503,15.731251,46.950733,0.3361091,49.741684,0.30825716,0.05657959,0.29220212,0.9035454,0.3113624,0.03573778,0.23082621,0.92113817,-1.0,0
1763544973969,1009.8422,1.6701902,5.63091,10.926825,-0.08613193,-0.018325943,-0.053145237,60.6375,-6.20625,13.14375,46.950733,0.3361091,49.741684,0.30857524,0.055096813,0.29158413,0.903728,0.31156427,0.034380637,0.2306221,0.9211727,-1.0,0
1763544973994,1009.8415,2.0153549,5.24746,8.674581,0.010079269,-0.31994042,0.0368046,59.381252,-6.6000004,13.9125,46.950733,0.3361091,49.741684,0.3094407,0.05212514,0.29100278,0.9037958,0.31222025,0.03145012,0.23030977,0.92113346,-1.0,0
1763544974019,1009.8415,2.4705894,5.09073,7.9704924,-0.10995566,-0.16646065,-0.04016436,58.218754,-4.2375,15.450001,46.950733,0.3361091,49.741684,0.3074347,0.048881475,0.28952467,0.90513533,0.3099797,0.028601466,0.22950329,0.9221837,-1.0,0
1763544974044,1009.832,1.7473587,4.747958,7.697112,-0.22311836,-0.0050396346,-0.13607013,58.218754,-4.2375,15.450001,46.950733,0.3361091,49.741684,0.3054007,0.048501518,0.28856432,0.90615046,0.3099797,0.028601466,0.22950329,0.9221837,-1.0,0
1763544974069,1009.8095,1.0642079,4.4225345,7.3986077,-0.066889696,0.06811142,-0.09529491,59.11875,-4.2562504,14.118751,46.950733,0.3361091,49.741684,0.3041934,0.048698746,0.28788185,0.90676284,0.3067162,0.028816061,0.228312,0.9235629,-1.0,0
1763544974095,1009.8095,0.7495517,4.6899323,6.2961144,0.036346454,0.16875139,-0.06750056,58.912502,-4.425,15.375001,46.950733,0.3361091,49.741684,0.3036992,0.05017862,0.28772935,0.90689623,0.30631274,0.030390337,0.22834831,0.9236374,-1.0,0
1763544974120,1009.77435,0.5413761,4.950152,5.3856454,0.11209369,0.07422007,-0.032681264,56.437504,-5.0437503,11.925,46.950733,0.3361091,49.741684,0.3058978,0.05095458,0.2869747,0.90635294,0.3085543,0.031049455,0.22771212,0.9230262,-1.0,0
1763544974145,1009.7421,1.3256238,5.4676,4.979464,0.04046979,-0.2784016,-0.12858704,56.193752,-5.45625,16.35,46.950733,0.3361091,49.741684,0.30758047,0.048923995,0.28517872,0.90646225,0.31010404,0.028892837,0.22584918,0.9230346,-1.0,0
1763544974170,1009.7421,0.56769717,5.4963136,5.797211,-0.035430156,-0.054672398,-0.22601996,58.031254,-4.3875003,15.618751,46.950733,0.3361091,49.741684,0.30798522,0.048372477,0.28294748,0.9070535,0.31047136,0.02832547,0.22361171,0.92347336,-1.0,0
1763544974196,1009.7304,-0.42592242,5.499305,6.4127645,0.026725333,0.118202336,-0.14813471,57.656254,-4.275,13.650001,46.950733,0.3361091,49.741684,0.3079048,0.04974849,0.28156698,0.90743583,0.31048152,0.029690385,0.22216943,0.9237751,-1.0,0
1763544974221,1009.7304,0.035294134,5.7810597,6.8135624,0.17577635,0.024740024,0.028863361,56.60625,-4.3875003,13.462501,46.950733,0.3361091,49.741684,0.31232753,0.050096124,0.28130108,0.90598655,0.31164077,0.03089457,0.22195338,0.9233971,-1.0,0
1763544974246,1009.73627,0.6891329,6.5718875,6.8315086,0.34773478,-0.34849834,0.0097738365,58.93125,-6.1312504,11.15625,46.950733,0.3361091,49.741684,0.3167876,0.047823317,0.28012258,0.90492535,0.31923357,0.027044607,0.22046076,0.9212793,-1.0,0
1763544974271,1009.75214,0.46241298,6.55095,8.009376,0.15683953,0.02367101,0.08353576,56.49375,-6.39375,13.593751,46.950733,0.3361091,49.741684,0.31991592,0.05002157,0.2822115,0.903055,0.3213829,0.02649376,0.22053878,0.92052907,-1.0,0
1763544974296,1009.75214,0.8955139,6.741778,9.107083,0.21349724,0.30558512,0.16416991,59.30625,-7.8375,12.3,46.950733,0.3361091,49.741684,0.32244426,0.05193345,0.28404215,0.9014725,0.3251512,0.030725803,0.22445345,0.91812485,-1.0,0
1763544974321,1009.7673,1.6295122,7.5978103,7.9016986,0.2849684,-0.15302163,0.0035124724,58.7625,-6.7875004,13.368751,46.950733,0.3361091,49.741684,0.32579455,0.051450074,0.28386667,0.9003502,0.32846066,0.030046724,0.22441447,0.9169782,-1.0,0
1763544974347,1009.7734,0.9445667,7.700701,7.351948,-0.07849612,-0.024129158,-0.12538,57.393753,-7.89375,11.56875,46.950733,0.3361091,49.741684,0.32231033,0.051448427,0.282226,0.9021184,0.3249822,0.030289143,0.22270791,0.91862416,-1.0,0
1763544974372,1009.7734,0.26081768,7.649854,9.457033,-0.5868883,0.16569707,-0.108123064,58.8375,-6.39375,13.031251,46.950733,0.3361091,49.741684,0.31604904,0.05135085,0.2822932,0.9043156,0.31873408,0.030536795,0.2224469,0.9208656,-1.0,0
1763544974397,1009.82245,0.20518455,6.777072,12.997812,-0.31459537,0.19715661,-0.14676027,59.343754,-6.0937505,13.275001,46.950733,0.3361091,49.741684,0.3116442,0.0521195,0.2818168,0.9059474,0.31438708,0.031612273,0.22192308,0.9224487,-1.0,0
1763544974422,1009.82245,-0.9936196,6.469594,10.929815,-0.014508039,0.23258677,-0.066126116,57.412502,-6.9187503,13.837501,46.950733,0.3361091,49.741684,0.3097205,0.05443705,0.2817505,0.9064913,0.31261325,0.034104764,0.22198085,0.9229487,-1.0,0
1763544974447,1009.8444,-0.62871414,6.081359,9.323633,0.088269964,-0.00962112,0.041844238,61.143753,-6.01875,11.0625,46.950733,0.3361091,49.741684,0.31061807,0.05408708,0.28183898,0.9061776,0.31350073,0.033560347,0.22168751,0.92273813,-1.0,0
1763544974472,1009.8288,-0.2213361,4.9974103,7.6199436,0.041080657,-0.2283107,0.064904384,59.23125,-6.7312503,12.243751,46.950733,0.3361091,49.741684,0.31049043,0.05157919,0.28180504,0.9063781,0.31321463,0.031005003,0.22145993,0.9229793,-1.0,0
1763544974498,1009.8288,0.13040884,4.703093,7.700701,-0.25335616,-0.15638138,0.12858704,58.55625,-5.7937503,11.325001,46.950733,0.3361091,49.741684,0.30887827,0.049232237,0.2823772,0.9068812,0.31145585,0.028720103,0.22185154,0.9235542,-1.0,0
1763544974523,1009.8193,0.32841492,4.66062,7.5667033,-0.2603811,-0.031306818,0.12202024,58.312504,-6.20625,12.618751,46.950733,0.3361091,49.741684,0.3043105,0.04729783,0.28454965,0.90784883,0.30677176,0.027075058,0.22390524,0.92467535,-1.0,0
1763544974548,1009.7973,-0.116650105,4.351348,6.2871413,-0.16936226,0.036346454,0.08781181,57.825,-5.8500004,10.33125,46.950733,0.3361091,49.741684,0.3024293,0.047176816,0.28552392,0.9081778,0.304887,0.02707483,0.22484395,0.9250708,-1.0,0
1763544974573,1009.7973,-0.23688944,4.133601,5.9042897,-0.06780599,-0.11346813,0.14355323,58.48125,-6.05625,12.13125,46.950733,0.3361091,49.741684,0.3018166,0.046055906,0.28637275,0.9081719,0.30420408,0.025967214,0.22560108,0.92514306,-1.0,0
1763544974599,1009.7692,0.12083755,4.159324,5.4664035,-0.039553493,-0.21074834,0.2243401,59.68125,-5.30625,11.64375,46.950733,0.3361091,49.741684,0.30153936,0.041751634,0.28910488,0.9076063,0.30435503,0.023642844,0.22663839,0.9249022,-1.0,0
1763544974623,1009.75165,1.1012967,4.305286,5.5387864,-0.15821397,-0.08170316,0.20662501,58.818752,-7.36875,11.08125,46.950733,0.3361091,49.741684,0.29920653,0.04160647,0.2903499,0.9079875,0.30131108,0.021616887,0.22932525,0.92528605,-1.0,0
1763544974648,1009.75165,0.29970104,4.39741,7.9686975,-0.15027274,0.062002774,-0.003817905,56.325,-7.275,13.35,46.950733,0.3361091,49.741684,0.2971866,0.04179584,0.29075202,0.9085133,0.29930583,0.021972137,0.2297904,0.92581296,-1.0,0
1763544974673,1009.747,0.08075777,4.6785665,7.984251,0.11514801,-0.06444623,-0.0016798781,58.65,-5.4,10.6875,46.950733,0.3361091,49.741684,0.2975895,0.04156583,0.29057622,0.9084483,0.29969296,0.021711001,0.22960423,0.92574006,-1.0,0
1763544974698,1009.747,-0.56111693,5.0775695,6.9906316,0.17104214,0.01924224,0.04444041,58.95,-5.8875003,12.993751,46.950733,0.3361091,49.741684,0.29905105,0.043459874,0.29192635,0.90744627,0.30119634,0.022008289,0.2296169,0.9252418,-1.0,0
1763544974723,1009.74066,-0.25184458,5.5130634,7.68455,0.042760536,0.18829907,0.12873976,58.575,-7.1625004,11.400001,46.950733,0.3361091,49.741684,0.29859224,0.045229364,0.2935796,0.9069774,0.30095074,0.025133295,0.23218702,0.92460054,-1.0,0
1763544974748,1009.75946,0.34217364,6.2751775,9.3409815,0.23426664,0.0033597562,0.10690133,58.631252,-6.15,10.875,46.950733,0.3361091,49.741684,0.30003494,0.046136677,0.2945764,0.906132,0.30245405,0.025905995,0.23312822,0.92385155,-1.0,0
1763544974773,1009.75946,0.44685963,6.470791,8.635697,0.22663084,-0.10613775,0.09957096,57.975002,-7.2187505,11.475,46.950733,0.3361091,49.741684,0.30315965,0.04589563,0.2956708,0.9047467,0.30487403,0.025408387,0.23355247,0.9229623,-1.0,0
1763544974799,1009.78754,0.6681957,6.8021965,8.7673025,0.016493348,0.05421425,0.0810923,62.362503,-6.0,8.306251,46.950733,0.3361091,49.741684,0.3016705,0.04707428,0.29659638,0.90488094,0.30555937,0.025409622,0.23417346,0.9225782,-1.0,0
1763544974824,1009.8188,0.046660043,7.5409803,11.021939,-0.12568542,-0.021685699,0.06750056,57.975002,-4.9875,12.1125,46.950733,0.3361091,49.741684,0.30031663,0.04708255,0.29712477,0.90515745,0.3028092,0.026710147,0.23536836,0.92314404,-1.0,0
1763544974849,1009.8188,0.6520442,7.1300135,11.623136,0.09850194,-0.22098033,0.18997894,58.65,-6.6562505,12.450001,46.950733,0.3361091,49.741684,0.3011348,0.045372926,0.29786262,0.9047304,0.30351585,0.024879552,0.23592153,0.9228219,-1.0,0
1763544974874,1009.8317,1.5960127,6.716055,9.799207,0.23777911,-0.27366742,0.24709481,59.081253,-6.0,12.375001,46.950733,0.3361091,49.741684,0.30503193,0.04117843,0.30013278,0.9028733,0.3071206,0.020422434,0.2382871,0.9211293,-1.0,0
1763544974899,1009.8317,2.769094,5.8953166,9.436694,-0.31444263,0.113926284,-0.09605849,60.000004,-6.0,10.25625,46.950733,0.3361091,49.741684,0.3028099,0.040738087,0.30015126,0.9036348,0.30486766,0.020227505,0.23853788,0.9218168,-1.0,0
1763544974924,1009.8366,1.2867404,5.032106,10.073783,-0.3688096,0.27427828,-0.18341215,58.29375,-6.43125,10.462501,46.950733,0.3361091,49.741684,0.29873306,0.04201548,0.29957622,0.9051228,0.30087498,0.021931175,0.23833719,0.92314065,-1.0,0
1763544974949,1009.8293,0.7393822,4.599603,10.125827,-0.17012584,0.09468404,-0.055435978,60.843754,-7.0312505,8.53125,46.950733,0.3361091,49.741684,0.29603797,0.04138258,0.29969865,0.90599656,0.29813167,0.021644995,0.23891215,0.9238885,-1.0,0
1763544974974,1009.8293,1.1431711,4.3208394,9.040682,0.064140804,-0.2102902,0.110871956,59.943752,-6.99375,9.8625,46.950733,0.3361091,49.741684,0.29749528,0.03866441,0.30034873,0.90542376,0.29940143,0.018898904,0.23979247,0.9233099,-1.0,0
1763544974999,1009.8095,2.2947168,4.6097727,6.6394844,-0.026419902,-0.24388777,0.09483676,58.29375,-5.7937503,9.65625,46.950733,0.3361091,49.741684,0.2982291,0.035878427,0.30079365,0.90514934,0.29994407,0.016167855,0.24055418,0.92298746,-1.0,0
1763544975024,1009.8095,2.0632114,4.7988057,6.593423,-0.17486005,-0.15714496,-0.04459313,57.45,-6.15,11.45625,46.950733,0.3361091,49.741684,0.29759422,0.033563107,0.30029655,0.90561205,0.29915306,0.014009221,0.24036685,0.9233282,-1.0,0
1763544975049,1009.7836,1.719243,4.7970114,6.899704,-0.20494513,0.008552107,-0.13744457,58.55625,-5.0437503,11.90625,46.950733,0.3361091,49.741684,0.29451954,0.033267558,0.29799908,0.9073853,0.29605815,0.014074243,0.23845387,0.9248196,-1.0,0
1763544975074,1009.7646,1.2556337,5.0009995,6.0514483,0.014202606,0.08704823,-0.24587308,59.062504,-5.5875,9.262501,46.950733,0.3361091,49.741684,0.29416057,0.0345016,0.29624286,0.9080305,0.29577747,0.015378366,0.23681389,0.9253099,-1.0,0
1763544975099,1009.7646,0.76749784,5.232505,4.985446,0.04016436,0.07620538,-0.2849684,59.325,-5.0625,8.7375,46.950733,0.3361091,49.741684,0.29445395,0.036069788,0.29399705,0.9086042,0.29616997,0.016955862,0.23463441,0.9257119,-1.0,0
1763544975124,1009.73016,0.69272214,5.332405,4.7766724,-0.11942407,0.10598504,-0.30237806,59.456253,-5.8125,9.993751,46.950733,0.3361091,49.741684,0.2938331,0.037586782,0.2916346,0.9095046,0.29564926,0.018497882,0.23218124,0.92646706,-1.0,0
1763544975149,1009.7233,-0.5192425,5.113462,7.528418,-0.1386663,0.22036947,-0.16371176,56.86875,-6.0937505,11.681251,46.950733,0.3361091,49.741684,0.28932336,0.041737206,0.288282,0.9118352,0.29142419,0.022846213,0.22841355,0.9286427,-1.0,0
1763544975174,1009.7233,-0.38404804,5.326423,7.8514495,0.12751803,0.062613636,0.026572619,56.775,-5.2125,10.556251,46.950733,0.3361091,49.741684,0.28946844,0.04312992,0.28827423,0.91172683,0.291665,0.024160169,0.22820145,0.928586,-1.0,0
1763544975199,1009.72235,0.4354937,5.877969,6.963114,0.32116216,-0.041691523,0.115453444,58.95,-5.3625,10.181251,46.950733,0.3361091,49.741684,0.29492122,0.044070702,0.28945628,0.9095572,0.2943391,0.024542587,0.22869392,0.9276105,-1.0,0
1763544975224,1009.7287,0.8703892,6.262017,6.882954,0.2593121,-0.02367101,0.08918626,56.362503,-5.8875003,10.33125,46.950733,0.3361091,49.741684,0.29675624,0.045176357,0.29017493,0.9086767,0.29908243,0.025590451,0.2298745,0.9257713,-1.0,0
1763544975250,1009.7287,0.9601201,6.4719872,8.620144,0.22174391,0.13637556,0.14080434,57.562504,-6.2812505,12.39375,46.950733,0.3361091,49.741684,0.29843855,0.04679446,0.29148722,0.90762323,0.30086815,0.027086096,0.2312271,0.9248128,-1.0,0
1763544975275,1009.7507,2.3347967,6.8075805,9.954741,0.32421649,0.044134982,0.15042545,58.312504,-6.9375005,11.418751,46.950733,0.3361091,49.741684,0.3009305,0.04769511,0.29299018,0.9062686,0.3034138,0.027821345,0.23281658,0.92355967,-1.0,0
1763544975301,1009.7507,2.480759,7.172486,9.275179,0.4346303,0.12828161,-0.06398808,56.456253,-6.0,11.25,46.950733,0.3361091,49.741684,0.30642226,0.05332074,0.29213226,0.90438986,0.3070646,0.029443877,0.23335789,0.9221651,-1.0,0
1763544975326,1009.7587,-1.1306087,7.4045897,7.9070826,-0.064904384,0.46654797,-0.15012002,58.781254,-6.76875,12.281251,46.950733,0.3361091,49.741684,0.30530185,0.058185525,0.2918848,0.90454876,0.3084355,0.0382401,0.23253831,0.92159164,-1.0,0
1763544975351,1009.7756,-0.8572287,7.248458,9.512068,-0.24770567,0.11209369,0.006872229,58.312504,-6.9375005,11.418751,46.950733,0.3361091,49.741684,0.30291227,0.0600936,0.29227668,0.9051007,0.30619484,0.040147364,0.2324359,0.9222833,-1.0,0
1763544975376,1009.7756,0.41814575,6.7148585,11.248659,-0.24541493,-0.23594652,0.01924224,57.9,-6.2250004,10.181251,46.950733,0.3361091,49.741684,0.29974934,0.056561776,0.290879,0.90682995,0.30442253,0.03807017,0.23164089,0.9231577,-1.0,0
1763544975401,1009.8166,0.52283174,5.8271213,11.223535,-0.17776164,-0.08048143,-0.116217025,61.050003,-5.8875003,9.84375,46.950733,0.3361091,49.741684,0.29727027,0.056895282,0.29003164,0.9078959,0.30036578,0.037243538,0.22976188,0.924988,-1.0,0
1763544975426,1009.8166,-0.6789634,5.063213,10.236495,-0.3280344,-0.11682789,-0.052381653,58.575,-5.775,9.9375,46.950733,0.3361091,49.741684,0.2941919,0.05582651,0.28935665,0.9091794,0.29722625,0.036359847,0.22894342,0.9262394,-1.0,0
1763544975452,1009.8305,-0.16151553,4.9692945,10.110872,-0.3176497,-0.18402301,-0.011148282,58.331253,-5.4375,11.325001,46.950733,0.3361091,49.741684,0.288484,0.052147273,0.28868732,0.911437,0.29129565,0.033003017,0.22793299,0.92849565,-1.0,0
1763544975478,1009.8415,-0.28893334,4.947759,9.430114,-0.30986115,-0.027794348,0.0061086477,59.04375,-4.875,11.231251,46.950733,0.3361091,49.741684,0.2854993,0.052026358,0.28952515,0.91211766,0.2883107,0.03306876,0.22869022,0.9292385,-1.0,0
1763544975503,1009.8244,-0.6095716,4.819743,7.7647095,-0.18096869,0.182954,0.21288638,60.487503,-4.33125,9.65625,46.950733,0.3361091,49.741684,0.283101,0.052704975,0.29161713,0.91215974,0.28596866,0.033851426,0.23060335,0.9294612,-1.0,0
1763544975528,1009.8244,-0.18723837,4.5948176,7.056434,-0.08811724,0.15714496,0.29061893,59.156254,-4.9875,11.38125,46.950733,0.3361091,49.741684,0.28166834,0.05326942,0.29735857,0.91071576,0.28458902,0.034405854,0.23608978,0.92848635,-1.0,0
1763544975554,1009.7946,0.91346,4.2831526,5.6356955,0.17195843,-0.13637556,0.29917103,59.831253,-3.7875001,11.231251,46.950733,0.3361091,49.741684,0.2835496,0.05187967,0.29964086,0.9094633,0.28637573,0.03287586,0.23839167,0.9274036,-1.0,0
1763544975579,1009.7946,1.608575,4.281358,5.0045886,0.12797616,-0.045662142,0.20784675,61.237503,-4.7625003,11.606251,46.950733,0.3361091,49.741684,0.2853568,0.050951667,0.3014526,0.9083511,0.28811532,0.03184522,0.24032392,0.92640156,-1.0,0
1763544975605,1009.75555,1.4261223,4.398008,5.3539405,-0.010079269,0.09010255,0.029016078,58.612503,-4.78125,10.8,46.950733,0.3361091,49.741684,0.28496766,0.052273404,0.30222052,0.908143,0.2878026,0.033297878,0.2414514,0.9261545,-1.0,0
1763544975630,1009.737,0.34636107,4.392026,6.175277,-0.0490219,0.1461494,-0.07819069,58.068752,-6.7125,11.4375,46.950733,0.3361091,49.741684,0.28477398,0.05330366,0.30192512,0.9082421,0.28767645,0.034347594,0.24117874,0.9262264,-1.0,0
1763544975656,1009.737,-0.54436713,5.0865426,7.382456,0.15592323,-0.062460925,0.10644319,60.693752,-5.2125,12.618751,46.950733,0.3361091,49.741684,0.28587848,0.053370852,0.3023267,0.90775746,0.28879076,0.03427611,0.24140169,0.9258241,-1.0,0
1763544975680,1009.74945,0.2847459,5.622535,7.405786,0.3451386,-0.10598504,0.12873976,58.66875,-4.40625,11.85,46.950733,0.3361091,49.741684,0.2888078,0.053363226,0.30297,0.9066155,0.29172313,0.033988062,0.24184673,0.92479867,-1.0,0
1763544975705,1009.7536,0.34157544,6.2027946,6.9906316,0.3846921,-0.21563527,0.07284562,59.4,-5.83125,12.468751,46.950733,0.3361091,49.741684,0.29656988,0.051019263,0.30226785,0.90447634,0.29932123,0.031039834,0.24100533,0.9226916,-1.0,0
1763544975731,1009.7536,1.1629118,6.433702,9.353543,0.18936808,-0.25228715,0.018173227,61.29375,-5.1375003,12.543751,46.950733,0.3361091,49.741684,0.2993463,0.04908036,0.30150047,0.903925,0.3019658,0.028874328,0.24013919,0.9221259,-1.0,0
1763544975756,1009.77606,1.1222339,6.454041,9.549755,0.19211698,0.048716467,-0.05864302,59.025,-5.625,11.418751,46.950733,0.3361091,49.741684,0.3011405,0.04943985,0.3009508,0.9034925,0.3037789,0.029125292,0.23965849,0.92164737,-1.0,0
1763544975781,1009.77606,0.53240305,6.984051,8.670393,0.13133593,0.30711228,-0.109039366,59.943752,-5.2875004,12.69375,46.950733,0.3361091,49.741684,0.30025846,0.05525131,0.30039176,0.9036354,0.30328515,0.035013758,0.23918508,0.9217281,-1.0,0
1763544975806,1009.79803,0.071186475,7.7234335,8.049456,-0.1545488,0.22036947,-0.15409064,59.006252,-5.625,12.20625,46.950733,0.3361091,49.741684,0.29708207,0.05421212,0.29877338,0.9052833,0.30005667,0.03409863,0.23717982,0.9233358,-1.0,0
1763544975831,1009.841,0.07178468,6.646663,12.814163,-0.50197816,-0.2864956,-0.06597339,59.100002,-4.5,11.6625,46.950733,0.3361091,49.741684,0.29334792,0.05084489,0.2972064,0.9072101,0.2961132,0.030906122,0.23522365,0.9252198,-1.0,0
1763544975856,1009.841,1.0396814,6.035297,14.078771,-0.25610507,-0.23121232,0.090560704,60.937504,-4.2937503,9.6,46.950733,0.3361091,49.741684,0.29085183,0.0461499,0.2981174,0.9079656,0.2933633,0.02791345,0.23493856,0.92626274,-1.0,0
1763544975881,1009.8896,1.9986051,5.5663037,13.207783,0.126449,-0.089033544,0.15882485,60.581253,-5.1000004,12.31875,46.950733,0.3361091,49.741684,0.29318067,0.046633456,0.29942283,0.90676147,0.29564387,0.02691284,0.23808236,0.9247633,-1.0,0
1763544975906,1009.8791,2.4783661,5.3144593,7.580462,0.29000807,-0.04963276,0.044745844,59.643753,-6.80625,12.356251,46.950733,0.3361091,49.741684,0.2958393,0.046998207,0.3001273,0.90564555,0.29830685,0.02725331,0.239338,0.92357326,-1.0,0
1763544975932,1009.8791,2.2498515,4.97408,7.1365933,0.03329213,-0.28435755,-0.12904519,59.775,-4.8,11.606251,46.950733,0.3361091,49.741684,0.2968241,0.042733915,0.2962927,0.9067965,0.2997372,0.02541583,0.23836382,0.9234145,-1.0,0
1763544975957,1009.86127,1.8257236,4.6175494,7.0959153,-0.22189663,-0.19700389,-0.24129158,59.062504,-4.8562503,10.14375,46.950733,0.3361091,49.741684,0.2931016,0.042454638,0.29405743,0.908746,0.298988,0.023170706,0.23617016,0.9242797,-1.0,0
1763544975983,1009.86127,0.34277186,4.3274198,8.55135,-0.505796,0.30787584,-0.31444263,60.393753,-3.9750001,10.575001,46.950733,0.3361091,49.741684,0.28759453,0.044152185,0.29227915,0.91099554,0.28985688,0.025357775,0.23242268,0.9280731,-1.0,0
1763544976008,1009.83905,-0.09451649,4.2628136,8.898908,-0.24373505,0.27015495,-0.22693627,61.593754,-3.2250001,9.637501,46.950733,0.3361091,49.741684,0.2834701,0.046576034,0.2910442,0.9125616,0.2858955,0.028078673,0.231199,0.92952806,-1.0,0
1763544976033,1009.82074,-0.14656039,4.328616,7.6259255,0.13454297,0.045662142,-0.11056653,60.281254,-2.8875,13.293751,46.950733,0.3361091,49.741684,0.28566673,0.04862998,0.2893827,0.91229784,0.2882231,0.029963769,0.22948737,0.9291745,-1.0,0
1763544976059,1009.82074,0.11246266,4.578666,5.7080784,0.3046688,-0.0697913,-0.021532983,61.4625,-3.1125002,10.25625,46.950733,0.3361091,49.741684,0.28779218,0.049263217,0.28921264,0.9116495,0.29038754,0.030435137,0.22928818,0.92853415,-1.0,0
1763544976083,1009.7861,0.9882358,5.0542397,5.2008,0.027488915,0.091477,-0.07742711,61.781254,-3.075,8.3625,46.950733,0.3361091,49.741684,0.2883385,0.050420698,0.28892884,0.91150355,0.29101118,0.031525277,0.22892082,0.9283932,-1.0,0
1763544976108,1009.7861,0.33379877,4.9674997,5.9347982,0.023518294,0.08720095,-0.13912445,59.5125,-2.4562502,11.493751,46.950733,0.3361091,49.741684,0.28850362,0.051568728,0.28792435,0.91170496,0.2912505,0.032662276,0.22791223,0.928527,-1.0,0
1763544976133,1009.768,0.109471634,5.1900325,6.3457656,0.09789108,0.049174614,-0.073761925,58.706253,-2.15625,11.26875,46.950733,0.3361091,49.741684,0.29102004,0.052990243,0.28671375,0.91120505,0.29385984,0.03386762,0.22658148,0.92798716,-1.0,0
1763544976159,1009.7443,0.62931234,5.9527445,7.066005,0.27550003,-0.20433427,0.014202606,60.956253,-1.81875,11.625,46.950733,0.3361091,49.741684,0.29405788,0.052154094,0.28609085,0.91047347,0.29684025,0.03280168,0.22590414,0.92724174,-1.0,0
1763544976185,1009.74384,0.71246296,6.2291155,7.3788667,0.22525638,-0.088269964,0.020311253,59.5125,-2.4562502,12.1125,46.950733,0.3361091,49.741684,0.29852155,0.05275062,0.2861968,0.90895194,0.30133635,0.03307803,0.22602694,0.92575055,-1.0,0
1763544976210,1009.74384,0.75553375,6.358328,8.269595,0.20219624,0.110108376,0.06368265,62.175003,-3.05625,11.56875,46.950733,0.3361091,49.741684,0.30076036,0.054247726,0.28702965,0.90786254,0.3036681,0.034428146,0.22693826,0.9247159,-1.0,0
1763544976235,1009.7526,0.9876375,6.875178,8.761918,0.40500334,-0.04535671,0.032681264,61.2,-3.6375,10.462501,46.950733,0.3361091,49.741684,0.30432662,0.055085745,0.28714737,0.9065855,0.30727804,0.035061896,0.22723305,0.9234262,-1.0,0
1763544976260,1009.7526,1.274178,7.1282187,8.452047,0.32131487,-0.105526894,-0.022754714,60.393753,-3.24375,11.45625,46.950733,0.3361091,49.741684,0.30788442,0.055109236,0.28662002,0.90554905,0.31082729,0.034874607,0.22683984,0.9223415,-1.0,0
1763544976285,1009.747,0.9846465,7.503892,8.687741,0.07422007,0.12553272,-0.13897173,56.756252,-3.73125,12.01875,46.950733,0.3361091,49.741684,0.30718347,0.059890367,0.28560638,0.90580374,0.3104351,0.03973197,0.22593255,0.92249984,-1.0,0
1763544976311,1009.76776,-0.46181476,7.6480594,10.368699,-0.2319759,0.28038692,-0.020005822,59.2125,-3.4687502,9.1125,46.950733,0.3361091,49.741684,0.30417085,0.06296819,0.28639477,0.9063626,0.3076383,0.042936873,0.22649436,0.9231551,-1.0,0
1763544976336,1009.76776,0.20697916,7.043872,11.210972,-0.14462224,-0.18509203,-0.025045456,61.18125,-2.15625,11.775001,46.950733,0.3361091,49.741684,0.30293065,0.062102973,0.28597844,0.9069689,0.30635783,0.042055134,0.22573917,0.9238063,-1.0,0
1763544976361,1009.8107,0.38883367,6.102296,11.042876,-0.14034618,-0.16936226,-0.1075122,62.193752,-3.0375001,10.481251,46.950733,0.3361091,49.741684,0.29963553,0.060815837,0.28417382,0.90871626,0.3055024,0.040129498,0.22421534,0.92454606,-1.0,0
1763544976387,1009.82245,-0.44626144,5.015356,10.183853,-0.24617851,0.3026835,0.026419902,61.218754,-2.8875,9.1875,46.950733,0.3361091,49.741684,0.2960799,0.06298751,0.28529084,0.90938354,0.29957408,0.04342922,0.22502144,0.92613965,-1.0,0
1763544976413,1009.82245,-0.31944183,4.929813,9.400802,-0.2196059,0.13988803,0.07223476,59.5875,-2.9437501,10.59375,46.950733,0.3361091,49.741684,0.29315034,0.063894674,0.28651217,0.9098852,0.29670897,0.04453568,0.22623558,0.92671347,-1.0,0
1763544976438,1009.8188,-0.51266223,4.8526444,8.526225,-0.1886045,0.019547673,0.08277218,60.525,-3.3375,10.05,46.950733,0.3361091,49.741684,0.2890261,0.06302734,0.2886212,0.91059834,0.29456142,0.04437533,0.22710249,0.92719406,-1.0,0
1763544976464,1009.80145,-0.8321041,4.6175494,7.2789664,-0.17699806,0.116522454,0.29474226,62.68125,-1.48125,9.1125,46.950733,0.3361091,49.741684,0.28700227,0.06294484,0.2911964,0.91042423,0.2905232,0.0439161,0.23063521,0.92761797,-1.0,0
1763544976490,1009.80145,-0.19800608,4.4548373,7.021738,-0.038179047,0.07589995,0.39080074,59.812504,-1.8000001,10.5,46.950733,0.3361091,49.741684,0.28603542,0.06282068,0.29471317,0.9096051,0.28956002,0.043791514,0.23399226,0.9270841,-1.0,0
1763544976515,1009.77606,0.32123643,4.314259,6.2644095,0.16844596,-0.07742711,0.40882125,61.143753,-3.9,10.8,46.950733,0.3361091,49.741684,0.29056135,0.059765927,0.30056617,0.90645576,0.29077396,0.042821806,0.23737183,0.92588955,-1.0,0
1763544976540,1009.77606,0.8997013,4.2921257,5.328816,0.28802276,-0.26267186,0.35124725,62.568752,-3.7125,6.61875,46.950733,0.3361091,49.741684,0.2934565,0.057493813,0.30183923,0.90524626,0.2938782,0.04041606,0.23995104,0.92435145,-1.0,0
1763544976565,1009.7475,0.8542377,4.2681975,5.4203415,-0.10491603,0.12171481,0.03940078,61.162502,-3.15,9.825001,46.950733,0.3361091,49.741684,0.29324245,0.05734451,0.30259943,0.90507126,0.2963849,0.037888255,0.24227588,0.9230508,-1.0,0
1763544976590,1009.7353,-0.061016977,4.2520456,7.071987,-0.12247839,0.2753473,-0.005497783,60.825,-2.68125,9.525001,46.950733,0.3361091,49.741684,0.2912853,0.05920466,0.30342898,0.90530574,0.29455063,0.03990314,0.2431815,0.9233149,-1.0,0
1763544976616,1009.7353,-0.60837513,4.471587,7.52782,0.15974113,0.06017018,0.067958705,60.581253,-2.34375,10.6125,46.950733,0.3361091,49.741684,0.2948422,0.06000473,0.30467272,0.9036825,0.29816085,0.040405203,0.2443372,0.92182803,-1.0,0
1763544976640,1009.7348,-0.20997019,5.2031927,6.9152575,0.37583455,-0.20647229,0.16279547,59.8875,-2.15625,9.900001,46.950733,0.3361091,49.741684,0.29865134,0.058866225,0.3050394,0.9023819,0.30189463,0.03895526,0.24459866,0.920605,-1.0,0
1763544976666,1009.7387,-0.023330022,6.3338017,7.8520474,0.18631376,-0.07513637,0.0962112,59.98125,-3.15,10.575001,46.950733,0.3361091,49.741684,0.3026522,0.058510516,0.30612487,0.90070295,0.3058759,0.038233157,0.24548593,0.9190837,-1.0,0
1763544976691,1009.7387,0.0023928226,6.410372,8.956933,0.1547015,-0.046425723,0.126449,62.193752,-4.0125003,7.4437504,46.950733,0.3361091,49.741684,0.3047021,0.057481878,0.3066956,0.89988345,0.3078595,0.037014615,0.24594384,0.91834855,-1.0,0
1763544976716,1009.76483,0.93978107,7.166504,9.49472,0.16829325,-0.08414663,0.07498365,63.093754,-4.55625,8.775001,46.950733,0.3361091,49.741684,0.30661213,0.056627255,0.30698693,0.8991893,0.30971006,0.036018766,0.24623446,0.91768783,-1.0,0
1763544976743,1009.76483,0.13399807,7.7413793,8.84806,0.091477,0.118202336,0.017715078,60.187504,-3.73125,8.418751,46.950733,0.3361091,49.741684,0.30735967,0.057738088,0.30739284,0.8987247,0.310529,0.037086487,0.246698,0.91724396,-1.0,0
1763544976768,1009.7751,-0.17347965,7.8813596,8.608778,-0.032070402,-0.02489274,0.06169734,60.05625,-5.0062504,10.05,46.950733,0.3361091,49.741684,0.3070972,0.055888865,0.30785865,0.8987718,0.31016487,0.035071302,0.2466047,0.91747147,-1.0,0
1763544976793,1009.7851,0.86560357,7.6827555,9.188439,-0.1847866,-0.27504188,0.09086613,60.881252,-3.91875,8.6625,46.950733,0.3361091,49.741684,0.3057656,0.051920332,0.30723545,0.8996766,0.3085748,0.031143473,0.24574926,0.9183785,-1.0,0
1763544976818,1009.7851,1.9268204,6.335596,10.989636,-0.48456848,-0.0061086477,-0.092546016,61.18125,-2.49375,7.4625,46.950733,0.3361091,49.741684,0.30222595,0.04972774,0.30653417,0.9012344,0.3048912,0.029235654,0.24506679,0.9198527,-1.0,0
1763544976844,1009.80536,1.6648064,5.7696934,12.226726,-0.433714,0.34483317,-0.092851445,60.187504,-2.25,8.94375,46.950733,0.3361091,49.741684,0.29698125,0.050837196,0.30680338,0.90282303,0.29972228,0.030803021,0.24555658,0.92136836,-1.0,0
1763544976869,1009.82196,1.5565311,5.3772707,9.262018,0.24709481,-0.09193515,-0.09086613,61.725002,-0.58125,7.14375,46.950733,0.3361091,49.741684,0.2951307,0.05390523,0.30681473,0.90324795,0.29805055,0.03426041,0.2463809,0.9215685,-1.0,0
1763544976895,1009.82196,1.7150556,5.1003013,6.9469624,0.25702137,-0.3573559,-0.1310305,58.8375,-3.8625002,8.56875,46.950733,0.3361091,49.741684,0.29837918,0.052028313,0.30480343,0.9029716,0.30115852,0.03225861,0.24465518,0.92109,-1.0,0
1763544976920,1009.8022,1.9262222,4.735396,6.1770716,-0.10063997,-0.18600832,-0.21532984,60.506252,-2.1937501,7.51875,46.950733,0.3361091,49.741684,0.29570583,0.050722532,0.30064133,0.90531766,0.30181605,0.030322649,0.24247842,0.9230287,-1.0,0
1763544976945,1009.78436,0.9349955,4.5134616,7.331609,-0.42378744,0.41263917,-0.30787584,61.2,-2.49375,6.6937504,46.950733,0.3361091,49.741684,0.2904993,0.053704184,0.29942745,0.9072316,0.29337847,0.034684755,0.23975039,0.924795,-1.0,0
1763544976971,1009.78436,0.70588267,4.5188456,7.881958,-0.15317434,0.124310985,-0.30314165,61.593754,-0.35625002,9.150001,46.950733,0.3361091,49.741684,0.28747004,0.05574032,0.2975717,0.9086832,0.29048136,0.036967322,0.23797502,0.9260788,-1.0,0
1763544976996,1009.769,0.34636107,4.505087,6.809375,0.19120067,-0.2932151,-0.29596397,59.456253,-2.30625,7.9500003,46.950733,0.3361091,49.741684,0.2916863,0.053866994,0.2911517,0.90953183,0.29187134,0.03615839,0.23480603,0.9264825,-1.0,0
1763544977023,1009.73944,-0.11485548,4.6151567,5.875576,0.16798781,0.06826414,-0.09117157,61.331253,-1.85625,6.01875,46.950733,0.3361091,49.741684,0.29322305,0.05487031,0.28990495,0.9093759,0.29616094,0.0357662,0.23040584,0.9262411,-1.0,0
1763544977048,1009.73944,0.32243285,4.8699923,6.0807605,0.19165882,0.18173227,-0.020311253,60.206253,-2.23125,7.55625,46.950733,0.3361091,49.741684,0.29432985,0.057215586,0.28999114,0.90884626,0.29742393,0.037982985,0.23036462,0.9257583,-1.0,0
1763544977073,1009.71844,0.317049,5.206782,6.108278,0.28405213,0.020311253,-0.024129158,59.568752,-2.41875,8.25,46.950733,0.3361091,49.741684,0.30007502,0.058126695,0.2888131,0.9072835,0.2996342,0.03941197,0.23022309,0.92502075,-1.0,0
1763544977099,1009.71844,0.011964113,5.648856,5.858826,0.3404044,-0.2706131,-0.019853106,60.3375,-2.34375,7.70625,46.950733,0.3361091,49.741684,0.3040742,0.05598545,0.2875601,0.90648425,0.3032205,0.038484357,0.22918461,0.9241486,-1.0,0
1763544977123,1009.7077,0.46301118,5.7343993,6.1842504,0.30100363,-0.34544402,0.013744458,61.443752,-2.71875,6.3750005,46.950733,0.3361091,49.741684,0.306932,0.055185474,0.2869481,0.9057638,0.30707902,0.036027398,0.22780551,0.9233142,-1.0,0
1763544977148,1009.7116,0.2650051,6.0484576,6.850053,0.12873976,0.04886918,0.018936807,60.037502,-3.1125002,6.8437505,46.950733,0.3361091,49.741684,0.3100321,0.05548966,0.28708825,0.9046443,0.31127778,0.03565729,0.22725424,0.92205757,-1.0,0
1763544977173,1009.7116,0.0029910284,6.769295,6.4773707,0.16936226,-0.17745622,0.05894845,62.5125,-2.5875,5.175,46.950733,0.3361091,49.741684,0.31286797,0.052257687,0.28620815,0.9041392,0.31562898,0.031552814,0.22608118,0.9210158,-1.0,0
1763544977199,1009.6923,2.1918256,7.587641,6.975078,-0.21578798,-0.51343185,-0.11133011,62.5125,-3.9750001,6.3375,46.950733,0.3361091,49.741684,0.31383833,0.0474877,0.28397653,0.9047695,0.31629166,0.02663018,0.22352414,0.9215679,-1.0,0
1763544977225,1009.6923,1.9674984,7.155138,9.567103,-0.50106186,-0.1075122,-0.33353218,58.406254,-2.41875,8.0625,46.950733,0.3361091,49.741684,0.31104907,0.044909358,0.28096238,0.9068031,0.31333676,0.024257885,0.22042914,0.9233865,-1.0,0
1763544977250,1009.6945,0.10229317,6.8410797,11.364711,-0.5771145,0.45112363,-0.38698283,60.7125,-2.04375,6.2625003,46.950733,0.3361091,49.741684,0.2989068,0.052884124,0.2790468,0.9110384,0.3017372,0.03311567,0.21853946,0.92741495,-1.0,0
1763544977276,1009.7421,-1.4943178,6.706484,12.133406,-0.38957903,0.74418604,-0.14492767,59.5875,-1.7812501,6.20625,46.950733,0.3361091,49.741684,0.2953171,0.05750252,0.28151,0.91117144,0.2984698,0.03787492,0.2207238,0.92777276,-1.0,0
1763544977303,1009.7421,0.19621146,6.8099732,11.385649,-0.016646065,-0.13927718,0.25900668,60.093754,-2.8500001,6.8250003,46.950733,0.3361091,49.741684,0.29492193,0.05694377,0.28351873,0.9107116,0.29805386,0.037221592,0.22237916,0.92753756,-1.0,0
1763544977328,1009.7836,1.0815558,5.9120665,11.571691,-0.06826414,-0.12553272,0.16447534,62.193752,-3.3937502,6.4875,46.950733,0.3361091,49.741684,0.29277676,0.055623535,0.28629342,0.9106173,0.295821,0.03608499,0.22527368,0.92759883,-1.0,0
1763544977354,1009.8166,-0.6466603,4.8508496,11.097912,-0.075594515,0.27763805,0.14676027,62.025,-2.8875,4.93125,46.950733,0.3361091,49.741684,0.29032055,0.057862133,0.28856987,0.91054565,0.29351062,0.03854328,0.22774503,0.92763036,-1.0,0
1763544977379,1009.8166,-0.8530413,4.6235313,9.843474,0.11194097,-0.16233732,0.22953244,61.218754,-2.4750001,5.6062503,46.950733,0.3361091,49.741684,0.29059848,0.057162195,0.29017538,0.9099908,0.29374123,0.037829798,0.22939406,0.92718035,-1.0,0
1763544977405,1009.8244,-0.08733802,4.599005,8.516056,0.16829325,-0.32498005,0.28741187,59.775,-3.0,6.4125004,46.950733,0.3361091,49.741684,0.29401878,0.052216936,0.29324168,0.9082046,0.29683387,0.032608125,0.23238102,0.9256486,-1.0,0
1763544977430,1009.80707,0.18664017,4.28734,6.992426,0.03940078,0.11636974,0.26816964,60.43125,-2.8125,5.1000004,46.950733,0.3361091,49.741684,0.2942196,0.0521867,0.29564998,0.90736014,0.29703218,0.032565515,0.2348427,0.924965,-1.0,0
1763544977455,1009.80707,0.37986058,4.1461635,6.2751775,0.0650571,0.24602579,0.27458373,60.187504,-3.2062502,5.6062503,46.950733,0.3361091,49.741684,0.29401255,0.05368662,0.29868543,0.90634507,0.2969254,0.03407261,0.23792873,0.924156,-1.0,0
1763544977480,1009.79193,0.23449662,4.148556,5.4125648,0.082466744,0.18264857,0.27565274,61.0125,-3.6000001,3.99375,46.950733,0.3361091,49.741684,0.29440343,0.055383015,0.3044048,0.90421075,0.29723343,0.035415035,0.2409502,0.9232232,-1.0,0
1763544977505,1009.76996,0.6263213,4.24726,5.2923255,0.013897174,0.10995566,0.28741187,63.73125,-2.5687501,2.71875,46.950733,0.3361091,49.741684,0.29341853,0.056566935,0.30728772,0.90348214,0.29652363,0.03698626,0.24670275,0.9218696,-1.0,0
1763544977530,1009.76996,0.90448695,4.7988057,5.7984076,-0.22189663,0.5358811,0.1434005,60.675003,-5.0437503,6.9,46.950733,0.3361091,49.741684,0.29037824,0.05990949,0.3103356,0.9032071,0.29370603,0.040563997,0.24989067,0.92176247,-1.0,0
1763544977555,1009.7453,0.13220344,4.948357,7.3489566,-0.08796453,0.3489565,0.08552107,60.600002,-4.05,6.3750005,46.950733,0.3361091,49.741684,0.28974625,0.063344,0.31354305,0.90206724,0.29154977,0.04368477,0.2520474,0.92171717,-1.0,0
1763544977580,1009.7453,-0.552742,5.0386863,7.798209,0.29764387,-0.09544762,0.17348559,61.875004,-2.79375,6.4875,46.950733,0.3361091,49.741684,0.2956146,0.061057195,0.31440586,0.90001833,0.29330015,0.044049613,0.25321934,0.9208228,-1.0,0
1763544977605,1009.7358,1.0881361,6.1878395,6.151947,0.51495904,-0.4138609,0.20494513,60.187504,-5.4375,5.26875,46.950733,0.3361091,49.741684,0.30199444,0.058286376,0.31477925,0.89795107,0.30520025,0.03808875,0.25441086,0.9168845,-1.0,0
1763544977634,1009.73285,0.93260264,6.4444695,6.1764736,0.20173809,-0.09269873,0.062460925,58.631252,-4.4812503,4.14375,46.950733,0.3361091,49.741684,0.3051967,0.058315862,0.31498882,0.89679223,0.3086033,0.03688081,0.2545137,0.9157656,-1.0,0
1763544977661,1009.73285,0.59581286,6.4941206,8.031509,-0.07864884,0.1385136,-0.03619374,60.037502,-5.2312503,7.5937505,46.950733,0.3361091,49.741684,0.30453196,0.059175067,0.3148209,0.8970209,0.30840254,0.037863333,0.25457215,0.91577685,-1.0,0
1763544977686,1009.7365,0.63170516,6.6442704,10.267004,0.2498437,0.05986475,-0.020158539,61.0125,-5.7375,5.0437503,46.950733,0.3361091,49.741684,0.30584612,0.060237486,0.31462556,0.89657146,0.3091824,0.03970706,0.2541344,0.9155574,-1.0,0
1763544977711,1009.76825,0.31465617,7.328019,8.325827,0.29840744,0.15332706,-0.04046979,60.7125,-7.89375,5.9812503,46.950733,0.3361091,49.741684,0.30865675,0.06429635,0.3141731,0.8954843,0.31138715,0.041908838,0.25420395,0.91469234,-1.0,0
1763544977736,1009.76825,0.5712864,7.643872,8.001,0.04780017,0.08735366,-0.088269964,61.068752,-7.5937505,5.30625,46.950733,0.3361091,49.741684,0.30757183,0.06432327,0.3127365,0.8963582,0.311191,0.043567076,0.251965,0.9153009,-1.0,0
1763544977761,1009.7834,0.64247286,7.4584284,9.400204,-0.20784675,-0.045051277,-0.17806709,63.2625,-6.1312504,5.45625,46.950733,0.3361091,49.741684,0.30536374,0.06333648,0.31094065,0.89780694,0.30892605,0.042699352,0.24998374,0.9166513,-1.0,0
1763544977786,1009.8188,1.5062819,6.945766,11.766108,-0.31749696,-0.16249003,-0.1452331,61.74375,-6.4125004,5.15625,46.950733,0.3361091,49.741684,0.3005718,0.06046734,0.30731353,0.9008655,0.30394816,0.040189926,0.2462552,0.9194339,-1.0,0
1763544977812,1009.8188,2.9593234,6.1507506,12.428919,-0.23014331,-0.060322896,-0.2784016,62.193752,-6.4687505,4.2000003,46.950733,0.3361091,49.741684,0.2986904,0.061540257,0.30408955,0.9025112,0.30211335,0.041601412,0.24358317,0.9206867,-1.0,0
1763544977838,1009.85956,1.0845468,4.627121,10.302298,0.010384701,0.15531237,-0.40423977,61.425003,-5.8125,4.8562503,46.950733,0.3361091,49.741684,0.29743865,0.06349812,0.30099896,0.90382403,0.30096072,0.043867845,0.24111636,0.9216079,-1.0,0
1763544977863,1009.85956,0.7286145,4.5074797,8.813962,0.073303774,0.13973531,-0.27855435,60.35625,-4.55625,5.1937504,46.950733,0.3361091,49.741684,0.29687595,0.065633625,0.2988631,0.9045649,0.30051756,0.04617667,0.23936924,0.92209506,-1.0,0
1763544977888,1009.86176,0.4438686,4.322634,7.600801,0.054366965,0.02687805,-0.15622866,61.162502,-6.3562503,6.15,46.950733,0.3361091,49.741684,0.29696423,0.06556171,0.2963458,0.90536904,0.30058014,0.046234928,0.23722167,0.92262655,-1.0,0
1763544977913,1009.8432,1.3166506,4.221537,7.459625,-0.03940078,-0.23151775,-0.051923506,61.350002,-6.0750003,6.58125,46.950733,0.3361091,49.741684,0.2971631,0.063184686,0.29524758,0.90583146,0.30061698,0.043904744,0.23626392,0.9229741,-1.0,0
1763544977938,1009.8432,0.8542377,4.3788652,6.9170523,0.0030543238,-0.018173227,-0.05589413,61.350002,-5.45625,5.6062503,46.950733,0.3361091,49.741684,0.29709265,0.062479552,0.29462782,0.9061053,0.30048704,0.04330443,0.23593134,0.9231298,-1.0,0
1763544977964,1009.8139,0.43489552,4.6002016,6.221937,0.0736092,0.10766492,-0.0061086477,62.8875,-5.26875,2.9625,46.950733,0.3361091,49.741684,0.2980709,0.064345255,0.29514545,0.90548474,0.30157095,0.045183286,0.23673157,0.92248124,-1.0,0
1763544977990,1009.77826,0.91166544,5.2169514,5.788836,0.23029602,-0.24098615,-0.023060145,60.075,-5.9625,5.625,46.950733,0.3361091,49.741684,0.3005058,0.06344345,0.29450336,0.90495247,0.30394292,0.044130538,0.23613279,0.921907,-1.0,0
1763544978016,1009.77826,0.4953143,5.2109694,5.465805,0.2591594,-0.25320345,-0.09636392,59.531254,-5.7562504,5.0437503,46.950733,0.3361091,49.741684,0.30379188,0.061886445,0.29270703,0.90454584,0.30712116,0.042379696,0.23440444,0.92137676,-1.0,0
1763544978041,1009.7497,0.18664017,5.24746,5.441877,0.20906848,-0.02443459,-0.05650499,60.037502,-6.95625,4.7625003,46.950733,0.3361091,49.741684,0.30817464,0.06336349,0.29150057,0.9033498,0.31159556,0.043528963,0.23314334,0.92014,-1.0,0
1763544978066,1009.73334,0.061016977,5.553143,5.645865,0.25228715,0.051618073,-0.007941242,61.2,-6.95625,4.9500003,46.950733,0.3361091,49.741684,0.31093723,0.06424405,0.2912629,0.9024171,0.31441513,0.04418587,0.23283365,0.91922754,-1.0,0
1763544978091,1009.73334,0.47676992,6.3104715,5.4723854,0.16462806,-0.18585561,-0.0073303776,60.525,-7.3875003,4.5750003,46.950733,0.3361091,49.741684,0.31341764,0.06361747,0.29055926,0.9018301,0.31686035,0.043327905,0.23195535,0.9186506,-1.0,0
1763544978116,1009.72064,0.7531409,6.422934,6.998408,0.06918044,-0.1924224,-0.057726722,58.725002,-6.8437505,5.6625004,46.950733,0.3361091,49.741684,0.31619784,0.062342077,0.28831133,0.90167004,0.3184547,0.04190405,0.23059805,0.91850704,-1.0,0
1763544978142,1009.72064,0.56470615,6.6831536,7.9764743,0.09407318,0.0061086477,-0.10079269,61.687504,-7.4062505,5.0625,46.950733,0.3361091,49.741684,0.31640646,0.06505139,0.2879237,0.9015294,0.3195627,0.041800663,0.2295049,0.9184007,-1.0,0
1763544978167,1009.7319,-0.03708875,7.059425,8.710473,0.06383537,0.15806127,-0.06520981,59.68125,-7.9875,4.6875,46.950733,0.3361091,49.741684,0.31635457,0.0674684,0.28780046,0.90140927,0.32005635,0.046862964,0.22888796,0.9181384,-1.0,0
1763544978192,1009.7421,0.62153566,7.1246295,8.866006,0.12324197,0.005497783,-0.083230324,61.125004,-6.6000004,5.4,46.950733,0.3361091,49.741684,0.31729758,0.06837288,0.28709492,0.9012346,0.32106584,0.04763757,0.22800368,0.91796607,-1.0,0
1763544978217,1009.7421,-0.04546363,7.396215,7.9776707,0.010995566,0.11270455,-0.11804962,59.49375,-7.5000005,4.0687504,46.950733,0.3361091,49.741684,0.3150785,0.071445316,0.28642878,0.90198654,0.32145202,0.0487935,0.22713797,0.91798484,-1.0,0
1763544978243,1009.75824,-0.52283174,7.783852,8.350353,-0.3017672,0.2782489,-0.047494736,59.718754,-7.7250004,5.1375003,46.950733,0.3361091,49.741684,0.31068465,0.07282888,0.2874914,0.9030613,0.3190556,0.05081763,0.22720401,0.91869444,-1.0,0
1763544978269,1009.7861,-0.30149564,7.320243,11.148161,-0.37827802,0.0029016077,0.041233372,59.156254,-6.1687503,5.5687504,46.950733,0.3361091,49.741684,0.30707487,0.07228536,0.2881415,0.9041318,0.31115395,0.051993866,0.2282344,0.9210803,-1.0,0
1763544978295,1009.7861,-0.2536392,6.5718875,11.202,-0.28741187,0.025045456,0.047952887,62.86875,-6.8812504,2.2875001,46.950733,0.3361091,49.741684,0.30146754,0.07179484,0.28988597,0.90549934,0.30831915,0.05124998,0.22860113,0.9219839,-1.0,0
1763544978320,1009.82513,-0.25663024,5.705087,10.216755,-0.097432934,0.02932151,0.15057817,60.393753,-6.76875,2.8500001,46.950733,0.3361091,49.741684,0.29976383,0.07183454,0.29142457,0.9055678,0.30383962,0.05196217,0.23123024,0.92277515,-1.0,0
1763544978346,1009.8381,0.08075777,5.3306108,8.872586,-0.022143848,-0.171653,0.13209951,60.843754,-7.3500004,3.45,46.950733,0.3361091,49.741684,0.29960468,0.07035406,0.29228646,0.905459,0.30358395,0.05049215,0.23208763,0.9227257,-1.0,0
1763544978371,1009.8381,0.276371,4.980062,7.6959157,-0.100945406,-0.18096869,0.083688475,59.456253,-6.76875,6.3562503,46.950733,0.3361091,49.741684,0.29711127,0.06708744,0.2931288,0.90625584,0.3008771,0.04742163,0.23295246,0.92355686,-1.0,0
1763544978397,1009.83075,-0.13938192,4.664808,7.4829545,-0.44379327,0.21090107,0.047647454,61.593754,-7.275,3.3750002,46.950733,0.3361091,49.741684,0.29273912,0.06741748,0.29429823,0.9072746,0.2965364,0.048036516,0.23404711,0.9246516,-1.0,0
1763544978423,1009.83075,-0.36670008,4.3800616,7.5870423,-0.3016145,0.18448116,0.108123064,59.531254,-7.14375,6.525,46.950733,0.3361091,49.741684,0.2890112,0.068029836,0.29583064,0.9079255,0.29285824,0.04888339,0.23550466,0.9254091,-1.0,0
1763544978448,1009.8105,-0.19980069,4.28734,6.767501,-0.058490302,0.12064579,0.20311254,61.781254,-7.0125003,4.2562504,46.950733,0.3361091,49.741684,0.28782377,0.06851301,0.2999089,0.9069278,0.2917106,0.049411263,0.23953718,0.9247083,-1.0,0
1763544978474,1009.78827,0.6047859,4.5523453,5.930611,-0.0035124724,-0.08720095,0.15378521,60.975002,-5.9812503,4.2937503,46.950733,0.3361091,49.741684,0.28840005,0.06733149,0.30113974,0.90642524,0.29220787,0.048194364,0.24079855,0.9242878,-1.0,0
1763544978499,1009.78827,0.2632105,4.476971,6.574878,0.0042760535,0.113162704,0.115911596,60.768753,-6.8812504,5.4375,46.950733,0.3361091,49.741684,0.2883835,0.06744478,0.30234027,0.9060223,0.29219744,0.048316862,0.24204946,0.9239579,-1.0,0
1763544978524,1009.77386,-0.3188436,4.618746,6.3924255,0.0650571,0.16294818,0.1583667,61.968754,-6.8625,4.0875,46.950733,0.3361091,49.741684,0.2896497,0.06910138,0.3056901,0.90436804,0.29357386,0.049863413,0.24542826,0.92254704,-1.0,0
1763544978549,1009.7597,0.07238288,5.1050873,6.8853474,0.1800524,-0.020005822,0.194255,59.643753,-6.61875,5.7000003,46.950733,0.3361091,49.741684,0.29255518,0.06827923,0.30625474,0.9033036,0.29642403,0.04881997,0.24596354,0.92154837,-1.0,0
1763544978574,1009.7597,-0.047258247,6.035297,6.9565334,0.18234314,-0.07696896,0.07131846,61.425003,-8.0625,4.9875,46.950733,0.3361091,49.741684,0.2950022,0.06771955,0.3063423,0.9025199,0.29883453,0.04806393,0.2459915,0.9208018,-1.0,0
1763544978599,1009.75385,0.07537391,6.0640106,8.310273,0.12568542,0.043524116,0.069485866,60.99375,-8.08125,3.16875,46.950733,0.3361091,49.741684,0.2983677,0.068575725,0.30723426,0.9010445,0.30007666,0.04857618,0.24634562,0.92027617,-1.0,0
1763544978625,1009.75385,0.23988047,6.285347,9.25125,0.27107126,-0.109039366,0.08429934,62.662502,-7.8,4.21875,46.950733,0.3361091,49.741684,0.30249217,0.06697613,0.30667153,0.8999807,0.30627632,0.046712954,0.24614635,0.9183816,-1.0,0
1763544978650,1009.767,0.9804591,6.598807,8.114061,0.2921461,-0.34284785,-0.029474225,60.600002,-8.512501,5.1000004,46.950733,0.3361091,49.741684,0.30641347,0.064884484,0.3053426,0.899259,0.31004775,0.044380307,0.24491324,0.91756105,-1.0,0
1763544978675,1009.7736,0.71306115,6.8739815,7.6480594,-0.0010690134,-0.1508836,-0.108123064,58.912502,-8.925,3.7500002,46.950733,0.3361091,49.741684,0.3057222,0.063541405,0.30286613,0.90042686,0.311378,0.04292636,0.24344862,0.9175695,-1.0,0
1763544978700,1009.7736,0.44865423,7.164709,8.702696,-0.30512697,0.06811142,-0.14569125,59.943752,-10.3125,4.5,46.950733,0.3361091,49.741684,0.30238655,0.06364212,0.3015982,0.9019704,0.3092685,0.04308772,0.24236934,0.91856056,-1.0,0
1763544978725,1009.7841,0.5772685,6.4348984,11.072188,-0.35582873,-0.1886045,-0.22876886,62.850002,-7.6312504,2.6437502,46.950733,0.3361091,49.741684,0.2994382,0.062181454,0.29944578,0.9037712,0.30291316,0.04211176,0.23862307,0.9216991,-1.0,0
1763544978750,1009.8066,0.80757767,5.8546386,12.358331,-0.21517712,-0.30390522,-0.18784092,60.581253,-8.7375,2.9437501,46.950733,0.3361091,49.741684,0.2976862,0.059319757,0.2969268,0.9053721,0.30097172,0.039394617,0.23606937,0.9231118,-1.0,0
1763544978775,1009.8066,1.1928221,5.4957156,11.5722885,-0.03008509,-0.12751803,-0.0962112,63.43125,-7.70625,2.2687502,46.950733,0.3361091,49.741684,0.2968234,0.057470437,0.29504633,0.9063888,0.30021507,0.03803511,0.2348158,0.92373466,-1.0,0
1763544978800,1009.8444,1.3854443,5.469394,9.906285,0.023212861,-0.038331766,-0.039095346,62.625004,-9.525001,2.15625,46.950733,0.3361091,49.741684,0.29669,0.05686667,0.29476175,0.90656316,0.29996422,0.037795134,0.23470561,0.92385405,-1.0,0
1763544978826,1009.8444,1.6336997,5.0937214,7.5529447,0.008399391,-0.057115857,-0.06627883,60.7125,-8.118751,2.8875,46.950733,0.3361091,49.741684,0.2967973,0.056258902,0.29418266,0.906754,0.29983515,0.03677769,0.23440455,0.92401344,-1.0,0
1763544978851,1009.8422,1.669592,5.1026945,6.2141604,-0.13347395,-0.022449281,-0.1631009,59.193752,-8.90625,4.8,46.950733,0.3361091,49.741684,0.29355776,0.055580158,0.29115263,0.90882605,0.29910997,0.036576457,0.23358078,0.92446494,-1.0,0
1763544978877,1009.8083,0.8865408,4.9429736,6.5814586,-0.3404044,-0.003817905,-0.26710063,58.800003,-8.175,2.1750002,46.950733,0.3361091,49.741684,0.2903733,0.054546002,0.28880945,0.9106576,0.29653716,0.036483258,0.23178135,0.9257495,-1.0,0
1763544978902,1009.8083,0.357727,4.6091747,7.911868,-0.13897173,-0.091018856,-0.18967351,59.100002,-8.025001,3.6750002,46.950733,0.3361091,49.741684,0.28867647,0.053720135,0.28679967,0.9118805,0.2915422,0.03497278,0.22733568,0.9284926,-1.0,0
1763544978928,1009.7966,0.36610186,4.720441,6.598807,0.07834341,-0.0707076,-0.13301581,59.8875,-7.0687504,3.2250001,46.950733,0.3361091,49.741684,0.29026553,0.053484492,0.283877,0.91230434,0.2931095,0.034662206,0.22447781,0.9287061,-1.0,0
1763544978953,1009.7697,0.357727,5.159524,5.459823,0.12599087,-0.116522454,-0.12247839,61.4625,-8.025001,2.34375,46.950733,0.3361091,49.741684,0.29151165,0.052823137,0.28215286,0.91248035,0.29431337,0.033896755,0.22266656,0.9287897,-1.0,0
1763544978978,1009.7697,0.82612205,5.5094743,5.305486,0.05177079,-0.15271619,-0.14950916,58.968754,-8.6625,3.73125,46.950733,0.3361091,49.741684,0.29202023,0.05238695,0.2800552,0.91298896,0.2947949,0.033409383,0.22047964,0.9291763,-1.0,0
1763544979003,1009.7414,0.39481574,5.477171,6.778867,0.03161225,0.026725333,-0.21945317,58.218754,-8.00625,3.91875,46.950733,0.3361091,49.741684,0.29237413,0.052976053,0.2780023,0.913469,0.29518545,0.033979796,0.21841708,0.92951864,-1.0,0
1763544979029,1009.7414,0.06520442,5.605187,7.147959,0.12538,0.06918044,-0.12583815,59.7,-7.9687505,3.3000002,46.950733,0.3361091,49.741684,0.29314697,0.054352023,0.27679193,0.91350806,0.29604587,0.035300292,0.2171983,0.9294814,-1.0,0
1763544979054,1009.7297,0.80757767,6.1992054,7.745567,0.35537058,-0.02565632,-0.067653276,61.256252,-6.9375005,2.30625,46.950733,0.3361091,49.741684,0.29804626,0.056390647,0.27517796,0.9122859,0.30107215,0.036973484,0.2155289,0.9281895,-1.0,0
1763544979079,1009.7331,0.61076796,6.6448684,7.374081,0.40607235,0.022143848,-0.08048143,60.16875,-7.6875005,5.4,46.950733,0.3361091,49.741684,0.30168915,0.057742015,0.27427417,0.91127557,0.3047927,0.03810377,0.21474613,0.9271104,-1.0,0
1763544979104,1009.73944,0.5066802,7.118049,7.112067,0.28817546,0.109039366,-0.09468404,63.43125,-9.1875,2.0625,46.950733,0.3361091,49.741684,0.30573493,0.061720364,0.27280536,0.9101066,0.30909002,0.04179271,0.21329813,0.9258621,-1.0,0
1763544979129,1009.73944,0.5341976,7.106085,8.0817585,0.108886644,0.12828161,-0.12064579,59.006252,-10.556251,5.83125,46.950733,0.3361091,49.741684,0.30644152,0.06283763,0.271543,0.91017,0.30987087,0.04283715,0.2119604,0.9258606,-1.0,0
1763544979154,1009.7502,0.6723832,7.12762,9.349357,0.056810424,0.08093958,-0.18417573,60.300003,-8.53125,4.6687503,46.950733,0.3361091,49.741684,0.30694142,0.063839175,0.26999432,0.9103926,0.31043103,0.043829616,0.2104764,0.925965,-1.0,0
1763544979179,1009.7502,0.25004998,7.265208,8.763713,-0.082161315,0.39263335,-0.17027856,61.331253,-9.1875,5.2125,46.950733,0.3361091,49.741684,0.30263197,0.07064987,0.26948732,0.9114818,0.30937207,0.04715364,0.21001853,0.92626005,-1.0,0
1763544979205,1009.7668,-0.7722835,7.3226357,8.330612,-0.27427828,0.36300638,-0.1414152,61.912502,-7.8750005,3.99375,46.950733,0.3361091,49.741684,0.29897228,0.070333175,0.26891044,0.91288334,0.30290797,0.05077357,0.20907278,0.9284166,-1.0,0
1763544979230,1009.7668,-0.7704889,6.966703,9.268599,-0.46929687,-0.10293072,-0.08093958,60.16875,-7.6875005,5.08125,46.950733,0.3361091,49.741684,0.29467613,0.066532,0.26736814,0.9150157,0.298391,0.0471522,0.20706113,0.93051875,-1.0,0
1763544979255,1009.80536,-1.1431711,5.175077,12.586845,-0.5818487,0.07987057,-0.09117157,62.718754,-8.2875,3.3187501,46.950733,0.3361091,49.741684,0.2890818,0.06495935,0.26651004,0.91716105,0.29270577,0.045949336,0.20606866,0.93260264,-1.0,0
1763544979281,1009.821,-1.7485552,5.151149,12.454642,-0.29749113,0.2922988,0.1517999,61.55625,-7.3125005,6.3187504,46.950733,0.3361091,49.741684,0.28349724,0.06662307,0.27098155,0.9174746,0.28724784,0.047937613,0.21039173,0.93323416,-1.0,0
1763544979306,1009.7961,-0.16450655,5.410172,8.149356,0.16065744,-0.25671592,0.28985533,61.818752,-6.76875,5.64375,46.950733,0.3361091,49.741684,0.28534368,0.064393446,0.2728596,0.9165043,0.28895083,0.045551807,0.21219957,0.9324182,-1.0,0
1763544979332,1009.7961,-0.11365908,5.119444,6.602994,-0.040622506,-0.16630794,0.2102902,59.662502,-7.9875,5.775,46.950733,0.3361091,49.741684,0.28624183,0.06212427,0.27422667,0.91597265,0.28970256,0.043200094,0.2135067,0.93199843,-1.0,0
1763544979357,1009.7829,-0.17766708,4.51406,7.023533,-0.3999637,0.12522727,0.16966769,62.193752,-8.475,5.7000003,46.950733,0.3361091,49.741684,0.278389,0.06271589,0.27870464,0.91700053,0.28689274,0.042534884,0.21515718,0.9325185,-1.0,0
1763544979382,1009.7829,-0.31585258,3.9194436,8.056036,-0.18845178,0.40576693,0.17806709,62.550003,-5.2125,6.7125,46.950733,0.3361091,49.741684,0.27467057,0.06537635,0.28156987,0.91706073,0.27837664,0.04716389,0.22062556,0.93359864,-1.0,0
1763544979407,1009.7587,-0.36430725,3.9990048,6.667002,0.12400555,0.17623448,0.19379686,65.100006,-6.5625005,4.8187504,46.950733,0.3361091,49.741684,0.27429897,0.067248605,0.2838679,0.91632783,0.27812523,0.049078014,0.22303893,0.9330013,-1.0,0
1763544979432,1009.736,-0.0029910284,4.0869412,4.85743,0.21777329,-0.09483676,0.17104214,63.093754,-6.9,6.2812505,46.950733,0.3361091,49.741684,0.27765396,0.0658574,0.28579134,0.9148193,0.2801793,0.04890037,0.22443888,0.9320598,-1.0,0
1763544979458,1009.736,0.17288144,3.8727834,4.5098724,0.008704823,-0.1075122,0.10690133,61.331253,-7.4625,8.3625,46.950733,0.3361091,49.741684,0.27582276,0.066540726,0.28700477,0.91494393,0.2796099,0.048209853,0.22605443,0.93187636,-1.0,0
1763544979483,1009.73456,-0.5132605,3.9391842,7.500303,-0.1301142,0.32467464,0.1547015,63.318752,-6.5062504,6.39375,46.950733,0.3361091,49.741684,0.27326432,0.068791114,0.2892004,0.9148538,0.2772057,0.05062218,0.22824499,0.93193275,-1.0,0
1763544979510,1009.7321,-0.6029913,4.7341995,7.256833,0.21044292,0.07208204,0.23121232,62.550003,-6.7125,6.6375003,46.950733,0.3361091,49.741684,0.27725437,0.06954249,0.2931891,0.9123234,0.28124627,0.051055484,0.23221552,0.9297149,-1.0,0
1763544979535,1009.7321,-0.7220342,5.675177,5.851648,0.34101525,-0.13133593,0.28267768,61.55625,-6.3375,8.887501,46.950733,0.3361091,49.741684,0.28017682,0.06821778,0.29514328,0.9108994,0.2840916,0.049443904,0.23394416,0.9285028,-1.0,0
1763544979561,1009.73724,0.68853474,6.390631,8.07458,0.033597562,-0.19303326,0.22937973,62.925003,-7.55625,8.8125,46.950733,0.3361091,49.741684,0.28171936,0.06631813,0.29667512,0.91006595,0.2855214,0.04734356,0.23519537,0.92785734,-1.0,0
1763544979586,1009.7675,0.6538388,6.2147584,9.697512,0.10522146,-0.2770272,0.2150244,65.231255,-6.43125,7.1062503,46.950733,0.3361091,49.741684,0.2862717,0.060820155,0.29851475,0.90842634,0.28970098,0.04151961,0.23703161,0.92637223,-1.0,0
1763544979611,1009.7675,1.6486548,6.291329,9.855438,0.20693044,-0.3365865,0.17944153,63.7125,-6.7125,7.14375,46.950733,0.3361091,49.741684,0.28853455,0.058889575,0.29826215,0.9079204,0.29182196,0.03949818,0.23699208,0.92580485,-1.0,0
1763544979636,1009.7863,0.78843504,7.225726,9.301499,-0.08093958,0.0018325944,-0.06108648,63.131252,-7.3875003,6.76875,46.950733,0.3361091,49.741684,0.28847525,0.058389917,0.2977974,0.9081241,0.29171968,0.039076574,0.23674637,0.9259178,-1.0,0
1763544979661,1009.7863,0.4127619,7.376474,9.91466,-0.19837834,0.00641408,-0.08552107,63.825,-7.5750003,7.18125,46.950733,0.3361091,49.741684,0.28525433,0.056636784,0.2960105,0.90983516,0.28839773,0.037476737,0.23464133,0.927559,-1.0,0
1763544979686,1009.81635,0.90089774,7.19103,11.166705,-0.2696968,-0.21059564,-0.11331542,64.275,-6.0375004,7.5000005,46.950733,0.3361091,49.741684,0.28351226,0.054521777,0.29426244,0.91107506,0.28652045,0.03546651,0.23276201,0.92869264,-1.0,0
1763544979711,1009.8493,0.9296116,5.741578,12.039487,-0.16478078,0.10461059,-0.092087865,62.062504,-6.76875,8.55,46.950733,0.3361091,49.741684,0.28140646,0.0543599,0.29353225,0.9119727,0.28440306,0.035489373,0.23211649,0.9295038,-1.0,0
1763544979736,1009.8493,0.84167534,5.64766,9.725628,-0.10262528,0.34651303,-0.07422007,64.18125,-5.7937503,7.0312505,46.950733,0.3361091,49.741684,0.27927035,0.056880374,0.29387105,0.91236645,0.28243047,0.038214087,0.23265056,0.92986363,-1.0,0
1763544979761,1009.82587,0.46779683,5.3796635,8.763115,-0.25534147,0.30558512,-0.083230324,62.23125,-5.8875003,8.793751,46.950733,0.3361091,49.741684,0.2736848,0.05889417,0.2935851,0.91402185,0.27698392,0.040642463,0.23241742,0.93145597,-1.0,0
1763544979786,1009.8166,0.93619186,4.409972,9.391231,-0.04382955,-0.44715303,-0.07345649,63.45,-4.2562504,8.1,46.950733,0.3361091,49.741684,0.2738696,0.055179648,0.29186258,0.9147496,0.2769216,0.03692943,0.23066927,0.93206346,-1.0,0
1763544979812,1009.8166,1.4338989,4.1497526,7.856833,-0.011606431,-0.23380849,-0.11285727,62.268753,-5.64375,9.543751,46.950733,0.3361091,49.741684,0.27444842,0.05245839,0.2902085,0.91526234,0.27731302,0.034224354,0.22914803,0.93242556,-1.0,0
1763544979838,1009.7922,1.1162517,4.0390844,6.747162,-0.11499529,0.1301142,-0.20036365,61.125004,-4.875,8.53125,46.950733,0.3361091,49.741684,0.27146736,0.05487308,0.28733924,0.9169136,0.27612373,0.03485413,0.22812654,0.93300545,-1.0,0
1763544979863,1009.7922,0.4408776,3.935595,6.2955165,-0.10583232,0.16798781,-0.26755878,61.29375,-3.99375,9.543751,46.950733,0.3361091,49.741684,0.27097228,0.055055752,0.28501177,0.91777515,0.27447563,0.03699617,0.22673933,0.9337471,-1.0,0
1763544979888,1009.7553,0.11844472,4.1204405,5.6410794,-0.05665771,-0.020158539,-0.18631376,63.468754,-2.7562501,7.2375,46.950733,0.3361091,49.741684,0.27070084,0.05484748,0.2830254,0.9184821,0.27370384,0.0370592,0.22246343,0.93499887,-1.0,0
1763544979913,1009.7319,-0.11724831,4.451248,5.989235,-0.085979216,0.22220206,-0.14416409,61.66875,-2.9625,8.53125,46.950733,0.3361091,49.741684,0.26876962,0.058320906,0.2817219,0.91923577,0.2725765,0.039041184,0.22151919,0.9354716,-1.0,0
1763544979938,1009.7319,-0.06460621,4.7132626,6.9332037,-0.00076358096,0.06918044,-0.06704241,61.0875,-4.1625004,10.81875,46.950733,0.3361091,49.741684,0.27087232,0.057241682,0.2805661,0.9190399,0.27200994,0.040608373,0.22096582,0.9357006,-1.0,0
1763544979964,1009.73114,0.4989035,5.419743,6.2841506,0.2441932,-0.1960876,-0.10949751,62.30625,-4.125,8.0625,46.950733,0.3361091,49.741684,0.27397633,0.055920195,0.27884856,0.91872376,0.27705258,0.037841097,0.21802756,0.93502617,-1.0,0
1763544979990,1009.7299,0.03888337,5.5627146,6.4295144,0.042302385,0.20479241,-0.091629714,63.35625,-3.3937502,7.2937503,46.950733,0.3361091,49.741684,0.2746836,0.057417437,0.27811682,0.91864204,0.27785486,0.039300308,0.2173416,0.9348876,-1.0,0
1763544980015,1009.7299,0.022731815,5.5860443,7.6803627,0.014966187,0.30329436,-0.025198173,64.36875,-2.79375,6.2250004,46.950733,0.3361091,49.741684,0.27535868,0.061992764,0.27874672,0.9179514,0.27738237,0.04248477,0.21773621,0.93479675,-1.0,0
1763544980041,1009.7365,-0.24825534,6.326025,7.829914,0.32360563,-0.14019346,0.07819069,63.131252,-4.3125,9.84375,46.950733,0.3361091,49.741684,0.2785914,0.061815236,0.27872312,0.91699463,0.28205636,0.043341953,0.21775433,0.9333535,-1.0,0
1763544980066,1009.75824,0.40438703,6.4941206,8.441878,0.22082762,-0.13255766,0.16081016,62.625004,-4.0875,7.55625,46.950733,0.3361091,49.741684,0.2814703,0.06097135,0.27935478,0.9159792,0.2848802,0.042264648,0.2183018,0.9324169,-1.0,0
1763544980091,1009.75824,1.3938192,6.510272,9.990633,0.15668681,-0.034208428,0.15622866,62.643753,-4.59375,8.83125,46.950733,0.3361091,49.741684,0.28494382,0.06112893,0.28125697,0.9143111,0.28835097,0.042231016,0.2204337,0.93084866,-1.0,0
1763544980116,1009.79193,0.09571291,6.7728844,10.817951,0.20708317,0.25717407,0.0006108648,63.24375,-3.9,7.65,46.950733,0.3361091,49.741684,0.2861732,0.06318634,0.2817009,0.91365033,0.28969297,0.04433509,0.22134428,0.9301178,-1.0,0
1763544980141,1009.79193,-1.0737791,7.3621173,9.88834,0.14950916,0.3489565,0.18066326,63.412502,-2.4,7.0687504,46.950733,0.3361091,49.741684,0.2866856,0.0664944,0.28374273,0.9126225,0.29041213,0.04765429,0.22361448,0.9291859,-1.0,0
1763544980166,1009.81,-0.104087785,7.624729,10.141979,-0.013133593,0.056352276,0.32314748,62.775,-3.9750001,8.775001,46.950733,0.3361091,49.741684,0.2864871,0.0651701,0.28824934,0.9113673,0.2901562,0.04616712,0.22762182,0.92836756,-1.0,0
1763544980191,1009.84344,1.5601203,7.0145597,11.634501,-0.12171481,-0.20158538,0.17150028,62.68125,-4.3500004,9.88125,46.950733,0.3361091,49.741684,0.28534403,0.064429164,0.28785592,0.9119027,0.2889541,0.04558363,0.22745305,0.92881256,-1.0,0
1763544980217,1009.84344,-0.9774681,4.712066,10.054043,-0.2753473,0.46883872,-0.1915061,63.80625,-3.2250001,7.8562503,46.950733,0.3361091,49.741684,0.2816656,0.06753592,0.28749725,0.9129341,0.2854625,0.04906902,0.22749701,0.9297035,-1.0,0
1763544980244,1009.8493,-2.1164517,4.4674,9.783653,-0.2667952,0.46425724,-0.047189303,63.075,-4.55625,9.543751,46.950733,0.3361091,49.741684,0.27718106,0.07157192,0.2882172,0.91377187,0.281247,0.053404063,0.22821338,0.93057334,-1.0,0
1763544980269,1009.82465,-2.0512471,4.4548373,9.003593,-0.06520981,0.058795735,0.17272201,61.8375,-2.8125,8.6625,46.950733,0.3361091,49.741684,0.27589208,0.07096467,0.2915339,0.913157,0.27995446,0.052705776,0.2309779,0.9303208,-1.0,0
1763544980295,1009.82465,-0.8632108,4.222734,6.282356,-0.098196514,-0.16569707,0.43890634,64.59375,-2.1750002,9.262501,46.950733,0.3361091,49.741684,0.27610213,0.068321764,0.2944867,0.91234714,0.2800067,0.04996483,0.23367874,0.9297817,-1.0,0
1763544980320,1009.80316,-0.047258247,4.3040895,6.4121666,-0.25396705,0.029779658,0.4883864,62.8875,-1.3312501,7.0687504,46.950733,0.3361091,49.741684,0.2719446,0.06573962,0.30306947,0.91097385,0.27570394,0.04756993,0.24202159,0.9290587,-1.0,0
1763544980345,1009.80316,0.17407785,4.4452662,6.3308105,-0.26267186,0.123547405,0.41355544,62.8875,-1.3312501,7.0687504,46.950733,0.3361091,49.741684,0.27011752,0.065283865,0.30654365,0.9103876,0.27570394,0.04756993,0.24202159,0.9290587,-1.0,0
1763544980370,1009.78217,-0.32662028,4.6450667,6.390631,-0.08704823,-0.12751803,0.38408124,64.425,-2.30625,8.8125,46.950733,0.3361091,49.741684,0.26966882,0.06350228,0.30959404,0.909614,0.2732911,0.04545093,0.24849474,0.92816836,-1.0,0
1763544980396,1009.7614,0.58564335,4.610969,6.7483582,0.027336199,-0.18616104,0.3923279,63.468754,-2.7562501,7.55625,46.950733,0.3361091,49.741684,0.270552,0.06104275,0.31252167,0.9085184,0.27401868,0.04287622,0.2512791,0.9273264,-1.0,0
1763544980422,1009.7614,1.0797613,4.462614,6.4205413,0.055283263,-0.07284562,0.29764387,62.737503,-2.0812502,7.1250005,46.950733,0.3361091,49.741684,0.27192262,0.059433155,0.31708968,0.9066311,0.27527225,0.041223694,0.25611338,0.9257061,-1.0,0
1763544980448,1009.74725,0.70348984,4.5116673,7.043872,0.10033454,0.17776164,0.1226311,63.525,-3.24375,6.80625,46.950733,0.3361091,49.741684,0.2721356,0.060695745,0.3187256,0.90590966,0.27556008,0.04252518,0.2579812,0.9250427,-1.0,0
1763544980473,1009.73773,0.26859435,5.063213,6.539584,0.19181155,0.09697478,0.09468404,64.18125,-2.1937501,6.8250003,46.950733,0.3361091,49.741684,0.27341148,0.06205897,0.31983945,0.9050401,0.27691704,0.043841716,0.25928667,0.9242106,-1.0,0
1763544980498,1009.73773,0.44985065,5.473582,6.728019,0.102014415,-0.027947064,0.0980438,64.537506,-3.16875,9.46875,46.950733,0.3361091,49.741684,0.27548024,0.061060984,0.3208129,0.9041356,0.27833217,0.04399176,0.26002833,0.9235698,-1.0,0
1763544980524,1009.75336,1.2430713,5.715855,10.612766,0.097432934,-0.31062475,0.02046397,63.45,-4.275,8.71875,46.950733,0.3361091,49.741684,0.27701133,0.058561318,0.32023227,0.904039,0.2802813,0.040088616,0.25966236,0.9232609,-1.0,0
1763544980549,1009.7697,1.5110675,5.7948184,10.606785,0.26542073,-0.11300998,-0.015729768,65.943756,-3.0,5.45625,46.950733,0.3361091,49.741684,0.28086513,0.05989387,0.31961665,0.90297985,0.282688,0.038857546,0.25927037,0.9226898,-1.0,0
1763544980574,1009.7697,0.84167534,6.5677,8.857033,0.21548255,0.27046037,-0.062460925,62.831253,-2.9625,8.25,46.950733,0.3361091,49.741684,0.28071076,0.06213224,0.31954664,0.9029014,0.28418905,0.04134135,0.25969675,0.9220006,-1.0,0
1763544980599,1009.7863,0.3589234,7.320243,9.897313,-0.063377224,-0.2206749,-0.12171481,63.487503,-2.7562501,6.9375005,46.950733,0.3361091,49.741684,0.2809035,0.06120578,0.31811726,0.90340936,0.2841773,0.043614183,0.25972664,0.92189103,-1.0,0
1763544980625,1009.8183,0.55453664,6.9499536,10.567303,-0.19440772,-0.29856017,-0.09468404,63.9,-3.5812502,7.2375,46.950733,0.3361091,49.741684,0.28062657,0.058466204,0.31631792,0.9043082,0.28386837,0.039853785,0.2560623,0.92318064,-1.0,0
1763544980650,1009.8183,1.541576,6.344569,12.235699,-0.24862197,-0.15118903,-0.07238748,61.068752,-4.5,7.5937505,46.950733,0.3361091,49.741684,0.27783382,0.056085363,0.3143452,0.90600765,0.28091934,0.03770301,0.25411668,0.92470944,-1.0,0
1763544980675,1009.8261,2.099702,5.870192,12.300903,-0.028252495,0.0386372,-0.14080434,61.631252,-4.6875,7.2375,46.950733,0.3361091,49.741684,0.27832425,0.05769039,0.31304225,0.9062075,0.281491,0.039438188,0.25334823,0.92467403,-1.0,0
1763544980700,1009.8261,1.0851451,5.4813585,8.187042,0.08964441,-0.101708986,-0.16997312,65.175,-5.30625,5.6625004,46.950733,0.3361091,49.741684,0.2792282,0.058070656,0.31143525,0.9064588,0.28240386,0.03985782,0.25205266,0.9247318,-1.0,0
1763544980725,1009.80536,1.2299109,4.9340005,7.9657063,0.0048869182,-0.41050112,-0.18051054,62.475002,-3.35625,7.5375004,46.950733,0.3361091,49.741684,0.28121638,0.051617116,0.30608016,0.9080573,0.28395873,0.033382703,0.24691068,0.92589855,-1.0,0
1763544980751,1009.7917,1.2059826,4.3651066,7.847262,-0.08002329,-0.44745845,-0.19288056,60.525,-2.1937501,7.2187505,46.950733,0.3361091,49.741684,0.2806509,0.049044825,0.30377638,0.90914774,0.2832212,0.030920794,0.24476588,0.92677903,-1.0,0
1763544980775,1009.7917,0.8865408,4.249055,7.242476,-0.16859868,-0.229227,-0.18371758,62.04375,-4.14375,6.24375,46.950733,0.3361091,49.741684,0.27856073,0.047502704,0.3021991,0.91039723,0.28103027,0.029573444,0.24330103,0.927875,-1.0,0
1763544980800,1009.7778,0.95653087,4.667799,8.022536,-0.22174391,-0.09498947,-0.1632536,60.825,-4.1625004,8.681251,46.950733,0.3361091,49.741684,0.27645046,0.04637001,0.3007184,0.91158843,0.27884924,0.028602656,0.24182867,0.92894775,-1.0,0
1763544980826,1009.7778,0.7471589,4.764708,7.5140615,-0.0065667965,-0.083688475,-0.20967934,60.937504,-2.2875001,7.6312504,46.950733,0.3361091,49.741684,0.27696815,0.046449266,0.29683703,0.9126987,0.27936295,0.028727042,0.23814508,0.92974085,-1.0,0
1763544980851,1009.748,0.5377869,4.735396,5.877969,0.17608178,0.011606431,-0.19456044,62.250004,-3.7500002,7.1250005,46.950733,0.3361091,49.741684,0.27843976,0.047621094,0.2950655,0.91276497,0.2809063,0.02980166,0.23636909,0.9296952,-1.0,0
1763544980876,1009.7316,0.44685963,4.9112687,5.773283,0.18417573,-0.02932151,-0.2083049,60.787502,-3.15,6.0,46.950733,0.3361091,49.741684,0.2801861,0.04862537,0.29309872,0.91281134,0.28271323,0.03069051,0.23439598,0.9296181,-1.0,0
1763544980901,1009.7316,0.34396824,4.979464,5.81097,0.15668681,-0.045509428,-0.22693627,61.36875,-5.1000004,8.53125,46.950733,0.3361091,49.741684,0.28309128,0.050392933,0.28895798,0.91313916,0.28573018,0.032223903,0.2300943,0.9297185,-1.0,0
1763544980927,1009.7226,-0.008374879,5.0452666,6.19083,0.11346813,0.028099779,-0.18692462,61.406254,-3.7125,5.9625,46.950733,0.3361091,49.741684,0.2840856,0.051733498,0.28796062,0.9130705,0.28681326,0.033453442,0.22895797,0.9296221,-1.0,0
1763544980953,1009.72235,0.26081768,5.6261244,7.5116687,0.24342962,-0.022601997,-0.0024434591,61.406254,-4.4625,5.7000003,46.950733,0.3361091,49.741684,0.286017,0.052549582,0.2875838,0.91253954,0.28879806,0.0341009,0.22847635,0.9291025,-1.0,0
1763544980977,1009.72235,0.49052864,5.985048,7.3902326,0.37400195,-0.033139415,0.055283263,62.062504,-4.875,5.34375,46.950733,0.3361091,49.741684,0.28931016,0.053202752,0.28762844,0.9114488,0.29213008,0.034509573,0.22848925,0.9280419,-1.0,0
1763544981002,1009.7199,0.94337034,6.186643,6.9415784,0.33964083,-0.06750056,0.06963859,63.000004,-5.4,4.2000003,46.950733,0.3361091,49.741684,0.29543123,0.053259257,0.28784245,0.9094122,0.2982445,0.034152135,0.22876947,0.9260391,-1.0,0
1763544981027,1009.73846,1.4315062,6.081359,8.038688,0.1951713,-0.11255184,0.0368046,64.068756,-5.0437503,5.45625,46.950733,0.3361091,49.741684,0.29714882,0.052951947,0.28766185,0.90892756,0.2999329,0.033787195,0.22878143,0.925504,-1.0,0
1763544981052,1009.73846,1.1509477,6.372685,9.530014,0.13973531,0.102472566,0.016951498,61.8375,-6.5437503,7.1625004,46.950733,0.3361091,49.741684,0.2981909,0.05381196,0.28798577,0.9084331,0.30101943,0.034653436,0.22936633,0.9249743,-1.0,0
1763544981077,1009.7514,0.67417777,6.9655066,8.830113,0.0386372,0.30802858,0.00962112,61.55625,-6.3375,8.887501,46.950733,0.3361091,49.741684,0.29611924,0.05919263,0.29014,0.9080905,0.30111927,0.03694226,0.23036526,0.92460495,-1.0,0
1763544981103,1009.7514,-0.637089,7.0600233,9.369696,-0.26664248,-0.018936807,0.072540194,59.98125,-6.9750004,8.00625,46.950733,0.3361091,49.741684,0.29387534,0.059425242,0.29095316,0.908544,0.2970692,0.04054582,0.2323669,0.925263,-1.0,0
1763544981128,1009.7758,0.36370903,6.579664,10.635498,-0.29153523,-0.35475972,0.11682789,61.425003,-5.8125,5.4750004,46.950733,0.3361091,49.741684,0.2923272,0.05589167,0.29114443,0.90920615,0.29531246,0.03700859,0.23217162,0.9260223,-1.0,0
1763544981153,1009.8112,0.5712864,5.938986,10.94836,-0.28053966,-0.33108872,0.010995566,60.018753,-6.7312503,8.45625,46.950733,0.3361091,49.741684,0.28808802,0.049298994,0.28982714,0.91135895,0.29352042,0.033239316,0.23141092,0.92692494,-1.0,0
1763544981179,1009.8112,0.20219351,5.539983,10.944173,-0.37659815,-0.16523892,-0.043218683,63.206253,-4.89375,5.8500004,46.950733,0.3361091,49.741684,0.28400797,0.04830935,0.28962868,0.91275454,0.2906585,0.030704021,0.23072632,0.9280842,-1.0,0
1763544981204,1009.84076,-0.6305088,4.7730827,11.117652,-0.28420484,0.12996148,0.024129158,62.100002,-4.6312504,5.64375,46.950733,0.3361091,49.741684,0.2803377,0.048570782,0.2901339,0.9137144,0.28287664,0.030481871,0.23090443,0.9304487,-1.0,0
1763544981229,1009.84076,-1.1294123,4.5158544,9.860224,-0.17852524,0.1262963,0.15714496,61.3875,-5.1000004,7.4437504,46.950733,0.3361091,49.741684,0.27766004,0.049087185,0.29157215,0.91404647,0.28023827,0.031163648,0.23230053,0.9308769,-1.0,0
1763544981254,1009.8366,-0.8703892,4.339384,8.894122,-0.055588696,0.042302385,0.35766134,61.125004,-4.875,8.53125,46.950733,0.3361091,49.741684,0.2765806,0.048424825,0.29837927,0.9122105,0.27913108,0.030456996,0.23882857,0.9295801,-1.0,0
1763544981280,1009.81,0.90149593,4.4632125,5.6913285,0.14844014,0.09071342,0.40698865,62.756252,-5.5687504,7.6312504,46.950733,0.3361091,49.741684,0.27773175,0.048554372,0.3022761,0.9105694,0.28028882,0.030505821,0.24280319,0.9281994,-1.0,0
1763544981304,1009.77924,1.1862419,4.5008993,5.2510495,0.00320704,0.023518294,0.28115052,61.55625,-6.3375,8.887501,46.950733,0.3361091,49.741684,0.27872747,0.046575584,0.3062898,0.909026,0.2806964,0.030341778,0.24586938,0.92727405,-1.0,0
1763544981329,1009.77924,1.3070793,4.267599,6.1268225,-0.008857539,-0.16966769,0.12415826,62.062504,-6.76875,8.55,46.950733,0.3361091,49.741684,0.27952343,0.045543984,0.30616564,0.90887564,0.28187317,0.027479764,0.24710251,0.9266783,-1.0,0
1763544981354,1009.74896,0.10109676,4.0241294,5.8594246,0.032223117,0.16798781,0.020158539,63.80625,-6.20625,7.0875,46.950733,0.3361091,49.741684,0.27957693,0.046576217,0.30650714,0.90869176,0.28198847,0.028549865,0.24759786,0.9264787,-1.0,0
1763544981381,1009.74896,0.17527425,4.253242,5.8767724,0.07422007,0.2594648,0.0707076,62.100002,-5.775,9.4125,46.950733,0.3361091,49.741684,0.2793277,0.049005967,0.30773315,0.90822613,0.28189722,0.030975956,0.24880306,0.92610556,-1.0,0
1763544981406,1009.7265,-0.15074782,4.956134,5.3300123,0.10476331,0.08093958,0.08307761,62.362503,-6.0,8.306251,46.950733,0.3361091,49.741684,0.28052345,0.049734283,0.3092674,0.9072964,0.28314644,0.03154344,0.25012398,0.9253492,-1.0,0
1763544981431,1009.73627,0.360718,6.0101724,8.723633,0.0048869182,-0.23319763,0.08460477,61.2,-6.0,8.587501,46.950733,0.3361091,49.741684,0.28129607,0.047708165,0.30933347,0.9071435,0.28379554,0.029387904,0.2499265,0.92527467,-1.0,0
1763544981456,1009.73627,0.61435723,5.9700923,9.608977,0.20387612,-0.15073088,0.10567961,60.468754,-7.4437504,8.606251,46.950733,0.3361091,49.741684,0.28329262,0.046410374,0.3095481,0.906516,0.2857076,0.02792488,0.25005627,0.92469627,-1.0,0
1763544981481,1009.7558,1.2472588,6.20758,8.855837,0.31352636,-0.09728022,0.07589995,64.40625,-6.7875004,8.306251,46.950733,0.3361091,49.741684,0.28880847,0.045397993,0.3092583,0.90492433,0.29114452,0.02657406,0.2499257,0.9230741,-1.0,0
1763544981507,1009.7753,1.6253247,6.4462643,9.154342,0.18264857,-0.2159407,-0.040317077,61.36875,-8.606251,10.575001,46.950733,0.3361091,49.741684,0.28976408,0.0447725,0.30772468,0.90517277,0.29205316,0.025937438,0.2485358,0.92318046,-1.0,0
1763544981533,1009.7753,0.008374879,6.8781686,10.341181,-0.086742796,0.17455462,-0.09850194,59.98125,-6.7500005,10.931251,46.950733,0.3361091,49.741684,0.28875268,0.046064384,0.30702806,0.9056676,0.29112655,0.027301084,0.24783725,0.9236215,-1.0,0
1763544981558,1009.8051,0.12023934,7.0600233,10.856834,-0.0650571,0.1273653,0.03008509,59.737503,-7.1625004,11.4375,46.950733,0.3361091,49.741684,0.28750634,0.046702642,0.3079781,0.9057088,0.28994408,0.028741809,0.24803695,0.9238961,-1.0,0
1763544981583,1009.8051,1.2047862,6.9936223,11.338988,-0.0024434591,-0.17409647,0.1018617,61.55625,-7.70625,10.05,46.950733,0.3361091,49.741684,0.28916162,0.043654084,0.3072254,0.9055896,0.2913937,0.024694622,0.24748528,0.923705,-1.0,0
1763544981609,1009.8298,2.2271197,6.3338017,10.892727,0.12873976,-0.13439025,-0.1404989,62.812504,-7.2187505,11.118751,46.950733,0.3361091,49.741684,0.29090652,0.041987598,0.30561677,0.90565383,0.29301876,0.023012623,0.24617465,0.9235846,-1.0,0
1763544981634,1009.83026,1.1880364,5.828916,9.9015,0.011148282,0.32971427,-0.20509785,59.79375,-7.65,10.9875,46.950733,0.3361091,49.741684,0.28913078,0.04762259,0.30432737,0.9063776,0.29257986,0.025733339,0.24552543,0.9238247,-1.0,0
1763544981659,1009.83026,0.56111693,5.2139606,9.825528,0.01802051,0.24999641,-0.117744185,62.062504,-7.2937503,10.575001,46.950733,0.3361091,49.741684,0.290422,0.047698133,0.3038349,0.906126,0.2915934,0.028944787,0.2454551,0.9240602,-1.0,0
1763544981684,1009.8249,1.6360924,4.566702,7.1599236,0.22586726,-0.4138609,-0.034208428,60.318752,-7.2187505,10.6125,46.950733,0.3361091,49.741684,0.29355085,0.044878,0.3024365,0.90572953,0.29582345,0.025973653,0.2437715,0.9232493,-1.0,0
1763544981709,1009.7878,1.521237,4.668397,6.2213387,-0.083383046,-0.10980295,-0.09926552,62.193752,-6.6562505,10.837501,46.950733,0.3361091,49.741684,0.2941305,0.043051913,0.30119014,0.9060454,0.2962771,0.024209522,0.24280462,0.9234066,-1.0,0
1763544981735,1009.7878,0.9164511,4.6211386,6.882356,-0.30100363,0.19562945,-0.170584,60.318752,-7.2187505,10.9125,46.950733,0.3361091,49.741684,0.28872913,0.04523258,0.2995587,0.9082148,0.29350492,0.025262566,0.24220033,0.9244218,-1.0,0
1763544981761,1009.7641,-0.23629123,4.5613184,6.6676,0.01802051,-0.04291325,-0.06887501,61.4625,-6.6000004,11.0625,46.950733,0.3361091,49.741684,0.28837523,0.045545876,0.29870307,0.9085933,0.290684,0.027157051,0.24045208,0.9257149,-1.0,0
1763544981786,1009.73114,0.040677983,4.6707897,6.087939,0.13637556,-0.10644319,0.029474225,61.18125,-5.775,12.6,46.950733,0.3361091,49.741684,0.2896559,0.045023534,0.29832363,0.9083366,0.291933,0.02650983,0.23994805,0.92547137,-1.0,0
1763544981811,1009.73114,0.573081,4.913063,5.45085,0.16630794,0.009315688,0.056199558,60.487503,-6.4500003,10.556251,46.950733,0.3361091,49.741684,0.29122928,0.045405813,0.29862413,0.90771556,0.2935314,0.026748408,0.24015246,0.9249058,-1.0,0
1763544981836,1009.7082,0.63828546,5.1206403,5.617749,0.06551525,0.009010255,-0.1404989,61.612503,-7.4437504,9.4125,46.950733,0.3361091,49.741684,0.29342836,0.046892997,0.29742727,0.90732455,0.29582074,0.028093385,0.23898607,0.9244385,-1.0,0
1763544981863,1009.7082,0.63828546,5.1206403,5.617749,0.06551525,0.009010255,-0.1404989,60.393753,-7.4812503,12.150001,46.950733,0.3361091,49.741684,0.29417887,0.047715433,0.29654896,0.90732616,0.29662272,0.02886036,0.23809086,0.9243889,-1.0,0
1763544981888,1009.70355,0.5413761,5.5166526,6.5641108,0.16279547,0.08552107,0.041844238,60.393753,-5.9812503,13.1625,46.950733,0.3361091,49.741684,0.29781657,0.049565986,0.29730067,0.9057929,0.30037722,0.030414736,0.23875307,0.92295474,-1.0,0
1763544981913,1009.6938,1.0247263,5.8672013,7.0408807,0.3016145,-0.06307179,0.07620538,62.756252,-5.3625,10.856251,46.950733,0.3361091,49.741684,0.3020907,0.048923396,0.29710492,0.90447575,0.30460027,0.029512223,0.23867877,0.9216182,-1.0,0
1763544981939,1009.6938,0.9607183,6.538388,7.5547395,0.48029244,-0.15668681,0.097432934,62.568752,-6.8812504,11.887501,46.950733,0.3361091,49.741684,0.30695716,0.048544202,0.29709786,0.9028586,0.30943045,0.028844876,0.23884095,0.91998684,-1.0,0
1763544981964,1009.7128,1.332204,6.841678,7.668997,0.36529714,-0.056046844,0.15958843,61.10625,-6.7875004,12.825001,46.950733,0.3361091,49.741684,0.31310382,0.04925759,0.29936355,0.89995617,0.3156094,0.029172406,0.24131083,0.9172289,-1.0,0
1763544981989,1009.73065,2.0111675,7.1156564,8.835498,0.18890993,0.09300416,0.14767656,59.98125,-8.00625,12.543751,46.950733,0.3361091,49.741684,0.31398728,0.050488558,0.29996878,0.8993785,0.3165631,0.030411875,0.24214688,0.9166394,-1.0,0
1763544982014,1009.73065,1.3064811,7.5678997,9.463016,-0.026267186,0.16279547,-0.2490801,59.49375,-6.7125,14.062501,46.950733,0.3361091,49.741684,0.31378862,0.05204116,0.29867262,0.8997906,0.3164509,0.032099735,0.2411915,0.91687244,-1.0,0
1763544982040,1009.75995,-0.49651068,7.6869426,9.605987,-0.2932151,0.3081813,-0.21044292,60.075,-8.15625,14.55,46.950733,0.3361091,49.741684,0.3069606,0.055737272,0.2977048,0.9022418,0.31383646,0.034841344,0.24019586,0.91793174,-1.0,0
1763544982065,1009.8107,-0.13998012,7.475178,11.7361965,-0.38988444,0.1395826,-0.02443459,60.937504,-6.1875005,12.806251,46.950733,0.3361091,49.741684,0.30472344,0.054579727,0.29788664,0.90301067,0.3075743,0.035119098,0.23994264,0.92010444,-1.0,0
1763544982090,1009.8107,1.1318051,5.9467626,12.893724,0.1036943,0.025045456,-0.05054906,58.706253,-7.0312505,13.087501,46.950733,0.3361091,49.741684,0.30452356,0.05449232,0.29764658,0.9031625,0.3073636,0.03509492,0.23984425,0.9202014,-1.0,0
1763544982115,1009.8359,0.38464624,5.508876,9.79143,0.20540328,0.23609924,-0.08093958,59.2125,-7.36875,14.587501,46.950733,0.3361091,49.741684,0.30450347,0.059770755,0.29745322,0.9028991,0.30815938,0.03752851,0.2402029,0.9197456,-1.0,0
1763544982140,1009.8359,0.41156548,5.279165,8.329415,0.013591741,0.2762636,-0.12492185,62.100002,-6.9375005,13.8,46.950733,0.3361091,49.741684,0.3024163,0.062107034,0.2964099,0.9037855,0.30764928,0.040580925,0.24031636,0.9197571,-1.0,0
1763544982165,1009.83295,-1.0085747,4.5918264,8.062017,-0.25595233,0.21258095,-0.22678354,60.7125,-5.71875,14.493751,46.950733,0.3361091,49.741684,0.29936102,0.06404219,0.29502583,0.90511954,0.30277744,0.04521324,0.2378983,0.9217841,-1.0,0
1763544982190,1009.8215,-1.538585,4.272983,8.193025,-0.20525056,0.2150244,-0.041538805,61.275,-5.90625,13.368751,46.950733,0.3361091,49.741684,0.29637015,0.065795444,0.29481742,0.90604544,0.2999078,0.04711298,0.23751876,0.9227245,-1.0,0
1763544982216,1009.8215,-0.95832545,4.235894,7.759924,-0.028863361,0.1545488,0.19776747,61.218754,-6.1687503,14.156251,46.950733,0.3361091,49.741684,0.29559138,0.06744683,0.2989877,0.904811,0.29848382,0.0484228,0.23900367,0.922735,-1.0,0
1763544982242,1009.79315,0.6358926,4.579264,5.1529436,0.1999055,-0.12828161,0.22663084,61.0125,-5.68125,14.156251,46.950733,0.3361091,49.741684,0.29771686,0.06663295,0.30075327,0.9035885,0.30132604,0.047727127,0.24317689,0.92075497,-1.0,0
1763544982266,1009.7558,0.59342,4.640281,4.5445685,0.033597562,-0.13072506,0.10644319,59.49375,-5.9625,14.175,46.950733,0.3361091,49.741684,0.2991184,0.06522854,0.30140963,0.90300924,0.3026336,0.04625419,0.24392039,0.92020446,-1.0,0
1763544982291,1009.7558,0.47198427,4.557729,5.3563333,-0.1594357,-0.0010690134,0.039553493,61.912502,-6.4500003,12.712501,46.950733,0.3361091,49.741684,0.29682,0.06438122,0.302268,0.9035413,0.301941,0.04553089,0.24431255,0.920364,-1.0,0
1763544982317,1009.7387,0.44207397,4.325625,6.8709903,-0.1744019,0.06887501,0.022907428,60.80625,-6.0750003,13.743751,46.950733,0.3361091,49.741684,0.29609224,0.06475245,0.30277908,0.9035825,0.30028704,0.045549627,0.24473211,0.92079264,-1.0,0
1763544982342,1009.7387,0.18783657,4.6528435,8.162517,0.28115052,-0.092546016,0.07910699,61.0125,-6.43125,14.043751,46.950733,0.3361091,49.741684,0.29795858,0.06449702,0.30307224,0.9028887,0.30142233,0.04564828,0.24574324,0.9201473,-1.0,0
1763544982367,1009.7353,0.23330021,5.279165,7.205387,0.43218684,0.052839804,0.07956514,60.54375,-5.8500004,14.3625,46.950733,0.3361091,49.741684,0.30132204,0.06534984,0.3035651,0.9015446,0.304826,0.046332452,0.24645327,0.91880095,-1.0,0
1763544982395,1009.7133,-0.6897311,5.712864,5.982655,0.4101957,0.2035707,0.058795735,60.15,-7.1250005,13.2375,46.950733,0.3361091,49.741684,0.3072056,0.06954506,0.3050577,0.8987369,0.3109721,0.050081454,0.24791527,0.9161475,-1.0,0
1763544982420,1009.7133,-0.18783657,6.4008007,7.8370924,0.17791437,-0.3509418,0.17272201,58.7625,-7.4062505,14.025001,46.950733,0.3361091,49.741684,0.31003487,0.067575805,0.3052927,0.8978353,0.31369475,0.047788244,0.24776918,0.91538095,-1.0,0
1763544982445,1009.7253,0.974477,6.631708,9.595219,0.18142684,-0.43356127,0.12324197,59.737503,-6.9375005,14.043751,46.950733,0.3361091,49.741684,0.312964,0.06405464,0.30496386,0.8971887,0.3164088,0.043987814,0.24719091,0.91479355,-1.0,0
1763544982471,1009.747,1.0989038,6.7184477,9.744172,0.23777911,-0.21639885,0.016035201,61.66875,-7.5937505,13.425,46.950733,0.3361091,49.741684,0.3174501,0.06289264,0.3039446,0.89603996,0.32079822,0.042644482,0.24653758,0.91350377,-1.0,0
1763544982496,1009.747,0.2117648,8.370692,8.1020975,-0.074830934,0.25030184,-0.08155045,59.081253,-7.2562504,14.75625,46.950733,0.3361091,49.741684,0.31670853,0.06517065,0.30399096,0.8961239,0.32020316,0.04496057,0.2465661,0.9135938,-1.0,0
1763544982521,1009.75507,0.28713873,8.423932,9.2285185,-0.22098033,0.082161315,-0.13515383,59.23125,-7.3500004,13.200001,46.950733,0.3361091,49.741684,0.3139629,0.06473174,0.3014641,0.89797354,0.31745964,0.04452289,0.24342622,0.9154129,-1.0,0
1763544982546,1009.7878,0.29671,7.667202,11.086546,-0.15210533,-0.31169376,-0.13836087,60.112503,-7.5000005,11.418751,46.950733,0.3361091,49.741684,0.3150582,0.06150346,0.29952472,0.89846563,0.3183506,0.0411976,0.24136272,0.91580546,-1.0,0
1763544982572,1009.7878,2.1433709,6.3595243,10.986047,0.1962403,-0.17363831,-0.023518294,59.831253,-5.90625,12.281251,46.950733,0.3361091,49.741684,0.31691918,0.05982423,0.29854316,0.89825124,0.32009274,0.03946295,0.24056944,0.9154833,-1.0,0
1763544982597,1009.799,1.8861425,5.964709,8.946764,0.17027856,0.12156209,-0.10949751,57.956253,-7.2187505,12.243751,46.950733,0.3361091,49.741684,0.31807712,0.060932733,0.29803497,0.89793617,0.32129857,0.04065825,0.2405466,0.91501445,-1.0,0
1763544982622,1009.799,0.96729857,5.389235,8.142776,-0.008857539,0.14126249,-0.1122464,58.125004,-6.3562503,13.25625,46.950733,0.3361091,49.741684,0.3172288,0.062375024,0.29730484,0.89837915,0.32051083,0.04239774,0.24049342,0.91522574,-1.0,0
1763544982648,1009.78925,1.0803595,4.8233323,7.1563344,0.08032872,-0.2658789,0.052687086,59.475002,-6.9375005,11.90625,46.950733,0.3361091,49.741684,0.31818032,0.06040628,0.2969789,0.898285,0.3213294,0.040435947,0.24035239,0.9150645,-1.0,0
1763544982673,1009.7695,1.5290136,4.8843493,5.52084,0.06597339,-0.3254382,0.013744458,58.500004,-6.7875004,10.931251,46.950733,0.3361091,49.741684,0.31979027,0.057585362,0.29627776,0.89813006,0.32275194,0.03759095,0.2398632,0.9148135,-1.0,0
1763544982698,1009.7695,1.055833,4.9657054,4.712066,-0.24770567,-0.23304491,-0.08536835,58.425003,-7.8,11.925,46.950733,0.3361091,49.741684,0.3153052,0.053539563,0.29432064,0.9006062,0.32215065,0.035012107,0.23878106,0.9154107,-1.0,0
1763544982723,1009.74384,0.77407813,4.6504507,6.6149583,-0.5384773,0.07009673,-0.10155627,57.562504,-7.7625003,12.168751,46.950733,0.3361091,49.741684,0.31072137,0.054558247,0.29456413,0.9020574,0.31349868,0.03525551,0.238266,0.9185341,-1.0,0
1763544982749,1009.72504,0.17706887,4.6462636,6.929016,-0.01282816,0.035430156,0.021991132,55.350002,-6.3750005,12.168751,46.950733,0.3361091,49.741684,0.30929333,0.055299822,0.29497042,0.9023702,0.31211564,0.036114145,0.23874123,0.91884834,-1.0,0
1763544982775,1009.72504,1.0043873,5.042874,5.748158,0.23350306,-0.29352054,0.029474225,58.4625,-7.0312505,10.950001,46.950733,0.3361091,49.741684,0.31420836,0.051778097,0.29303563,0.9015111,0.31424594,0.034532093,0.23831333,0.91829395,-1.0,0
1763544982800,1009.70087,1.5732809,5.386244,4.987241,0.15424335,-0.27305657,-0.07849612,59.662502,-6.80625,11.7375,46.950733,0.3361091,49.741684,0.31455252,0.051848974,0.29140294,0.90191615,0.31680202,0.032316078,0.2369215,0.9178564,-1.0,0
1763544982825,1009.70135,0.44506502,5.3569317,6.2697935,-0.12721258,0.21517712,-0.21945317,57.506252,-6.525,12.712501,46.950733,0.3361091,49.741684,0.31312057,0.053835243,0.29011276,0.9027136,0.3158348,0.034512505,0.2341517,0.91882,-1.0,0
1763544982851,1009.70135,0.05922236,5.5184474,7.3082786,-0.027488915,0.13072506,-0.11285727,57.6375,-6.0,10.51875,46.950733,0.3361091,49.741684,0.31380522,0.055766586,0.28892645,0.9027391,0.3149318,0.036393687,0.23335484,0.91926,-1.0,0
1763544982876,1009.7148,0.4977071,5.8079786,7.8263245,0.25427246,-0.12751803,0.017409647,56.5875,-5.3625,11.19375,46.950733,0.3361091,49.741684,0.3181405,0.05487704,0.28844362,0.90142965,0.31664157,0.03635541,0.23284191,0.91880417,-1.0,0
1763544982901,1009.7148,1.1832508,6.888338,6.0287166,0.3281871,-0.116980605,0.007788526,57.61875,-7.3875003,12.750001,46.950733,0.3361091,49.741684,0.32209602,0.05454655,0.2879541,0.90020066,0.32484102,0.034633465,0.23204403,0.91620654,-1.0,0
1763544982926,1009.71356,1.1599208,7.119844,6.712466,-0.025198173,0.09605849,-0.04459313,58.050003,-6.95625,10.368751,46.950733,0.3361091,49.741684,0.32291007,0.055161774,0.2877201,0.89994633,0.3256945,0.035168905,0.23174588,0.9159586,-1.0,0
1763544982951,1009.73285,1.0336994,7.09771,8.799605,-0.22464553,0.17562363,-0.08964441,56.98125,-7.8,10.368751,46.950733,0.3361091,49.741684,0.3192823,0.057175487,0.28743398,0.9012056,0.32219788,0.03739919,0.23137404,0.9172,-1.0,0
1763544982976,1009.73285,0.69212395,7.0408807,10.330414,-0.13668099,0.098960094,-0.062155493,58.29375,-6.43125,10.462501,46.950733,0.3361091,49.741684,0.31844538,0.05834126,0.28782943,0.9013008,0.3214314,0.038639594,0.23183505,0.9173011,-1.0,0
1763544983001,1009.76605,0.021535404,8.148758,9.6580305,0.08933897,0.37094763,0.14462224,56.643753,-6.4875,11.56875,46.950733,0.3361091,49.741684,0.31801915,0.061234172,0.28980815,0.900625,0.3211845,0.04154951,0.233841,0.9167511,-1.0,0
1763544983026,1009.76605,0.35234314,8.774481,8.689535,0.0151189035,0.18402301,0.1782198,55.593754,-7.3500004,12.356251,46.950733,0.3361091,49.741684,0.31780896,0.06340808,0.29214835,0.8997923,0.32111683,0.043670073,0.23605064,0.9161097,-1.0,0
1763544983051,1009.7841,0.91346,8.551949,9.456435,-0.16997312,-0.15699224,0.04459313,55.425003,-6.7312503,11.868751,46.950733,0.3361091,49.741684,0.31512463,0.06046925,0.29148975,0.90115124,0.3182757,0.04075088,0.2348722,0.91753745,-1.0,0
1763544983076,1009.8066,0.23808585,5.8911295,11.378469,-0.4572323,0.3074177,-0.318566,57.112503,-6.43125,10.89375,46.950733,0.3361091,49.741684,0.3103629,0.06176293,0.28986898,0.90323645,0.31359926,0.042370964,0.23322079,0.9194935,-1.0,0
1763544983101,1009.8066,-1.2269198,5.1738806,11.486147,-0.22327107,0.51618075,-0.22357652,59.943752,-4.65,11.7375,46.950733,0.3361091,49.741684,0.3044336,0.06985862,0.28979838,0.90468603,0.30817133,0.050896775,0.23329209,0.92087716,-1.0,0
1763544983126,1009.8266,-1.4219348,5.157131,9.864411,0.13973531,0.2952004,-0.0019853106,58.237503,-5.83125,11.83125,46.950733,0.3361091,49.741684,0.30612,0.07089967,0.290835,0.90370286,0.30992886,0.051771577,0.23420954,0.92000526,-1.0,0
1763544983151,1009.81195,-0.32362926,5.453243,5.845666,0.06383537,-0.106290475,0.20418155,58.237503,-6.4500003,13.106251,46.950733,0.3361091,49.741684,0.30753985,0.07003099,0.2920662,0.90289104,0.3113066,0.05072764,0.2352264,0.9193386,-1.0,0
1763544983178,1009.81195,-0.3475575,5.1619167,5.7116675,-0.29718572,0.038026333,0.22174391,56.287502,-7.51875,11.8125,46.950733,0.3361091,49.741684,0.30604532,0.06895191,0.2939085,0.90288407,0.30976096,0.049661335,0.23682068,0.9195096,-1.0,0
1763544983203,1009.79047,-0.2111666,4.685745,7.314859,-0.44929105,0.23136504,0.26923865,59.04375,-5.6062503,10.03125,46.950733,0.3361091,49.741684,0.29865143,0.06927001,0.30078351,0.9030716,0.30242142,0.050321814,0.24330606,0.9202234,-1.0,0
1763544983228,1009.79047,-0.42891344,4.449454,7.408179,-0.23014331,0.22372922,0.37858346,58.143753,-6.3375,12.168751,46.950733,0.3361091,49.741684,0.29827058,0.06864073,0.30502513,0.9018219,0.30200538,0.049695656,0.24755059,0.9192616,-1.0,0
1763544983253,1009.7685,1.0552348,4.66062,5.4233327,0.117438756,-0.22617269,0.46273008,58.29375,-6.43125,10.1625,46.950733,0.3361091,49.741684,0.2999863,0.06620606,0.30861482,0.9002121,0.30356845,0.047129657,0.2511501,0.9179045,-1.0,0
1763544983278,1009.7536,1.4494523,4.666602,5.578866,0.03497201,-0.2782489,0.30298892,56.68125,-6.99375,12.825001,46.950733,0.3361091,49.741684,0.30180663,0.062687315,0.31071007,0.8991342,0.30516127,0.043514814,0.25334474,0.9169512,-1.0,0
1763544983303,1009.7536,0.6478567,4.579264,6.1328044,-0.08842268,0.066431545,0.17562363,58.687504,-6.6375003,11.0625,46.950733,0.3361091,49.741684,0.30023465,0.063092634,0.31494495,0.8981582,0.30360633,0.04409882,0.25787508,0.91617626,-1.0,0
1763544983328,1009.74725,0.008973085,4.6576295,7.0558357,-0.0594066,0.31627524,0.21074834,58.4625,-7.0312505,10.950001,46.950733,0.3361091,49.741684,0.3006943,0.06482638,0.31781885,0.8968677,0.3041777,0.045776077,0.2607517,0.9150896,-1.0,0
1763544983353,1009.7441,0.8769695,5.786443,6.136992,0.3846921,-0.25152358,0.2121228,56.943752,-7.3125005,10.200001,46.950733,0.3361091,49.741684,0.30446428,0.063827135,0.31912518,0.89520204,0.30787972,0.044524968,0.26211095,0.9135237,-1.0,0
1763544983378,1009.7441,0.60000026,6.439684,5.8689957,0.26053384,-0.23228133,0.10430516,57.581253,-6.4875,8.85,46.950733,0.3361091,49.741684,0.30831236,0.062036503,0.3191482,0.8940019,0.31160998,0.042476717,0.2621544,0.91234314,-1.0,0
1763544983403,1009.7402,0.63170516,6.8428745,8.218149,-0.042455103,0.10231985,0.09529491,59.9625,-6.99375,8.775001,46.950733,0.3361091,49.741684,0.30874217,0.06336229,0.32099608,0.89309853,0.31214306,0.043625828,0.26362637,0.9116823,-1.0,0
1763544983429,1009.7631,1.46022,6.844071,9.464211,0.08414663,-0.2696968,0.039553493,56.7,-6.9750004,11.118751,46.950733,0.3361091,49.741684,0.30995783,0.06183996,0.32086998,0.8928294,0.3132668,0.041975565,0.2633611,0.911451,-1.0,0
1763544983455,1009.7631,1.6833507,6.8201427,9.336196,0.11117739,-0.23976442,-0.10644319,57.393753,-7.3875003,9.225,46.950733,0.3361091,49.741684,0.3114281,0.060638346,0.31806552,0.89340353,0.31512755,0.039825726,0.26190358,0.911326,-1.0,0
1763544983481,1009.7734,-0.36670008,7.5828547,9.795618,-0.27779076,0.23915356,-0.107817635,56.662502,-7.2187505,10.6875,46.950733,0.3361091,49.741684,0.30841938,0.06258444,0.31782782,0.8943971,0.31176725,0.042901203,0.26047328,0.91275096,-1.0,0
1763544983506,1009.8012,-0.32422748,7.530811,10.688141,-0.24266604,-0.0073303776,0.011911863,59.1375,-5.9625,8.8125,46.950733,0.3361091,49.741684,0.30600595,0.062721536,0.31785905,0.895205,0.3093838,0.04307275,0.26010382,0.9136588,-1.0,0
1763544983531,1009.8012,0.79800636,7.246065,11.217552,-0.21181737,-0.18646647,0.11178826,57.45,-6.15,11.15625,46.950733,0.3361091,49.741684,0.3034072,0.0586116,0.31859595,0.8961057,0.30654466,0.039008074,0.26039714,0.9147142,-1.0,0
1763544983556,1009.83466,1.7706888,6.148956,11.214561,0.021532983,0.064904384,-0.020922119,58.350002,-6.1687503,10.14375,46.950733,0.3361091,49.741684,0.3028216,0.05857125,0.31872627,0.89626,0.3059425,0.03912395,0.26087177,0.9147756,-1.0,0
1763544983581,1009.83466,1.5260227,5.8432727,9.18784,0.15424335,0.08231403,0.013591741,57.43125,-7.8750005,9.8625,46.950733,0.3361091,49.741684,0.3033907,0.059493814,0.31908312,0.89587975,0.30654994,0.040156562,0.26169437,0.91429245,-1.0,0
1763544983606,1009.83026,2.265405,5.5890355,7.1425757,0.108581215,0.0050396346,-0.0074830935,58.631252,-6.3750005,8.7375,46.950733,0.3361091,49.741684,0.3041664,0.058514405,0.31786823,0.8961131,0.3072381,0.03931788,0.26102623,0.9142889,-1.0,0
1763544983632,1009.799,2.650051,5.30429,6.6592255,-0.15897755,-0.21395539,-0.18051054,56.531254,-6.3750005,11.118751,46.950733,0.3361091,49.741684,0.30209273,0.05609358,0.3148224,0.8980425,0.3050009,0.037161008,0.2582531,0.91591424,-1.0,0
1763544983658,1009.799,1.0420742,4.4165525,8.357532,-0.29672757,0.088269964,-0.3601048,56.362503,-6.5062504,11.2875,46.950733,0.3361091,49.741684,0.29891226,0.056075405,0.31206858,0.9000668,0.30180672,0.03749272,0.25583965,0.9176345,-1.0,0
1763544983683,1009.7878,0.3152544,4.499703,7.4123664,-0.13652828,0.160352,-0.2716821,57.037502,-6.80625,11.231251,46.950733,0.3361091,49.741684,0.29551154,0.058672898,0.30855814,0.9022319,0.2985566,0.040416855,0.25257605,0.9194758,-1.0,0
1763544983709,1009.7563,0.27337998,4.6989055,6.157331,-0.043065965,0.015577052,-0.19853105,58.162502,-6.3187504,10.3125,46.950733,0.3361091,49.741684,0.29544136,0.05784961,0.30663162,0.9029645,0.29843932,0.039574455,0.25053123,0.92010975,-1.0,0
1763544983734,1009.7563,0.70348984,4.7318068,6.3882384,-0.008857539,-0.16707152,-0.16905683,58.18125,-7.05,9.13125,46.950733,0.3361091,49.741684,0.2958092,0.056659985,0.30459806,0.9036075,0.29873595,0.03834396,0.24839878,0.92064357,-1.0,0
1763544983759,1009.7402,0.31465617,4.8341,6.385247,0.04856375,0.0050396346,-0.1404989,56.60625,-5.3625,10.125,46.950733,0.3361091,49.741684,0.29619455,0.056816723,0.30308217,0.90398115,0.2991296,0.03848168,0.2468781,0.920919,-1.0,0
1763544983785,1009.7211,0.3595216,5.057829,6.13101,0.13133593,0.089797124,-0.04367683,56.23125,-7.14375,11.64375,46.950733,0.3361091,49.741684,0.2986827,0.059174348,0.3025277,0.9031966,0.301765,0.04063083,0.24621782,0.92014337,-1.0,0
1763544983810,1009.7211,0.86261255,5.7804613,5.4436717,0.2622137,-0.18127412,-0.025045456,56.23125,-7.14375,11.025001,46.950733,0.3361091,49.741684,0.30159557,0.058802936,0.3017914,0.9024989,0.304653,0.040052865,0.24544294,0.91942376,-1.0,0
1763544983835,1009.70355,0.77347994,6.02094,5.6757755,0.19975278,-0.21334453,-0.04657844,58.537502,-6.01875,9.1875,46.950733,0.3361091,49.741684,0.30449948,0.057689637,0.30055478,0.90200824,0.3074859,0.03873542,0.24415883,0.9188789,-1.0,0
1763544983861,1009.70355,0.8147561,6.174081,6.793822,0.1291979,-0.10797035,-0.014813471,57.281254,-6.5062504,8.1,46.950733,0.3361091,49.741684,0.3081263,0.056837283,0.2995807,0.90115434,0.3094021,0.037914246,0.2432958,0.91849875,-1.0,0
1763544983887,1009.6965,1.061815,6.678368,8.447861,0.1913534,-0.061544627,-0.0003054324,58.031254,-7.18125,8.212501,46.950733,0.3361091,49.741684,0.31005362,0.05673324,0.29931462,0.9005881,0.31297907,0.03736323,0.24279228,0.9174421,-1.0,0
1763544983912,1009.7282,0.90388876,6.8871417,8.5118685,0.1960876,-0.03940078,-0.011911863,58.425003,-6.6562505,8.925,46.950733,0.3361091,49.741684,0.31199306,0.0569903,0.29896024,0.9000195,0.31492907,0.03751336,0.24251483,0.91684186,-1.0,0
1763544983939,1009.7282,1.3555341,7.3011003,8.4909315,0.13362667,-0.047189303,0.00763581,57.24375,-7.51875,7.70625,46.950733,0.3361091,49.741684,0.31364533,0.057715002,0.2985984,0.8995191,0.3165543,0.037444293,0.24233213,0.91633314,-1.0,0
1763544983964,1009.7504,1.1407782,7.7964144,9.497711,-0.21700971,0.62292933,-0.20815217,58.4625,-7.0312505,10.181251,46.950733,0.3361091,49.741684,0.31074652,0.06191052,0.2987159,0.9002069,0.31398085,0.042571653,0.24246427,0.9169595,-1.0,0
1763544983989,1009.7695,-0.9595219,7.9363947,9.573684,-0.25977024,0.7009673,-0.17363831,60.318752,-8.19375,8.19375,46.950733,0.3361091,49.741684,0.30636212,0.06819401,0.2994106,0.90102446,0.30998534,0.049165953,0.24326,0.91777796,-1.0,0
1763544984014,1009.7695,-1.6283158,7.689934,10.567902,-0.1443168,0.13637556,0.038331766,60.05625,-7.9875,8.981251,46.950733,0.3361091,49.741684,0.30522946,0.067786075,0.30027103,0.9011533,0.30764678,0.05176466,0.24364476,0.9183197,-1.0,0
1763544984040,1009.7973,0.55034924,6.4462643,9.845867,0.06093376,-0.34177884,0.09789108,60.05625,-6.7125,6.6000004,46.950733,0.3361091,49.741684,0.3071605,0.06436104,0.3000166,0.900833,0.31060162,0.044906266,0.24273966,0.91792566,-1.0,0
1763544984064,1009.81195,-0.20279172,5.582455,9.424132,-0.18982624,-0.046425723,0.0010690134,59.5125,-7.1625004,7.9125004,46.950733,0.3361091,49.741684,0.30620462,0.06309229,0.29990542,0.9012851,0.30956748,0.04370231,0.24260658,0.91836816,-1.0,0
1763544984089,1009.81195,-0.4408776,5.024329,9.964312,-0.31749696,-0.0033597562,-0.0074830935,59.250004,-7.6687503,7.8187504,46.950733,0.3361091,49.741684,0.30053213,0.061519943,0.3000724,0.9032454,0.30381253,0.042452957,0.24253772,0.9203647,-1.0,0
1763544984115,1009.8149,-0.2638087,4.7742796,9.644272,-0.24083345,-0.028710645,0.007177661,58.912502,-7.0875,8.587501,46.950733,0.3361091,49.741684,0.298817,0.060938112,0.30008718,0.90384877,0.30206445,0.04197775,0.24250637,0.9209699,-1.0,0
1763544984140,1009.8149,-0.3786642,4.7252264,7.1072817,-0.13133593,-0.051007207,0.010995566,60.73125,-7.65,7.5000005,46.950733,0.3361091,49.741684,0.29760987,0.060269363,0.29999354,0.90432286,0.30081823,0.041381262,0.2423672,0.9214413,-1.0,0
1763544984165,1009.799,-0.20877378,4.486542,6.8129644,-0.2037234,0.046883874,0.067653276,57.562504,-7.2375,9.0375,46.950733,0.3361091,49.741684,0.29321858,0.06109385,0.30214942,0.90498406,0.2965011,0.04238765,0.24418661,0.9223141,-1.0,0
1763544984190,1009.7829,-0.33499518,4.3184466,6.715457,-0.21090107,0.29397866,0.115453444,59.456253,-6.5437503,9.1125,46.950733,0.3361091,49.741684,0.29112506,0.06306213,0.30448315,0.9047427,0.29454216,0.04444709,0.24641329,0.9222526,-1.0,0
1763544984215,1009.7829,-0.05383851,4.479364,6.4851475,0.02535089,-0.13500112,0.24266604,58.48125,-7.0312505,9.39375,46.950733,0.3361091,49.741684,0.2912081,0.062288597,0.3063514,0.9041387,0.29458553,0.043604825,0.24811274,0.9218232,-1.0,0
1763544984240,1009.757,0.6299106,4.5397825,6.926025,0.1499673,-0.24495678,0.23854269,58.612503,-5.0062504,8.6625,46.950733,0.3361091,49.741684,0.29314372,0.05984176,0.30758867,0.90325797,0.2963679,0.040991858,0.24925517,0.9210633,-1.0,0
1763544984265,1009.737,0.79920274,4.709075,6.289534,0.22510368,-0.03970621,0.19853105,56.718754,-6.4500003,8.00625,46.950733,0.3361091,49.741684,0.29690593,0.059697498,0.31055433,0.9010211,0.30010858,0.040642254,0.252464,0.91899127,-1.0,0
1763544984290,1009.737,0.7280163,4.9172506,5.709275,0.15760311,0.06444623,0.1517999,56.325,-6.8625,9.150001,46.950733,0.3361091,49.741684,0.29816383,0.05937412,0.31128418,0.900375,0.3013436,0.040236793,0.25322592,0.91839516,-1.0,0
1763544984315,1009.73676,0.46181476,5.496912,7.556534,0.17470732,-0.064140804,0.053603385,57.018753,-7.8,8.981251,46.950733,0.3361091,49.741684,0.29989782,0.05892919,0.31142026,0.8997811,0.3030453,0.039685007,0.2534081,0.9178088,-1.0,0
1763544984340,1009.73676,0.21834506,5.79422,7.393224,0.22296564,0.08506292,0.07925971,58.425003,-7.2937503,10.200001,46.950733,0.3361091,49.741684,0.30325794,0.061699554,0.3132048,0.8978477,0.30658054,0.04219672,0.25519657,0.9160254,-1.0,0
1763544984365,1009.7404,0.3475575,6.1028943,7.472785,0.2244928,0.14981459,0.109650224,59.475002,-7.9125004,9.65625,46.950733,0.3361091,49.741684,0.30557317,0.062202543,0.3137448,0.8968389,0.3089289,0.04250969,0.25567833,0.9150871,-1.0,0
1763544984390,1009.7507,0.98584294,6.789634,8.2761755,0.18890993,-0.3602575,0.004123337,58.706253,-8.231251,7.89375,46.950733,0.3361091,49.741684,0.30861646,0.05997917,0.3127635,0.8962909,0.31182882,0.040054828,0.25461325,0.9145111,-1.0,0
1763544984415,1009.7507,0.8739785,7.029515,8.779266,0.046273008,-0.11530073,-0.059559315,56.8875,-9.056251,10.6125,46.950733,0.3361091,49.741684,0.3100983,0.058617096,0.31162465,0.8962662,0.31322178,0.038588013,0.25344187,0.91442347,-1.0,0
1763544984440,1009.7641,0.4432704,7.3770723,9.395418,-0.08231403,0.11362085,-0.054366965,57.000004,-7.0687504,10.481251,46.950733,0.3361091,49.741684,0.30861735,0.059845816,0.31119493,0.89684534,0.31252795,0.03949474,0.25320435,0.91468793,-1.0,0
1763544984465,1009.7834,0.6789634,7.5266237,9.933804,-0.022143848,-0.22983788,-0.0015271619,56.1375,-9.150001,10.6875,46.950733,0.3361091,49.741684,0.3089522,0.058445122,0.31056356,0.8970412,0.31207737,0.03840585,0.25208658,0.9151967,-1.0,0
1763544984491,1009.7834,1.5110675,7.5732837,10.201799,-0.13087778,-0.342237,-0.029474225,57.6375,-8.981251,9.900001,46.950733,0.3361091,49.741684,0.30908278,0.055470817,0.3094352,0.8975749,0.31202042,0.0353898,0.25081018,0.9156883,-1.0,0
1763544984517,1009.8051,2.2905295,6.949355,11.17508,-0.20280711,-0.26526803,-0.123852834,56.100002,-8.00625,8.94375,46.950733,0.3361091,49.741684,0.3069467,0.051358223,0.30589503,0.89976346,0.31101114,0.032548625,0.24912259,0.9165973,-1.0,0
1763544984543,1009.8254,1.5583258,5.7140603,10.168898,-0.14462224,0.05818487,-0.2554942,59.531254,-7.65,8.868751,46.950733,0.3361091,49.741684,0.3052533,0.051647346,0.30401677,0.90095884,0.30792305,0.032100283,0.24601561,0.918493,-1.0,0
1763544984567,1009.8254,1.1162517,5.098507,9.2177515,-0.1414152,0.13545926,-0.2131918,54.787502,-7.8,11.212501,46.950733,0.3361091,49.741684,0.3032599,0.05273821,0.30260736,0.9020426,0.30598998,0.033437476,0.24490534,0.9193875,-1.0,0
1763544984593,1009.81586,0.9421739,4.7078786,8.2660055,-0.11285727,0.066736974,-0.1876882,56.41875,-7.6312504,11.34375,46.950733,0.3361091,49.741684,0.30071425,0.05314855,0.29994538,0.9037582,0.30435774,0.034534913,0.2438199,0.9201769,-1.0,0
1763544984619,1009.81586,0.51146585,4.4165525,7.830512,-0.06887501,-0.11804962,-0.12828161,58.275,-8.6625,10.44375,46.950733,0.3361091,49.741684,0.3010643,0.051314123,0.2988226,0.90411955,0.30345988,0.03414572,0.24255767,0.92082137,-1.0,0
1763544984643,1009.7956,0.90089774,4.534997,5.61416,-0.02687805,-0.08918626,-0.05497783,56.5875,-6.8625,10.9875,46.950733,0.3361091,49.741684,0.30133337,0.050066758,0.29800907,0.90436834,0.30388,0.031071393,0.24070902,0.9212766,-1.0,0
1763544984668,1009.7668,0.57487565,4.8646083,4.8041897,-0.23976442,0.21288638,-0.12889247,56.100002,-6.525,9.46875,46.950733,0.3361091,49.741684,0.29549322,0.053090923,0.29706323,0.9064318,0.29824176,0.03444885,0.23961388,0.9232824,-1.0,0
1763544984693,1009.7668,0.39661035,5.008776,6.2638116,-0.3762927,0.25961754,-0.17837252,57.225002,-7.2937503,11.55,46.950733,0.3361091,49.741684,0.29342878,0.053730942,0.29566652,0.9075207,0.29622462,0.035191134,0.23807056,0.9243024,-1.0,0
1763544984718,1009.75165,-0.1274178,4.671986,7.309475,0.2451095,-0.15897755,-0.051007207,60.562504,-7.05,7.4812503,46.950733,0.3361091,49.741684,0.29505575,0.053305954,0.29438373,0.9074353,0.29782435,0.034641933,0.23672478,0.92415476,-1.0,0
1763544984743,1009.75165,0.587438,5.0674,5.622535,0.39400777,-0.085215636,0.03649917,56.943752,-7.3125005,10.5,46.950733,0.3361091,49.741684,0.29863423,0.053534947,0.29402974,0.90636533,0.30141455,0.03460747,0.23632266,0.92309433,-1.0,0
1763544984768,1009.7348,1.0390832,5.4957156,5.2103715,0.2509127,0.041538805,-0.02687805,56.943752,-8.0625,9.618751,46.950733,0.3361091,49.741684,0.302351,0.0565021,0.29345894,0.9051371,0.30531496,0.037301138,0.23572975,0.9218584,-1.0,0
1763544984794,1009.71747,0.24945176,5.560322,5.800202,0.10995566,0.1847866,-0.084757484,57.937504,-7.4625,10.40625,46.950733,0.3361091,49.741684,0.30323955,0.058317028,0.29369685,0.90464747,0.3063222,0.039010365,0.23585981,0.92142016,-1.0,0
1763544984819,1009.71747,0.7298109,5.8019967,7.8077803,0.36544985,-0.15989386,0.12751803,57.000004,-7.8,10.06875,46.950733,0.3361091,49.741684,0.30639225,0.058106165,0.29406857,0.90347725,0.30946243,0.038542483,0.23613247,0.92032003,-1.0,0
1763544984845,1009.726,1.1156535,6.081359,7.5092754,0.5209149,-0.18631376,0.16752967,55.7625,-8.0625,11.137501,46.950733,0.3361091,49.741684,0.31145105,0.05729034,0.29458538,0.9016293,0.31445998,0.037401322,0.23674832,0.91851306,-1.0,0
1763544984870,1009.7282,1.5391831,6.649654,7.9830546,0.12980877,0.16844596,0.123547405,57.768753,-8.34375,9.8625,46.950733,0.3361091,49.741684,0.31694433,0.05891263,0.29714796,0.8987651,0.3200384,0.038727548,0.23964773,0.91577536,-1.0,0
1763544984895,1009.7282,1.5391831,6.649654,7.9830546,0.12980877,0.16844596,0.123547405,56.1375,-8.400001,10.5,46.950733,0.3361091,49.741684,0.3176915,0.060044132,0.29817382,0.8980864,0.32085156,0.03984326,0.24081084,0.91513765,-1.0,0
1763544984921,1009.75555,1.2472588,7.203593,9.025128,0.19440772,-0.05146536,-0.012675445,56.756252,-8.19375,10.25625,46.950733,0.3361091,49.741684,0.32021636,0.060121305,0.29789323,0.8972773,0.3233577,0.03991126,0.2410077,0.9142003,-1.0,0
1763544984946,1009.7812,0.5461618,7.689934,8.862417,0.01924224,0.020769402,0.004581486,57.54375,-9.262501,12.4125,46.950733,0.3361091,49.741684,0.31851926,0.061696216,0.29889634,0.89744085,0.32176775,0.0415503,0.24188703,0.914456,-1.0,0
1763544984972,1009.7812,0.23629123,8.072187,9.950553,-0.33429575,0.2527453,-0.027947064,57.656254,-8.7375,11.587501,46.950733,0.3361091,49.741684,0.31519032,0.06352359,0.29979554,0.8981885,0.31856632,0.04353924,0.24261072,0.9152922,-1.0,0
1763544984997,1009.79877,0.23330021,7.508079,11.437693,-0.33078328,0.08231403,-0.060017463,57.562504,-9.993751,11.212501,46.950733,0.3361091,49.741684,0.30959386,0.0645199,0.29963323,0.90011597,0.31530264,0.043943,0.24229759,0.9164852,-1.0,0
1763544985023,1009.79877,0.084346995,6.73101,11.589038,-0.15103632,0.14355323,-0.05589413,60.2625,-9.712501,10.44375,46.950733,0.3361091,49.741684,0.3086488,0.066349745,0.30029905,0.90008557,0.31222573,0.04670629,0.24280095,0.9172684,-1.0,0
1763544985049,1009.8327,0.18125631,6.0311093,9.075976,0.06169734,0.073303774,0.07223476,58.4625,-8.418751,11.325001,46.950733,0.3361091,49.741684,0.30861175,0.06741217,0.30120486,0.8997166,0.31225613,0.047767434,0.24372388,0.9169586,-1.0,0
1763544985074,1009.8315,0.25782663,5.8019967,8.1840515,-0.06139191,0.019853106,-0.0003054324,57.768753,-8.34375,9.39375,46.950733,0.3361091,49.741684,0.30821887,0.06748553,0.30142513,0.899772,0.31186965,0.047859013,0.24392116,0.9170329,-1.0,0
1763544985100,1009.8315,-0.73399836,4.9471607,8.353344,-0.39660397,0.40240717,-0.03497201,57.525,-7.2562504,11.212501,46.950733,0.3361091,49.741684,0.30104634,0.07074155,0.30234194,0.9016408,0.3093881,0.048902746,0.24393085,0.9178155,-1.0,0
1763544985125,1009.81683,-0.8500503,4.5613184,8.513064,-0.23808455,0.38011062,0.10293072,59.193752,-7.2000003,8.71875,46.950733,0.3361091,49.741684,0.297083,0.07340452,0.3041896,0.9021209,0.30114248,0.054403223,0.24632646,0.91960686,-1.0,0
1763544985151,1009.8049,-0.5240282,4.4201417,7.5882387,0.05299252,0.21807873,0.24556763,58.593754,-7.89375,10.21875,46.950733,0.3361091,49.741684,0.29591194,0.07524184,0.30676034,0.9014837,0.30009836,0.05626875,0.2488026,0.91916925,-1.0,0
1763544985176,1009.8049,0.8225328,4.701298,4.4404807,0.18921536,-0.008552107,0.29749113,59.718754,-8.137501,9.95625,46.950733,0.3361091,49.741684,0.2995986,0.07583998,0.31218815,0.8983471,0.30169323,0.056909,0.25172538,0.9178109,-1.0,0
1763544985201,1009.76263,1.1156535,4.642674,4.633103,0.0036651888,0.048258316,0.16936226,58.031254,-6.95625,11.137501,46.950733,0.3361091,49.741684,0.30035394,0.07557023,0.31396896,0.89749664,0.30456266,0.056257837,0.25608146,0.91569585,-1.0,0
1763544985226,1009.76263,0.74476606,4.3531427,5.368896,-0.04780017,0.19883649,0.057726722,58.893753,-7.1062503,10.293751,46.950733,0.3361091,49.741684,0.29977375,0.0765234,0.31518394,0.8971839,0.3040431,0.05725316,0.25733525,0.91545534,-1.0,0
1763544985251,1009.73065,0.076570325,4.377071,5.1499524,0.04444041,0.19975278,0.042760536,59.756252,-7.89375,9.9375,46.950733,0.3361091,49.741684,0.2994265,0.078349315,0.31618446,0.89679015,0.30380622,0.059132185,0.2584633,0.91509664,-1.0,0
1763544985278,1009.7087,0.38404804,5.560322,6.5371914,0.016951498,-0.22586726,0.044287696,58.2,-6.0750003,11.08125,46.950733,0.3361091,49.741684,0.30126205,0.076848015,0.3163182,0.89625794,0.30555722,0.057439025,0.258397,0.9146401,-1.0,0
1763544985303,1009.7089,0.31286156,5.7224355,7.3830543,0.076358095,-0.11148282,-0.0048869182,59.250004,-6.7125,11.15625,46.950733,0.3361091,49.741684,0.30243602,0.075728945,0.3157831,0.89614654,0.30666417,0.05620947,0.25775757,0.91452646,-1.0,0
1763544985328,1009.7089,-0.04127619,5.901897,7.2939215,0.09926552,0.034666575,0.052839804,60.768753,-8.775001,9.262501,46.950733,0.3361091,49.741684,0.30335012,0.07613935,0.31599662,0.89572746,0.3076024,0.056561872,0.25800148,0.91412073,-1.0,0
1763544985353,1009.71136,1.5553347,6.647261,9.009576,0.02687805,-0.37583455,-0.07147118,57.300003,-7.7625003,9.5625,46.950733,0.3361091,49.741684,0.30532444,0.073246956,0.31525573,0.8955589,0.3093962,0.05349877,0.2571245,0.91394687,-1.0,0
1763544985378,1009.71136,0.77407813,6.7794647,8.769695,-0.013744458,-0.26419902,-0.19486587,57.600002,-6.99375,9.806251,46.950733,0.3361091,49.741684,0.30641618,0.070784904,0.3127675,0.89625615,0.31031546,0.05104589,0.25481528,0.9144221,-1.0,0
1763544985403,1009.7448,-0.0017946169,7.396813,8.956335,-0.22708899,0.021074835,-0.14187334,58.4625,-7.0312505,10.481251,46.950733,0.3361091,49.741684,0.30499732,0.07037063,0.3113948,0.8972502,0.30886704,0.050759878,0.2534905,0.9152962,-1.0,0
1763544985428,1009.7775,0.61914283,7.6510506,11.151152,-0.23396121,-0.17867795,-0.11896592,58.66875,-7.6312504,8.793751,46.950733,0.3361091,49.741684,0.2999794,0.069496244,0.30976284,0.8995719,0.30382413,0.050082564,0.25133616,0.91761255,-1.0,0
1763544985453,1009.7775,0.8171489,7.256833,11.801999,-0.12996148,-0.42073312,-0.13347395,59.362503,-7.8,8.26875,46.950733,0.3361091,49.741684,0.29959464,0.06619784,0.30756786,0.90070134,0.30322975,0.04680615,0.24904427,0.91860646,-1.0,0
1763544985479,1009.8122,1.3094722,6.6819572,12.414562,0.0029016077,-0.38072148,-0.0697913,58.612503,-7.1250005,8.625,46.950733,0.3361091,49.741684,0.3002929,0.06260984,0.3056011,0.90139455,0.30369154,0.04321194,0.24713163,0.9191464,-1.0,0
1763544985504,1009.84393,1.5128621,6.297311,9.933804,0.09850194,0.073303774,-0.100945406,60.581253,-6.05625,9.431251,46.950733,0.3361091,49.741684,0.30184773,0.06280386,0.30428663,0.9013064,0.3052221,0.043541513,0.24653511,0.918784,-1.0,0
1763544985529,1009.84393,1.4841483,5.639883,9.5353985,0.041080657,-0.005345067,-0.13347395,59.550003,-6.9,8.19375,46.950733,0.3361091,49.741684,0.30200595,0.06324352,0.30333576,0.9015432,0.30539313,0.044071984,0.24587719,0.9188782,-1.0,0
1763544985554,1009.84174,1.0588241,4.959723,8.575876,0.051159926,-0.057574004,-0.16737695,59.79375,-7.1250005,8.19375,46.950733,0.3361091,49.741684,0.30232143,0.06319307,0.30181074,0.9019527,0.30568978,0.044106387,0.24464406,0.919107,-1.0,0
1763544985579,1009.84174,0.7471589,4.6672006,7.3399835,0.022143848,-0.07238748,-0.12186752,57.562504,-7.9875,9.243751,46.950733,0.3361091,49.741684,0.3025223,0.062935665,0.30049777,0.90234166,0.30585974,0.04393708,0.24361046,0.9193331,-1.0,0
1763544985604,1009.81464,1.3980067,4.685147,6.314659,-0.08888082,-0.07131846,-0.22632541,58.66875,-7.6125,8.325001,46.950733,0.3361091,49.741684,0.30195633,0.061403077,0.29740134,0.9036617,0.3051831,0.042558353,0.24078618,0.9203663,-1.0,0
1763544985629,1009.7873,0.63529444,4.6396832,5.7074804,-0.10155627,0.05131264,-0.31612253,58.612503,-7.8750005,9.13125,46.950733,0.3361091,49.741684,0.30087066,0.062068794,0.29501778,0.904759,0.30412835,0.043377753,0.23860459,0.9212449,-1.0,0
1763544985654,1009.7873,-0.06699903,4.5373898,5.341378,-0.057268575,0.0030543238,-0.33139414,57.131252,-7.1625004,9.243751,46.950733,0.3361091,49.741684,0.3000665,0.06299051,0.29223076,0.90586615,0.30337754,0.044382192,0.2358605,0.9221508,-1.0,0
1763544985680,1009.7546,-0.10827523,4.699504,5.946164,-0.058795735,-0.1301142,-0.16997312,59.86875,-6.8625,7.55625,46.950733,0.3361091,49.741684,0.2996421,0.06273283,0.2873792,0.907575,0.30318448,0.044601798,0.23292126,0.92295045,-1.0,0
1763544985706,1009.73236,0.021535404,4.837091,6.582057,0.05421425,-0.09453133,-0.110871956,57.80625,-6.8250003,8.0625,46.950733,0.3361091,49.741684,0.30007702,0.062378004,0.2858804,0.90792906,0.30337852,0.04357383,0.228797,0.9239668,-1.0,0
1763544985731,1009.73236,-0.1274178,5.151149,6.0376897,0.1763872,-0.05574141,-0.034361143,57.393753,-7.36875,8.45625,46.950733,0.3361091,49.741684,0.30156913,0.06255122,0.28507906,0.9076747,0.30488223,0.04362814,0.22793531,0.9236823,-1.0,0
1763544985756,1009.71405,0.5563313,5.7984076,6.4067826,0.13713914,-0.16081016,0.069485866,57.975002,-7.4437504,8.700001,46.950733,0.3361091,49.741684,0.3052936,0.061616756,0.28487495,0.9065569,0.30674282,0.043400288,0.22763263,0.9231515,-1.0,0
1763544985782,1009.71405,0.8333005,6.114858,7.003194,0.15378521,-0.16890411,0.08032872,58.068752,-7.6875005,8.868751,46.950733,0.3361091,49.741684,0.3073435,0.06031464,0.2849012,0.9059434,0.31052583,0.040885113,0.22741798,0.9220538,-1.0,0
1763544985807,1009.7104,0.76630145,6.278168,7.414759,0.1499673,-0.06551525,0.087506376,58.7625,-7.9687505,7.5750003,46.950733,0.3361091,49.741684,0.30921683,0.05962866,0.28522018,0.90525067,0.31235453,0.04006592,0.2277301,0.9213948,-1.0,0
1763544985832,1009.7204,0.9415757,7.0229344,9.031709,0.0962112,-0.0537561,0.13881902,57.281254,-8.7375,7.3125005,46.950733,0.3361091,49.741684,0.31149834,0.05934037,0.28727677,0.903836,0.3146138,0.039631974,0.22986352,0.9201143,-1.0,0
1763544985858,1009.7204,1.6474584,7.3603225,9.695119,0.16019928,-0.09376775,0.055435978,56.100002,-6.525,9.46875,46.950733,0.3361091,49.741684,0.31310546,0.058686744,0.2876943,0.9031904,0.31617603,0.038882934,0.23033355,0.91949296,-1.0,0
1763544985883,1009.7436,0.9625129,7.5637126,9.548559,0.17012584,-0.054825112,-0.0810923,56.437504,-7.6125,10.25625,46.950733,0.3361091,49.741684,0.31490818,0.05855984,0.2869096,0.90282136,0.31795856,0.038713995,0.229779,0.91902405,-1.0,0
1763544985908,1009.7712,0.014356935,7.9543405,9.417552,0.040775225,0.10308343,-0.06902772,55.93125,-8.15625,8.64375,46.950733,0.3361091,49.741684,0.3154451,0.059519462,0.28636873,0.9027429,0.31854978,0.039676398,0.22935462,0.9188843,-1.0,0
1763544985933,1009.7712,0.40797627,7.635497,9.865608,-0.35796675,0.091782436,-0.11300998,57.037502,-8.400001,8.400001,46.950733,0.3361091,49.741684,0.31144753,0.061689008,0.28613535,0.9040583,0.31471622,0.04193792,0.2285898,0.9202943,-1.0,0
1763544985959,1009.79266,0.18723837,6.8506513,11.727822,-0.47112945,0.066126116,-0.20448698,57.206253,-6.9,8.4375,46.950733,0.3361091,49.741684,0.30719954,0.061468724,0.28479278,0.9059487,0.31046876,0.041941658,0.22699969,0.9221286,-1.0,0
1763544985984,1009.8276,-0.7543373,6.2805614,12.20519,-0.24678937,0.2924515,-0.10980295,59.718754,-7.5000005,8.212501,46.950733,0.3361091,49.741684,0.3033022,0.06313884,0.2843116,0.9072972,0.3066831,0.043865923,0.22646827,0.9234356,-1.0,0
1763544986009,1009.8276,0.3385844,6.288936,7.8281193,0.14645483,-0.07589995,0.16798781,58.443752,-6.6375003,7.5375004,46.950733,0.3361091,49.741684,0.30325934,0.066142485,0.28728738,0.90615946,0.30683735,0.0468176,0.2293636,0.9225244,-1.0,0
1763544986034,1009.80853,0.48873404,5.7834525,7.077371,-0.074830934,-0.12293654,0.04886918,58.687504,-6.1312504,8.25,46.950733,0.3361091,49.741684,0.30376524,0.064690284,0.28747886,0.90603405,0.30725574,0.045299772,0.22945301,0.9224387,-1.0,0
1763544986059,1009.80853,0.015553347,4.996812,7.9274216,-0.31658068,0.11988221,-0.008399391,56.68125,-6.4687505,9.8625,46.950733,0.3361091,49.741684,0.30135542,0.06445078,0.28774276,0.9067718,0.30483773,0.0451988,0.2296249,0.9232028,-1.0,0
1763544986084,1009.7861,-0.36251262,4.037888,8.422736,-0.06352994,0.19746204,0.20326525,58.500004,-6.2625003,8.587501,46.950733,0.3361091,49.741684,0.2953998,0.067203276,0.29121354,0.90742344,0.29907128,0.048308425,0.23300032,0.92408526,-1.0,0
1763544986109,1009.78217,0.2015953,4.153342,6.998408,0.21823144,0.025198173,0.2770272,57.975002,-5.9437504,8.306251,46.950733,0.3361091,49.741684,0.29635698,0.06751558,0.2936095,0.90631545,0.30004567,0.04856352,0.23547468,0.9231283,-1.0,0
1763544986134,1009.78217,0.8285148,4.3926244,5.1786666,0.3065014,-0.045203995,0.24022257,56.381252,-5.86875,8.94375,46.950733,0.3361091,49.741684,0.29907212,0.06736678,0.29561538,0.9047813,0.30274203,0.04826692,0.23764789,0.9217055,-1.0,0
1763544986159,1009.74945,1.180858,4.53081,4.186243,0.16478078,-0.056046844,0.092546016,57.375004,-8.137501,9.431251,46.950733,0.3361091,49.741684,0.3012774,0.067076296,0.29652283,0.9037737,0.30492017,0.047864214,0.23869905,0.9207364,-1.0,0
1763544986184,1009.7192,-0.148355,4.604389,6.1244297,-0.21723878,0.1621846,-0.16111559,57.506252,-6.8625,7.8,46.950733,0.3361091,49.741684,0.29958183,0.06772448,0.29514593,0.9047392,0.30326405,0.048649825,0.23735906,0.9215882,-1.0,0
1763544986209,1009.7192,-1.0217353,4.5673003,6.875178,-0.08758274,0.28038692,-0.10430516,60.075,-5.7375,8.08125,46.950733,0.3361091,49.741684,0.29758236,0.07013109,0.2948237,0.9053206,0.30142623,0.051145352,0.23690075,0.92217374,-1.0,0
1763544986235,1009.7233,-1.4249259,4.867001,6.276374,0.118889555,0.12980877,0.060322896,59.4,-6.80625,9.6,46.950733,0.3361091,49.741684,0.29749513,0.07230071,0.29539233,0.9049932,0.3014892,0.05324453,0.23727,0.9219394,-1.0,0
1763544986260,1009.7233,-0.8333005,5.5483575,5.8887367,0.25251624,-0.2603811,0.18249585,58.068752,-7.6875005,8.868751,46.950733,0.3361091,49.741684,0.29998338,0.07149856,0.29604152,0.9040229,0.30394512,0.052148152,0.2375623,0.92112,-1.0,0
1763544986285,1009.7148,0.30209386,6.2321067,7.289136,0.11537708,-0.53038335,0.20173809,58.162502,-9.525001,7.2562504,46.950733,0.3361091,49.741684,0.3071704,0.063134395,0.29581115,0.9023061,0.31061912,0.043074,0.23665172,0.9195958,-1.0,0
1763544986311,1009.7233,0.99302137,6.2524457,8.7367935,-0.058872093,-0.31948227,0.16768238,58.85625,-7.3500004,8.90625,46.950733,0.3361091,49.741684,0.3084225,0.059329014,0.29611778,0.9020365,0.31163013,0.039128155,0.23677681,0.91939783,-1.0,0
1763544986336,1009.7233,0.73459655,7.124031,10.174282,-0.048792824,0.13240494,0.032223117,58.10625,-6.6937504,10.03125,46.950733,0.3361091,49.741684,0.3064163,0.058849018,0.29787242,0.90217394,0.3106838,0.037938513,0.23767509,0.9195362,-1.0,0
1763544986362,1009.7602,0.57547385,7.818548,10.176077,0.020387612,-0.11285727,0.022907428,58.068752,-7.6687503,8.08125,46.950733,0.3361091,49.741684,0.30644,0.05841964,0.298014,0.90214705,0.30957866,0.0384626,0.23899701,0.9195445,-1.0,0
1763544986386,1009.7878,0.82612205,7.776674,9.879367,0.041615162,-0.2640463,-0.0065667965,57.468754,-7.8562503,6.9187503,46.950733,0.3361091,49.741684,0.30764994,0.05645287,0.29715258,0.9021446,0.31066376,0.036379162,0.23801184,0.9195189,-1.0,0
1763544986411,1009.7878,1.2753744,7.508079,10.267602,-0.11675153,-0.1678351,0.011606431,57.600002,-7.2187505,6.8812504,46.950733,0.3361091,49.741684,0.30770102,0.05458749,0.29660723,0.9024214,0.3105977,0.03447909,0.23734513,0.9197867,-1.0,0
1763544986436,1009.8249,1.8873389,6.4241304,11.112268,-0.055817768,-0.05222894,-0.1707367,56.737503,-8.4375,8.887501,46.950733,0.3361091,49.741684,0.30580476,0.05314786,0.2948633,0.90372247,0.30859983,0.03327732,0.23585343,0.9208865,-1.0,0
1763544986461,1009.8249,1.7455641,6.020342,9.866804,-0.061620984,-0.09880738,-0.20967934,58.256252,-6.7875004,8.325001,46.950733,0.3361091,49.741684,0.30532834,0.052595746,0.2930106,0.9045181,0.30807495,0.03288672,0.23434071,0.9214623,-1.0,0
1763544986486,1009.84735,1.5236298,5.393422,9.485149,-0.20257804,-0.09529491,-0.24083345,57.3375,-7.74375,7.4062505,46.950733,0.3361091,49.741684,0.3038914,0.051652856,0.29082227,0.9057618,0.3065687,0.03214998,0.23241396,0.9224781,-1.0,0
1763544986511,1009.842,1.2239288,4.2915273,9.226126,-0.23403756,0.023060145,-0.17989968,58.65,-7.1062503,7.0687504,46.950733,0.3361091,49.741684,0.29872653,0.05056787,0.2874872,0.9086014,0.30132452,0.031593718,0.22950865,0.9249493,-1.0,0
1763544986536,1009.842,1.0199406,4.1168513,7.954939,-0.17646356,0.11560616,-0.13897173,57.750004,-5.71875,8.00625,46.950733,0.3361091,49.741684,0.29635087,0.05113018,0.28665268,0.909611,0.29897636,0.03242347,0.2289789,0.92581344,-1.0,0
1763544986561,1009.81903,0.76331043,4.1258245,6.9684978,-0.14088069,0.13820815,-0.09224058,57.693752,-6.7125,7.14375,46.950733,0.3361091,49.741684,0.29429957,0.05206154,0.28630552,0.91033316,0.2969766,0.033578895,0.22889008,0.9264376,-1.0,0
1763544986586,1009.7836,0.7471589,4.5278187,5.2073803,0.07551816,-0.06062833,-0.03329213,57.3375,-6.2625003,7.7812505,46.950733,0.3361091,49.741684,0.29379225,0.05271764,0.28578135,0.91062397,0.2965012,0.034352485,0.22862098,0.926628,-1.0,0
1763544986615,1009.7836,0.95772725,4.7766724,4.674379,0.057650365,-0.18982624,-0.07086031,61.10625,-5.86875,6.58125,46.950733,0.3361091,49.741684,0.2949816,0.051688585,0.2848358,0.9105947,0.29762298,0.03326259,0.22771364,0.9265315,-1.0,0
1763544986640,1009.7546,0.8500503,4.761119,5.2887363,-0.017486004,-0.2150244,-0.170584,58.65,-6.3562503,6.8812504,46.950733,0.3361091,49.741684,0.29586077,0.050023414,0.28285116,0.911021,0.2983967,0.03154888,0.22571519,0.92683154,-1.0,0
1763544986665,1009.73285,0.45224348,5.252246,6.450452,0.011988222,0.04092794,-0.14385866,57.61875,-6.24375,8.83125,46.950733,0.3361091,49.741684,0.29589042,0.050360315,0.27955306,0.9120103,0.2984484,0.031872503,0.22232847,0.9276221,-1.0,0
1763544986690,1009.73285,0.613759,5.6787663,6.498906,0.089415334,-0.010537418,-0.1517999,58.275,-6.0375004,7.51875,46.950733,0.3361091,49.741684,0.2965383,0.051207427,0.27824643,0.9121523,0.29915056,0.03265132,0.22093375,0.92770207,-1.0,0
1763544986715,1009.7187,0.5276174,6.014958,6.7615185,0.12606722,-0.11682789,-0.1753182,57.656254,-6.95625,6.5437503,46.950733,0.3361091,49.741684,0.29798213,0.0512119,0.27634606,0.9122592,0.30059382,0.03254794,0.21897489,0.9277036,-1.0,0
1763544986743,1009.7187,0.6873383,6.3361945,7.649854,0.2183078,0.07925971,-0.10919208,57.468754,-7.1062503,7.8187504,46.950733,0.3361091,49.741684,0.30137333,0.052475624,0.273396,0.9119622,0.304064,0.03353593,0.21586001,0.92726743,-1.0,0
1763544986768,1009.72504,0.50189453,6.6041903,7.3657064,0.28046328,0.14294235,-0.08796453,58.275,-8.15625,8.400001,46.950733,0.3361091,49.741684,0.30347562,0.054817628,0.27286047,0.9112874,0.306309,0.035738084,0.215356,0.9265632,-1.0,0
1763544986794,1009.7353,0.37627137,6.9678993,7.3830543,0.24793474,0.0070249448,-0.0632245,58.537502,-6.01875,9.637501,46.950733,0.3361091,49.741684,0.3058639,0.05620868,0.27220246,0.9106007,0.3087818,0.036958016,0.21468493,0.92585003,-1.0,0
1763544986819,1009.7353,1.6749759,7.0576305,8.656634,0.0020616686,-0.00962112,-0.14691298,58.256252,-6.7875004,7.70625,46.950733,0.3361091,49.741684,0.3083398,0.056391597,0.27012256,0.9103737,0.3106654,0.03679663,0.21360926,0.92547506,-1.0,0
1763544986844,1009.73895,1.0923235,6.9523463,9.395418,-0.124998204,0.15699224,-0.28725916,56.100002,-6.525,9.150001,46.950733,0.3361091,49.741684,0.30725178,0.057687342,0.26821682,0.91122353,0.31127334,0.03691005,0.21239862,0.9255449,-1.0,0
1763544986870,1009.76483,-0.35653058,7.2699933,9.671789,-0.17524183,0.34254244,-0.23457208,58.331253,-6.9375005,11.1,46.950733,0.3361091,49.741684,0.304884,0.060592808,0.26693532,0.912206,0.30806962,0.04145911,0.209521,0.92707884,-1.0,0
1763544986895,1009.76483,-0.485743,7.7611203,9.40798,-0.2135736,0.20066908,-0.07742711,56.812504,-6.5625005,9.243751,46.950733,0.3361091,49.741684,0.3023652,0.06303319,0.2668613,0.9129004,0.30571362,0.044012196,0.20928349,0.92779446,-1.0,0
1763544986920,1009.77606,0.1794617,7.064809,11.841481,-0.26962045,-0.049174614,-0.1244637,59.081253,-8.56875,7.5750003,46.950733,0.3361091,49.741684,0.2979042,0.06105152,0.26497787,0.9150478,0.3011581,0.042166505,0.20681654,0.9299208,-1.0,0
1763544986946,1009.77606,-0.57487565,5.980262,11.756536,-0.14454588,0.25503606,-0.07895427,59.49375,-6.525,7.7250004,46.950733,0.3361091,49.741684,0.2955342,0.06253393,0.26467645,0.91580313,0.29888567,0.04379845,0.20647812,0.93065345,-1.0,0
1763544986970,1009.82025,-0.74835527,5.6039906,10.511071,0.040393434,0.23167047,0.10506874,57.093754,-7.4062505,8.493751,46.950733,0.3361091,49.741684,0.29433015,0.06501812,0.26600268,0.9156337,0.29783767,0.04637113,0.2078674,0.9305555,-1.0,0
1763544986995,1009.8361,0.69930243,5.3240304,7.5026956,0.006948587,-0.27244568,0.08093958,58.218754,-7.0312505,6.95625,46.950733,0.3361091,49.741684,0.2964389,0.06215626,0.26739877,0.91474503,0.29976633,0.043354344,0.20922998,0.92977595,-1.0,0
1763544987020,1009.8361,0.6119644,4.9938207,7.268797,-0.30825764,-0.10522146,-0.029016078,57.131252,-7.9125004,9.431251,46.950733,0.3361091,49.741684,0.294846,0.06006589,0.2670486,0.9155015,0.29803994,0.0414036,0.20894246,0.9304843,-1.0,0
1763544987045,1009.8217,-0.06999006,4.5649076,8.07458,-0.4982366,0.14981459,-0.06108648,57.281254,-7.2562504,7.6875005,46.950733,0.3361091,49.741684,0.29039502,0.05978506,0.267007,0.9169535,0.29357556,0.041435935,0.20891334,0.93190753,-1.0,0
1763544987071,1009.8139,-0.27517462,4.06062,7.919645,-0.03367392,0.06902772,0.22617269,58.18125,-6.3187504,10.012501,46.950733,0.3361091,49.741684,0.2841372,0.061182294,0.27003387,0.9179349,0.28741786,0.043222383,0.21186966,0.93307775,-1.0,0
1763544987097,1009.8139,0.50189453,4.101298,6.0113688,0.22136213,-0.12095123,0.3168861,59.906254,-5.86875,7.6312504,46.950733,0.3361091,49.741684,0.28582615,0.060186036,0.2723727,0.9167847,0.28904158,0.04211761,0.21426183,0.9320799,-1.0,0
1763544987122,1009.79584,1.4111671,4.366303,4.7808595,0.15661046,-0.21105379,0.25121814,59.8875,-7.2562504,9.88125,46.950733,0.3361091,49.741684,0.28819335,0.058146764,0.2742232,0.91562283,0.29127356,0.039951988,0.21624011,0.93102294,-1.0,0
1763544987148,1009.7524,0.5706882,4.1904306,5.3910294,-0.10224349,0.13790272,-0.14584397,58.256252,-7.425,9.3,46.950733,0.3361091,49.741684,0.28840083,0.056843102,0.2740907,0.91567904,0.29137948,0.03878373,0.2165703,0.9309625,-1.0,0
1763544987172,1009.7524,-0.6538388,4.2837505,5.9910297,-0.08681916,0.20784675,-0.16584979,58.312504,-7.9125004,8.85,46.950733,0.3361091,49.741684,0.28693637,0.05886083,0.2732367,0.9162667,0.29003716,0.040933352,0.21582484,0.9314626,-1.0,0
1763544987197,1009.7353,-1.346561,4.5391846,6.476773,0.065744326,-0.025198173,-0.06475167,59.4,-7.55625,9.01875,46.950733,0.3361091,49.741684,0.28696844,0.059800345,0.27242228,0.9164383,0.29013467,0.041819267,0.21484144,0.9316202,-1.0,0
1763544987223,1009.737,-0.99960166,5.5022955,6.7262244,0.12072215,-0.24846925,0.04856375,57.093754,-7.4062505,8.493751,46.950733,0.3361091,49.741684,0.29104087,0.057201702,0.27137306,0.9156308,0.29407018,0.03872417,0.21305957,0.930929,-1.0,0
1763544987249,1009.737,-0.43669012,5.681159,8.376076,0.033979353,-0.12110394,0.013439025,59.30625,-8.0625,8.75625,46.950733,0.3361091,49.741684,0.29192537,0.056058124,0.27091148,0.91555667,0.29489252,0.037434466,0.2123113,0.9308926,-1.0,0
1763544987274,1009.7343,-0.637089,5.8474603,9.033504,0.12637265,0.0009162972,0.06352994,59.86875,-7.6125,6.6562505,46.950733,0.3361091,49.741684,0.29282475,0.056318257,0.271125,0.9151902,0.29581442,0.03757577,0.21235488,0.9305844,-1.0,0
1763544987299,1009.7343,0.13339986,6.3403816,8.970094,0.18272492,-0.041844238,0.11804962,58.050003,-7.9125004,6.7125,46.950733,0.3361091,49.741684,0.29439092,0.056454264,0.27187154,0.9144576,0.29739583,0.03753445,0.21290441,0.92995626,-1.0,0
1763544987324,1009.7507,0.41814575,7.285547,8.42453,-0.041157015,0.032223117,-0.13179408,60.018753,-8.231251,7.9125004,46.950733,0.3361091,49.741684,0.29581624,0.057467364,0.27139607,0.91407573,0.29888737,0.038419936,0.21234702,0.92956924,-1.0,0
1763544987349,1009.7653,0.41635114,7.4805617,10.197612,-0.21800236,-0.053145237,-0.18799363,60.600002,-8.175,8.925,46.950733,0.3361091,49.741684,0.29437792,0.057183735,0.26975384,0.9150434,0.29743636,0.03820937,0.21058506,0.93044376,-1.0,0
1763544987375,1009.7653,0.5282156,7.3896346,11.474183,-0.14133884,-0.006872229,-0.19272783,59.23125,-7.6875005,9.20625,46.950733,0.3361091,49.741684,0.2928793,0.057207003,0.26797813,0.91604406,0.2959468,0.038293887,0.20863968,0.9313531,-1.0,0
1763544987401,1009.7968,2.1714866,6.832705,11.093724,0.04772381,-0.30695954,-0.1188132,58.443752,-9.50625,8.00625,46.950733,0.3361091,49.741684,0.29354045,0.054941777,0.2649676,0.9168465,0.29645455,0.036045745,0.20575625,0.9319226,-1.0,0
1763544987426,1009.82416,3.37388,6.105287,10.941181,-0.048792824,-0.20799945,-0.25625777,62.156254,-8.7375,5.71875,46.950733,0.3361091,49.741684,0.29387516,0.05281088,0.2625038,0.917573,0.2966363,0.034036957,0.20368843,0.93239444,-1.0,0
1763544987451,1009.82416,2.925824,5.341378,10.137193,-0.18684827,0.16065744,-0.49006626,58.968754,-9.075001,7.6125,46.950733,0.3361091,49.741684,0.29209486,0.053668976,0.25914973,0.9190439,0.29488307,0.035266597,0.20107138,0.9334723,-1.0,0
1763544987476,1009.83344,1.4787644,4.328018,9.896714,-0.2749655,0.15210533,-0.38621926,58.65,-7.6312504,9.88125,46.950733,0.3361091,49.741684,0.2843325,0.058823023,0.25310922,0.92283833,0.29108432,0.038804635,0.19850188,0.9350728,-1.0,0
1763544987502,1009.83344,1.8717855,4.0181475,9.175877,-0.11843141,-0.23121232,-0.33979353,60.112503,-7.7250004,8.19375,46.950733,0.3361091,49.741684,0.28275162,0.05778193,0.24985446,0.9242757,0.28573167,0.04055422,0.19342759,0.9377092,-1.0,0
1763544987527,1009.83246,2.2498515,4.0271206,8.026724,-0.11614066,-0.38866273,-0.3365865,59.662502,-7.7625003,8.231251,46.950733,0.3361091,49.741684,0.2823025,0.05462362,0.24606872,0.92561966,0.28506994,0.037597522,0.19012266,0.9387092,-1.0,0
1763544987553,1009.80927,1.8364913,4.5613184,7.811968,-0.24350597,0.0065667965,-0.50121456,58.687504,-6.1125,7.93125,46.950733,0.3361091,49.741684,0.27807137,0.052258104,0.23830435,0.92906207,0.28065413,0.035886776,0.18349694,0.9414214,-1.0,0
1763544987577,1009.80927,1.0911272,4.7018967,7.4219375,-0.124234624,0.032375835,-0.5534435,61.800003,-6.0375004,6.20625,46.950733,0.3361091,49.741684,0.27628022,0.0531706,0.23370111,0.9307125,0.2788962,0.037077915,0.1793976,0.9426869,-1.0,0
1763544987602,1009.7858,0.79860455,4.7222357,6.663413,0.051236283,0.024129158,-0.5517636,58.93125,-7.0875,8.118751,46.950733,0.3361091,49.741684,0.27599472,0.054738846,0.22891906,0.9318941,0.27868736,0.038765803,0.17491314,0.94352317,-1.0,0
1763544987627,1009.7858,0.77766734,4.679763,5.512465,0.17905974,-0.06444623,-0.5665771,59.475002,-6.5437503,8.8125,46.950733,0.3361091,49.741684,0.27728316,0.056074288,0.22373304,0.93269134,0.28004137,0.040088776,0.16990519,0.94398195,-1.0,0
1763544987652,1009.75775,0.82672024,4.618148,4.8490553,0.06879865,-0.12232567,-0.6572905,61.0875,-6.61875,6.7875004,46.950733,0.3361091,49.741684,0.2802315,0.057598345,0.21170652,0.93452287,0.2830572,0.041543726,0.15813532,0.945064,-1.0,0
1763544987677,1009.73553,0.97866446,4.706084,5.4089756,0.0063377223,-0.045662142,-0.6743947,58.912502,-6.3562503,9.31875,46.950733,0.3361091,49.741684,0.28048187,0.058750514,0.20551592,0.9357572,0.28336444,0.04273528,0.15206978,0.94591385,-1.0,0
1763544987702,1009.73553,0.7052845,4.936991,5.918647,-0.017333288,-0.064904384,-0.67760175,57.600002,-6.24375,10.21875,46.950733,0.3361091,49.741684,0.2803071,0.05997299,0.19929676,0.9370763,0.28324735,0.044043105,0.14604451,0.94683796,-1.0,0
1763544987727,1009.7204,0.590429,5.1960144,6.393622,0.013820816,-0.17516547,-0.64262974,60.506252,-5.925,6.3375,46.950733,0.3361091,49.741684,0.28047884,0.0603047,0.19304602,0.93831134,0.283427,0.044431467,0.1399576,0.947685,-1.0,0
1763544987752,1009.72797,1.4889339,5.9557357,7.7760754,0.058872093,-0.4647154,-0.6478221,59.643753,-5.1375003,6.6937504,46.950733,0.3361091,49.741684,0.28238526,0.056651868,0.17970222,0.9406148,0.28510475,0.040818304,0.12697522,0.9491714,-1.0,0
1763544987777,1009.72797,0.6939186,6.2470617,7.701898,0.099800035,-0.28053966,-0.64094985,57.45,-5.0062504,7.5375004,46.950733,0.3361091,49.741684,0.28377008,0.05519962,0.17286341,0.9415656,0.28638747,0.03942911,0.12055169,0.94968146,-1.0,0
1763544987803,1009.748,0.82672024,6.7686973,7.940582,-0.021762058,-0.23243405,-0.5369501,56.831253,-5.1937504,7.3125005,46.950733,0.3361091,49.741684,0.2837615,0.05244298,0.16139522,0.9437588,0.28620788,0.03682266,0.10946335,0.9511818,-1.0,0
1763544987828,1009.78143,2.0464616,6.8446693,10.813764,-0.14546217,-0.4506655,-0.7027999,59.568752,-3.91875,7.8750005,46.950733,0.3361091,49.741684,0.28300834,0.049330395,0.15420265,0.94535404,0.28526643,0.033915743,0.102727495,0.9523234,-1.0,0
1763544987854,1009.78143,1.0863415,6.77767,10.905888,-0.11262819,-0.13301581,-0.75212723,56.812504,-4.4437504,8.6625,46.950733,0.3361091,49.741684,0.28197494,0.048482176,0.14691158,0.9468667,0.28416318,0.033342067,0.096094094,0.9533654,-1.0,0
1763544987880,1009.78973,-0.06699903,6.8668027,9.71127,-0.093996815,0.18325943,-0.6734784,57.525,-4.6125,7.8187504,46.950733,0.3361091,49.741684,0.28057155,0.051325627,0.1411332,0.948012,0.28289324,0.036415994,0.090800844,0.95414907,-1.0,0
1763544987905,1009.81464,0.86919284,6.382256,10.682756,-0.2880991,-0.7322742,-0.69638586,56.5875,-4.21875,7.1250005,46.950733,0.3361091,49.741684,0.2773616,0.047350526,0.12775804,0.9510554,0.27946922,0.03268773,0.07752819,0.9564611,-1.0,0
1763544987930,1009.81464,0.7088737,5.150551,11.393425,-0.40813404,-0.5807797,-0.84528416,56.343754,-3.35625,6.01875,46.950733,0.3361091,49.741684,0.2744207,0.042702053,0.11871069,0.9532983,0.2762782,0.028293628,0.06869841,0.95820165,-1.0,0
1763544987955,1009.84076,-0.7746763,3.9296129,12.162119,-0.45639235,-0.13423753,-0.8287908,57.412502,-3.0187502,7.74375,46.950733,0.3361091,49.741684,0.26974514,0.041959304,0.110480115,0.9556522,0.27155685,0.02792647,0.060815908,0.9600929,-1.0,0
1763544987981,1009.84076,-1.0869397,4.222734,10.680962,0.130496,-0.5548179,-0.38713557,56.718754,-3.5812502,7.5375004,46.950733,0.3361091,49.741684,0.2659868,0.04075698,0.099433266,0.9579681,0.26774195,0.026913974,0.04964047,0.96183455,-1.0,0
1763544988006,1009.84344,-0.17587246,4.369294,8.885149,0.23419029,-0.8987348,-0.34681848,56.343754,-2.625,6.6000004,46.950733,0.3361091,49.741684,0.26834822,0.034017947,0.09382369,0.95813835,0.26975486,0.020007748,0.043837678,0.96172255,-1.0,0
1763544988031,1009.82733,0.025124637,4.36391,7.963912,0.03046688,-0.72860897,-0.375071,54.05625,-1.6125001,6.9375005,46.950733,0.3361091,49.741684,0.26954097,0.027663697,0.0882545,0.9585372,0.2706153,0.013599897,0.03825475,0.96183103,-1.0,0
1763544988056,1009.82733,-0.21296121,4.3968115,8.009376,-0.20273075,-0.10216714,-0.39431322,57.693752,-2.4750001,5.9812503,46.950733,0.3361091,49.741684,0.2661104,0.024356838,0.0799146,0.9603154,0.26921713,0.010739755,0.033837456,0.962425,-1.0,0
1763544988081,1009.80414,-0.76570326,4.5074797,7.320841,0.011682789,-0.2658789,-0.36942047,53.86875,-1.7625,7.425,46.950733,0.3361091,49.741684,0.26566344,0.023617165,0.075895205,0.96078354,0.2665302,0.009823465,0.026022451,0.96342516,-1.0,0
1763544988106,1009.7807,-0.23868406,4.59063,6.643672,0.14836378,-0.6820305,-0.30802858,52.612503,-2.025,8.962501,46.950733,0.3361091,49.741684,0.26716658,0.019116785,0.07131657,0.96081764,0.26779893,0.0052130446,0.021310747,0.963225,-1.0,0
1763544988131,1009.7807,0.67118675,4.6612186,5.9204416,0.11797326,-0.6038398,-0.3620901,52.7625,-2.11875,7.55625,46.950733,0.3361091,49.741684,0.26902205,0.013927819,0.06637079,0.9607435,0.26938236,-8.853981e-05,0.016292432,0.96289545,-1.0,0
1763544988156,1009.7482,-0.29012975,4.467998,6.882356,-0.24640758,-0.06307179,-0.5413789,53.906254,-2.25,7.2937503,46.950733,0.3361091,49.741684,0.26697278,0.012531977,0.05607174,0.9619898,0.2672638,-0.0012559774,0.006374723,0.96360147,-1.0,0
1763544988181,1009.7482,-0.5802595,4.4093738,7.990233,-0.039629854,-0.11499529,-0.48579022,53.775,-0.01875,7.33125,46.950733,0.3361091,49.741684,0.2659749,0.013047327,0.051165126,0.9625327,0.26629385,-0.00068681897,0.0014575757,0.96389055,-1.0,0
1763544988206,1009.74286,-0.86201435,4.7252264,6.960721,0.27160576,-0.2944368,-0.39614582,55.912502,-1.7812501,6.58125,46.950733,0.3361091,49.741684,0.26792967,0.012030612,0.046539176,0.96223855,0.26819342,-0.0018266628,-0.0032320784,0.9633579,-1.0,0
1763544988231,1009.7319,0.060418773,5.5334024,6.4528446,0.13141228,-0.42867437,-0.3420843,53.625004,-2.2687502,7.0125003,46.950733,0.3361091,49.741684,0.27302015,0.0064858207,0.037824977,0.9612425,0.27298832,-0.00771057,-0.01217757,0.96190935,-1.0,0
1763544988256,1009.7319,0.5617151,5.572884,7.835896,0.053221595,-0.44073895,-0.3743074,54.24375,-1.4625001,5.6625004,46.950733,0.3361091,49.741684,0.27407625,0.0035347727,0.033278886,0.9611255,0.27389002,-0.010703401,-0.016679449,0.9615568,-1.0,0
1763544988282,1009.7485,0.91106725,5.469394,9.148957,0.082084954,-0.4883864,-0.38820457,51.99375,-1.575,7.9125004,46.950733,0.3361091,49.741684,0.27503476,7.2492694e-05,0.02845917,0.961013,0.2746703,-0.014154133,-0.021288572,0.96119857,-1.0,0
1763544988307,1009.767,0.96729857,5.5112686,9.233903,0.06055197,-0.38347036,-0.51312643,53.41875,-0.43125,6.3187504,46.950733,0.3361091,49.741684,0.27717435,-0.006315066,0.017505253,0.96063936,0.27649042,-0.020458398,-0.031564523,0.96028024,-1.0,0
1763544988332,1009.767,0.3290131,6.014958,9.562916,-0.092927806,-0.30314165,-0.5109884,50.5875,-1.2375001,8.19375,46.950733,0.3361091,49.741684,0.27661443,-0.008025291,0.011945434,0.96087325,0.2758515,-0.022043677,-0.036801357,0.9602425,-1.0,0
1763544988357,1009.7851,-0.050249275,6.3517475,10.437492,-0.1051451,-0.35109454,-0.45310894,51.7125,-0.22500001,5.86875,46.950733,0.3361091,49.741684,0.27557886,-0.009877866,0.006732418,0.9612041,0.2747264,-0.023805184,-0.04189804,0.96031415,-1.0,0
1763544988382,1009.82587,0.4229314,6.8315086,11.252249,-0.06467531,-0.7779363,-0.33001968,51.300003,-0.13125001,5.2875004,46.950733,0.3361091,49.741684,0.27489105,-0.019086717,-0.003490142,0.9612796,0.27356967,-0.033000443,-0.052227076,0.9598661,-1.0,0
1763544988407,1009.82587,1.3633107,6.25424,12.4115715,-0.11919499,-0.6627883,-0.3697259,49.125004,-0.61875004,7.0875,46.950733,0.3361091,49.741684,0.2739384,-0.024792358,-0.008780146,0.9613875,0.27232718,-0.038662657,-0.057558812,0.95970315,-1.0,0
1763544988432,1009.8564,1.2975081,5.624928,12.829119,-0.11720968,-0.3414734,-0.4054615,50.11875,-0.13125001,6.01875,46.950733,0.3361091,49.741684,0.2726028,-0.027702637,-0.013615065,0.9616314,0.27085343,-0.04145032,-0.062218856,0.95971304,-1.0,0
1763544988458,1009.8564,0.93978107,5.1182475,12.537194,-0.02328922,-0.18509203,-0.3489565,47.850002,0.4875,8.38125,46.950733,0.3361091,49.741684,0.271681,-0.028787741,-0.017527957,0.961797,0.26988727,-0.0424285,-0.065925576,0.959695,-1.0,0
1763544988483,1009.85565,1.0307083,4.6037908,11.669198,0.2163225,-0.18661919,-0.24816382,49.575,0.16875,6.99375,46.950733,0.3361091,49.741684,0.27254283,-0.029822886,-0.020477558,0.9614632,0.2706993,-0.0434844,-0.068779096,0.9592187,-1.0,0
1763544988508,1009.821,1.4207385,4.4638104,6.77109,0.53672105,-0.2498437,-0.08429934,48.318752,0.41250002,6.3375,46.950733,0.3361091,49.741684,0.2804961,-0.0334125,-0.023556495,0.9589842,0.27847332,-0.047403403,-0.071503334,0.95660484,-1.0,0
1763544988533,1009.821,2.1062822,4.9214377,5.092525,0.35193446,-0.42653632,-0.17012584,49.331253,-1.21875,5.25,46.950733,0.3361091,49.741684,0.2842737,-0.036930144,-0.025594128,0.9576897,0.28208843,-0.051004827,-0.07313231,0.95523626,-1.0,0
1763544988558,1009.78265,0.9954142,4.686941,6.1064835,-0.14485131,-0.011300999,-0.5911644,46.631252,-1.25625,8.00625,46.950733,0.3361091,49.741684,0.28466198,-0.039961755,-0.03521165,0.9571472,0.28306174,-0.054178946,-0.07675203,0.9544893,-1.0,0
1763544988583,1009.7548,-0.0059820567,4.6205406,6.4408803,-0.014584397,0.067958705,-0.5387827,47.625,-1.63125,5.4375,46.950733,0.3361091,49.741684,0.2844115,-0.037821587,-0.040144354,0.95711446,0.2822756,-0.051389143,-0.08590235,0.9540967,-1.0,0
1763544988608,1009.7548,0.21535404,4.7832522,5.3856454,0.23419029,-0.1311832,-0.44287696,48.112503,-0.71250004,5.025,46.950733,0.3361091,49.741684,0.28630826,-0.037233144,-0.04452619,0.95637786,0.28419977,-0.050884403,-0.09021793,0.9531537,-1.0,0
1763544988634,1009.7226,0.6017949,5.0482574,4.2568316,0.24396412,-0.37690356,-0.45326167,48.412502,-1.3125,6.1125,46.950733,0.3361091,49.741684,0.28899735,-0.039099045,-0.049436223,0.95525277,0.28680122,-0.052851543,-0.09498478,0.9518034,-1.0,0
1763544988660,1009.7226,0.5371887,5.0596237,5.7338014,-0.12621993,-0.05894845,-0.52946705,47.60625,-1.0125,5.25,46.950733,0.3361091,49.741684,0.28991717,-0.04126258,-0.060249757,0.9542617,0.28764465,-0.05491018,-0.10525514,0.9503509,-1.0,0
1763544988686,1009.717,-0.10289137,5.1349974,6.5347986,-0.12087487,0.09544762,-0.46807513,46.74375,-0.8625,6.2625003,46.950733,0.3361091,49.741684,0.28918236,-0.03912188,-0.064594164,0.9542906,0.28702748,-0.052651618,-0.109312855,0.95020723,-1.0,0
1763544988711,1009.7194,0.15613168,5.45085,7.1431737,-0.008781182,-0.0736092,-0.3517054,49.125004,-0.95625,2.775,46.950733,0.3361091,49.741684,0.28909394,-0.03805126,-0.06810751,0.9541164,0.28699368,-0.051554337,-0.11273576,0.94987756,-1.0,0
1763544988736,1009.7194,0.41455653,6.142376,7.272386,0.107435845,-0.29061893,-0.35033095,48.600002,-0.41250002,5.5875,46.950733,0.3361091,49.741684,0.29130593,-0.041797392,-0.07580664,0.9527052,0.28904268,-0.055321716,-0.12010354,0.9481397,-1.0,0
1763544988761,1009.73236,-0.25124636,6.161518,8.2014,-0.016416991,-0.0140498895,-0.28145593,45.693752,-0.95625,5.925,46.950733,0.3361091,49.741684,0.29167125,-0.04196769,-0.078937866,0.95233154,0.28941372,-0.055435494,-0.12297379,0.94765186,-1.0,0
1763544988786,1009.7546,-0.6448657,6.3343997,9.513863,0.017791437,0.23900084,-0.09224058,45.28125,-0.88125,5.175,46.950733,0.3361091,49.741684,0.29193267,-0.039488513,-0.079698704,0.9522941,0.28979066,-0.05296623,-0.12371617,0.9475813,-1.0,0
1763544988812,1009.7546,-0.22671995,6.666404,9.792028,0.2532798,0.011453714,0.074830934,45.225002,-1.8750001,5.71875,46.950733,0.3361091,49.741684,0.2937557,-0.03857435,-0.07901069,0.9518282,0.29164454,-0.05219074,-0.12318028,0.94712526,-1.0,0
1763544988837,1009.7758,1.3334004,7.3974113,8.996415,0.16500984,-0.3008509,-0.0490219,45.862503,-1.575,6.39375,46.950733,0.3361091,49.741684,0.2987936,-0.04477671,-0.07954115,0.9499424,0.29638645,-0.058631368,-0.123656735,0.94521236,-1.0,0
1763544988862,1009.7758,0.19202402,7.373483,9.746565,-0.1419497,0.098654665,-0.15195261,48.2625,-2.41875,1.8750001,46.950733,0.3361091,49.741684,0.29843974,-0.044641253,-0.0808557,0.9499491,0.29606605,-0.05834398,-0.12453722,0.945215,-1.0,0
1763544988887,1009.8024,0.15613168,6.8925257,12.045469,-0.27343833,0.049480047,0.027183482,46.59375,-0.35625002,3.61875,46.950733,0.3361091,49.741684,0.29338342,-0.039788056,-0.08042623,0.95177454,0.29123512,-0.053282402,-0.12425547,0.94705,-1.0,0
1763544988912,1009.8383,0.51146585,5.8630137,12.276975,-0.07002038,-0.11514801,-0.07437278,46.74375,-0.8625,6.58125,46.950733,0.3361091,49.741684,0.29197964,-0.040576413,-0.08132795,0.9520962,0.2897885,-0.054047957,-0.12531102,0.9473112,-1.0,0
1763544988937,1009.8383,-0.55513483,5.3306108,10.600802,0.07612903,0.20815217,-0.022907428,47.15625,-1.06875,5.6062503,46.950733,0.3361091,49.741684,0.29209816,-0.039412875,-0.08153725,0.9520908,0.28996104,-0.052889682,-0.12551506,0.9472968,-1.0,0
1763544988963,1009.8278,-0.28414768,5.4873405,8.666803,0.11797326,0.30695954,0.12034036,47.568752,-2.0062501,4.3875003,46.950733,0.3361091,49.741684,0.29295465,-0.036538877,-0.079698615,0.95209795,0.2909377,-0.050127633,-0.123904146,0.9473596,-1.0,0
1763544988988,1009.8078,0.023330022,5.194818,6.4181485,-0.13706279,-0.13545926,-0.0009162972,47.5125,-0.76875,4.6312504,46.950733,0.3361091,49.741684,0.29311416,-0.036813203,-0.07860803,0.952129,0.2910764,-0.05045454,-0.122964144,0.94742215,-1.0,0
1763544989014,1009.8078,-0.16749759,4.8035913,7.056434,-0.39805475,-0.027030766,-0.07956514,47.8875,-0.46875003,3.4875002,46.950733,0.3361091,49.741684,0.29010355,-0.03694662,-0.079578556,0.9529649,0.2880668,-0.050424583,-0.12389789,0.9482216,-1.0,0
1763544989039,1009.79193,-0.6011967,4.4207397,8.253444,-0.4258491,0.102014415,-0.031154104,45.91875,-0.5625,6.1875005,46.950733,0.3361091,49.741684,0.28613335,-0.03564108,-0.08003597,0.9541759,0.28416523,-0.048915252,-0.1243437,0.9494188,-1.0,0
1763544989064,1009.7607,-0.2745764,4.339384,7.0576305,0.09521855,-0.031154104,0.24969098,45.393753,-0.99375004,5.9437504,46.950733,0.3361091,49.741684,0.28372648,-0.03482603,-0.077156074,0.95516145,0.2817771,-0.048116755,-0.12194338,0.95048213,-1.0,0
1763544989089,1009.7607,0.24765715,4.438088,5.8414783,0.21433719,-0.13179408,0.26816964,45.46875,-1.48125,5.1937504,46.950733,0.3361091,49.741684,0.2853353,-0.03665515,-0.07498047,0.95478696,0.28328958,-0.050068393,-0.119916804,0.95018953,-1.0,0
1763544989114,1009.7392,0.59342,4.6564326,5.382056,0.17417282,-0.0810923,0.2122755,46.987503,-0.45000002,5.6062503,46.950733,0.3361091,49.741684,0.2869866,-0.038357772,-0.07303244,0.95437604,0.28486186,-0.05182967,-0.11789382,0.9498781,-1.0,0
1763544989139,1009.7392,0.1471586,4.9692945,6.209973,-0.06589704,-0.022754714,0.0042760535,46.987503,-0.45000002,5.2875004,46.950733,0.3361091,49.741684,0.2878809,-0.039308853,-0.07165477,0.9541724,0.2859092,-0.05251329,-0.116499566,0.9496979,-1.0,0
1763544989166,1009.72894,-0.20937198,4.7545385,7.559525,0.023900084,-0.023365578,-0.045967575,46.48125,-2.3625002,3.1312501,46.950733,0.3361091,49.741684,0.28792557,-0.039388556,-0.07209644,0.95412236,0.28578216,-0.052736536,-0.11639196,0.94973695,-1.0,0
1763544989191,1009.7314,-0.9726824,4.744369,7.517052,0.22563818,-0.09422589,0.014813471,46.800003,-0.6,5.4750004,46.950733,0.3361091,49.741684,0.28955007,-0.040001933,-0.0723791,0.9535837,0.28737605,-0.05342646,-0.11665474,0.9491851,-1.0,0
1763544989216,1009.7314,0.27218357,5.651249,8.149954,0.2607629,-0.16814053,0.18829907,45.956253,-1.29375,4.51875,46.950733,0.3361091,49.741684,0.29400894,-0.04399097,-0.07049902,0.95218354,0.2895221,-0.055515096,-0.116286814,0.9484579,-1.0,0
1763544989242,1009.7399,0.39900318,5.8857455,8.330014,0.2625955,-0.18570289,0.13240494,46.4625,-1.63125,5.1000004,46.950733,0.3361091,49.741684,0.29629263,-0.046059024,-0.06954904,0.9514474,0.29378977,-0.059986196,-0.11435888,0.9471068,-1.0,0
1763544989267,1009.76385,0.38883367,5.925227,8.940184,0.17432554,-0.2942841,0.108581215,46.8375,-1.3312501,3.5062501,46.950733,0.3361091,49.741684,0.29792672,-0.04901347,-0.06925249,0.9508109,0.2952863,-0.062997095,-0.11397703,0.9464917,-1.0,0
1763544989292,1009.76385,0.7716853,6.6352973,10.200005,0.05948296,-0.0019853106,0.041538805,47.60625,-1.2375001,2.34375,46.950733,0.3361091,49.741684,0.29900938,-0.051806413,-0.06833459,0.9503893,0.2962405,-0.065818414,-0.1129779,0.9461213,-1.0,0
1763544989317,1009.7902,0.26021945,6.8859453,10.027721,0.07460186,-0.10216714,0.03252855,45.84375,-2.5500002,4.4437504,46.950733,0.3361091,49.741684,0.2994811,-0.052497067,-0.06819194,0.95021313,0.2966867,-0.06649707,-0.112720504,0.9459647,-1.0,0
1763544989343,1009.7902,0.3786642,6.8536425,9.927223,0.02527453,-0.3187187,0.07880156,48.825,-1.6125001,3.3000002,46.950733,0.3361091,49.741684,0.29968095,-0.055074736,-0.06840951,0.94998854,0.2967619,-0.0690961,-0.11297452,0.9457245,-1.0,0
1763544989369,1009.8134,1.0971092,6.6681986,10.551151,-0.11522437,-0.3715585,0.12690715,47.4,-1.40625,4.0687504,46.950733,0.3361091,49.741684,0.29864046,-0.05871887,-0.06850015,0.9500914,0.29554355,-0.07271881,-0.11317066,0.945811,-1.0,0
1763544989394,1009.8393,2.5962126,5.654838,11.548959,-0.21571162,0.11804962,-0.06551525,43.987503,-0.88125,3.9375002,46.950733,0.3361091,49.741684,0.29395938,-0.06092634,-0.06853437,0.9514089,0.29078472,-0.07462165,-0.11300073,0.94715714,-1.0,0
1763544989419,1009.8393,1.649253,5.204389,10.512866,-0.15004367,0.18264857,-0.19868377,46.2,-2.15625,5.925,46.950733,0.3361091,49.741684,0.29222432,-0.058787808,-0.06952855,0.9520056,0.28918213,-0.07228256,-0.113622986,0.94775456,-1.0,0
1763544989444,1009.8349,1.3357933,4.631308,10.17847,-0.0570395,-0.08567379,-0.19883649,44.568752,-0.71250004,6.3375,46.950733,0.3361091,49.741684,0.29106292,-0.058403324,-0.071352996,0.95225006,0.28805974,-0.07176455,-0.11519336,0.9479462,-1.0,0
1763544989469,1009.81464,1.4841483,3.7411783,7.719844,0.052305296,-0.10613775,-0.23991714,44.5875,-1.44375,4.9875,46.950733,0.3361091,49.741684,0.29133275,-0.061640915,-0.07642932,0.9515693,0.2881978,-0.07494273,-0.12000807,0.9470605,-1.0,0
1763544989495,1009.81464,0.66041905,3.9176488,6.6257257,-0.0730747,0.2376264,-0.22327107,47.7,-1.3687501,3.5625002,46.950733,0.3361091,49.741684,0.2908142,-0.05965885,-0.0780778,0.9517205,0.28778905,-0.072866514,-0.12142333,0.94716644,-1.0,0
1763544989520,1009.7756,0.21774685,4.4524446,5.918647,-0.12545635,0.32681265,-0.16157374,45.1875,-1.2750001,6.3,46.950733,0.3361091,49.741684,0.28984988,-0.05601515,-0.07874276,0.95218116,0.28700235,-0.06913965,-0.12196679,0.9476146,-1.0,0
1763544989546,1009.7338,-0.019740786,4.8975096,5.2660046,-0.054443322,0.06582068,-0.1432478,46.10625,-1.1625,5.11875,46.950733,0.3361091,49.741684,0.28913006,-0.05560642,-0.081532046,0.9521892,0.28666493,-0.06714933,-0.12288146,0.9477417,-1.0,0
1763544989571,1009.7338,0.8153543,5.279763,5.776872,-0.14072797,-0.26267186,-0.13942988,45.600002,-0.82500005,4.0687504,46.950733,0.3361091,49.741684,0.28823042,-0.057910442,-0.0836637,0.95213974,0.28531405,-0.07089633,-0.12667154,0.9473774,-1.0,0
1763544989596,1009.71063,0.91465646,5.24088,6.6107707,-0.18959716,0.0386372,-0.20677772,45.16875,-3.6375,5.5125003,46.950733,0.3361091,49.741684,0.28689572,-0.057655696,-0.08559586,0.9523865,0.28401214,-0.07050138,-0.12834579,0.9475727,-1.0,0
1763544989621,1009.71063,0.32542387,5.3443694,6.879365,-0.12240203,0.18723005,-0.2622137,45.61875,-0.82500005,3.3000002,46.950733,0.3361091,49.741684,0.28600788,-0.055256963,-0.087447345,0.95262754,0.2832557,-0.067971006,-0.12989128,0.9477734,-1.0,0
1763544989646,1009.70575,-0.11006984,5.5459647,7.368099,0.19509494,-0.24312419,-0.123089254,45.43125,-0.975,4.55625,46.950733,0.3361091,49.741684,0.28762522,-0.055897653,-0.09150619,0.9517215,0.28485006,-0.06865314,-0.13380548,0.9467013,-1.0,0
1763544989671,1009.706,0.0029910284,5.6261244,7.0265236,0.30352345,-0.15500695,-0.037873615,44.775,-1.29375,4.4812503,46.950733,0.3361091,49.741684,0.29026562,-0.05779501,-0.09256192,0.9507039,0.28740135,-0.070674255,-0.1348413,0.9456339,-1.0,0
1763544989696,1009.706,0.012562319,5.9007006,6.8339014,0.23877177,0.17653993,0.07910699,45.84375,0.31875002,3.5062501,46.950733,0.3361091,49.741684,0.29287446,-0.05712894,-0.091744736,0.950023,0.29003853,-0.07012002,-0.13397798,0.9449925,-1.0,0
1763544989721,1009.71625,0.92303133,6.6556363,8.375478,0.45532334,-0.11026109,0.15699224,44.025,-2.11875,4.3125,46.950733,0.3361091,49.741684,0.29927924,-0.056244064,-0.08794282,0.948438,0.29648548,-0.06948257,-0.12998573,0.94359535,-1.0,0
1763544989746,1009.73553,1.1216356,7.0169525,8.407183,0.46082112,-0.332005,0.15577053,44.53125,-0.95625,5.8875003,46.950733,0.3361091,49.741684,0.30349487,-0.06000603,-0.08715933,0.946939,0.3005433,-0.07337291,-0.12896349,0.9421563,-1.0,0
1763544989771,1009.73553,1.963311,7.288538,9.268001,0.25999933,-0.1962403,0.11530073,43.48125,-2.5500002,5.4750004,46.950733,0.3361091,49.741684,0.30621937,-0.063121825,-0.08640242,0.9459281,0.30314514,-0.07653559,-0.12794344,0.94120973,-1.0,0
1763544989796,1009.77167,0.43728834,7.132406,10.44168,0.22166756,0.43340856,-0.12950334,42.99375,-3.4875002,5.8875003,46.950733,0.3361091,49.741684,0.309717,-0.0595974,-0.08595874,0.945058,0.30468866,-0.07634122,-0.12726057,0.9408196,-1.0,0
1763544989821,1009.77167,-0.7256235,7.6426754,8.595617,0.21036656,0.3688096,-0.021685699,46.29375,-3.99375,3.7125,46.950733,0.3361091,49.741684,0.31211576,-0.055781227,-0.08501898,0.9445867,0.30942264,-0.06917675,-0.125637,0.94004655,-1.0,0
1763544989846,1009.7885,0.083748795,7.743174,8.747561,-0.04130973,-0.058032155,0.0073303776,46.59375,-3.2062502,3.4875002,46.950733,0.3361091,49.741684,0.31257862,-0.05505936,-0.084726505,0.94450223,0.30990103,-0.06854395,-0.12554878,0.9399471,-1.0,0
1763544989871,1009.81464,-0.4660022,5.154738,10.746765,-0.35926485,0.18493931,-0.36361727,45.600002,-3.075,3.8812501,46.950733,0.3361091,49.741684,0.30783054,-0.054767653,-0.08993549,0.94559634,0.30517682,-0.06801644,-0.13070634,0.94082767,-1.0,0
1763544989896,1009.81464,-1.8526429,4.5062833,10.165309,-0.35300347,0.5829177,-0.20784675,45.1875,-2.25,3.8812501,46.950733,0.3361091,49.741684,0.30463317,-0.04878357,-0.0910554,0.9468515,0.3022305,-0.061951045,-0.13203913,0.9420109,-1.0,0
1763544989921,1009.8205,-1.878964,4.636094,9.366106,-0.24793474,0.42134398,0.005497783,47.475002,-2.49375,3.3375,46.950733,0.3361091,49.741684,0.30201697,-0.043090176,-0.09022578,0.9480445,0.2998235,-0.056363724,-0.13193582,0.9431447,-1.0,0
1763544989947,1009.8205,-1.0594223,4.727021,8.649456,-0.050472703,-0.16065744,0.102014415,45.487503,-0.71250004,3.7687502,46.950733,0.3361091,49.741684,0.3006711,-0.042884625,-0.08973145,0.94852835,0.29844695,-0.056317106,-0.13215274,0.9435536,-1.0,0
1763544989971,1009.8039,-0.24705894,4.791029,6.91107,-0.19967642,-0.19730933,0.14019346,45.9375,-1.5375,2.68125,46.950733,0.3361091,49.741684,0.2983542,-0.048931852,-0.08975177,0.94896525,0.2958151,-0.062473793,-0.1328926,0.94389087,-1.0,0
1763544989996,1009.7924,-0.078963146,4.557131,7.1694946,-0.35437793,0.13927718,0.1847866,47.04375,-1.1625,1.9312501,46.950733,0.3361091,49.741684,0.29531345,-0.04843548,-0.08820249,0.9500865,0.292794,-0.06186853,-0.13149,0.9450684,-1.0,0
1763544990021,1009.7924,0.30269206,4.323232,7.597212,-0.2551124,0.2753473,0.2093739,45.956253,-1.9312501,4.70625,46.950733,0.3361091,49.741684,0.29257688,-0.046157584,-0.085683726,0.95127624,0.29016197,-0.059479255,-0.12906472,0.946367,-1.0,0
1763544990047,1009.779,0.009571291,4.262215,6.579664,-0.021762058,0.107054055,0.18280129,46.0875,-0.65625,4.1625004,46.950733,0.3361091,49.741684,0.29184532,-0.045044,-0.08354562,0.95174444,0.28948078,-0.058339786,-0.12697111,0.94692963,-1.0,0
1763544990072,1009.7607,-0.09272188,4.4572306,6.2195444,-0.07811433,0.043218683,0.27504188,45.99375,-1.6875001,6.24375,46.950733,0.3361091,49.741684,0.29116166,-0.04663506,-0.079453714,0.9522275,0.2887222,-0.059912015,-0.12295179,0.9475932,-1.0,0
1763544990097,1009.7607,0.19142582,4.659424,6.7381887,0.0034361144,0.15989386,0.30619597,44.362503,-1.8375001,5.34375,46.950733,0.3361091,49.741684,0.2909254,-0.045961894,-0.07627832,0.952592,0.2885145,-0.059240796,-0.11983603,0.9480977,-1.0,0
1763544990122,1009.7458,0.43788654,5.4723854,6.081957,0.24426955,-0.072540194,0.20311254,47.7,-0.61875004,3.825,46.950733,0.3361091,49.741684,0.2942731,-0.046872336,-0.071087874,0.9519206,0.2918229,-0.060274933,-0.11452705,0.94767606,-1.0,0
1763544990148,1009.74994,0.06819545,6.000601,6.4480586,0.16500984,-0.11942407,0.10461059,48.675003,-2.49375,1.66875,46.950733,0.3361091,49.741684,0.29606238,-0.04858998,-0.070216395,0.95134413,0.29354337,-0.062017854,-0.1134536,0.9471612,-1.0,0
1763544990173,1009.74994,-0.30029923,6.1675005,7.11446,0.08391755,-0.008857539,0.091629714,46.0875,-1.1812501,6.1875005,46.950733,0.3361091,49.741684,0.29722327,-0.04916616,-0.06948532,0.95100623,0.29468486,-0.06260831,-0.11258586,0.9468714,-1.0,0
1763544990198,1009.7514,0.06999006,6.1938214,7.8981094,0.081779525,-0.030237807,0.090560704,46.59375,-1.7437501,4.78125,46.950733,0.3361091,49.741684,0.29811427,-0.049395014,-0.068651855,0.950776,0.2955609,-0.06289468,-0.11179822,0.9466727,-1.0,0
1763544990223,1009.7514,1.1353943,6.446862,9.649057,0.057497647,-0.30100363,-0.023060145,46.575,-1.7437501,5.86875,46.950733,0.3361091,49.741684,0.2995059,-0.05424039,-0.06954448,0.95000935,0.29672605,-0.06781938,-0.11272223,0.9458583,-1.0,0
1763544990248,1009.77606,0.6753742,6.588039,9.908679,0.02573268,0.102472566,-0.09957096,47.8125,-1.7062501,2.025,46.950733,0.3361091,49.741684,0.29980206,-0.054227363,-0.07038888,0.9498545,0.2970353,-0.06776361,-0.11337967,0.94568664,-1.0,0
1763544990274,1009.7951,-0.14476576,7.126424,9.781859,-0.011377357,0.25320345,-0.0594066,47.775,-3.2250001,3.5062501,46.950733,0.3361091,49.741684,0.29988855,-0.05148282,-0.0702599,0.94998944,0.29725394,-0.064990096,-0.1131433,0.9458409,-1.0,0
1763544990299,1009.7951,0.65084773,6.9338017,10.517054,0.131565,-0.22953244,-0.002290743,46.6875,-1.21875,4.4437504,46.950733,0.3361091,49.741684,0.3010009,-0.05273563,-0.0710066,0.94951326,0.2974482,-0.064484194,-0.11333749,0.9457912,-1.0,0
1763544990324,1009.81805,1.026521,6.5694947,10.383056,0.07735075,-0.23457208,0.009468404,46.706253,-1.21875,3.6562502,46.950733,0.3361091,49.741684,0.30163273,-0.054963935,-0.07162081,0.94914025,0.2988228,-0.068617105,-0.11468763,0.9449039,-1.0,0
1763544990349,1009.8354,1.8867407,6.079564,10.499705,-0.0017562362,-0.15974113,-0.033902995,45.131252,-3.24375,3.7875001,46.950733,0.3361091,49.741684,0.30150026,-0.056677494,-0.0722273,0.9490356,0.29861748,-0.0703019,-0.11522235,0.9447799,-1.0,0
1763544990376,1009.8354,0.81894356,4.8652067,10.546964,-0.22365287,-0.08002329,-0.19211698,46.85625,-0.5625,2.53125,46.950733,0.3361091,49.741684,0.29828456,-0.05708599,-0.07586573,0.9497431,0.29542315,-0.07041044,-0.11839762,0.94538325,-1.0,0
1763544990402,1009.8442,0.77647096,4.3872404,10.755139,-0.07475458,-0.24541493,-0.076052666,47.006252,-0.45000002,4.51875,46.950733,0.3361091,49.741684,0.29655728,-0.05857832,-0.07748803,0.9500621,0.2936301,-0.07182631,-0.12004073,0.9456281,-1.0,0
1763544990427,1009.82855,0.99960166,4.3908296,8.963513,0.07078396,-0.2828304,0.017867794,47.775,-1.10625,2.9250002,46.950733,0.3361091,49.741684,0.29626277,-0.061159477,-0.07829603,0.94992507,0.2932061,-0.0744466,-0.12101898,0.94543236,-1.0,0
1763544990452,1009.82855,1.1318051,4.336991,7.3232336,-0.21952952,0.026267186,-0.029932374,44.49375,-1.95,4.40625,46.950733,0.3361091,49.741684,0.29361922,-0.06387561,-0.078953795,0.9505125,0.29045904,-0.07697966,-0.12150322,0.9460151,-1.0,0
1763544990477,1009.7934,0.39960137,4.2502513,7.172486,-0.21784966,0.24587308,-0.034819294,45.581253,-0.20625001,4.18125,46.950733,0.3361091,49.741684,0.29147398,-0.061834782,-0.07883685,0.9513171,0.2884284,-0.07476422,-0.12115836,0.946858,-1.0,0
1763544990502,1009.7934,-0.0951147,4.3561335,6.4277196,-0.05459604,0.29016078,0.048716467,45.037502,-0.01875,4.70625,46.950733,0.3361091,49.741684,0.29061037,-0.05902904,-0.077848695,0.95184076,0.28769368,-0.071910776,-0.12015499,0.9474302,-1.0,0
1763544990527,1009.75995,0.34037903,4.7306104,5.532804,0.12912154,0.109650224,0.12049308,45.05625,-0.52500004,5.34375,46.950733,0.3361091,49.741684,0.2914417,-0.057714257,-0.07632903,0.9517902,0.28857625,-0.07066071,-0.11872126,0.9474366,-1.0,0
1763544990552,1009.7194,1.2257234,5.0865426,4.5601215,0.0045051277,-0.13530655,-0.08552107,47.71875,0.01875,1.7812501,46.950733,0.3361091,49.741684,0.2940822,-0.06022745,-0.0765592,0.95080334,0.29112926,-0.073180854,-0.118554845,0.94648457,-1.0,0
1763544990578,1009.7194,1.174876,5.035695,6.2512493,-0.17524183,0.056810424,-0.20509785,43.631252,-1.1625,4.4437504,46.950733,0.3361091,49.741684,0.29319286,-0.0598031,-0.07824245,0.9509677,0.29029468,-0.0725772,-0.11978598,0.9466324,-1.0,0
1763544990602,1009.7165,0.3792624,4.9214377,7.765308,-0.0938441,0.21945317,-0.2122755,48.375004,-1.5562501,5.0437503,46.950733,0.3361091,49.741684,0.29240286,-0.0574791,-0.07977131,0.95122725,0.2896373,-0.07009646,-0.12091807,0.9468767,-1.0,0
1763544990629,1009.7148,0.42053857,5.5513487,7.41117,0.45547605,0.09529491,0.076052666,46.706253,-0.69375,1.3125,46.950733,0.3361091,49.741684,0.29727814,-0.054152433,-0.07915539,0.94996196,0.29465336,-0.06697891,-0.12023097,0.94564146,-1.0,0
1763544990655,1009.7148,1.1228321,6.157929,6.736394,0.5237402,0.020922119,0.09880738,44.23125,-3.2250001,4.8,46.950733,0.3361091,49.741684,0.3020573,-0.054536074,-0.07785873,0.9485385,0.2994115,-0.06756887,-0.118872754,0.9442756,-1.0,0
1763544990681,1009.7116,1.274178,6.6089764,6.576673,0.40065095,0.017409647,0.029016078,44.193752,-2.71875,4.6312504,46.950733,0.3361091,49.741684,0.30633754,-0.05500929,-0.077052526,0.9472034,0.30368835,-0.068132974,-0.11771734,0.9430132,-1.0,0
1763544990706,1009.7436,1.6606189,6.6215386,9.673584,0.04925097,0.14950916,-0.19746204,46.21875,-3.5062501,4.93125,46.950733,0.3361091,49.741684,0.3094642,-0.053694904,-0.07818967,0.94616866,0.30693102,-0.06666767,-0.11792928,0.9420411,-1.0,0
1763544990731,1009.7436,0.59342,6.506683,9.565907,0.084070265,0.2695441,-0.24449863,47.081253,-1.5562501,3.9562502,46.950733,0.3361091,49.741684,0.31046262,-0.051047165,-0.079568766,0.94587314,0.30806994,-0.06391995,-0.11885349,0.9417436,-1.0,0
1763544990756,1009.76337,-0.23030917,7.0408807,9.303893,0.0353538,0.31459537,-0.14309508,46.40625,-2.625,4.5375004,46.950733,0.3361091,49.741684,0.31108516,-0.047818545,-0.080161326,0.9457873,0.30883926,-0.060653888,-0.11924031,0.94165874,-1.0,0
1763544990781,1009.76337,-0.32841492,8.048259,8.377272,-0.25999933,0.0016798781,-0.048716467,44.49375,-3.43125,4.0125003,46.950733,0.3361091,49.741684,0.30984578,-0.043359373,-0.080139145,0.9464108,0.30777755,-0.05619104,-0.11937803,0.94226557,-1.0,0
1763544990806,1009.7758,-0.20757736,6.982855,10.28495,-0.47334385,-0.25534147,-0.10415245,46.518753,-1.3687501,4.6125,46.950733,0.3361091,49.741684,0.30616498,-0.044713046,-0.081926,0.94739217,0.30404466,-0.05738564,-0.12118852,0.94317394,-1.0,0
1763544990831,1009.80853,-0.5940182,5.5274205,11.626127,-0.5443569,-0.08124501,-0.09987639,46.21875,-2.15625,4.8562503,46.950733,0.3361091,49.741684,0.30121055,-0.0453085,-0.08370421,0.94879556,0.29906517,-0.05779851,-0.12309808,0.9444926,-1.0,0
1763544990856,1009.80853,-1.4129617,4.578068,11.69193,-0.41882417,0.3271181,0.010079269,45.975002,-1.9125,4.40625,46.950733,0.3361091,49.741684,0.29676765,-0.042414725,-0.08359129,0.95033807,0.2947291,-0.054816075,-0.123349994,0.9459993,-1.0,0
1763544990881,1009.8283,-0.22073789,5.5016975,9.802198,0.05337431,-0.19456044,0.3743074,48.225002,-0.1875,3.9,46.950733,0.3361091,49.741684,0.29302937,-0.03986443,-0.078017324,0.95208085,0.2910313,-0.052499168,-0.119117014,0.9478163,-1.0,0
1763544990906,1009.81464,0.40079778,5.690132,7.331609,0.11797326,-0.34926194,0.27962336,44.98125,-1.03125,4.6125,46.950733,0.3361091,49.741684,0.29373503,-0.043892037,-0.0762656,0.9518281,0.29154268,-0.05665373,-0.11768168,0.9475992,-1.0,0
1763544990931,1009.81464,0.67477596,5.649454,6.3254266,-0.24335326,-0.12538,0.17684536,48.506252,0.3375,2.9250002,46.950733,0.3361091,49.741684,0.292278,-0.04618233,-0.07501581,0.95226747,0.28999397,-0.058845036,-0.11634334,0.948106,-1.0,0
1763544990956,1009.79877,0.35353956,4.6612186,8.608778,-0.41576985,0.17883067,-0.022907428,46.0875,-0.65625,3.6937501,46.950733,0.3361091,49.741684,0.2838282,-0.043304216,-0.07396699,0.95503676,0.28170186,-0.055477418,-0.11499432,0.9509693,-1.0,0
1763544990981,1009.79877,0.23748764,4.3465624,7.664211,-0.106977694,0.091477,-0.029168794,47.30625,0.3375,3.9750001,46.950733,0.3361091,49.741684,0.28209156,-0.04206331,-0.07399797,0.95560414,0.2800226,-0.05415086,-0.11500867,0.9515398,-1.0,0
1763544991006,1009.7812,0.12203395,4.215555,5.9270215,0.056581352,0.06429352,-0.020922119,47.34375,-0.16875,4.4625,46.950733,0.3361091,49.741684,0.2823355,-0.04138892,-0.07404523,0.95555794,0.28029448,-0.053491727,-0.115068,0.95148987,-1.0,0
1763544991032,1009.759,0.29790643,4.2311087,5.2516475,-0.0297033,-0.047494736,0.026572619,44.71875,-0.056250002,5.1937504,46.950733,0.3361091,49.741684,0.28279853,-0.041058566,-0.07371008,0.95546114,0.28077814,-0.053145688,-0.11460731,0.9514223,-1.0,0
1763544991057,1009.759,0.503091,4.3932223,5.7547383,0.012904518,-0.14798199,-0.025198173,47.175003,1.1812501,5.025,46.950733,0.3361091,49.741684,0.28286654,-0.04225814,-0.07410372,0.9553582,0.28080302,-0.054303613,-0.11484898,0.9513204,-1.0,0
1763544991084,1009.73724,-0.11365908,4.679165,5.8241305,0.014278964,-0.12553272,-0.092087865,46.425003,0.35625002,5.30625,46.950733,0.3361091,49.741684,0.2831488,-0.043415252,-0.07524144,0.9551338,0.28104696,-0.055414297,-0.11578168,0.9510712,-1.0,0
1763544991109,1009.7275,-0.3499503,5.1158547,7.880163,0.087888174,-0.21838416,-0.045203995,48.43125,0.71250004,2.7562501,46.950733,0.3361091,49.741684,0.2836155,-0.045467257,-0.07728038,0.954737,0.28142533,-0.057487555,-0.11781293,0.9505867,-1.0,0
1763544991135,1009.7275,-0.31465617,5.5710893,7.798807,0.15279256,-0.29810202,-0.044745844,47.68125,-0.63750005,5.2312503,46.950733,0.3361091,49.741684,0.28486204,-0.047932614,-0.0784502,0.9541497,0.28255653,-0.060047496,-0.119104005,0.94993174,-1.0,0
1763544991161,1009.736,-0.6430711,5.890531,8.355737,0.045891218,-0.25961754,-0.035124727,44.287502,-1.48125,5.7937503,46.950733,0.3361091,49.741684,0.28544587,-0.050284002,-0.07968227,0.95375204,0.28303105,-0.062459785,-0.12044585,0.94946563,-1.0,0
1763544991186,1009.7641,0.044865426,6.0113688,10.220942,0.076739885,-0.097432934,0.04856375,46.350002,-1.5,4.4812503,46.950733,0.3361091,49.741684,0.28560445,-0.05274295,-0.08004161,0.9535416,0.28305414,-0.0650543,-0.12123525,0.949184,-1.0,0
1763544991211,1009.7641,-0.37986058,6.6221366,8.926425,0.058261227,-0.023823727,0.0537561,47.49375,1.2375001,3.43125,46.950733,0.3361091,49.741684,0.28620175,-0.053112704,-0.0797053,0.95337015,0.2836253,-0.0654911,-0.121030815,0.94900954,-1.0,0
1763544991236,1009.7817,-0.3804588,7.1389866,8.961121,-0.16775873,-0.13271037,0.051618073,43.85625,-0.01875,4.96875,46.950733,0.3361091,49.741684,0.2851791,-0.053736787,-0.079541065,0.9536553,0.28256404,-0.066123635,-0.121058695,0.94927865,-1.0,0
1763544991261,1009.7817,-0.15074782,7.045666,10.830514,-0.2853502,-0.32253662,0.034666575,47.568752,-0.50625,4.6125,46.950733,0.3361091,49.741684,0.2826836,-0.05610291,-0.080278926,0.9542,0.27996016,-0.06840952,-0.12192429,0.9497773,-1.0,0
1763544991286,1009.8151,0.6329016,6.2644095,12.330215,-0.08697187,-0.022296565,0.16875139,44.175003,0.63750005,3.05625,46.950733,0.3361091,49.741684,0.2787044,-0.05902171,-0.07961345,0.9552497,0.27582625,-0.0712714,-0.12171848,0.9508022,-1.0,0
1763544991311,1009.851,1.4889339,6.064609,11.79542,0.11018474,0.014202606,0.20876303,46.537502,0.88125,3.8625002,46.950733,0.3361091,49.741684,0.2788012,-0.059250403,-0.07760386,0.95537263,0.2759012,-0.07154887,-0.11987048,0.95099443,-1.0,0
1763544991336,1009.851,2.0237298,5.877969,10.159327,0.24029893,-0.112399116,0.13515383,46.518753,1.6125001,5.3812504,46.950733,0.3361091,49.741684,0.2804078,-0.06059473,-0.07616039,0.9549342,0.2774516,-0.07294414,-0.11834408,0.95062846,-1.0,0
1763544991362,1009.84784,2.1571295,5.6129637,8.516056,0.117362395,-0.21578798,-0.004123337,45.3375,1.6125001,6.43125,46.950733,0.3361091,49.741684,0.2816188,-0.06290138,-0.07620968,0.9544246,0.2785808,-0.07522265,-0.11809974,0.9501509,-1.0,0
1763544991388,1009.83954,1.2993027,4.3262234,9.329018,-0.3323868,0.17043127,-0.12217296,46.875,1.1625,4.59375,46.950733,0.3361091,49.741684,0.27751923,-0.06290598,-0.07856425,0.95543367,0.2745552,-0.07478985,-0.119605474,0.95116794,-1.0,0
1763544991414,1009.83954,1.1353943,4.110271,9.561121,-0.17646356,0.17394374,-0.09040799,45.54375,-0.46875003,3.7500002,46.950733,0.3361091,49.741684,0.2751942,-0.060642943,-0.07897246,0.95621854,0.2723422,-0.0723821,-0.11988363,0.9519551,-1.0,0
1763544991439,1009.81683,0.91226363,4.476971,5.8689957,0.24686573,-0.09880738,-0.050090913,47.11875,1.5562501,3.7687502,46.950733,0.3361091,49.741684,0.2775735,-0.061394975,-0.07997404,0.9553993,0.27271137,-0.07215864,-0.12028018,0.9518163,-1.0,0
1763544991464,1009.76337,0.87158567,4.71087,4.932804,0.06055197,-0.012675445,-0.11484258,45.975002,1.1812501,6.0750003,46.950733,0.3361091,49.741684,0.27872342,-0.06170243,-0.08086431,0.95496964,0.2758499,-0.07349008,-0.12136936,0.9506711,-1.0,0
1763544991490,1009.76337,0.6628119,4.592425,5.8079786,-0.10468695,0.10506874,-0.18723005,43.875,-0.52500004,5.925,46.950733,0.3361091,49.741684,0.278391,-0.06057815,-0.08225917,0.9550195,0.27558744,-0.0722693,-0.12247741,0.9506987,-1.0,0
1763544991516,1009.7348,0.3792624,4.3202415,6.987042,0.12148573,-0.062460925,-0.14660755,45.75,0.65625,5.5125003,46.950733,0.3361091,49.741684,0.27893186,-0.058913738,-0.08539848,0.95469016,0.27543628,-0.0706114,-0.12382683,0.9506923,-1.0,0
1763544991541,1009.7348,0.5599205,4.753342,6.5611196,0.31986406,-0.098654665,-0.110871956,45.99375,1.1812501,5.30625,46.950733,0.3361091,49.741684,0.28146943,-0.05967144,-0.086624846,0.9537874,0.27872053,-0.07141835,-0.12653203,0.94931763,-1.0,0
1763544991566,1009.70575,0.9631111,5.213362,5.6991053,0.33269224,-0.026267186,-0.09728022,45.05625,0.95625,6.6562505,46.950733,0.3361091,49.741684,0.28471327,-0.06023078,-0.08743792,0.9527147,0.28194362,-0.07209161,-0.12722684,0.94822145,-1.0,0
1763544991592,1009.68256,0.45583272,5.4430733,6.3750777,0.12759438,0.12980877,-0.17043127,47.25,-0.675,4.2000003,46.950733,0.3361091,49.741684,0.28917372,-0.05778186,-0.08931197,0.9513481,0.28655675,-0.06960896,-0.12830678,0.9468776,-1.0,0
1763544991618,1009.68256,-0.08793623,5.4556355,8.095517,0.23571745,-0.041844238,-0.06398808,43.95,-0.15,6.675,46.950733,0.3361091,49.741684,0.2911972,-0.057656247,-0.09010881,0.9506631,0.28859994,-0.06949907,-0.12885356,0.94619066,-1.0,0
1763544991643,1009.685,-0.03589234,5.8307104,8.474779,0.4812851,-0.17226386,0.13377939,44.362503,-0.46875003,4.18125,46.950733,0.3361091,49.741684,0.29495165,-0.059586708,-0.08959377,0.9494345,0.2922692,-0.07159444,-0.12833148,0.9449783,-1.0,0
1763544991668,1009.6962,1.2628121,6.469594,7.697112,0.5497019,-0.17027856,0.20173809,44.550003,-0.95625,5.26875,46.950733,0.3361091,49.741684,0.29975557,-0.06203277,-0.08789937,0.9479305,0.2969556,-0.07428895,-0.12674895,0.94352174,-1.0,0
1763544991693,1009.6962,1.6893328,6.836294,8.742776,0.01809687,-0.03451386,-0.15913028,44.381252,-1.6125001,6.7125,46.950733,0.3361091,49.741684,0.30443126,-0.06512211,-0.08848347,0.94617724,0.30155846,-0.07734197,-0.1265556,0.94184095,-1.0,0
1763544991718,1009.7209,0.4336991,6.7537417,9.899107,-0.1674533,0.23991714,-0.25717407,44.4,-1.81875,3.4687502,46.950733,0.3361091,49.741684,0.3036373,-0.06295544,-0.09022943,0.9464141,0.30089125,-0.074989736,-0.12782341,0.94207335,-1.0,0
1763544991743,1009.7509,-0.56530434,6.908677,10.186246,-0.25679228,0.34742934,-0.13729186,45.6375,-1.3312501,5.3250003,46.950733,0.3361091,49.741684,0.3017931,-0.058997393,-0.090982355,0.9471866,0.29921547,-0.07092145,-0.1284805,0.9428324,-1.0,0
1763544991768,1009.7509,0.782453,6.9649086,11.706286,-0.32444555,-0.31428993,-0.2602284,43.8375,-1.5187501,5.53125,46.950733,0.3361091,49.741684,0.29631227,-0.058575343,-0.0944002,0.9486077,0.29373226,-0.07038033,-0.13226694,0.9440728,-1.0,0
1763544991793,1009.7912,-0.695115,6.3571315,12.2889385,-0.32948518,0.007941242,-0.29153523,45.393753,-0.375,5.1375003,46.950733,0.3361091,49.741684,0.29310787,-0.05848511,-0.09777841,0.9492664,0.2905419,-0.0701295,-0.13556312,0.94461095,-1.0,0
1763544991818,1009.7912,-1.6773686,5.8043895,11.557932,-0.17753258,0.47937614,-0.058032155,45.7125,0.41250002,4.7625003,46.950733,0.3361091,49.741684,0.29110777,-0.054023623,-0.098076634,0.950115,0.28869814,-0.065693855,-0.13622923,0.94539905,-1.0,0
1763544991843,1009.8173,-1.3920245,5.838487,10.161121,0.05337431,0.37171122,0.1678351,46.59375,-0.35625002,3.61875,46.950733,0.3361091,49.741684,0.29102978,-0.049635306,-0.09583851,0.9506066,0.28875375,-0.06150831,-0.13467553,0.9458861,-1.0,0
1763544991868,1009.80634,-0.23330021,5.215157,7.1748786,0.17371467,-0.29168794,0.18646647,45.7125,-0.95625,5.30625,46.950733,0.3361091,49.741684,0.29408893,-0.052831676,-0.092838354,0.9497903,0.29161903,-0.065098524,-0.13252361,0.9450704,-1.0,0
1763544991894,1009.80634,-0.20757736,4.8119664,6.222535,-0.07612903,-0.053603385,0.16172644,49.256252,-0.31875002,2.71875,46.950733,0.3361091,49.741684,0.293927,-0.054388463,-0.0918176,0.94985175,0.29138327,-0.066685446,-0.13163051,0.94515723,-1.0,0
1763544991919,1009.7846,-0.21415763,4.401597,6.6077795,-0.31680974,0.24633121,0.18616104,46.050003,-1.4250001,5.4375,46.950733,0.3361091,49.741684,0.29155725,-0.052703224,-0.08982277,0.9508673,0.28908542,-0.06490686,-0.12969543,0.9462536,-1.0,0
1763544991945,1009.7846,0.4642076,3.8943188,6.8243303,0.047571093,-0.023365578,0.15989386,46.18125,0.35625002,1.7812501,46.950733,0.3361091,49.741684,0.28867862,-0.050837718,-0.0858071,0.95221704,0.28627652,-0.06297285,-0.12590821,0.94774854,-1.0,0
1763544991971,1009.7675,0.30089745,4.0594234,5.2959146,0.12240203,-0.091324285,0.14355323,47.49375,0.46875003,4.1062503,46.950733,0.3361091,49.741684,0.28961834,-0.052286167,-0.08470632,0.9519518,0.2871575,-0.06444548,-0.12475042,0.9475361,-1.0,0
1763544991995,1009.74066,0.2650051,4.41057,5.0195436,-0.09720386,0.14813471,0.15012002,47.1375,1.575,3.3000002,46.950733,0.3361091,49.741684,0.2893365,-0.0520667,-0.08316849,0.9521851,0.28689107,-0.06418765,-0.12313565,0.94784546,-1.0,0
1763544992021,1009.74066,0.010767702,4.799404,7.420741,-0.21281002,0.20066908,0.033444848,47.1375,0.1875,4.1625004,46.950733,0.3361091,49.741684,0.2854802,-0.0465112,-0.08015389,0.95389366,0.28328872,-0.05839305,-0.119921155,0.949714,-1.0,0
1763544992046,1009.73676,-0.45164528,4.7491546,7.9974113,0.112017326,-0.083993904,0.021685699,47.30625,0.975,2.7,46.950733,0.3361091,49.741684,0.28568032,-0.04673069,-0.080099314,0.9538276,0.2834819,-0.058608957,-0.11982451,0.94965523,-1.0,0
1763544992071,1009.7358,-0.7585248,5.0697927,6.802795,0.3426188,-0.17760894,0.1262963,47.737503,1.63125,3.24375,46.950733,0.3361091,49.741684,0.28827578,-0.048604716,-0.079639405,0.9529912,0.28598574,-0.06064234,-0.11950494,0.9488168,-1.0,0
1763544992096,1009.7358,-0.29910284,5.7343993,6.321239,0.31115925,-0.17806709,0.22632541,47.4375,0.22500001,3.35625,46.950733,0.3361091,49.741684,0.29116204,-0.0508307,-0.078156106,0.95212,0.28875807,-0.06307022,-0.11825863,0.94797456,-1.0,0
1763544992121,1009.73334,0.5168497,6.3254266,9.022138,-0.045585785,-0.31322092,0.1565341,45.525,0.28125,4.6312504,46.950733,0.3361091,49.741684,0.29279512,-0.056257896,-0.076126784,0.9514782,0.29015255,-0.06859614,-0.11631717,0.9474051,-1.0,0
1763544992147,1009.73334,0.9128618,6.129813,11.643475,0.03199404,-0.33887723,0.13240494,46.40625,1.5,2.30625,46.950733,0.3361091,49.741684,0.29241914,-0.059790406,-0.07589074,0.9513973,0.2896305,-0.07209715,-0.116037294,0.9473392,-1.0,0
1763544992172,1009.76825,0.3714857,6.966703,8.868998,0.43592837,0.038789913,0.11071924,47.41875,0.61875004,0.71250004,46.950733,0.3361091,49.741684,0.29813114,-0.06301124,-0.07404204,0.9495605,0.29519433,-0.07558385,-0.11420004,0.94557166,-1.0,0
1763544992197,1009.78973,0.94636136,7.5104723,8.1679,0.12744166,-0.03161225,0.060322896,44.2125,0.26250002,4.6125,46.950733,0.3361091,49.741684,0.3000657,-0.06315968,-0.073083274,0.94901544,0.29711705,-0.07582902,-0.11326647,0.945062,-1.0,0
1763544992222,1009.78973,1.1820544,7.112067,9.636495,-0.17188208,-0.17470732,-0.09850194,48.206253,0.31875002,2.9625,46.950733,0.3361091,49.741684,0.29930526,-0.064418435,-0.0741945,0.94908476,0.29632193,-0.07698507,-0.114158526,0.9451108,-1.0,0
1763544992247,1009.81,0.5246264,6.4008007,11.185847,-0.26595524,-0.016035201,-0.15500695,44.625,-0.675,3.6937501,46.950733,0.3361091,49.741684,0.29708022,-0.06457307,-0.075996436,0.94963056,0.2941116,-0.07697202,-0.11574492,0.9456092,-1.0,0
1763544992272,1009.84344,1.1557333,5.7284174,11.620145,0.14515674,-0.010995566,0.12125666,45.131252,-0.26250002,4.2375,46.950733,0.3361091,49.741684,0.295307,-0.06263374,-0.07533438,0.95036596,0.2923939,-0.075066894,-0.1154601,0.9463296,-1.0,0
1763544992298,1009.84344,1.6546369,5.7266226,9.645468,0.34506226,-0.37369654,0.11041381,45.9,-0.1875,3.6937501,46.950733,0.3361091,49.741684,0.29751372,-0.065893434,-0.074902885,0.949491,0.2944527,-0.07844726,-0.11508913,0.94546187,-1.0,0
1763544992323,1009.8398,2.1128623,5.750551,7.6492558,0.17432554,-0.29458955,0.02367101,44.662502,-0.43125,4.4437504,46.950733,0.3361091,49.741684,0.29918307,-0.06970594,-0.07525831,0.9486658,0.29597253,-0.08227808,-0.11525274,0.9446414,-1.0,0
1763544992349,1009.8134,1.3992031,4.8562336,6.9224358,-0.5162571,0.31902415,-0.19822562,45.412502,-0.99375004,4.875,46.950733,0.3361091,49.741684,0.29442292,-0.06616904,-0.07690939,0.9502745,0.29144636,-0.07824453,-0.11600013,0.9462985,-1.0,0
1763544992374,1009.8134,1.1676974,4.5523453,8.176873,-0.56879145,0.12018765,-0.25625777,47.15625,0.84375006,1.8000001,46.950733,0.3361091,49.741684,0.28938636,-0.06351273,-0.07889147,0.95183915,0.28655368,-0.075268425,-0.11766618,0.94782716,-1.0,0
1763544992399,1009.79315,0.9403793,4.241876,8.611171,-0.35483608,-0.04382955,-0.29565856,45.3375,1.3875,2.8875,46.950733,0.3361091,49.741684,0.28553173,-0.06270012,-0.08181913,0.9528095,0.28275296,-0.07423235,-0.12040666,0.94870573,-1.0,0
1763544992425,1009.76556,0.31345975,4.4596233,5.866005,0.0043524117,0.13225223,-0.20570871,46.162502,2.4750001,2.4375,46.950733,0.3361091,49.741684,0.28390738,-0.060874805,-0.08658614,0.95299196,0.2812138,-0.07230458,-0.12504879,0.9487116,-1.0,0
1763544992450,1009.76556,0.6753742,4.894519,4.959723,-0.08300125,0.3582722,-0.18035783,45.84375,1.0500001,4.40625,46.950733,0.3361091,49.741684,0.28381965,-0.057447534,-0.08739757,0.95315677,0.28126863,-0.068860546,-0.12581216,0.94885063,-1.0,0
1763544992475,1009.7358,0.66341007,5.1409793,5.5423756,-0.14164427,0.2678642,-0.23976442,46.912502,1.1812501,2.41875,46.950733,0.3361091,49.741684,0.28317928,-0.053688806,-0.08854768,0.95346016,0.2808006,-0.064992525,-0.12668116,0.9491464,-1.0,0
1763544992500,1009.7358,0.2727818,4.938786,6.4420767,0.029245151,-0.12492185,-0.2689332,48.3375,0.84375006,1.5187501,46.950733,0.3361091,49.741684,0.2833644,-0.053340327,-0.09113976,0.95318043,0.2810237,-0.06454643,-0.1289044,0.9488114,-1.0,0
1763544992525,1009.72015,0.69212395,5.044668,6.559325,0.1683696,-0.12721258,-0.17669263,47.34375,0.35625002,1.8000001,46.950733,0.3361091,49.741684,0.28643468,-0.0570908,-0.096148744,0.951552,0.28396323,-0.06833072,-0.13356099,0.9470255,-1.0,0
1763544992550,1009.7153,0.49292147,5.174479,7.000801,0.10957387,0.13133593,-0.13561198,47.737503,2.3812501,2.7375002,46.950733,0.3361091,49.741684,0.28777292,-0.05615511,-0.09718667,0.9510983,0.28535572,-0.067370504,-0.13432157,0.946568,-1.0,0
1763544992575,1009.7153,-0.010169496,5.377869,7.6977105,0.15462515,0.18051054,-0.04092794,46.575,1.6500001,2.4375,46.950733,0.3361091,49.741684,0.2892824,-0.054354202,-0.09723016,0.9507406,0.28694656,-0.06557699,-0.13417615,0.94623363,-1.0,0
1763544992600,1009.73016,0.77647096,6.298507,8.014759,0.44417506,-0.11377356,0.22235478,48.187504,1.6875001,2.8875,46.950733,0.3361091,49.741684,0.2956773,-0.0557074,-0.094209544,0.9489975,0.28958616,-0.065396324,-0.1330171,0.94560546,-1.0,0
1763544992625,1009.7419,1.0845468,6.693323,8.469396,0.4098139,-0.21884231,0.20891576,45.0,1.85625,2.5875,46.950733,0.3361091,49.741684,0.29943478,-0.058515273,-0.09254914,0.947813,0.29693422,-0.070109144,-0.12931773,0.9434997,-1.0,0
1763544992650,1009.7419,1.6749759,6.821339,9.217153,0.2833649,-0.20418155,0.15515965,45.15,1.2375001,4.4625,46.950733,0.3361091,49.741684,0.30215183,-0.061533216,-0.09140527,0.94687015,0.29955044,-0.07315463,-0.1278996,0.9426344,-1.0,0
1763544992675,1009.7609,0.7292127,7.2496543,9.229117,0.043142326,0.37904158,-0.014202606,45.131252,-1.7625,4.4812503,46.950733,0.3361091,49.741684,0.3047115,-0.059895918,-0.08976529,0.9463116,0.3022206,-0.07140954,-0.12559122,0.94222623,-1.0,0
1763544992700,1009.7609,0.076570325,7.7090764,8.53161,-0.12789981,0.42302385,-0.015424335,47.68125,-0.22500001,1.03125,46.950733,0.3361091,49.741684,0.30446053,-0.05556976,-0.088470936,0.94677806,0.30215156,-0.06699756,-0.12406769,0.94277406,-1.0,0
1763544992725,1009.7673,0.22313072,7.501499,9.33141,-0.38385215,0.020005822,-0.109344795,48.018753,0.80625004,1.85625,46.950733,0.3361091,49.741684,0.30201024,-0.053944215,-0.089036085,0.9476035,0.2997698,-0.06525536,-0.124583185,0.94358826,-1.0,0
1763544992751,1009.8024,-1.0785648,5.685945,13.290335,-0.41928232,0.3497201,-0.13622284,45.956253,1.575,3.2812502,46.950733,0.3361091,49.741684,0.2930957,-0.050455015,-0.09268989,0.9502409,0.29099554,-0.06141981,-0.12828864,0.9460926,-1.0,0
1763544992776,1009.8024,-1.274178,5.4370914,12.405589,-0.010461059,0.5450441,0.18035783,46.725002,1.7625,3.80625,46.950733,0.3361091,49.741684,0.29179257,-0.04508236,-0.09035565,0.95113647,0.2898672,-0.056145683,-0.12645896,0.9470126,-1.0,0
1763544992802,1009.83417,-0.3272185,5.7260246,9.948758,0.41775516,0.06658426,0.32177302,48.73125,1.48125,2.8312502,46.950733,0.3361091,49.741684,0.29424042,-0.043805283,-0.0869474,0.9507596,0.29232317,-0.05516784,-0.12370343,0.946679,-1.0,0
1763544992828,1009.8212,0.1052842,5.543572,5.539983,0.16409355,-0.2687805,0.14828743,46.518753,0.63750005,2.34375,46.950733,0.3361091,49.741684,0.30048466,-0.050785773,-0.08423212,0.9487016,0.29827532,-0.06246655,-0.121169046,0.9446946,-1.0,0
1763544992853,1009.8212,-0.04007978,5.0398827,5.811568,-0.25725043,0.07513637,0.08460477,49.425003,1.2,2.0062501,46.950733,0.3361091,49.741684,0.29922667,-0.0510171,-0.08350162,0.9491513,0.29701915,-0.06260171,-0.12030727,0.94519144,-1.0,0
1763544992878,1009.79144,-0.25124636,4.5020957,7.251449,-0.4050797,0.27030766,0.100181825,48.975002,1.03125,0.52500004,46.950733,0.3361091,49.741684,0.29589194,-0.04856295,-0.08217993,0.95043993,0.29379016,-0.059981436,-0.11891277,0.946546,-1.0,0
1763544992903,1009.79144,-0.11365908,4.215555,7.7886376,-0.14057526,0.11835505,0.15913028,48.956253,0.39375,2.5687501,46.950733,0.3361091,49.741684,0.29382524,-0.04694667,-0.08048636,0.9513068,0.29178336,-0.058307182,-0.11732165,0.9474695,-1.0,0
1763544992928,1009.78143,0.46839502,4.256233,5.386244,0.36506808,-0.49082986,0.16859868,49.331253,0.16875,3.3000002,46.950733,0.3361091,49.741684,0.29748845,-0.053903434,-0.07880628,0.9499392,0.2951629,-0.06545089,-0.11575044,0.94614846,-1.0,0
1763544992954,1009.75726,0.6963114,4.31067,4.5469613,0.11751511,-0.27305657,0.112399116,48.15,-0.675,2.4,46.950733,0.3361091,49.741684,0.29905793,-0.05782216,-0.07856494,0.94923574,0.29658532,-0.069398835,-0.11538958,0.9454661,-1.0,0
1763544992979,1009.75726,0.4869394,4.3878384,5.8743796,-0.20593779,0.19593488,0.043524116,47.7,0.01875,2.86875,46.950733,0.3361091,49.741684,0.29795688,-0.057159394,-0.07784,0.94968176,0.2955289,-0.068616286,-0.11443443,0.94597,-1.0,0
1763544993004,1009.7426,-0.8632108,4.802395,7.432107,0.24793474,0.2640463,0.09468404,48.15,-0.056250002,1.8937501,46.950733,0.3361091,49.741684,0.2977629,-0.05076867,-0.07500243,0.9503339,0.29559055,-0.062180728,-0.111489266,0.946747,-1.0,0
1763544993030,1009.73724,-0.8817552,5.3342,5.705087,0.4728857,-0.055283263,0.21655156,49.687504,0.975,0.90000004,46.950733,0.3361091,49.741684,0.3017095,-0.051236752,-0.07312597,0.9492096,0.2994987,-0.06288372,-0.1098346,0.9456651,-1.0,0
1763544993054,1009.73724,-0.3804588,6.01436,5.222934,0.32826346,-0.093309596,0.26542073,49.66875,-1.25625,0.73125005,46.950733,0.3361091,49.741684,0.30521327,-0.053022802,-0.07099525,0.9481525,0.30291346,-0.0648847,-0.10791578,0.9446627,-1.0,0
1763544993079,1009.72943,-0.6652047,6.5886374,6.0897336,0.12194388,0.088269964,0.24388777,47.737503,-0.6,2.2875001,46.950733,0.3361091,49.741684,0.3070133,-0.05327784,-0.068625234,0.94773144,0.30469808,-0.065228485,-0.105589285,0.94432795,-1.0,0
1763544993104,1009.7292,0.5407779,7.103692,8.724232,-0.030314164,-0.34269515,0.41859508,48.300003,-0.90000004,0.075,46.950733,0.3361091,49.741684,0.30780202,-0.056034047,-0.06263005,0.94773185,0.3053536,-0.06812538,-0.09994506,0.94452584,-1.0,0
1763544993129,1009.7292,2.0404794,7.1946197,10.882557,-0.013362667,-0.6647736,0.33063057,46.95,-0.056250002,2.9625,46.950733,0.3361091,49.741684,0.30722633,-0.06265024,-0.061197244,0.9475979,0.30451557,-0.07472187,-0.09853333,0.9444459,-1.0,0
1763544993154,1009.7673,2.405385,7.266404,12.106486,0.020540329,-0.5751292,0.13316852,46.3125,-0.4875,1.35,46.950733,0.3361091,49.741684,0.3067398,-0.06916153,-0.06134887,0.94729286,0.30379176,-0.08113695,-0.09844921,0.94415843,-1.0,0
1763544993179,1009.7673,1.6516458,7.0582285,11.700305,0.04344776,-0.07086031,0.05222894,49.706253,-1.7625,1.6875001,46.950733,0.3361091,49.741684,0.30670202,-0.07144569,-0.06128004,0.94714,0.30369827,-0.08329443,-0.097990684,0.94404835,-1.0,0
1763544993204,1009.8017,1.9118652,6.5258255,11.79841,-0.13996439,0.017562363,-0.08628465,47.0625,-1.7812501,2.11875,46.950733,0.3361091,49.741684,0.30450937,-0.0696731,-0.060835566,0.9480078,0.30160218,-0.081341386,-0.09727724,0.94496393,-1.0,0
1763544993229,1009.8017,1.0839486,5.6889358,12.285948,0.076739885,0.016035201,-0.15027274,46.912502,-1.0500001,2.0812502,46.950733,0.3361091,49.741684,0.30430973,-0.06944974,-0.062224712,0.9479981,0.3014308,-0.081038155,-0.098438196,0.9449245,-1.0,0
1763544993254,1009.84174,1.6163517,5.10748,8.717052,0.34857473,0.19547673,0.04138609,45.75,-1.66875,2.5500002,46.950733,0.3361091,49.741684,0.30905658,-0.066257365,-0.06091433,0.94677526,0.30627573,-0.07811001,-0.09732956,0.94372714,-1.0,0
1763544993279,1009.84686,2.161317,5.179863,7.643872,0.2861138,-0.095142186,-0.04703659,47.68125,-2.34375,2.0812502,46.950733,0.3361091,49.741684,0.3116229,-0.066437095,-0.06077711,0.94592994,0.30884743,-0.078332506,-0.09698912,0.9429053,-1.0,0
1763544993304,1009.8217,2.14038,5.008776,7.3573313,0.10682498,-0.33826637,-0.19639303,47.381252,-2.3812501,2.41875,46.950733,0.3361091,49.741684,0.31283778,-0.06927241,-0.06300233,0.94517964,0.30998942,-0.081072375,-0.09875869,0.94211495,-1.0,0
1763544993330,1009.8217,1.7904296,4.792824,7.1766734,-0.18043418,-0.03161225,-0.27351472,50.437504,-2.6625001,-0.0375,46.950733,0.3361091,49.741684,0.31186527,-0.07005828,-0.0657699,0.94525456,0.30903122,-0.08165664,-0.1010265,0.9421388,-1.0,0
1763544993356,1009.80365,0.88295156,4.848457,7.6259255,-0.27359107,0.21670428,-0.30024004,46.725002,-3.5625002,0.8625,46.950733,0.3361091,49.741684,0.30615494,-0.06355878,-0.06978729,0.9472904,0.30362478,-0.07471643,-0.104395695,0.94410324,-1.0,0
1763544993381,1009.80365,0.29671,4.913063,6.3918276,-0.08223767,0.07620538,-0.2875646,47.381252,-2.71875,2.8875,46.950733,0.3361091,49.741684,0.30515388,-0.061711736,-0.072248474,0.947551,0.30270615,-0.07277505,-0.10668086,0.94429445,-1.0,0
1763544993406,1009.77606,0.12323037,5.070391,4.996812,-0.074907295,0.04978548,-0.21670428,47.23125,-3.0187502,3.5625002,46.950733,0.3361091,49.741684,0.3048002,-0.06060056,-0.07435585,0.94757354,0.30239823,-0.07163044,-0.10872114,0.9442479,-1.0,0
1763544993431,1009.7492,1.1796615,5.3090754,5.9294147,-0.25725043,0.37934703,-0.26648977,49.350002,-2.79375,1.63125,46.950733,0.3361091,49.741684,0.3019297,-0.05458674,-0.07701197,0.9486453,0.29977617,-0.06538756,-0.1110084,0.94527024,-1.0,0
1763544993456,1009.7492,0.3595216,5.21755,7.112665,-0.12576179,0.29016078,-0.24617851,47.79375,-3.2062502,2.11875,46.950733,0.3361091,49.741684,0.3008406,-0.050712388,-0.07843572,0.9490896,0.2988572,-0.06132852,-0.1119785,0.94571877,-1.0,0
1763544993481,1009.7409,0.4336991,5.2331033,6.945766,0.21784966,0.022907428,-0.12583815,47.325,-4.125,2.2125,46.950733,0.3361091,49.741684,0.30226883,-0.049667127,-0.07954281,0.9485988,0.30033252,-0.060279824,-0.112895556,0.9452097,-1.0,0
1763544993506,1009.73114,1.3130615,6.008976,5.056034,0.22808164,-0.07589995,-0.12873976,48.693752,-2.49375,1.21875,46.950733,0.3361091,49.741684,0.3084363,-0.051660392,-0.0815194,0.9463365,0.30645722,-0.062335715,-0.11431954,0.94293654,-1.0,0
1763544993531,1009.73114,1.1527423,6.1860447,6.4558353,0.028787002,0.10506874,-0.16646065,48.525,-3.8812501,2.5500002,46.950733,0.3361091,49.741684,0.30952135,-0.050918315,-0.08269513,0.9459204,0.3076028,-0.061454434,-0.11493677,0.94254625,-1.0,0
1763544993556,1009.7297,0.8147561,6.276972,7.9501534,0.07063124,0.14935644,-0.1432478,47.625,-4.0875,2.1937501,46.950733,0.3361091,49.741684,0.310386,-0.04930918,-0.08352484,0.9456494,0.30855206,-0.059720352,-0.115282185,0.9423052,-1.0,0
1763544993581,1009.7297,0.59342,6.309275,8.9108715,0.2720639,0.08857539,-0.0772744,48.05625,-4.05,2.4562502,46.950733,0.3361091,49.741684,0.31257957,-0.048280865,-0.08390291,0.94494617,0.3107966,-0.058673076,-0.115353644,0.9416244,-1.0,0
1763544993607,1009.75116,1.5122639,7.12762,8.281559,0.25495967,-0.194255,-0.06582068,47.79375,-3.2062502,2.41875,46.950733,0.3361091,49.741684,0.31886292,-0.051176917,-0.08509749,0.94258463,0.317002,-0.061663534,-0.11613277,0.93926597,-1.0,0
1763544993633,1009.769,2.033301,7.1569324,9.150752,-0.0051159924,0.08032872,-0.2480111,47.362503,-3.8812501,2.1937501,46.950733,0.3361091,49.741684,0.31955403,-0.05094921,-0.086742975,0.9422129,0.31772715,-0.06131922,-0.11735282,0.93889177,-1.0,0
1763544993658,1009.769,0.11425728,7.1527452,9.434301,-0.124998204,0.49464774,-0.40515608,50.062504,-4.33125,1.63125,46.950733,0.3361091,49.741684,0.31908372,-0.04646997,-0.08897213,0.9423959,0.317444,-0.05659661,-0.11890503,0.93908876,-1.0,0
1763544993685,1009.7907,-1.666601,7.676175,8.2678,-0.270384,0.2716821,-0.12568542,49.218754,-4.8187504,3.15,46.950733,0.3361091,49.741684,0.31681418,-0.034705203,-0.09020829,0.9435501,0.31554794,-0.044779252,-0.12021795,0.9401978,-1.0,0
1763544993710,1009.81366,-0.38464624,7.3980093,10.810175,-0.31375542,-0.21380267,-0.0980438,49.256252,-3.3000002,0.88125,46.950733,0.3361091,49.741684,0.31406227,-0.0349742,-0.09173689,0.94431245,0.31277338,-0.045067985,-0.12209353,0.9408692,-1.0,0
1763544993736,1009.81366,0.10707881,6.5371914,11.520245,-0.1381318,-0.16951497,-0.18707734,49.068752,-4.93125,1.4625001,46.950733,0.3361091,49.741684,0.31229007,-0.036063924,-0.09401757,0.94463485,0.3109599,-0.046147685,-0.12452746,0.9410989,-1.0,0
1763544993761,1009.84,0.0735793,5.5160546,9.884152,-0.1683696,0.044134982,-0.1707367,49.0125,-5.9437504,1.3687501,46.950733,0.3361091,49.741684,0.30992514,-0.03455639,-0.09736456,0.9451309,0.3100884,-0.045752723,-0.12642457,0.9411529,-1.0,0
1763544993786,1009.84,0.0735793,5.5160546,9.884152,-0.1683696,0.044134982,-0.1707367,48.600002,-4.4812503,-0.056250002,46.950733,0.3361091,49.741684,0.30992514,-0.03455639,-0.09736456,0.9451309,0.3086381,-0.044612136,-0.12803426,0.9414667,-1.0,0
1763544993812,1009.85614,-0.53599226,4.549354,9.519845,-0.2928333,0.07284562,-0.30512697,50.60625,-4.65,0.056250002,46.950733,0.3361091,49.741684,0.30432767,-0.03152351,-0.10232724,0.9465305,0.30314168,-0.041402478,-0.13305087,0.9427027,-1.0,0
1763544993837,1009.8652,-1.4883357,4.421338,7.6893353,-0.24533857,0.28115052,-0.04016436,49.331253,-4.40625,0.93750006,46.950733,0.3361091,49.741684,0.29911712,-0.025685996,-0.1045523,0.94812346,0.2981023,-0.035578474,-0.13589619,0.94414055,-1.0,0
1763544993862,1009.8652,-1.4279169,4.3148575,6.747162,-0.052305296,0.2046397,0.08994984,49.912502,-3.7125,0.22500001,46.950733,0.3361091,49.741684,0.29820704,-0.023195919,-0.103499286,0.9485897,0.29726258,-0.033173773,-0.13522193,0.9445896,-1.0,0
1763544993887,1009.84686,-1.0271192,4.2999024,5.1906304,0.10728313,0.016187917,0.21258095,48.581253,-4.4812503,1.03125,46.950733,0.3361091,49.741684,0.29890695,-0.02294387,-0.1017181,0.94856817,0.29795933,-0.033046182,-0.1337608,0.9445826,-1.0,0
1763544993913,1009.80853,-0.43429732,4.35075,3.9188452,0.0012980876,-0.04046979,0.26160285,49.818752,-3.2625,2.98125,46.950733,0.3361091,49.741684,0.29942158,-0.024031589,-0.09960737,0.948603,0.29843026,-0.034207895,-0.13183351,0.9446635,-1.0,0
1763544993938,1009.80853,-0.8105687,4.1007,6.1268225,-0.40355253,0.35033095,0.24602579,50.568752,-3.16875,2.90625,46.950733,0.3361091,49.741684,0.29429457,-0.020003399,-0.094033085,0.9508672,0.293451,-0.029931925,-0.12609543,0.9471486,-1.0,0
1763544993963,1009.78046,-0.7543373,4.3274198,6.713662,-0.17844887,0.16111559,0.30130905,49.406254,-4.65,1.8750001,46.950733,0.3361091,49.741684,0.29221067,-0.018319156,-0.09078698,0.95185876,0.2914231,-0.028200064,-0.12295561,0.9482401,-1.0,0
1763544993988,1009.76434,-0.50069815,5.486144,5.4023952,0.2410625,-0.3500255,0.22586726,49.781254,-3.61875,1.1625,46.950733,0.3361091,49.741684,0.29455304,-0.023626262,-0.08703118,0.95137054,0.29358065,-0.03361676,-0.11929307,0.9478657,-1.0,0
1763544994013,1009.76434,-0.21415763,5.9383874,5.9653068,-0.0054214248,-0.32116216,0.16890411,50.30625,-3.1875002,1.0875001,46.950733,0.3361091,49.741684,0.29515502,-0.027276259,-0.08633891,0.9511494,0.29405987,-0.03727289,-0.11855437,0.94767314,-1.0,0
1763544994038,1009.74896,-0.13339986,6.0544395,8.414959,-0.18654284,-0.11728604,0.10430516,49.612503,-4.3875003,2.30625,46.950733,0.3361091,49.741684,0.29385278,-0.029073367,-0.08581151,0.951547,0.292703,-0.038982797,-0.117904745,0.94810534,-1.0,0
1763544994064,1009.74896,-0.67178494,6.1561346,10.254441,-0.0674242,0.04291325,0.118202336,48.975002,-3.2062502,1.3687501,46.950733,0.3361091,49.741684,0.29288012,-0.028955203,-0.08482581,0.95193875,0.29173973,-0.03879572,-0.11681538,0.9485447,-1.0,0
1763544994089,1009.76825,0.67178494,6.7842503,9.672387,0.29497132,-0.37064222,0.13164136,50.362503,-3.6750002,0.63750005,46.950733,0.3361091,49.741684,0.29600632,-0.0337961,-0.08295399,0.95097667,0.2946873,-0.043832716,-0.115213305,0.9476096,-1.0,0
1763544994115,1009.7917,-0.124426775,7.2125654,8.943773,0.15386157,-0.25152358,0.043524116,49.125004,-2.68125,-0.82500005,46.950733,0.3361091,49.741684,0.29758987,-0.037000682,-0.08325712,0.9503365,0.2961699,-0.047033504,-0.11531628,0.9469812,-1.0,0
1763544994141,1009.7917,-0.73340017,7.640881,8.933005,-0.083306685,-0.012217295,0.083383046,49.18125,-4.3125,1.8750001,46.950733,0.3361091,49.741684,0.2974342,-0.03772486,-0.082817495,0.95039517,0.29599684,-0.047708713,-0.11474038,0.9470715,-1.0,0
1763544994165,1009.81366,-0.36370903,7.518847,9.667004,-0.25068364,-0.0368046,0.12553272,50.568752,-4.89375,-0.54375005,46.950733,0.3361091,49.741684,0.29568577,-0.03757964,-0.08199594,0.9517696,0.29424962,-0.047533937,-0.11388102,0.9477282,-1.0,0
1763544994190,1009.8486,1.174876,6.385247,11.955738,-0.3117701,-0.4659371,0.01802051,47.943752,-4.5750003,3.2625,46.950733,0.3361091,49.741684,0.2896142,-0.04467772,-0.08326703,0.9524674,0.28794008,-0.054433502,-0.11538764,0.9491118,-1.0,0
1763544994216,1009.8486,1.6977077,5.88096,12.533007,-0.26106834,-0.13255766,-0.014813471,46.537502,-3.6937501,1.35,46.950733,0.3361091,49.741684,0.2865562,-0.04664861,-0.08408063,0.95322603,0.28482553,-0.05625808,-0.11608662,0.9498596,-1.0,0
1763544994241,1009.88446,1.2981063,5.512465,10.485947,0.090942495,0.10430516,-0.061544627,47.456253,-3.4875002,1.0875001,46.950733,0.3361091,49.741684,0.28492528,-0.04428753,-0.0839872,0.95383567,0.28330815,-0.053668413,-0.115426295,0.9505435,-1.0,0
1763544994266,1009.87836,1.1814562,5.2660046,8.879167,0.19463679,-0.09529491,-0.07849612,46.706253,-4.9500003,2.79375,46.950733,0.3361091,49.741684,0.28626102,-0.044876467,-0.084640734,0.95335025,0.28463846,-0.05422368,-0.11580498,0.9500684,-1.0,0
1763544994291,1009.87836,1.032503,4.7976093,8.020741,0.13553563,-0.21991132,-0.11835505,47.90625,-4.18125,1.5375,46.950733,0.3361091,49.741684,0.2874076,-0.046694875,-0.08606548,0.9527902,0.28574106,-0.05599635,-0.11693717,0.94949573,-1.0,0
1763544994316,1009.85394,0.3469593,4.1228333,7.123433,0.02573268,-0.11117739,-0.12980877,50.5875,-3.5062501,-1.7062501,46.950733,0.3361091,49.741684,0.28777716,-0.04813233,-0.087625705,0.9524649,0.28608075,-0.057360414,-0.118205234,0.949155,-1.0,0
1763544994341,1009.85394,0.25962126,4.1090746,7.433902,-0.07154754,0.16798781,-0.027336199,47.60625,-4.33125,0.35625002,46.950733,0.3361091,49.741684,0.28594083,-0.045288987,-0.08847415,0.9530787,0.2843583,-0.054347157,-0.11869773,0.94978815,-1.0,0
1763544994367,1009.82,0.5605187,4.42732,6.467201,0.13629921,0.08994984,-0.013133593,47.04375,-4.14375,0.39375,46.950733,0.3361091,49.741684,0.2867073,-0.044166125,-0.08815903,0.9529304,0.28516096,-0.053244177,-0.11836136,0.94965196,-1.0,0
1763544994393,1009.7758,0.5922236,4.767101,5.2348976,0.18929173,-0.13820815,-0.085215636,46.537502,-3.6937501,1.35,46.950733,0.3361091,49.741684,0.28841603,-0.04500346,-0.08885063,0.9523111,0.28685135,-0.05408708,-0.11887332,0.9490311,-1.0,0
1763544994418,1009.7758,-0.2745764,4.7419763,5.6303115,-0.009544762,0.19226968,-0.15775582,48.506252,-4.875,1.3687501,46.950733,0.3361091,49.741684,0.28996298,-0.04461772,-0.09187656,0.9515721,0.28843474,-0.053616073,-0.12143288,0.9482535,-1.0,0
1763544994443,1009.74066,-0.6837491,4.7198424,5.5675,0.08834632,0.23686282,-0.062613636,49.575,-4.74375,-0.15,46.950733,0.3361091,49.741684,0.29092306,-0.041903093,-0.09194958,0.9513954,0.28948358,-0.050905563,-0.12141172,0.948086,-1.0,0
1763544994468,1009.70966,-0.59760743,4.8233323,5.078168,0.20670137,-0.05329795,0.031001387,52.706253,-3.9,-2.8312502,46.950733,0.3361091,49.741684,0.2928685,-0.041653715,-0.091769286,0.9508267,0.29143146,-0.050741505,-0.121294715,0.94751287,-1.0,0
1763544994493,1009.70966,0.9421739,5.447859,6.2033925,0.18165591,-0.21792601,0.11575887,47.175003,-4.9875,0.13125001,46.950733,0.3361091,49.741684,0.29651248,-0.046996552,-0.091158,0.9495061,0.2949073,-0.056196306,-0.120646596,0.9462114,-1.0,0
1763544994518,1009.7016,0.70648086,5.7547383,6.7872415,0.109726585,0.023518294,0.11911863,46.85625,-5.0437503,1.2375001,46.950733,0.3361091,49.741684,0.29783127,-0.047853563,-0.09014271,0.94914746,0.29621795,-0.056994386,-0.11930279,0.94592464,-1.0,0
1763544994543,1009.72015,0.9816555,6.142376,7.858628,0.100563616,0.13439025,0.17470732,48.3375,-5.0062504,0.93750006,46.950733,0.3361091,49.741684,0.29887488,-0.04734547,-0.0881593,0.9490312,0.29729393,-0.056427963,-0.117028214,0.9459052,-1.0,0
1763544994568,1009.72015,1.6498512,7.2646093,8.395817,0.20975569,-0.2764163,0.018631376,45.99375,-6.3750005,1.8750001,46.950733,0.3361091,49.741684,0.30256793,-0.0505924,-0.08658105,0.94783795,0.3009285,-0.059573382,-0.114747114,0.94484186,-1.0,0
1763544994593,1009.7304,1.5541383,7.4010005,9.090932,0.034437504,-0.16462806,-0.07666353,46.631252,-5.4187503,0.675,46.950733,0.3361091,49.741684,0.30335715,-0.052935638,-0.087641105,0.94736016,0.30167973,-0.061782412,-0.115302086,0.9443928,-1.0,0
1763544994618,1009.7304,1.146162,7.472785,10.059426,-0.13507748,0.29290965,-0.16065744,47.456253,-7.9500003,0.41250002,46.950733,0.3361091,49.741684,0.30282053,-0.05118544,-0.088378206,0.94755954,0.30122516,-0.059863355,-0.115562,0.94462967,-1.0,0
1763544994644,1009.76483,-0.5916254,7.757531,10.047462,-0.21204643,0.6101012,-0.17088942,49.10625,-6.3,0.45000002,46.950733,0.3361091,49.741684,0.30163643,-0.045377932,-0.08835203,0.94823533,0.30023447,-0.05387919,-0.11509856,0.9453616,-1.0,0
1763544994670,1009.7946,-0.421735,7.4823565,11.408978,-0.27740896,-0.21670428,0.041538805,48.35625,-4.7625003,2.60625,46.950733,0.3361091,49.741684,0.29749063,-0.041541964,-0.088312075,0.9497234,0.2961788,-0.050045192,-0.115476355,0.9468045,-1.0,0
1763544994696,1009.7946,0.4851448,6.4923263,12.486347,-0.27511823,-0.22128576,0.0004581486,48.393753,-5.3812504,1.8750001,46.950733,0.3361091,49.741684,0.29473677,-0.043679826,-0.08913985,0.9504085,0.293351,-0.05218125,-0.11657517,0.9474347,-1.0,0
1763544994720,1009.8403,-0.3164508,5.2438707,12.351152,-0.25282165,0.20311254,-0.03894263,48.975002,-4.8187504,0.22500001,46.950733,0.3361091,49.741684,0.2920871,-0.042407196,-0.08941027,0.9512584,0.29073834,-0.05083762,-0.11688651,0.9482744,-1.0,0
1763544994745,1009.8403,-0.22073789,4.802395,10.26162,0.06849321,-0.036651887,0.17348559,47.831253,-5.1937504,2.53125,46.950733,0.3361091,49.741684,0.28989217,-0.038402785,-0.0864207,0.9523756,0.28862855,-0.046965852,-0.11457012,0.9494006,-1.0,0
1763544994770,1009.8637,0.5521438,4.6007996,8.955139,0.1523344,-0.16432263,0.118202336,49.256252,-4.78125,0.975,46.950733,0.3361091,49.741684,0.29059848,-0.040345564,-0.08564701,0.9521499,0.28926423,-0.04900446,-0.11403875,0.949168,-1.0,0
1763544994796,1009.85077,0.17168503,4.663013,7.225128,0.0730747,0.0050396346,-0.0025961753,46.65,-5.9437504,2.7,46.950733,0.3361091,49.741684,0.29126793,-0.040961254,-0.08552763,0.95192975,0.28992003,-0.0496108,-0.1138177,0.9489629,-1.0,0
1763544994821,1009.85077,-0.6299106,4.267001,7.2119675,-0.24136795,0.3773617,0.08261946,49.068752,-4.93125,1.1625,46.950733,0.3361091,49.741684,0.28823385,-0.035220616,-0.083671674,0.953247,0.28706044,-0.04376658,-0.111949384,0.95034105,-1.0,0
1763544994847,1009.82684,-0.6017949,4.119244,7.2023964,-0.0054214248,0.14477496,0.19562945,49.725002,-3.8812501,1.6500001,46.950733,0.3361091,49.741684,0.28755784,-0.03340304,-0.0816297,0.9536935,0.28643215,-0.041974958,-0.11007171,0.95083064,-1.0,0
1763544994872,1009.7961,0.014356935,4.269394,6.1657057,0.2673297,-0.16798781,0.2678642,48.956253,-4.8187504,1.3125,46.950733,0.3361091,49.741684,0.28921387,-0.034963403,-0.079493284,0.95331717,0.2880323,-0.04364056,-0.108111404,0.95049715,-1.0,0
1763544994898,1009.7961,0.6299106,4.4452662,5.096712,0.107741274,-0.092087865,0.06276636,46.425003,-6.3375,2.90625,46.950733,0.3361091,49.741684,0.29343852,-0.040305067,-0.07771572,0.9519609,0.29064012,-0.047164608,-0.10685261,0.949677,-1.0,0
1763544994923,1009.75824,0.19980069,4.505685,6.1292152,-0.0041996953,0.1404989,0.017867794,49.500004,-5.7562504,1.1625,46.950733,0.3361091,49.741684,0.2937101,-0.039693978,-0.07719852,0.95194495,0.29241222,-0.04833566,-0.10522948,0.9492552,-1.0,0
1763544994948,1009.7487,-0.18005991,4.7198424,6.2063837,0.069867656,0.19654575,0.013286309,49.85625,-3.9750001,1.0125,46.950733,0.3361091,49.741684,0.29435703,-0.037858505,-0.07643831,0.95188123,0.2931199,-0.04647649,-0.10432662,0.9492295,-1.0,0
1763544994973,1009.7487,-0.43130627,4.9782677,5.9138613,0.13263401,0.02932151,0.014355322,46.818752,-5.0625,3.0937502,46.950733,0.3361091,49.741684,0.29562,-0.03720565,-0.07607876,0.95154434,0.29440314,-0.045850232,-0.10392277,0.9489071,-1.0,0
1763544994999,1009.7399,-0.5515456,5.6584272,6.8895345,0.098272875,-0.09789108,-0.014202606,46.537502,-5.71875,3.9375002,46.950733,0.3361091,49.741684,0.29799515,-0.03883383,-0.076643884,0.95069265,0.29672194,-0.047594905,-0.10461479,0.9480224,-1.0,0
1763544995024,1009.7387,-1.0438689,5.8947186,7.285547,0.11476622,-0.032681264,0.045662142,49.350002,-5.6625004,2.4,46.950733,0.3361091,49.741684,0.29914045,-0.039225962,-0.076587446,0.9503213,0.29785213,-0.048039507,-0.10460759,0.9476463,-1.0,0
1763544995050,1009.7387,-0.8117651,6.2733827,7.5439715,0.12896882,-0.16920954,0.1660025,48.112503,-6.15,0.5625,46.950733,0.3361091,49.741684,0.3003474,-0.040411524,-0.075681046,0.9499635,0.29901218,-0.049328998,-0.10390906,0.94729155,-1.0,0
1763544995075,1009.74725,1.4171492,6.5342007,9.311071,-0.030772313,-0.5763509,0.08048143,47.30625,-4.875,2.41875,46.950733,0.3361091,49.741684,0.30090234,-0.050674975,-0.075971924,0.9492724,0.2992439,-0.05969302,-0.10445953,0.94656116,-1.0,0
1763544995100,1009.74725,1.035494,6.9936223,9.741779,-0.22579089,-0.14538582,-0.051007207,47.193752,-6.1312504,2.6625001,46.950733,0.3361091,49.741684,0.29910615,-0.053211253,-0.077032804,0.9496157,0.29739305,-0.062074825,-0.10521385,0.94690764,-1.0,0
1763544995125,1009.77216,-0.20817557,7.4919276,10.353146,-0.35544693,0.20769402,-0.091782436,47.193752,-4.65,3.0375001,46.950733,0.3361091,49.741684,0.29616132,-0.051224902,-0.0774849,0.95061064,0.29452583,-0.05991707,-0.1054224,0.9479191,-1.0,0
1763544995150,1009.8061,0.6646065,7.186843,12.1046915,-0.16577344,-0.5583304,0.09697478,45.16875,-4.59375,2.775,46.950733,0.3361091,49.741684,0.29122785,-0.05448123,-0.078755416,0.95184857,0.28947192,-0.06314963,-0.10713144,0.94907373,-1.0,0
1763544995175,1009.8061,1.817947,6.6245294,12.622738,-0.062995434,-0.43600473,0.07009673,45.131252,-3.24375,3.4875002,46.950733,0.3361091,49.741684,0.28987896,-0.059397735,-0.079647474,0.951892,0.2879651,-0.0680735,-0.10818864,0.9490718,-1.0,0
1763544995200,1009.84076,2.1780667,6.1322064,12.457633,0.0020616686,0.11362085,0.06475167,45.54375,-4.0687504,3.4875002,46.950733,0.3361091,49.741684,0.2892556,-0.05983615,-0.0790491,0.95210403,0.2873427,-0.06843509,-0.107405506,0.94932336,-1.0,0
1763544995225,1009.86224,2.1008983,6.062814,11.143973,0.123929195,0.285732,0.007941242,46.3125,-3.24375,2.4375,46.950733,0.3361091,49.741684,0.28987074,-0.05741268,-0.07775479,0.9521727,0.28804886,-0.06534384,-0.105406135,0.9490485,-1.0,0
1763544995250,1009.86224,1.7318054,4.95733,8.833703,0.31436628,-0.0386372,-0.1414152,47.025,-5.53125,2.6437502,46.950733,0.3361091,49.741684,0.29395473,-0.057406243,-0.07873466,0.95083964,0.29218498,-0.065823995,-0.10600722,0.94818646,-1.0,0
1763544995275,1009.85345,1.1760724,4.4841495,7.021738,0.27236933,0.06582068,-0.17043127,45.43125,-3.8437502,4.7250004,46.950733,0.3361091,49.741684,0.2965458,-0.05713025,-0.07993038,0.9499515,0.29480955,-0.065502726,-0.106791995,0.9473079,-1.0,0
1763544995300,1009.85345,0.80518484,4.429713,5.872585,0.08651373,0.159283,-0.14492767,45.3375,-4.4625,2.60625,46.950733,0.3361091,49.741684,0.29785216,-0.05559487,-0.08073487,0.9495658,0.29617774,-0.063917585,-0.10730592,0.94693124,-1.0,0
1763544995325,1009.81683,1.1916257,4.345964,5.937191,-0.06849321,-0.091477,-0.2538143,47.04375,-3.16875,3.73125,46.950733,0.3361091,49.741684,0.29734936,-0.053903412,-0.08389574,0.9495469,0.29575405,-0.06206273,-0.10998486,0.9468797,-1.0,0
1763544995350,1009.77704,0.80877405,4.2520456,6.000003,-0.029397868,-0.1432478,-0.32177302,45.375,-3.4687502,4.2375,46.950733,0.3361091,49.741684,0.29705918,-0.05460749,-0.0871471,0.94930464,0.29546916,-0.06264266,-0.11285703,0.9465924,-1.0,0
1763544995375,1009.77704,0.24466611,4.2951164,5.7601223,-0.03092503,0.01725693,-0.3017672,45.3375,-3.4875002,5.9437504,46.950733,0.3361091,49.741684,0.2969341,-0.05409882,-0.0900962,0.9490975,0.29537573,-0.062046085,-0.115528055,0.9463386,-1.0,0
1763544995400,1009.74994,0.2536392,4.935197,5.5112686,0.040393434,0.028405212,-0.16584979,46.706253,-3.3375,4.40625,46.950733,0.3361091,49.741684,0.29754895,-0.051057078,-0.09329411,0.9487645,0.29608402,-0.05896152,-0.11852285,0.9459441,-1.0,0
1763544995425,1009.72626,0.46301118,5.2342997,5.7876396,0.08681916,-0.10384701,-0.1508836,43.068752,-4.8187504,3.0187502,46.950733,0.3361091,49.741684,0.29841673,-0.051459406,-0.09490077,0.9483107,0.29694858,-0.05934759,-0.119991995,0.94546354,-1.0,0
1763544995450,1009.72626,0.29790643,5.3904314,5.820541,0.12194388,-0.07269291,-0.115911596,44.49375,-3.45,4.8,46.950733,0.3361091,49.741684,0.29969907,-0.052082967,-0.0962761,0.94773346,0.29822737,-0.059938297,-0.1211405,0.94487715,-1.0,0
1763544995475,1009.70844,0.19142582,5.625526,6.0514483,0.10560325,-0.01924224,-0.041691523,43.331253,-4.0687504,5.26875,46.950733,0.3361091,49.741684,0.30095556,-0.05227453,-0.096844055,0.94726676,0.29948854,-0.060112305,-0.12153677,0.94441617,-1.0,0
1763544995500,1009.70844,0.56590253,6.1944194,7.68455,0.25175264,-0.16646065,0.091324285,44.41875,-3.6937501,5.11875,46.950733,0.3361091,49.741684,0.30422023,-0.054295424,-0.096297696,0.9461653,0.30076772,-0.06047985,-0.12126575,0.944021,-1.0,0
1763544995525,1009.71185,1.0037891,6.5688963,7.5296144,0.36293003,-0.24480405,0.10949751,44.30625,-3.5812502,4.6687503,46.950733,0.3361091,49.741684,0.30726933,-0.057083804,-0.09577672,0.9450681,0.3056981,-0.064974435,-0.12007239,0.9422896,-1.0,0
1763544995550,1009.7199,1.1276177,6.9649086,7.3232336,0.24915648,-0.18112141,0.07987057,43.95,-3.8812501,5.49375,46.950733,0.3361091,49.741684,0.30989555,-0.059725873,-0.09540124,0.9440848,0.30827406,-0.06759839,-0.1194126,0.94134915,-1.0,0
1763544995575,1009.7199,1.5888343,7.1916285,9.957133,-0.123471044,0.17944153,-0.14492767,45.206253,-4.3500004,3.54375,46.950733,0.3361091,49.741684,0.30996516,-0.05870298,-0.095484346,0.9441177,0.30841896,-0.06634895,-0.11879854,0.94146824,-1.0,0
1763544995601,1009.73773,0.09571291,7.1102724,10.180862,-0.09155336,0.2838994,-0.23930627,46.350002,-5.34375,1.6125001,46.950733,0.3361091,49.741684,0.30937204,-0.05581758,-0.09683151,0.94435006,0.3079259,-0.06331113,-0.11972704,0.9417212,-1.0,0
1763544995626,1009.7663,-1.0157533,7.4380894,9.209974,-0.10193806,0.3234529,-0.10919208,46.4625,-4.70625,2.025,46.950733,0.3361091,49.741684,0.3088953,-0.052260723,-0.0972617,0.9446654,0.30753982,-0.059722193,-0.12009874,0.9420344,-1.0,0
1763544995651,1009.7663,-0.22253251,7.327421,10.922039,-0.5121338,-0.18555018,-0.07238748,47.71875,-2.8500001,2.5687501,46.950733,0.3361091,49.741684,0.30293414,-0.049925964,-0.09832306,0.9466103,0.30160898,-0.057390846,-0.12166695,0.9438938,-1.0,0
1763544995676,1009.78925,-0.2428715,6.273981,12.581462,-0.43470666,-0.19394957,-0.12370012,45.525,-2.8125,2.6437502,46.950733,0.3361091,49.741684,0.29847777,-0.051232535,-0.10039171,0.94773823,0.29711297,-0.058631357,-0.123903945,0.9449519,-1.0,0
1763544995701,1009.78925,-1.1856437,5.244469,11.657832,-0.27068946,0.16752967,-0.052381653,46.48125,-2.3625002,3.45,46.950733,0.3361091,49.741684,0.2954294,-0.04971086,-0.10115396,0.94869286,0.29408824,-0.05711234,-0.1249403,0.94585425,-1.0,0
1763544995726,1009.83,-1.378864,4.923831,10.287343,-0.18455753,0.20234896,0.10506874,45.487503,-2.2125,3.54375,46.950733,0.3361091,49.741684,0.29325524,-0.047138564,-0.10008116,0.9496121,0.2919494,-0.054646276,-0.12440974,0.94673204,-1.0,0
1763544995751,1009.8339,0.030508488,4.6115675,8.199007,-0.18547381,-0.100945406,0.09346231,45.5625,-3.3187501,3.2812502,46.950733,0.3361091,49.741684,0.28944448,-0.048042823,-0.09834432,0.95091647,0.28805685,-0.055762615,-0.123727545,0.9479479,-1.0,0
1763544995777,1009.8339,-0.29970104,4.272983,7.7365937,-0.33208138,0.10384701,0.08353576,44.362503,-2.5875,5.0625,46.950733,0.3361091,49.741684,0.28651437,-0.04747329,-0.097720325,0.9518963,0.2851374,-0.05514417,-0.12322716,0.94893146,-1.0,0
1763544995802,1009.8239,-0.24227329,3.7597225,7.9447694,-0.34048074,0.33124143,0.17684536,45.91875,-1.3125,5.6062503,46.950733,0.3361091,49.741684,0.28326225,-0.04483087,-0.09577542,0.9531945,0.28194892,-0.052460525,-0.121469766,0.95026195,-1.0,0
1763544995827,1009.8068,-0.014955142,3.6843486,6.145965,0.2088394,0.13209951,0.3006982,45.487503,0.01875,4.33125,46.950733,0.3361091,49.741684,0.2824547,-0.040518325,-0.089282736,0.9542569,0.2812427,-0.048217665,-0.11531225,0.9514624,-1.0,0
1763544995852,1009.8068,-0.12801601,4.061816,4.113262,0.36109746,-0.11300998,0.33964083,46.2,-0.76875,4.3125,46.950733,0.3361091,49.741684,0.2854034,-0.042234972,-0.08627749,0.9535813,0.28414178,-0.05002366,-0.112321325,0.9508654,-1.0,0
1763544995877,1009.77094,0.5485546,4.5272202,3.1872396,0.1625664,-0.25778493,0.32238388,44.23125,-1.7437501,6.1125,46.950733,0.3361091,49.741684,0.28745413,-0.045484528,-0.08374776,0.95304126,0.28610286,-0.053327817,-0.10977692,0.9503948,-1.0,0
1763544995902,1009.7243,0.47138608,4.6468616,6.9020967,-0.33742642,0.068722285,0.056810424,44.34375,-0.4875,5.5687504,46.950733,0.3361091,49.741684,0.28393567,-0.047968943,-0.0817415,0.95414776,0.28256127,-0.05549408,-0.10705729,0.9516398,-1.0,0
1763544995927,1009.7243,-0.07836494,4.6749773,8.553742,-0.11415535,0.20295982,0.09789108,44.325,-1.85625,7.0312505,46.950733,0.3361091,49.741684,0.28230178,-0.046442576,-0.080549814,0.9548091,0.28098175,-0.05385604,-0.105650336,0.95235854,-1.0,0
1763544995952,1009.73016,-0.6687939,5.3587265,7.4973116,0.21372631,0.13026692,0.19410229,44.475002,-1.3312501,4.51875,46.950733,0.3361091,49.741684,0.28362894,-0.045310687,-0.07850676,0.9546404,0.28233415,-0.0527812,-0.103676856,0.95223564,-1.0,0
1763544995978,1009.73016,-0.07597212,6.151947,6.661618,0.22197299,-0.08781181,0.2490801,43.443752,-0.45000002,6.9,46.950733,0.3361091,49.741684,0.2857529,-0.04628118,-0.076290615,0.95414,0.28441933,-0.053872958,-0.10166758,0.9517705,-1.0,0
1763544996003,1009.7277,0.34337005,6.704689,8.539984,-0.08834632,-0.1226311,0.03008509,43.48125,-1.06875,6.4687505,46.950733,0.3361091,49.741684,0.2866594,-0.049980678,-0.07520356,0.95376766,0.28523424,-0.057559486,-0.10045163,0.95143986,-1.0,0
1763544996029,1009.7419,0.28893334,6.6975107,10.096515,-0.13843723,-0.027336199,0.0030543238,44.850002,-0.91875005,4.4625,46.950733,0.3361091,49.741684,0.28559527,-0.050390985,-0.07539229,0.95405036,0.28416657,-0.057907242,-0.1005332,0.9517296,-1.0,0
1763544996055,1009.7419,0.08733802,6.9852476,10.631909,-0.06513346,0.06108648,0.0013744457,44.831253,-0.93750006,5.8500004,46.950733,0.3361091,49.741684,0.284842,-0.049768366,-0.07530814,0.9543148,0.28342906,-0.057269797,-0.100472264,0.9519945,-1.0,0
1763544996081,1009.77997,0.26739794,7.81795,9.518648,-0.047265664,-0.3251328,0.061239194,43.85625,-0.76875,4.2375,46.950733,0.3361091,49.741684,0.28451258,-0.052123506,-0.07541253,0.9542791,0.28301895,-0.05970357,-0.10087217,0.9519247,-1.0,0
1763544996107,1009.79974,0.6861419,7.768897,10.024133,-0.23419029,-0.37995788,0.041233372,43.237503,-0.09375,5.5125003,46.950733,0.3361091,49.741684,0.28287363,-0.055542618,-0.07626466,0.95450574,0.2812835,-0.06310353,-0.10181752,0.95211905,-1.0,0
1763544996132,1009.79974,1.6935202,7.3100734,12.062818,-0.36567894,-0.3035998,0.04963276,45.54375,-0.46875003,3.7500002,46.950733,0.3361091,49.741684,0.27957758,-0.058396697,-0.076845706,0.95525956,0.27791795,-0.06584385,-0.10233491,0.9528661,-1.0,0
1763544996157,1009.8376,1.9232312,5.8564334,12.360126,0.19051345,-0.27763805,-0.17363831,43.443752,0.80625004,4.6687503,46.950733,0.3361091,49.741684,0.2776764,-0.06299448,-0.07983905,0.9552765,0.27592772,-0.07025937,-0.10487924,0.9528525,-1.0,0
1763544996183,1009.8649,1.46022,5.369494,9.605389,0.24869832,-0.18997894,-0.19379686,40.893753,0.01875,7.5937505,46.950733,0.3361091,49.741684,0.27962413,-0.06487557,-0.08195002,0.95440334,0.27784166,-0.07212846,-0.106752545,0.9519482,-1.0,0
1763544996208,1009.8649,1.5720844,4.7838507,8.509476,0.037949976,-0.073761925,-0.22953244,42.318752,-0.31875002,5.45625,46.950733,0.3361091,49.741684,0.28032854,-0.065519124,-0.08408915,0.9539665,0.27854145,-0.07274294,-0.10871843,0.95147437,-1.0,0
1763544996233,1009.8483,-0.46899325,3.4366915,8.185248,-0.057497647,0.3358229,-0.11728604,42.43125,0.93750006,5.8500004,46.950733,0.3361091,49.741684,0.2787558,-0.060386255,-0.08717676,0.9544888,0.2771226,-0.06748611,-0.1115264,0.9519509,-1.0,0
1763544996258,1009.8483,-0.12083755,3.4007993,7.1545396,0.092469655,0.1802051,0.14034618,42.75,0.975,4.7250004,46.950733,0.3361091,49.741684,0.27904716,-0.058137223,-0.085781276,0.9546698,0.27744818,-0.065343425,-0.110472895,0.9521284,-1.0,0
1763544996283,1009.7968,1.1120644,3.7854455,6.471389,0.25648686,-0.18249585,0.20112723,42.65625,-0.0375,6.01875,46.950733,0.3361091,49.741684,0.280559,-0.059570212,-0.08406065,0.9542913,0.27890024,-0.06690748,-0.10905837,0.95175856,-1.0,0
1763544996308,1009.76044,0.9026923,4.229314,4.2484565,-0.0025198173,0.037568185,-0.08796453,43.612503,-1.1812501,5.83125,46.950733,0.3361091,49.741684,0.28371948,-0.063621834,-0.08433265,0.9530706,0.28198975,-0.07089618,-0.10881141,0.950587,-1.0,0
1763544996333,1009.76044,0.381057,4.2963133,5.104489,-0.24579671,0.29290965,-0.089797124,42.581253,-0.3,7.9125004,46.950733,0.3361091,49.741684,0.28232983,-0.060890112,-0.08453967,0.9536432,0.28069687,-0.06802204,-0.108668484,0.9511958,-1.0,0
1763544996358,1009.73553,0.3894319,4.403392,6.632306,-0.16775873,0.10522146,-0.049327333,41.5875,-0.15,7.2187505,46.950733,0.3361091,49.741684,0.28072923,-0.058898166,-0.08474901,0.954222,0.2791569,-0.06594945,-0.10875351,0.951785,-1.0,0
1763544996383,1009.73553,0.8602197,4.7712884,6.600601,0.102396205,-0.13041963,-0.012522728,43.256252,-0.09375,5.0437503,46.950733,0.3361091,49.741684,0.28111523,-0.059705887,-0.08510408,0.9540266,0.279525,-0.06675575,-0.10906653,0.95158494,-1.0,0
1763544996408,1009.7238,0.34337005,5.4059844,6.0161543,-0.044669487,0.18173227,-0.046883874,43.0125,0.26250002,5.6625004,46.950733,0.3361091,49.741684,0.2828489,-0.060080905,-0.08596319,0.9534134,0.28127795,-0.067051694,-0.109495565,0.9509982,-1.0,0
1763544996433,1009.7316,0.12801601,5.5926247,7.4907312,-0.043600474,0.25411975,0.059253883,42.7125,0.95625,6.9,46.950733,0.3361091,49.741684,0.2827088,-0.05761102,-0.085021,0.9536919,0.28120914,-0.06453444,-0.10840946,0.951317,-1.0,0
1763544996458,1009.7316,0.94636136,6.02094,8.41795,0.19601123,0.04367683,0.16737695,43.125,-1.4625001,4.9875,46.950733,0.3361091,49.741684,0.28405458,-0.057096276,-0.08330123,0.95347464,0.28256735,-0.06405204,-0.10668201,0.95114243,-1.0,0
1763544996483,1009.74384,1.1174482,6.695118,8.019546,0.2850448,-0.007788526,0.083383046,41.193752,-0.056250002,5.71875,46.950733,0.3361091,49.741684,0.29040304,-0.059808303,-0.08106918,0.9515865,0.28887594,-0.06679554,-0.10399826,0.94935423,-1.0,0
1763544996508,1009.7695,1.2430713,6.8219376,9.6783695,0.11064288,0.1632536,0.08048143,41.100002,-1.3125,5.175,46.950733,0.3361091,49.741684,0.29191688,-0.05918022,-0.07984124,0.9512663,0.29042256,-0.066125,-0.10250423,0.94909173,-1.0,0
1763544996533,1009.7695,1.0217353,6.972087,10.829915,0.18409938,0.28313583,0.0707076,41.325,-0.91875005,5.2875004,46.950733,0.3361091,49.741684,0.29352582,-0.057174914,-0.07832253,0.95102006,0.29209402,-0.06408932,-0.10075493,0.9489057,-1.0,0
1763544996558,1009.8007,0.86201435,7.346564,10.17847,0.27939427,0.29810202,0.07147118,43.050003,-0.99375004,6.9750004,46.950733,0.3361091,49.741684,0.29608545,-0.054959163,-0.07660104,0.9504973,0.29471338,-0.061896104,-0.098897636,0.9484367,-1.0,0
1763544996583,1009.8007,0.0741775,7.8849487,9.425328,-0.23831362,0.1876882,-0.035888307,42.037502,-1.5937501,6.6375003,46.950733,0.3361091,49.741684,0.2972585,-0.04985778,-0.074746564,0.9505601,0.29601994,-0.05675071,-0.09681134,0.94856685,-1.0,0
1763544996608,1009.82904,0.23030917,6.9248285,12.230315,-0.4322632,-0.00763581,-0.092546016,42.956253,-2.98125,5.7000003,46.950733,0.3361091,49.741684,0.2937881,-0.04909557,-0.07566392,0.95160556,0.2925678,-0.05591,-0.09775895,0.9495901,-1.0,0
1763544996633,1009.8642,-0.4534399,5.738587,13.368102,-0.24594943,0.14966187,-0.10262528,42.862503,-0.61875004,4.65,46.950733,0.3361091,49.741684,0.29087305,-0.0476481,-0.07666317,0.95249426,0.289681,-0.05442816,-0.09888683,0.95044404,-1.0,0
1763544996658,1009.8642,-0.35174492,5.2169514,10.007382,0.20502149,0.08552107,0.22785257,43.425003,-0.69375,5.0625,46.950733,0.3361091,49.741684,0.29138398,-0.043470226,-0.073441915,0.9527917,0.2891951,-0.05155342,-0.09830237,0.9508129,-1.0,0
1763544996683,1009.84686,0.6047859,5.1385865,8.284551,0.2135736,-0.06582068,0.20387612,43.6875,-0.90000004,3.9562502,46.950733,0.3361091,49.741684,0.2930034,-0.04459133,-0.071583055,0.95238465,0.29180598,-0.051852304,-0.095206894,0.95031375,-1.0,0
1763544996708,1009.81415,0.4743771,4.996214,6.84766,0.03459022,0.12339468,0.10308343,43.3125,-2.7,5.1937504,46.950733,0.3361091,49.741684,0.29367936,-0.044409767,-0.07022271,0.9522862,0.29248348,-0.051702954,-0.093894474,0.9502442,-1.0,0
1763544996733,1009.81415,0.078963146,4.7569313,6.230312,-0.20181446,0.33078328,0.07864884,44.568752,-1.6875001,3.91875,46.950733,0.3361091,49.741684,0.29251224,-0.041904498,-0.06871595,0.9528687,0.2913866,-0.049124397,-0.09225576,0.95087826,-1.0,0
1763544996758,1009.7868,0.08793623,4.430311,6.6514487,-0.28870997,0.32223117,0.082466744,44.30625,-0.73125005,4.8187504,46.950733,0.3361091,49.741684,0.29013523,-0.03872788,-0.06708865,0.95384526,0.28909087,-0.045877744,-0.090612814,0.95189863,-1.0,0
1763544996783,1009.76215,-0.44027936,3.92722,5.8594246,-0.024358233,0.021380268,0.13668099,46.3125,-0.26250002,3.4875002,46.950733,0.3361091,49.741684,0.28802222,-0.036549192,-0.06477435,0.9547312,0.28702983,-0.043663606,-0.08837435,0.95283645,-1.0,0
1763544996808,1009.76215,-0.018544376,4.0348973,5.797809,-0.014889829,-0.035582874,0.23167047,47.15625,0.20625001,3.3750002,46.950733,0.3361091,49.741684,0.28782082,-0.03732153,-0.0629797,0.9548821,0.28680128,-0.044483088,-0.08675797,0.9530159,-1.0,0
1763544996835,1009.73895,0.25244278,4.4404807,6.5318074,0.065286174,0.12202024,0.1875355,47.568752,-2.0062501,4.0875,46.950733,0.3361091,49.741684,0.2880088,-0.03722372,-0.058506645,0.95511377,0.28699064,-0.04439665,-0.08231419,0.95335704,-1.0,0
1763544996860,1009.73895,-0.036490545,4.601398,6.5485573,0.16668972,0.076816246,0.18982624,47.90625,0.28125,2.98125,46.950733,0.3361091,49.741684,0.28931242,-0.03694985,-0.056496896,0.9548513,0.288303,-0.044140372,-0.0802489,0.9531491,-1.0,0
1763544996885,1009.72577,0.1794617,5.0368915,6.478567,0.24549128,0.032681264,0.21456626,47.79375,-1.725,2.8125,46.950733,0.3361091,49.741684,0.2914173,-0.03725799,-0.054381467,0.954322,0.2903969,-0.044517834,-0.078176774,0.95266795,-1.0,0
1763544996911,1009.7287,0.5024927,5.925227,6.2691956,0.1392008,-0.058795735,0.08842268,46.612503,-2.4562502,2.9625,46.950733,0.3361091,49.741684,0.2957551,-0.03819224,-0.05137671,0.9531163,0.29471073,-0.04555541,-0.07512796,0.9515388,-1.0,0
1763544996937,1009.7287,0.7004988,5.9581285,7.946564,-0.019929463,-0.06963859,-0.05131264,47.756252,-1.3312501,1.0875001,46.950733,0.3361091,49.741684,0.29617092,-0.03896534,-0.051773295,0.9529344,0.29511273,-0.04630329,-0.07540592,0.9513561,-1.0,0
1763544996963,1009.7519,0.15194423,5.876174,9.648459,-0.035964664,0.0012217296,-0.14492767,46.7625,-1.5937501,4.2937503,46.950733,0.3361091,49.741684,0.2959303,-0.038736913,-0.05300574,0.9529507,0.29488418,-0.046028588,-0.076508135,0.9513523,-1.0,0
1763544996989,1009.7707,-0.1268196,6.5928245,9.3200445,0.08452842,0.08628465,-0.037415467,45.09375,-2.7375002,2.8312502,46.950733,0.3361091,49.741684,0.29691106,-0.037247173,-0.05438269,0.9526274,0.2958881,-0.04465168,-0.07816007,0.95097184,-1.0,0
1763544997015,1009.7707,0.005383851,7.3286176,8.724232,-0.064522594,0.07177661,-0.053603385,47.60625,-1.2375001,2.79375,46.950733,0.3361091,49.741684,0.2967678,-0.03603304,-0.054587007,0.95270705,0.29576758,-0.043486316,-0.0785334,0.9510326,-1.0,0
1763544997039,1009.7858,0.23330021,7.600801,9.329616,-0.21662793,-0.107359484,-0.09315688,46.125,-0.41250002,4.4437504,46.950733,0.3361091,49.741684,0.29527852,-0.03620457,-0.05563666,0.9531025,0.2942707,-0.04364563,-0.079674475,0.9513947,-1.0,0
1763544997064,1009.8215,0.7531409,6.899704,11.49871,-0.36109746,-0.14630212,-0.06444623,49.256252,-0.31875002,2.71875,46.950733,0.3361091,49.741684,0.2896033,-0.038917206,-0.05863025,0.95455635,0.28852776,-0.046220176,-0.082723685,0.9527708,-1.0,0
1763544997089,1009.8215,0.8961121,5.9497533,12.534204,-0.25495967,0.024587307,-0.06658426,48.093754,-0.31875002,2.23125,46.950733,0.3361091,49.741684,0.28674355,-0.038675666,-0.059421748,0.95538026,0.28567526,-0.045905355,-0.083532,0.9535747,-1.0,0
1763544997115,1009.84,0.5694918,5.354539,11.804392,-0.0029779659,-0.020769402,0.016646065,48.787502,-1.9687501,1.1625,46.950733,0.3361091,49.741684,0.2857362,-0.038474597,-0.059472796,0.9556869,0.28467473,-0.045670096,-0.08356122,0.95388263,-1.0,0
1763544997140,1009.84,1.5290136,4.7916274,8.505288,0.16562071,-0.18829907,0.15439607,47.943752,-0.20625001,2.8500001,46.950733,0.3361091,49.741684,0.28749683,-0.04286555,-0.057902705,0.9550683,0.28527957,-0.047652345,-0.08309181,0.95364594,-1.0,0
1763544997165,1009.83026,1.6516458,4.7024946,7.328019,-0.017791437,-0.14462224,0.11682789,48.0,-1.5562501,1.06875,46.950733,0.3361091,49.741684,0.28749782,-0.044816546,-0.0570247,0.9550312,0.2862806,-0.05202814,-0.0810097,0.95329636,-1.0,0
1763544997190,1009.8188,2.0261226,4.564309,8.088339,-0.16959134,-0.16493349,0.03649917,49.050003,-1.21875,3.8812501,46.950733,0.3361091,49.741684,0.28587374,-0.04661071,-0.056840792,0.95544374,0.284631,-0.053680215,-0.080498785,0.9537419,-1.0,0
1763544997216,1009.8188,1.847259,4.434499,8.280363,-0.053527027,-0.14294235,-0.09392046,47.53125,-2.25,3.0187502,46.950733,0.3361091,49.741684,0.28476745,-0.04819275,-0.057772953,0.9556397,0.28350928,-0.05511347,-0.08102875,0.95394933,-1.0,0
1763544997241,1009.7885,0.37567315,4.447659,5.369494,0.11797326,0.194255,-0.24205516,48.881252,-1.3687501,3.7500002,46.950733,0.3361091,49.741684,0.28636885,-0.046464946,-0.060960054,0.95504856,0.2851899,-0.053224288,-0.08352895,0.9533398,-1.0,0
1763544997266,1009.7492,-0.10289137,4.645665,4.6564326,0.0881936,0.08536835,-0.20189081,47.30625,-1.66875,6.5625005,46.950733,0.3361091,49.741684,0.28757897,-0.044643812,-0.062485047,0.9546732,0.28644836,-0.05140132,-0.08494164,0.95293766,-1.0,0
1763544997292,1009.7492,0.2632105,4.714459,5.159524,0.061162837,-0.19440772,-0.14782928,45.84375,-1.8000001,4.55625,46.950733,0.3361091,49.741684,0.2884586,-0.0454311,-0.06429415,0.95425045,0.2873073,-0.05221934,-0.08677424,0.95246935,-1.0,0
1763544997317,1009.72797,0.4642076,4.831707,6.2027946,-0.034284785,0.06398808,-0.20769402,45.3375,-1.3687501,5.6625004,46.950733,0.3361091,49.741684,0.28940278,-0.0469215,-0.068393186,0.9536072,0.2882243,-0.05368748,-0.090711325,0.9517436,-1.0,0
1763544997342,1009.72797,0.07597212,4.90409,7.4291162,-0.022983788,0.20326525,-0.17318016,47.381252,-2.15625,5.0437503,46.950733,0.3361091,49.741684,0.28930005,-0.04458292,-0.06955769,0.9536664,0.2881867,-0.051289205,-0.09168557,0.9517939,-1.0,0
1763544997367,1009.73114,-0.27696922,4.9986067,7.5990067,0.22991423,0.04367683,-0.07941242,47.550003,-1.2750001,5.5875,46.950733,0.3361091,49.741684,0.29088712,-0.04338809,-0.070222944,0.95318985,0.28980124,-0.050130494,-0.092336096,0.95130235,-1.0,0
1763544997392,1009.73456,0.81834537,6.125626,6.925427,0.22166756,-0.12599087,0.028863361,45.99375,-1.6875001,5.775,46.950733,0.3361091,49.741684,0.2966643,-0.0467152,-0.070522055,0.95122796,0.2954909,-0.053639032,-0.09274439,0.94931895,-1.0,0
1763544997419,1009.73456,0.81834537,6.125626,6.925427,0.22166756,-0.12599087,0.028863361,45.506252,-0.4875,5.6062503,46.950733,0.3361091,49.741684,0.2966643,-0.0467152,-0.070522055,0.95122796,0.2954909,-0.053639032,-0.09274439,0.94931895,-1.0,0
1763544997445,1009.7609,0.3068795,6.4163537,10.183853,0.14973822,0.18707734,-0.022143848,46.518753,-2.11875,4.8187504,46.950733,0.3361091,49.741684,0.29871392,-0.04481709,-0.0703443,0.9506908,0.2976112,-0.051634632,-0.0920608,0.9488341,-1.0,0
1763544997470,1009.77045,0.8745767,7.0337024,8.648857,0.2729802,0.1188132,0.0537561,45.206253,-1.8937501,7.1062503,46.950733,0.3361091,49.741684,0.30448052,-0.04305327,-0.06837137,0.94908553,0.3034154,-0.05001088,-0.09007594,0.94727206,-1.0,0
1763544997495,1009.77045,0.6759724,7.475178,8.926425,0.040240716,0.2084576,-0.030695954,45.75,-1.4625001,6.24375,46.950733,0.3361091,49.741684,0.30561563,-0.041463148,-0.0678227,0.94883084,0.3045936,-0.048403163,-0.08938481,0.9470429,-1.0,0
1763544997521,1009.79144,-0.24765715,7.665407,9.84168,-0.13202316,0.15775582,-0.02443459,46.987503,-1.81875,5.68125,46.950733,0.3361091,49.741684,0.30502707,-0.039586164,-0.06761121,0.94911546,0.3040576,-0.046449397,-0.088980794,0.947351,-1.0,0
1763544997546,1009.79144,0.21296121,7.5996046,11.236695,-0.15340342,-0.08994984,0.047647454,46.5,-2.11875,5.90625,46.950733,0.3361091,49.741684,0.30369157,-0.039739713,-0.06745005,0.94954866,0.30271327,-0.046610158,-0.08894635,0.94777673,-1.0,0
1763544997570,1009.8244,0.802792,6.37089,11.867204,-0.03657553,-0.026572619,-0.1018617,46.612503,-2.98125,5.625,46.950733,0.3361091,49.741684,0.30165458,-0.04171992,-0.06880357,0.95001584,0.30062371,-0.048594374,-0.09046995,0.94819784,-1.0,0
1763544997597,1009.83417,0.2739782,5.8247285,10.530812,0.0193186,0.027030766,-0.13332124,47.550003,-2.0062501,4.70625,46.950733,0.3361091,49.741684,0.30146882,-0.041150235,-0.06987021,0.9500218,0.3004529,-0.048009004,-0.091499835,0.948183,-1.0,0
1763544997621,1009.83417,-0.6897311,4.8616176,8.651849,-0.13965896,0.06811142,-0.15592323,45.7125,-1.7062501,4.7250004,46.950733,0.3361091,49.741684,0.29993135,-0.03976131,-0.07278959,0.9503483,0.29893273,-0.04667961,-0.09472478,0.94841313,-1.0,0
1763544997646,1009.83075,-1.308874,4.4398823,8.288139,-0.19814926,0.2084576,-0.07574723,47.41875,-1.1625,6.20625,46.950733,0.3361091,49.741684,0.29810426,-0.037461296,-0.07337219,0.95097166,0.2971493,-0.04440518,-0.09553618,0.9490012,-1.0,0
1763544997674,1009.80927,-1.6630118,4.194618,8.093124,-0.106977694,0.23273948,0.1036943,46.256252,-1.7812501,6.675,46.950733,0.3361091,49.741684,0.29669538,-0.034913648,-0.07241037,0.95158273,0.29577824,-0.041980408,-0.095086634,0.94958484,-1.0,0
1763544997699,1009.80927,-0.7752745,4.1521454,7.609774,0.13400847,0.089797124,0.31337363,47.53125,-0.54375005,6.7875004,46.950733,0.3361091,49.741684,0.2970488,-0.03404529,-0.069689654,0.95170707,0.29612762,-0.041298054,-0.09293836,0.9497186,-1.0,0
1763544997724,1009.77826,0.5521438,4.631308,4.862814,0.4076759,-0.205556,0.29153523,47.49375,-0.7875,6.1875005,46.950733,0.3361091,49.741684,0.30323252,-0.03814479,-0.06403482,0.9499971,0.30218756,-0.045690846,-0.087693095,0.948106,-1.0,0
1763544997749,1009.74164,1.0869397,4.514658,4.534997,0.24610215,-0.16004658,0.15363249,45.075,-2.0062501,4.8,46.950733,0.3361091,49.741684,0.305922,-0.04071634,-0.062680215,0.9491181,0.30481994,-0.048279468,-0.08616421,0.94727486,-1.0,0
1763544997774,1009.74164,0.74416786,4.265805,5.2235317,0.03886627,0.06291907,-0.00641408,45.693752,-2.4562502,6.0,46.950733,0.3361091,49.741684,0.30693647,-0.04104106,-0.0623317,0.94879943,0.30584478,-0.048511323,-0.085442886,0.94699794,-1.0,0
1763544997799,1009.7265,-0.5461618,4.6504507,6.660422,0.16562071,0.2780962,0.06902772,46.40625,-2.4,7.7812505,46.950733,0.3361091,49.741684,0.30811575,-0.03612879,-0.060572796,0.9487309,0.3060046,-0.04622635,-0.08471583,0.9471259,-1.0,0
1763544997824,1009.7109,-0.31226337,5.148158,5.727819,0.36934412,0.018631376,0.1075122,45.61875,-2.71875,6.7875004,46.950733,0.3361091,49.741684,0.31114984,-0.035602815,-0.059299033,0.94784063,0.31019238,-0.04315631,-0.0823234,0.94611895,-1.0,0
1763544997849,1009.7109,0.07776674,5.7631135,5.1158547,0.30917394,-0.18188499,0.073761925,44.643753,-2.5687501,6.1125,46.950733,0.3361091,49.741684,0.31434315,-0.03735557,-0.05887573,0.9467453,0.3133373,-0.04501983,-0.08197511,0.94502544,-1.0,0
1763544997874,1009.72894,-0.45942193,5.8420763,7.9166536,-0.06620247,0.014966187,0.012217295,44.8875,-3.4125001,6.9187503,46.950733,0.3361091,49.741684,0.31556112,-0.038723607,-0.05936607,0.9462544,0.31452543,-0.046391014,-0.08237466,0.94452953,-1.0,0
1763544997899,1009.72894,-0.46959144,6.0167527,9.175877,0.011988222,-0.09407318,0.10797035,45.206253,-2.6437502,6.3750005,46.950733,0.3361091,49.741684,0.3153761,-0.039193146,-0.0588537,0.9463287,0.31432134,-0.04690737,-0.0820189,0.9446029,-1.0,0
1763544997924,1009.7507,0.3822534,6.769295,9.661021,0.13981168,-0.33826637,0.18310672,46.706253,-1.85625,5.4,46.950733,0.3361091,49.741684,0.31603146,-0.042123012,-0.058177955,0.9460259,0.31489024,-0.049943782,-0.08160995,0.94429314,-1.0,0
1763544997949,1009.76605,1.1712867,7.5996046,9.30808,0.16974404,-0.3434587,0.14828743,43.95,-2.49375,4.65,46.950733,0.3361091,49.741684,0.31722647,-0.046067894,-0.05778658,0.9454659,0.31598032,-0.053956877,-0.08132367,0.9437328,-1.0,0
1763544997974,1009.76605,0.59581286,8.151749,8.499306,-0.16302454,-0.13942988,0.047494736,45.318752,-1.3875,6.4500003,46.950733,0.3361091,49.741684,0.31710237,-0.050208822,-0.05780261,0.94529575,0.31578043,-0.057944253,-0.080889694,0.9436006,-1.0,0
1763544997999,1009.7785,1.2675978,7.84128,9.363115,-0.37270388,-0.1574504,0.058032155,46.65,-2.2125,3.5625002,46.950733,0.3361091,49.741684,0.31431037,-0.05145966,-0.057796475,0.9461609,0.3129655,-0.05909053,-0.08079623,0.94447494,-1.0,0
1763544998024,1009.80585,2.003989,7.164111,10.835897,-0.4076759,-0.23533566,-0.05054906,44.60625,0.056250002,4.89375,46.950733,0.3361091,49.741684,0.31060058,-0.0533865,-0.05880445,0.9472166,0.30922392,-0.060855474,-0.081612244,0.9455245,-1.0,0
1763544998049,1009.80585,0.7585248,5.6321063,10.797014,-0.23785548,0.12889247,-0.16126831,43.78125,-1.0500001,6.43125,46.950733,0.3361091,49.741684,0.30478203,-0.052488737,-0.061963134,0.94895387,0.30347192,-0.059598066,-0.08412609,0.9472464,-1.0,0
1763544998074,1009.8188,0.8321041,5.3515477,10.576276,-0.067576915,-0.07208204,-0.0632245,44.9625,-1.03125,5.3812504,46.950733,0.3361091,49.741684,0.30330676,-0.05201626,-0.06272367,0.94940245,0.3020086,-0.05908878,-0.08488921,0.94767773,-1.0,0
1763544998099,1009.8188,1.5020944,4.935795,9.540184,0.15920663,-0.45265082,-0.050854493,44.081253,-0.375,4.6687503,46.950733,0.3361091,49.741684,0.30370295,-0.055402473,-0.06420034,0.94898546,0.30232006,-0.06251007,-0.08643954,0.9472187,-1.0,0
1763544998125,1009.8112,1.7593229,4.6785665,6.893722,-0.14347686,-0.2545779,-0.16294818,44.025,-0.63750005,5.45625,46.950733,0.3361091,49.741684,0.30350533,-0.062789395,-0.06860416,0.9482803,0.3019792,-0.06976087,-0.0904198,0.9464493,-1.0,0
1763544998149,1009.78876,1.3806586,4.5481577,7.365108,-0.32933247,0.033902995,-0.20861033,42.956253,-0.0,6.0,46.950733,0.3361091,49.741684,0.30066928,-0.062457222,-0.07061705,0.9490576,0.29917973,-0.069241725,-0.09206457,0.9472176,-1.0,0
1763544998175,1009.78876,0.97507524,4.517649,7.0857463,-0.20715952,0.084452055,-0.20906848,43.893753,0.95625,6.3,46.950733,0.3361091,49.741684,0.29836857,-0.060947515,-0.07233381,0.9497523,0.29693368,-0.06759283,-0.09351718,0.9479009,-1.0,0
1763544998200,1009.75287,0.85842514,4.5397825,5.581259,-0.0009926553,-0.03924806,-0.19761476,41.756252,-0.975,4.4812503,46.950733,0.3361091,49.741684,0.29795536,-0.06051912,-0.074158266,0.94976866,0.29654112,-0.06710681,-0.095186494,0.9478922,-1.0,0
1763544998226,1009.7111,0.74835527,4.8969116,4.359723,-0.23403756,-0.18249585,-0.23655738,43.74375,0.84375006,4.6312504,46.950733,0.3361091,49.741684,0.29720768,-0.062175352,-0.07917847,0.9494907,0.29578903,-0.06860759,-0.099755675,0.9475498,-1.0,0
1763544998251,1009.7111,0.6987042,4.930411,6.4534426,-0.35514152,0.045967575,-0.22113305,40.59375,0.50625,4.6687503,46.950733,0.3361091,49.741684,0.29447454,-0.061555937,-0.08151168,0.95018494,0.293092,-0.06783416,-0.10179644,0.9482263,-1.0,0
1763544998276,1009.7177,0.5407779,5.0416775,7.60439,-0.1683696,0.13591741,-0.1725693,43.18125,0.90000004,4.21875,46.950733,0.3361091,49.741684,0.2926829,-0.059527215,-0.08290773,0.95074683,0.29135603,-0.06571452,-0.10303129,0.948777,-1.0,0
1763544998302,1009.7177,0.7800602,5.914459,6.9732833,0.2842812,-0.2658789,-0.092851445,40.36875,0.75,4.21875,46.950733,0.3361091,49.741684,0.2956818,-0.061991625,-0.08584744,0.9493996,0.29430842,-0.06821454,-0.105853714,0.9473776,-1.0,0
1763544998329,1009.7253,1.2861422,6.352346,7.2807612,0.25266895,-0.1423315,-0.11071924,41.9625,-0.09375,3.9375002,46.950733,0.3361091,49.741684,0.29813346,-0.06371949,-0.08712886,0.94840115,0.29673174,-0.06995725,-0.106997386,0.9463656,-1.0,0
1763544998354,1009.7409,0.9876375,6.5258255,7.9537425,0.2616792,0.09850194,-0.14553854,41.49375,0.71250004,5.7937503,46.950733,0.3361091,49.741684,0.30074826,-0.063356325,-0.08811209,0.9475087,0.2993775,-0.06954616,-0.10763691,0.9454897,-1.0,0
1763544998379,1009.7409,-0.1363909,6.8392854,7.7204423,0.37346745,0.1802051,-0.057726722,42.9,0.15,2.90625,46.950733,0.3361091,49.741684,0.30810472,-0.05906044,-0.08821769,0.94541043,0.3029503,-0.06723538,-0.10762896,0.9445192,-1.0,0
1763544998404,1009.757,0.34576288,7.083353,8.269595,0.30382887,-0.08491021,0.019089524,42.2625,-0.16875,2.3625002,46.950733,0.3361091,49.741684,0.31127518,-0.059359103,-0.08807039,0.94436634,0.31000143,-0.065687545,-0.10728912,0.94237643,-1.0,0
1763544998429,1009.77704,1.4673985,7.155138,9.214162,0.18257222,-0.26725334,-0.04367683,43.10625,-1.9312501,0.375,46.950733,0.3361091,49.741684,0.31324473,-0.06165507,-0.08884771,0.94349486,0.31192088,-0.0680367,-0.10808937,0.9414845,-1.0,0
1763544998454,1009.77704,-0.28055847,7.1132636,9.212367,-0.09842559,0.38683012,-0.1632536,42.412502,-2.90625,3.43125,46.950733,0.3361091,49.741684,0.31395027,-0.05971702,-0.0915728,0.94312435,0.31269982,-0.06595237,-0.11032153,0.94111544,-1.0,0
1763544998479,1009.7956,-0.35653058,7.522436,9.68136,-0.31757334,0.3762927,-0.027947064,41.943752,-0.31875002,1.48125,46.950733,0.3361091,49.741684,0.31183174,-0.055303995,-0.090909384,0.94415987,0.31066254,-0.061533306,-0.10978574,0.94215155,-1.0,0
1763544998504,1009.8161,0.24586253,7.1635127,10.851451,-0.32368198,0.12079851,-0.06918044,44.30625,-1.6875001,1.7812501,46.950733,0.3361091,49.741684,0.3090436,-0.053103674,-0.09109868,0.9451842,0.30790538,-0.05934823,-0.11021175,0.9431466,-1.0,0
1763544998529,1009.8161,-0.3152544,6.355935,10.627124,-0.26656613,0.16432263,-0.14645483,42.862503,-0.09375,1.8375001,46.950733,0.3361091,49.741684,0.30662417,-0.051239323,-0.092169024,0.9459709,0.30551755,-0.057470527,-0.111406684,0.9438987,-1.0,0
1763544998554,1009.81854,-1.1928221,5.4370914,9.412168,-0.21097742,0.3168861,0.23319763,44.5125,-0.0375,0.43125,46.950733,0.3361091,49.741684,0.30244076,-0.04417346,-0.08966915,0.9479123,0.30144203,-0.05054119,-0.1096378,0.9458107,-1.0,0
1763544998579,1009.81854,0.0741775,5.5190454,9.262616,-0.18104506,-0.046883874,0.3084867,42.018753,0.16875,2.8312502,46.950733,0.3361091,49.741684,0.3003701,-0.044056784,-0.08690959,0.9488327,0.2993408,-0.050579637,-0.10752685,0.9467179,-1.0,0
1763544998604,1009.8132,0.5910272,5.2689953,8.4682,-0.20609051,-0.20815217,0.20143266,44.362503,1.5375,2.5125,46.950733,0.3361091,49.741684,0.2982349,-0.04630325,-0.08551003,0.9495262,0.29714617,-0.052841395,-0.10634124,0.9474194,-1.0,0
1763544998629,1009.8039,0.38703907,4.54397,8.557332,-0.44906196,0.16096286,0.073761925,44.71875,1.0875001,1.8937501,46.950733,0.3361091,49.741684,0.29055083,-0.04606642,-0.08391412,0.9520591,0.2894765,-0.052395184,-0.1046678,0.9500014,-1.0,0
1763544998654,1009.8039,0.28713873,4.2161536,8.34796,-0.21693335,0.22785257,0.107817635,44.643753,2.0812502,0.45000002,46.950733,0.3361091,49.741684,0.2877571,-0.044030778,-0.08254351,0.95312315,0.28672892,-0.05029298,-0.10330053,0.9510973,-1.0,0
1763544998679,1009.7797,0.54675996,4.210171,6.6011996,0.099341884,0.14202607,0.15363249,43.875,1.35,3.1875002,46.950733,0.3361091,49.741684,0.28784463,-0.042793695,-0.08069597,0.95331126,0.28684035,-0.049075957,-0.10151676,0.95131934,-1.0,0
1763544998704,1009.74457,1.2490535,4.165306,4.019344,0.07353285,-0.15913028,0.011148282,43.95,0.99375004,2.2875001,46.950733,0.3361091,49.741684,0.29068047,-0.044714846,-0.07906441,0.952499,0.28965223,-0.050952487,-0.09951942,0.95057946,-1.0,0
1763544998729,1009.74457,0.92662054,4.0444684,4.7605205,-0.11217005,-0.15775582,-0.15897755,42.525,0.4875,2.775,46.950733,0.3361091,49.741684,0.2902413,-0.046254415,-0.0806255,0.9524285,0.28920418,-0.05234896,-0.10064053,0.95052195,-1.0,0
1763544998754,1009.72186,0.093918286,4.119244,6.005387,-0.22655447,0.061544627,-0.22983788,41.643753,-0.35625002,1.5187501,46.950733,0.3361091,49.741684,0.28857642,-0.045696642,-0.08270584,0.95278287,0.28757346,-0.05163394,-0.10232329,0.9508761,-1.0,0
1763544998779,1009.72186,-0.9128618,4.267599,6.747162,-0.17722714,0.18188499,-0.16096286,43.893753,2.8500001,2.6437502,46.950733,0.3361091,49.741684,0.28701726,-0.043324754,-0.08402662,0.953249,0.2860684,-0.049201753,-0.10355806,0.9513253,-1.0,0
1763544998804,1009.727,-0.6041877,5.174479,7.520642,0.19219333,-0.15821397,0.050243627,44.86875,1.21875,2.6437502,46.950733,0.3361091,49.741684,0.287653,-0.043376,-0.0845094,0.9530123,0.28666946,-0.049460724,-0.10468176,0.9510079,-1.0,0
1763544998829,1009.7292,-0.6939186,5.5860443,7.21436,0.2757291,-0.17272201,0.088269964,43.256252,1.9125,3.2250001,46.950733,0.3361091,49.741684,0.2899694,-0.045236867,-0.08430637,0.9522415,0.2889323,-0.051446855,-0.10471436,0.9502138,-1.0,0
1763544998854,1009.7292,-0.41694933,5.9617176,7.556534,0.23968807,-0.15607595,0.16386448,45.487503,1.2750001,2.2687502,46.950733,0.3361091,49.741684,0.29225793,-0.046967756,-0.08335058,0.9515419,0.29116958,-0.053300366,-0.103984885,0.94950855,-1.0,0
1763544998879,1009.7514,0.42831525,6.381658,8.800203,0.17890702,-0.3103193,0.18723005,44.943752,0.73125005,1.8937501,46.950733,0.3361091,49.741684,0.29389015,-0.04986708,-0.08234786,0.9509788,0.292727,-0.056294475,-0.103164785,0.9489462,-1.0,0
1763544998904,1009.7797,1.0612168,7.0002027,8.941978,0.18257222,-0.16707152,-0.0876591,42.24375,-0.1875,3.45,46.950733,0.3361091,49.741684,0.29673666,-0.05600896,-0.08319151,0.94967866,0.29544914,-0.062445752,-0.10381458,0.94764596,-1.0,0
1763544998930,1009.7797,0.58504516,7.57448,7.7443705,-0.08834632,-0.082466744,-0.17989968,43.706253,-0.15,3.45,46.950733,0.3361091,49.741684,0.2968155,-0.05638399,-0.08480435,0.9494891,0.2955379,-0.06273725,-0.10514991,0.9474518,-1.0,0
1763544998955,1009.7939,0.6897311,7.6331043,8.719446,-0.416228,-0.18203771,-0.25014913,43.59375,0.6,2.025,46.950733,0.3361091,49.741684,0.294049,-0.056926977,-0.08760583,0.950063,0.29277447,-0.06315528,-0.10775096,0.9479896,-1.0,0
1763544998980,1009.7939,1.486541,6.9655066,12.15195,-0.517937,-0.17623448,-0.3338376,44.1375,1.1437501,2.1000001,46.950733,0.3361091,49.741684,0.28431314,-0.05812907,-0.09487031,0.9522535,0.28796518,-0.063752115,-0.11109192,0.94903654,-1.0,0
1763544999005,1009.8366,1.4141582,6.344569,12.436696,-0.35819584,-0.1565341,-0.33719736,42.318752,2.325,2.8500001,46.950733,0.3361091,49.741684,0.2805299,-0.058428742,-0.09861109,0.9529769,0.27926475,-0.06420369,-0.11825018,0.9507397,-1.0,0
1763544999030,1009.8703,1.7449659,5.67757,12.355938,-0.2615265,-0.1395826,-0.3265072,40.162502,1.8375001,3.5625002,46.950733,0.3361091,49.741684,0.27769926,-0.058741573,-0.10213344,0.9534156,0.27643648,-0.06442296,-0.12166007,0.9511211,-1.0,0
1763544999055,1009.8703,1.7910278,4.1276193,11.747562,-0.04772381,0.07788526,-0.32574365,41.2125,1.9687501,2.3625002,46.950733,0.3361091,49.741684,0.27422452,-0.05749809,-0.10837171,0.95380837,0.27301642,-0.06298531,-0.12747581,0.95144355,-1.0,0
1763544999080,1009.88983,1.5978073,3.7040894,10.106087,0.040240716,0.057726722,-0.2432769,43.59375,2.71875,0.82500005,46.950733,0.3361091,49.741684,0.2739709,-0.056261934,-0.11049455,0.95371145,0.27279904,-0.06169398,-0.12942073,0.9513279,-1.0,0
1763544999105,1009.86664,2.0231316,3.790231,9.020942,0.06696605,-0.15256348,-0.18784092,42.862503,2.25,3.7125,46.950733,0.3361091,49.741684,0.2739738,-0.05682629,-0.11237777,0.95345706,0.27280146,-0.062211126,-0.13113412,0.95105886,-1.0,0
1763544999130,1009.86664,2.32702,3.9451663,8.52144,0.048334677,-0.2538143,-0.23594652,42.600002,0.112500004,2.625,46.950733,0.3361091,49.741684,0.27380663,-0.059067126,-0.1149769,0.9530589,0.27261025,-0.06436347,-0.13342929,0.95065117,-1.0,0
1763544999155,1009.8344,1.0426725,4.4165525,6.3074803,0.08575014,0.309403,-0.24113888,42.412502,0.71250004,4.0125003,46.950733,0.3361091,49.741684,0.27484724,-0.0564407,-0.118901044,0.95243686,0.27376541,-0.06147395,-0.13635585,0.950095,-1.0,0
1763544999180,1009.8344,0.82313097,4.671986,5.267799,0.18257222,0.28221953,-0.2073886,41.850002,0.7875,2.8312502,46.950733,0.3361091,49.741684,0.27672946,-0.053408213,-0.11985024,0.9519476,0.27572498,-0.05837272,-0.13693841,0.94964004,-1.0,0
1763544999205,1009.77924,0.5593223,4.834698,4.0683966,0.24029893,0.051923506,-0.21013749,43.6875,1.21875,3.3750002,46.950733,0.3361091,49.741684,0.27936178,-0.05219959,-0.121241845,0.95106924,0.27840036,-0.057105646,-0.13795291,0.9487893,-1.0,0
1763544999231,1009.7387,0.56350976,4.7988057,4.7659044,0.07612903,-0.23747368,-0.240528,43.537502,-0.39375,1.48125,46.950733,0.3361091,49.741684,0.28260213,-0.054936856,-0.12634689,0.9492915,0.28163484,-0.05969781,-0.14234775,0.94702435,-1.0,0
1763544999257,1009.7387,0.6131608,4.8209395,5.555536,0.094760396,-0.17012584,-0.20922118,43.59375,-0.7875,2.7375002,46.950733,0.3361091,49.741684,0.2836086,-0.056283817,-0.12879683,0.948583,0.28263888,-0.06096686,-0.1444683,0.946323,-1.0,0
1763544999283,1009.7233,1.2089736,5.1158547,5.849853,0.13568833,-0.17730351,-0.18936808,43.537502,-0.41250002,1.7812501,46.950733,0.3361091,49.741684,0.28620705,-0.05931281,-0.13348338,0.9469687,0.28523177,-0.06383828,-0.1484646,0.9447358,-1.0,0
1763544999307,1009.7233,1.8646071,5.748158,6.7112694,0.055817768,-0.21899502,-0.365908,45.15,0.26250002,0.3375,46.950733,0.3361091,49.741684,0.2870056,-0.060926285,-0.13706252,0.9461129,0.2860433,-0.065295115,-0.15147178,0.94391316,-1.0,0
1763544999332,1009.7233,1.7210377,5.9676995,7.6534433,0.016416991,-0.10949751,-0.42974338,43.4625,-1.4250001,3.24375,46.950733,0.3361091,49.741684,0.28742504,-0.061485793,-0.14111133,0.94535387,0.28649938,-0.065664075,-0.15486036,0.94319916,-1.0,0
1763544999357,1009.73236,1.6295122,6.0861444,8.803793,0.1117119,-0.017715078,-0.45784315,43.78125,-0.61875004,1.4625001,46.950733,0.3361091,49.741684,0.28843227,-0.060993407,-0.14515643,0.9444661,0.28755167,-0.06501842,-0.1583416,0.94234526,-1.0,0
1763544999382,1009.74994,2.1972094,6.330212,8.938987,0.24533857,-0.11530073,-0.48701194,44.49375,-1.5375,0.975,46.950733,0.3361091,49.741684,0.29315928,-0.060622104,-0.15342997,0.9417228,0.29234976,-0.06441283,-0.16561049,0.9396573,-1.0,0
1763544999408,1009.74994,2.6075785,6.3314085,9.01137,0.18425208,-0.15683953,-0.61422455,43.40625,-1.66875,3.2625,46.950733,0.3361091,49.741684,0.2951147,-0.061117563,-0.15881889,0.94018537,0.29433894,-0.06475037,-0.17039514,0.9381564,-1.0,0
1763544999433,1009.76874,1.9902302,6.352944,8.922835,-0.012751802,-0.082466744,-0.7145591,44.006252,-2.4750001,1.3875,46.950733,0.3361091,49.741684,0.29568705,-0.060805123,-0.16523676,0.9389189,0.2949698,-0.06419413,-0.176,0.936961,-1.0,0
1763544999459,1009.76874,0.57906306,6.771688,10.873585,-0.28321218,0.016035201,-0.53053606,43.5,-2.025,1.8750001,46.950733,0.3361091,49.741684,0.2919924,-0.05604145,-0.17641345,0.9383379,0.2936331,-0.061687782,-0.18150426,0.936499,-1.0,0
1763544999484,1009.8029,1.2532408,6.7298136,11.4083805,-0.18776456,-0.36056295,-0.51068294,42.075,-1.8000001,2.325,46.950733,0.3361091,49.741684,0.2897762,-0.056685396,-0.18172184,0.9379732,0.289183,-0.059637755,-0.1912784,0.9360711,-1.0,0
1763544999510,1009.83344,1.6396817,6.068198,11.4496565,-0.15874848,-0.59360784,-0.62735814,42.600002,-1.25625,3.7875001,46.950733,0.3361091,49.741684,0.28744477,-0.060215443,-0.18870819,0.93709064,0.2868329,-0.06306568,-0.19800052,0.9351713,-1.0,0
1763544999535,1009.83344,0.86979103,5.2079782,11.25823,-0.30077454,-0.27488914,-0.62949616,40.575,-0.24375,5.9437504,46.950733,0.3361091,49.741684,0.28123087,-0.06301933,-0.2035357,0.9356874,0.28400746,-0.06526622,-0.20546517,0.934272,-1.0,0
1763544999560,1009.85785,0.11425728,4.6767716,11.586645,-0.17631085,-0.27275112,-0.47876528,40.29375,-0.26250002,4.59375,46.950733,0.3361091,49.741684,0.27846947,-0.06347784,-0.20903492,0.9352699,0.2778453,-0.0661565,-0.21803169,0.93321353,-1.0,0
1763544999585,1009.86566,0.37387854,4.942375,10.398011,-0.038408123,-0.32864526,-0.41233373,39.80625,-1.1812501,5.0062504,46.950733,0.3361091,49.741684,0.27689755,-0.06495015,-0.21378401,0.9345617,0.27623305,-0.067720614,-0.2231349,0.93237334,-1.0,0
1763544999610,1009.86566,0.5240282,4.987241,8.939586,-0.007101303,-0.3006982,-0.41263917,40.78125,0.65625,4.8,46.950733,0.3361091,49.741684,0.27605692,-0.066722386,-0.21837647,0.93362325,0.27536878,-0.069507755,-0.22779699,0.93136954,-1.0,0
1763544999635,1009.8498,0.526421,4.6642094,7.60439,-0.00068722287,-0.028557928,-0.35979936,39.84375,-0.93750006,6.0750003,46.950733,0.3361091,49.741684,0.27503377,-0.06666733,-0.22593236,0.93213004,0.27436775,-0.06935722,-0.23504877,0.9298731,-1.0,0
1763544999660,1009.8498,0.5665008,4.5930233,6.4552374,0.12606722,-0.16447534,-0.32009315,39.112503,-0.26250002,4.875,46.950733,0.3361091,49.741684,0.27575284,-0.06714627,-0.22909667,0.9311103,0.27509573,-0.06978938,-0.23802131,0.928869,-1.0,0
1763544999685,1009.80707,1.1958131,4.6211386,5.7948184,0.18700098,-0.4308124,-0.31658068,40.03125,-0.056250002,6.0,46.950733,0.3361091,49.741684,0.27676004,-0.07004864,-0.23266223,0.9297125,0.27609438,-0.07262791,-0.24132678,0.9275012,-1.0,0
1763544999711,1009.77386,1.7204394,4.6654058,4.6761737,0.10193806,-0.51465356,-0.6507237,36.73125,-1.8750001,5.83125,46.950733,0.3361091,49.741684,0.27825996,-0.07923685,-0.24423862,0.9255487,0.27761132,-0.0814803,-0.2517014,0.92354715,-1.0,0
1763544999736,1009.77386,0.8787641,4.502694,5.3419766,-0.12728895,-0.2924515,-0.77274394,35.41875,-0.28125,6.80625,46.950733,0.3361091,49.741684,0.2774727,-0.08057525,-0.25176018,0.9236522,0.27688226,-0.08258141,-0.25843874,0.9218058,-1.0,0
1763544999761,1009.75555,0.14356937,4.5284166,6.8799634,-0.116904244,-0.20708317,-0.77564555,35.79375,-1.25625,8.043751,46.950733,0.3361091,49.741684,0.27641165,-0.08021512,-0.25929376,0.9219159,0.2758652,-0.08207471,-0.26549622,0.92014885,-1.0,0
1763544999787,1009.75433,0.0634098,4.744369,7.4356966,0.13416117,-0.3639227,-0.7154754,36.80625,-0.63750005,7.14375,46.950733,0.3361091,49.741684,0.27892727,-0.08466091,-0.2736374,0.9165995,0.27620983,-0.08317384,-0.2726617,0.91784847,-1.0,0
1763544999811,1009.75433,0.381057,5.4059844,6.263213,0.44234246,-0.5035053,-0.67286754,35.925003,-1.3687501,7.89375,46.950733,0.3361091,49.741684,0.2820584,-0.08859609,-0.2805896,0.91316116,0.281465,-0.090463616,-0.28663582,0.91128135,-1.0,0
1763544999836,1009.7382,0.8925229,5.745765,6.309275,0.3407862,-0.52748173,-0.6860011,38.081253,-3.24375,5.45625,46.950733,0.3361091,49.741684,0.28468361,-0.09239163,-0.2875606,0.9097955,0.28408715,-0.0942096,-0.29337066,0.9079387,-1.0,0
1763544999861,1009.7382,1.6456637,5.989235,6.9744797,0.17799072,-0.6540835,-0.8052725,38.11875,-2.98125,6.20625,46.950733,0.3361091,49.741684,0.28580353,-0.09657244,-0.29567638,0.9064026,0.28521988,-0.09828279,-0.30110076,0.9046151,-1.0,0
1763544999886,1009.74066,1.6773686,5.916254,10.135997,-0.326889,-0.62903804,-1.0422881,33.693752,-3.075,6.675,46.950733,0.3361091,49.741684,0.2810298,-0.103752576,-0.3166894,0.89998084,0.2805247,-0.10511069,-0.32103884,0.8984385,-1.0,0
1763544999911,1009.77997,0.56769717,6.1357956,11.246266,-0.31222826,-0.18982624,-1.0009019,34.10625,-3.0375001,8.325001,46.950733,0.3361091,49.741684,0.27795824,-0.102766246,-0.32659096,0.8975058,0.27749348,-0.10401466,-0.33062205,0.8960287,-1.0,0
1763544999936,1009.77997,-0.33499518,6.7011,10.552348,-0.13095413,-0.16752967,-0.8323033,34.7625,-2.7375002,8.71875,46.950733,0.3361091,49.741684,0.27652842,-0.10092662,-0.33465162,0.89518386,0.27606717,-0.1021815,-0.33871388,0.8936547,-1.0,0
1763544999962,1009.7973,0.45762733,7.1096745,9.805189,-0.12576179,-1.1455241,-0.76052666,33.131252,-2.8875,7.0312505,46.950733,0.3361091,49.741684,0.27138245,-0.11109809,-0.3516744,0.8890072,0.27085978,-0.11236633,-0.3558291,0.88735247,-1.0,0
1763544999987,1009.8212,2.5148566,6.1124654,10.6408825,-0.3652208,-0.83902276,-0.8999565,31.837502,-3.3937502,8.4375,46.950733,0.3361091,49.741684,0.26643273,-0.11639292,-0.36182007,0.8857497,0.26594165,-0.11751063,-0.3655361,0.8842226,-1.0,0
1763545000012,1009.8212,2.3467607,5.5298133,11.93181,-0.54023355,-0.4298961,-0.9489784,32.4375,-3.3375,8.0625,46.950733,0.3361091,49.741684,0.26088437,-0.11689764,-0.3716343,0.88326794,0.26045212,-0.1178576,-0.3748846,0.88189334,-1.0,0
1763545000037,1009.84955,2.656033,4.6145587,11.306685,0.041615162,-0.64156073,-1.0192279,31.81875,-4.1625004,9.09375,46.950733,0.3361091,49.741684,0.25443456,-0.118872285,-0.39065927,0.87665147,0.25617838,-0.11731651,-0.38390866,0.87933135,-1.0,0
1763545000062,1009.84955,2.143969,4.3316073,8.663813,0.18211406,-0.7984003,-1.0786345,31.612501,-3.6750002,9.712501,46.950733,0.3361091,49.741684,0.25345147,-0.12391253,-0.40131843,0.8714078,0.25300738,-0.12481675,-0.40442744,0.86996925,-1.0,0
1763545000087,1009.83954,2.114657,4.210171,7.3543406,-0.03886627,-0.7516691,-1.094517,31.0125,-3.1125002,9.13125,46.950733,0.3361091,49.741684,0.25151134,-0.12821738,-0.41220015,0.8662525,0.25106725,-0.12908484,-0.41518798,0.8648244,-1.0,0
1763545000112,1009.8227,2.2743778,3.940979,7.8646097,-0.2935969,-0.62857985,-1.1818706,28.575,-4.875,10.556251,46.950733,0.3361091,49.741684,0.24794829,-0.1302725,-0.42358467,0.8614678,0.24754237,-0.13104218,-0.426259,0.86014766,-1.0,0
1763545000138,1009.8227,1.2329018,3.6478581,8.590832,-0.21708608,-0.5505419,-1.3359612,28.837502,-5.83125,9.65625,46.950733,0.3361091,49.741684,0.24053149,-0.13185786,-0.44833094,0.85073936,0.2434801,-0.13181195,-0.43820095,0.85517424,-1.0,0
1763545000163,1009.8046,0.5312066,3.8530426,7.838887,-0.042226028,-0.432645,-1.3209951,27.206251,-6.61875,9.731251,46.950733,0.3361091,49.741684,0.23897192,-0.13234551,-0.4604054,0.84463245,0.23858579,-0.13304031,-0.46286112,0.8432892,-1.0,0
1763545000188,1009.76874,0.013160525,4.06062,6.6125655,0.09750929,-0.3593412,-1.2325724,28.218752,-5.90625,11.118751,46.950733,0.3361091,49.741684,0.23923178,-0.1327285,-0.47139734,0.8384127,0.23883161,-0.13344723,-0.47391617,0.8369915,-1.0,0
1763545000213,1009.76874,0.09092726,4.2969112,5.8821564,0.17279838,-0.46990773,-1.1293362,25.312502,-6.4687505,11.775001,46.950733,0.3361091,49.741684,0.23997797,-0.13420059,-0.4814898,0.8322069,0.23957905,-0.13491148,-0.48395497,0.83077574,-1.0,0
1763545000238,1009.74286,0.81655073,4.610371,6.1399827,0.124234624,-0.72570735,-1.1049017,25.893751,-6.525,11.25,46.950733,0.3361091,49.741684,0.2389136,-0.1423464,-0.50162566,0.8191639,0.23856926,-0.14292276,-0.50360173,0.81795055,-1.0,0
1763545000263,1009.74286,0.3930211,4.6097727,6.580262,0.06421716,-0.56718796,-1.1108576,24.562502,-8.025001,11.475,46.950733,0.3361091,49.741684,0.23813964,-0.14511245,-0.5116098,0.81270367,0.23784743,-0.14559092,-0.5132426,0.8116735,-1.0,0
1763545000288,1009.7353,0.1381855,4.8305106,7.3663044,0.124998204,-0.56550807,-1.0386229,27.50625,-8.606251,12.281251,46.950733,0.3361091,49.741684,0.23747756,-0.15188186,-0.52973497,0.7999482,0.23742294,-0.14798145,-0.5223639,0.8055233,-1.0,0
1763545000313,1009.7255,0.5210371,5.6739807,7.4033933,0.3352884,-0.69149894,-0.8994984,26.081251,-10.725,10.06875,46.950733,0.3361091,49.741684,0.23761542,-0.15716265,-0.5378809,0.7934248,0.23738992,-0.15750304,-0.5390175,0.7926531,-1.0,0
1763545000338,1009.7255,0.12981063,5.953343,6.9798636,0.3003164,-0.4905244,-0.8825469,25.29375,-10.81875,12.31875,46.950733,0.3361091,49.741684,0.23870178,-0.16108716,-0.5453285,0.78720343,0.23852205,-0.16135322,-0.5462059,0.7865949,-1.0,0
1763545000364,1009.72675,-0.29252258,6.209375,7.5774713,0.15874848,-0.43966994,-0.80588335,26.343752,-10.70625,12.20625,46.950733,0.3361091,49.741684,0.2393396,-0.1636712,-0.55222386,0.7816502,0.23922554,-0.1638379,-0.55276823,0.7812653,-1.0,0
1763545000389,1009.75116,0.85064846,6.3104715,9.957133,0.17676899,-0.68981904,-0.77702,24.900002,-12.618751,14.94375,46.950733,0.3361091,49.741684,0.23772915,-0.17081928,-0.5658211,0.77081263,0.23770034,-0.17085932,-0.56595093,0.7707173,-1.0,0
1763545000415,1009.75116,0.52522457,6.273981,10.150353,0.14683662,-0.5853612,-0.7980948,22.875,-12.58125,13.762501,46.950733,0.3361091,49.741684,0.23654947,-0.17472692,-0.5729117,0.7650405,0.23652722,-0.174757,-0.573009,0.7649677,-1.0,0
1763545000440,1009.7758,-0.0951147,6.652645,9.676575,0.082084954,-0.2536616,-0.75991577,23.15625,-13.406251,13.312501,46.950733,0.3361091,49.741684,0.23655334,-0.17617029,-0.5791946,0.75996065,0.23651867,-0.17621681,-0.579344,0.7598468,-1.0,0
1763545000466,1009.7758,-0.9984053,7.248458,9.536594,-0.092469655,-0.12171481,-0.6531672,24.562502,-13.012501,12.525001,46.950733,0.3361091,49.741684,0.23663902,-0.17511292,-0.58456105,0.75605935,0.23660344,-0.17516102,-0.5847148,0.7559405,-1.0,0
1763545000491,1009.79,0.49830532,6.262615,10.67498,-0.09537126,-0.6864593,-0.6397281,22.6875,-13.462501,14.45625,46.950733,0.3361091,49.741684,0.2317353,-0.1780795,-0.59590834,0.74798375,0.23175251,-0.17805707,-0.59583586,0.74804145,-1.0,0
1763545000516,1009.8144,0.61016977,5.072784,10.112068,-0.18073961,-0.57497644,-0.7994693,24.13125,-14.306251,13.425,46.950733,0.3361091,49.741684,0.2282501,-0.18010864,-0.6030101,0.7428604,0.22824858,-0.18011054,-0.6030163,0.74285537,-1.0,0
1763545000542,1009.8144,-0.7812566,4.341777,10.673783,-0.2202931,-0.27000225,-0.59376055,23.212502,-13.781251,13.950001,46.950733,0.3361091,49.741684,0.22199921,-0.17765547,-0.6161909,0.734482,0.22182666,-0.17787087,-0.6169034,0.7338835,-1.0,0
1763545000568,1009.8339,-0.232702,4.3088756,9.6071825,0.0022143847,-0.39522952,-0.44486228,23.94375,-15.20625,14.26875,46.950733,0.3361091,49.741684,0.22004229,-0.17835154,-0.62054944,0.7312253,0.21970867,-0.17876239,-0.6219147,0.7300645,-1.0,0
1763545000593,1009.82416,0.26141587,4.540381,7.5846496,0.04894554,-0.5430588,-0.43340856,24.018751,-14.83125,14.55,46.950733,0.3361091,49.741684,0.21782081,-0.18112159,-0.62467957,0.7276844,0.2173678,-0.18166502,-0.6264948,0.7261221,-1.0,0
1763545000619,1009.82416,0.39421752,4.598407,6.95115,-0.13385575,-0.55115277,-0.4801397,22.575,-16.725,16.35,46.950733,0.3361091,49.741684,0.21447077,-0.18361495,-0.62934196,0.724028,0.21398593,-0.18417978,-0.63124865,0.7223662,-1.0,0
1763545000644,1009.8012,-0.14476576,4.2035913,7.246065,-0.25175264,-0.1036943,-0.37583455,22.143751,-14.64375,14.56875,46.950733,0.3361091,49.741684,0.20892513,-0.18221846,-0.637493,0.7188528,0.20847102,-0.1827378,-0.6392799,0.71726424,-1.0,0
1763545000669,1009.77704,0.07956135,4.3124647,6.5401826,-0.11400264,-0.11423171,-0.31276277,22.96875,-16.425001,14.118751,46.950733,0.3361091,49.741684,0.20794353,-0.1812166,-0.64014447,0.71703213,0.2074806,-0.18174642,-0.6419714,0.7153969,-1.0,0
1763545000695,1009.77704,0.11784652,4.3962135,6.24108,-0.040393434,-0.38530296,-0.32864526,21.65625,-15.58125,15.450001,46.950733,0.3361091,49.741684,0.20625728,-0.18239234,-0.6430657,0.714603,0.20580664,-0.18290067,-0.64482677,0.7130143,-1.0,0
1763545000720,1009.7597,0.46121657,4.6007996,6.8578296,-0.064522594,-0.46456265,-0.3837758,21.712502,-15.31875,14.6625,46.950733,0.3361091,49.741684,0.2000479,-0.18815771,-0.6503297,0.7082717,0.20260833,-0.18601146,-0.64829016,0.7099785,-1.0,0
1763545000746,1009.76044,-0.30329028,4.7976093,6.802795,-0.059177525,-0.20799945,-0.38453937,19.96875,-16.63125,15.993751,46.950733,0.3361091,49.741684,0.19866867,-0.18887882,-0.65358496,0.705466,0.1982883,-0.18927808,-0.6550028,0.7041498,-1.0,0
1763545000772,1009.76044,-0.7070791,5.1900325,6.851249,0.12637265,-0.40607235,-0.21639885,22.06875,-16.40625,15.76875,46.950733,0.3361091,49.741684,0.19801638,-0.18923768,-0.65622354,0.7030998,0.19667453,-0.19181053,-0.6594048,0.69979507,-1.0,0
1763545000799,1009.7563,0.32482567,5.6267223,8.237292,0.3994292,-0.62812173,-0.19822562,22.9125,-16.050001,13.500001,46.950733,0.3361091,49.741684,0.19607611,-0.19719762,-0.66014004,0.6977696,0.19581161,-0.19746026,-0.6610747,0.6968841,-1.0,0
1763545000824,1009.7475,1.0115658,5.825327,7.479964,0.510912,-0.63988084,-0.29871288,22.706251,-18.337502,15.4875,46.950733,0.3361091,49.741684,0.19582753,-0.20447332,-0.66213745,0.69384176,0.19557497,-0.20471488,-0.6629933,0.6930239,-1.0,0
1763545000849,1009.7475,0.6831509,5.966503,6.6388865,0.2598466,-0.37995788,-0.45799586,22.44375,-17.38125,17.00625,46.950733,0.3361091,49.741684,0.19560827,-0.20966935,-0.6688579,0.685861,0.19588432,-0.20941734,-0.6657489,0.6888774,-1.0,0
1763545000874,1009.75214,0.11545369,5.9694943,9.963116,-0.20777038,-0.19853105,-0.5384773,20.6625,-18.300001,16.0125,46.950733,0.3361091,49.741684,0.19418174,-0.20865007,-0.6731494,0.6823697,0.19415866,-0.20867158,-0.673225,0.68229514,-1.0,0
1763545000899,1009.75214,-0.44805604,6.3661046,10.555937,-0.083306685,-0.2622137,-0.5027417,21.65625,-19.181252,15.806251,46.950733,0.3361091,49.741684,0.19285019,-0.2084178,-0.6772495,0.67875177,0.19281346,-0.2084518,-0.6773691,0.6786324,-1.0,0
1763545000924,1009.7753,-0.79920274,6.5892353,10.383654,0.04696023,-0.38866273,-0.40301803,21.056252,-18.50625,15.993751,46.950733,0.3361091,49.741684,0.1915127,-0.20996252,-0.6807589,0.675134,0.19145113,-0.2100187,-0.6809569,0.6749343,-1.0,0
1763545000949,1009.8039,0.57009,6.5318074,10.456037,-0.07154754,-0.51312643,-0.24388777,19.800001,-20.268751,17.925001,46.950733,0.3361091,49.741684,0.18680097,-0.21487005,-0.6862553,0.66932046,0.18674062,-0.2149225,-0.6864433,0.66912764,-1.0,0
1763545000974,1009.8039,1.2293127,6.1250277,11.130215,-0.16348268,-0.43417215,-0.29352054,20.19375,-19.837502,16.3125,46.950733,0.3361091,49.741684,0.18332297,-0.21637192,-0.6892149,0.6667524,0.18326588,-0.21642025,-0.6893907,0.6665706,-1.0,0
1763545001000,1009.83954,1.3429717,5.4670014,11.353345,-0.17127122,-0.32574365,-0.30711228,21.206251,-19.743752,18.35625,46.950733,0.3361091,49.741684,0.18034132,-0.21682797,-0.6921844,0.6643368,0.18023656,-0.21691504,-0.69250524,0.66400236,-1.0,0
1763545001025,1009.8681,1.5146568,4.618746,11.226525,0.0730747,-0.2594648,-0.3084867,19.96875,-20.00625,19.125,46.950733,0.3361091,49.741684,0.17587286,-0.21903527,-0.6975524,0.659176,0.17551976,-0.21931833,-0.6986134,0.6580513,-1.0,0
1763545001051,1009.8681,1.0707881,4.301697,9.8321085,0.20899211,-0.17104214,-0.24373505,20.79375,-21.150002,17.25,46.950733,0.3361091,49.741684,0.1757815,-0.22071268,-0.6992469,0.6568414,0.1752514,-0.22113383,-0.700821,0.6551616,-1.0,0
1763545001077,1009.86566,1.0546366,4.1700916,8.289934,0.26656613,-0.2535089,-0.15042545,20.775002,-21.16875,18.337502,46.950733,0.3361091,49.741684,0.1759342,-0.22336353,-0.7002482,0.6548346,0.17524901,-0.22390153,-0.7022512,0.6526861,-1.0,0
1763545001102,1009.86566,2.0051854,4.368098,7.630113,0.20196716,-0.44165525,-0.13408482,18.712502,-21.35625,16.85625,46.950733,0.3361091,49.741684,0.17465137,-0.2270615,-0.7012261,0.65285677,0.17386194,-0.22766653,-0.70562315,0.64746857,-1.0,0
1763545001127,1009.84174,1.6378871,4.38066,7.307082,-0.037797257,-0.1999055,-0.4375319,18.618752,-20.90625,19.462502,46.950733,0.3361091,49.741684,0.17097871,-0.23176317,-0.70619816,0.6467892,0.17008199,-0.23242202,-0.70869184,0.6440559,-1.0,0
1763545001153,1009.8156,0.657428,4.3890347,7.3866434,-0.05169443,0.030695954,-0.44333512,19.78125,-21.6375,19.087502,46.950733,0.3361091,49.741684,0.17119862,-0.23078968,-0.7091592,0.64383256,0.17027289,-0.2314735,-0.71173227,0.64098704,-1.0,0
1763545001177,1009.8156,0.47138608,4.534399,6.8805614,0.10468695,0.05070178,-0.36911505,20.23125,-20.962502,18.225,46.950733,0.3361091,49.741684,0.17272532,-0.23013519,-0.71131223,0.6412789,0.17177357,-0.23084643,-0.71395415,0.6383363,-1.0,0
1763545001203,1009.7736,0.20219351,4.9776692,4.7228336,0.068035066,-0.19700389,-0.35292712,19.331251,-23.2875,17.53125,46.950733,0.3361091,49.741684,0.17471376,-0.23269239,-0.7153132,0.63533956,0.17381041,-0.23336793,-0.71777076,0.63256186,-1.0,0
1763545001229,1009.7487,-0.019740786,5.024329,5.7613187,-0.07658717,-0.15622866,-0.3271181,20.6625,-21.675001,19.143751,46.950733,0.3361091,49.741684,0.1741416,-0.23307303,-0.7177316,0.6326239,0.17336339,-0.23365246,-0.7198373,0.6302269,-1.0,0
1763545001255,1009.7487,-0.13758731,5.0273204,6.4552374,-0.043600474,-0.08124501,-0.25442517,19.237501,-22.087502,20.081251,46.950733,0.3361091,49.741684,0.17398289,-0.23289207,-0.7196381,0.6305649,0.17331345,-0.23339069,-0.7214458,0.62849593,-1.0,0
1763545001279,1009.73236,0.33379877,5.4634123,6.929016,0.14592032,-0.18692462,-0.108886644,21.73125,-23.04375,17.25,46.950733,0.3361091,49.741684,0.17414585,-0.23518732,-0.7215168,0.62751395,0.17352381,-0.23387562,-0.72247165,0.6270777,-1.0,0
1763545001304,1009.73676,0.421735,5.7655063,7.0606213,0.1833358,-0.15714496,-0.12202024,17.90625,-22.743752,22.575,46.950733,0.3361091,49.741684,0.17436756,-0.23740299,-0.72209775,0.62594783,0.17385371,-0.23777957,-0.7234498,0.62438464,-1.0,0
1763545001329,1009.73676,0.19920248,5.881558,7.0522466,0.17829616,-0.0070249448,-0.09300416,18.5625,-21.900002,19.06875,46.950733,0.3361091,49.741684,0.17549172,-0.23889992,-0.7223596,0.62476075,0.17503968,-0.23923135,-0.72353977,0.62339365,-1.0,0
1763545001354,1009.7419,0.57906306,6.667002,7.699505,0.25679228,-0.10461059,0.0129808765,19.5,-23.04375,19.5,46.950733,0.3361091,49.741684,0.17854004,-0.24217352,-0.7213411,0.6238128,0.17823938,-0.2423949,-0.72211474,0.6229171,-1.0,0
1763545001379,1009.7419,1.1102697,6.966105,8.306086,0.23846634,-0.26572618,-0.0044287695,19.85625,-24.13125,20.456251,46.950733,0.3361091,49.741684,0.17855227,-0.24555534,-0.7210472,0.62282616,0.17833626,-0.24571227,-0.7215947,0.62219185,-1.0,0
1763545001405,1009.75214,1.6396817,6.969694,8.970094,0.14362958,-0.18249585,-0.09605849,19.331251,-22.95,21.525002,46.950733,0.3361091,49.741684,0.17819151,-0.2482945,-0.72136545,0.6214737,0.17805237,-0.2483943,-0.7217135,0.62106943,-1.0,0
1763545001430,1009.7756,1.0199406,7.003792,9.890134,0.011835505,0.17180572,-0.18585561,19.7625,-24.4125,21.862501,46.950733,0.3361091,49.741684,0.17919488,-0.24809583,-0.72211,0.62039894,0.17909446,-0.24816835,-0.722361,0.6201066,-1.0,0
1763545001456,1009.7756,-0.77647096,7.565507,9.202198,0.12362376,0.40423977,-0.023212861,20.1375,-23.60625,18.69375,46.950733,0.3361091,49.741684,0.186688,-0.24318308,-0.7213746,0.62098974,0.18658702,-0.24326059,-0.7216324,0.6206901,-1.0,0
1763545001481,1009.79803,-0.36191443,7.5720873,8.6345005,0.011682789,-0.038026333,-0.02687805,21.1875,-23.493752,18.2625,46.950733,0.3361091,49.741684,0.18797714,-0.24301673,-0.7211708,0.62090266,0.18794034,-0.24304517,-0.7212647,0.6207936,-1.0,0
1763545001506,1009.8156,0.47377887,6.759724,10.061819,-0.2635118,-0.31352636,-0.10293072,20.0625,-23.85,19.181252,46.950733,0.3361091,49.741684,0.18536106,-0.2414267,-0.72489953,0.6189344,0.18219705,-0.24134018,-0.7246054,0.6192788,-1.0,0
1763545001531,1009.8156,0.8446664,5.4029937,12.212967,-0.40171996,-0.09086613,-0.18890993,20.925001,-24.018751,19.25625,46.950733,0.3361091,49.741684,0.18208236,-0.2414267,-0.72489953,0.6189344,0.18219705,-0.24134018,-0.7246054,0.6192788,-1.0,0
1763545001556,1009.841,-0.6723832,4.715057,10.277173,0.09155336,0.33887723,0.07391464,20.00625,-24.225,18.75,46.950733,0.3361091,49.741684,0.18519472,-0.23417488,-0.725187,0.62045854,0.18486936,-0.23443182,-0.72604793,0.6194509,-1.0,0
1763545001581,1009.841,-0.41694933,4.8819566,8.267202,0.16989677,-0.105526894,0.14462224,20.6625,-23.15625,18.150002,46.950733,0.3361091,49.741684,0.18567812,-0.23513527,-0.7242117,0.6210897,0.18517384,-0.23553264,-0.7255409,0.61953646,-1.0,0
1763545001607,1009.8337,-0.05682954,4.829314,7.7096744,-0.31115925,-0.06811142,0.1122464,21.0375,-23.38125,19.2,46.950733,0.3361091,49.741684,0.18154922,-0.2357812,-0.72388035,0.62245023,0.18098389,-0.23621543,-0.7253694,0.62071437,-1.0,0
1763545001633,1009.8183,-0.23330021,4.322634,8.793025,-0.34979644,0.067195125,0.15683953,20.2875,-23.475,20.0625,46.950733,0.3361091,49.741684,0.17933424,-0.23308177,-0.7238346,0.62415993,0.1787741,-0.2335117,-0.7253311,0.62242013,-1.0,0
1763545001659,1009.8183,0.0071784677,4.0552363,8.577073,-0.10804671,0.044745844,0.24205516,18.73125,-24.0,18.862501,46.950733,0.3361091,49.741684,0.1781134,-0.2314922,-0.72287303,0.6262122,0.17748308,-0.23197581,-0.72457355,0.6242436,-1.0,0
1763545001683,1009.81,0.44805604,3.9224346,7.198209,0.15370885,-0.06627883,0.262061,20.775002,-23.2875,19.06875,46.950733,0.3361091,49.741684,0.17766455,-0.23259072,-0.7212582,0.62779254,0.17692015,-0.23315744,-0.72326124,0.6254839,-1.0,0
1763545001708,1009.7751,1.2035898,3.9397824,5.049454,0.07551816,-0.05177079,0.055130545,21.09375,-23.1375,19.181252,46.950733,0.3361091,49.741684,0.17772298,-0.23630568,-0.7187932,0.62921417,0.17687699,-0.2369396,-0.7210383,0.6266402,-1.0,0
1763545001734,1009.7751,0.29790643,3.8255253,5.3186464,-0.10758856,0.0097738365,-0.07910699,20.1,-23.60625,20.23125,46.950733,0.3361091,49.741684,0.17726691,-0.23605354,-0.71925944,0.6289046,0.1764477,-0.23666655,-0.72143495,0.62640786,-1.0,0
1763545001760,1009.7509,-0.6155536,3.7920256,7.1527452,-0.039477136,-0.06429352,0.075289086,20.41875,-23.56875,19.125,46.950733,0.3361091,49.741684,0.17622198,-0.23385797,-0.71969634,0.62951833,0.17609143,-0.23500703,-0.7219257,0.6265675,-1.0,0
1763545001784,1009.7397,-0.08075777,4.625326,6.9302125,0.13324489,-0.14355323,0.037873615,20.60625,-24.16875,18.675001,46.950733,0.3361091,49.741684,0.17567413,-0.23534213,-0.7194835,0.62936175,0.17483869,-0.23596342,-0.72171015,0.62680715,-1.0,0
1763545001810,1009.7397,-0.80757767,5.3814583,6.0418773,0.131565,-0.043065965,0.044287696,16.706251,-23.71875,20.90625,46.950733,0.3361091,49.741684,0.1761037,-0.2367324,-0.7190859,0.6291746,0.17525034,-0.23736484,-0.7213463,0.6265818,-1.0,0
1763545001835,1009.73456,-0.49651068,5.8875403,6.7405815,0.049709123,-0.24831653,0.055283263,19.556252,-22.78125,18.712502,46.950733,0.3361091,49.741684,0.17612542,-0.23755978,-0.71860266,0.6294087,0.17535815,-0.23812674,-0.72062945,0.62708724,-1.0,0
1763545001861,1009.73456,0.005383851,6.122635,8.807382,0.1146135,-0.21334453,0.045051277,18.9375,-22.85625,20.625,46.950733,0.3361091,49.741684,0.17414176,-0.24152638,-0.71836686,0.62871987,0.17439781,-0.23975876,-0.7201911,0.62723666,-1.0,0
1763545001887,1009.7475,0.36789647,6.2955165,9.120243,0.093996815,-0.09773836,0.036651887,20.60625,-21.9375,18.862501,46.950733,0.3361091,49.741684,0.17393248,-0.24300544,-0.71810937,0.6285021,0.1733402,-0.24342826,-0.71963775,0.6267514,-1.0,0
1763545001913,1009.7675,0.63888365,6.5772715,9.28116,0.046807513,0.008552107,-0.018936807,20.60625,-23.41875,18.46875,46.950733,0.3361091,49.741684,0.174267,-0.24343623,-0.7180094,0.6283569,0.17368811,-0.24384958,-0.7195002,0.62664926,-1.0,0
1763545001938,1009.7675,-0.09212367,7.153343,9.879367,-0.0938441,-0.21838416,-0.05131264,20.53125,-23.7,20.362501,46.950733,0.3361091,49.741684,0.17318125,-0.24347773,-0.7192067,0.6272708,0.17265919,-0.24384822,-0.7205489,0.6257284,-1.0,0
1763545001963,1009.7922,0.61734825,7.004988,10.067801,-0.14454588,-0.42485645,-0.024740024,19.95,-24.2625,21.375,46.950733,0.3361091,49.741684,0.17006494,-0.2449104,-0.72031,0.62629896,0.16958888,-0.24524032,-0.7215252,0.6248985,-1.0,0
1763545001988,1009.82635,1.2299109,6.713662,11.225927,-0.3210858,-0.44180796,-0.03008509,19.1625,-22.462502,20.4375,46.950733,0.3361091,49.741684,0.16533609,-0.24566236,-0.7219176,0.625419,0.16488555,-0.24596499,-0.7230627,0.6240948,-1.0,0
1763545002013,1009.82635,2.179263,5.206782,13.057633,-0.31894776,0.053908817,-0.08918626,20.212502,-22.987501,21.28125,46.950733,0.3361091,49.741684,0.15805295,-0.2420905,-0.72487426,0.625275,0.15744819,-0.24248421,-0.7264326,0.6234638,-1.0,0
1763545002038,1009.861,0.82612205,4.705486,12.044871,-0.07994693,0.29489496,-0.12721258,18.487501,-22.1625,20.475,46.950733,0.3361091,49.741684,0.1586192,-0.23902172,-0.72573924,0.62530875,0.15778741,-0.23957165,-0.72790855,0.62278223,-1.0,0
1763545002064,1009.861,-0.29970104,4.4691944,10.113863,0.20364705,0.23854269,0.03940078,18.88125,-23.85,19.7625,46.950733,0.3361091,49.741684,0.16096719,-0.23775424,-0.72525126,0.625758,0.15990664,-0.23846884,-0.72803116,0.6225216,-1.0,0
1763545002089,1009.862,2.1882362,4.5822554,6.634699,0.3050506,-0.40347618,0.23121232,18.0,-23.831251,20.775002,46.950733,0.3361091,49.741684,0.16134413,-0.24512866,-0.7216327,0.6269978,0.1600175,-0.24599674,-0.72500944,0.62309015,-1.0,0
1763545002114,1009.82,2.9443684,4.657031,6.7722864,-0.018707734,-0.28206682,-0.020158539,20.90625,-22.650002,19.0125,46.950733,0.3361091,49.741684,0.15896775,-0.24791102,-0.7216366,0.6265062,0.15760922,-0.24877693,-0.7250529,0.6225493,-1.0,0
1763545002139,1009.82,1.7252251,4.596014,7.38784,-0.24304782,0.03405571,-0.21670428,18.2625,-21.712502,22.650002,46.950733,0.3361091,49.741684,0.15749477,-0.24678637,-0.72322214,0.6254931,0.15612265,-0.24765669,-0.7266826,0.6214695,-1.0,0
1763545002164,1009.79706,0.99661064,4.5098724,7.9310107,-0.1834885,0.13622284,-0.19532402,19.25625,-22.59375,21.65625,46.950733,0.3361091,49.741684,0.15734357,-0.24418548,-0.7247526,0.62478,0.15595995,-0.24507152,-0.72827476,0.62067086,-1.0,0
1763545002189,1009.7673,1.1742777,4.8394837,5.4149575,0.19692753,-0.16172644,-0.17409647,17.868752,-23.71875,21.4125,46.950733,0.3361091,49.741684,0.15826915,-0.24610181,-0.7263704,0.6219091,0.15678675,-0.24704888,-0.7300961,0.61753094,-1.0,0
1763545002214,1009.7673,1.2556337,5.0398827,5.3246284,-0.0032833982,-0.076358095,-0.23258677,18.75,-23.75625,21.0,46.950733,0.3361091,49.741684,0.15828803,-0.24706407,-0.7276469,0.6200276,0.15686099,-0.24797255,-0.73120946,0.6158222,-1.0,0
1763545002240,1009.7392,0.9589237,5.076373,6.5371914,-0.10758856,0.09529491,-0.28130323,19.987501,-23.493752,19.3125,46.950733,0.3361091,49.741684,0.15878384,-0.24590339,-0.72933066,0.61838174,0.15747087,-0.24674624,-0.7326165,0.61448544,-1.0,0
1763545002265,1009.7392,0.32183465,5.155935,6.978069,0.010613776,0.12797616,-0.2357938,19.931252,-22.275002,20.79375,46.950733,0.3361091,49.741684,0.16022162,-0.24466945,-0.73064154,0.61695117,0.15897113,-0.24548379,-0.73378,0.61321515,-1.0,0
1763545002290,1009.73553,0.8021938,5.7146587,6.309873,0.26122105,-0.12095123,-0.05299252,19.3875,-23.456251,21.393751,46.950733,0.3361091,49.741684,0.16291364,-0.2474963,-0.7310847,0.6145893,0.16174161,-0.24826384,-0.7339823,0.61112577,-1.0,0
1763545002315,1009.7182,1.5296118,5.916852,6.257829,0.24869832,-0.1262963,-0.07055488,19.556252,-23.94375,22.78125,46.950733,0.3361091,49.741684,0.16376553,-0.2502669,-0.7309427,0.6134086,0.16267467,-0.25097728,-0.7336056,0.6102214,-1.0,0
1763545002341,1009.7182,0.5204389,6.023931,7.8059855,0.17829616,0.1273653,-0.13164136,17.98125,-24.6,22.06875,46.950733,0.3361091,49.741684,0.16697562,-0.25278404,-0.7314839,0.6108607,0.16392574,-0.2527408,-0.7336743,0.6090751,-1.0,0
1763545002366,1009.71674,0.42771706,6.326025,8.560922,0.31009024,0.09926552,-0.004123337,19.21875,-24.337502,20.681252,46.950733,0.3361091,49.741684,0.16956632,-0.25395602,-0.73079884,0.6104807,0.16868283,-0.2545437,-0.7329157,0.6079377,-1.0,0
1763545002391,1009.72723,0.9487542,6.7034926,8.044071,0.48739374,-0.07971785,0.062613636,22.35,-24.018751,21.112501,46.950733,0.3361091,49.741684,0.17200667,-0.2574047,-0.7293824,0.61004734,0.17112757,-0.25798997,-0.7314593,0.60755557,-1.0,0
1763545002416,1009.72723,1.3812568,6.975676,7.4919276,0.39713848,-0.30207264,0.017867794,18.84375,-24.6375,22.59375,46.950733,0.3361091,49.741684,0.17282708,-0.2622347,-0.7284338,0.60889083,0.17196813,-0.2627988,-0.73042214,0.60650414,-1.0,0
1763545002442,1009.73236,1.6241283,6.9816585,10.13839,-0.13507748,0.19501857,-0.27962336,20.90625,-25.406252,20.71875,46.950733,0.3361091,49.741684,0.1725013,-0.26425406,-0.73015875,0.6060373,0.17177494,-0.2647268,-0.73182034,0.6040299,-1.0,0
1763545002468,1009.7641,0.040677983,7.051648,10.4464655,-0.1834885,0.5189296,-0.26755878,19.800001,-24.7875,23.8875,46.950733,0.3361091,49.741684,0.17534922,-0.25974345,-0.7314413,0.6056233,0.17459643,-0.26025006,-0.7331917,0.603503,-1.0,0
1763545002493,1009.7641,0.2961118,7.063014,10.052846,-0.18073961,-0.18402301,-0.21792601,19.556252,-23.94375,23.1,46.950733,0.3361091,49.741684,0.17627783,-0.25511244,-0.73416424,0.6040254,0.17550847,-0.2556423,-0.7359806,0.60181093,-1.0,0
1763545002518,1009.78534,0.23629123,6.285945,10.895718,-0.27435464,-0.11331542,-0.30482152,19.800001,-24.16875,23.23125,46.950733,0.3361091,49.741684,0.1742655,-0.25381774,-0.73681086,0.6019285,0.17351389,-0.25433215,-0.7385883,0.59974617,-1.0,0
1763545002544,1009.8027,-1.0941181,5.4670014,11.373684,-0.23128867,0.2622137,-0.23793183,21.88125,-24.91875,20.4375,46.950733,0.3361091,49.741684,0.17458197,-0.25023395,-0.7388503,0.6008364,0.1737663,-0.25080103,-0.74080265,0.5984276,-1.0,0
1763545002569,1009.8027,-1.7503498,5.0069814,10.338788,-0.004657844,0.26923865,0.005497783,22.612501,-22.743752,21.0,46.950733,0.3361091,49.741684,0.17661993,-0.24723029,-0.7389871,0.6013158,0.17567886,-0.24789989,-0.7412675,0.59850234,-1.0,0
1763545002594,1009.8095,-0.035294134,4.743771,7.9034934,0.06482802,-0.3584249,0.2667952,19.087502,-24.225,21.618752,46.950733,0.3361091,49.741684,0.17391257,-0.2508728,-0.73697007,0.6030691,0.17275651,-0.25167027,-0.73973686,0.5996721,-1.0,0
1763545002619,1009.8095,0.16450655,4.663013,7.512865,-0.107435845,-0.19807291,0.22999059,20.60625,-23.19375,21.712502,46.950733,0.3361091,49.741684,0.17114863,-0.25206193,-0.7362498,0.6042427,0.16993904,-0.252879,-0.73913616,0.6007084,-1.0,0
1763545002645,1009.8034,-0.17826529,4.631308,7.2376904,-0.27725625,0.04657844,0.2197586,19.575,-21.806252,21.112501,46.950733,0.3361091,49.741684,0.1691939,-0.2505806,-0.73562765,0.6061639,0.16795227,-0.25141448,-0.73861724,0.60251755,-1.0,0
1763545002669,1009.7861,0.029312078,4.345964,7.368697,-0.21769693,-0.037262753,0.30222535,20.737501,-21.1875,20.493752,46.950733,0.3361091,49.741684,0.16537565,-0.24617021,-0.7336945,0.61134565,0.16412593,-0.24700516,-0.7367834,0.60761946,-1.0,0
1763545002694,1009.7861,0.5665008,4.2071805,6.946364,-0.045891218,-0.11270455,0.28787002,21.056252,-21.768751,20.34375,46.950733,0.3361091,49.741684,0.163407,-0.24650055,-0.7324031,0.61328727,0.16212645,-0.24734467,-0.7355739,0.6094807,-1.0,0
1763545002720,1009.76776,0.73340017,4.28076,6.2111692,0.048029244,-0.11102467,0.22769985,20.550001,-22.706251,21.525002,46.950733,0.3361091,49.741684,0.1622032,-0.24768603,-0.73106265,0.6147269,0.16088156,-0.24854648,-0.73432666,0.6108241,-1.0,0
1763545002744,1009.736,0.5778667,4.3818564,5.9001026,0.02649626,-0.026572619,0.18371758,20.71875,-21.206251,21.581251,46.950733,0.3361091,49.741684,0.1612144,-0.2495022,-0.72857434,0.61720175,0.15990843,-0.2503412,-0.7317895,0.6133862,-1.0,0
1763545002769,1009.736,0.55692947,4.5224347,6.372685,0.06482802,-0.051007207,0.1036943,21.712502,-20.60625,22.06875,46.950733,0.3361091,49.741684,0.1609051,-0.25040248,-0.72774565,0.6178951,0.15963209,-0.2512159,-0.73087245,0.6141935,-1.0,0
1763545002794,1009.7226,-0.20578274,4.875974,6.471389,0.09888373,-0.039858926,0.044898562,20.456251,-20.868752,23.4375,46.950733,0.3361091,49.741684,0.16106637,-0.25149128,-0.727271,0.6179698,0.15979803,-0.25229907,-0.7303733,0.6143001,-1.0,0
1763545002819,1009.7226,-0.68255264,5.3132625,7.2293153,0.053221595,0.04886918,0.08689552,18.28125,-21.46875,24.018751,46.950733,0.3361091,49.741684,0.16162951,-0.25185242,-0.72667825,0.61837286,0.16040005,-0.2526372,-0.7296836,0.6148237,-1.0,0
1763545002844,1009.7233,-0.16091733,5.9904313,8.883354,0.45990482,-0.06902772,0.21044292,17.456251,-21.300001,22.85625,46.950733,0.3361091,49.741684,0.1642871,-0.25539804,-0.72340924,0.6200489,0.16309595,-0.25616035,-0.726289,0.61667323,-1.0,0
1763545002870,1009.7465,0.2428715,6.4612193,7.408179,0.53717923,-0.182954,0.21945317,22.518751,-21.6375,22.35,46.950733,0.3361091,49.741684,0.16613,-0.2602597,-0.72102684,0.6203113,0.16489148,-0.26104614,-0.72396606,0.61687833,-1.0,0
1763545002895,1009.7465,1.375873,6.8057857,7.3956165,0.25999933,-0.27107126,0.13148865,18.9375,-20.400002,23.737501,46.950733,0.3361091,49.741684,0.16624215,-0.26449585,-0.71956396,0.62018806,0.16506106,-0.26523456,-0.7223223,0.6169732,-1.0,0
1763545002921,1009.7624,0.7196414,6.8045893,9.357133,-0.22472188,0.12675445,-0.25579962,19.893751,-22.29375,22.96875,46.950733,0.3361091,49.741684,0.16486043,-0.26422933,-0.7216836,0.61820436,0.16384275,-0.26486158,-0.7240565,0.61542356,-1.0,0
1763545002945,1009.78656,-0.37447673,6.681359,9.842278,-0.32505643,0.2083049,-0.21991132,21.50625,-21.73125,19.987501,46.950733,0.3361091,49.741684,0.1651217,-0.2604173,-0.7235826,0.61753196,0.16413616,-0.26103964,-0.7259118,0.6147924,-1.0,0
1763545002970,1009.78656,-0.25124636,6.6765733,10.223933,-0.30673048,0.041691523,-0.056810424,20.362501,-22.21875,21.206251,46.950733,0.3361091,49.741684,0.16442569,-0.25721592,-0.7248619,0.61755925,0.16347386,-0.2578219,-0.72713953,0.61487585,-1.0,0
1763545002995,1009.8078,2.3216362,6.245267,11.514262,-0.14164427,-0.29581127,-0.047494736,21.6375,-20.23125,21.900002,46.950733,0.3361091,49.741684,0.1581282,-0.2570293,-0.72695535,0.61682034,0.16053456,-0.25696558,-0.7280832,0.614892,-1.0,0
1763545003020,1009.8078,2.466402,5.7194443,11.02493,-0.10728313,0.043065965,-0.12583815,22.181252,-21.1875,22.35,46.950733,0.3361091,49.741684,0.15700811,-0.2563091,-0.72796994,0.61620927,0.15588479,-0.25699386,-0.73066,0.61301714,-1.0,0
1763545003045,1009.8317,2.0225334,5.2145586,9.990034,-0.09750929,0.30344707,-0.20097451,19.96875,-21.2625,21.35625,46.950733,0.3361091,49.741684,0.15815534,-0.2537418,-0.728938,0.6158339,0.15688938,-0.25452653,-0.7319968,0.61219496,-1.0,0
1763545003070,1009.83344,1.3058829,4.679763,8.811569,-0.13263401,0.30344707,-0.24083345,23.118752,-20.94375,21.0,46.950733,0.3361091,49.741684,0.15994982,-0.25041863,-0.73013675,0.6153104,0.15856065,-0.25130057,-0.73353297,0.6112577,-1.0,0
1763545003095,1009.83344,0.39421752,4.0073795,8.370692,-0.13675736,-0.28313583,-0.17394374,22.518751,-21.225,18.150002,46.950733,0.3361091,49.741684,0.1576576,-0.24871017,-0.73382163,0.6122035,0.15608315,-0.2497012,-0.7376748,0.6075552,-1.0,0
1763545003120,1009.8149,0.74596244,4.206582,8.364112,-0.15447243,-0.19822562,-0.04612029,19.875,-19.650002,20.34375,46.950733,0.3361091,49.741684,0.15507437,-0.24862096,-0.7350966,0.6113695,0.15339917,-0.24965802,-0.73919064,0.606413,-1.0,0
1763545003146,1009.8005,1.2059826,4.786842,7.928618,-0.09689843,-0.07651082,-0.012522728,20.831251,-20.56875,22.3125,46.950733,0.3361091,49.741684,0.15355939,-0.24808146,-0.73565036,0.6113048,0.15178943,-0.24916835,-0.73998356,0.6060523,-1.0,0
1763545003172,1009.8005,1.0103694,5.2809596,6.518647,0.052305296,-0.06108648,-0.20891576,21.75,-19.612501,22.462502,46.950733,0.3361091,49.741684,0.15283442,-0.24870501,-0.7373866,0.6091375,0.1510183,-0.24981196,-0.74180514,0.60374874,-1.0,0
1763545003197,1009.76434,0.6334998,5.323432,5.5022955,0.05261073,0.108886644,-0.25610507,19.237501,-19.85625,21.35625,46.950733,0.3361091,49.741684,0.15430574,-0.24852917,-0.7385293,0.60745156,0.1525411,-0.24961616,-0.7428145,0.60220397,-1.0,0
1763545003222,1009.76434,0.54436713,5.28754,5.4873405,0.009544762,0.058795735,-0.27397284,20.1375,-19.650002,22.181252,46.950733,0.3361091,49.741684,0.15588546,-0.24795601,-0.73983365,0.60569274,0.1542371,-0.24898468,-0.7438355,0.60077137,-1.0,0
1763545003248,1009.7431,0.37567315,5.1349974,6.2350974,0.03291034,-0.056199558,-0.29749113,20.15625,-20.38125,20.98125,46.950733,0.3361091,49.741684,0.15662476,-0.24814005,-0.7414777,0.6034119,0.15510671,-0.24909179,-0.74514836,0.5988732,-1.0,0
1763545003273,1009.73505,0.24107689,5.1457653,6.1160545,0.1702022,0.049938194,-0.1753182,19.85625,-20.41875,21.6375,46.950733,0.3361091,49.741684,0.15950944,-0.2495588,-0.7434546,0.5996269,0.15813217,-0.25043374,-0.7467467,0.59552205,-1.0,0
1763545003300,1009.73505,0.96430755,5.3886366,6.193223,0.107741274,-0.009162972,-0.19318599,21.581251,-20.493752,21.91875,46.950733,0.3361091,49.741684,0.16100855,-0.25021675,-0.7440855,0.5981677,0.15970145,-0.251053,-0.7471949,0.59427905,-1.0,0
1763545003325,1009.7253,0.12861422,5.4981084,8.197212,0.12881611,0.027488915,-0.26450446,22.35,-20.5125,19.837502,46.950733,0.3361091,49.741684,0.16306509,-0.25124484,-0.7469308,0.59361625,0.16186954,-0.25201675,-0.7497427,0.5900608,-1.0,0
1763545003351,1009.7277,0.12861422,5.6787663,8.683554,0.2511418,0.16707152,-0.08613193,22.425001,-21.50625,20.8125,46.950733,0.3361091,49.741684,0.16556235,-0.25180534,-0.74697626,0.5926295,0.1643694,-0.25258565,-0.74977106,0.5890896,-1.0,0
1763545003376,1009.7277,0.4660022,6.218946,8.035098,0.33131778,0.22601996,0.016493348,21.618752,-21.206251,19.48125,46.950733,0.3361091,49.741684,0.16914594,-0.25265715,-0.7458328,0.592695,0.16792981,-0.25346708,-0.74867254,0.58910394,-1.0,0
1763545003402,1009.7448,1.166501,6.6185474,7.8538423,0.25648686,0.038789913,-0.011606431,23.8125,-21.88125,21.150002,46.950733,0.3361091,49.741684,0.1715259,-0.25417072,-0.7449021,0.5925343,0.17032681,-0.25497583,-0.7476848,0.5890191,-1.0,0
1763545003427,1009.7668,0.5102694,6.289534,9.435498,-0.019013166,0.099418245,-0.22311836,22.575,-22.35,19.29375,46.950733,0.3361091,49.741684,0.17230257,-0.25629285,-0.7465605,0.58929896,0.17118065,-0.2570435,-0.7491292,0.5860301,-1.0,0
1763545003452,1009.7668,-0.6556334,6.5407805,9.732208,-0.23113596,0.5514582,-0.08124501,22.5,-21.018751,21.84375,46.950733,0.3361091,49.741684,0.17483969,-0.2520233,-0.7469746,0.5898681,0.173707,-0.25280532,-0.749614,0.5865102,-1.0,0
1763545003477,1009.79315,-0.9708878,7.2125654,10.335199,-0.2522108,0.36804602,0.08643737,24.187502,-21.46875,21.393751,46.950733,0.3361091,49.741684,0.1767736,-0.24724516,-0.74653965,0.59186107,0.17566279,-0.24803561,-0.749187,0.5885064,-1.0,0
1763545003503,1009.79315,1.2765709,6.6442704,11.749357,-0.2239583,-0.48120874,-0.07208204,22.7625,-20.71875,19.03125,46.950733,0.3361091,49.741684,0.16995323,-0.24779348,-0.74798787,0.5918011,0.16890341,-0.24851026,-0.7504847,0.58863145,-1.0,0
1763545003528,1009.809,-0.31106696,5.508278,11.976077,-0.26977316,0.07131846,-0.23380849,24.562502,-20.41875,19.44375,46.950733,0.3361091,49.741684,0.16793248,-0.2460689,-0.75011325,0.5904058,0.16680783,-0.24683268,-0.7527996,0.58697665,-1.0,0
1763545003554,1009.8332,-2.1421745,4.8412786,11.559726,-0.18211406,0.5853612,-0.007788526,22.44375,-21.50625,19.725,46.950733,0.3361091,49.741684,0.17036887,-0.2409008,-0.75044084,0.59142184,0.1691057,-0.24178925,-0.75352603,0.58748597,-1.0,0
1763545003579,1009.8332,-0.8853444,4.8825545,8.907881,0.36583164,-0.23777911,0.42119128,22.743752,-20.71875,19.331251,46.950733,0.3361091,49.741684,0.17311257,-0.24144,-0.74600124,0.59600425,0.17163119,-0.23938939,-0.7520785,0.5895875,-1.0,0
1763545003604,1009.8454,-0.23688944,4.7575297,7.1449685,0.33116508,-0.3339903,0.38927358,23.400002,-20.41875,19.706251,46.950733,0.3361091,49.741684,0.17176925,-0.24638024,-0.74357355,0.5974031,0.17012763,-0.24751663,-0.7475284,0.59244704,-1.0,0
1763545003630,1009.8239,-0.40917268,4.6725845,6.069993,0.029856017,-0.06475167,0.36163196,23.268751,-20.306252,19.875,46.950733,0.3361091,49.741684,0.17066276,-0.24843282,-0.7414991,0.59944516,0.16900274,-0.24956505,-0.74547887,0.59448856,-1.0,0
1763545003655,1009.8239,-0.38883367,4.4135613,6.940382,-0.2323577,0.13377939,0.37858346,23.94375,-19.85625,19.63125,46.950733,0.3361091,49.741684,0.16849545,-0.24480112,-0.73779315,0.60608834,0.16697197,-0.24584274,-0.7415427,0.6014949,-1.0,0
1763545003681,1009.8,-0.57188463,4.3704906,6.730412,-0.05184715,-0.08002329,0.42760533,24.056252,-19.237501,20.962502,46.950733,0.3361091,49.741684,0.16695386,-0.24473931,-0.73568773,0.60909164,0.16544415,-0.2457624,-0.7394232,0.60455143,-1.0,0
1763545003706,1009.7763,-0.11066805,4.418347,6.3110695,0.08773545,-0.22876886,0.49312058,22.63125,-19.10625,19.25625,46.950733,0.3361091,49.741684,0.16481857,-0.2469669,-0.73310614,0.61188024,0.16331191,-0.24796578,-0.73681796,0.60740554,-1.0,0
1763545003731,1009.7763,0.39900318,4.5116673,5.779863,0.12377647,-0.20967934,0.4677697,22.0125,-20.175001,18.150002,46.950733,0.3361091,49.741684,0.16295776,-0.24983306,-0.73035246,0.6145026,0.16145869,-0.2508045,-0.7340194,0.61011773,-1.0,0
1763545003756,1009.74994,0.24107689,5.2923255,5.895915,0.04497492,-0.025045456,0.27687445,22.462502,-18.50625,19.706251,46.950733,0.3361091,49.741684,0.16117263,-0.2532875,-0.72595227,0.61875856,0.15977925,-0.25416878,-0.7293393,0.6147626,-1.0,0
1763545003782,1009.74994,0.0634098,5.4017973,6.890133,0.0051159924,-0.018936807,0.22327107,22.518751,-18.88125,20.175001,46.950733,0.3361091,49.741684,0.16073242,-0.25391832,-0.72451866,0.6202929,0.15944174,-0.25473076,-0.7276572,0.6166081,-1.0,0
1763545003808,1009.73553,0.2650051,5.6674004,8.268997,0.26244277,-0.109039366,0.24770567,20.56875,-17.60625,20.925001,46.950733,0.3361091,49.741684,0.16095522,-0.2572886,-0.72128284,0.62261313,0.15976131,-0.25803167,-0.72416,0.6192643,-1.0,0
1763545003833,1009.7375,1.041476,5.977271,8.236095,0.30443972,-0.050090913,0.1886045,21.0,-16.931252,20.85,46.950733,0.3361091,49.741684,0.16174546,-0.2601114,-0.71942043,0.6233897,0.1605516,-0.26084995,-0.72226995,0.62008595,-1.0,0
1763545003858,1009.7375,0.6430711,6.0418773,7.8335032,0.28122687,0.16661337,0.069485866,23.306252,-18.5625,21.618752,46.950733,0.3361091,49.741684,0.1641074,-0.26153892,-0.71792763,0.6238959,0.16292603,-0.2622765,-0.7207344,0.6206513,-1.0,0
1763545003883,1009.747,0.14237295,6.087939,7.5846496,0.19738568,0.06017018,0.037110034,22.5375,-17.268751,21.16875,46.950733,0.3361091,49.741684,0.16629694,-0.26242232,-0.7169158,0.6241087,0.1651479,-0.26314694,-0.7196379,0.620968,-1.0,0
1763545003908,1009.7514,1.3692927,6.3074803,9.659226,0.09277509,-0.18188499,-0.03405571,22.44375,-19.275002,20.681252,46.950733,0.3361091,49.741684,0.16524257,-0.26621282,-0.71681947,0.62289286,0.16417724,-0.26687112,-0.71930325,0.62002295,-1.0,0
1763545003933,1009.7514,0.7746763,6.7818575,9.741181,0.024969097,0.03375028,-0.08872811,22.35,-17.6625,19.66875,46.950733,0.3361091,49.741684,0.16547817,-0.26642585,-0.71724796,0.6222456,0.16436876,-0.2671117,-0.71982944,0.6192575,-1.0,0
1763545003959,1009.7724,0.3361916,6.9098735,9.772886,-0.021303909,0.06582068,-0.06887501,23.04375,-18.35625,21.956251,46.950733,0.3361091,49.741684,0.16612647,-0.26556507,-0.7176517,0.62197524,0.16500762,-0.26626173,-0.72026235,0.6189502,-1.0,0
1763545003985,1009.77704,1.3680964,6.5515485,10.2347,-0.105908684,-0.32498005,-0.023212861,22.06875,-18.825,22.237501,46.950733,0.3361091,49.741684,0.16321394,-0.2668322,-0.7189521,0.62070096,0.16211236,-0.26750287,-0.7215052,0.61773133,-1.0,0
1763545004010,1009.77704,2.5256243,6.040681,11.167303,-0.19494222,-0.1924224,-0.098654665,22.3875,-18.7875,21.112501,46.950733,0.3361091,49.741684,0.16045518,-0.26690543,-0.72026294,0.61986846,0.15932876,-0.2675794,-0.72286934,0.61682695,-1.0,0
1763545004035,1009.8012,2.181058,5.5573306,11.15833,-0.18898629,0.16065744,-0.25014913,22.462502,-18.50625,19.237501,46.950733,0.3361091,49.741684,0.16000031,-0.26463184,-0.72198486,0.618957,0.1587593,-0.26537827,-0.72487557,0.61556906,-1.0,0
1763545004060,1009.8012,1.5810575,5.206184,10.136595,-0.050778136,0.16142102,-0.17195843,23.681252,-16.78125,20.400002,46.950733,0.3361091,49.741684,0.16203211,-0.25896895,-0.7245919,0.61777604,0.15961395,-0.26219213,-0.7268415,0.61439407,-1.0,0
1763545004085,1009.81586,1.7084754,4.9471607,8.956335,0.088651754,0.035582874,-0.1933387,22.275002,-19.40625,20.081251,46.950733,0.3361091,49.741684,0.1628871,-0.2585233,-0.7255306,0.6166351,0.16120723,-0.25957415,-0.72951406,0.61191726,-1.0,0
1763545004110,1009.8051,1.2436695,4.766503,7.266404,0.118889555,0.019394957,-0.21991132,23.025002,-19.331251,20.306252,46.950733,0.3361091,49.741684,0.16396716,-0.25883052,-0.72650653,0.615069,0.1621653,-0.25996318,-0.7307614,0.61000764,-1.0,0
1763545004135,1009.8051,0.83688974,4.8215375,6.3960147,-0.009697478,-0.03604102,-0.1962403,22.575,-17.8875,20.268751,46.950733,0.3361091,49.741684,0.1643153,-0.25886086,-0.7276809,0.6135732,0.16246997,-0.26002303,-0.7320266,0.608382,-1.0,0
1763545004160,1009.77435,1.5361922,4.520042,7.60439,-0.1625664,0.16982041,-0.25686863,23.8875,-17.75625,21.975,46.950733,0.3361091,49.741684,0.1639083,-0.25564295,-0.73081005,0.61130804,0.16185848,-0.25907195,-0.7334299,0.6072595,-1.0,0
1763545004185,1009.76117,0.9798609,4.499105,7.2149587,0.011377357,0.20189081,-0.32788166,23.1,-19.6875,19.85625,46.950733,0.3361091,49.741684,0.16576198,-0.25355175,-0.7324034,0.6097702,0.16392413,-0.2547438,-0.73679376,0.604458,-1.0,0
1763545004211,1009.76117,0.60777694,4.6378884,6.2315083,0.20303617,-0.006872229,-0.3488038,23.41875,-18.0375,20.04375,46.950733,0.3361091,49.741684,0.16766983,-0.25388625,-0.73396486,0.60722667,0.16578613,-0.25512025,-0.738439,0.60177773,-1.0,0
1763545004237,1009.7392,0.10229317,5.1379886,4.584648,0.0712421,0.02443459,-0.2924515,25.1625,-18.862501,20.5125,46.950733,0.3361091,49.741684,0.17111918,-0.25567478,-0.7369497,0.60187525,0.16932978,-0.2568634,-0.7411342,0.5967149,-1.0,0
1763545004262,1009.7048,0.0071784677,5.2307105,5.3653064,-0.025579963,-0.028252495,-0.22846343,22.85625,-17.868752,21.018751,46.950733,0.3361091,49.741684,0.17184375,-0.25546837,-0.738335,0.60005593,0.17021532,-0.2565562,-0.7421368,0.5953475,-1.0,0
1763545004287,1009.7048,-0.0023928226,5.3766723,6.220741,-0.016264275,-0.032070402,-0.1621846,23.587502,-19.29375,22.10625,46.950733,0.3361091,49.741684,0.17206828,-0.25544724,-0.73944014,0.59863794,0.17057349,-0.25644782,-0.74292374,0.5943093,-1.0,0
1763545004313,1009.695,-0.1902294,5.829514,6.9062843,0.11415535,0.07987057,0.0004581486,23.23125,-20.550001,18.806252,46.950733,0.3361091,49.741684,0.17442608,-0.2554321,-0.7396431,0.5977106,0.17311092,-0.25632527,-0.74270546,0.59390116,-1.0,0
1763545004338,1009.695,-0.029312078,6.0921264,7.146763,0.2041052,-0.033597562,0.10140356,23.550001,-18.7875,21.618752,46.950733,0.3361091,49.741684,0.17547859,-0.25689408,-0.73872924,0.59790623,0.17424206,-0.2577344,-0.7415939,0.5943494,-1.0,0
1763545004364,1009.7016,0.48275197,6.5665035,7.1892357,0.2520581,-0.14599667,0.1423315,23.90625,-20.1,19.181252,46.950733,0.3361091,49.741684,0.17593908,-0.25962976,-0.73747504,0.5981374,0.17477949,-0.2604118,-0.74013525,0.59484255,-1.0,0
1763545004389,1009.7004,1.0402796,7.048059,8.907282,0.04894554,-0.092546016,0.05253437,24.018751,-20.23125,20.1,46.950733,0.3361091,49.741684,0.1750558,-0.26418358,-0.73611104,0.5980827,0.17409405,-0.26481837,-0.73828095,0.5954022,-1.0,0
1763545004415,1009.7004,0.97926265,6.980462,10.530214,0.022067491,0.16157374,0.04657844,26.925001,-19.78125,17.75625,46.950733,0.3361091,49.741684,0.17560637,-0.26399142,-0.73563665,0.5985898,0.1747013,-0.26459125,-0.73768216,0.5960671,-1.0,0
1763545004441,1009.72845,0.5796613,7.239485,10.469197,0.2013563,0.40607235,0.04016436,25.29375,-18.975,19.59375,46.950733,0.3361091,49.741684,0.17882945,-0.26294288,-0.7343954,0.59962034,0.17789148,-0.26357836,-0.736527,0.597,-1.0,0
1763545004467,1009.7629,-0.53180486,7.8053875,8.057232,0.22105668,0.23640467,0.13240494,23.75625,-19.368752,19.462502,46.950733,0.3361091,49.741684,0.18656321,-0.26297182,-0.7307688,0.6016784,0.1856384,-0.2636255,-0.7328777,0.5991079,-1.0,0
1763545004492,1009.7629,-0.20039889,7.489535,8.319246,0.0017562362,0.057115857,0.11056653,23.962502,-18.243752,20.75625,46.950733,0.3361091,49.741684,0.18760039,-0.26326045,-0.72970444,0.60252094,0.18682653,-0.2638102,-0.7314705,0.60037565,-1.0,0
1763545004518,1009.77094,-0.12981063,6.5760746,9.732208,-0.23785548,0.15363249,0.05421425,25.29375,-18.975,19.59375,46.950733,0.3361091,49.741684,0.18742275,-0.26148543,-0.7295709,0.60351,0.18678983,-0.26193795,-0.7310284,0.60174376,-1.0,0
1763545004543,1009.77094,-0.3924229,5.415556,11.021341,-0.2778671,0.31337363,0.05650499,25.66875,-19.3125,20.025002,46.950733,0.3361091,49.741684,0.18767849,-0.25770724,-0.7295513,0.60507745,0.18707353,-0.25814673,-0.7309685,0.6033646,-1.0,0
1763545004568,1009.8022,-0.05383851,5.0859447,9.15494,0.17249294,0.01970039,0.24281874,24.50625,-20.04375,19.10625,46.950733,0.3361091,49.741684,0.18929176,-0.25494874,-0.7271182,0.60866165,0.18835174,-0.25564396,-0.7293543,0.6059802,-1.0,0
1763545004594,1009.82074,0.4001996,5.230112,6.9535427,0.0561232,-0.1197295,0.18982624,24.6375,-18.65625,18.862501,46.950733,0.3361091,49.741684,0.188499,-0.25644177,-0.7259543,0.6096688,0.18742263,-0.2572295,-0.728503,0.6066211,-1.0,0
1763545004619,1009.82074,-0.005383851,4.918447,7.3549385,-0.6868411,0.16432263,0.0021380268,23.831251,-18.13125,20.925001,46.950733,0.3361091,49.741684,0.18383607,-0.25010514,-0.7271168,0.6123339,0.18545851,-0.2559687,-0.728517,0.6077402,-1.0,0
1763545004644,1009.8024,-0.23389842,4.7048874,8.853444,-0.6767618,0.15974113,0.04612029,24.393751,-18.431252,18.5625,46.950733,0.3361091,49.741684,0.18080677,-0.24406509,-0.7283682,0.61418307,0.17987122,-0.24475534,-0.7307139,0.61139053,-1.0,0
1763545004669,1009.79877,-0.15254244,4.7341995,8.895318,-0.36934412,0.027488915,0.1461494,25.48125,-17.550001,16.3875,46.950733,0.3361091,49.741684,0.17822818,-0.2403841,-0.7287078,0.61598307,0.17725377,-0.24110352,-0.73119503,0.6130286,-1.0,0
1763545004695,1009.79877,0.40259242,4.833502,7.4997044,-0.074907295,-0.093615025,0.20265439,25.425001,-15.58125,18.150002,46.950733,0.3361091,49.741684,0.17637695,-0.23987551,-0.7280602,0.6174782,0.17532513,-0.24064538,-0.73075646,0.6142849,-1.0,0
1763545004720,1009.7785,0.8925229,4.4871407,5.5507503,-0.102090776,-0.19303326,0.13179408,23.00625,-17.325,18.487501,46.950733,0.3361091,49.741684,0.17273009,-0.24211778,-0.7267598,0.61916345,0.17170525,-0.24284565,-0.72937024,0.6160863,-1.0,0
1763545004745,1009.7785,0.57487565,4.17069,6.0436716,-0.18180864,-0.06398808,0.047647454,22.706251,-16.612501,19.40625,46.950733,0.3361091,49.741684,0.17083989,-0.24186423,-0.7268716,0.61965567,0.16988744,-0.24253415,-0.7293027,0.61679256,-1.0,0
1763545004770,1009.7458,-0.3272185,4.167699,6.5342007,-0.18425208,0.12156209,0.020005822,23.493752,-17.04375,19.81875,46.950733,0.3361091,49.741684,0.17017439,-0.24017368,-0.72704273,0.6202952,0.1692383,-0.24083422,-0.7294515,0.6174608,-1.0,0
1763545004796,1009.7338,-1.0091729,4.7018967,7.4380894,0.12362376,-0.109650224,0.19364414,25.10625,-17.118752,18.581251,46.950733,0.3361091,49.741684,0.1703994,-0.2392457,-0.7256516,0.62221795,0.16949825,-0.23988497,-0.72798705,0.61948395,-1.0,0
1763545004822,1009.7338,-0.6538388,5.168497,7.155138,0.28031057,-0.26160285,0.28619015,23.118752,-16.06875,18.88125,46.950733,0.3361091,49.741684,0.16979377,-0.2426502,-0.723984,0.6230073,0.1688948,-0.2432768,-0.7262842,0.62032425,-1.0,0
1763545004847,1009.7336,0.1160519,5.6823554,6.920043,0.30291256,-0.19165882,0.3188714,22.743752,-17.118752,19.893751,46.950733,0.3361091,49.741684,0.16961749,-0.24642631,-0.721745,0.6241699,0.16874947,-0.24702156,-0.72393656,0.62162673,-1.0,0
1763545004873,1009.72845,1.0271192,6.3607206,8.008778,0.22808164,-0.24846925,0.14691298,23.23125,-16.2,19.48125,46.950733,0.3361091,49.741684,0.1694457,-0.25321043,-0.7182623,0.62551725,0.16872905,-0.2536885,-0.7200281,0.6234839,-1.0,0
1763545004899,1009.72845,1.1473584,6.2327046,9.041281,0.14256057,-0.34529132,0.0059559317,22.40625,-16.650002,19.44375,46.950733,0.3361091,49.741684,0.16810781,-0.25658894,-0.7181273,0.6246559,0.16745427,-0.2570159,-0.7197147,0.62282634,-1.0,0
1763545004924,1009.7724,0.69571316,5.8935223,9.646665,0.07276927,-0.1414152,-0.061239194,23.868752,-15.993751,18.7875,46.950733,0.3361091,49.741684,0.16714156,-0.25849807,-0.7185965,0.62358755,0.16650794,-0.2589067,-0.7201217,0.6218257,-1.0,0
1763545004949,1009.7856,-0.15194423,7.171888,8.484949,-0.27328563,0.23136504,-0.06704241,22.81875,-16.10625,18.300001,46.950733,0.3361091,49.741684,0.16889587,-0.25413123,-0.71914494,0.62427723,0.16825533,-0.25455576,-0.72071487,0.6224642,-1.0,0
1763545004974,1009.7856,-0.2656033,7.199405,9.482756,-0.3746892,-0.09575305,-0.1291979,23.79375,-17.00625,19.78125,46.950733,0.3361091,49.741684,0.16727796,-0.25153065,-0.72073066,0.6239373,0.1667699,-0.25186783,-0.72198856,0.6224812,-1.0,0
1763545004999,1009.8217,-0.07477571,6.7441707,10.253843,-0.4560869,-0.252898,-0.10415245,24.468752,-15.937501,18.4125,46.950733,0.3361091,49.741684,0.16359775,-0.2498173,-0.72290176,0.6230893,0.163201,-0.25007662,-0.7238898,0.62194103,-1.0,0
1763545005024,1009.8588,0.8530413,5.88096,13.024134,-0.45242172,0.083688475,0.04856375,23.8125,-14.75625,18.73125,46.950733,0.3361091,49.741684,0.1567218,-0.24270664,-0.7255804,0.6245517,0.15634401,-0.24295019,-0.7265512,0.6234221,-1.0,0
1763545005049,1009.8588,1.8975084,5.88096,13.024134,-0.45242172,0.083688475,0.04856375,22.368752,-15.4125,19.06875,46.950733,0.3361091,49.741684,0.1567218,-0.24270664,-0.7255804,0.6245517,0.15634401,-0.24295019,-0.7265512,0.6234221,-1.0,0
1763545005075,1009.86835,1.6857436,5.3587265,10.98844,-0.011835505,0.15913028,-0.021227552,20.94375,-15.075001,20.90625,46.950733,0.3361091,49.741684,0.15580203,-0.23830485,-0.72596616,0.62602687,0.15510225,-0.23876089,-0.7277996,0.62389445,-1.0,0
1763545005100,1009.86835,1.3836497,5.0937214,9.580264,0.042836893,0.13881902,-0.015577052,22.0125,-15.69375,18.825,46.950733,0.3361091,49.741684,0.1567003,-0.23749451,-0.7258049,0.62629753,0.15587188,-0.23803903,-0.72798264,0.6237649,-1.0,0
1763545005126,1009.85004,1.6103697,3.8943188,8.639286,0.042073313,-0.041691523,-0.04016436,22.143751,-16.556252,18.54375,46.950733,0.3361091,49.741684,0.15693071,-0.23743929,-0.72596884,0.6260708,0.15595232,-0.23808308,-0.728539,0.6230781,-1.0,0
1763545005150,1009.82416,1.2801601,3.830909,7.578069,0.066507906,-0.020922119,-0.050243627,23.868752,-14.512501,19.181252,46.950733,0.3361091,49.741684,0.15685058,-0.23784596,-0.7262143,0.6256516,0.15576167,-0.23856047,-0.7290668,0.6223253,-1.0,0
1763545005176,1009.82416,1.6139588,4.185645,6.820741,0.042836893,-0.09926552,-0.06185006,23.268751,-14.681251,17.550001,46.950733,0.3361091,49.741684,0.15649916,-0.23846012,-0.726537,0.62513095,0.15532604,-0.23922588,-0.7295987,0.6215549,-1.0,0
1763545005201,1009.78925,1.8370895,4.4662037,6.690332,0.028939718,-0.18570289,-0.30482152,23.681252,-15.39375,19.237501,46.950733,0.3361091,49.741684,0.15447986,-0.24093683,-0.7293828,0.62135834,0.153277,-0.24170382,-0.7324708,0.61771506,-1.0,0
1763545005227,1009.7653,1.1575279,4.4392843,5.9497533,-0.042684175,-0.02489274,-0.36407542,23.400002,-15.3,19.425001,46.950733,0.3361091,49.741684,0.15462886,-0.24089257,-0.73155373,0.6187809,0.15343237,-0.24165641,-0.7346133,0.6151455,-1.0,0
1763545005252,1009.7653,0.8500503,4.4685965,6.7178497,-0.20273075,0.073761925,-0.36621344,23.04375,-15.6,19.78125,46.950733,0.3361091,49.741684,0.1547395,-0.2390109,-0.73400587,0.6165751,0.153599,-0.23974545,-0.7369352,0.61307096,-1.0,0
1763545005278,1009.75433,0.3589234,4.843073,7.54457,0.07506001,0.017409647,-0.3016145,22.875,-15.731251,19.35,46.950733,0.3361091,49.741684,0.15612645,-0.23645076,-0.7381051,0.61230415,0.15402028,-0.2375723,-0.739131,0.6111649,-1.0,0
1763545005304,1009.74554,0.29312077,5.2307105,6.613762,0.09109521,0.10644319,-0.2490801,23.5125,-16.275002,18.225,46.950733,0.3361091,49.741684,0.15781713,-0.23633178,-0.7393123,0.6104576,0.15672696,-0.23705612,-0.74211603,0.60704595,-1.0,0
1763545005329,1009.74554,0.08554341,5.581259,6.4677997,0.02328922,0.25030184,-0.21380267,22.650002,-17.85,16.40625,46.950733,0.3361091,49.741684,0.16023648,-0.2350772,-0.7401602,0.6092831,0.15920407,-0.2357776,-0.7428249,0.6060315,-1.0,0
1763545005354,1009.74457,-0.39421752,5.7553368,7.1473613,0.18700098,-0.054519683,-0.002290743,22.837502,-15.356251,17.625,46.950733,0.3361091,49.741684,0.16369997,-0.2348561,-0.74056816,0.60795045,0.1629064,-0.23540726,-0.7426158,0.60544753,-1.0,0
1763545005380,1009.74457,0.04366901,6.19083,6.617351,0.1928042,-0.17776164,0.08811724,23.550001,-16.25625,16.6875,46.950733,0.3361091,49.741684,0.1639422,-0.23745827,-0.7398954,0.6076934,0.16323885,-0.23794234,-0.74169034,0.6055014,-1.0,0
1763545005406,1009.74335,0.5204389,6.513263,7.6127653,0.047265664,-0.1301142,0.08720095,23.38125,-15.543751,17.587502,46.950733,0.3361091,49.741684,0.16336036,-0.23930147,-0.7393477,0.6077937,0.16279942,-0.23968348,-0.7407693,0.6060602,-1.0,0
1763545005431,1009.767,0.43788654,6.66102,9.037093,0.02481638,0.056199558,0.06062833,22.425001,-16.63125,17.587502,46.950733,0.3361091,49.741684,0.16354096,-0.23969859,-0.73885006,0.6081937,0.16311572,-0.23998816,-0.73992723,0.60688275,-1.0,0
1763545005456,1009.767,-0.5395815,6.6975107,9.236296,0.31344998,0.17684536,0.19853105,22.275002,-15.918751,18.806252,46.950733,0.3361091,49.741684,0.1684217,-0.2409781,-0.73582965,0.61001515,0.1681203,-0.2411885,-0.7365917,0.60909474,-1.0,0
1763545005482,1009.7861,0.0041874396,6.699305,9.008379,0.3023017,0.10522146,0.26648977,24.13125,-15.468751,17.8125,46.950733,0.3361091,49.741684,0.17073065,-0.24287051,-0.73340666,0.6115387,0.17049082,-0.2430389,-0.7340099,0.6108146,-1.0,0
1763545005508,1009.788,0.16749759,6.625128,9.030513,0.1834885,0.22128576,0.24969098,22.125,-18.150002,17.400002,46.950733,0.3361091,49.741684,0.17603393,-0.24248746,-0.72867924,0.6158234,0.17591895,-0.2425709,-0.7289711,0.61547786,-1.0,0
1763545005532,1009.788,-1.5894325,6.951748,8.407781,-0.04054615,0.3026835,0.38011062,24.112501,-16.21875,18.16875,46.950733,0.3361091,49.741684,0.17818743,-0.24068473,-0.72597957,0.61909115,0.17814507,-0.24071607,-0.72608846,0.61896336,-1.0,0
1763545005557,1009.8034,-1.0833504,7.0175505,9.664013,-0.17142393,0.0056504994,0.4392118,22.425001,-16.63125,17.90625,46.950733,0.3361091,49.741684,0.17725158,-0.23993416,-0.72362125,0.6224032,0.17734064,-0.23986834,-0.72339016,0.6226718,-1.0,0
1763545005583,1009.8034,-0.75972116,6.2063837,11.245668,-0.21876594,-0.042760536,0.40133816,23.15625,-16.6875,17.362501,46.950733,0.3361091,49.741684,0.17496496,-0.2393168,-0.72178185,0.6254164,0.17514901,-0.23918217,-0.7213006,0.6259714,-1.0,0
1763545005608,1009.83856,-2.969493,4.5361934,10.776076,0.1758527,0.52916163,0.6395754,23.400002,-14.793751,17.081251,46.950733,0.3361091,49.741684,0.17714088,-0.2356072,-0.7153108,0.63359356,0.17714907,-0.23560105,-0.7152888,0.63361835,-1.0,0
1763545005633,1009.83563,-2.7876384,4.7730827,8.84806,0.31604618,0.32116216,0.8976658,25.368752,-15.20625,16.893751,46.950733,0.3361091,49.741684,0.1800583,-0.23563041,-0.70906276,0.6397557,0.179907,-0.23574595,-0.70947325,0.6393004,-1.0,0
1763545005658,1009.83563,-1.4530416,5.029115,7.5810604,0.22288929,0.036346454,0.96776253,23.8125,-15.093751,14.887501,46.950733,0.3361091,49.741684,0.18047856,-0.23784322,-0.70251405,0.6460124,0.18026291,-0.23800673,-0.70309937,0.6453754,-1.0,0
1763545005684,1009.82294,-0.7830512,4.74736,7.29452,-0.073685564,0.07315106,0.81413,24.281252,-13.44375,15.20625,46.950733,0.3361091,49.741684,0.17914471,-0.23878936,-0.69718534,0.65178174,0.17894828,-0.2389366,-0.69772106,0.6512082,-1.0,0
1763545005709,1009.8222,-1.6414764,3.821936,10.103095,-0.3899608,0.47403106,0.72845626,24.093752,-14.343751,16.050001,46.950733,0.3361091,49.741684,0.17628682,-0.23095976,-0.6889318,0.6640433,0.17610328,-0.23109974,-0.68945915,0.6634958,-1.0,0
1763545005735,1009.8222,-1.1641082,3.7944186,10.328021,-0.05933024,0.47754353,0.8373429,22.9125,-12.95625,15.31875,46.950733,0.3361091,49.741684,0.17682934,-0.22739774,-0.6834214,0.6707883,0.17651764,-0.22763973,-0.6843396,0.6698515,-1.0,0
1763545005759,1009.81415,-0.5395815,3.958925,9.031709,0.2890154,0.37934703,0.8642209,23.456251,-13.14375,15.431251,46.950733,0.3361091,49.741684,0.17877492,-0.2269958,-0.6768919,0.6770005,0.17828676,-0.2273794,-0.6783451,0.6755445,-1.0,0
1763545005785,1009.78876,-0.5306084,3.9972103,5.91087,0.23296855,0.6235402,0.74647677,24.4125,-12.806251,15.150001,46.950733,0.3361091,49.741684,0.18637477,-0.2264298,-0.6633231,0.68847394,0.18571772,-0.22696903,-0.6653158,0.68654853,-1.0,0
1763545005810,1009.78876,-1.0797613,4.024728,6.279963,0.10270164,0.6980657,0.69348425,25.687502,-12.3,14.83125,46.950733,0.3361091,49.741684,0.19018532,-0.2237366,-0.6571806,0.6941794,0.1895569,-0.22426929,-0.65912557,0.692333,-1.0,0
1763545005835,1009.7724,-1.5661024,4.0360937,6.6981087,0.11110103,0.69073534,0.70951945,25.462502,-10.6875,13.5375,46.950733,0.3361091,49.741684,0.19397959,-0.22071232,-0.65102535,0.6998742,0.19336842,-0.22124799,-0.6529586,0.69807094,-1.0,0
1763545005861,1009.7724,-1.7318054,4.1988053,7.516454,0.24549128,0.5555815,0.82100224,26.04375,-10.743751,12.8625,46.950733,0.3361091,49.741684,0.20127618,-0.21689785,-0.63769853,0.7111848,0.19704968,-0.21888907,-0.6465927,0.7036881,-1.0,0
1763545005886,1009.7653,-1.6624135,4.578068,7.8287177,0.37789622,0.5337431,0.8999565,27.000002,-11.043751,13.856251,46.950733,0.3361091,49.741684,0.2052799,-0.21651089,-0.6300417,0.7169593,0.2045797,-0.21717264,-0.6323536,0.71492106,-1.0,0
1763545005911,1009.757,-1.2658032,5.0213385,7.408179,0.45853037,0.5044216,0.96898425,26.062502,-12.0,13.70625,46.950733,0.3361091,49.741684,0.20975736,-0.21705998,-0.621571,0.7228667,0.20897311,-0.21781513,-0.6241742,0.72062016,-1.0,0
1763545005936,1009.757,-0.3361916,5.849853,8.906086,0.3768272,0.51175195,0.88819736,26.625002,-10.6875,13.25625,46.950733,0.3361091,49.741684,0.21732971,-0.21818298,-0.6049391,0.734311,0.21651997,-0.21898656,-0.60765517,0.732065,-1.0,0
1763545005961,1009.7675,-0.90329057,6.242874,8.444271,0.4229475,0.5878046,0.8475749,27.88125,-11.793751,12.1125,46.950733,0.3361091,49.741684,0.22196026,-0.21804848,-0.59686875,0.7395513,0.22112337,-0.21889715,-0.5996974,0.73725945,-1.0,0
1763545005986,1009.7592,-0.8757731,6.6921268,7.98126,0.33024877,0.5523745,0.8481857,25.556252,-12.4125,13.1625,46.950733,0.3361091,49.741684,0.2261752,-0.2176596,-0.58887255,0.74478066,0.22532803,-0.21853651,-0.5917611,0.7424876,-1.0,0
1763545006012,1009.7592,-0.54376894,6.8410797,8.10808,0.14026983,0.54947287,0.7864884,28.3875,-10.125,11.6625,46.950733,0.3361091,49.741684,0.22929966,-0.21637356,-0.58150315,0.74997216,0.22849663,-0.21722145,-0.5842772,0.747813,-1.0,0
1763545006037,1009.76776,-1.0169497,6.8739815,9.630513,-0.16088651,0.375071,0.62583095,26.04375,-10.743751,12.8625,46.950733,0.3361091,49.741684,0.23119555,-0.21146312,-0.57007575,0.75950354,0.2304936,-0.21222799,-0.5725891,0.7576105,-1.0,0
1763545006062,1009.76776,-0.9403793,6.5252275,10.696515,-0.20578507,0.31428993,0.6788235,29.868752,-10.087501,11.025001,46.950733,0.3361091,49.741684,0.23031633,-0.20919716,-0.5650505,0.76413935,0.22961695,-0.20996457,-0.5675973,0.76224947,-1.0,0
1763545006087,1009.78876,-0.32303107,6.0598235,11.095519,-0.14698933,0.37888888,0.7466295,29.812502,-9.712501,9.31875,46.950733,0.3361091,49.741684,0.22940977,-0.20437333,-0.5530338,0.77443933,0.22856188,-0.2053212,-0.5562347,0.77214354,-1.0,0
1763545006112,1009.80756,0.008973085,5.7780685,11.126027,-0.045433067,0.6191115,0.8147409,30.393751,-8.175,11.025001,46.950733,0.3361091,49.741684,0.2300622,-0.20118347,-0.54605573,0.78001267,0.22912852,-0.20224622,-0.54966044,0.77747667,-1.0,0
1763545006138,1009.80756,-0.2853441,5.5334024,10.251451,0.14332415,0.7626647,0.91034126,28.500002,-8.868751,11.418751,46.950733,0.3361091,49.741684,0.23272859,-0.19756356,-0.5376445,0.78596723,0.23170933,-0.19875799,-0.54168,0.78319144,-1.0,0
1763545006163,1009.79974,-0.35234314,5.388038,8.368299,0.33131778,0.66309375,1.0089959,30.45,-7.9125004,11.00625,46.950733,0.3361091,49.741684,0.23655222,-0.19556972,-0.5280904,0.7917803,0.23544395,-0.19690253,-0.5325536,0.7887853,-1.0,0
1763545006188,1009.77704,1.2969099,5.163711,6.61436,0.09964732,0.4431824,0.84421515,29.7,-8.85,8.962501,46.950733,0.3361091,49.741684,0.24139027,-0.19504346,-0.5102249,0.80209684,0.24025321,-0.1964424,-0.5148756,0.7991195,-1.0,0
1763545006214,1009.77704,0.53300124,4.855037,6.960123,-0.123929195,0.67821264,0.6542362,30.243752,-9.056251,9.69375,46.950733,0.3361091,49.741684,0.24251135,-0.19169447,-0.5035126,0.806794,0.24145631,-0.19302168,-0.5079301,0.8040202,-1.0,0
1763545006239,1009.7614,-0.31944183,4.5858445,7.783852,-0.20685409,0.78877914,0.61346096,30.525002,-7.65,9.900001,46.950733,0.3361091,49.741684,0.24351786,-0.18606263,-0.49724492,0.81168175,0.2425224,-0.18735828,-0.5015653,0.8090192,-1.0,0
1763545006263,1009.7614,-0.98883396,4.2006,7.1563344,0.08452842,0.7319687,0.7197514,30.50625,-7.14375,7.8562503,46.950733,0.3361091,49.741684,0.24771631,-0.17646734,-0.4834024,0.8208642,0.2466714,-0.177925,-0.48823443,0.8179994,-1.0,0
1763545006288,1009.7453,-1.2406785,4.4093738,6.3684974,0.07322741,0.66355187,0.8281799,31.1625,-6.7125,9.0,46.950733,0.3361091,49.741684,0.2502159,-0.17299882,-0.47542188,0.82549226,0.2491229,-0.17456903,-0.4806041,0.8224859,-1.0,0
1763545006314,1009.7299,-0.5838487,4.7096734,6.856633,0.012140937,0.6261364,0.9311106,32.49375,-6.05625,7.5937505,46.950733,0.3361091,49.741684,0.25187954,-0.16993284,-0.46666172,0.83060604,0.2507645,-0.17157407,-0.47207588,0.8275409,-1.0,0
1763545006340,1009.7299,-0.67417777,5.0823555,7.2843504,0.07887791,0.7176134,0.96974784,32.943752,-6.6562505,8.6625,46.950733,0.3361091,49.741684,0.25572085,-0.16362822,-0.44802544,0.8408959,0.25461593,-0.16534227,-0.4536639,0.8378674,-1.0,0
1763545006365,1009.73114,-0.71665037,5.276174,7.425527,0.111253746,0.6893609,1.0406082,32.71875,-6.4125004,7.5937505,46.950733,0.3361091,49.741684,0.2580543,-0.16059865,-0.43784425,0.8461138,0.2569557,-0.16235054,-0.44359037,0.84311545,-1.0,0
1763545006390,1009.72675,-0.4336991,5.5704913,7.798209,0.19341506,0.55695593,1.0900882,34.0125,-6.525,6.8437505,46.950733,0.3361091,49.741684,0.26038405,-0.15888716,-0.42731386,0.85109216,0.25927842,-0.16068499,-0.4331925,0.84811515,-1.0,0
1763545006415,1009.72675,-0.09930214,5.7110696,7.9722867,0.26473352,0.4977021,1.1012365,33.862503,-5.90625,6.3562503,46.950733,0.3361091,49.741684,0.2629024,-0.15842289,-0.41669324,0.85565835,0.26178628,-0.16026051,-0.42267665,0.8527186,-1.0,0
1763545006441,1009.7277,0.4426722,6.046663,8.589037,0.3163516,0.743117,1.1140647,34.125,-4.51875,7.0312505,46.950733,0.3361091,49.741684,0.26951277,-0.1552978,-0.39396432,0.86489165,0.26840773,-0.15719992,-0.40007102,0.8620839,-1.0,0
1763545006466,1009.7387,0.8153543,6.4648085,9.106484,0.34994915,0.68997175,1.0494657,33.975002,-6.01875,6.20625,46.950733,0.3361091,49.741684,0.2733964,-0.15325929,-0.38257906,0.86913705,0.27230757,-0.15518568,-0.38870573,0.86641437,-1.0,0
1763545006491,1009.7387,0.7435696,6.4558353,8.987442,0.41500625,0.5647445,0.9240857,34.237503,-5.3812504,7.0687504,46.950733,0.3361091,49.741684,0.27752632,-0.15232497,-0.37237674,0.8724173,0.27643803,-0.15429117,-0.37856025,0.86975193,-1.0,0
1763545006517,1009.7358,0.6939186,6.3631134,8.636893,0.32322383,0.58154327,0.8167262,34.143753,-5.8875003,7.1062503,46.950733,0.3361091,49.741684,0.28122208,-0.15120013,-0.36323622,0.8752783,0.28015098,-0.1531756,-0.36938742,0.87270015,-1.0,0
1763545006543,1009.7358,-1.0175478,6.8039913,8.967103,-0.09537126,1.1548399,0.77564555,35.23125,-6.2812505,6.8625,46.950733,0.3361091,49.741684,0.2864174,-0.13968962,-0.34504828,0.8828327,0.28544328,-0.14166959,-0.35115325,0.88042223,-1.0,0
1763545006569,1009.7526,-0.974477,7.1042905,9.6783695,-0.19784383,1.0027345,0.84100807,37.18125,-7.55625,6.1125,46.950733,0.3361091,49.741684,0.28735885,-0.13198957,-0.33527482,0.8874652,0.28641245,-0.13403091,-0.341581,0.8850571,-1.0,0
1763545006593,1009.7685,-1.096511,6.2344995,10.188041,-0.16668972,0.7502947,0.80710506,39.131252,-5.34375,3.61875,46.950733,0.3361091,49.741684,0.28745508,-0.12144191,-0.31762508,0.895397,0.28651166,-0.12365124,-0.32450876,0.89292526,-1.0,0
1763545006618,1009.7685,-1.5439688,5.2863436,10.383056,-0.14026983,0.8810197,0.843757,39.862503,-5.4,3.8437502,46.950733,0.3361091,49.741684,0.28756717,-0.11561858,-0.30846608,0.8993254,0.28661707,-0.117954224,-0.31577224,0.8967861,-1.0,0
1763545006644,1009.7729,-1.9142581,4.8095737,9.782457,0.03046688,0.9784527,1.001971,40.95,-5.0437503,4.0125003,46.950733,0.3361091,49.741684,0.289009,-0.1091745,-0.2976086,0.9033182,0.288038,-0.11171106,-0.3055385,0.90066695,-1.0,0
1763545006668,1009.7729,-1.387239,4.8329034,8.660822,0.16974404,0.8129083,1.1317797,40.95,-5.0437503,4.0125003,46.950733,0.3361091,49.741684,0.29126874,-0.1045257,-0.28557187,0.9070202,0.29024294,-0.1073412,-0.29434133,0.9042124,-1.0,0
1763545006693,1009.76483,-0.36789647,4.8215375,7.0139613,0.077198036,0.65866494,1.074053,41.30625,-6.24375,2.8125,46.950733,0.3361091,49.741684,0.29505077,-0.09906041,-0.26195374,0.91351646,0.29397687,-0.102203265,-0.27168697,0.91066915,-1.0,0
1763545006718,1009.7553,-0.36251262,4.8496532,6.882954,-0.09842559,0.7163917,0.9908227,43.4625,-6.5062504,1.9875001,46.950733,0.3361091,49.741684,0.29534692,-0.09540833,-0.2511114,0.9168481,0.29429987,-0.09859074,-0.26099318,0.91408426,-1.0,0
1763545006745,1009.7404,-0.42053857,4.67737,8.026125,-0.16165009,0.7509055,0.9456187,44.71875,-5.26875,3.6375,46.950733,0.3361091,49.741684,0.29376274,-0.08641962,-0.23041667,0.92365754,0.29279605,-0.08964029,-0.2405457,0.9210716,-1.0,0
1763545006770,1009.7404,-0.0035892338,4.5397825,8.208578,0.015958842,0.59513503,0.9132428,44.41875,-5.30625,3.6750002,46.950733,0.3361091,49.741684,0.29388052,-0.08307906,-0.22042991,0.92635995,0.29293656,-0.086348526,-0.23073836,0.92384624,-1.0,0
1763545006795,1009.72723,0.08673982,4.578068,7.1413794,0.21128285,0.48792824,0.8640682,46.10625,-3.61875,1.5375,46.950733,0.3361091,49.741684,0.29557797,-0.08134013,-0.2110386,0.92815953,0.2946404,-0.08467335,-0.22150826,0.92571676,-1.0,0
1763545006820,1009.72723,0.017347964,4.7485566,5.8133626,0.20364705,0.54916745,0.7874047,44.5875,-4.425,3.91875,46.950733,0.3361091,49.741684,0.29784396,-0.07934161,-0.20214576,0.92958647,0.29692397,-0.08271799,-0.21268654,0.92723155,-1.0,0
1763545006845,1009.70233,-0.0071784677,4.853841,5.797211,-0.035201084,0.48365217,0.6950114,45.9,-5.26875,3.35625,46.950733,0.3361091,49.741684,0.29994142,-0.07353268,-0.1858419,0.9327866,0.29910028,-0.07688262,-0.19626255,0.9306498,-1.0,0
1763545006870,1009.6923,0.25124636,4.953741,6.321239,-0.094760396,0.40759954,0.6342304,46.518753,-4.4625,2.0062501,46.950733,0.3361091,49.741684,0.29969242,-0.07141622,-0.17880906,0.9344043,0.29888278,-0.074732274,-0.1891508,0.9323659,-1.0,0
1763545006895,1009.6923,0.212363,5.264808,7.5547395,-0.12667808,0.31474808,0.568257,45.46875,-4.5750003,2.7562501,46.950733,0.3361091,49.741684,0.2987738,-0.06993329,-0.17265843,0.93596613,0.29799104,-0.073197044,-0.18288556,0.93402165,-1.0,0
1763545006920,1009.7099,-0.39481574,5.8420763,8.431708,0.034742933,0.46089748,0.5374083,48.018753,-5.0437503,2.04375,46.950733,0.3361091,49.741684,0.2986842,-0.06551699,-0.1609364,0.9384001,0.29795784,-0.06874477,-0.17107996,0.9366039,-1.0,0
1763545006945,1009.7099,-0.3164508,6.065207,8.830113,0.15462515,0.38133234,0.5752819,46.818752,-5.0625,3.0937502,46.950733,0.3361091,49.741684,0.30002138,-0.06336984,-0.15458648,0.9391882,0.29930925,-0.06665246,-0.16486502,0.9374385,-1.0,0
1763545006971,1009.7255,0.14117654,6.25424,9.014361,0.3172679,0.19120067,0.6163626,46.29375,-5.6062503,2.1000001,46.950733,0.3361091,49.741684,0.30251637,-0.06321629,-0.14824796,0.93942004,0.30179787,-0.0665619,-0.15864022,0.9377211,-1.0,0
1763545006996,1009.7409,0.8422736,6.5168524,8.964112,0.36338818,-0.0006108648,0.6039925,45.05625,-5.8500004,2.71875,46.950733,0.3361091,49.741684,0.30545747,-0.06506995,-0.14237398,0.9392504,0.30471575,-0.068459466,-0.15279995,0.9376107,-1.0,0
1763545007021,1009.7409,1.3022938,7.1808605,8.709276,0.14729477,0.341168,0.35139996,48.975002,-6.1875005,0.76875,46.950733,0.3361091,49.741684,0.30993995,-0.065855145,-0.13259031,0.9391593,0.30922914,-0.06911592,-0.14247462,0.9377107,-1.0,0
1763545007047,1009.75287,0.71665037,7.6049886,8.772686,-0.045891218,0.2950477,0.21380267,49.575,-5.3812504,0.82500005,46.950733,0.3361091,49.741684,0.3102351,-0.06376975,-0.12926583,0.9396691,0.30957887,-0.06688289,-0.13869843,0.93832314,-1.0,0
1763545007072,1009.7702,0.41874397,7.556534,9.067003,-0.20746495,0.03619374,0.14172062,49.312504,-6.1312504,-1.125,46.950733,0.3361091,49.741684,0.30897707,-0.06316153,-0.12763087,0.9403479,0.30834186,-0.06619297,-0.13685994,0.93904907,-1.0,0
1763545007097,1009.7702,1.5948163,6.533602,11.563913,-0.42600182,-0.043982264,0.015729768,48.787502,-6.3375,0.95625,46.950733,0.3361091,49.741684,0.301777,-0.06463125,-0.12729782,0.9426286,0.30115986,-0.067448616,-0.13610137,0.94139785,-1.0,0
1763545007122,1009.80585,1.3674982,5.9838514,12.492927,-0.2616792,0.18142684,0.037110034,48.131252,-6.6562505,1.5,46.950733,0.3361091,49.741684,0.29846162,-0.063633844,-0.12698336,0.9437938,0.29787967,-0.06630473,-0.13543215,0.9426184,-1.0,0
1763545007147,1009.788,0.9242278,5.94437,10.864013,0.20395248,0.5752819,0.12049308,47.71875,-5.8125,1.2,46.950733,0.3361091,49.741684,0.2993152,-0.05947894,-0.12443211,0.9441342,0.2987823,-0.062100854,-0.13270487,0.94300693,-1.0,0
1763545007189,1009.757,1.7587247,5.395217,5.7726846,0.09430225,-0.16646065,-0.049174614,49.687504,-6.4687505,-1.44375,46.950733,0.3361091,49.741684,0.30866107,-0.05806687,-0.11907144,0.94190156,0.30818564,-0.060539555,-0.1266189,0.9409167,-1.0,0
1763545007214,1009.757,0.68494546,4.5852466,6.6077795,-0.21555892,0.14905101,-0.17806709,49.7625,-6.0750003,-1.95,46.950733,0.3361091,49.741684,0.30763727,-0.057333596,-0.12040267,0.9421122,0.3072105,-0.059578262,-0.12727824,0.94120795,-1.0,0
1763545007240,1009.75214,-0.40737805,4.3579283,7.5212398,-0.2691623,0.41981682,-0.07880156,50.5875,-4.14375,-1.21875,46.950733,0.3361091,49.741684,0.3055194,-0.053352237,-0.120415665,0.94303316,0.30514377,-0.055460516,-0.12692425,0.9421792,-1.0,0
1763545007266,1009.7421,-0.26141587,4.674379,6.201598,0.114308074,0.091782436,0.05818487,48.525,-5.49375,1.5562501,46.950733,0.3361091,49.741684,0.30538124,-0.047783982,-0.11805981,0.94367415,0.30503437,-0.049950402,-0.124755114,0.9428124,-1.0,0
1763545007291,1009.7421,0.23928227,4.8448677,5.575875,0.16760603,-0.1423315,0.028710645,47.60625,-6.3375,1.5375,46.950733,0.3361091,49.741684,0.30680567,-0.04899764,-0.11792578,0.94316643,0.306448,-0.051187053,-0.124657206,0.94230044,-1.0,0
1763545007316,1009.7292,0.051445685,4.875974,5.5447683,0.05948296,-0.021991132,-0.045203995,47.550003,-5.9625,1.3687501,46.950733,0.3361091,49.741684,0.30771884,-0.04981337,-0.11845497,0.9427599,0.30736154,-0.05197253,-0.12507083,0.941905,-1.0,0
1763545007341,1009.7292,-0.40857446,5.0165524,5.9300127,-0.08956805,0.26511532,0.0016798781,48.206253,-6.2625003,1.48125,46.950733,0.3361091,49.741684,0.3075912,-0.047818936,-0.1180331,0.9429577,0.30725744,-0.04991859,-0.12447049,0.94212955,-1.0,0
1763545007366,1009.72894,0.26979074,5.474778,7.327421,0.025427246,0.17699806,0.042302385,47.175003,-6.3750005,1.2750001,46.950733,0.3361091,49.741684,0.30714345,-0.042918067,-0.115461156,0.94365764,0.3068494,-0.044972096,-0.12177224,0.942864,-1.0,0
1763545007391,1009.72723,-0.26739794,5.5920267,7.1078796,0.16134466,0.12079851,0.016951498,49.0125,-5.1937504,1.95,46.950733,0.3361091,49.741684,0.30853093,-0.04206,-0.11491162,0.9433107,0.30825227,-0.044055864,-0.121014126,0.9425472,-1.0,0
1763545007417,1009.72723,-0.76271224,5.662615,6.9655066,0.20868668,0.20570871,0.14019346,47.775,-6.20625,2.4375,46.950733,0.3361091,49.741684,0.31056225,-0.04090943,-0.11345269,0.94287115,0.31029552,-0.04288564,-0.11945271,0.9421298,-1.0,0
1763545007442,1009.7238,0.927817,6.2757754,7.778468,0.24808747,0.12095123,0.34086254,46.95,-7.2937503,3.525,46.950733,0.3361091,49.741684,0.31540534,-0.039033473,-0.1062695,0.94217974,0.31514397,-0.041090347,-0.11241403,0.9414664,-1.0,0
1763545007467,1009.7421,1.8873389,6.53779,9.063414,0.26870415,-0.182954,0.19730933,47.5875,-7.0875,3.2812502,46.950733,0.3361091,49.741684,0.31767336,-0.041192297,-0.10416136,0.94156104,0.31740722,-0.04319547,-0.11009899,0.94088525,-1.0,0
1763545007492,1009.7421,1.5667006,6.6418777,9.540782,0.26702428,-0.21426082,-0.0140498895,47.7,-7.9500003,2.86875,46.950733,0.3361091,49.741684,0.31983364,-0.044312533,-0.10444386,0.94065636,0.31957182,-0.046162553,-0.10988535,0.94003624,-1.0,0
1763545007517,1009.7663,0.7106683,6.7244296,8.974879,0.06788235,0.1962403,-0.0772744,45.206253,-8.08125,2.3625002,46.950733,0.3361091,49.741684,0.32102332,-0.04383517,-0.10469099,0.94024587,0.32078603,-0.04553913,-0.109682046,0.9396767,-1.0,0
1763545007542,1009.7663,-0.276371,7.585248,8.886943,-0.23113596,0.46181378,0.004734202,48.656254,-7.70625,0.90000004,46.950733,0.3361091,49.741684,0.3186855,-0.034485254,-0.10198814,0.94172645,0.3185102,-0.036068425,-0.10666645,0.94120806,-1.0,0
1763545007573,1009.77826,-0.43489552,7.731808,8.082356,-0.35056004,0.091629714,-0.05665771,49.631252,-6.5062504,1.8000001,46.950733,0.3361091,49.741684,0.31627724,-0.032334488,-0.10180885,0.9426336,0.31611198,-0.033912066,-0.1065106,0.94211394,-1.0,0
1763545007599,1009.8007,-0.8787641,6.0113688,11.472986,-0.792368,0.16798781,-0.29367325,48.375004,-6.3562503,-0.54375005,46.950733,0.3361091,49.741684,0.30433577,-0.030401357,-0.10632187,0.94612426,0.31108016,-0.034024138,-0.108384445,0.94356996,-1.0,0
1763545007623,1009.8278,-2.4819553,5.3036914,12.400206,-0.49289152,0.62384564,-0.10033454,47.831253,-5.9437504,2.11875,46.950733,0.3361091,49.741684,0.2990812,-0.024231274,-0.106603146,0.94794464,0.29895234,-0.025771966,-0.11148601,0.9473828,-1.0,0
1763545007649,1009.8278,-2.4801607,5.271388,10.684551,0.06391173,0.49067715,0.23014331,49.143753,-6.05625,1.5187501,46.950733,0.3361091,49.741684,0.29839692,-0.018557252,-0.10363655,0.94861704,0.29828033,-0.020344906,-0.109318785,0.9479791,-1.0,0
1763545007674,1009.8039,-1.3483555,5.4376893,7.8227353,0.44997826,-0.18051054,0.40149087,49.050003,-5.68125,1.81875,46.950733,0.3361091,49.741684,0.3014347,-0.01959719,-0.10036073,0.9479878,0.3012916,-0.02168606,-0.10692912,0.9472694,-1.0,0
1763545007699,1009.8039,0.23449662,5.3270216,5.226523,-0.08926262,-0.22571453,0.16462806,48.881252,-5.08125,2.11875,46.950733,0.3361091,49.741684,0.30467114,-0.028875671,-0.09749113,0.94701487,0.30444607,-0.031159261,-0.10458905,0.9462573,-1.0,0
1763545007724,1009.7802,-0.76689965,4.9058847,6.1680984,-0.55458885,0.3090976,0.10919208,48.412502,-3.7687502,2.4,46.950733,0.3361091,49.741684,0.30093873,-0.026971793,-0.09603486,0.94841224,0.30073494,-0.029156476,-0.102919616,0.9476898,-1.0,0
1763545007749,1009.7802,-0.9810573,4.4668016,8.225926,-0.55535245,0.33796093,0.1989892,48.24375,-3.9,1.95,46.950733,0.3361091,49.741684,0.29586944,-0.023318026,-0.09352056,0.9503533,0.29568994,-0.025493259,-0.100507066,0.94963986,-1.0,0
1763545007775,1009.7807,0.016151553,4.451248,6.6939216,0.15951207,-0.24724752,0.36376998,46.7625,-3.3000002,1.4625001,46.950733,0.3361091,49.741684,0.29399997,-0.025829235,-0.08819919,0.9513768,0.29378143,-0.028206622,-0.09589221,0.95063215,-1.0,0
1763545007799,1009.76605,0.68255264,4.63071,5.5130634,0.051541716,-0.12095123,0.29489496,48.43125,-3.0187502,1.8937501,46.950733,0.3361091,49.741684,0.2946637,-0.028393885,-0.08571754,0.9513252,0.29442108,-0.030808276,-0.093512625,0.9505906,-1.0,0
1763545007825,1009.7563,0.52342993,4.651049,6.128617,-0.18318307,0.12186752,0.15256348,47.9625,-4.55625,2.1750002,46.950733,0.3361091,49.741684,0.29353586,-0.028313749,-0.083796576,0.95184726,0.2933008,-0.03065319,-0.09138293,0.95114887,-1.0,0
1763545007850,1009.7563,-0.2853441,5.0165524,7.8077803,0.07200569,0.04382955,0.05589413,46.237503,-3.73125,1.06875,46.950733,0.3361091,49.741684,0.29209146,-0.026149865,-0.081610605,0.95254314,0.29188552,-0.028356388,-0.088806435,0.95189923,-1.0,0
1763545007875,1009.7519,-0.4971089,5.5908303,7.1766734,0.1995237,-0.04367683,0.03924806,47.0625,-3.9,2.5500002,46.950733,0.3361091,49.741684,0.29374045,-0.026749585,-0.0812857,0.95204705,0.29352945,-0.028973438,-0.088493615,0.95140415,-1.0,0
1763545007900,1009.7519,-0.72083783,5.947959,7.24786,0.100869045,0.034666575,0.021685699,49.256252,-3.3000002,0.88125,46.950733,0.3361091,49.741684,0.2950822,-0.026719697,-0.081052765,0.95165277,0.29487014,-0.028966501,-0.088298954,0.9510078,-1.0,0
1763545007925,1009.7653,-0.67836523,6.1393847,9.875777,0.099341884,-0.040775225,0.095142186,46.96875,-3.6562502,2.0812502,46.950733,0.3361091,49.741684,0.29611143,-0.02637515,-0.08000912,0.951431,0.29589435,-0.028708257,-0.087505735,0.9507708,-1.0,0
1763545007950,1009.79,-0.4103691,6.1417775,10.152746,0.3276526,-0.12247839,0.18555018,47.25,-3.6562502,3.7500002,46.950733,0.3361091,49.741684,0.2983917,-0.0278041,-0.07880392,0.95077825,0.29815638,-0.030223204,-0.086512335,0.9501079,-1.0,0
1763545007975,1009.79,0.30329028,6.518049,9.183653,0.4171443,-0.22571453,0.2206749,46.0875,-4.36875,2.2125,46.950733,0.3361091,49.741684,0.30183002,-0.030429974,-0.07726764,0.949738,0.30156642,-0.03293991,-0.085166045,0.9490624,-1.0,0
1763545008001,1009.799,0.4671986,7.195816,8.457432,0.23785548,-0.25686863,0.14385866,45.24375,-5.4750004,4.36875,46.950733,0.3361091,49.741684,0.30430797,-0.033495918,-0.07641927,0.94891244,0.30402014,-0.036015313,-0.08427636,0.9482469,-1.0,0
1763545008026,1009.82074,0.4660022,7.524231,10.508678,-0.16409355,-0.23854269,0.062308207,47.081253,-3.9,1.9312501,46.950733,0.3361091,49.741684,0.30299476,-0.038396727,-0.07639813,0.94914865,0.3026809,-0.040797085,-0.08391878,0.9485133,-1.0,0
1763545008051,1009.82074,1.1371889,7.1252275,10.971092,-0.14912736,-0.21563527,0.03084867,45.9,-3.7875001,3.5812502,46.950733,0.3361091,49.741684,0.3014617,-0.040449608,-0.07667267,0.94952935,0.30113527,-0.04281191,-0.08411491,0.94889903,-1.0,0
1763545008076,1009.8459,1.2987045,6.6981087,11.475379,-0.09033163,-0.12828161,-0.076816246,44.25,-4.18125,1.4625001,46.950733,0.3361091,49.741684,0.30020842,-0.04183928,-0.07762847,0.9497885,0.29988086,-0.044125702,-0.08486377,0.9491694,-1.0,0
1763545008101,1009.8459,1.2424731,5.9730835,9.813564,0.30581418,0.14966187,-0.04459313,45.525,-3.5625002,2.23125,46.950733,0.3361091,49.741684,0.3024055,-0.040475838,-0.07818251,0.9491049,0.3021109,-0.04261873,-0.084909245,0.9485268,-1.0,0
1763545008126,1009.84467,1.2729816,5.602794,7.943573,0.3655262,0.041080657,-0.053450666,45.768753,-4.425,3.6375,46.950733,0.3361091,49.741684,0.30558935,-0.040017936,-0.07816783,0.9481052,0.30530974,-0.042097922,-0.08462216,0.94755095,-1.0,0
1763545008151,1009.8134,1.599602,5.180461,7.042675,0.2399935,-0.27015495,-0.102014415,46.65,-3.9375002,0.88125,46.950733,0.3361091,49.741684,0.30799755,-0.04190354,-0.07929534,0.94715035,0.30772117,-0.043887157,-0.08539637,0.9466198,-1.0,0
1763545008176,1009.8134,1.4919249,4.3704906,7.945966,-0.22899793,0.049938194,-0.31322092,45.1875,-3.8437502,1.81875,46.950733,0.3361091,49.741684,0.30647278,-0.04448701,-0.08460064,0.94706815,0.30798787,-0.04663183,-0.087529965,0.94620687,-1.0,0
1763545008201,1009.7968,0.4779663,4.3088756,8.485547,-0.199371,0.22754712,-0.2988656,45.99375,-3.2812502,4.3125,46.950733,0.3361091,49.741684,0.30436414,-0.041770056,-0.086827375,0.94767016,0.30415526,-0.043265074,-0.09148281,0.94723207,-1.0,0
1763545008226,1009.78436,0.2739782,4.38066,7.9776707,0.07628174,0.16004658,-0.21471897,44.381252,-3.9562502,4.51875,46.950733,0.3361091,49.741684,0.30423525,-0.039399173,-0.08838071,0.9476695,0.30404428,-0.040846597,-0.0928897,0.94723815,-1.0,0
1763545008251,1009.78436,0.3804588,4.5708895,6.261419,0.3400226,0.035124727,-0.17974696,45.35625,-3.6937501,1.63125,46.950733,0.3361091,49.741684,0.30671647,-0.03860133,-0.089773685,0.94677114,0.30652902,-0.040062908,-0.094285615,0.94633245,-1.0,0
1763545008276,1009.7419,0.2644069,4.982455,4.401597,0.23220497,0.098654665,-0.17974696,45.506252,-3.5812502,3.61875,46.950733,0.3361091,49.741684,0.31288254,-0.036953375,-0.09233277,0.9445706,0.31271434,-0.038350828,-0.096551776,0.94414866,-1.0,0
1763545008302,1009.7419,0.2853441,5.24088,4.775476,0.117362395,0.0073303776,-0.20998476,44.943752,-2.86875,2.0812502,46.950733,0.3361091,49.741684,0.31460744,-0.036163896,-0.09396234,0.94386727,0.31445047,-0.037503995,-0.09798296,0.9434584,-1.0,0
1763545008326,1009.70917,0.39421752,5.227121,5.7433724,0.06024654,-0.04780017,-0.23182319,46.4625,-2.5875,1.29375,46.950733,0.3361091,49.741684,0.3155321,-0.036141474,-0.09616739,0.9433372,0.31538352,-0.037415944,-0.09997773,0.942941,-1.0,0
1763545008351,1009.70746,-0.15493527,5.501099,6.626922,0.17982332,0.0876591,-0.1962403,45.91875,-3.7875001,2.8125,46.950733,0.3361091,49.741684,0.31829578,-0.034077816,-0.09972265,0.94211566,0.31817308,-0.035204973,-0.103058904,0.94175655,-1.0,0
1763545008376,1009.70746,-0.47856453,5.91087,6.5778694,0.2447277,0.016493348,-0.07574723,45.3375,-4.4625,2.90625,46.950733,0.3361091,49.741684,0.3205386,-0.033624917,-0.10051763,0.9412867,0.3204204,-0.034733087,-0.10377184,0.94093347,-1.0,0
1763545008401,1009.7177,-0.30209386,6.3332033,6.6245294,0.2748128,-0.060017463,0.035430156,44.362503,-4.2937503,1.3125,46.950733,0.3361091,49.741684,0.3230941,-0.03421967,-0.10050084,0.9403929,0.32297105,-0.035362113,-0.103826,0.9400316,-1.0,0
1763545008426,1009.7287,0.83389866,6.823732,8.019546,0.18303037,-0.047647454,0.15302163,46.59375,-4.2000003,1.21875,46.950733,0.3361091,49.741684,0.32732135,-0.03692226,-0.09831379,0.939059,0.32719025,-0.03806618,-0.101595655,0.9387097,-1.0,0
1763545008451,1009.7287,1.0612168,7.210771,8.586046,0.16806418,0.051007207,0.052076224,45.45,-3.1875002,2.0625,46.950733,0.3361091,49.741684,0.3290481,-0.037222635,-0.09734712,0.9385443,0.32892776,-0.038271513,-0.10033887,0.93822914,-1.0,0
1763545008477,1009.7563,1.0163515,7.436893,8.654242,0.042989608,0.08964441,-0.084452055,44.193752,-4.2000003,3.6375,46.950733,0.3361091,49.741684,0.32994923,-0.036623262,-0.09738812,0.9382472,0.32984674,-0.03753523,-0.099981435,0.9379744,-1.0,0
1763545008502,1009.7563,0.17168503,7.353742,9.452248,-0.14362958,0.20021093,-0.19028437,46.78125,-3.075,3.3000002,46.950733,0.3361091,49.741684,0.32927504,-0.03487169,-0.09846182,0.9384387,0.32919353,-0.035632763,-0.10063091,0.9382086,-1.0,0
1763545008528,1009.7834,-1.6217356,7.5068827,9.120842,-0.10881029,0.47968158,0.09529491,44.8875,-3.8812501,1.8375001,46.950733,0.3361091,49.741684,0.3273499,-0.025410054,-0.096209444,0.939649,0.3272908,-0.026160587,-0.09836377,0.9394258,-1.0,0
1763545008553,1009.79095,-0.7298109,7.661818,9.26142,-0.13003784,-0.007177661,0.20112723,46.575,-4.2000003,1.5375,46.950733,0.3361091,49.741684,0.3263691,-0.024475735,-0.09427556,0.94021076,0.32630098,-0.025367374,-0.09684412,0.9399497,-1.0,0
1763545008579,1009.79095,0.46181476,7.1659055,10.203594,-0.16577344,-0.2150244,0.13713914,46.8375,-4.2937503,2.4375,46.950733,0.3361091,49.741684,0.32481277,-0.026637945,-0.09359059,0.94075924,0.32473195,-0.02760525,-0.096392125,0.9404763,-1.0,0
1763545008604,1009.80756,-0.8362915,5.2342997,9.243474,-0.16226095,0.48579022,0.008246674,46.162502,-1.1437501,2.1750002,46.950733,0.3361091,49.741684,0.3216355,-0.023034403,-0.09194238,0.9421075,0.32157475,-0.02386772,-0.09438318,0.94186616,-1.0,0
1763545008630,1009.80585,-1.3334004,5.2055855,8.153543,-0.1636354,0.40210176,0.13194679,48.43125,-2.2687502,2.0062501,46.950733,0.3361091,49.741684,0.32017773,-0.018809466,-0.08964749,0.9429188,0.32012513,-0.019685075,-0.09222603,0.94267005,-1.0,0
1763545008655,1009.80585,-0.7046863,5.3557353,7.548159,-0.14301872,0.035888307,0.18448116,46.6875,-2.1937501,1.8750001,46.950733,0.3361091,49.741684,0.31869972,-0.017850617,-0.08772291,0.94361883,0.31864262,-0.018843146,-0.09066146,0.943341,-1.0,0
1763545008680,1009.79315,-0.48873404,5.3036914,5.94437,-0.50617784,-0.05589413,0.081397735,46.912502,-1.0500001,1.7812501,46.950733,0.3361091,49.741684,0.31303257,-0.01957052,-0.086389475,0.9456027,0.31682625,-0.019997675,-0.08996642,0.94399536,-1.0,0
1763545008705,1009.7746,-0.7040881,4.7341995,7.1078796,-0.711123,0.05864302,0.11575887,47.362503,-0.375,1.2375001,46.950733,0.3361091,49.741684,0.30697456,-0.018906489,-0.08551484,0.9476795,0.3069104,-0.019920675,-0.08864566,0.94739175,-1.0,0
1763545008730,1009.7746,-0.5922236,4.281956,7.9770727,-0.6283508,0.07192933,0.21105379,48.975002,0.41250002,1.0125,46.950733,0.3361091,49.741684,0.30088168,-0.018026773,-0.083736956,0.94980705,0.30081797,-0.019060083,-0.08699869,0.9495138,-1.0,0
1763545008755,1009.7692,-0.29252258,4.0570307,8.087142,-0.32917976,-0.046883874,0.31520623,47.381252,-0.375,0.15,46.950733,0.3361091,49.741684,0.29682717,-0.018463342,-0.081238955,0.9512902,0.29675883,-0.019531446,-0.08466193,0.95099163,-1.0,0
1763545008781,1009.7692,0.8542377,4.5918264,6.012565,0.00923933,-0.1707367,0.34361145,46.55625,0.88125,3.0937502,46.950733,0.3361091,49.741684,0.2952391,-0.023874307,-0.07559775,0.95212865,0.29514778,-0.024977904,-0.0791568,0.9518393,-1.0,0
1763545008805,1009.75336,0.90448695,4.791029,6.186643,-0.08132137,0.03054324,0.2696968,47.15625,1.575,2.2125,46.950733,0.3361091,49.741684,0.29460078,-0.025069,-0.07296033,0.9525013,0.29451305,-0.026079476,-0.07622744,0.9522454,-1.0,0
1763545008830,1009.7426,0.35174492,4.968696,6.544968,-0.040240716,0.14844014,0.20341797,47.8875,0.675,-0.112500004,46.950733,0.3361091,49.741684,0.2941746,-0.024506884,-0.07051648,0.9528317,0.29409796,-0.025410295,-0.07344267,0.95261055,-1.0,0
1763545008855,1009.7426,-0.0317049,5.9730835,7.2137623,0.10117448,-0.159283,0.19715661,50.1375,1.03125,0.8625,46.950733,0.3361091,49.741684,0.29571187,-0.026677698,-0.067071594,0.9525462,0.29563582,-0.027508175,-0.06974679,0.952354,-1.0,0
1763545008881,1009.7482,0.23330021,6.2530437,8.235497,0.11522437,-0.07437278,0.16203189,47.006252,0.71250004,0.58125,46.950733,0.3361091,49.741684,0.29675302,-0.028171793,-0.06577114,0.95227,0.2966732,-0.029000007,-0.06842894,0.9520827,-1.0,0
1763545008907,1009.758,0.13459627,6.4606214,8.7164545,0.21113014,-0.06307179,0.123852834,45.73125,-0.54375005,0.01875,46.950733,0.3361091,49.741684,0.29848084,-0.029051172,-0.06463012,0.95178163,0.2984012,-0.02985763,-0.06720182,0.9516035,-1.0,0
1763545008931,1009.758,0.34337005,6.478567,8.88455,0.32307112,-0.23518294,0.107817635,47.98125,-0.1875,0.69375,46.950733,0.3361091,49.741684,0.30114618,-0.03135743,-0.06407509,0.9509059,0.30106175,-0.03215784,-0.0666026,0.95073223,-1.0,0
1763545008956,1009.7646,1.4015958,6.539584,8.46102,0.035201084,-0.17623448,-0.14294235,48.937504,0.7875,-0.54375005,46.950733,0.3361091,49.741684,0.30492055,-0.036074866,-0.06554256,0.9494347,0.30483565,-0.036785502,-0.0677554,0.9492793,-1.0,0
1763545008981,1009.7646,0.2434697,6.7405815,9.420543,-0.22456917,-0.07666353,-0.25854853,46.0875,-0.26250002,0.28125,46.950733,0.3361091,49.741684,0.30351055,-0.036402907,-0.0680594,0.94969684,0.30344313,-0.036960784,-0.06980511,0.9495701,-1.0,0
1763545009006,1009.7907,-0.026919255,6.7316084,11.243276,-0.22731806,-0.034208428,-0.1084285,47.831253,0.43125,-0.41250002,46.950733,0.3361091,49.741684,0.29835078,-0.03521189,-0.07165118,0.95111144,0.2982857,-0.035758927,-0.07339516,0.9509785,-1.0,0
1763545009031,1009.811,0.91346,6.6975107,11.3371935,-0.1740201,-0.2083049,-0.058795735,47.568752,1.2750001,-0.43125,46.950733,0.3361091,49.741684,0.29639485,-0.036260184,-0.07276717,0.95159876,0.29632226,-0.036848493,-0.07465606,0.95145243,-1.0,0
1763545009056,1009.811,1.6719848,6.2063837,11.647064,-0.1579849,-0.28634286,-0.11835505,45.6375,-0.1875,1.5562501,46.950733,0.3361091,49.741684,0.2945318,-0.038578883,-0.07455825,0.95194733,0.29445913,-0.03912975,-0.07633878,0.9518062,-1.0,0
1763545009081,1009.8361,1.9082761,5.425127,11.743974,-0.12087487,-0.051923506,-0.17455462,46.95,1.2,0.26250002,46.950733,0.3361091,49.741684,0.2929125,-0.03954552,-0.07641454,0.95226,0.29285327,-0.03998207,-0.07783381,0.9521451,-1.0,0
1763545009106,1009.8483,0.7788638,4.6576295,9.744172,0.03046688,0.091018856,-0.1291979,47.925003,2.30625,-0.375,46.950733,0.3361091,49.741684,0.29180473,-0.03583659,-0.07839338,0.95258605,0.291781,-0.036029648,-0.079023615,0.95253396,-1.0,0
1763545009132,1009.8483,1.2861422,4.4446683,9.049655,0.11766783,-0.18356487,-0.054061532,47.8875,-0.075,-0.22500001,46.950733,0.3361091,49.741684,0.29219994,-0.037043147,-0.079342626,0.9523401,0.2921807,-0.03719495,-0.07983739,0.95229876,-1.0,0
1763545009157,1009.8315,2.1014965,4.4021955,8.063214,0.15431972,-0.24953826,-0.06429352,46.256252,0.63750005,0.675,46.950733,0.3361091,49.741684,0.29306558,-0.039420005,-0.080369964,0.95189244,0.29305485,-0.039499752,-0.08062899,0.95187056,-1.0,0
1763545009183,1009.8315,2.1852453,4.4931226,7.0085773,0.083764836,-0.21090107,-0.16508621,49.537502,1.5937501,-0.50625,46.950733,0.3361091,49.741684,0.2936689,-0.041630782,-0.08210806,0.951464,0.29368284,-0.04153222,-0.08178872,0.9514915,-1.0,0
1763545009208,1009.7978,0.9840483,4.640281,6.3451676,-0.11110103,0.18509203,-0.3764454,48.018753,1.3125,-0.4875,46.950733,0.3361091,49.741684,0.2926536,-0.040056247,-0.08738818,0.9513741,0.29272237,-0.0395501,-0.08574284,0.9515238,-1.0,0
1763545009233,1009.76117,0.212363,4.5834517,6.4121666,0.010613776,0.18142684,-0.37873617,47.2125,-0.50625,-1.06875,46.950733,0.3361091,49.741684,0.29268113,-0.037327286,-0.09026654,0.9512078,0.29276142,-0.03669243,-0.08820335,0.95140135,-1.0,0
1763545009258,1009.76117,-0.22432712,4.9519463,5.13739,0.29619306,-0.13622284,-0.27565274,46.8375,-0.80625004,1.1625,46.950733,0.3361091,49.741684,0.29712194,-0.036320973,-0.095931165,0.9493137,0.29446778,-0.03527685,-0.09087874,0.95067626,-1.0,0
1763545009283,1009.72455,-0.11485548,5.178068,4.7982078,0.24365869,-0.18448116,-0.23884813,49.0875,0.69375,-2.25,46.950733,0.3361091,49.741684,0.2997116,-0.03749389,-0.09864035,0.9481757,0.29720792,-0.0356105,-0.09366124,0.9495404,-1.0,0
1763545009309,1009.69183,-0.093918286,5.360521,5.272585,0.1259145,-0.16432263,-0.21166465,48.187504,-1.40625,0.90000004,46.950733,0.3361091,49.741684,0.30139402,-0.038517855,-0.1011004,0.9473419,0.3014894,-0.03776374,-0.09873013,0.9475919,-1.0,0
1763545009334,1009.69183,-0.048454657,5.6817575,7.594819,0.23693918,-0.082161315,-0.09636392,46.8375,-0.16875,-0.112500004,46.950733,0.3361091,49.741684,0.3043197,-0.040291887,-0.10454393,0.9459581,0.30252576,-0.03878173,-0.10075868,0.94700676,-1.0,0
1763545009360,1009.70087,0.15433706,5.884549,7.400402,0.40431613,-0.06108648,-0.014508039,47.1375,-1.5187501,1.0125,46.950733,0.3361091,49.741684,0.30764806,-0.041091684,-0.10487469,0.94480973,0.3077571,-0.04026677,-0.10234138,0.9450875,-1.0,0
1763545009385,1009.70087,0.21714866,6.250651,6.491728,0.45746136,-0.08811724,0.008246674,47.756252,-1.5562501,-1.8375001,46.950733,0.3361091,49.741684,0.311848,-0.04233218,-0.10484627,0.9433801,0.3119629,-0.041477147,-0.10225977,0.943664,-1.0,0
1763545009410,1009.70087,0.09332009,6.5521464,6.390631,0.27542365,-0.09880738,-0.0044287695,47.568752,-1.7062501,-0.88125,46.950733,0.3361091,49.741684,0.31501678,-0.043638963,-0.1050039,0.9422496,0.3151431,-0.042717025,-0.10224638,0.9425528,-1.0,0
1763545009435,1009.71014,0.21296121,6.456434,9.733404,-0.015347977,-0.12690715,0.0097738365,47.49375,-2.8312502,-1.2750001,46.950733,0.3361091,49.741684,0.31614712,-0.045700964,-0.105968766,0.94166505,0.31629083,-0.044695225,-0.10297327,0.9419973,-1.0,0
1763545009460,1009.71014,1.061815,6.6963143,10.671391,0.054290608,-0.027030766,-0.018173227,46.912502,-2.6625001,-0.3,46.950733,0.3361091,49.741684,0.3163074,-0.04628588,-0.10613522,0.94156384,0.31645203,-0.04528661,-0.10316083,0.9418944,-1.0,0
1763545009485,1009.74677,0.526421,7.0289164,10.262218,0.062995434,0.24388777,-0.12079851,47.30625,-2.23125,-0.65625,46.950733,0.3361091,49.741684,0.3168867,-0.044743814,-0.10650981,0.94140136,0.3170362,-0.043671764,-0.10332513,0.9417562,-1.0,0
1763545009510,1009.76166,-1.0342976,7.616953,8.642277,-0.1598175,0.320704,0.0012217296,46.55625,-2.30625,-0.58125,46.950733,0.3361091,49.741684,0.31649506,-0.036083926,-0.1048141,0.94209486,0.31662217,-0.034950975,-0.10144173,0.942464,-1.0,0
1763545009535,1009.76166,-0.36610186,7.25444,9.486345,-0.32169667,-0.029932374,-0.021227552,48.656254,-2.8500001,-0.91875005,46.950733,0.3361091,49.741684,0.3142492,-0.03532689,-0.104955636,0.94285935,0.3143666,-0.03426608,-0.10177284,0.9432082,-1.0,0
1763545009560,1009.77875,-0.15314065,6.1944194,11.026127,-0.4673879,0.16478078,-0.11804962,49.125004,-2.15625,-3.16875,46.950733,0.3361091,49.741684,0.31044623,-0.033926822,-0.10583544,0.9440715,0.31055665,-0.03290083,-0.102715366,0.94441605,-1.0,0
1763545009585,1009.80585,-1.7718852,4.9399824,10.959726,-0.100563616,0.48258317,0.18509203,48.037502,-2.2875001,-1.2,46.950733,0.3361091,49.741684,0.30489472,-0.023531016,-0.10295011,0.94651294,0.30496183,-0.022644687,-0.10019847,0.9468082,-1.0,0
1763545009611,1009.80585,-0.8315059,5.191827,9.126225,0.1674533,-0.0070249448,0.31932956,49.48125,-0.90000004,-0.50625,46.950733,0.3361091,49.741684,0.30546775,-0.022981225,-0.09996227,0.94666195,0.30551836,-0.022298109,-0.0978452,0.94688314,-1.0,0
1763545009636,1009.7985,-0.12323037,5.3018966,7.029515,0.1268308,-0.21487169,0.29168794,49.0875,-1.4250001,-0.90000004,46.950733,0.3361091,49.741684,0.30646014,-0.025768667,-0.09785907,0.94648916,0.30650827,-0.025189782,-0.09607117,0.9466723,-1.0,0
1763545009662,1009.7985,0.11246266,5.2462635,6.4618177,-0.20715952,-0.011759147,0.22785257,48.787502,-1.4625001,-1.48125,46.950733,0.3361091,49.741684,0.3052195,-0.027053194,-0.09590699,0.9470539,0.30527073,-0.026468799,-0.09409368,0.94723576,-1.0,0
1763545009687,1009.7751,-0.30209386,4.531408,7.426125,-0.4331795,0.24770567,0.19288056,49.218754,-1.5375,-1.3687501,46.950733,0.3361091,49.741684,0.29777274,-0.023075836,-0.09140314,0.94997066,0.29782277,-0.022421146,-0.089314476,0.9501694,-1.0,0
1763545009712,1009.7514,-0.1381855,4.286144,7.2448688,-0.2438114,0.07834341,0.24220788,48.975002,-0.5625,-1.5562501,46.950733,0.3361091,49.741684,0.2950172,-0.02226297,-0.08900085,0.9510773,0.29506582,-0.02160922,-0.08689325,0.9512722,-1.0,0
1763545009737,1009.7514,0.09092726,4.3040895,6.428318,-0.06818778,-0.066736974,0.27366742,51.05625,-0.35625002,-0.39375,46.950733,0.3361091,49.741684,0.29386413,-0.023255864,-0.086713925,0.95162165,0.2939151,-0.022602564,-0.08459831,0.951812,-1.0,0
1763545009762,1009.7277,1.1976078,4.5541396,5.9150577,-0.12056944,-0.055435978,0.2376264,48.937504,-1.3312501,0.0375,46.950733,0.3361091,49.741684,0.292298,-0.026409263,-0.08204508,0.9524353,0.29236475,-0.025659926,-0.07960342,0.9526425,-1.0,0
1763545009787,1009.7165,0.8679964,4.610969,6.3750777,-0.1164461,0.014660755,0.098196514,49.125004,-1.1812501,-0.45000002,46.950733,0.3361091,49.741684,0.29120082,-0.026915671,-0.08078858,0.9528646,0.29128146,-0.026028479,-0.077885546,0.9531062,-1.0,0
1763545009812,1009.7165,0.30388847,4.7491546,6.5084777,-0.037797257,-0.04780017,0.03619374,49.18125,-2.30625,-0.09375,46.950733,0.3361091,49.741684,0.2906807,-0.027396018,-0.080354095,0.9530464,0.29077497,-0.026376909,-0.07701283,0.9533222,-1.0,0
1763545009837,1009.70746,0.046061836,5.0823555,6.841678,0.058719378,-0.18539746,0.024129158,50.9625,-0.75,-0.35625002,46.950733,0.3361091,49.741684,0.29108173,-0.030944582,-0.081031024,0.952758,0.29081982,-0.02791751,-0.07711389,0.9532565,-1.0,0
1763545009862,1009.70746,-0.72323066,5.8013983,8.093722,0.11247548,-0.08643737,0.11575887,49.65,-2.25,-0.91875005,46.950733,0.3361091,49.741684,0.29194635,-0.032189224,-0.08057272,0.95249104,0.29119813,-0.029829456,-0.07738118,0.9530614,-1.0,0
1763545009887,1009.7148,-0.069391854,6.0664034,8.402995,0.22044583,-0.11102467,0.20815217,48.45,-1.5187501,0.71250004,46.950733,0.3361091,49.741684,0.2936472,-0.03343758,-0.07899702,0.9520571,0.293767,-0.032368436,-0.07553086,0.95233834,-1.0,0
1763545009916,1009.7233,1.3208381,6.4121666,8.56451,0.1683696,-0.45570514,0.0019853106,47.737503,-2.8312502,1.1812501,46.950733,0.3361091,49.741684,0.29770648,-0.041284237,-0.07893781,0.9504921,0.2978561,-0.040190563,-0.07544639,0.9507756,-1.0,0
1763545009940,1009.7233,0.88235337,6.5407805,9.2793665,-0.06879865,-0.18707734,-0.11636974,48.6375,-2.8500001,0.15,46.950733,0.3361091,49.741684,0.29752377,-0.0437927,-0.08055462,0.9503014,0.29770088,-0.042572036,-0.07665627,0.9506238,-1.0,0
1763545009966,1009.74945,0.111864455,7.0372915,10.328021,-0.23663375,0.10720677,-0.12476913,47.5875,-2.2125,-0.22500001,46.950733,0.3361091,49.741684,0.29571864,-0.042849947,-0.08157387,0.95082074,0.29590672,-0.041530944,-0.077333465,0.95117503,-1.0,0
1763545009992,1009.79266,0.15314065,6.9684978,11.19183,0.014737112,-0.17455462,-0.04459313,46.93125,-2.41875,2.4750001,46.950733,0.3361091,49.741684,0.29340187,-0.042333424,-0.083409056,0.9514022,0.29358354,-0.04105456,-0.07926266,0.9517566,-1.0,0
1763545010017,1009.79266,0.96430755,6.8195443,10.199407,0.06345358,-0.26939136,-0.028863361,47.850002,-1.06875,-1.10625,46.950733,0.3361091,49.741684,0.29374456,-0.04465741,-0.08438591,0.95110404,0.29393145,-0.04340996,-0.08034739,0.9514537,-1.0,0
1763545010043,1009.81366,1.4685949,6.1274204,10.030114,-0.11491894,-0.12751803,-0.14691298,47.34375,-2.625,1.0500001,46.950733,0.3361091,49.741684,0.29302496,-0.046068553,-0.085925736,0.95112085,0.29322466,-0.04477965,-0.08174275,0.95148945,-1.0,0
1763545010068,1009.82733,0.48155555,5.30429,10.881959,-0.25053093,0.18952079,-0.22876886,49.275,-1.0500001,1.06875,46.950733,0.3361091,49.741684,0.2909287,-0.044397067,-0.0876629,0.95168513,0.29114148,-0.04297963,-0.083026856,0.9521008,-1.0,0
1763545010094,1009.82733,0.049052864,4.598407,10.977074,0.1381318,-0.010231985,0.10384701,48.91875,-0.6,1.2375001,46.950733,0.3361091,49.741684,0.2893054,-0.040904425,-0.08791109,0.9523134,0.28949398,-0.039547782,-0.08344592,0.95271504,-1.0,0
1763545010121,1009.8378,1.2370893,4.502694,9.623933,0.4153117,-0.24205516,0.18280129,47.831253,-1.7062501,0.95625,46.950733,0.3361091,49.741684,0.2918194,-0.043437857,-0.08679999,0.95153576,0.2920073,-0.042156205,-0.08262145,0.9519077,-1.0,0
1763545010146,1009.81464,1.878964,4.855037,5.5740805,0.15386157,-0.010079269,0.010995566,49.612503,-3.7500002,0.73125005,46.950733,0.3361091,49.741684,0.29729232,-0.04777205,-0.08524572,0.9497727,0.29753205,-0.0462554,-0.080401294,0.95019513,-1.0,0
1763545010171,1009.81464,1.878964,4.855037,5.5740805,0.15386157,-0.010079269,0.010995566,49.612503,-3.7500002,0.73125005,46.950733,0.3361091,49.741684,0.29729232,-0.04777205,-0.08524572,0.9497727,0.29753205,-0.0462554,-0.080401294,0.95019513,-1.0,0
1763545010196,1009.7858,-0.25842485,4.4147577,7.301698,-0.3180315,0.22357652,-0.18631376,48.187504,-0.675,1.0125,46.950733,0.3361091,49.741684,0.2935873,-0.043747842,-0.08676869,0.9509805,0.29386047,-0.04187353,-0.080698565,0.9515148,-1.0,0
1763545010221,1009.7858,0.18305093,4.5918264,6.721439,-0.117362395,0.12110394,-0.09911281,49.125004,-1.1812501,-0.45000002,46.950733,0.3361091,49.741684,0.29212007,-0.041927647,-0.087582305,0.9514396,0.29238826,-0.040014874,-0.081353426,0.9519924,-1.0,0
1763545010246,1009.7636,0.7190432,4.948357,5.050052,0.16119194,-0.03695732,-0.051007207,49.781254,-2.34375,-1.6875001,46.950733,0.3361091,49.741684,0.2942618,-0.04144358,-0.08812264,0.95075065,0.29452625,-0.03952061,-0.08191056,0.951306,-1.0,0
1763545010271,1009.7336,0.91166544,5.143372,5.2546387,0.042836893,-0.028863361,-0.10354158,47.9625,-2.325,2.8312502,46.950733,0.3361091,49.741684,0.2951651,-0.041787293,-0.08900444,0.9503734,0.29544303,-0.039774522,-0.082524784,0.95095795,-1.0,0
1763545010296,1009.7336,0.6867401,5.133801,6.1651077,-0.07108939,0.12110394,-0.16126831,46.068752,-1.63125,1.8937501,46.950733,0.3361091,49.741684,0.29515496,-0.04078969,-0.090073645,0.9503191,0.29544136,-0.038660835,-0.08322037,0.9509438,-1.0,0
1763545010321,1009.7214,0.13998012,5.188836,6.908079,-0.0009926553,0.12751803,-0.15409064,47.756252,-2.8312502,0.8625,46.950733,0.3361091,49.741684,0.2947886,-0.03641562,-0.09220312,0.9504063,0.29507035,-0.034057494,-0.08460126,0.95111316,-1.0,0
1763545010346,1009.71234,0.35653058,5.487939,7.283752,0.12179117,-0.062460925,-0.09911281,49.893753,-1.8375001,-2.1937501,46.950733,0.3361091,49.741684,0.2957263,-0.036411557,-0.0932256,0.95001537,0.29601225,-0.034008704,-0.08550726,0.9507411,-1.0,0
1763545010371,1009.71234,0.0059820567,5.8504515,7.2466636,0.2031889,-0.06383537,-0.068722285,48.843754,-1.95,-1.3125,46.950733,0.3361091,49.741684,0.29751506,-0.037244525,-0.09413822,0.9493343,0.2978128,-0.034783594,-0.08628652,0.95008016,-1.0,0
1763545010396,1009.7111,-0.07058827,6.2321067,7.624729,0.18180864,0.1301142,0.015577052,49.068752,-1.44375,-0.43125,46.950733,0.3361091,49.741684,0.2994455,-0.036680434,-0.09390892,0.94877183,0.29974505,-0.03414671,-0.08588179,0.9495321,-1.0,0
1763545010421,1009.7111,1.1892328,6.5204415,8.712267,0.17386739,-0.045967575,0.075289086,50.04375,-3.0937502,0.63750005,46.950733,0.3361091,49.741684,0.30287716,-0.035739806,-0.09153456,0.9479502,0.30317438,-0.033123948,-0.08334816,0.948705,-1.0,0
1763545010446,1009.71893,1.154537,6.4845495,9.041281,0.12530364,-0.123852834,-0.08460477,48.9,-3.05625,-1.25625,46.950733,0.3361091,49.741684,0.3042277,-0.03713885,-0.09217754,0.94740146,0.30454773,-0.03441625,-0.08369998,0.948188,-1.0,0
1763545010471,1009.7426,-0.09451649,6.344569,10.037891,-0.07002038,0.10063997,-0.23747368,48.73125,-2.4562502,-1.2750001,46.950733,0.3361091,49.741684,0.30420107,-0.036646407,-0.093956634,0.9472544,0.304536,-0.03374999,-0.084938385,0.9481056,-1.0,0
1763545010496,1009.7426,-0.8171489,6.8015985,10.3681,-0.24182609,0.4819723,-0.044287696,51.000004,-2.1000001,-1.3687501,46.950733,0.3361091,49.741684,0.30089316,-0.026988072,-0.094122134,0.94861794,0.30114633,-0.023998793,-0.08469747,0.9495058,-1.0,0
1763545010521,1009.77167,0.11365908,6.6460648,10.670793,-0.22136213,-0.034819294,-0.028099779,50.49375,-2.2875001,0.69375,46.950733,0.3361091,49.741684,0.29887572,-0.02558228,-0.09407752,0.94929886,0.29910955,-0.022685142,-0.08487493,0.9501658,-1.0,0
1763545010547,1009.8029,-0.5455636,5.871987,11.970096,-0.32536185,-0.19440772,-0.13775001,51.2625,-1.35,0.88125,46.950733,0.3361091,49.741684,0.29596025,-0.027076893,-0.09588713,0.9499895,0.29620853,-0.024210284,-0.086685315,0.9508733,-1.0,0
1763545010572,1009.8029,-1.3974084,5.7379885,11.119447,-0.10483967,0.52992517,0.16661337,49.256252,-1.06875,1.8375001,46.950733,0.3361091,49.741684,0.29047096,-0.01958483,-0.09435997,0.9520185,0.29064786,-0.016755199,-0.08508442,0.9528923,-1.0,0
1763545010597,1009.8339,-0.42831525,6.0921264,8.957532,0.24503313,0.03084867,0.33032513,50.850002,-2.0062501,0.65625,46.950733,0.3361091,49.741684,0.291727,-0.018622294,-0.091108315,0.9519705,0.29188657,-0.01592708,-0.082311936,0.95277137,-1.0,0
1763545010622,1009.8339,0.47377887,5.7750773,7.0325055,0.25159994,-0.37827802,0.27748534,51.018753,-1.8750001,0.76875,46.950733,0.3361091,49.741684,0.2939505,-0.022395337,-0.08918417,0.9513873,0.29413915,-0.019764116,-0.08066742,0.9521472,-1.0,0
1763545010647,1009.82416,0.104087785,5.050052,7.4392858,-0.06513346,-0.30986115,0.1339321,50.04375,-1.7062501,-0.52500004,46.950733,0.3361091,49.741684,0.29394326,-0.026416654,-0.088697396,0.95133185,0.29417142,-0.023741487,-0.08003924,0.9520994,-1.0,0
1763545010672,1009.8056,-0.36131623,4.49731,8.715857,-0.36018115,0.3347539,0.12247839,51.45,0.1875,-0.76875,46.950733,0.3361091,49.741684,0.28797036,-0.023472864,-0.08633244,0.953451,0.28818128,-0.020723296,-0.0772284,0.95423156,-1.0,0
1763545010698,1009.8056,-0.2416751,4.662415,7.702496,-0.082084954,0.26068655,0.18219042,51.956253,-0.90000004,-0.15,46.950733,0.3361091,49.741684,0.28652737,-0.021048985,-0.083972976,0.95415276,0.2867145,-0.018324567,-0.07489987,0.95490783,-1.0,0
1763545010723,1009.7944,-0.16031912,4.7341995,4.8885365,0.12560907,0.12476913,0.19501857,52.818752,-0.43125,-1.5,46.950733,0.3361091,49.741684,0.2873173,-0.020129727,-0.08174328,0.9541287,0.28749555,-0.017399315,-0.0726754,0.95486224,-1.0,0
1763545010749,1009.7619,0.3278167,4.348955,4.8299127,-0.15706861,-0.033597562,0.09682207,49.55625,-0.52500004,-0.22500001,46.950733,0.3361091,49.741684,0.2876548,-0.02104674,-0.079065435,0.9542329,0.287845,-0.01826163,-0.06982601,0.95495343,-1.0,0
1763545010774,1009.7619,-0.74416786,3.8153558,7.605587,-0.32551455,0.011911863,0.0010690134,53.193752,-0.63750005,-0.45000002,46.950733,0.3361091,49.741684,0.28518498,-0.020996695,-0.078932256,0.9549861,0.28537935,-0.018164683,-0.0694484,0.9557226,-1.0,0
1763545010799,1009.73944,-0.88414794,3.9852462,8.16431,-0.23602287,0.108581215,0.03176497,52.406254,-0.22500001,-0.84375006,46.950733,0.3361091,49.741684,0.28266552,-0.020054873,-0.07865661,0.95577776,0.28285372,-0.017197033,-0.06899283,0.9565239,-1.0,0
1763545010824,1009.73846,-0.96909314,4.95075,6.5850477,0.40080366,-0.058337588,0.2310596,53.718754,0.54375005,-0.88125,46.950733,0.3361091,49.741684,0.28541747,-0.019400964,-0.07533779,0.95524067,0.28559217,-0.016632244,-0.0660709,0.9559263,-1.0,0
1763545010849,1009.73846,-0.049052864,5.6350975,5.889933,0.45211628,-0.3480402,0.26755878,51.43125,0.16875,0.3,46.950733,0.3361091,49.741684,0.2894408,-0.022866732,-0.07366014,0.9540835,0.28964296,-0.020145131,-0.06468902,0.9547337,-1.0,0
1763545010874,1009.7299,0.59940207,6.0430737,7.2873416,0.26962045,-0.3489565,0.18585561,50.287502,-1.9312501,-0.52500004,46.950733,0.3361091,49.741684,0.2923595,-0.027132973,-0.07273987,0.95315194,0.2925997,-0.024406796,-0.06385265,0.9537885,-1.0,0
1763545010899,1009.7299,0.5802595,6.181857,8.415557,0.07139482,-0.05329795,0.07773254,50.025,-1.2,-1.7812501,46.950733,0.3361091,49.741684,0.2935933,-0.028799364,-0.07214453,0.9527689,0.29385546,-0.025988568,-0.0630239,0.95341575,-1.0,0
1763545010924,1009.7375,0.5778667,6.7118673,9.174082,0.033521205,-0.042455103,-0.05054906,53.662502,-2.7,-1.3125,46.950733,0.3361091,49.741684,0.2940968,-0.028577387,-0.07181525,0.95264524,0.2943725,-0.025581354,-0.062111504,0.9533271,-1.0,0
1763545010949,1009.7536,0.014356935,7.7443705,8.6345005,-0.02573268,-0.051007207,-0.14416409,52.781254,-0.65625,-3.1875002,46.950733,0.3361091,49.741684,0.2942109,-0.028914308,-0.07301691,0.9525085,0.29449767,-0.025830628,-0.06303462,0.95322114,-1.0,0
1763545010974,1009.7536,-1.0707881,7.3268228,10.010373,-0.245644,-0.01924224,-0.24755295,52.4625,-0.71250004,-1.7625,46.950733,0.3361091,49.741684,0.29274818,-0.02841976,-0.07516976,0.95280653,0.29303676,-0.025271082,-0.06492277,0.9535596,-1.0,0
1763545010999,1009.7729,-0.15553348,6.7226353,11.699706,-0.348422,-0.20922118,-0.0006108648,53.906254,-2.9250002,-0.8625,46.950733,0.3361091,49.741684,0.28658405,-0.028625544,-0.07868193,0.9543895,0.2901307,-0.024730025,-0.06723171,0.9543021,-1.0,0
1763545011024,1009.811,1.564906,5.605187,12.247663,-0.27847797,-0.3349066,0.056963142,53.287502,-0.35625002,-2.6437502,46.950733,0.3361091,49.741684,0.28349116,-0.031347062,-0.07920997,0.9551836,0.28379932,-0.02842217,-0.06935636,0.9559497,-1.0,0
1763545011049,1009.811,1.2598212,5.0392847,12.157932,-0.21143557,-0.17012584,-0.018325943,53.2125,0.112500004,-1.4250001,46.950733,0.3361091,49.741684,0.28091854,-0.033404052,-0.079870194,0.9558189,0.28125414,-0.03044934,-0.069818735,0.9566056,-1.0,0
1763545011074,1009.8442,0.08853444,4.4949174,9.759128,0.11904228,0.23915356,0.00962112,51.768753,-0.52500004,-1.3875,46.950733,0.3361091,49.741684,0.27954558,-0.030991713,-0.07949173,0.95633405,0.2798751,-0.027859699,-0.06877868,0.95716417,-1.0,0
1763545011099,1009.8442,0.15433706,4.1072803,7.3746796,0.28779367,0.13790272,0.14309508,54.525,0.24375,-0.01875,46.950733,0.3361091,49.741684,0.28151762,-0.029878048,-0.07790656,0.9559214,0.28183883,-0.026678259,-0.06704287,0.9567447,-1.0,0
1763545011124,1009.8359,1.6390835,3.9050865,4.3764725,0.28015786,-0.09300416,0.19868377,54.412502,-0.39375,-0.43125,46.950733,0.3361091,49.741684,0.2840235,-0.030855145,-0.076083645,0.95529574,0.28435543,-0.027629364,-0.065235704,0.9560978,-1.0,0
1763545011149,1009.79486,2.4191437,4.1671004,6.6305118,-0.07261655,-0.50976664,0.0923933,53.41875,1.0125,-2.8875,46.950733,0.3361091,49.741684,0.28414255,-0.034825176,-0.07579312,0.9551469,0.28452563,-0.031542774,-0.06476207,0.9559582,-1.0,0
1763545011174,1009.79486,1.5014962,3.7830527,9.890733,-0.71952236,-0.3978257,-0.3245219,51.54375,0.45000002,-2.6625001,46.950733,0.3361091,49.741684,0.2729214,-0.04604361,-0.08332493,0.9573144,0.27349505,-0.04250377,-0.07091494,0.9583136,-1.0,0
1763545011200,1009.7939,-0.68195444,4.2711883,9.723235,-0.5445096,0.18112141,-0.32788166,50.775,1.85625,-1.575,46.950733,0.3361091,49.741684,0.2669697,-0.04450666,-0.08651385,0.95878136,0.2675484,-0.040884092,-0.073510684,0.95986587,-1.0,0
1763545011224,1009.8122,-0.42831525,5.023731,7.4129643,-0.093996815,0.34834564,-0.16554436,50.8875,0.99375004,-0.45000002,46.950733,0.3361091,49.741684,0.26488826,-0.04043455,-0.087627076,0.95943767,0.2654174,-0.03680152,-0.074473575,0.9605482,-1.0,0
1763545011249,1009.8122,0.552742,5.5106707,5.032106,0.1702022,-0.028099779,-0.07009673,50.23125,0.675,-0.375,46.950733,0.3361091,49.741684,0.26835263,-0.039181456,-0.08828523,0.9584662,0.26885182,-0.035595015,-0.07548026,0.9595595,-1.0,0
1763545011274,1009.78534,0.72502524,5.493921,6.250053,-0.1060614,0.07299834,-0.1763872,50.081253,-0.1875,-2.4562502,46.950733,0.3361091,49.741684,0.26848263,-0.038402367,-0.0895125,0.9583475,0.2689822,-0.03473097,-0.0764119,0.9594809,-1.0,0
1763545011299,1009.78534,0.17108682,4.9663033,8.563912,-0.16134466,0.124616414,-0.22647811,51.525,1.9312501,-0.88125,46.950733,0.3361091,49.741684,0.26744258,-0.03673095,-0.09133503,0.9585318,0.2679345,-0.03295155,-0.07779343,0.95972574,-1.0,0
1763545011324,1009.7861,0.22971097,5.2498527,7.6366935,0.28229588,0.045967575,-0.05574141,50.756252,0.35625002,-0.71250004,46.950733,0.3361091,49.741684,0.2700312,-0.03476904,-0.09309071,0.95770997,0.27050796,-0.030841256,-0.07916338,0.9589616,-1.0,0
1763545011352,1009.7841,0.4019942,5.6123657,7.422536,0.33467755,0.043371398,0.0036651888,50.625004,-0.39375,-1.7437501,46.950733,0.3361091,49.741684,0.2731545,-0.034699284,-0.09295186,0.95683986,0.27363464,-0.030683829,-0.0788891,0.9581018,-1.0,0
1763545011377,1009.7841,0.49052864,6.0693946,8.237292,0.3265836,0.11606431,0.023518294,51.112503,0.63750005,-0.91875005,46.950733,0.3361091,49.741684,0.27641994,-0.03427094,-0.09235722,0.9559747,0.27690077,-0.030140016,-0.07807369,0.95724714,-1.0,0
1763545011402,1009.7729,-0.16630118,6.2644095,8.580662,0.44616038,0.16493349,0.02565632,53.4,-0.4875,-2.025,46.950733,0.3361091,49.741684,0.28410938,-0.031790737,-0.09075241,0.9539576,0.28457052,-0.027357053,-0.075867325,0.9552567,-1.0,0
1763545011427,1009.7817,0.4534399,6.1184473,8.738588,0.45746136,0.0067195124,0.039095346,53.9625,0.71250004,-4.78125,46.950733,0.3361091,49.741684,0.2885474,-0.03188784,-0.09009326,0.952684,0.28901315,-0.027346356,-0.07510072,0.95398295,-1.0,0
1763545011452,1009.7817,0.5922236,5.608776,9.671789,0.36949682,-0.025503604,-0.017562363,52.8375,-0.41250002,-3.2062502,46.950733,0.3361091,49.741684,0.29219097,-0.03262739,-0.09012121,0.9515451,0.29267305,-0.027974958,-0.074972205,0.9528584,-1.0,0
1763545011477,1009.80365,-0.033499517,5.8672013,9.229117,0.27374378,0.25030184,-0.06352994,51.937504,-1.8750001,-1.95,46.950733,0.3361091,49.741684,0.29503018,-0.031380378,-0.0900378,0.95071846,0.29550028,-0.026591646,-0.07460783,0.95205367,-1.0,0
1763545011504,1009.80365,-0.10289137,6.512067,9.2793665,-0.099800035,0.15134175,-0.04382955,48.956253,-1.3312501,-0.58125,46.950733,0.3361091,49.741684,0.29648337,-0.025067596,-0.08897583,0.9505538,0.2971174,-0.022660365,-0.07360734,0.95172983,-1.0,0
1763545011529,1009.8171,-0.12083755,5.6279187,12.075379,-0.3420079,-0.16905683,-0.13881902,52.66875,-1.1812501,-1.7437501,46.950733,0.3361091,49.741684,0.29378843,-0.025684383,-0.090431586,0.9512365,0.29417467,-0.020799087,-0.07461284,0.9526078,-1.0,0
1763545011554,1009.8388,-2.0685952,4.834698,12.576675,-0.3991238,0.11133011,-0.20784675,51.075,-0.112500004,0.675,46.950733,0.3361091,49.741684,0.28991836,-0.024812229,-0.092450194,0.95225245,0.29029483,-0.019930178,-0.07641329,0.95367324,-1.0,0
1763545011579,1009.8388,-1.7623138,5.163711,9.897911,0.18577924,0.23823726,0.30634868,52.218754,0.4875,1.5937501,46.950733,0.3361091,49.741684,0.28841683,-0.017569829,-0.08884702,0.953212,0.2880355,-0.0156195015,-0.075906545,0.9544788,-1.0,0
1763545011604,1009.86786,-0.4319045,5.123033,8.088937,0.3161989,-0.17715079,0.38316494,49.800003,-0.73125005,-0.71250004,46.950733,0.3361091,49.741684,0.29070786,-0.01935058,-0.08570785,0.9527689,0.29097235,-0.014852937,-0.070964575,0.9539803,-1.0,0
1763545011629,1009.8449,-0.7645068,4.7976093,6.3948183,0.12896882,-0.14019346,0.2855793,50.456253,0.31875002,-0.056250002,46.950733,0.3361091,49.741684,0.29219958,-0.0219327,-0.08341742,0.95245993,0.29249743,-0.017518064,-0.06902603,0.9536109,-1.0,0
1763545011654,1009.8449,-0.45702913,4.2915273,9.016156,-0.52450377,0.07284562,0.32421649,52.818752,1.06875,-1.5937501,46.950733,0.3361091,49.741684,0.28623578,-0.02157226,-0.078283146,0.9547123,0.28652334,-0.017339958,-0.06416602,0.95576483,-1.0,0
1763545011679,1009.82416,0.51086766,4.150351,10.05823,-0.38919723,0.021380268,0.34559676,50.343754,0.54375005,0.5625,46.950733,0.3361091,49.741684,0.2818706,-0.021690216,-0.07509173,0.9562634,0.2821542,-0.01762123,-0.061287288,0.95724726,-1.0,0
1763545011704,1009.8244,0.22013968,4.0331025,7.982456,-0.052458014,-0.07238748,0.27382013,51.468754,0.41250002,0.90000004,46.950733,0.3361091,49.741684,0.280107,-0.02275724,-0.07254669,0.95695305,0.28040555,-0.018722877,-0.058764305,0.9578982,-1.0,0
1763545011729,1009.8244,0.62931234,4.007978,6.1806607,0.16134466,-0.1311832,0.2498437,48.61875,-0.63750005,1.725,46.950733,0.3361091,49.741684,0.280746,-0.024837375,-0.07053955,0.9568641,0.2810757,-0.020776613,-0.05670076,0.9577838,-1.0,0
1763545011754,1009.79193,0.9726824,3.8117664,5.4221363,-0.032452192,0.03329213,0.0980438,50.343754,1.1812501,-0.71250004,46.950733,0.3361091,49.741684,0.28192934,-0.026609533,-0.06729395,0.9567023,0.28228933,-0.022471348,-0.053253844,0.95758647,-1.0,0
1763545011780,1009.79193,0.276371,3.9421754,6.815955,-0.17814344,0.097432934,-0.020158539,52.55625,1.8000001,-2.8312502,46.950733,0.3361091,49.741684,0.28065428,-0.02598406,-0.0669424,0.957119,0.28101245,-0.021771226,-0.052577753,0.95801544,-1.0,0
1763545011805,1009.76166,-0.36729828,4.0438704,7.9980097,-0.19677481,0.093309596,-0.1084285,48.15,2.1750002,2.23125,46.950733,0.3361091,49.741684,0.27885345,-0.024846211,-0.06753186,0.957634,0.27920097,-0.02057626,-0.052870136,0.9585553,-1.0,0
1763545011831,1009.748,-0.81236327,4.2687955,8.318648,-0.04894554,0.06704241,-0.10995566,49.875004,2.60625,0.95625,46.950733,0.3361091,49.741684,0.2779761,-0.023840724,-0.06841548,0.9578518,0.27830982,-0.019563671,-0.053679194,0.9587906,-1.0,0
1763545011855,1009.748,-0.7465607,4.7784667,8.405986,0.1862374,0.11636974,0.064140804,49.0875,0.91875005,0.975,46.950733,0.3361091,49.741684,0.28007206,-0.022163207,-0.06824345,0.9572937,0.28037053,-0.017998701,-0.054009885,0.9582021,-1.0,0
1763545011880,1009.7602,-0.043070808,5.194818,9.6275215,0.29069528,-0.066126116,0.16050471,49.85625,0.90000004,-1.4250001,46.950733,0.3361091,49.741684,0.28223172,-0.02239932,-0.06696201,0.95674425,0.28252774,-0.018290795,-0.053035375,0.9576172,-1.0,0
1763545011905,1009.7746,1.2586247,5.8504515,8.845069,0.45853037,-0.37171122,0.16920954,47.550003,1.25625,0.95625,46.950733,0.3361091,49.741684,0.28993696,-0.03067188,-0.06512499,0.95433456,0.29034,-0.026587492,-0.051684693,0.9551568,-1.0,0
1763545011930,1009.7746,1.6558332,6.3110695,10.017552,0.22456917,-0.06704241,0.023212861,46.331253,-0.4875,0.26250002,46.950733,0.3361091,49.741684,0.29227054,-0.03259689,-0.06476345,0.95358324,0.29270655,-0.028416405,-0.051128164,0.9544115,-1.0,0
1763545011955,1009.7934,-0.06580263,6.1399827,9.873982,0.14225514,0.19761476,-0.18051054,47.756252,0.0375,0.24375,46.950733,0.3361091,49.741684,0.29367656,-0.031199025,-0.065410845,0.9531538,0.29410517,-0.026859805,-0.05133142,0.9540156,-1.0,0
1763545011981,1009.7934,-0.6149554,5.7834525,9.332008,0.11843141,0.13652828,-0.260992,48.468754,-0.01875,0.7875,46.950733,0.3361091,49.741684,0.29492536,-0.029102212,-0.067136936,0.9527144,0.29533133,-0.02464354,-0.05273691,0.9536199,-1.0,0
1763545012006,1009.8049,0.7046863,5.1062837,11.237891,-0.17157665,-0.28069237,-0.13316852,47.8875,-0.69375,0.26250002,46.950733,0.3361091,49.741684,0.29358464,-0.030984916,-0.07182702,0.9527271,0.29400855,-0.02666396,-0.057807952,0.9536804,-1.0,0
1763545012031,1009.8212,1.3998013,4.759324,11.653047,-0.1465312,-0.100487255,-0.09193515,45.9375,0.6,1.3312501,46.950733,0.3361091,49.741684,0.2915237,-0.03202235,-0.07324281,0.95321774,0.2919598,-0.027766451,-0.059330318,0.9541847,-1.0,0
1763545012056,1009.8212,0.9320044,4.706682,9.49472,0.0561232,0.047952887,-0.11453715,46.55625,0.88125,3.4125001,46.950733,0.3361091,49.741684,0.29100063,-0.03155587,-0.07404869,0.95333076,0.29143617,-0.027241524,-0.059917927,0.9543232,-1.0,0
1763545012081,1009.8381,1.0648061,4.5523453,8.505288,0.108657576,-0.09560034,-0.12797616,45.65625,0.5625,0.28125,46.950733,0.3361091,49.741684,0.29151526,-0.031872034,-0.07519455,0.9530734,0.29196364,-0.027463151,-0.06078358,0.9541008,-1.0,0
1763545012106,1009.83026,1.0241281,4.1407795,10.063016,-0.3180315,-0.18081598,-0.20173809,45.825,0.71250004,0.39375,46.950733,0.3361091,49.741684,0.2878355,-0.035649292,-0.07953346,0.95370555,0.288356,-0.031160166,-0.064664006,0.954829,-1.0,0
1763545012132,1009.83026,-0.14955142,4.3609195,10.305887,-0.3030653,0.12095123,-0.15363249,46.256252,0.63750005,0.20625001,46.950733,0.3361091,49.741684,0.28446454,-0.034645326,-0.08110421,0.95462126,0.28498033,-0.030109365,-0.06588666,0.9557921,-1.0,0
1763545012157,1009.8298,0.27038896,4.779663,7.5816584,0.25465426,0.06780599,0.08032872,47.737503,1.40625,0.46875003,46.950733,0.3361091,49.741684,0.2843148,-0.031463813,-0.07968698,0.9548953,0.28340012,-0.02785752,-0.06555384,0.956353,-1.0,0
1763545012182,1009.8298,0.58265233,4.8358946,6.285945,0.30367616,-0.11514801,0.05222894,45.9375,1.3312501,1.44375,46.950733,0.3361091,49.741684,0.2869633,-0.03271056,-0.079239264,0.9540981,0.28744024,-0.028214118,-0.06429307,0.9552217,-1.0,0
1763545012207,1009.8066,0.09810573,4.6528435,6.754938,0.10636683,0.056810424,-0.021991132,47.550003,1.8937501,0.0,46.950733,0.3361091,49.741684,0.2885539,-0.033126757,-0.07928233,0.95360035,0.2890403,-0.028572887,-0.06423665,0.9547319,-1.0,0
1763545012232,1009.7751,-0.0011964113,4.6552362,7.5732837,-0.06864593,0.40408704,-0.013591741,46.443752,0.7875,-0.28125,46.950733,0.3361091,49.741684,0.288502,-0.030012727,-0.07857061,0.953778,0.28894442,-0.025402192,-0.06333097,0.954911,-1.0,0
1763545012257,1009.7751,1.2131611,4.8993044,6.8255267,0.18852814,-0.027794348,0.06444623,49.237503,1.5562501,-0.15,46.950733,0.3361091,49.741684,0.2901627,-0.026114108,-0.07586435,0.95360804,0.29054287,-0.02147532,-0.060620427,0.95469826,-1.0,0
1763545012284,1009.7541,1.0564312,4.7676992,6.6831536,0.10835214,-0.08567379,-0.05497783,48.656254,2.3625002,0.63750005,46.950733,0.3361091,49.741684,0.29147342,-0.027423052,-0.076355085,0.9531323,0.291882,-0.022664046,-0.06079469,0.9542511,-1.0,0
1763545012309,1009.73773,0.2883351,4.753342,8.724232,-0.12316561,0.20005822,-0.08506292,47.025,-0.01875,-0.76875,46.950733,0.3361091,49.741684,0.2909987,-0.026360312,-0.076758005,0.95327497,0.29140133,-0.021456368,-0.060694676,0.9544323,-1.0,0
1763545012334,1009.73773,-0.41754755,4.8394837,9.12503,0.16943862,0.43722647,0.087506376,47.7,2.1375,1.9687501,46.950733,0.3361091,49.741684,0.2904726,-0.017989,-0.07404741,0.9538443,0.2907407,-0.012953293,-0.057509072,0.9549842,-1.0,0
1763545012359,1009.7392,0.17467605,5.078766,7.4847493,0.42691812,0.05222894,0.1678351,46.6875,2.04375,0.69375,46.950733,0.3361091,49.741684,0.29375723,-0.01728179,-0.072157495,0.95299596,0.2940113,-0.012220618,-0.055735853,0.9540972,-1.0,0
1763545012384,1009.736,0.17467605,5.0069814,7.109076,0.3804924,-0.034666575,0.1678351,46.95,1.2,1.03125,46.950733,0.3361091,49.741684,0.2973779,-0.018540846,-0.07071528,0.95195687,0.29765236,-0.013433709,-0.054364793,0.95303047,-1.0,0
1763545012410,1009.736,0.48095736,4.6504507,9.643075,-0.02649626,0.40088,0.2035707,47.5875,0.76875,1.1437501,46.950733,0.3361091,49.741684,0.29918733,-0.015450477,-0.06597551,0.9517854,0.29941118,-0.01023383,-0.04937758,0.9527907,-1.0,0
1763545012436,1009.7399,-0.104087785,4.7832522,9.389436,0.14561489,0.4517345,0.20250167,46.55625,1.40625,0.75,46.950733,0.3361091,49.741684,0.3000366,-0.011710609,-0.06269942,0.9517929,0.30019617,-0.00643021,-0.045944683,0.95274866,-1.0,0
1763545012461,1009.7399,0.09332009,5.511867,7.450053,0.27832526,0.13836087,0.24556763,47.5125,1.6500001,-1.06875,46.950733,0.3361091,49.741684,0.30216873,-0.010580162,-0.059862304,0.95131415,0.30230883,-0.0052201436,-0.042983245,0.9522261,-1.0,0
1763545012487,1009.748,0.16869399,5.898308,8.409575,-0.37850708,0.16539164,0.13637556,48.693752,0.90000004,-2.23125,46.950733,0.3361091,49.741684,0.30093378,-0.010911065,-0.055774692,0.9519501,0.3010808,-0.0055264086,-0.038737893,0.95279545,-1.0,0
1763545012511,1009.7443,-0.3912265,5.3443694,10.131211,-0.63690287,0.4384482,0.046731155,49.706253,0.99375004,0.28125,46.950733,0.3361091,49.741684,0.2956691,-0.007360161,-0.0540981,0.95372903,0.29575396,-0.0019948925,-0.036786556,0.9545535,-1.0,0
1763545012537,1009.7443,-0.7178468,4.4518466,10.602597,-0.5193114,0.43799004,0.026267186,48.675003,1.63125,-1.03125,46.950733,0.3361091,49.741684,0.2904497,-0.0028400423,-0.052531365,0.955443,0.29045308,0.002467194,-0.03506584,0.95624334,-1.0,0
1763545012562,1009.77094,-0.59342,3.979264,9.132208,-0.0721584,0.2008218,0.036651887,49.312504,2.5687501,-1.4625001,46.950733,0.3361091,49.741684,0.28614932,0.0016207516,-0.050708223,0.956841,0.28607306,0.0068019256,-0.033373952,0.95760226,-1.0,0
1763545012587,1009.7836,-0.9954142,3.9577286,8.556734,-0.022525638,0.34009898,0.06933315,48.99375,3.3937502,1.4625001,46.950733,0.3361091,49.741684,0.28554296,0.004461757,-0.04935638,0.95708376,0.28541574,0.0096214805,-0.032051496,0.9578194,-1.0,0
1763545012614,1009.7836,-0.971486,4.258028,7.6019974,0.04130973,0.25411975,0.14538582,49.66875,1.48125,-0.35625002,46.950733,0.3361091,49.741684,0.28558418,0.007023842,-0.04739895,0.957155,0.2854121,0.0121487705,-0.030210972,0.9578516,-1.0,0
1763545012640,1009.7807,0.7848458,4.3465624,7.5553374,-0.31680974,-0.4415025,0.08170316,51.318752,3.0375001,-1.6875001,46.950733,0.3361091,49.741684,0.28325203,0.0030321446,-0.04587271,0.957943,0.28538835,0.011905916,-0.028844101,0.9579038,-1.0,0
1763545012665,1009.7807,0.66041905,4.1288157,8.970692,-0.57352567,-0.23777911,-0.098196514,52.312504,2.8875,-2.1000001,46.950733,0.3361091,49.741684,0.27822646,0.00012795329,-0.0472201,0.9593541,0.2831547,0.008018844,-0.028999256,0.9586022,-1.0,0
1763545012691,1009.75214,-1.0468599,3.9864426,10.070194,-0.63568115,0.24602579,-0.1725693,49.256252,4.03125,2.625,46.950733,0.3361091,49.741684,0.27217826,0.0019676923,-0.04835525,0.96102905,0.27209648,0.006954982,-0.030736439,0.9617538,-1.0,0
1763545012716,1009.7602,-1.1078769,4.402794,8.938389,-0.14989094,0.02687805,0.021380268,49.0125,3.3937502,0.375,46.950733,0.3361091,49.741684,0.26472512,0.0065373844,-0.048399117,0.96308637,0.26695648,0.010351491,-0.030769294,0.96316165,-1.0,0
1763545012741,1009.7602,-0.56111693,4.584648,7.733603,-0.03810269,-0.06627883,0.067958705,49.7625,7.0875,0.39375,46.950733,0.3361091,49.741684,0.26401842,0.0059507345,-0.048040044,0.96330214,0.26386946,0.010678791,-0.03077799,0.9640081,-1.0,0
1763545012766,1009.7702,0.23808585,4.7078786,7.8317084,-0.14408773,-0.05589413,0.03848448,49.031254,5.0062504,1.66875,46.950733,0.3361091,49.741684,0.26292107,0.005548336,-0.047733523,0.9636199,0.2627809,0.010220351,-0.030599583,0.964316,-1.0,0
1763545012791,1009.7575,0.4989035,4.4315076,8.691928,-0.27801985,-0.15867212,-0.05054906,50.662502,4.9500003,-0.65625,46.950733,0.3361091,49.741684,0.26059395,0.004496599,-0.04827184,0.9642305,0.26047254,0.009135676,-0.031096378,0.9649371,-1.0,0
1763545012816,1009.7575,0.09332009,4.1491547,9.454042,-0.30398157,-0.124616414,-0.16187917,49.612503,6.4500003,1.21875,46.950733,0.3361091,49.741684,0.25771317,0.0034876107,-0.04985794,0.964928,0.2576087,0.0081232665,-0.032490965,0.96566874,-1.0,0
1763545012841,1009.7548,-0.7812566,4.1467614,9.547362,-0.10560325,-0.018325943,-0.2234238,48.206253,6.05625,1.3875,46.950733,0.3361091,49.741684,0.25342196,0.0037932144,-0.054026585,0.9658385,0.25330824,0.008486155,-0.03612916,0.9666735,-1.0,0
1763545012866,1009.7609,-0.6652047,4.703093,9.377472,0.043753188,-0.098654665,-0.15103632,49.425003,6.3,1.7062501,46.950733,0.3361091,49.741684,0.25318453,0.0036900775,-0.055832703,0.96579844,0.2530728,0.0083769355,-0.037942212,0.96666664,-1.0,0
1763545012891,1009.7609,0.5276174,5.176872,8.612965,0.22899793,-0.48227775,-0.07971785,49.0875,6.6375003,0.4875,46.950733,0.3361091,49.741684,0.25623542,-0.0028349976,-0.059077557,0.9648032,0.25624472,0.0018086049,-0.041585054,0.9657153,-1.0,0
1763545012917,1009.76215,1.3339987,5.1062837,8.554341,-0.020693045,-0.30634868,-0.20662501,48.131252,7.1625004,1.6500001,46.950733,0.3361091,49.741684,0.25658637,-0.006126231,-0.061511733,0.9645425,0.25665548,-0.001432517,-0.043860994,0.96550614,-1.0,0
1763545012941,1009.76215,-0.60059845,4.3932223,10.086944,-0.36369362,0.020158539,-0.37675086,48.881252,7.1250005,0.3375,46.950733,0.3361091,49.741684,0.25397894,-0.0058582397,-0.06477115,0.9650208,0.25404418,-0.0010799572,-0.046608023,0.9660684,-1.0,0
1763545012966,1009.7646,-1.0755738,4.1347976,11.407782,-0.50068,0.14462224,-0.32757625,47.5875,7.9875,0.88125,46.950733,0.3361091,49.741684,0.2494054,-0.003689181,-0.06778643,0.9660167,0.2494301,0.0011292524,-0.049113307,0.9671459,-1.0,0
1763545012991,1009.779,-0.61854464,4.51406,9.676575,0.15218168,0.06994402,0.08384119,47.568752,8.71875,1.7625,46.950733,0.3361091,49.741684,0.24625753,-0.0005843565,-0.06830908,0.9667941,0.2462241,0.004098773,-0.049911432,0.9679183,-1.0,0
1763545013016,1009.779,-0.43429732,4.5475593,7.4213395,0.36369362,-0.008399391,0.1084285,46.95,6.4125004,2.11875,46.950733,0.3361091,49.741684,0.24906899,-0.0010069857,-0.06731478,0.966143,0.24904385,0.0036783435,-0.049129084,0.9672383,-1.0,0
1763545013041,1009.78143,-0.24047868,4.6432724,7.304091,0.32444555,0.014355322,0.068722285,47.100002,6.3187504,0.5625,46.950733,0.3361091,49.741684,0.2523313,-0.0012106887,-0.066519946,0.965351,0.25230953,0.003528192,-0.04837937,0.96642995,-1.0,0
1763545013067,1009.7668,0.43788654,4.5942197,7.804191,-0.003130682,0.018325943,-0.13545926,47.2125,6.1875005,1.48125,46.950733,0.3361091,49.741684,0.2546465,-0.0012246468,-0.06725401,0.96469194,0.25462437,0.0035757367,-0.049057312,0.9657883,-1.0,0
1763545013092,1009.7668,-0.35174492,4.162315,8.273184,-0.14179699,0.05574141,-0.28344125,47.53125,5.49375,0.5625,46.950733,0.3361091,49.741684,0.25372124,-0.00023648448,-0.06946757,0.9647796,0.25367928,0.0046185357,-0.050993714,0.96593225,-1.0,0
1763545013117,1009.7673,-0.9284152,3.7196429,9.175279,-0.22273657,0.072540194,-0.26755878,48.99375,6.15,-0.24375,46.950733,0.3361091,49.741684,0.251759,0.0011613674,-0.071949154,0.9651111,0.25168929,0.0060362318,-0.05324716,0.9663233,-1.0,0
1763545013143,1009.76483,0.5395815,4.459025,9.343972,0.04085158,0.027183482,0.0027488915,48.600002,7.1062503,-0.71250004,46.950733,0.3361091,49.741684,0.24936046,0.0028969746,-0.07344229,0.9656175,0.24926019,0.0076416577,-0.05505377,0.96684027,-1.0,0
1763545013168,1009.76483,-0.033499517,4.786842,7.1820574,0.14530946,-0.08994984,0.0035124724,46.050003,6.95625,1.10625,46.950733,0.3361091,49.741684,0.25040904,0.0023154456,-0.0736138,0.96533465,0.25031945,0.007086702,-0.055205483,0.9665621,-1.0,0
1763545013193,1009.759,0.101694964,4.892126,8.559127,-0.07185297,-0.10354158,0.011911863,45.581253,5.2875004,0.7875,46.950733,0.3361091,49.741684,0.25032213,0.0009857067,-0.0737644,0.96534795,0.250257,0.0057950695,-0.055203147,0.966587,-1.0,0
1763545013220,1009.759,-0.67477596,4.540381,9.95175,-0.15951207,-0.03619374,-0.026267186,46.331253,6.2250004,2.5125,46.950733,0.3361091,49.741684,0.24670114,0.0014502478,-0.07396458,0.9662638,0.24845006,0.0061457525,-0.05492898,0.9670665,-1.0,0
1763545013245,1009.7553,-0.13878371,4.8083773,9.365508,0.034437504,-0.13316852,0.019547673,47.456253,7.3500004,0.61875004,46.950733,0.3361091,49.741684,0.24643692,0.0003156701,-0.07417779,0.96631587,0.24638316,0.0051562395,-0.055182643,0.9675865,-1.0,0
1763545013270,1009.759,-0.25004998,5.3587265,8.551949,0.083612114,-0.1197295,0.016798781,48.131252,6.1875005,-0.91875005,46.950733,0.3361091,49.741684,0.24701811,-0.0009655006,-0.07428805,0.96615857,0.24698944,0.0038861553,-0.055298235,0.96743125,-1.0,0
1763545013296,1009.759,-0.43070808,5.2223353,8.779266,0.01886045,-0.08872811,0.016798781,48.3375,8.0625,0.80625004,46.950733,0.3361091,49.741684,0.24732852,-0.0019942422,-0.07436224,0.9660719,0.24731947,0.0029095348,-0.055194873,0.96735626,-1.0,0
1763545013321,1009.7465,-0.276371,4.8011985,8.787642,0.019776747,-0.110108376,0.06444623,46.3875,6.4875,2.025,46.950733,0.3361091,49.741684,0.24744609,-0.004155568,-0.07398863,0.96606356,0.24747981,0.00076401053,-0.054770507,0.96734345,-1.0,0
1763545013347,1009.73944,-0.05383851,4.9459643,8.3784685,0.020998476,-0.05864302,0.037873615,46.893753,6.5625005,-0.80625004,46.950733,0.3361091,49.741684,0.24765994,-0.004877685,-0.07371345,0.9660265,0.24770796,2.5788435e-05,-0.05457617,0.96729636,-1.0,0
1763545013372,1009.73944,-0.22013968,5.0823555,8.04108,-0.00068722287,-0.044898562,-0.0140498895,47.850002,7.0125003,0.13125001,46.950733,0.3361091,49.741684,0.24770264,-0.0053360495,-0.07378467,0.96600765,0.24775976,-0.00041382422,-0.054578185,0.9672829,-1.0,0
1763545013399,1009.73236,-0.7070791,4.900501,8.394022,-0.06101012,-0.09392046,-0.07834341,47.100002,7.05,1.44375,46.950733,0.3361091,49.741684,0.24733394,-0.0059872465,-0.0746094,0.96603495,0.24740419,-0.001050976,-0.055319164,0.9673313,-1.0,0
1763545013424,1009.7431,0.13459627,5.0847483,9.713065,-0.16989677,0.07742711,0.07620538,50.9625,6.3562503,-1.85625,46.950733,0.3361091,49.741684,0.24466503,-0.00583991,-0.07471036,0.96670747,0.2447328,-0.0009724286,-0.055468015,0.9680022,-1.0,0
1763545013449,1009.7431,0.3900301,5.0937214,9.270393,0.0054214248,0.014660755,0.093615025,46.65,7.0125003,1.81875,46.950733,0.3361091,49.741684,0.24423867,-0.005422654,-0.07363128,0.96690047,0.2442982,-0.0005660077,-0.054394323,0.9681732,-1.0,0
1763545013475,1009.75604,0.4139583,4.9256253,7.9818583,0.20059273,-0.19288056,0.029626941,48.225002,6.6937504,-0.65625,46.950733,0.3361091,49.741684,0.24572293,-0.0073078712,-0.073536366,0.9665192,0.24582022,-0.0023654683,-0.054087006,0.96780235,-1.0,0
1763545013501,1009.75604,-0.52522457,4.5822554,8.7577305,-0.101632625,0.1678351,-0.11682789,47.287502,5.08125,0.76875,46.950733,0.3361091,49.741684,0.2463534,-0.007817826,-0.07458725,0.966274,0.24646226,-0.0027322017,-0.054630503,0.96760756,-1.0,0
1763545013527,1009.74554,-0.8673982,4.95075,8.318648,-0.09644028,0.24816382,-0.119271345,49.800003,7.33125,0.375,46.950733,0.3361091,49.741684,0.24553287,-0.0052132634,-0.07515029,0.96645683,0.24558821,-8.720611e-05,-0.054961406,0.96781486,-1.0,0
1763545013552,1009.7387,-0.06460621,4.995017,9.072387,-0.0022143847,-0.08964441,-0.06139191,47.11875,7.8187504,0.16875,46.950733,0.3361091,49.741684,0.24476545,-0.0030858768,-0.07577515,0.96661186,0.24477692,0.0019776716,-0.0557649,0.96797246,-1.0,0
1763545013577,1009.7387,-0.43669012,4.694718,8.149954,0.08743002,-0.2046397,-0.09590577,48.112503,6.1687503,0.16875,46.950733,0.3361091,49.741684,0.24546577,-0.0048354315,-0.077119835,0.96632075,0.24551323,0.00027835256,-0.056975886,0.96771735,-1.0,0
1763545013602,1009.73456,-0.38404804,4.4410787,8.656036,0.008475749,-0.14080434,-0.074830934,48.9,7.1250005,0.01875,46.950733,0.3361091,49.741684,0.24572605,-0.0062240423,-0.078267835,0.96615434,0.2458024,-0.0010998173,-0.058108535,0.967576,-1.0,0
1763545013627,1009.74896,-0.30867413,4.6528435,9.237492,-0.04421134,0.07834341,-0.04092794,48.112503,6.1687503,0.46875003,46.950733,0.3361091,49.741684,0.24436852,-0.005078632,-0.07907969,0.9664392,0.24442129,7.0409633e-06,-0.058953878,0.96787536,-1.0,0
1763545013652,1009.74896,-0.1794617,5.0105705,8.857033,0.06849321,-0.03451386,-0.03573559,48.80625,7.4812503,0.46875003,46.950733,0.3361091,49.741684,0.24471205,-0.0050806124,-0.079464,0.9663207,0.2447648,7.768697e-06,-0.05935813,0.96776384,-1.0,0
1763545013677,1009.7453,0.63888365,5.4628143,8.82114,0.06940951,-0.0736092,-0.03054324,47.4375,4.9875,-0.46875003,46.950733,0.3361091,49.741684,0.24538226,-0.0057723643,-0.07990105,0.96611077,0.24544924,-0.00066308514,-0.059772573,0.9675647,-1.0,0
1763545013702,1009.7453,-0.7262217,4.6121655,8.889337,0.035201084,-0.036346454,-0.101250835,50.04375,6.24375,-0.35625002,46.950733,0.3361091,49.741684,0.2457456,-0.0060349833,-0.08066969,0.96595293,0.24581814,-0.0008777963,-0.060385793,0.9674328,-1.0,0
1763545013730,1009.73895,-0.09212367,4.9938207,6.2668023,0.08834632,-0.17272201,-0.01527162,47.23125,5.45625,0.6,46.950733,0.3361091,49.741684,0.24900977,-0.010397129,-0.083300814,0.96485597,0.24917424,-0.0051149963,-0.06282408,0.9664053,-1.0,0
